label,support,precision,recall,f1,model
DNS,4069,0.6097506178386879,0.6669943475055297,0.6370892018779343,CNN
STDUP,14686,0.9624611910810048,0.9287757047528258,0.9453184558874489,CNN
UPS,4550,0.7722488038277512,0.7094505494505494,0.7395189003436425,CNN
WAK,3042,0.6368510158013544,0.7419460880999342,0.6853932584269663,CNN
