label,support,precision,recall,f1,model
DNS,4069,0.6726719106825679,0.6515114278692553,0.6619225967540575,RF
STDUP,14686,0.9461803256983979,0.9732398202369603,0.9595193340494093,RF
UPS,4550,0.7782456140350877,0.7312087912087912,0.7539943342776203,RF
WAK,3042,0.7114049586776859,0.7074293228139382,0.7094115707928136,RF
