label,support,precision,recall,f1,model
DNS,4069,0.6547208821502413,0.7004177930695502,0.6767988601282356,SVM
STDUP,14686,0.9732392397987703,0.9484543102274274,0.9606869439271672,SVM
UPS,4550,0.792189349112426,0.7356043956043956,0.7628490028490029,SVM
WAK,3042,0.6601099218975991,0.7501643655489809,0.7022618864440683,SVM
