model,f1_macro_mean,bal_acc_mean,acc_mean,f1_macro_sd,bal_acc_sd
SVM,0.6933483060935827,0.7110106954589884,0.7876555392085217,0.07325846953682592,0.06700260083537138
