model,f1_macro_mean,bal_acc_mean,acc_mean,f1_macro_sd,bal_acc_sd
RF,0.6816548200045939,0.6872893928501987,0.7855705755559358,0.07930373743917024,0.07619722450818624
