model,delta_f1,delta_bal_acc
CNN,0.26998281257585527,0.2466923683441376
