model,f1_macro_mean,bal_acc_mean,acc_mean,f1_macro_sd,bal_acc_sd
RF,0.7732421386023015,0.7742588533234273,0.8522122077864218,0.059893130882271294,0.05859929830711279
