model,f1_macro_mean,bal_acc_mean,acc_mean,f1_macro_sd,bal_acc_sd
SVM,0.776700141407124,0.790147162724881,0.851570849590437,0.0547264767402714,0.053058639491006886
