model,xkey,norm_mode,mean_f1,std_f1,mean_balacc,std_balacc,subjects
CNN,X_env,per_subject,0.7599309016265748,0.07086860247736931,0.7729291857170982,0.06983769594661185,40
