subject,block,block_width,feature_channel,gate_mean,gate_sd
1,0,32,0,0.40655818581581116,0.1469886153936386
1,0,32,1,0.42246130108833313,0.11731240153312683
1,0,32,2,0.48411816358566284,0.044715218245983124
1,0,32,3,0.6759843826293945,0.07652270048856735
1,0,32,4,0.595612108707428,0.07227447628974915
1,0,32,5,0.47586342692375183,0.11911327391862869
1,0,32,6,0.2766178846359253,0.129783496260643
1,0,32,7,0.5035914182662964,0.11310168355703354
1,0,32,8,0.5839746594429016,0.07817452400922775
1,0,32,9,0.4639326333999634,0.137568399310112
1,0,32,10,0.4598851799964905,0.06439964473247528
1,0,32,11,0.42521774768829346,0.14046040177345276
1,0,32,12,0.3367130756378174,0.08922413736581802
1,0,32,13,0.5880973935127258,0.13928742706775665
1,0,32,14,0.34309250116348267,0.13292913138866425
1,0,32,15,0.5238043069839478,0.09390173852443695
1,0,32,16,0.3933044373989105,0.15617500245571136
1,0,32,17,0.695639967918396,0.130862757563591
1,0,32,18,0.46428894996643066,0.11986260861158371
1,0,32,19,0.395006388425827,0.11232537776231766
1,0,32,20,0.5600547194480896,0.14366404712200165
1,0,32,21,0.6899701952934265,0.16342803835868835
1,0,32,22,0.40611228346824646,0.08096397668123245
1,0,32,23,0.4136660695075989,0.10921217501163483
1,0,32,24,0.4206591248512268,0.08891421556472778
1,0,32,25,0.5073863863945007,0.10693953186273575
1,0,32,26,0.6058825850486755,0.13294780254364014
1,0,32,27,0.4792381525039673,0.07739976793527603
1,0,32,28,0.5002211332321167,0.12375467270612717
1,0,32,29,0.43814244866371155,0.15201658010482788
1,0,32,30,0.6813276410102844,0.10376828908920288
1,0,32,31,0.44474509358406067,0.1409813016653061
1,1,32,0,0.4218270480632782,0.14277629554271698
1,1,32,1,0.3531264364719391,0.07348527759313583
1,1,32,2,0.5259556174278259,0.044829390943050385
1,1,32,3,0.5643882155418396,0.06349605321884155
1,1,32,4,0.6212354302406311,0.08088234812021255
1,1,32,5,0.5642005205154419,0.1028125137090683
1,1,32,6,0.4926263689994812,0.065697081387043
1,1,32,7,0.5733084678649902,0.04088282212615013
1,1,32,8,0.452109694480896,0.12157534062862396
1,1,32,9,0.5609431266784668,0.15343356132507324
1,1,32,10,0.5136783123016357,0.08418932557106018
1,1,32,11,0.4391135275363922,0.04241592437028885
1,1,32,12,0.5356787443161011,0.12625090777873993
1,1,32,13,0.41934868693351746,0.14654669165611267
1,1,32,14,0.5704969167709351,0.10169961303472519
1,1,32,15,0.4851992428302765,0.1369745433330536
1,1,32,16,0.36384549736976624,0.10950294137001038
1,1,32,17,0.5618026852607727,0.09332139045000076
1,1,32,18,0.5729758739471436,0.057528771460056305
1,1,32,19,0.538497805595398,0.12975792586803436
1,1,32,20,0.5340399146080017,0.038143549114465714
1,1,32,21,0.47941088676452637,0.11496154218912125
1,1,32,22,0.4328766167163849,0.1318245530128479
1,1,32,23,0.5146539211273193,0.050401926040649414
1,1,32,24,0.5859740376472473,0.07725288718938828
1,1,32,25,0.5393866300582886,0.06608869880437851
1,1,32,26,0.49739348888397217,0.11756599694490433
1,1,32,27,0.5753048062324524,0.09624164551496506
1,1,32,28,0.44201576709747314,0.12028785049915314
1,1,32,29,0.5712721347808838,0.07250881940126419
1,1,32,30,0.40461960434913635,0.062085364013910294
1,1,32,31,0.5410246849060059,0.07442275434732437
1,2,64,0,0.4821098744869232,0.19689659774303436
1,2,64,1,0.4684223234653473,0.2588096559047699
1,2,64,2,0.43839138746261597,0.32552504539489746
1,2,64,3,0.5933225154876709,0.07069157063961029
1,2,64,4,0.5110040903091431,0.2532218098640442
1,2,64,5,0.5510899424552917,0.17966321110725403
1,2,64,6,0.3515998423099518,0.24808135628700256
1,2,64,7,0.5448974370956421,0.05160997807979584
1,2,64,8,0.5360279083251953,0.23767894506454468
1,2,64,9,0.4951906204223633,0.10972343385219574
1,2,64,10,0.5552444458007812,0.11840890347957611
1,2,64,11,0.49539119005203247,0.12188009172677994
1,2,64,12,0.5759627223014832,0.1345546394586563
1,2,64,13,0.5272819399833679,0.2560490667819977
1,2,64,14,0.3828032910823822,0.30732759833335876
1,2,64,15,0.4180760979652405,0.16184598207473755
1,2,64,16,0.40764376521110535,0.13917042315006256
1,2,64,17,0.47867220640182495,0.2728130519390106
1,2,64,18,0.4013309180736542,0.22388507425785065
1,2,64,19,0.4824656546115875,0.17710883915424347
1,2,64,20,0.4284338057041168,0.12966741621494293
1,2,64,21,0.43449667096138,0.23138920962810516
1,2,64,22,0.5572989583015442,0.1216455027461052
1,2,64,23,0.6801841855049133,0.12227656692266464
1,2,64,24,0.38187867403030396,0.1650606393814087
1,2,64,25,0.5632182955741882,0.25588276982307434
1,2,64,26,0.48578664660453796,0.17933565378189087
1,2,64,27,0.5354632139205933,0.15444612503051758
1,2,64,28,0.5923119783401489,0.13074974715709686
1,2,64,29,0.4453330338001251,0.19023945927619934
1,2,64,30,0.433671236038208,0.1876315325498581
1,2,64,31,0.47516024112701416,0.12429551780223846
1,2,64,32,0.4890347123146057,0.18700602650642395
1,2,64,33,0.5425362586975098,0.07374002784490585
1,2,64,34,0.37788236141204834,0.08281815052032471
1,2,64,35,0.5001937747001648,0.21805821359157562
1,2,64,36,0.5506528615951538,0.16366347670555115
1,2,64,37,0.5685209035873413,0.17563380300998688
1,2,64,38,0.483578622341156,0.14553938806056976
1,2,64,39,0.5037251114845276,0.23853443562984467
1,2,64,40,0.6388055086135864,0.11267649382352829
1,2,64,41,0.3816959857940674,0.21447813510894775
1,2,64,42,0.5287944674491882,0.30803874135017395
1,2,64,43,0.47431468963623047,0.17939001321792603
1,2,64,44,0.4642542600631714,0.1821867972612381
1,2,64,45,0.40232715010643005,0.07957097887992859
1,2,64,46,0.6025567054748535,0.16999629139900208
1,2,64,47,0.4503973126411438,0.16666202247142792
1,2,64,48,0.5104689002037048,0.15732716023921967
1,2,64,49,0.600156843662262,0.12898212671279907
1,2,64,50,0.4654785096645355,0.1558174341917038
1,2,64,51,0.4809841513633728,0.20253312587738037
1,2,64,52,0.49236467480659485,0.18628858029842377
1,2,64,53,0.6661108732223511,0.10707968473434448
1,2,64,54,0.3699757754802704,0.11863359063863754
1,2,64,55,0.4884355068206787,0.1775503158569336
1,2,64,56,0.5955593585968018,0.18274497985839844
1,2,64,57,0.4697999060153961,0.2161412537097931
1,2,64,58,0.6990219354629517,0.16834770143032074
1,2,64,59,0.5978586673736572,0.16583505272865295
1,2,64,60,0.40176430344581604,0.20779438316822052
1,2,64,61,0.40275856852531433,0.0837196484208107
1,2,64,62,0.5473892688751221,0.2769959568977356
1,2,64,63,0.4441337287425995,0.30280938744544983
1,3,64,0,0.3993263244628906,0.13611681759357452
1,3,64,1,0.48942381143569946,0.07627907395362854
1,3,64,2,0.5754573941230774,0.20870034396648407
1,3,64,3,0.602159321308136,0.17910964787006378
1,3,64,4,0.4593900740146637,0.15142570436000824
1,3,64,5,0.5760223865509033,0.10441241413354874
1,3,64,6,0.6921858191490173,0.17029079794883728
1,3,64,7,0.5134066343307495,0.18947744369506836
1,3,64,8,0.5584137439727783,0.17322947084903717
1,3,64,9,0.390919029712677,0.16552917659282684
1,3,64,10,0.6215684413909912,0.0982740968465805
1,3,64,11,0.3696880042552948,0.16451768577098846
1,3,64,12,0.3935437500476837,0.2121918648481369
1,3,64,13,0.5015996694564819,0.22657977044582367
1,3,64,14,0.5826168656349182,0.12351466715335846
1,3,64,15,0.6590240001678467,0.2336875945329666
1,3,64,16,0.694140613079071,0.12477951496839523
1,3,64,17,0.5913193225860596,0.159559428691864
1,3,64,18,0.5003735423088074,0.10213737189769745
1,3,64,19,0.5398542881011963,0.23203222453594208
1,3,64,20,0.35603106021881104,0.08816488832235336
1,3,64,21,0.5508812069892883,0.06310773640871048
1,3,64,22,0.4252595007419586,0.1562935709953308
1,3,64,23,0.5485213398933411,0.11362925171852112
1,3,64,24,0.6928117871284485,0.06421873718500137
1,3,64,25,0.4446609318256378,0.15583392977714539
1,3,64,26,0.5701000094413757,0.18945711851119995
1,3,64,27,0.4122442305088043,0.20864324271678925
1,3,64,28,0.6240109801292419,0.1663564145565033
1,3,64,29,0.25611019134521484,0.23046793043613434
1,3,64,30,0.6969307065010071,0.17777197062969208
1,3,64,31,0.5809786915779114,0.14273574948310852
1,3,64,32,0.41650262475013733,0.12559404969215393
1,3,64,33,0.6431557536125183,0.20117832720279694
1,3,64,34,0.5993699431419373,0.14509107172489166
1,3,64,35,0.5524434447288513,0.1706005334854126
1,3,64,36,0.6457011103630066,0.25183960795402527
1,3,64,37,0.3947112560272217,0.1805126667022705
1,3,64,38,0.4878005385398865,0.17021405696868896
1,3,64,39,0.4671991467475891,0.139183908700943
1,3,64,40,0.6139971613883972,0.12151796370744705
1,3,64,41,0.2950341999530792,0.10665270686149597
1,3,64,42,0.2946265935897827,0.11912897229194641
1,3,64,43,0.4652217626571655,0.07655476033687592
1,3,64,44,0.362804651260376,0.15741656720638275
1,3,64,45,0.6538782119750977,0.10618141293525696
1,3,64,46,0.5950756072998047,0.17196635901927948
1,3,64,47,0.737452507019043,0.07285472750663757
1,3,64,48,0.40352562069892883,0.22477979958057404
1,3,64,49,0.5495836138725281,0.10836602002382278
1,3,64,50,0.43496769666671753,0.08046849817037582
1,3,64,51,0.5694742202758789,0.12569451332092285
1,3,64,52,0.48433244228363037,0.1521264910697937
1,3,64,53,0.47181400656700134,0.04987931624054909
1,3,64,54,0.2864804267883301,0.14599095284938812
1,3,64,55,0.5663583278656006,0.17879705131053925
1,3,64,56,0.4570434093475342,0.22803908586502075
1,3,64,57,0.46899598836898804,0.15061479806900024
1,3,64,58,0.36244821548461914,0.12971048057079315
1,3,64,59,0.3538965582847595,0.15716704726219177
1,3,64,60,0.41080233454704285,0.11472628265619278
1,3,64,61,0.5666909217834473,0.15910454094409943
1,3,64,62,0.40136656165122986,0.20303577184677124
1,3,64,63,0.6070085763931274,0.14850546419620514
1,4,128,0,0.688502848148346,0.13933587074279785
1,4,128,1,0.7293264865875244,0.288143515586853
1,4,128,2,0.6782199144363403,0.27648088335990906
1,4,128,3,0.606879472732544,0.35610273480415344
1,4,128,4,0.5814587473869324,0.20878666639328003
1,4,128,5,0.5387803912162781,0.15781521797180176
1,4,128,6,0.6033069491386414,0.2779199481010437
1,4,128,7,0.6486098766326904,0.25567227602005005
1,4,128,8,0.6065183281898499,0.2349185198545456
1,4,128,9,0.547964870929718,0.29267919063568115
1,4,128,10,0.6057944297790527,0.19489631056785583
1,4,128,11,0.6188690066337585,0.1696748584508896
1,4,128,12,0.3450658321380615,0.22428062558174133
1,4,128,13,0.5113077163696289,0.18843506276607513
1,4,128,14,0.5511887073516846,0.12789465487003326
1,4,128,15,0.644741952419281,0.2746365964412689
1,4,128,16,0.5794968605041504,0.25473201274871826
1,4,128,17,0.471545934677124,0.1811157464981079
1,4,128,18,0.5036664009094238,0.2311711311340332
1,4,128,19,0.549449622631073,0.25102654099464417
1,4,128,20,0.6907280683517456,0.18581707775592804
1,4,128,21,0.628707230091095,0.18088282644748688
1,4,128,22,0.5625159740447998,0.2778804898262024
1,4,128,23,0.428577721118927,0.1583857238292694
1,4,128,24,0.7112647294998169,0.1766512095928192
1,4,128,25,0.46139299869537354,0.24604350328445435
1,4,128,26,0.35525670647621155,0.13873954117298126
1,4,128,27,0.7263768315315247,0.08699288219213486
1,4,128,28,0.36758095026016235,0.21157103776931763
1,4,128,29,0.6615769267082214,0.3363828659057617
1,4,128,30,0.6064819097518921,0.16428716480731964
1,4,128,31,0.7222364544868469,0.17435568571090698
1,4,128,32,0.6004124283790588,0.2641404867172241
1,4,128,33,0.7119978070259094,0.09217045456171036
1,4,128,34,0.6837841272354126,0.28781697154045105
1,4,128,35,0.6076949238777161,0.1889212280511856
1,4,128,36,0.6955333948135376,0.15334655344486237
1,4,128,37,0.6470432281494141,0.32768452167510986
1,4,128,38,0.6516544222831726,0.21914125978946686
1,4,128,39,0.5946459770202637,0.14900782704353333
1,4,128,40,0.6149600148200989,0.2687753438949585
1,4,128,41,0.337085098028183,0.07938115298748016
1,4,128,42,0.4153662323951721,0.2029755562543869
1,4,128,43,0.3187309801578522,0.1597689390182495
1,4,128,44,0.49226588010787964,0.1003582552075386
1,4,128,45,0.7895323634147644,0.1271490454673767
1,4,128,46,0.5500579476356506,0.11572571098804474
1,4,128,47,0.4992592930793762,0.23519366979599
1,4,128,48,0.6015574336051941,0.1847347617149353
1,4,128,49,0.586972713470459,0.3333360552787781
1,4,128,50,0.42776772379875183,0.29857680201530457
1,4,128,51,0.480923056602478,0.11341347545385361
1,4,128,52,0.7329330444335938,0.07967299968004227
1,4,128,53,0.3316614627838135,0.2416049838066101
1,4,128,54,0.6777652502059937,0.22696499526500702
1,4,128,55,0.4557540714740753,0.2422080785036087
1,4,128,56,0.5917018055915833,0.2042175531387329
1,4,128,57,0.6503572463989258,0.2040322721004486
1,4,128,58,0.45984721183776855,0.2544172406196594
1,4,128,59,0.6925826072692871,0.15108047425746918
1,4,128,60,0.5410490036010742,0.11509884893894196
1,4,128,61,0.46181419491767883,0.09710459411144257
1,4,128,62,0.6426773071289062,0.24147339165210724
1,4,128,63,0.4586058259010315,0.27513688802719116
1,4,128,64,0.702212929725647,0.20405299961566925
1,4,128,65,0.7454015612602234,0.1810012310743332
1,4,128,66,0.3547210395336151,0.2583693861961365
1,4,128,67,0.6193303465843201,0.1991218477487564
1,4,128,68,0.5768545866012573,0.1927156150341034
1,4,128,69,0.628859281539917,0.25249895453453064
1,4,128,70,0.5521492958068848,0.19154976308345795
1,4,128,71,0.4919131100177765,0.1484265774488449
1,4,128,72,0.6879451870918274,0.1435229480266571
1,4,128,73,0.33030813932418823,0.2131858915090561
1,4,128,74,0.626822829246521,0.2758026719093323
1,4,128,75,0.5540187358856201,0.17696350812911987
1,4,128,76,0.7050914764404297,0.14692342281341553
1,4,128,77,0.2833746075630188,0.13469241559505463
1,4,128,78,0.6248680949211121,0.13324066996574402
1,4,128,79,0.693623960018158,0.2638905346393585
1,4,128,80,0.46458899974823,0.2678380310535431
1,4,128,81,0.5802252292633057,0.2788305878639221
1,4,128,82,0.5874876976013184,0.20020893216133118
1,4,128,83,0.4358452260494232,0.12489403784275055
1,4,128,84,0.8123823404312134,0.10293662548065186
1,4,128,85,0.6857253909111023,0.1820146143436432
1,4,128,86,0.4833875596523285,0.25697338581085205
1,4,128,87,0.41699641942977905,0.2923920154571533
1,4,128,88,0.7146448493003845,0.25158897042274475
1,4,128,89,0.6297765970230103,0.1301754117012024
1,4,128,90,0.5626357793807983,0.08893131464719772
1,4,128,91,0.23880049586296082,0.11465910077095032
1,4,128,92,0.5515105128288269,0.07921473681926727
1,4,128,93,0.5495639443397522,0.25479722023010254
1,4,128,94,0.31543469429016113,0.20270408689975739
1,4,128,95,0.2804393768310547,0.17719528079032898
1,4,128,96,0.33698439598083496,0.15320979058742523
1,4,128,97,0.5017699599266052,0.19739285111427307
1,4,128,98,0.646381139755249,0.28428298234939575
1,4,128,99,0.6801981329917908,0.27402204275131226
1,4,128,100,0.3444717526435852,0.21279942989349365
1,4,128,101,0.3190942406654358,0.1378672868013382
1,4,128,102,0.6785524487495422,0.16079328954219818
1,4,128,103,0.7363620400428772,0.07973577827215195
1,4,128,104,0.5330934524536133,0.21304094791412354
1,4,128,105,0.6473069787025452,0.17975573241710663
1,4,128,106,0.5348313450813293,0.12956523895263672
1,4,128,107,0.7035626173019409,0.08890243619680405
1,4,128,108,0.5697858929634094,0.2026708722114563
1,4,128,109,0.5882533192634583,0.2753848135471344
1,4,128,110,0.6234073638916016,0.2516114115715027
1,4,128,111,0.3219299018383026,0.17533323168754578
1,4,128,112,0.7117663621902466,0.24537283182144165
1,4,128,113,0.718171238899231,0.10173311084508896
1,4,128,114,0.7196640372276306,0.09668228030204773
1,4,128,115,0.6100019216537476,0.23231571912765503
1,4,128,116,0.6405510902404785,0.1272333562374115
1,4,128,117,0.33507534861564636,0.1893085092306137
1,4,128,118,0.7769440412521362,0.1683526486158371
1,4,128,119,0.5105475783348083,0.24544203281402588
1,4,128,120,0.5341051816940308,0.19176648557186127
1,4,128,121,0.5920018553733826,0.19450514018535614
1,4,128,122,0.5231646299362183,0.2526635527610779
1,4,128,123,0.46292370557785034,0.2621484398841858
1,4,128,124,0.5315962433815002,0.15037284791469574
1,4,128,125,0.37962087988853455,0.22330154478549957
1,4,128,126,0.6416640281677246,0.20591796934604645
1,4,128,127,0.406119704246521,0.10340724140405655
1,5,128,0,0.5673295855522156,0.1847509890794754
1,5,128,1,0.798051655292511,0.0855470523238182
1,5,128,2,0.7602477073669434,0.15846773982048035
1,5,128,3,0.9203470945358276,0.05991470068693161
1,5,128,4,0.6997231245040894,0.2584463655948639
1,5,128,5,0.8473721146583557,0.09964261204004288
1,5,128,6,0.7871090173721313,0.11425186693668365
1,5,128,7,0.49579477310180664,0.27136439085006714
1,5,128,8,0.6445358395576477,0.0921846330165863
1,5,128,9,0.5135173797607422,0.24964720010757446
1,5,128,10,0.7371853590011597,0.12302334606647491
1,5,128,11,0.6789860725402832,0.10671070963144302
1,5,128,12,0.7626369595527649,0.1170634776353836
1,5,128,13,0.5708454251289368,0.19780100882053375
1,5,128,14,0.561356782913208,0.20652635395526886
1,5,128,15,0.8699631094932556,0.07928266376256943
1,5,128,16,0.6966282725334167,0.15165777504444122
1,5,128,17,0.6800044775009155,0.10901208966970444
1,5,128,18,0.4255516231060028,0.24272030591964722
1,5,128,19,0.793242871761322,0.0950816422700882
1,5,128,20,0.8918476700782776,0.06881018728017807
1,5,128,21,0.8330878019332886,0.09869208931922913
1,5,128,22,0.7712071537971497,0.15177872776985168
1,5,128,23,0.6291750073432922,0.13832446932792664
1,5,128,24,0.7214749455451965,0.10735639929771423
1,5,128,25,0.8463048934936523,0.10858560353517532
1,5,128,26,0.7409094572067261,0.18735890090465546
1,5,128,27,0.8532118797302246,0.08492113649845123
1,5,128,28,0.8673033714294434,0.0802341029047966
1,5,128,29,0.6345985531806946,0.12899190187454224
1,5,128,30,0.8250136375427246,0.07253635674715042
1,5,128,31,0.9024513363838196,0.0682050809264183
1,5,128,32,0.793379008769989,0.17902891337871552
1,5,128,33,0.7807518243789673,0.08849930018186569
1,5,128,34,0.48381277918815613,0.30615994334220886
1,5,128,35,0.8934669494628906,0.06999923288822174
1,5,128,36,0.8734203577041626,0.07521913200616837
1,5,128,37,0.8969846963882446,0.061509136110544205
1,5,128,38,0.8149974942207336,0.10017360746860504
1,5,128,39,0.8171049952507019,0.1019362062215805
1,5,128,40,0.8864656090736389,0.07017598301172256
1,5,128,41,0.5407583713531494,0.11223500221967697
1,5,128,42,0.7766169905662537,0.11041101813316345
1,5,128,43,0.6289063096046448,0.16771121323108673
1,5,128,44,0.6829683184623718,0.07943567633628845
1,5,128,45,0.866255521774292,0.08201112598180771
1,5,128,46,0.8199478983879089,0.08333484828472137
1,5,128,47,0.8285083770751953,0.10440733283758163
1,5,128,48,0.6269679665565491,0.14440949261188507
1,5,128,49,0.899278461933136,0.06597242504358292
1,5,128,50,0.5200613737106323,0.28619691729545593
1,5,128,51,0.4796551764011383,0.327533483505249
1,5,128,52,0.835493803024292,0.10978102684020996
1,5,128,53,0.885702908039093,0.07198842614889145
1,5,128,54,0.7424860596656799,0.06415005773305893
1,5,128,55,0.5313268899917603,0.27465158700942993
1,5,128,56,0.7821810841560364,0.14053897559642792
1,5,128,57,0.8601781129837036,0.07131188362836838
1,5,128,58,0.6294367909431458,0.2157931923866272
1,5,128,59,0.754424512386322,0.1722213476896286
1,5,128,60,0.5734356641769409,0.18523426353931427
1,5,128,61,0.7316640615463257,0.15654636919498444
1,5,128,62,0.4238645136356354,0.19604618847370148
1,5,128,63,0.8547902703285217,0.08514150232076645
1,5,128,64,0.8758045434951782,0.0799221321940422
1,5,128,65,0.6998046636581421,0.22772018611431122
1,5,128,66,0.399651437997818,0.29363763332366943
1,5,128,67,0.6073357462882996,0.0775112584233284
1,5,128,68,0.7721866965293884,0.14335320889949799
1,5,128,69,0.8100631237030029,0.09909564256668091
1,5,128,70,0.7735593914985657,0.08749491721391678
1,5,128,71,0.756939172744751,0.11489995568990707
1,5,128,72,0.8776800036430359,0.07527319341897964
1,5,128,73,0.8547657132148743,0.07290797680616379
1,5,128,74,0.6159446239471436,0.2214420884847641
1,5,128,75,0.8600718379020691,0.07736246287822723
1,5,128,76,0.7528805136680603,0.13126981258392334
1,5,128,77,0.9062232971191406,0.07667499035596848
1,5,128,78,0.6810573935508728,0.19913047552108765
1,5,128,79,0.5505020022392273,0.2150651067495346
1,5,128,80,0.7675910592079163,0.16225504875183105
1,5,128,81,0.8170663118362427,0.11171842366456985
1,5,128,82,0.8890529274940491,0.08030659705400467
1,5,128,83,0.7072766423225403,0.17336702346801758
1,5,128,84,0.7556828856468201,0.2183912843465805
1,5,128,85,0.8926510214805603,0.07365947961807251
1,5,128,86,0.8180385231971741,0.07715727388858795
1,5,128,87,0.8147571682929993,0.08185913413763046
1,5,128,88,0.6761549711227417,0.20575185120105743
1,5,128,89,0.8983187675476074,0.07305458188056946
1,5,128,90,0.763761579990387,0.2168225347995758
1,5,128,91,0.8380290865898132,0.09840305894613266
1,5,128,92,0.6597172021865845,0.10543745756149292
1,5,128,93,0.7028326392173767,0.21555449068546295
1,5,128,94,0.7721860408782959,0.1501510590314865
1,5,128,95,0.45793670415878296,0.0729205533862114
1,5,128,96,0.8586040735244751,0.11510485410690308
1,5,128,97,0.801470160484314,0.11716959625482559
1,5,128,98,0.860467255115509,0.07462731003761292
1,5,128,99,0.7135866284370422,0.2506482005119324
1,5,128,100,0.8429870009422302,0.07758961617946625
1,5,128,101,0.8548269271850586,0.08491704612970352
1,5,128,102,0.794160783290863,0.16234180331230164
1,5,128,103,0.8363895416259766,0.11293850094079971
1,5,128,104,0.8754129409790039,0.10030458122491837
1,5,128,105,0.6077607274055481,0.24480317533016205
1,5,128,106,0.5795431137084961,0.2837350070476532
1,5,128,107,0.8240533471107483,0.0798238143324852
1,5,128,108,0.8512447476387024,0.08560308814048767
1,5,128,109,0.915740966796875,0.07061931490898132
1,5,128,110,0.6339123845100403,0.22464603185653687
1,5,128,111,0.7864047288894653,0.10679832100868225
1,5,128,112,0.7662498354911804,0.1522492915391922
1,5,128,113,0.8523722290992737,0.09322652965784073
1,5,128,114,0.6178300380706787,0.13781332969665527
1,5,128,115,0.8716242909431458,0.0759713426232338
1,5,128,116,0.5244702696800232,0.16380536556243896
1,5,128,117,0.7453792095184326,0.15904772281646729
1,5,128,118,0.5612409710884094,0.22606563568115234
1,5,128,119,0.861887514591217,0.10561248660087585
1,5,128,120,0.8360676169395447,0.0703321322798729
1,5,128,121,0.43918055295944214,0.22163045406341553
1,5,128,122,0.4130427837371826,0.30847594141960144
1,5,128,123,0.8034206032752991,0.09000915288925171
1,5,128,124,0.8750700354576111,0.07098675519227982
1,5,128,125,0.6956794261932373,0.14715145528316498
1,5,128,126,0.8776504397392273,0.07660147547721863
1,5,128,127,0.769016683101654,0.17750602960586548
2,0,32,0,0.5415047407150269,0.06486064195632935
2,0,32,1,0.5603967308998108,0.09436174482107162
2,0,32,2,0.5430033206939697,0.08748673647642136
2,0,32,3,0.4972200393676758,0.05300343409180641
2,0,32,4,0.32990482449531555,0.11004577577114105
2,0,32,5,0.4282190501689911,0.0603281632065773
2,0,32,6,0.4411167502403259,0.08917424827814102
2,0,32,7,0.35288354754447937,0.11621267348527908
2,0,32,8,0.5278961658477783,0.07490227371454239
2,0,32,9,0.49646782875061035,0.12906165421009064
2,0,32,10,0.566632091999054,0.05809604004025459
2,0,32,11,0.5996581315994263,0.10094563663005829
2,0,32,12,0.34378066658973694,0.06601542234420776
2,0,32,13,0.46804067492485046,0.05918056517839432
2,0,32,14,0.45997676253318787,0.0729479193687439
2,0,32,15,0.49341487884521484,0.07582017034292221
2,0,32,16,0.6141861081123352,0.04403049871325493
2,0,32,17,0.5411967039108276,0.09659678488969803
2,0,32,18,0.5509584546089172,0.08787012845277786
2,0,32,19,0.42007699608802795,0.06732604652643204
2,0,32,20,0.4489407539367676,0.0947931706905365
2,0,32,21,0.4185955822467804,0.11607514321804047
2,0,32,22,0.5820953845977783,0.07553476840257645
2,0,32,23,0.5210674405097961,0.0753304585814476
2,0,32,24,0.5999627113342285,0.0953049585223198
2,0,32,25,0.41386786103248596,0.06065450236201286
2,0,32,26,0.4361072778701782,0.0772307813167572
2,0,32,27,0.5606353282928467,0.13270609080791473
2,0,32,28,0.5604196190834045,0.10579302906990051
2,0,32,29,0.5205823183059692,0.07272607088088989
2,0,32,30,0.42017272114753723,0.10036150366067886
2,0,32,31,0.3932126760482788,0.046762239187955856
2,1,32,0,0.5647415518760681,0.08226539194583893
2,1,32,1,0.3317621350288391,0.11452401429414749
2,1,32,2,0.5505402088165283,0.06162598356604576
2,1,32,3,0.47947943210601807,0.10923376679420471
2,1,32,4,0.49991899728775024,0.118073970079422
2,1,32,5,0.4672909379005432,0.05556592717766762
2,1,32,6,0.30211177468299866,0.07054975628852844
2,1,32,7,0.6944277286529541,0.06033897399902344
2,1,32,8,0.4021814465522766,0.07073884457349777
2,1,32,9,0.4925859272480011,0.04972240701317787
2,1,32,10,0.36200711131095886,0.06080949306488037
2,1,32,11,0.5698080658912659,0.14098168909549713
2,1,32,12,0.6975998282432556,0.060293346643447876
2,1,32,13,0.4701065123081207,0.11714228242635727
2,1,32,14,0.6704328060150146,0.06329157203435898
2,1,32,15,0.49938300251960754,0.08395802229642868
2,1,32,16,0.5426074266433716,0.09259849041700363
2,1,32,17,0.43006017804145813,0.12612640857696533
2,1,32,18,0.3910359740257263,0.06201305612921715
2,1,32,19,0.5538508296012878,0.12426774203777313
2,1,32,20,0.43291276693344116,0.02587112784385681
2,1,32,21,0.4990061819553375,0.07699359953403473
2,1,32,22,0.5207675099372864,0.13420544564723969
2,1,32,23,0.6320890188217163,0.054843876510858536
2,1,32,24,0.38658055663108826,0.11386286467313766
2,1,32,25,0.5802409648895264,0.11822345107793808
2,1,32,26,0.43199047446250916,0.11379411816596985
2,1,32,27,0.5683713555335999,0.04914842173457146
2,1,32,28,0.43099769949913025,0.0710061714053154
2,1,32,29,0.38664817810058594,0.11116330325603485
2,1,32,30,0.6394930481910706,0.09904167801141739
2,1,32,31,0.49597296118736267,0.030408823862671852
2,2,64,0,0.5050694346427917,0.09949862957000732
2,2,64,1,0.45406392216682434,0.10354891419410706
2,2,64,2,0.586864173412323,0.11958366632461548
2,2,64,3,0.5686772465705872,0.20038048923015594
2,2,64,4,0.6869298219680786,0.10476245731115341
2,2,64,5,0.4547317326068878,0.11589817702770233
2,2,64,6,0.621522843837738,0.12489201128482819
2,2,64,7,0.4287344813346863,0.05761663243174553
2,2,64,8,0.4524562656879425,0.13609002530574799
2,2,64,9,0.631825864315033,0.14311739802360535
2,2,64,10,0.5724859833717346,0.09518991410732269
2,2,64,11,0.5531242489814758,0.10843335837125778
2,2,64,12,0.45010820031166077,0.1341465711593628
2,2,64,13,0.49619153141975403,0.10554175078868866
2,2,64,14,0.5301621556282043,0.16089023649692535
2,2,64,15,0.5087977647781372,0.051841963082551956
2,2,64,16,0.40730801224708557,0.11360354721546173
2,2,64,17,0.625360369682312,0.07787811011075974
2,2,64,18,0.5596478581428528,0.1392042338848114
2,2,64,19,0.6849437355995178,0.08744321018457413
2,2,64,20,0.5380519032478333,0.22804047167301178
2,2,64,21,0.42810070514678955,0.11295434087514877
2,2,64,22,0.5491805672645569,0.1741773635149002
2,2,64,23,0.5510897040367126,0.1426246613264084
2,2,64,24,0.4870811402797699,0.06144895777106285
2,2,64,25,0.45226916670799255,0.12229590862989426
2,2,64,26,0.549660861492157,0.13975530862808228
2,2,64,27,0.42056795954704285,0.0865354910492897
2,2,64,28,0.5416997671127319,0.0825185626745224
2,2,64,29,0.5266442894935608,0.2790428400039673
2,2,64,30,0.4836890399456024,0.11192687600851059
2,2,64,31,0.5176323056221008,0.19702087342739105
2,2,64,32,0.6993642449378967,0.09330619126558304
2,2,64,33,0.4526918828487396,0.22412465512752533
2,2,64,34,0.5245104432106018,0.14584679901599884
2,2,64,35,0.3066061735153198,0.09698233753442764
2,2,64,36,0.5132601261138916,0.18936817348003387
2,2,64,37,0.3888980448246002,0.2012394666671753
2,2,64,38,0.5224760174751282,0.0601719468832016
2,2,64,39,0.3893851637840271,0.12460057437419891
2,2,64,40,0.5501022934913635,0.13215796649456024
2,2,64,41,0.36449679732322693,0.10999055206775665
2,2,64,42,0.45377999544143677,0.1193205788731575
2,2,64,43,0.5516969561576843,0.15514278411865234
2,2,64,44,0.5397222638130188,0.125701442360878
2,2,64,45,0.5082912445068359,0.06653638929128647
2,2,64,46,0.5205848217010498,0.0914442166686058
2,2,64,47,0.4703131914138794,0.06954382359981537
2,2,64,48,0.679862916469574,0.07892744243144989
2,2,64,49,0.5789278745651245,0.1915755271911621
2,2,64,50,0.5319195985794067,0.18988651037216187
2,2,64,51,0.40374118089675903,0.1303464025259018
2,2,64,52,0.4932035505771637,0.1428157091140747
2,2,64,53,0.5753766894340515,0.14599205553531647
2,2,64,54,0.5121822357177734,0.08080875873565674
2,2,64,55,0.46136805415153503,0.21744437515735626
2,2,64,56,0.43812912702560425,0.09926298260688782
2,2,64,57,0.5455732941627502,0.10403590649366379
2,2,64,58,0.4132688641548157,0.11051079630851746
2,2,64,59,0.648110568523407,0.1228637546300888
2,2,64,60,0.5619679689407349,0.10271955281496048
2,2,64,61,0.6238184571266174,0.1510670781135559
2,2,64,62,0.5120570659637451,0.1379430890083313
2,2,64,63,0.5822266936302185,0.10205075889825821
2,3,64,0,0.6077531576156616,0.09417187422513962
2,3,64,1,0.5346343517303467,0.20251090824604034
2,3,64,2,0.5133144855499268,0.13209189474582672
2,3,64,3,0.5494644641876221,0.22973014414310455
2,3,64,4,0.431754469871521,0.22740314900875092
2,3,64,5,0.3765066862106323,0.1166393980383873
2,3,64,6,0.43372929096221924,0.20980553328990936
2,3,64,7,0.31457507610321045,0.1223340779542923
2,3,64,8,0.6849740147590637,0.21598058938980103
2,3,64,9,0.44362032413482666,0.21438612043857574
2,3,64,10,0.38710466027259827,0.19876356422901154
2,3,64,11,0.617206871509552,0.13864679634571075
2,3,64,12,0.4224814176559448,0.1940614879131317
2,3,64,13,0.37528228759765625,0.08304066956043243
2,3,64,14,0.5736269950866699,0.15998783707618713
2,3,64,15,0.37192684412002563,0.1573908030986786
2,3,64,16,0.5248864889144897,0.1329042613506317
2,3,64,17,0.5470755100250244,0.24616533517837524
2,3,64,18,0.34507274627685547,0.1295224130153656
2,3,64,19,0.5235498547554016,0.20419318974018097
2,3,64,20,0.48170205950737,0.16010956466197968
2,3,64,21,0.5400233864784241,0.0984271839261055
2,3,64,22,0.5597397089004517,0.09106438606977463
2,3,64,23,0.5642029047012329,0.06582487374544144
2,3,64,24,0.2593632638454437,0.09668262302875519
2,3,64,25,0.4698812961578369,0.20749637484550476
2,3,64,26,0.4580412209033966,0.11403937637805939
2,3,64,27,0.5050657987594604,0.20247991383075714
2,3,64,28,0.5277515053749084,0.21525153517723083
2,3,64,29,0.6892594695091248,0.17557020485401154
2,3,64,30,0.5070476531982422,0.2625196576118469
2,3,64,31,0.3220500648021698,0.22442981600761414
2,3,64,32,0.5551165342330933,0.1141330748796463
2,3,64,33,0.2959086000919342,0.11560805886983871
2,3,64,34,0.542535662651062,0.15973038971424103
2,3,64,35,0.2729606032371521,0.0895097479224205
2,3,64,36,0.641473114490509,0.09703069925308228
2,3,64,37,0.6148916482925415,0.1431218385696411
2,3,64,38,0.5988697409629822,0.13558045029640198
2,3,64,39,0.7094224095344543,0.10400226712226868
2,3,64,40,0.534628689289093,0.12112951278686523
2,3,64,41,0.26835715770721436,0.07386089861392975
2,3,64,42,0.49372953176498413,0.12700586020946503
2,3,64,43,0.6204638481140137,0.240050807595253
2,3,64,44,0.5965136885643005,0.2322610765695572
2,3,64,45,0.42011430859565735,0.17591732740402222
2,3,64,46,0.5958327651023865,0.15943945944309235
2,3,64,47,0.575827956199646,0.20631101727485657
2,3,64,48,0.40371251106262207,0.09812125563621521
2,3,64,49,0.7700008749961853,0.07442649453878403
2,3,64,50,0.41719505190849304,0.2018425017595291
2,3,64,51,0.5961723923683167,0.07744590938091278
2,3,64,52,0.3815963566303253,0.10221022367477417
2,3,64,53,0.5127852559089661,0.11916349083185196
2,3,64,54,0.3373061716556549,0.0972478836774826
2,3,64,55,0.5820052027702332,0.11136408895254135
2,3,64,56,0.4811154901981354,0.14623989164829254
2,3,64,57,0.4934426546096802,0.1837017834186554
2,3,64,58,0.46879813075065613,0.2218247652053833
2,3,64,59,0.5703803300857544,0.09723860025405884
2,3,64,60,0.4499296247959137,0.11809543520212173
2,3,64,61,0.5169887542724609,0.3571528196334839
2,3,64,62,0.5661124587059021,0.273404985666275
2,3,64,63,0.5006656646728516,0.18220217525959015
2,4,128,0,0.7750961780548096,0.11416549980640411
2,4,128,1,0.5833824276924133,0.1416510045528412
2,4,128,2,0.30606400966644287,0.07453125715255737
2,4,128,3,0.42147940397262573,0.28497937321662903
2,4,128,4,0.3849705755710602,0.23263683915138245
2,4,128,5,0.47285687923431396,0.2680961787700653
2,4,128,6,0.2779194116592407,0.08293028175830841
2,4,128,7,0.6204125285148621,0.27079063653945923
2,4,128,8,0.6375111937522888,0.14579817652702332
2,4,128,9,0.4337550699710846,0.09189283847808838
2,4,128,10,0.6110504865646362,0.2913793921470642
2,4,128,11,0.5141310095787048,0.14607365429401398
2,4,128,12,0.5079439282417297,0.2188226878643036
2,4,128,13,0.5795519351959229,0.14630624651908875
2,4,128,14,0.4080807864665985,0.2790040075778961
2,4,128,15,0.6809235215187073,0.18667685985565186
2,4,128,16,0.5503492951393127,0.20459908246994019
2,4,128,17,0.5897407531738281,0.20195290446281433
2,4,128,18,0.587022066116333,0.16153912246227264
2,4,128,19,0.5859746336936951,0.22752700746059418
2,4,128,20,0.6135448813438416,0.1408304125070572
2,4,128,21,0.3489380180835724,0.12095256894826889
2,4,128,22,0.427670419216156,0.17627567052841187
2,4,128,23,0.4271710515022278,0.1847144216299057
2,4,128,24,0.5946414470672607,0.18691672384738922
2,4,128,25,0.6906810998916626,0.1004553958773613
2,4,128,26,0.7064977884292603,0.11918210238218307
2,4,128,27,0.4952211380004883,0.19501520693302155
2,4,128,28,0.6696667075157166,0.13839218020439148
2,4,128,29,0.6194950342178345,0.2833179235458374
2,4,128,30,0.5700973868370056,0.30582886934280396
2,4,128,31,0.40463027358055115,0.09284118562936783
2,4,128,32,0.4378412365913391,0.2533418536186218
2,4,128,33,0.6380739808082581,0.15373747050762177
2,4,128,34,0.3625617027282715,0.279106467962265
2,4,128,35,0.563930332660675,0.1474241018295288
2,4,128,36,0.6624075770378113,0.10194309800863266
2,4,128,37,0.6462680697441101,0.30785712599754333
2,4,128,38,0.3897802531719208,0.2808800935745239
2,4,128,39,0.4105837345123291,0.18235556781291962
2,4,128,40,0.6221857070922852,0.17009267210960388
2,4,128,41,0.6822177767753601,0.263631671667099
2,4,128,42,0.6528113484382629,0.14159893989562988
2,4,128,43,0.5931475162506104,0.18697263300418854
2,4,128,44,0.6083295345306396,0.16937166452407837
2,4,128,45,0.5521055459976196,0.28311148285865784
2,4,128,46,0.31895196437835693,0.15190772712230682
2,4,128,47,0.4175141751766205,0.30365458130836487
2,4,128,48,0.6364747285842896,0.20162542164325714
2,4,128,49,0.3884884715080261,0.18163861334323883
2,4,128,50,0.5883108377456665,0.1854119598865509
2,4,128,51,0.685975968837738,0.09282858669757843
2,4,128,52,0.38268357515335083,0.2887568175792694
2,4,128,53,0.6405112147331238,0.20595799386501312
2,4,128,54,0.4825804829597473,0.170630544424057
2,4,128,55,0.45738065242767334,0.16678428649902344
2,4,128,56,0.5899048447608948,0.2457299381494522
2,4,128,57,0.6797590255737305,0.11709827929735184
2,4,128,58,0.5764358639717102,0.12675702571868896
2,4,128,59,0.5750755667686462,0.1474786400794983
2,4,128,60,0.3322896957397461,0.18959563970565796
2,4,128,61,0.714291512966156,0.09293225407600403
2,4,128,62,0.5516488552093506,0.2207743227481842
2,4,128,63,0.539344310760498,0.21062502264976501
2,4,128,64,0.6475971937179565,0.21776960790157318
2,4,128,65,0.45101994276046753,0.22118981182575226
2,4,128,66,0.36000770330429077,0.12895750999450684
2,4,128,67,0.7308349013328552,0.10668811202049255
2,4,128,68,0.48751482367515564,0.13305407762527466
2,4,128,69,0.5933595299720764,0.2428268939256668
2,4,128,70,0.6385937333106995,0.15461377799510956
2,4,128,71,0.30192533135414124,0.15177945792675018
2,4,128,72,0.6581084728240967,0.1538189798593521
2,4,128,73,0.5686313509941101,0.14214462041854858
2,4,128,74,0.5868306159973145,0.10136144608259201
2,4,128,75,0.6634290218353271,0.19702249765396118
2,4,128,76,0.2655229866504669,0.15653745830059052
2,4,128,77,0.45737189054489136,0.20331189036369324
2,4,128,78,0.4744209349155426,0.19893667101860046
2,4,128,79,0.5673142671585083,0.2654947340488434
2,4,128,80,0.6144693493843079,0.2304198294878006
2,4,128,81,0.5396997332572937,0.13556145131587982
2,4,128,82,0.3914104402065277,0.21473464369773865
2,4,128,83,0.6207461357116699,0.26922520995140076
2,4,128,84,0.7805119752883911,0.10408038645982742
2,4,128,85,0.5224453210830688,0.16525335609912872
2,4,128,86,0.7021779417991638,0.08555597066879272
2,4,128,87,0.5389536023139954,0.1712740659713745
2,4,128,88,0.6190794706344604,0.0807059034705162
2,4,128,89,0.5138611793518066,0.14136481285095215
2,4,128,90,0.7362391352653503,0.08395379036664963
2,4,128,91,0.7710533142089844,0.08618179708719254
2,4,128,92,0.6946768164634705,0.08718963712453842
2,4,128,93,0.40556812286376953,0.23953203856945038
2,4,128,94,0.6105392575263977,0.1827584058046341
2,4,128,95,0.6196175813674927,0.1396610587835312
2,4,128,96,0.44681668281555176,0.24275492131710052
2,4,128,97,0.5952777862548828,0.2941848635673523
2,4,128,98,0.5182148814201355,0.1324332356452942
2,4,128,99,0.4159259498119354,0.22715120017528534
2,4,128,100,0.6289488077163696,0.33220839500427246
2,4,128,101,0.5779596567153931,0.2702193558216095
2,4,128,102,0.600906491279602,0.10686037689447403
2,4,128,103,0.5331924557685852,0.06914167106151581
2,4,128,104,0.6728832125663757,0.07818850129842758
2,4,128,105,0.6192248463630676,0.15049493312835693
2,4,128,106,0.7278321385383606,0.2507542669773102
2,4,128,107,0.3077152371406555,0.14265193045139313
2,4,128,108,0.6377553343772888,0.2321930229663849
2,4,128,109,0.6294311285018921,0.2161296308040619
2,4,128,110,0.594822883605957,0.3022080361843109
2,4,128,111,0.6623379588127136,0.13572140038013458
2,4,128,112,0.6362940669059753,0.15958565473556519
2,4,128,113,0.36761781573295593,0.1551860272884369
2,4,128,114,0.6076189279556274,0.21097271144390106
2,4,128,115,0.6384245753288269,0.12503132224082947
2,4,128,116,0.3979450464248657,0.08865075558423996
2,4,128,117,0.4792080521583557,0.18693995475769043
2,4,128,118,0.4695028066635132,0.2310231477022171
2,4,128,119,0.7361400127410889,0.09928032010793686
2,4,128,120,0.3836788535118103,0.1237967386841774
2,4,128,121,0.6036031246185303,0.19602741301059723
2,4,128,122,0.45389705896377563,0.19478118419647217
2,4,128,123,0.5960734486579895,0.16380341351032257
2,4,128,124,0.47614333033561707,0.12941402196884155
2,4,128,125,0.6321112513542175,0.12957030534744263
2,4,128,126,0.5884689092636108,0.19189994037151337
2,4,128,127,0.3767133951187134,0.1101863831281662
2,5,128,0,0.6433890461921692,0.1384294629096985
2,5,128,1,0.7740802764892578,0.14038753509521484
2,5,128,2,0.7641791105270386,0.1745762676000595
2,5,128,3,0.5043109059333801,0.2828086018562317
2,5,128,4,0.8306350111961365,0.09203134477138519
2,5,128,5,0.8702869415283203,0.06560379266738892
2,5,128,6,0.5755543112754822,0.18095369637012482
2,5,128,7,0.7373853921890259,0.19133326411247253
2,5,128,8,0.7506845593452454,0.1468563675880432
2,5,128,9,0.7243353724479675,0.27356669306755066
2,5,128,10,0.8178669214248657,0.1698460727930069
2,5,128,11,0.7392614483833313,0.09813698381185532
2,5,128,12,0.8909851312637329,0.0933322012424469
2,5,128,13,0.4206811785697937,0.2018682062625885
2,5,128,14,0.702427327632904,0.27985861897468567
2,5,128,15,0.8224221467971802,0.06500560790300369
2,5,128,16,0.726527214050293,0.23797833919525146
2,5,128,17,0.5760915875434875,0.19213077425956726
2,5,128,18,0.8543527722358704,0.0924222320318222
2,5,128,19,0.7759348750114441,0.2048840969800949
2,5,128,20,0.7460920810699463,0.2368595004081726
2,5,128,21,0.6657252311706543,0.08454415947198868
2,5,128,22,0.6644335985183716,0.22387239336967468
2,5,128,23,0.8425344228744507,0.07035233080387115
2,5,128,24,0.6172226071357727,0.1866772621870041
2,5,128,25,0.7700526118278503,0.23817788064479828
2,5,128,26,0.8822277784347534,0.07671293616294861
2,5,128,27,0.7936756610870361,0.09488838911056519
2,5,128,28,0.5009869337081909,0.2611076533794403
2,5,128,29,0.7727193832397461,0.2167428582906723
2,5,128,30,0.8184973001480103,0.1596556454896927
2,5,128,31,0.8348420262336731,0.13174985349178314
2,5,128,32,0.7064251899719238,0.2927372455596924
2,5,128,33,0.7196808457374573,0.25839224457740784
2,5,128,34,0.8455063104629517,0.06773750483989716
2,5,128,35,0.36118853092193604,0.16611625254154205
2,5,128,36,0.7964279651641846,0.12357375770807266
2,5,128,37,0.7980547547340393,0.17782141268253326
2,5,128,38,0.43134987354278564,0.13774876296520233
2,5,128,39,0.8375471830368042,0.08099766075611115
2,5,128,40,0.6801188588142395,0.09294059872627258
2,5,128,41,0.7806086540222168,0.24018040299415588
2,5,128,42,0.7543759942054749,0.1791977435350418
2,5,128,43,0.5989599227905273,0.1192808672785759
2,5,128,44,0.7248255014419556,0.16052871942520142
2,5,128,45,0.7573717832565308,0.2708989381790161
2,5,128,46,0.6439035534858704,0.22053278982639313
2,5,128,47,0.23318111896514893,0.20844510197639465
2,5,128,48,0.7823753356933594,0.10273026674985886
2,5,128,49,0.3271652162075043,0.21758627891540527
2,5,128,50,0.7616938948631287,0.1745053082704544
2,5,128,51,0.5775750875473022,0.2035011500120163
2,5,128,52,0.3739042282104492,0.23656612634658813
2,5,128,53,0.837314784526825,0.09834279865026474
2,5,128,54,0.6807994842529297,0.17492397129535675
2,5,128,55,0.40941447019577026,0.32824069261550903
2,5,128,56,0.8378053903579712,0.0859701856970787
2,5,128,57,0.7871329188346863,0.11720684170722961
2,5,128,58,0.8026272058486938,0.17433133721351624
2,5,128,59,0.8364315032958984,0.11401645839214325
2,5,128,60,0.5008306503295898,0.31698787212371826
2,5,128,61,0.7478973865509033,0.09928877651691437
2,5,128,62,0.7200392484664917,0.22059042751789093
2,5,128,63,0.7247790694236755,0.27754467725753784
2,5,128,64,0.476339727640152,0.18867377936840057
2,5,128,65,0.39333924651145935,0.18667492270469666
2,5,128,66,0.7536906599998474,0.20521973073482513
2,5,128,67,0.8003314137458801,0.11431717872619629
2,5,128,68,0.7437469959259033,0.16373957693576813
2,5,128,69,0.778052568435669,0.17255143821239471
2,5,128,70,0.7407158017158508,0.17495347559452057
2,5,128,71,0.8075160980224609,0.06311706453561783
2,5,128,72,0.418352335691452,0.20042634010314941
2,5,128,73,0.42729032039642334,0.33022162318229675
2,5,128,74,0.7198569178581238,0.2726762294769287
2,5,128,75,0.6622850894927979,0.11985145509243011
2,5,128,76,0.30182746052742004,0.2953212261199951
2,5,128,77,0.7363109588623047,0.21224841475486755
2,5,128,78,0.7473597526550293,0.15675698220729828
2,5,128,79,0.6870170831680298,0.2642296552658081
2,5,128,80,0.7297351956367493,0.15080556273460388
2,5,128,81,0.7522214651107788,0.11355827003717422
2,5,128,82,0.8763223886489868,0.07564835250377655
2,5,128,83,0.3163164556026459,0.24693645536899567
2,5,128,84,0.6842341423034668,0.14404098689556122
2,5,128,85,0.7818022966384888,0.17279334366321564
2,5,128,86,0.7171100378036499,0.2563583254814148
2,5,128,87,0.7828627824783325,0.21900896728038788
2,5,128,88,0.8293785452842712,0.13836804032325745
2,5,128,89,0.803180456161499,0.19096678495407104
2,5,128,90,0.7625179290771484,0.15667106211185455
2,5,128,91,0.8506488800048828,0.11470519006252289
2,5,128,92,0.8028023838996887,0.14508569240570068
2,5,128,93,0.8349580764770508,0.06196374073624611
2,5,128,94,0.8340104818344116,0.10417845100164413
2,5,128,95,0.3936043381690979,0.303867906332016
2,5,128,96,0.803281843662262,0.08222292363643646
2,5,128,97,0.7313851118087769,0.23586170375347137
2,5,128,98,0.7810115814208984,0.16698093712329865
2,5,128,99,0.7280745506286621,0.2239857017993927
2,5,128,100,0.7979490160942078,0.20433960855007172
2,5,128,101,0.723506510257721,0.17930157482624054
2,5,128,102,0.8109367489814758,0.15731607377529144
2,5,128,103,0.7621126174926758,0.08802161365747452
2,5,128,104,0.7665748000144958,0.2587509751319885
2,5,128,105,0.37004518508911133,0.2700585424900055
2,5,128,106,0.7819674611091614,0.15616127848625183
2,5,128,107,0.7120958566665649,0.22307921946048737
2,5,128,108,0.8341030478477478,0.1340305060148239
2,5,128,109,0.7709648013114929,0.20292730629444122
2,5,128,110,0.733832836151123,0.25440049171447754
2,5,128,111,0.7398103475570679,0.21795444190502167
2,5,128,112,0.5006363391876221,0.25969961285591125
2,5,128,113,0.35496947169303894,0.2993166148662567
2,5,128,114,0.7990252375602722,0.18069764971733093
2,5,128,115,0.6717634201049805,0.26832565665245056
2,5,128,116,0.7300886511802673,0.11611012369394302
2,5,128,117,0.7373399138450623,0.2341315746307373
2,5,128,118,0.5856935977935791,0.1618248075246811
2,5,128,119,0.7892882227897644,0.19798681139945984
2,5,128,120,0.8282074928283691,0.11920683830976486
2,5,128,121,0.7680243849754333,0.09251853078603745
2,5,128,122,0.29408013820648193,0.17253649234771729
2,5,128,123,0.839989423751831,0.12901034951210022
2,5,128,124,0.8208668828010559,0.12582603096961975
2,5,128,125,0.7537758946418762,0.15031017363071442
2,5,128,126,0.7190802693367004,0.28826001286506653
2,5,128,127,0.6476221084594727,0.2618465721607208
3,0,32,0,0.39339184761047363,0.05802164971828461
3,0,32,1,0.42932799458503723,0.0536486841738224
3,0,32,2,0.4938810169696808,0.031730424612760544
3,0,32,3,0.6924099326133728,0.07078280299901962
3,0,32,4,0.5866478085517883,0.06132816895842552
3,0,32,5,0.4175940155982971,0.07905278354883194
3,0,32,6,0.3245057761669159,0.047728054225444794
3,0,32,7,0.5134980082511902,0.07017263025045395
3,0,32,8,0.6064183115959167,0.0553174652159214
3,0,32,9,0.4599751830101013,0.11470922082662582
3,0,32,10,0.5136570930480957,0.015541376546025276
3,0,32,11,0.5032680034637451,0.10463011264801025
3,0,32,12,0.35426709055900574,0.041839201003313065
3,0,32,13,0.5591065287590027,0.033628083765506744
3,0,32,14,0.3905901610851288,0.04682379588484764
3,0,32,15,0.5291569828987122,0.04709003493189812
3,0,32,16,0.447048544883728,0.06201353669166565
3,0,32,17,0.6887451410293579,0.0718621015548706
3,0,32,18,0.4718865156173706,0.04007238522171974
3,0,32,19,0.4426553249359131,0.0795743390917778
3,0,32,20,0.5047525763511658,0.055991701781749725
3,0,32,21,0.644828200340271,0.04877123236656189
3,0,32,22,0.3905038833618164,0.053430020809173584
3,0,32,23,0.3716267943382263,0.05340860038995743
3,0,32,24,0.4269244372844696,0.07482783496379852
3,0,32,25,0.5016067624092102,0.036409202963113785
3,0,32,26,0.5634090304374695,0.11663532257080078
3,0,32,27,0.5346342921257019,0.03371473029255867
3,0,32,28,0.5165767073631287,0.06889941543340683
3,0,32,29,0.5403658151626587,0.08470946550369263
3,0,32,30,0.6661450266838074,0.06606289744377136
3,0,32,31,0.5156959295272827,0.11234556883573532
3,1,32,0,0.5094171762466431,0.02538168616592884
3,1,32,1,0.3781292140483856,0.025750694796442986
3,1,32,2,0.5286576151847839,0.034682951867580414
3,1,32,3,0.5724648237228394,0.05668721720576286
3,1,32,4,0.604395866394043,0.03885433450341225
3,1,32,5,0.5438485741615295,0.07885219156742096
3,1,32,6,0.5449983477592468,0.04324645549058914
3,1,32,7,0.5338061451911926,0.061148833483457565
3,1,32,8,0.5405558347702026,0.02391740120947361
3,1,32,9,0.49174442887306213,0.059147909283638
3,1,32,10,0.49348682165145874,0.0534367635846138
3,1,32,11,0.41566288471221924,0.05236329138278961
3,1,32,12,0.4995964765548706,0.08322694152593613
3,1,32,13,0.4855770468711853,0.04652085900306702
3,1,32,14,0.5487638711929321,0.04125690832734108
3,1,32,15,0.5427641272544861,0.08347705751657486
3,1,32,16,0.3938119113445282,0.057125024497509
3,1,32,17,0.5817522406578064,0.07372056692838669
3,1,32,18,0.5930174589157104,0.012024980038404465
3,1,32,19,0.47764042019844055,0.03470349311828613
3,1,32,20,0.5519280433654785,0.009014507755637169
3,1,32,21,0.43031126260757446,0.03484805300831795
3,1,32,22,0.46468570828437805,0.08763109892606735
3,1,32,23,0.5410779714584351,0.03877969831228256
3,1,32,24,0.5701748728752136,0.050452329218387604
3,1,32,25,0.5397542715072632,0.07307668030261993
3,1,32,26,0.5535510778427124,0.020748790353536606
3,1,32,27,0.5168567299842834,0.01842949353158474
3,1,32,28,0.4676347076892853,0.08222721517086029
3,1,32,29,0.572639524936676,0.05634021386504173
3,1,32,30,0.40238240361213684,0.019541000947356224
3,1,32,31,0.5009032487869263,0.038722578436136246
3,2,64,0,0.5281025171279907,0.18650200963020325
3,2,64,1,0.38969022035598755,0.09625586122274399
3,2,64,2,0.49727344512939453,0.05649741739034653
3,2,64,3,0.5988419055938721,0.07649307698011398
3,2,64,4,0.4840361773967743,0.12076038867235184
3,2,64,5,0.5051987767219543,0.06534414738416672
3,2,64,6,0.4052940905094147,0.14827008545398712
3,2,64,7,0.5545205473899841,0.11965351551771164
3,2,64,8,0.5595029592514038,0.241471067070961
3,2,64,9,0.5051523447036743,0.22594571113586426
3,2,64,10,0.46921253204345703,0.15581096708774567
3,2,64,11,0.5633358359336853,0.06706739962100983
3,2,64,12,0.5586101412773132,0.1253177374601364
3,2,64,13,0.6485914587974548,0.13500477373600006
3,2,64,14,0.30385351181030273,0.13374121487140656
3,2,64,15,0.4706648588180542,0.1765946000814438
3,2,64,16,0.5158094763755798,0.10471099615097046
3,2,64,17,0.465999573469162,0.1409091055393219
3,2,64,18,0.4201432168483734,0.1414802372455597
3,2,64,19,0.482704758644104,0.12309987843036652
3,2,64,20,0.3853539526462555,0.12733981013298035
3,2,64,21,0.3821151554584503,0.16562899947166443
3,2,64,22,0.5419241189956665,0.20583684742450714
3,2,64,23,0.6318346261978149,0.06790339201688766
3,2,64,24,0.4369446635246277,0.08799391239881516
3,2,64,25,0.5513507127761841,0.11935202032327652
3,2,64,26,0.449858695268631,0.2212112993001938
3,2,64,27,0.4592570662498474,0.20021122694015503
3,2,64,28,0.4815537631511688,0.24189704656600952
3,2,64,29,0.49817603826522827,0.07110384851694107
3,2,64,30,0.42136311531066895,0.16577933728694916
3,2,64,31,0.44961968064308167,0.13575337827205658
3,2,64,32,0.5557887554168701,0.08266142755746841
3,2,64,33,0.5751715302467346,0.09018675237894058
3,2,64,34,0.39322009682655334,0.1664597988128662
3,2,64,35,0.5024749040603638,0.20035886764526367
3,2,64,36,0.6406515836715698,0.115587018430233
3,2,64,37,0.5052902698516846,0.0943637266755104
3,2,64,38,0.37818005681037903,0.15021219849586487
3,2,64,39,0.5351436138153076,0.07359722256660461
3,2,64,40,0.5737234950065613,0.11147507280111313
3,2,64,41,0.37113359570503235,0.20032861828804016
3,2,64,42,0.5462014079093933,0.14668330550193787
3,2,64,43,0.53446364402771,0.17231403291225433
3,2,64,44,0.5532165169715881,0.13756272196769714
3,2,64,45,0.4045960307121277,0.193993479013443
3,2,64,46,0.49904870986938477,0.23481611907482147
3,2,64,47,0.35886093974113464,0.06509768217802048
3,2,64,48,0.545845627784729,0.12631355226039886
3,2,64,49,0.5220633745193481,0.18049465119838715
3,2,64,50,0.508091926574707,0.10285279154777527
3,2,64,51,0.5340518355369568,0.11854711920022964
3,2,64,52,0.511928915977478,0.13238146901130676
3,2,64,53,0.5556381940841675,0.11200407147407532
3,2,64,54,0.4810006022453308,0.17179669439792633
3,2,64,55,0.5446074604988098,0.20918375253677368
3,2,64,56,0.5554718375205994,0.08750461786985397
3,2,64,57,0.537464439868927,0.20840801298618317
3,2,64,58,0.7240697741508484,0.08605660498142242
3,2,64,59,0.5809347033500671,0.24095821380615234
3,2,64,60,0.42816075682640076,0.0716455802321434
3,2,64,61,0.4203154146671295,0.1254820078611374
3,2,64,62,0.6320750713348389,0.16715016961097717
3,2,64,63,0.40932366251945496,0.17780746519565582
3,3,64,0,0.560508131980896,0.21228046715259552
3,3,64,1,0.5934706330299377,0.08919300138950348
3,3,64,2,0.6331007480621338,0.11157950013875961
3,3,64,3,0.5964849591255188,0.1478242576122284
3,3,64,4,0.46772319078445435,0.0892367884516716
3,3,64,5,0.46684491634368896,0.0519750602543354
3,3,64,6,0.5467170476913452,0.1442904770374298
3,3,64,7,0.5939763784408569,0.09865330159664154
3,3,64,8,0.6452452540397644,0.31352823972702026
3,3,64,9,0.3798236548900604,0.1087673157453537
3,3,64,10,0.6215094923973083,0.10463272035121918
3,3,64,11,0.27534955739974976,0.18576934933662415
3,3,64,12,0.3356825113296509,0.22426433861255646
3,3,64,13,0.7048490643501282,0.17217396199703217
3,3,64,14,0.4626549184322357,0.17294494807720184
3,3,64,15,0.4974551200866699,0.10265597701072693
3,3,64,16,0.6461652517318726,0.10196147859096527
3,3,64,17,0.6298867464065552,0.24812717735767365
3,3,64,18,0.6247212290763855,0.2042485624551773
3,3,64,19,0.521029531955719,0.2968163788318634
3,3,64,20,0.35916733741760254,0.09557642042636871
3,3,64,21,0.4999573528766632,0.15763668715953827
3,3,64,22,0.4812818467617035,0.08083821833133698
3,3,64,23,0.4199998378753662,0.240354523062706
3,3,64,24,0.7544870972633362,0.1445768028497696
3,3,64,25,0.3477698564529419,0.1611354947090149
3,3,64,26,0.4882104992866516,0.11259884387254715
3,3,64,27,0.3869631588459015,0.1974051147699356
3,3,64,28,0.6556374430656433,0.12615026533603668
3,3,64,29,0.45957791805267334,0.14880721271038055
3,3,64,30,0.5668961405754089,0.17077596485614777
3,3,64,31,0.45447415113449097,0.1577373743057251
3,3,64,32,0.4739624857902527,0.100411556661129
3,3,64,33,0.6619685292243958,0.2539461553096771
3,3,64,34,0.5275816321372986,0.046560484915971756
3,3,64,35,0.5739960670471191,0.15109984576702118
3,3,64,36,0.499968558549881,0.050456129014492035
3,3,64,37,0.24481886625289917,0.1679360568523407
3,3,64,38,0.49387243390083313,0.1315515637397766
3,3,64,39,0.7151060700416565,0.17384693026542664
3,3,64,40,0.4891561269760132,0.07902441918849945
3,3,64,41,0.3649107813835144,0.05930354818701744
3,3,64,42,0.34854382276535034,0.25418540835380554
3,3,64,43,0.6216098666191101,0.04041387513279915
3,3,64,44,0.31772810220718384,0.1332714706659317
3,3,64,45,0.6312024593353271,0.1147540956735611
3,3,64,46,0.6456771492958069,0.21262207627296448
3,3,64,47,0.6497040390968323,0.07729994505643845
3,3,64,48,0.4343377351760864,0.164143905043602
3,3,64,49,0.6004000306129456,0.06164892390370369
3,3,64,50,0.4637492895126343,0.18218019604682922
3,3,64,51,0.3552935719490051,0.2472803145647049
3,3,64,52,0.4098789095878601,0.11723519116640091
3,3,64,53,0.4220294952392578,0.11168263107538223
3,3,64,54,0.3421831727027893,0.11152922362089157
3,3,64,55,0.34966105222702026,0.12392625957727432
3,3,64,56,0.30539560317993164,0.18736334145069122
3,3,64,57,0.2729986011981964,0.17051514983177185
3,3,64,58,0.2786008417606354,0.14315533638000488
3,3,64,59,0.39761587977409363,0.14188112318515778
3,3,64,60,0.39717668294906616,0.10080242902040482
3,3,64,61,0.49701225757598877,0.21830376982688904
3,3,64,62,0.3935733139514923,0.080423504114151
3,3,64,63,0.45844563841819763,0.2634773552417755
3,4,128,0,0.6605867743492126,0.08150258660316467
3,4,128,1,0.6304514408111572,0.21307030320167542
3,4,128,2,0.6183056831359863,0.2538595497608185
3,4,128,3,0.6519473195075989,0.32318422198295593
3,4,128,4,0.6464940309524536,0.12485671788454056
3,4,128,5,0.6272112131118774,0.08795295655727386
3,4,128,6,0.5899943709373474,0.2631794214248657
3,4,128,7,0.6080788969993591,0.21682707965373993
3,4,128,8,0.4731680750846863,0.12282901257276535
3,4,128,9,0.42607033252716064,0.20142443478107452
3,4,128,10,0.5420238971710205,0.10421046614646912
3,4,128,11,0.6098723411560059,0.14023053646087646
3,4,128,12,0.31161046028137207,0.19438186287879944
3,4,128,13,0.6115222573280334,0.17349718511104584
3,4,128,14,0.6006201505661011,0.17321056127548218
3,4,128,15,0.6242679953575134,0.2688751816749573
3,4,128,16,0.611947238445282,0.1780318319797516
3,4,128,17,0.39176779985427856,0.19643749296665192
3,4,128,18,0.549530565738678,0.1105302944779396
3,4,128,19,0.5152410864830017,0.14469480514526367
3,4,128,20,0.5206045508384705,0.15331122279167175
3,4,128,21,0.6214702725410461,0.14499418437480927
3,4,128,22,0.6026600003242493,0.11369802057743073
3,4,128,23,0.4249710142612457,0.09638990461826324
3,4,128,24,0.6705567836761475,0.11527267843484879
3,4,128,25,0.4244442582130432,0.2316051572561264
3,4,128,26,0.2951391935348511,0.13374797999858856
3,4,128,27,0.6666533350944519,0.10080797970294952
3,4,128,28,0.38959363102912903,0.22356483340263367
3,4,128,29,0.4851132929325104,0.17893609404563904
3,4,128,30,0.5984160304069519,0.0893184021115303
3,4,128,31,0.56159508228302,0.10167762637138367
3,4,128,32,0.3831585943698883,0.19801606237888336
3,4,128,33,0.7362058758735657,0.11977865546941757
3,4,128,34,0.6250933408737183,0.3129841089248657
3,4,128,35,0.6159160733222961,0.2779764235019684
3,4,128,36,0.7555609941482544,0.11584006994962692
3,4,128,37,0.6204819083213806,0.21639879047870636
3,4,128,38,0.6090289354324341,0.253003865480423
3,4,128,39,0.6422423720359802,0.1973484754562378
3,4,128,40,0.4417414665222168,0.309518039226532
3,4,128,41,0.4430980086326599,0.06770806759595871
3,4,128,42,0.5296675562858582,0.15278953313827515
3,4,128,43,0.39003893733024597,0.16363348066806793
3,4,128,44,0.43772101402282715,0.061598386615514755
3,4,128,45,0.6969201564788818,0.15911765396595
3,4,128,46,0.6057041883468628,0.10378272831439972
3,4,128,47,0.5640852451324463,0.049276359379291534
3,4,128,48,0.47451940178871155,0.1851441115140915
3,4,128,49,0.6325897574424744,0.33921676874160767
3,4,128,50,0.43102529644966125,0.27590060234069824
3,4,128,51,0.5303625464439392,0.14219579100608826
3,4,128,52,0.4517335295677185,0.12242909520864487
3,4,128,53,0.6281857490539551,0.12805074453353882
3,4,128,54,0.4757164716720581,0.10165318846702576
3,4,128,55,0.6650674343109131,0.07443680614233017
3,4,128,56,0.6102174520492554,0.1976214498281479
3,4,128,57,0.6887414455413818,0.103815957903862
3,4,128,58,0.5952083468437195,0.07429151237010956
3,4,128,59,0.7160253524780273,0.11336496472358704
3,4,128,60,0.5664272904396057,0.11446596682071686
3,4,128,61,0.5924994945526123,0.18579556047916412
3,4,128,62,0.6615166664123535,0.2205563634634018
3,4,128,63,0.548431396484375,0.12160703539848328
3,4,128,64,0.6453746557235718,0.223393514752388
3,4,128,65,0.6950624585151672,0.26343676447868347
3,4,128,66,0.40966007113456726,0.2464223951101303
3,4,128,67,0.4366077482700348,0.25830599665641785
3,4,128,68,0.4984544813632965,0.10475145280361176
3,4,128,69,0.3079310655593872,0.11938248574733734
3,4,128,70,0.36816880106925964,0.1942765861749649
3,4,128,71,0.669053852558136,0.15285255014896393
3,4,128,72,0.6430471539497375,0.12441061437129974
3,4,128,73,0.5509559512138367,0.22653068602085114
3,4,128,74,0.6248847246170044,0.2175072580575943
3,4,128,75,0.4669031798839569,0.10823775082826614
3,4,128,76,0.657326340675354,0.2112852782011032
3,4,128,77,0.4129277169704437,0.0584995299577713
3,4,128,78,0.514843761920929,0.2029585838317871
3,4,128,79,0.3807393014431,0.15415115654468536
3,4,128,80,0.3499849736690521,0.19938205182552338
3,4,128,81,0.6224643588066101,0.17293904721736908
3,4,128,82,0.7346182465553284,0.11981189250946045
3,4,128,83,0.4275590181350708,0.20049449801445007
3,4,128,84,0.6769904494285583,0.1823941171169281
3,4,128,85,0.6755042672157288,0.12305397540330887
3,4,128,86,0.5119245052337646,0.1287868171930313
3,4,128,87,0.37868785858154297,0.2709611654281616
3,4,128,88,0.333886981010437,0.21419399976730347
3,4,128,89,0.49551889300346375,0.16121317446231842
3,4,128,90,0.5380258560180664,0.06637395918369293
3,4,128,91,0.3452564477920532,0.0981869325041771
3,4,128,92,0.37393492460250854,0.14021439850330353
3,4,128,93,0.5806282758712769,0.28290578722953796
3,4,128,94,0.43873995542526245,0.06250815838575363
3,4,128,95,0.25683942437171936,0.1572336107492447
3,4,128,96,0.31541135907173157,0.12964247167110443
3,4,128,97,0.3371162414550781,0.11660049110651016
3,4,128,98,0.6826558113098145,0.21178603172302246
3,4,128,99,0.6394825577735901,0.2805250883102417
3,4,128,100,0.582181453704834,0.07322303205728531
3,4,128,101,0.432278037071228,0.08404815196990967
3,4,128,102,0.6796022057533264,0.09429403394460678
3,4,128,103,0.7410872578620911,0.10854897648096085
3,4,128,104,0.4502221941947937,0.23906373977661133
3,4,128,105,0.6472474932670593,0.12753450870513916
3,4,128,106,0.44434812664985657,0.13383732736110687
3,4,128,107,0.5750292539596558,0.06806939840316772
3,4,128,108,0.6568328142166138,0.2407957911491394
3,4,128,109,0.6678014993667603,0.2466529905796051
3,4,128,110,0.5724375247955322,0.26239460706710815
3,4,128,111,0.4139232337474823,0.13599704205989838
3,4,128,112,0.6705597639083862,0.17196309566497803
3,4,128,113,0.6375270485877991,0.08851524442434311
3,4,128,114,0.6484194397926331,0.10568959265947342
3,4,128,115,0.6414229869842529,0.2086402326822281
3,4,128,116,0.6703411936759949,0.08738105744123459
3,4,128,117,0.3822953402996063,0.08170314878225327
3,4,128,118,0.6885861754417419,0.1057935357093811
3,4,128,119,0.43453821539878845,0.14813028275966644
3,4,128,120,0.5836141705513,0.3255533277988434
3,4,128,121,0.6903185844421387,0.0707622691988945
3,4,128,122,0.37574106454849243,0.09145963937044144
3,4,128,123,0.5822854042053223,0.11090273410081863
3,4,128,124,0.5023705363273621,0.10147286206483841
3,4,128,125,0.5207808613777161,0.15263286232948303
3,4,128,126,0.7090389132499695,0.15824568271636963
3,4,128,127,0.45083490014076233,0.08743564784526825
3,5,128,0,0.41275760531425476,0.058621328324079514
3,5,128,1,0.4122597575187683,0.3099929094314575
3,5,128,2,0.7312048673629761,0.14251567423343658
3,5,128,3,0.8119495511054993,0.1945309042930603
3,5,128,4,0.7340924143791199,0.19718903303146362
3,5,128,5,0.7075549960136414,0.19484834372997284
3,5,128,6,0.5443645119667053,0.08687534928321838
3,5,128,7,0.24198129773139954,0.16877105832099915
3,5,128,8,0.6269784569740295,0.17818376421928406
3,5,128,9,0.295369952917099,0.2018365114927292
3,5,128,10,0.5237879753112793,0.1157938614487648
3,5,128,11,0.5871661305427551,0.10780541598796844
3,5,128,12,0.7285752892494202,0.16757674515247345
3,5,128,13,0.6896299719810486,0.2038222849369049
3,5,128,14,0.4620387554168701,0.14178864657878876
3,5,128,15,0.7907805442810059,0.1394008845090866
3,5,128,16,0.38835078477859497,0.2286868691444397
3,5,128,17,0.6394358277320862,0.10364223271608353
3,5,128,18,0.4210468530654907,0.0576772466301918
3,5,128,19,0.5032835006713867,0.17976468801498413
3,5,128,20,0.8336783647537231,0.10739471763372421
3,5,128,21,0.6898474097251892,0.12136521935462952
3,5,128,22,0.7735431790351868,0.09487776458263397
3,5,128,23,0.4686279296875,0.08731567114591599
3,5,128,24,0.5713774561882019,0.1326189637184143
3,5,128,25,0.7148464918136597,0.20180504024028778
3,5,128,26,0.7230150699615479,0.16482733190059662
3,5,128,27,0.7656670212745667,0.10305700451135635
3,5,128,28,0.7471100091934204,0.13423164188861847
3,5,128,29,0.32037779688835144,0.09693261235952377
3,5,128,30,0.577200710773468,0.06841042637825012
3,5,128,31,0.8022300004959106,0.16280609369277954
3,5,128,32,0.6581257581710815,0.2444673627614975
3,5,128,33,0.6372935771942139,0.21215499937534332
3,5,128,34,0.415388822555542,0.07956153899431229
3,5,128,35,0.7263806462287903,0.2826540768146515
3,5,128,36,0.7895371317863464,0.06818053126335144
3,5,128,37,0.7568390965461731,0.19840410351753235
3,5,128,38,0.7843496799468994,0.09894908219575882
3,5,128,39,0.6452397108078003,0.15131941437721252
3,5,128,40,0.7163726091384888,0.10406451672315598
3,5,128,41,0.6093255877494812,0.14136655628681183
3,5,128,42,0.7300569415092468,0.06863807886838913
3,5,128,43,0.40524885058403015,0.08569808304309845
3,5,128,44,0.4451964497566223,0.0966556966304779
3,5,128,45,0.6638659238815308,0.26152142882347107
3,5,128,46,0.6288022994995117,0.07534398883581161
3,5,128,47,0.7317151427268982,0.07750813663005829
3,5,128,48,0.5838373303413391,0.12883906066417694
3,5,128,49,0.7941452860832214,0.18531715869903564
3,5,128,50,0.37084463238716125,0.24527867138385773
3,5,128,51,0.35262876749038696,0.26881855726242065
3,5,128,52,0.8038725852966309,0.13444525003433228
3,5,128,53,0.7189332246780396,0.05973021313548088
3,5,128,54,0.3224209249019623,0.08197396993637085
3,5,128,55,0.38950762152671814,0.21788419783115387
3,5,128,56,0.5993419885635376,0.27264073491096497
3,5,128,57,0.6872344613075256,0.15023326873779297
3,5,128,58,0.3860991895198822,0.1644672304391861
3,5,128,59,0.5872563123703003,0.2536713182926178
3,5,128,60,0.40094491839408875,0.07570073753595352
3,5,128,61,0.6168040037155151,0.10450834780931473
3,5,128,62,0.48395371437072754,0.10629952698945999
3,5,128,63,0.7383037805557251,0.09810100495815277
3,5,128,64,0.7970707416534424,0.10138411819934845
3,5,128,65,0.6407456994056702,0.1896105855703354
3,5,128,66,0.48489779233932495,0.10937844961881638
3,5,128,67,0.5343224406242371,0.10898976027965546
3,5,128,68,0.760665774345398,0.1611684411764145
3,5,128,69,0.7456335425376892,0.2466881424188614
3,5,128,70,0.5635948777198792,0.11461098492145538
3,5,128,71,0.7550790309906006,0.11930116266012192
3,5,128,72,0.7056466341018677,0.12559714913368225
3,5,128,73,0.6935428977012634,0.10947225242853165
3,5,128,74,0.2541557252407074,0.1859622597694397
3,5,128,75,0.8129582405090332,0.09262213110923767
3,5,128,76,0.6075257658958435,0.1976727545261383
3,5,128,77,0.7668901085853577,0.09932407736778259
3,5,128,78,0.6004065871238708,0.062160149216651917
3,5,128,79,0.4807126224040985,0.06851694732904434
3,5,128,80,0.7872502207756042,0.12761028110980988
3,5,128,81,0.7458725571632385,0.08939202129840851
3,5,128,82,0.8136857748031616,0.09890421479940414
3,5,128,83,0.3746645450592041,0.23889024555683136
3,5,128,84,0.674845814704895,0.2863885164260864
3,5,128,85,0.8126489520072937,0.11944978684186935
3,5,128,86,0.5729096531867981,0.06454870849847794
3,5,128,87,0.6229981184005737,0.08328142017126083
3,5,128,88,0.705379068851471,0.24737878143787384
3,5,128,89,0.679671049118042,0.06555359810590744
3,5,128,90,0.7115487456321716,0.13480570912361145
3,5,128,91,0.7484170198440552,0.14321009814739227
3,5,128,92,0.49955621361732483,0.10923106223344803
3,5,128,93,0.5915676951408386,0.21744976937770844
3,5,128,94,0.6845951676368713,0.26942241191864014
3,5,128,95,0.535082221031189,0.11627058684825897
3,5,128,96,0.7952212691307068,0.2068135142326355
3,5,128,97,0.7132720947265625,0.06850812584161758
3,5,128,98,0.7404751777648926,0.1610027253627777
3,5,128,99,0.6611724495887756,0.3144384026527405
3,5,128,100,0.5173653960227966,0.055935587733983994
3,5,128,101,0.7016528844833374,0.1893395036458969
3,5,128,102,0.6943289637565613,0.20055092871189117
3,5,128,103,0.7756752371788025,0.14085091650485992
3,5,128,104,0.7382601499557495,0.23652951419353485
3,5,128,105,0.6368230581283569,0.05497454106807709
3,5,128,106,0.4531239867210388,0.15327252447605133
3,5,128,107,0.4901160001754761,0.05413416400551796
3,5,128,108,0.8068850040435791,0.12651728093624115
3,5,128,109,0.820083498954773,0.17261652648448944
3,5,128,110,0.3654201328754425,0.07416915893554688
3,5,128,111,0.44915083050727844,0.19319313764572144
3,5,128,112,0.7113297581672668,0.19712938368320465
3,5,128,113,0.7421103715896606,0.09882626682519913
3,5,128,114,0.4310159385204315,0.10621017217636108
3,5,128,115,0.7657082080841064,0.15295030176639557
3,5,128,116,0.5320168733596802,0.11542978137731552
3,5,128,117,0.5141286253929138,0.12963712215423584
3,5,128,118,0.3125264346599579,0.17034801840782166
3,5,128,119,0.7530883550643921,0.21368660032749176
3,5,128,120,0.714654266834259,0.22952787578105927
3,5,128,121,0.3348110318183899,0.2161596417427063
3,5,128,122,0.3717661499977112,0.08291304856538773
3,5,128,123,0.7679490447044373,0.09342534840106964
3,5,128,124,0.7715426087379456,0.07625780254602432
3,5,128,125,0.4384239912033081,0.19284416735172272
3,5,128,126,0.8026466369628906,0.11449627578258514
3,5,128,127,0.6730110049247742,0.2841672897338867
4,0,32,0,0.4702651798725128,0.11401186138391495
4,0,32,1,0.6059065461158752,0.10726256668567657
4,0,32,2,0.28886526823043823,0.0534038320183754
4,0,32,3,0.5092530250549316,0.12887750566005707
4,0,32,4,0.39313507080078125,0.16729328036308289
4,0,32,5,0.47469180822372437,0.10646037012338638
4,0,32,6,0.6323096752166748,0.0673593133687973
4,0,32,7,0.5534123182296753,0.09228363633155823
4,0,32,8,0.32131731510162354,0.10415524244308472
4,0,32,9,0.4954330623149872,0.11438720673322678
4,0,32,10,0.5423919558525085,0.06966368854045868
4,0,32,11,0.4339185059070587,0.12380105257034302
4,0,32,12,0.4197673201560974,0.13111670315265656
4,0,32,13,0.5060890913009644,0.05945352464914322
4,0,32,14,0.6200942993164062,0.09570422768592834
4,0,32,15,0.6005311608314514,0.11727743595838547
4,0,32,16,0.5307931900024414,0.083561971783638
4,0,32,17,0.5265284180641174,0.0894063264131546
4,0,32,18,0.6045225262641907,0.18701834976673126
4,0,32,19,0.4191669225692749,0.10344184935092926
4,0,32,20,0.3480331599712372,0.11208363622426987
4,0,32,21,0.6238930821418762,0.05494106188416481
4,0,32,22,0.47762101888656616,0.1353919357061386
4,0,32,23,0.4952789545059204,0.10690197348594666
4,0,32,24,0.33043453097343445,0.11067529022693634
4,0,32,25,0.5182917714118958,0.07131672650575638
4,0,32,26,0.5192822217941284,0.07705119997262955
4,0,32,27,0.5843950510025024,0.13010427355766296
4,0,32,28,0.4093918800354004,0.08824354410171509
4,0,32,29,0.3870697319507599,0.15263241529464722
4,0,32,30,0.46487975120544434,0.12189464271068573
4,0,32,31,0.4375186860561371,0.10266925394535065
4,1,32,0,0.5323671698570251,0.06592173129320145
4,1,32,1,0.5357668995857239,0.1362553983926773
4,1,32,2,0.48207888007164,0.05546555668115616
4,1,32,3,0.49574801325798035,0.05801955983042717
4,1,32,4,0.43262749910354614,0.10563583672046661
4,1,32,5,0.573336660861969,0.12353973090648651
4,1,32,6,0.6269986629486084,0.10370834171772003
4,1,32,7,0.3467565178871155,0.1178465411067009
4,1,32,8,0.5590965747833252,0.12977935373783112
4,1,32,9,0.544836163520813,0.07816080003976822
4,1,32,10,0.5730969309806824,0.027263570576906204
4,1,32,11,0.5924726724624634,0.09380468726158142
4,1,32,12,0.5228856205940247,0.1314287632703781
4,1,32,13,0.42277002334594727,0.08912919461727142
4,1,32,14,0.48508909344673157,0.06926446408033371
4,1,32,15,0.5428687930107117,0.07121375948190689
4,1,32,16,0.53255695104599,0.08867239207029343
4,1,32,17,0.38434532284736633,0.12604448199272156
4,1,32,18,0.3379468023777008,0.09492598474025726
4,1,32,19,0.4941710829734802,0.09173775464296341
4,1,32,20,0.5025071501731873,0.0244204793125391
4,1,32,21,0.5936393141746521,0.09041862189769745
4,1,32,22,0.6390427350997925,0.10260121524333954
4,1,32,23,0.429125040769577,0.0954269990324974
4,1,32,24,0.6145602464675903,0.11675538867712021
4,1,32,25,0.46757709980010986,0.04982398822903633
4,1,32,26,0.4787019193172455,0.11342775076627731
4,1,32,27,0.6277191042900085,0.031751759350299835
4,1,32,28,0.414189875125885,0.12134529650211334
4,1,32,29,0.5227915048599243,0.1732657551765442
4,1,32,30,0.5110613107681274,0.08864567428827286
4,1,32,31,0.4909597635269165,0.14151670038700104
4,2,64,0,0.5283376574516296,0.18606600165367126
4,2,64,1,0.4919763505458832,0.10568973422050476
4,2,64,2,0.5197101831436157,0.1326606273651123
4,2,64,3,0.6271545886993408,0.17425796389579773
4,2,64,4,0.4296809136867523,0.15871521830558777
4,2,64,5,0.39422547817230225,0.2501775324344635
4,2,64,6,0.45708411931991577,0.058802131563425064
4,2,64,7,0.3373964726924896,0.13280831277370453
4,2,64,8,0.37233367562294006,0.15944869816303253
4,2,64,9,0.318795382976532,0.2433323711156845
4,2,64,10,0.43739160895347595,0.3092334270477295
4,2,64,11,0.5764871835708618,0.04443669691681862
4,2,64,12,0.3432225286960602,0.1707187443971634
4,2,64,13,0.6747680306434631,0.3163813054561615
4,2,64,14,0.517408549785614,0.2123403698205948
4,2,64,15,0.40609636902809143,0.2359108030796051
4,2,64,16,0.3976445496082306,0.1788562834262848
4,2,64,17,0.623803973197937,0.18816101551055908
4,2,64,18,0.5793952941894531,0.1759093850851059
4,2,64,19,0.5480945110321045,0.13928040862083435
4,2,64,20,0.6065384745597839,0.2812938094139099
4,2,64,21,0.7249400615692139,0.10559459775686264
4,2,64,22,0.44108617305755615,0.15411752462387085
4,2,64,23,0.3977196216583252,0.1177939623594284
4,2,64,24,0.4557378888130188,0.36212873458862305
4,2,64,25,0.43674778938293457,0.3719787299633026
4,2,64,26,0.3840484619140625,0.1624232679605484
4,2,64,27,0.44258248805999756,0.11056039482355118
4,2,64,28,0.6129481196403503,0.19644470512866974
4,2,64,29,0.5766770243644714,0.37911471724510193
4,2,64,30,0.3923146724700928,0.18952713906764984
4,2,64,31,0.24359861016273499,0.23340041935443878
4,2,64,32,0.7824068069458008,0.07107650488615036
4,2,64,33,0.4822922348976135,0.199082612991333
4,2,64,34,0.7530343532562256,0.26289936900138855
4,2,64,35,0.6585705280303955,0.07360541820526123
4,2,64,36,0.4373207092285156,0.05767522752285004
4,2,64,37,0.6428696513175964,0.23445603251457214
4,2,64,38,0.6346140503883362,0.20762884616851807
4,2,64,39,0.5272418260574341,0.2197830229997635
4,2,64,40,0.495274156332016,0.1738702803850174
4,2,64,41,0.5074736475944519,0.2937287986278534
4,2,64,42,0.32324206829071045,0.13184858858585358
4,2,64,43,0.500918447971344,0.11783484369516373
4,2,64,44,0.5188713669776917,0.26539328694343567
4,2,64,45,0.4731873571872711,0.2883393168449402
4,2,64,46,0.4746406674385071,0.21634043753147125
4,2,64,47,0.7053995728492737,0.13947878777980804
4,2,64,48,0.5101253986358643,0.15820984542369843
4,2,64,49,0.34335508942604065,0.1308145672082901
4,2,64,50,0.48917558789253235,0.14535757899284363
4,2,64,51,0.5699147582054138,0.21009530127048492
4,2,64,52,0.4282899498939514,0.16915714740753174
4,2,64,53,0.568453311920166,0.17726373672485352
4,2,64,54,0.34146443009376526,0.10203669220209122
4,2,64,55,0.571587860584259,0.2748720049858093
4,2,64,56,0.6806628704071045,0.27919653058052063
4,2,64,57,0.4456418454647064,0.11878345161676407
4,2,64,58,0.7629063129425049,0.10256341844797134
4,2,64,59,0.6225140690803528,0.27372220158576965
4,2,64,60,0.6194919347763062,0.09312774240970612
4,2,64,61,0.4926329553127289,0.1852298378944397
4,2,64,62,0.5129250884056091,0.208966925740242
4,2,64,63,0.6592717170715332,0.08186741918325424
4,3,64,0,0.5378231406211853,0.07444558292627335
4,3,64,1,0.48513278365135193,0.11837064474821091
4,3,64,2,0.5875319242477417,0.06641367822885513
4,3,64,3,0.39019548892974854,0.172045037150383
4,3,64,4,0.49395668506622314,0.16000816226005554
4,3,64,5,0.6626661419868469,0.10106046497821808
4,3,64,6,0.42181506752967834,0.10053648799657822
4,3,64,7,0.46124985814094543,0.12373471260070801
4,3,64,8,0.6246188879013062,0.1756870150566101
4,3,64,9,0.44810062646865845,0.18501950800418854
4,3,64,10,0.541027843952179,0.23051463067531586
4,3,64,11,0.44517993927001953,0.14517340064048767
4,3,64,12,0.5465093851089478,0.24677017331123352
4,3,64,13,0.48636725544929504,0.12417877465486526
4,3,64,14,0.411176860332489,0.1507997065782547
4,3,64,15,0.4781205952167511,0.16750936210155487
4,3,64,16,0.5339170694351196,0.1794736236333847
4,3,64,17,0.5285065770149231,0.12659360468387604
4,3,64,18,0.49143823981285095,0.16754011809825897
4,3,64,19,0.5408885478973389,0.2186761349439621
4,3,64,20,0.502106249332428,0.24370670318603516
4,3,64,21,0.5398515462875366,0.09153200685977936
4,3,64,22,0.4212858974933624,0.23385146260261536
4,3,64,23,0.5624993443489075,0.12773266434669495
4,3,64,24,0.2962772250175476,0.08014186471700668
4,3,64,25,0.3410232961177826,0.12300370633602142
4,3,64,26,0.5245385766029358,0.08961711823940277
4,3,64,27,0.4571170210838318,0.13659444451332092
4,3,64,28,0.5317003130912781,0.0822044163942337
4,3,64,29,0.47680625319480896,0.23378708958625793
4,3,64,30,0.5139676332473755,0.17509733140468597
4,3,64,31,0.4387703239917755,0.13672135770320892
4,3,64,32,0.5379540920257568,0.13002261519432068
4,3,64,33,0.3588557541370392,0.11993936449289322
4,3,64,34,0.5072233080863953,0.24944627285003662
4,3,64,35,0.5021183490753174,0.09274392575025558
4,3,64,36,0.5987645983695984,0.13779087364673615
4,3,64,37,0.5054927468299866,0.21318809688091278
4,3,64,38,0.4419713616371155,0.14797991514205933
4,3,64,39,0.3581753075122833,0.07889140397310257
4,3,64,40,0.5587097406387329,0.21014142036437988
4,3,64,41,0.44280147552490234,0.10445555299520493
4,3,64,42,0.6345807313919067,0.12483234703540802
4,3,64,43,0.570806622505188,0.1716792732477188
4,3,64,44,0.6417229771614075,0.08606528490781784
4,3,64,45,0.4329470992088318,0.0984116792678833
4,3,64,46,0.3183775842189789,0.08607224375009537
4,3,64,47,0.48010972142219543,0.17198775708675385
4,3,64,48,0.4099878966808319,0.20607200264930725
4,3,64,49,0.42153531312942505,0.2063802033662796
4,3,64,50,0.3820887804031372,0.17492693662643433
4,3,64,51,0.5443358421325684,0.07048852741718292
4,3,64,52,0.5644633173942566,0.21413889527320862
4,3,64,53,0.5119239091873169,0.1038428470492363
4,3,64,54,0.6523227095603943,0.11545074731111526
4,3,64,55,0.5133224725723267,0.0793938934803009
4,3,64,56,0.38391968607902527,0.1909130960702896
4,3,64,57,0.6294724345207214,0.15196667611598969
4,3,64,58,0.568827211856842,0.15121100842952728
4,3,64,59,0.647376537322998,0.09481226652860641
4,3,64,60,0.5824318528175354,0.14390666782855988
4,3,64,61,0.4540037512779236,0.15802116692066193
4,3,64,62,0.4986017346382141,0.12285887449979782
4,3,64,63,0.4694732427597046,0.1472795605659485
4,4,128,0,0.6738530993461609,0.14416174590587616
4,4,128,1,0.5792763829231262,0.20296774804592133
4,4,128,2,0.6406461596488953,0.24730463325977325
4,4,128,3,0.3541448712348938,0.07545852661132812
4,4,128,4,0.600786030292511,0.04474062845110893
4,4,128,5,0.641569972038269,0.08561211079359055
4,4,128,6,0.5109090209007263,0.16318292915821075
4,4,128,7,0.8047961592674255,0.09541922062635422
4,4,128,8,0.5054065585136414,0.1038847342133522
4,4,128,9,0.6184108257293701,0.23320254683494568
4,4,128,10,0.6293429136276245,0.1959928572177887
4,4,128,11,0.5078676342964172,0.03592904657125473
4,4,128,12,0.38525331020355225,0.3086477816104889
4,4,128,13,0.4550703167915344,0.16725175082683563
4,4,128,14,0.3564807176589966,0.1794009953737259
4,4,128,15,0.3146052062511444,0.07612112164497375
4,4,128,16,0.6275590062141418,0.2596631348133087
4,4,128,17,0.5658512115478516,0.1473376303911209
4,4,128,18,0.45517197251319885,0.17205290496349335
4,4,128,19,0.706421971321106,0.1868380606174469
4,4,128,20,0.6917193531990051,0.24118372797966003
4,4,128,21,0.7357091307640076,0.10873069614171982
4,4,128,22,0.4268512725830078,0.2733548581600189
4,4,128,23,0.39952877163887024,0.3258971869945526
4,4,128,24,0.6929404139518738,0.19130843877792358
4,4,128,25,0.7816904187202454,0.13279812037944794
4,4,128,26,0.5042027831077576,0.22909356653690338
4,4,128,27,0.4423205554485321,0.11194883286952972
4,4,128,28,0.31216228008270264,0.10821745544672012
4,4,128,29,0.6129188537597656,0.28356844186782837
4,4,128,30,0.5693944096565247,0.17019061744213104
4,4,128,31,0.43142762780189514,0.0610305592417717
4,4,128,32,0.628261387348175,0.10456085950136185
4,4,128,33,0.38245490193367004,0.29316434264183044
4,4,128,34,0.4306655824184418,0.09925717115402222
4,4,128,35,0.6255218982696533,0.3471371531486511
4,4,128,36,0.6185540556907654,0.2948754131793976
4,4,128,37,0.7412823438644409,0.10235700756311417
4,4,128,38,0.611136794090271,0.19470767676830292
4,4,128,39,0.5254111289978027,0.23435571789741516
4,4,128,40,0.7509880065917969,0.09667830914258957
4,4,128,41,0.6496641635894775,0.24284103512763977
4,4,128,42,0.6327239274978638,0.26698166131973267
4,4,128,43,0.7191340327262878,0.06277396529912949
4,4,128,44,0.7864096164703369,0.11036329716444016
4,4,128,45,0.635258674621582,0.3267955780029297
4,4,128,46,0.4602702856063843,0.25311151146888733
4,4,128,47,0.7410522103309631,0.170487180352211
4,4,128,48,0.5291972160339355,0.10824504494667053
4,4,128,49,0.7232282757759094,0.11387898772954941
4,4,128,50,0.41197991371154785,0.27255889773368835
4,4,128,51,0.6216381192207336,0.08707216382026672
4,4,128,52,0.6623967289924622,0.27033531665802
4,4,128,53,0.30635693669319153,0.17720717191696167
4,4,128,54,0.4259294271469116,0.05719130486249924
4,4,128,55,0.5028278231620789,0.19220030307769775
4,4,128,56,0.5353898406028748,0.11973033100366592
4,4,128,57,0.7114614248275757,0.21621203422546387
4,4,128,58,0.7536414265632629,0.14262764155864716
4,4,128,59,0.36801090836524963,0.3343508243560791
4,4,128,60,0.436581552028656,0.14386694133281708
4,4,128,61,0.7596824169158936,0.14417874813079834
4,4,128,62,0.7113130688667297,0.09718974679708481
4,4,128,63,0.5464300513267517,0.3192315101623535
4,4,128,64,0.46947765350341797,0.19348932802677155
4,4,128,65,0.616963803768158,0.3208124339580536
4,4,128,66,0.6595708131790161,0.2106555700302124
4,4,128,67,0.3964862823486328,0.13867032527923584
4,4,128,68,0.38559725880622864,0.27649345993995667
4,4,128,69,0.6617770791053772,0.13341231644153595
4,4,128,70,0.7053886651992798,0.13071966171264648
4,4,128,71,0.552186906337738,0.20833708345890045
4,4,128,72,0.35945531725883484,0.16311699151992798
4,4,128,73,0.6550799608230591,0.22962477803230286
4,4,128,74,0.6085920333862305,0.11722556501626968
4,4,128,75,0.7969644665718079,0.11526753008365631
4,4,128,76,0.5531051754951477,0.12247588485479355
4,4,128,77,0.6725099682807922,0.1909005492925644
4,4,128,78,0.4415457546710968,0.0977955237030983
4,4,128,79,0.597240149974823,0.28327617049217224
4,4,128,80,0.4784255027770996,0.2886662781238556
4,4,128,81,0.5886223316192627,0.2458522617816925
4,4,128,82,0.33111706376075745,0.2377258688211441
4,4,128,83,0.546014666557312,0.18433858454227448
4,4,128,84,0.4058714807033539,0.15415766835212708
4,4,128,85,0.591428279876709,0.2509952187538147
4,4,128,86,0.42770272493362427,0.09153676778078079
4,4,128,87,0.5981152653694153,0.09462831914424896
4,4,128,88,0.49629679322242737,0.22208452224731445
4,4,128,89,0.7128930687904358,0.08674126118421555
4,4,128,90,0.4510045349597931,0.16824939846992493
4,4,128,91,0.43836233019828796,0.0826883465051651
4,4,128,92,0.6068087816238403,0.11630917340517044
4,4,128,93,0.6720616221427917,0.10295963287353516
4,4,128,94,0.7462565302848816,0.09346294403076172
4,4,128,95,0.6114394664764404,0.1651056706905365
4,4,128,96,0.38030925393104553,0.21712729334831238
4,4,128,97,0.7733176350593567,0.12127403914928436
4,4,128,98,0.446800172328949,0.3108956813812256
4,4,128,99,0.6383461356163025,0.22323493659496307
4,4,128,100,0.6217659711837769,0.1858312338590622
4,4,128,101,0.6426277756690979,0.0829632431268692
4,4,128,102,0.5040531158447266,0.08148264139890671
4,4,128,103,0.5064917206764221,0.18943817913532257
4,4,128,104,0.6487390995025635,0.35629042983055115
4,4,128,105,0.646672248840332,0.28122231364250183
4,4,128,106,0.7597394585609436,0.12629397213459015
4,4,128,107,0.3872315585613251,0.25938424468040466
4,4,128,108,0.5877522826194763,0.2616923153400421
4,4,128,109,0.5705218315124512,0.1489316076040268
4,4,128,110,0.5739921927452087,0.07553816586732864
4,4,128,111,0.293350487947464,0.08680368959903717
4,4,128,112,0.6172825694084167,0.12988632917404175
4,4,128,113,0.2968616485595703,0.12208779156208038
4,4,128,114,0.5714671015739441,0.17450346052646637
4,4,128,115,0.7165465950965881,0.1237446665763855
4,4,128,116,0.6585956811904907,0.24757063388824463
4,4,128,117,0.4642522931098938,0.05197613313794136
4,4,128,118,0.6417279839515686,0.07381576299667358
4,4,128,119,0.5888989567756653,0.1733207255601883
4,4,128,120,0.47077056765556335,0.12704335153102875
4,4,128,121,0.35551318526268005,0.2748456299304962
4,4,128,122,0.3628368675708771,0.19931797683238983
4,4,128,123,0.559926450252533,0.1820739060640335
4,4,128,124,0.7326852083206177,0.1476888656616211
4,4,128,125,0.7434011101722717,0.09864406287670135
4,4,128,126,0.4460194408893585,0.08954703062772751
4,4,128,127,0.6282849311828613,0.272139310836792
4,5,128,0,0.5714576244354248,0.20953483879566193
4,5,128,1,0.73093581199646,0.18196751177310944
4,5,128,2,0.7465810179710388,0.15212173759937286
4,5,128,3,0.7969661951065063,0.08128959685564041
4,5,128,4,0.4745875895023346,0.36064407229423523
4,5,128,5,0.7948076128959656,0.1197604387998581
4,5,128,6,0.701084315776825,0.2938470244407654
4,5,128,7,0.8689091801643372,0.06372683495283127
4,5,128,8,0.7806353569030762,0.1358821541070938
4,5,128,9,0.7244471311569214,0.2489902526140213
4,5,128,10,0.5864992737770081,0.3521203398704529
4,5,128,11,0.8326714634895325,0.11545461416244507
4,5,128,12,0.7298024296760559,0.1276600956916809
4,5,128,13,0.8823674917221069,0.0677504763007164
4,5,128,14,0.5902185440063477,0.2765825390815735
4,5,128,15,0.4476121962070465,0.3246995806694031
4,5,128,16,0.7219403386116028,0.21601954102516174
4,5,128,17,0.5248748660087585,0.17014311254024506
4,5,128,18,0.7914711236953735,0.21475516259670258
4,5,128,19,0.8658572435379028,0.06333072483539581
4,5,128,20,0.863998293876648,0.07317139953374863
4,5,128,21,0.7425165176391602,0.21331630647182465
4,5,128,22,0.8346176743507385,0.08011583238840103
4,5,128,23,0.3739411234855652,0.3391004800796509
4,5,128,24,0.374289333820343,0.2562156915664673
4,5,128,25,0.7761427760124207,0.15956845879554749
4,5,128,26,0.5177403688430786,0.2917340099811554
4,5,128,27,0.7429010272026062,0.2737659513950348
4,5,128,28,0.6231077313423157,0.20428508520126343
4,5,128,29,0.7286713123321533,0.23422887921333313
4,5,128,30,0.6800050139427185,0.24239687621593475
4,5,128,31,0.4934636354446411,0.34989219903945923
4,5,128,32,0.7105763554573059,0.1119132786989212
4,5,128,33,0.8658055067062378,0.09723875671625137
4,5,128,34,0.668455958366394,0.2162323147058487
4,5,128,35,0.7673669457435608,0.24178282916545868
4,5,128,36,0.8795120716094971,0.06222746893763542
4,5,128,37,0.7395955920219421,0.15777349472045898
4,5,128,38,0.7461739182472229,0.23317883908748627
4,5,128,39,0.43309706449508667,0.26568838953971863
4,5,128,40,0.43863004446029663,0.25836867094039917
4,5,128,41,0.696195125579834,0.2659643292427063
4,5,128,42,0.6724031567573547,0.25110048055648804
4,5,128,43,0.6268532276153564,0.2196533977985382
4,5,128,44,0.8939434885978699,0.0618920661509037
4,5,128,45,0.8243438601493835,0.15888173878192902
4,5,128,46,0.876748263835907,0.0716206282377243
4,5,128,47,0.7815103530883789,0.09175781905651093
4,5,128,48,0.7570881843566895,0.21218636631965637
4,5,128,49,0.751636803150177,0.23365788161754608
4,5,128,50,0.40258124470710754,0.28232425451278687
4,5,128,51,0.5260897874832153,0.24621424078941345
4,5,128,52,0.850418746471405,0.09735337644815445
4,5,128,53,0.8240896463394165,0.08772308379411697
4,5,128,54,0.6142441034317017,0.27359992265701294
4,5,128,55,0.8371984362602234,0.07324640452861786
4,5,128,56,0.712520956993103,0.25514593720436096
4,5,128,57,0.7189961671829224,0.21345338225364685
4,5,128,58,0.7744312286376953,0.20762480795383453
4,5,128,59,0.40419989824295044,0.29570508003234863
4,5,128,60,0.5059385299682617,0.2632721960544586
4,5,128,61,0.715473473072052,0.1305260956287384
4,5,128,62,0.6579774022102356,0.21308432519435883
4,5,128,63,0.8555012345314026,0.07143259793519974
4,5,128,64,0.8575281500816345,0.070797860622406
4,5,128,65,0.7017346620559692,0.21394498646259308
4,5,128,66,0.768131673336029,0.25943464040756226
4,5,128,67,0.7940419912338257,0.21023966372013092
4,5,128,68,0.7240734100341797,0.1139606237411499
4,5,128,69,0.7791838049888611,0.20157012343406677
4,5,128,70,0.6051111817359924,0.3254360258579254
4,5,128,71,0.8069607019424438,0.15481416881084442
4,5,128,72,0.4409288465976715,0.23308999836444855
4,5,128,73,0.6866868734359741,0.2395559698343277
4,5,128,74,0.8196471929550171,0.10176265239715576
4,5,128,75,0.8826813697814941,0.07498461753129959
4,5,128,76,0.8113983869552612,0.12009208649396896
4,5,128,77,0.4366259276866913,0.23144501447677612
4,5,128,78,0.4310639202594757,0.36144256591796875
4,5,128,79,0.43494343757629395,0.2495628446340561
4,5,128,80,0.4781508445739746,0.31124457716941833
4,5,128,81,0.7406835556030273,0.2563207447528839
4,5,128,82,0.5648457407951355,0.21057407557964325
4,5,128,83,0.8023330569267273,0.12166241556406021
4,5,128,84,0.7809266448020935,0.13522480428218842
4,5,128,85,0.8685442209243774,0.07981600612401962
4,5,128,86,0.4891895353794098,0.32284048199653625
4,5,128,87,0.6771257519721985,0.18081896007061005
4,5,128,88,0.7667059898376465,0.12448268383741379
4,5,128,89,0.8087126016616821,0.22704491019248962
4,5,128,90,0.6651705503463745,0.1843615025281906
4,5,128,91,0.7632763981819153,0.2008427232503891
4,5,128,92,0.38485613465309143,0.30173933506011963
4,5,128,93,0.68724524974823,0.23501965403556824
4,5,128,94,0.793850839138031,0.16665342450141907
4,5,128,95,0.2727866768836975,0.3126102685928345
4,5,128,96,0.4669749438762665,0.38980430364608765
4,5,128,97,0.8486810922622681,0.0836978331208229
4,5,128,98,0.2520061135292053,0.2667749226093292
4,5,128,99,0.7465050220489502,0.27966275811195374
4,5,128,100,0.7764188051223755,0.0682692602276802
4,5,128,101,0.6215749979019165,0.21219120919704437
4,5,128,102,0.8328959345817566,0.13327175378799438
4,5,128,103,0.6415669322013855,0.19310685992240906
4,5,128,104,0.7707270383834839,0.21392516791820526
4,5,128,105,0.8024044632911682,0.19282983243465424
4,5,128,106,0.8566190600395203,0.06505544483661652
4,5,128,107,0.21548645198345184,0.12112247198820114
4,5,128,108,0.7780924439430237,0.15867352485656738
4,5,128,109,0.7066698670387268,0.3032461702823639
4,5,128,110,0.8996871709823608,0.054415903985500336
4,5,128,111,0.459835946559906,0.3698086142539978
4,5,128,112,0.4813001751899719,0.17402474582195282
4,5,128,113,0.4145721197128296,0.19440999627113342
4,5,128,114,0.570379912853241,0.336982786655426
4,5,128,115,0.7578191757202148,0.10518424212932587
4,5,128,116,0.7922353148460388,0.10581610351800919
4,5,128,117,0.46546870470046997,0.24532821774482727
4,5,128,118,0.8493043780326843,0.0806945264339447
4,5,128,119,0.6830101609230042,0.22420790791511536
4,5,128,120,0.743823766708374,0.11132330447435379
4,5,128,121,0.46521642804145813,0.1265708953142166
4,5,128,122,0.817606508731842,0.10829449445009232
4,5,128,123,0.7860925793647766,0.14717361330986023
4,5,128,124,0.6085454821586609,0.2205134779214859
4,5,128,125,0.8646378517150879,0.08368805050849915
4,5,128,126,0.6407730579376221,0.20716790854930878
4,5,128,127,0.7387024760246277,0.2653683125972748
5,0,32,0,0.5497733354568481,0.04036131501197815
5,0,32,1,0.6032046675682068,0.12367023527622223
5,0,32,2,0.5391702651977539,0.07534755021333694
5,0,32,3,0.5126507878303528,0.03617165610194206
5,0,32,4,0.31125006079673767,0.07930980622768402
5,0,32,5,0.4612381160259247,0.040704164654016495
5,0,32,6,0.4562910199165344,0.09251752495765686
5,0,32,7,0.3247602581977844,0.0897776186466217
5,0,32,8,0.5656585097312927,0.12573672831058502
5,0,32,9,0.5306984186172485,0.08440665900707245
5,0,32,10,0.5956618785858154,0.0653153657913208
5,0,32,11,0.6271772384643555,0.12584762275218964
5,0,32,12,0.390481561422348,0.11962557584047318
5,0,32,13,0.5073820352554321,0.06794663518667221
5,0,32,14,0.4949640929698944,0.09120816737413406
5,0,32,15,0.49056240916252136,0.09341421723365784
5,0,32,16,0.6074903011322021,0.039332155138254166
5,0,32,17,0.5268808603286743,0.09310471266508102
5,0,32,18,0.5003072619438171,0.07980891317129135
5,0,32,19,0.4010332524776459,0.08361301571130753
5,0,32,20,0.5201483368873596,0.13438770174980164
5,0,32,21,0.45935505628585815,0.09550949186086655
5,0,32,22,0.5463125705718994,0.14233267307281494
5,0,32,23,0.5392376780509949,0.062276218086481094
5,0,32,24,0.539294421672821,0.07638927549123764
5,0,32,25,0.41583675146102905,0.10228680819272995
5,0,32,26,0.44771572947502136,0.08176907896995544
5,0,32,27,0.5898698568344116,0.09413445740938187
5,0,32,28,0.5625898241996765,0.07792263478040695
5,0,32,29,0.5073052048683167,0.10084012895822525
5,0,32,30,0.4649984836578369,0.04246200993657112
5,0,32,31,0.40330970287323,0.04517541453242302
5,1,32,0,0.553230881690979,0.09231214970350266
5,1,32,1,0.40643444657325745,0.10724540799856186
5,1,32,2,0.6366370916366577,0.08131572604179382
5,1,32,3,0.38189956545829773,0.11815957725048065
5,1,32,4,0.5115253925323486,0.050555549561977386
5,1,32,5,0.43687117099761963,0.10253194719552994
5,1,32,6,0.34021443128585815,0.06321676075458527
5,1,32,7,0.653553307056427,0.10642625391483307
5,1,32,8,0.5010204911231995,0.12543460726737976
5,1,32,9,0.485567569732666,0.12826025485992432
5,1,32,10,0.456722229719162,0.18017315864562988
5,1,32,11,0.6798906922340393,0.09428778290748596
5,1,32,12,0.7297635674476624,0.07840307056903839
5,1,32,13,0.5314825773239136,0.15775902569293976
5,1,32,14,0.7189520001411438,0.09193531423807144
5,1,32,15,0.6083732843399048,0.09060970693826675
5,1,32,16,0.5284491777420044,0.1080288290977478
5,1,32,17,0.4775083661079407,0.13275161385536194
5,1,32,18,0.49207955598831177,0.04027995467185974
5,1,32,19,0.48046576976776123,0.13145089149475098
5,1,32,20,0.37872567772865295,0.08208215236663818
5,1,32,21,0.484266459941864,0.038384243845939636
5,1,32,22,0.46458345651626587,0.0478188581764698
5,1,32,23,0.5702178478240967,0.043203506618738174
5,1,32,24,0.4601207673549652,0.12188999354839325
5,1,32,25,0.5932964086532593,0.1240234524011612
5,1,32,26,0.35528233647346497,0.08083855360746384
5,1,32,27,0.5646814703941345,0.11997354030609131
5,1,32,28,0.365324467420578,0.10077940672636032
5,1,32,29,0.4680512845516205,0.059238117188215256
5,1,32,30,0.5888482332229614,0.11300066858530045
5,1,32,31,0.4899592399597168,0.07673788070678711
5,2,64,0,0.4466592073440552,0.17243219912052155
5,2,64,1,0.4450131356716156,0.1900259554386139
5,2,64,2,0.5790609121322632,0.0595504529774189
5,2,64,3,0.4174104332923889,0.1529632955789566
5,2,64,4,0.6908199787139893,0.12499045580625534
5,2,64,5,0.6148886680603027,0.16898787021636963
5,2,64,6,0.6122986674308777,0.08942758291959763
5,2,64,7,0.5307482481002808,0.244177907705307
5,2,64,8,0.4573043882846832,0.15296117961406708
5,2,64,9,0.4824705719947815,0.13080762326717377
5,2,64,10,0.5125865340232849,0.2597682774066925
5,2,64,11,0.5636021494865417,0.110015869140625
5,2,64,12,0.4743540287017822,0.1360979974269867
5,2,64,13,0.4502536654472351,0.2746957838535309
5,2,64,14,0.6282464265823364,0.16567379236221313
5,2,64,15,0.445575475692749,0.1393752098083496
5,2,64,16,0.4898262619972229,0.24853481352329254
5,2,64,17,0.5583930611610413,0.11499179154634476
5,2,64,18,0.5352623462677002,0.2821425497531891
5,2,64,19,0.7431905269622803,0.09682400524616241
5,2,64,20,0.539234459400177,0.14999529719352722
5,2,64,21,0.40704086422920227,0.11446547508239746
5,2,64,22,0.46229541301727295,0.19205915927886963
5,2,64,23,0.5063275098800659,0.18260954320430756
5,2,64,24,0.6791353225708008,0.1095956414937973
5,2,64,25,0.4337266683578491,0.11167741566896439
5,2,64,26,0.4409029185771942,0.1103646382689476
5,2,64,27,0.4488902688026428,0.17102518677711487
5,2,64,28,0.5387815237045288,0.21742857992649078
5,2,64,29,0.5055991411209106,0.11759928613901138
5,2,64,30,0.45117050409317017,0.18095506727695465
5,2,64,31,0.48862749338150024,0.1464603692293167
5,2,64,32,0.6671930551528931,0.13861490786075592
5,2,64,33,0.45425328612327576,0.07669012993574142
5,2,64,34,0.4605238735675812,0.1167728379368782
5,2,64,35,0.3700316548347473,0.12074469029903412
5,2,64,36,0.6567659378051758,0.1046888455748558
5,2,64,37,0.5104880928993225,0.16402576863765717
5,2,64,38,0.5368450880050659,0.12390684336423874
5,2,64,39,0.36760663986206055,0.11174006760120392
5,2,64,40,0.592250406742096,0.09808969497680664
5,2,64,41,0.4483203887939453,0.16099141538143158
5,2,64,42,0.5315383076667786,0.16078230738639832
5,2,64,43,0.5869557857513428,0.1983473151922226
5,2,64,44,0.5891520977020264,0.14606434106826782
5,2,64,45,0.369551420211792,0.09501811116933823
5,2,64,46,0.5280233025550842,0.19282099604606628
5,2,64,47,0.5127977132797241,0.2974138855934143
5,2,64,48,0.6919068694114685,0.10891629010438919
5,2,64,49,0.5078483819961548,0.2278844714164734
5,2,64,50,0.5458546280860901,0.22042851150035858
5,2,64,51,0.4604037404060364,0.060445114970207214
5,2,64,52,0.4772709012031555,0.18679022789001465
5,2,64,53,0.5528180003166199,0.1139502227306366
5,2,64,54,0.49780669808387756,0.0484401173889637
5,2,64,55,0.48270127177238464,0.2598191797733307
5,2,64,56,0.5716592073440552,0.20386788249015808
5,2,64,57,0.5577862858772278,0.1273043155670166
5,2,64,58,0.49540042877197266,0.24084411561489105
5,2,64,59,0.5477311611175537,0.038443271070718765
5,2,64,60,0.6208082437515259,0.1823395937681198
5,2,64,61,0.5887304544448853,0.25662359595298767
5,2,64,62,0.41513630747795105,0.1269816905260086
5,2,64,63,0.5385202765464783,0.05398030951619148
5,3,64,0,0.4611424207687378,0.12439387291669846
5,3,64,1,0.5729227662086487,0.2966614067554474
5,3,64,2,0.5149520039558411,0.05408454313874245
5,3,64,3,0.5451723337173462,0.10908669233322144
5,3,64,4,0.5662934184074402,0.3115607798099518
5,3,64,5,0.3671358525753021,0.08402450382709503
5,3,64,6,0.5066806077957153,0.12496602535247803
5,3,64,7,0.410052627325058,0.2192506492137909
5,3,64,8,0.6720223426818848,0.2271663248538971
5,3,64,9,0.43597352504730225,0.07563532888889313
5,3,64,10,0.41472578048706055,0.07260750234127045
5,3,64,11,0.41811537742614746,0.20101435482501984
5,3,64,12,0.4439758360385895,0.15155883133411407
5,3,64,13,0.3404960334300995,0.06790514290332794
5,3,64,14,0.5984108448028564,0.08586201816797256
5,3,64,15,0.39117246866226196,0.10544896125793457
5,3,64,16,0.6377546787261963,0.08606445044279099
5,3,64,17,0.4787043333053589,0.16922347247600555
5,3,64,18,0.3875838816165924,0.14672118425369263
5,3,64,19,0.6361979246139526,0.09571263194084167
5,3,64,20,0.5741650462150574,0.20623211562633514
5,3,64,21,0.341360867023468,0.17933069169521332
5,3,64,22,0.47810640931129456,0.06986507773399353
5,3,64,23,0.5220255851745605,0.11249709129333496
5,3,64,24,0.31452322006225586,0.11840421706438065
5,3,64,25,0.590671718120575,0.25176364183425903
5,3,64,26,0.5441197752952576,0.11356624215841293
5,3,64,27,0.6227172613143921,0.13825169205665588
5,3,64,28,0.6496620774269104,0.08319683372974396
5,3,64,29,0.7044454216957092,0.12949319183826447
5,3,64,30,0.5849841833114624,0.1265687644481659
5,3,64,31,0.23248952627182007,0.14612604677677155
5,3,64,32,0.5859718322753906,0.23548395931720734
5,3,64,33,0.34234818816185,0.0728304386138916
5,3,64,34,0.5547725558280945,0.10090944170951843
5,3,64,35,0.31714022159576416,0.0992545634508133
5,3,64,36,0.4566921889781952,0.1733349710702896
5,3,64,37,0.5492892861366272,0.23447595536708832
5,3,64,38,0.48718753457069397,0.14786924421787262
5,3,64,39,0.7515552043914795,0.16409941017627716
5,3,64,40,0.6142834424972534,0.06432265788316727
5,3,64,41,0.36615416407585144,0.13291625678539276
5,3,64,42,0.6623474955558777,0.10104386508464813
5,3,64,43,0.6241936683654785,0.2804165184497833
5,3,64,44,0.4779603183269501,0.1889192909002304
5,3,64,45,0.3311869204044342,0.1534678339958191
5,3,64,46,0.5691041350364685,0.09864703565835953
5,3,64,47,0.4157625734806061,0.1173769161105156
5,3,64,48,0.44005143642425537,0.10622881352901459
5,3,64,49,0.7697619199752808,0.1326868087053299
5,3,64,50,0.4534738063812256,0.14500293135643005
5,3,64,51,0.7239190340042114,0.134955495595932
5,3,64,52,0.5474357008934021,0.16979138553142548
5,3,64,53,0.6140191555023193,0.10323301702737808
5,3,64,54,0.3744351267814636,0.08313822001218796
5,3,64,55,0.26573559641838074,0.17311003804206848
5,3,64,56,0.3788950741291046,0.2215578854084015
5,3,64,57,0.4753108024597168,0.10390322655439377
5,3,64,58,0.31185027956962585,0.20941799879074097
5,3,64,59,0.4249532222747803,0.1695515215396881
5,3,64,60,0.40409645438194275,0.23652638494968414
5,3,64,61,0.6421300768852234,0.26943543553352356
5,3,64,62,0.4473721385002136,0.0905403196811676
5,3,64,63,0.4417884051799774,0.20653796195983887
5,4,128,0,0.6269643902778625,0.07404328882694244
5,4,128,1,0.6575139164924622,0.29343414306640625
5,4,128,2,0.34222105145454407,0.25694942474365234
5,4,128,3,0.43748021125793457,0.35287952423095703
5,4,128,4,0.5920443534851074,0.21664753556251526
5,4,128,5,0.3884560167789459,0.22269587218761444
5,4,128,6,0.4495159983634949,0.2503276467323303
5,4,128,7,0.5891909003257751,0.34681248664855957
5,4,128,8,0.5529705882072449,0.29876694083213806
5,4,128,9,0.5096147656440735,0.18701423704624176
5,4,128,10,0.6739311218261719,0.28534752130508423
5,4,128,11,0.45666125416755676,0.21829427778720856
5,4,128,12,0.6140390038490295,0.24374912679195404
5,4,128,13,0.6551160216331482,0.27759620547294617
5,4,128,14,0.4299097955226898,0.26554641127586365
5,4,128,15,0.6275953054428101,0.33803293108940125
5,4,128,16,0.4585680663585663,0.2060295045375824
5,4,128,17,0.4358496069908142,0.2383859008550644
5,4,128,18,0.7650867104530334,0.09739742428064346
5,4,128,19,0.6386489272117615,0.27801215648651123
5,4,128,20,0.4892335832118988,0.24852794408798218
5,4,128,21,0.34839123487472534,0.2140832543373108
5,4,128,22,0.48646625876426697,0.2547857165336609
5,4,128,23,0.543640673160553,0.308200865983963
5,4,128,24,0.6005394458770752,0.3489122986793518
5,4,128,25,0.7517247796058655,0.08354482799768448
5,4,128,26,0.7505858540534973,0.1288924217224121
5,4,128,27,0.5547400712966919,0.19843243062496185
5,4,128,28,0.4992576539516449,0.26292431354522705
5,4,128,29,0.5143264532089233,0.1935243159532547
5,4,128,30,0.5445125699043274,0.3519405424594879
5,4,128,31,0.5431064963340759,0.12764307856559753
5,4,128,32,0.445804625749588,0.33680206537246704
5,4,128,33,0.5597707033157349,0.3104708790779114
5,4,128,34,0.44387730956077576,0.2580071687698364
5,4,128,35,0.5157252550125122,0.24450348317623138
5,4,128,36,0.5728853940963745,0.15393193066120148
5,4,128,37,0.5408154726028442,0.30850204825401306
5,4,128,38,0.41858863830566406,0.3196415305137634
5,4,128,39,0.4419149160385132,0.25860536098480225
5,4,128,40,0.6087039709091187,0.3335934281349182
5,4,128,41,0.7317568063735962,0.28413307666778564
5,4,128,42,0.6198762655258179,0.20285974442958832
5,4,128,43,0.5690972208976746,0.30372804403305054
5,4,128,44,0.555738091468811,0.19304463267326355
5,4,128,45,0.4996747076511383,0.25229689478874207
5,4,128,46,0.21536022424697876,0.11049138754606247
5,4,128,47,0.4125489890575409,0.2501477003097534
5,4,128,48,0.6177788972854614,0.12701374292373657
5,4,128,49,0.4278333783149719,0.24983255565166473
5,4,128,50,0.5952797532081604,0.22727122902870178
5,4,128,51,0.5448637008666992,0.2706640064716339
5,4,128,52,0.436838299036026,0.2680359184741974
5,4,128,53,0.5369917750358582,0.3591918647289276
5,4,128,54,0.324398934841156,0.22781483829021454
5,4,128,55,0.4707341492176056,0.2620553970336914
5,4,128,56,0.5458914637565613,0.29336825013160706
5,4,128,57,0.7043918967247009,0.16127997636795044
5,4,128,58,0.5969406962394714,0.26007816195487976
5,4,128,59,0.6784171462059021,0.13683323562145233
5,4,128,60,0.3119157552719116,0.0980243906378746
5,4,128,61,0.7495979070663452,0.1435818374156952
5,4,128,62,0.5559146404266357,0.2309507131576538
5,4,128,63,0.7940790057182312,0.14166104793548584
5,4,128,64,0.5960268974304199,0.2594422996044159
5,4,128,65,0.49281907081604004,0.3351736068725586
5,4,128,66,0.3656144142150879,0.2533271014690399
5,4,128,67,0.5679958462715149,0.12634514272212982
5,4,128,68,0.5734508633613586,0.16624680161476135
5,4,128,69,0.6616740822792053,0.3391687273979187
5,4,128,70,0.5151947140693665,0.28425225615501404
5,4,128,71,0.36756792664527893,0.1362035721540451
5,4,128,72,0.5507872104644775,0.2560091018676758
5,4,128,73,0.44206005334854126,0.13338568806648254
5,4,128,74,0.44826218485832214,0.2028779834508896
5,4,128,75,0.5563222169876099,0.17579567432403564
5,4,128,76,0.5322691202163696,0.3173232674598694
5,4,128,77,0.5379316806793213,0.13211116194725037
5,4,128,78,0.40154093503952026,0.14969831705093384
5,4,128,79,0.5225939750671387,0.2831306457519531
5,4,128,80,0.7015828490257263,0.15278036892414093
5,4,128,81,0.6069968938827515,0.27141696214675903
5,4,128,82,0.5652689337730408,0.23596090078353882
5,4,128,83,0.5113903284072876,0.2862097918987274
5,4,128,84,0.7324590086936951,0.14269056916236877
5,4,128,85,0.6018698215484619,0.34218019247055054
5,4,128,86,0.7127023339271545,0.11657159775495529
5,4,128,87,0.5912389159202576,0.32281967997550964
5,4,128,88,0.5084283351898193,0.12061912566423416
5,4,128,89,0.6584111452102661,0.21181869506835938
5,4,128,90,0.4664735198020935,0.2420467734336853
5,4,128,91,0.8664395809173584,0.11203238368034363
5,4,128,92,0.5881571769714355,0.21897171437740326
5,4,128,93,0.4264410734176636,0.21282562613487244
5,4,128,94,0.6797444224357605,0.18829494714736938
5,4,128,95,0.5528143048286438,0.1878424435853958
5,4,128,96,0.4802964925765991,0.2308250069618225
5,4,128,97,0.5511718988418579,0.31062301993370056
5,4,128,98,0.4853741526603699,0.2799021005630493
5,4,128,99,0.37003347277641296,0.30606603622436523
5,4,128,100,0.5907722115516663,0.34049978852272034
5,4,128,101,0.593339204788208,0.3305266499519348
5,4,128,102,0.7639822363853455,0.09949811547994614
5,4,128,103,0.4716094732284546,0.1625497043132782
5,4,128,104,0.7675317525863647,0.12577885389328003
5,4,128,105,0.35437068343162537,0.2830764055252075
5,4,128,106,0.7726689577102661,0.14184503257274628
5,4,128,107,0.4666762351989746,0.23569661378860474
5,4,128,108,0.5891757607460022,0.329153835773468
5,4,128,109,0.804233193397522,0.08594968914985657
5,4,128,110,0.6251064538955688,0.2880121171474457
5,4,128,111,0.6430476307868958,0.32435616850852966
5,4,128,112,0.5695628523826599,0.13309140503406525
5,4,128,113,0.3731175661087036,0.18141776323318481
5,4,128,114,0.5780348777770996,0.27793142199516296
5,4,128,115,0.4854092299938202,0.2662116289138794
5,4,128,116,0.3997424840927124,0.2291283756494522
5,4,128,117,0.4205654561519623,0.3304769694805145
5,4,128,118,0.5380594730377197,0.23824626207351685
5,4,128,119,0.46839702129364014,0.19869472086429596
5,4,128,120,0.4073605239391327,0.19031955301761627
5,4,128,121,0.5557249188423157,0.22155457735061646
5,4,128,122,0.37476587295532227,0.24549396336078644
5,4,128,123,0.6302424669265747,0.3182585537433624
5,4,128,124,0.5087196826934814,0.14284908771514893
5,4,128,125,0.515070915222168,0.20457550883293152
5,4,128,126,0.6216346025466919,0.27211612462997437
5,4,128,127,0.5104835629463196,0.2957393229007721
5,5,128,0,0.5514326095581055,0.12487538903951645
5,5,128,1,0.8335590958595276,0.18059103190898895
5,5,128,2,0.7250317335128784,0.24016542732715607
5,5,128,3,0.5116561651229858,0.22689510881900787
5,5,128,4,0.8038961291313171,0.10596765577793121
5,5,128,5,0.8464129567146301,0.11436938494443893
5,5,128,6,0.6414065957069397,0.12097130715847015
5,5,128,7,0.7977690696716309,0.15959490835666656
5,5,128,8,0.4726826250553131,0.24595245718955994
5,5,128,9,0.7578880190849304,0.20416302978992462
5,5,128,10,0.8230387568473816,0.17360132932662964
5,5,128,11,0.8154536485671997,0.09781438112258911
5,5,128,12,0.8811168074607849,0.10388088971376419
5,5,128,13,0.3548820912837982,0.3075776696205139
5,5,128,14,0.7146519422531128,0.32131507992744446
5,5,128,15,0.6458401679992676,0.19672152400016785
5,5,128,16,0.7103163003921509,0.2007071077823639
5,5,128,17,0.4706000089645386,0.13802769780158997
5,5,128,18,0.6653937101364136,0.18970128893852234
5,5,128,19,0.7481830716133118,0.19572021067142487
5,5,128,20,0.8206926584243774,0.097548708319664
5,5,128,21,0.31883805990219116,0.3202325105667114
5,5,128,22,0.7029995918273926,0.2608058452606201
5,5,128,23,0.8181845545768738,0.10872640460729599
5,5,128,24,0.7485394477844238,0.13656549155712128
5,5,128,25,0.7730823159217834,0.17075428366661072
5,5,128,26,0.8189834356307983,0.12878981232643127
5,5,128,27,0.7646849155426025,0.11667903512716293
5,5,128,28,0.5432943105697632,0.14624284207820892
5,5,128,29,0.7925768494606018,0.2354794442653656
5,5,128,30,0.8336544632911682,0.15651041269302368
5,5,128,31,0.808038592338562,0.10797933489084244
5,5,128,32,0.7616874575614929,0.20893558859825134
5,5,128,33,0.7288878560066223,0.24781470000743866
5,5,128,34,0.7256470322608948,0.18622130155563354
5,5,128,35,0.31509748101234436,0.21990662813186646
5,5,128,36,0.7834096550941467,0.15332289040088654
5,5,128,37,0.8443135619163513,0.1375626176595688
5,5,128,38,0.3035716712474823,0.13104549050331116
5,5,128,39,0.7755414843559265,0.09973509609699249
5,5,128,40,0.4302337169647217,0.25216859579086304
5,5,128,41,0.7787103056907654,0.2745392620563507
5,5,128,42,0.5915275812149048,0.10692433267831802
5,5,128,43,0.37944602966308594,0.17465068399906158
5,5,128,44,0.4472382664680481,0.17291872203350067
5,5,128,45,0.7791481614112854,0.21705950796604156
5,5,128,46,0.4289659857749939,0.12409566342830658
5,5,128,47,0.3721497058868408,0.13814792037010193
5,5,128,48,0.7714518904685974,0.21264347434043884
5,5,128,49,0.3313957750797272,0.28906628489494324
5,5,128,50,0.7852129936218262,0.1303921490907669
5,5,128,51,0.6775532364845276,0.2719544768333435
5,5,128,52,0.3265034556388855,0.2304799109697342
5,5,128,53,0.7449203133583069,0.18041467666625977
5,5,128,54,0.7764865159988403,0.13057826459407806
5,5,128,55,0.34867581725120544,0.3465029001235962
5,5,128,56,0.7062747478485107,0.23559004068374634
5,5,128,57,0.7304292917251587,0.13891027867794037
5,5,128,58,0.7897335290908813,0.22943787276744843
5,5,128,59,0.8027878403663635,0.11968471109867096
5,5,128,60,0.5701392889022827,0.18043336272239685
5,5,128,61,0.7206418514251709,0.14871077239513397
5,5,128,62,0.7996055483818054,0.13207753002643585
5,5,128,63,0.7463189363479614,0.25379040837287903
5,5,128,64,0.6733490824699402,0.22949635982513428
5,5,128,65,0.3898898959159851,0.1579340249300003
5,5,128,66,0.7306739091873169,0.19425737857818604
5,5,128,67,0.7826113104820251,0.21487762033939362
5,5,128,68,0.7904067635536194,0.1677214801311493
5,5,128,69,0.7665009498596191,0.1948457807302475
5,5,128,70,0.765198290348053,0.15707382559776306
5,5,128,71,0.7880761027336121,0.12863098084926605
5,5,128,72,0.4776434600353241,0.20288290083408356
5,5,128,73,0.430771142244339,0.2701914310455322
5,5,128,74,0.7269768714904785,0.2183242291212082
5,5,128,75,0.7034212946891785,0.14466644823551178
5,5,128,76,0.727297306060791,0.08563944697380066
5,5,128,77,0.7714284062385559,0.12881310284137726
5,5,128,78,0.39187806844711304,0.14124302566051483
5,5,128,79,0.689045250415802,0.21636386215686798
5,5,128,80,0.7914457321166992,0.08251188695430756
5,5,128,81,0.754149854183197,0.27950015664100647
5,5,128,82,0.847262442111969,0.11650513112545013
5,5,128,83,0.5634534358978271,0.18886098265647888
5,5,128,84,0.7899868488311768,0.09186150878667831
5,5,128,85,0.674088716506958,0.07248417288064957
5,5,128,86,0.7318341135978699,0.2428950071334839
5,5,128,87,0.7769623398780823,0.2466559112071991
5,5,128,88,0.8261083364486694,0.1753564178943634
5,5,128,89,0.8045178651809692,0.14756840467453003
5,5,128,90,0.7253285050392151,0.1048525795340538
5,5,128,91,0.8427754044532776,0.09295627474784851
5,5,128,92,0.7731035351753235,0.09176693856716156
5,5,128,93,0.4189899265766144,0.295735627412796
5,5,128,94,0.7941666841506958,0.11231344938278198
5,5,128,95,0.5366857647895813,0.24811339378356934
5,5,128,96,0.7640703320503235,0.12813393771648407
5,5,128,97,0.7198625802993774,0.22329822182655334
5,5,128,98,0.46770957112312317,0.21490710973739624
5,5,128,99,0.7097931504249573,0.21300701797008514
5,5,128,100,0.8578785061836243,0.1550258845090866
5,5,128,101,0.761850893497467,0.16672486066818237
5,5,128,102,0.8524690866470337,0.11767670512199402
5,5,128,103,0.5907503366470337,0.13849057257175446
5,5,128,104,0.8118841052055359,0.15812361240386963
5,5,128,105,0.6247944831848145,0.2400200068950653
5,5,128,106,0.7699585556983948,0.18902014195919037
5,5,128,107,0.7817738056182861,0.10422343760728836
5,5,128,108,0.467954158782959,0.1276130974292755
5,5,128,109,0.8251469731330872,0.11710995435714722
5,5,128,110,0.709377646446228,0.23274533450603485
5,5,128,111,0.7736457586288452,0.155238538980484
5,5,128,112,0.7572931051254272,0.12801159918308258
5,5,128,113,0.5029327869415283,0.20050862431526184
5,5,128,114,0.7751343250274658,0.26597586274147034
5,5,128,115,0.6833381056785583,0.24265368282794952
5,5,128,116,0.7213552594184875,0.16912855207920074
5,5,128,117,0.6840003132820129,0.18248802423477173
5,5,128,118,0.7101520895957947,0.17047707736492157
5,5,128,119,0.7490454912185669,0.26821231842041016
5,5,128,120,0.845262348651886,0.11268988251686096
5,5,128,121,0.7585186958312988,0.1468452364206314
5,5,128,122,0.3667052388191223,0.2295801043510437
5,5,128,123,0.8317210674285889,0.18560627102851868
5,5,128,124,0.7506336569786072,0.1553298979997635
5,5,128,125,0.8084750175476074,0.19636844098567963
5,5,128,126,0.7652509212493896,0.19497449696063995
5,5,128,127,0.6711260080337524,0.2082800716161728
6,0,32,0,0.5633731484413147,0.19742552936077118
6,0,32,1,0.5698236227035522,0.0987643152475357
6,0,32,2,0.5662615895271301,0.10018643736839294
6,0,32,3,0.48612046241760254,0.0914878323674202
6,0,32,4,0.45665818452835083,0.193560391664505
6,0,32,5,0.3980354964733124,0.13580043613910675
6,0,32,6,0.587287187576294,0.05091623216867447
6,0,32,7,0.3809439241886139,0.15400494635105133
6,0,32,8,0.459637850522995,0.16992869973182678
6,0,32,9,0.3651723265647888,0.1397935152053833
6,0,32,10,0.5155395865440369,0.13850238919258118
6,0,32,11,0.5584133267402649,0.11479479819536209
6,0,32,12,0.5877665877342224,0.14212045073509216
6,0,32,13,0.35639023780822754,0.1528588980436325
6,0,32,14,0.4772963225841522,0.06685086339712143
6,0,32,15,0.5260468125343323,0.1912318617105484
6,0,32,16,0.4343334436416626,0.16505976021289825
6,0,32,17,0.4134801924228668,0.18264566361904144
6,0,32,18,0.580937385559082,0.029024764895439148
6,0,32,19,0.4295206069946289,0.16421382129192352
6,0,32,20,0.566398024559021,0.09849586337804794
6,0,32,21,0.6163730025291443,0.1409468799829483
6,0,32,22,0.5032253265380859,0.08048944920301437
6,0,32,23,0.37680545449256897,0.09601767361164093
6,0,32,24,0.43101876974105835,0.12720586359500885
6,0,32,25,0.462768018245697,0.13711270689964294
6,0,32,26,0.5284369587898254,0.19294045865535736
6,0,32,27,0.42657673358917236,0.13631018996238708
6,0,32,28,0.5189027786254883,0.14926114678382874
6,0,32,29,0.5851618647575378,0.09846813976764679
6,0,32,30,0.551139771938324,0.14359690248966217
6,0,32,31,0.47430142760276794,0.11448990553617477
6,1,32,0,0.4548419415950775,0.08274660259485245
6,1,32,1,0.5820674896240234,0.05225820094347
6,1,32,2,0.47371163964271545,0.03831964731216431
6,1,32,3,0.5877249836921692,0.07380637526512146
6,1,32,4,0.5691347718238831,0.0670282393693924
6,1,32,5,0.5313783288002014,0.062198203057050705
6,1,32,6,0.5144566297531128,0.156659334897995
6,1,32,7,0.5587629079818726,0.04819019138813019
6,1,32,8,0.5008087158203125,0.05770871415734291
6,1,32,9,0.45578399300575256,0.1147409975528717
6,1,32,10,0.45841002464294434,0.036854226142168045
6,1,32,11,0.41710200905799866,0.03154933080077171
6,1,32,12,0.5431739091873169,0.07441364228725433
6,1,32,13,0.5019669532775879,0.04075257480144501
6,1,32,14,0.5341314673423767,0.03752392530441284
6,1,32,15,0.44110119342803955,0.02083924040198326
6,1,32,16,0.5025358200073242,0.05279422551393509
6,1,32,17,0.4494270384311676,0.05468720570206642
6,1,32,18,0.5387051701545715,0.07575632631778717
6,1,32,19,0.5571185350418091,0.10389723628759384
6,1,32,20,0.5277346968650818,0.04072198271751404
6,1,32,21,0.3875996768474579,0.07324695587158203
6,1,32,22,0.5161459445953369,0.09308168292045593
6,1,32,23,0.4879264533519745,0.04165208712220192
6,1,32,24,0.557903528213501,0.05964631214737892
6,1,32,25,0.42884063720703125,0.053392667323350906
6,1,32,26,0.6228188276290894,0.06378107517957687
6,1,32,27,0.5307064652442932,0.08417860418558121
6,1,32,28,0.5144815444946289,0.08417971432209015
6,1,32,29,0.5585574507713318,0.07397454977035522
6,1,32,30,0.4048217535018921,0.02486223541200161
6,1,32,31,0.5468546748161316,0.06847367435693741
6,2,64,0,0.43649059534072876,0.19220158457756042
6,2,64,1,0.32192444801330566,0.159213587641716
6,2,64,2,0.5508996844291687,0.09426698833703995
6,2,64,3,0.5710098743438721,0.2309069037437439
6,2,64,4,0.3125891089439392,0.11444687098264694
6,2,64,5,0.5356375575065613,0.25440800189971924
6,2,64,6,0.623664379119873,0.1316753774881363
6,2,64,7,0.4919726252555847,0.15001966059207916
6,2,64,8,0.5016074180603027,0.2804426848888397
6,2,64,9,0.5001859664916992,0.22708502411842346
6,2,64,10,0.6491755843162537,0.16180026531219482
6,2,64,11,0.44669342041015625,0.2867046296596527
6,2,64,12,0.5969653725624084,0.11876510083675385
6,2,64,13,0.4970996379852295,0.16715320944786072
6,2,64,14,0.5672775506973267,0.10375623404979706
6,2,64,15,0.500637412071228,0.11973454058170319
6,2,64,16,0.5233659744262695,0.22486519813537598
6,2,64,17,0.49431902170181274,0.22460389137268066
6,2,64,18,0.5653905868530273,0.11569083482027054
6,2,64,19,0.3329726755619049,0.060105100274086
6,2,64,20,0.6330318450927734,0.12825970351696014
6,2,64,21,0.4421687722206116,0.21628437936306
6,2,64,22,0.5443093180656433,0.11695144325494766
6,2,64,23,0.3861357569694519,0.19254805147647858
6,2,64,24,0.5300917625427246,0.1862058937549591
6,2,64,25,0.5208278298377991,0.19500626623630524
6,2,64,26,0.6332514882087708,0.11201844364404678
6,2,64,27,0.7291330695152283,0.1288619339466095
6,2,64,28,0.6103718280792236,0.18435142934322357
6,2,64,29,0.4542778730392456,0.2076519876718521
6,2,64,30,0.3374510109424591,0.17131482064723969
6,2,64,31,0.5594733953475952,0.13193364441394806
6,2,64,32,0.6350763440132141,0.1036963239312172
6,2,64,33,0.4431522488594055,0.17749692499637604
6,2,64,34,0.46985507011413574,0.20614007115364075
6,2,64,35,0.5182524919509888,0.09505332261323929
6,2,64,36,0.5010087490081787,0.2298516035079956
6,2,64,37,0.4441884756088257,0.10298849642276764
6,2,64,38,0.40130019187927246,0.19203780591487885
6,2,64,39,0.49558988213539124,0.1426587998867035
6,2,64,40,0.5741780400276184,0.1689366102218628
6,2,64,41,0.4777989089488983,0.21759185194969177
6,2,64,42,0.5018144845962524,0.20384885370731354
6,2,64,43,0.47139784693717957,0.22304944694042206
6,2,64,44,0.4546809792518616,0.1344318985939026
6,2,64,45,0.35601308941841125,0.2663540244102478
6,2,64,46,0.5714895129203796,0.16792044043540955
6,2,64,47,0.40424439311027527,0.20738841593265533
6,2,64,48,0.6948552131652832,0.1719212681055069
6,2,64,49,0.3521636128425598,0.13992352783679962
6,2,64,50,0.4324684739112854,0.2526935636997223
6,2,64,51,0.4722035229206085,0.1652323603630066
6,2,64,52,0.5248352885246277,0.20749087631702423
6,2,64,53,0.5329524278640747,0.06119122728705406
6,2,64,54,0.5975985527038574,0.1257881224155426
6,2,64,55,0.576744556427002,0.12528227269649506
6,2,64,56,0.5901288390159607,0.1824004054069519
6,2,64,57,0.43020936846733093,0.13544853031635284
6,2,64,58,0.43003126978874207,0.14881324768066406
6,2,64,59,0.5818006992340088,0.205760657787323
6,2,64,60,0.46233460307121277,0.216790571808815
6,2,64,61,0.45494821667671204,0.1516185849905014
6,2,64,62,0.686159610748291,0.23146142065525055
6,2,64,63,0.4847194254398346,0.12503419816493988
6,3,64,0,0.520993709564209,0.2369026392698288
6,3,64,1,0.6637605428695679,0.1312132328748703
6,3,64,2,0.41276732087135315,0.12465795874595642
6,3,64,3,0.7017871141433716,0.09629442542791367
6,3,64,4,0.3950488865375519,0.10301386564970016
6,3,64,5,0.4023965299129486,0.08591907471418381
6,3,64,6,0.6323724985122681,0.10174067318439484
6,3,64,7,0.3152434527873993,0.12619513273239136
6,3,64,8,0.5707957148551941,0.08522318303585052
6,3,64,9,0.3245372772216797,0.13795262575149536
6,3,64,10,0.3125096261501312,0.08143571764230728
6,3,64,11,0.5261518359184265,0.13493874669075012
6,3,64,12,0.45311012864112854,0.20562516152858734
6,3,64,13,0.49196818470954895,0.22436581552028656
6,3,64,14,0.5627667903900146,0.09059474617242813
6,3,64,15,0.5440903306007385,0.22348126769065857
6,3,64,16,0.38538408279418945,0.08359593152999878
6,3,64,17,0.3835098445415497,0.129835307598114
6,3,64,18,0.412299245595932,0.08751367032527924
6,3,64,19,0.4483521282672882,0.19553276896476746
6,3,64,20,0.6963253021240234,0.09652117639780045
6,3,64,21,0.4387608766555786,0.08006022870540619
6,3,64,22,0.40086138248443604,0.09758409857749939
6,3,64,23,0.5724289417266846,0.283266544342041
6,3,64,24,0.46626895666122437,0.13802172243595123
6,3,64,25,0.3450428247451782,0.09410867840051651
6,3,64,26,0.5454404354095459,0.2811574637889862
6,3,64,27,0.5602496266365051,0.21301616728305817
6,3,64,28,0.4359404444694519,0.2750580310821533
6,3,64,29,0.4790306091308594,0.0940546914935112
6,3,64,30,0.6417604088783264,0.10458452254533768
6,3,64,31,0.32250621914863586,0.18676842749118805
6,3,64,32,0.5127338171005249,0.14701901376247406
6,3,64,33,0.4699586033821106,0.17743630707263947
6,3,64,34,0.5760273933410645,0.1644171178340912
6,3,64,35,0.5896201729774475,0.17141321301460266
6,3,64,36,0.6261923313140869,0.08578075468540192
6,3,64,37,0.5800426006317139,0.05877498537302017
6,3,64,38,0.3891493082046509,0.2572405934333801
6,3,64,39,0.47794514894485474,0.14016470313072205
6,3,64,40,0.36074841022491455,0.12669087946414948
6,3,64,41,0.5592572093009949,0.29058316349983215
6,3,64,42,0.36903730034828186,0.1436450332403183
6,3,64,43,0.3629499077796936,0.10517764836549759
6,3,64,44,0.6656333804130554,0.09988836199045181
6,3,64,45,0.5309200882911682,0.3236505091190338
6,3,64,46,0.48801010847091675,0.2151797115802765
6,3,64,47,0.5291969776153564,0.038358598947525024
6,3,64,48,0.556240439414978,0.17936547100543976
6,3,64,49,0.4583660066127777,0.15896445512771606
6,3,64,50,0.6436043977737427,0.11286354809999466
6,3,64,51,0.5515373945236206,0.11709430068731308
6,3,64,52,0.6747015118598938,0.11286789923906326
6,3,64,53,0.4737381935119629,0.22440071403980255
6,3,64,54,0.6351801753044128,0.059873905032873154
6,3,64,55,0.41362956166267395,0.10732816904783249
6,3,64,56,0.5934984087944031,0.06440708786249161
6,3,64,57,0.5274655818939209,0.2499023973941803
6,3,64,58,0.7385216355323792,0.10769006609916687
6,3,64,59,0.47401106357574463,0.15432706475257874
6,3,64,60,0.7646873593330383,0.0890742763876915
6,3,64,61,0.44450679421424866,0.2699015438556671
6,3,64,62,0.5821129679679871,0.0548582561314106
6,3,64,63,0.41804298758506775,0.05351748317480087
6,4,128,0,0.3499529957771301,0.3158232271671295
6,4,128,1,0.30896350741386414,0.12668533623218536
6,4,128,2,0.6212567687034607,0.2472095489501953
6,4,128,3,0.7049657106399536,0.17714641988277435
6,4,128,4,0.6800744533538818,0.1250630021095276
6,4,128,5,0.48720815777778625,0.16315962374210358
6,4,128,6,0.6754307150840759,0.31727442145347595
6,4,128,7,0.368729829788208,0.07565941661596298
6,4,128,8,0.45189884305000305,0.14484329521656036
6,4,128,9,0.5750645399093628,0.21478985249996185
6,4,128,10,0.6318902373313904,0.11877429485321045
6,4,128,11,0.3149081766605377,0.17684829235076904
6,4,128,12,0.6084763407707214,0.2581377625465393
6,4,128,13,0.4256872236728668,0.25995445251464844
6,4,128,14,0.5761377215385437,0.1602860540151596
6,4,128,15,0.6755157113075256,0.07123091071844101
6,4,128,16,0.46970635652542114,0.12450532615184784
6,4,128,17,0.42316827178001404,0.18914912641048431
6,4,128,18,0.46393680572509766,0.22846122086048126
6,4,128,19,0.35024765133857727,0.22420719265937805
6,4,128,20,0.4228058159351349,0.06831815838813782
6,4,128,21,0.6720893383026123,0.30223405361175537
6,4,128,22,0.49647200107574463,0.1308499574661255
6,4,128,23,0.7283419966697693,0.10649457573890686
6,4,128,24,0.5047885775566101,0.18187205493450165
6,4,128,25,0.663533091545105,0.182761088013649
6,4,128,26,0.6528424024581909,0.12198786437511444
6,4,128,27,0.5713764429092407,0.09404096007347107
6,4,128,28,0.709669291973114,0.12809930741786957
6,4,128,29,0.5006952881813049,0.253434956073761
6,4,128,30,0.6572397351264954,0.22773484885692596
6,4,128,31,0.6594930291175842,0.253879576921463
6,4,128,32,0.6179113984107971,0.2255895435810089
6,4,128,33,0.727215588092804,0.11985141038894653
6,4,128,34,0.5392770171165466,0.12382502108812332
6,4,128,35,0.4118998944759369,0.19534248113632202
6,4,128,36,0.6105688214302063,0.18681767582893372
6,4,128,37,0.4808685779571533,0.06174703687429428
6,4,128,38,0.4607270061969757,0.3041788637638092
6,4,128,39,0.6689155697822571,0.3145645260810852
6,4,128,40,0.6658370494842529,0.2643289566040039
6,4,128,41,0.6016805768013,0.20892426371574402
6,4,128,42,0.6430624127388,0.16589245200157166
6,4,128,43,0.6441661715507507,0.2406086027622223
6,4,128,44,0.7513217329978943,0.16180932521820068
6,4,128,45,0.7216007709503174,0.18368825316429138
6,4,128,46,0.6470726132392883,0.17338232696056366
6,4,128,47,0.7084660530090332,0.21450501680374146
6,4,128,48,0.6494923830032349,0.34110572934150696
6,4,128,49,0.6000654101371765,0.1760406494140625
6,4,128,50,0.6371834874153137,0.2534213066101074
6,4,128,51,0.2949858009815216,0.15797904133796692
6,4,128,52,0.4265504777431488,0.2286817580461502
6,4,128,53,0.6865318417549133,0.06866014003753662
6,4,128,54,0.6078242063522339,0.2385173887014389
6,4,128,55,0.56082683801651,0.0639326348900795
6,4,128,56,0.5755182504653931,0.09551191329956055
6,4,128,57,0.3705308139324188,0.208762064576149
6,4,128,58,0.5985403656959534,0.14493414759635925
6,4,128,59,0.2821826934814453,0.19388918578624725
6,4,128,60,0.6210739612579346,0.256795734167099
6,4,128,61,0.6350463628768921,0.24479122459888458
6,4,128,62,0.5739544034004211,0.05742677301168442
6,4,128,63,0.3876006305217743,0.24936918914318085
6,4,128,64,0.6897500157356262,0.20229144394397736
6,4,128,65,0.6854488253593445,0.13622847199440002
6,4,128,66,0.6466025710105896,0.1519240438938141
6,4,128,67,0.7044035196304321,0.09885025024414062
6,4,128,68,0.6525227427482605,0.09192336350679398
6,4,128,69,0.45569026470184326,0.11124289035797119
6,4,128,70,0.6706357598304749,0.3047187924385071
6,4,128,71,0.6198921203613281,0.11343099921941757
6,4,128,72,0.6394339799880981,0.20824317634105682
6,4,128,73,0.5152096748352051,0.15310990810394287
6,4,128,74,0.6212403774261475,0.2552486062049866
6,4,128,75,0.5016546249389648,0.18096069991588593
6,4,128,76,0.7065107822418213,0.19497011601924896
6,4,128,77,0.38416072726249695,0.11426670104265213
6,4,128,78,0.3659594655036926,0.20121930539608002
6,4,128,79,0.7389847636222839,0.14782460033893585
6,4,128,80,0.534421443939209,0.16929376125335693
6,4,128,81,0.45086732506752014,0.11048967391252518
6,4,128,82,0.36925774812698364,0.1313198357820511
6,4,128,83,0.2899409830570221,0.06575731188058853
6,4,128,84,0.4923281967639923,0.1614764779806137
6,4,128,85,0.6353906393051147,0.2878146469593048
6,4,128,86,0.6180898547172546,0.10558655112981796
6,4,128,87,0.6982477307319641,0.06891512125730515
6,4,128,88,0.7229713797569275,0.1742127388715744
6,4,128,89,0.6257296800613403,0.10874226689338684
6,4,128,90,0.7408879399299622,0.1357770562171936
6,4,128,91,0.6900852918624878,0.26095840334892273
6,4,128,92,0.35375115275382996,0.31694117188453674
6,4,128,93,0.6976719498634338,0.08289411664009094
6,4,128,94,0.7356671094894409,0.0821603536605835
6,4,128,95,0.4365296959877014,0.1148112490773201
6,4,128,96,0.36763590574264526,0.24832531809806824
6,4,128,97,0.7683472037315369,0.2191886454820633
6,4,128,98,0.5206695795059204,0.12366842478513718
6,4,128,99,0.7586480975151062,0.080266572535038
6,4,128,100,0.3344145715236664,0.09764444082975388
6,4,128,101,0.6832804083824158,0.3009587526321411
6,4,128,102,0.5707752108573914,0.048315465450286865
6,4,128,103,0.5195932388305664,0.16942811012268066
6,4,128,104,0.26445135474205017,0.0952877402305603
6,4,128,105,0.6601880192756653,0.27481889724731445
6,4,128,106,0.5152294635772705,0.05360615625977516
6,4,128,107,0.3232373595237732,0.10926645249128342
6,4,128,108,0.7215327024459839,0.07295670360326767
6,4,128,109,0.6102657914161682,0.21172495186328888
6,4,128,110,0.7278114557266235,0.16774782538414001
6,4,128,111,0.5648592114448547,0.22123712301254272
6,4,128,112,0.45702648162841797,0.15082666277885437
6,4,128,113,0.6040379405021667,0.2701834738254547
6,4,128,114,0.4518401324748993,0.11379171162843704
6,4,128,115,0.5717152953147888,0.1550101339817047
6,4,128,116,0.4213946461677551,0.10747627913951874
6,4,128,117,0.4709867835044861,0.13045132160186768
6,4,128,118,0.6951034069061279,0.1623075306415558
6,4,128,119,0.6978682279586792,0.19889776408672333
6,4,128,120,0.6413562893867493,0.20909298956394196
6,4,128,121,0.37896519899368286,0.07317192107439041
6,4,128,122,0.6549435257911682,0.15007564425468445
6,4,128,123,0.5955032706260681,0.11662397533655167
6,4,128,124,0.6113076210021973,0.1903662532567978
6,4,128,125,0.5190774202346802,0.1738356649875641
6,4,128,126,0.5872654318809509,0.1516718566417694
6,4,128,127,0.5752251744270325,0.10595640540122986
6,5,128,0,0.6185193657875061,0.17035247385501862
6,5,128,1,0.7386087775230408,0.12474919110536575
6,5,128,2,0.6589260697364807,0.15889282524585724
6,5,128,3,0.6669143438339233,0.08679942786693573
6,5,128,4,0.7442154884338379,0.15345481038093567
6,5,128,5,0.7070276141166687,0.1935104876756668
6,5,128,6,0.727656364440918,0.21583352982997894
6,5,128,7,0.39360079169273376,0.14189189672470093
6,5,128,8,0.6071831583976746,0.12867146730422974
6,5,128,9,0.6330500245094299,0.058076161891222
6,5,128,10,0.7004908323287964,0.09155037999153137
6,5,128,11,0.5828464031219482,0.12628646194934845
6,5,128,12,0.39795687794685364,0.3035506010055542
6,5,128,13,0.4958316683769226,0.1876128911972046
6,5,128,14,0.8145745396614075,0.07538576424121857
6,5,128,15,0.7971386909484863,0.13167835772037506
6,5,128,16,0.7907971739768982,0.1640954464673996
6,5,128,17,0.7422345876693726,0.07185367494821548
6,5,128,18,0.5763444900512695,0.09543284773826599
6,5,128,19,0.4179311990737915,0.22642740607261658
6,5,128,20,0.6929655075073242,0.11378514766693115
6,5,128,21,0.6762765645980835,0.1884222775697708
6,5,128,22,0.5193514823913574,0.15303349494934082
6,5,128,23,0.8182061314582825,0.09200247377157211
6,5,128,24,0.6518417596817017,0.16009210050106049
6,5,128,25,0.7827538847923279,0.09123152494430542
6,5,128,26,0.6937745809555054,0.08456293493509293
6,5,128,27,0.616252064704895,0.12218848615884781
6,5,128,28,0.7525731921195984,0.09198714792728424
6,5,128,29,0.7813529372215271,0.11117832362651825
6,5,128,30,0.7066323757171631,0.0878412276506424
6,5,128,31,0.7245264649391174,0.19916361570358276
6,5,128,32,0.4721407890319824,0.13093337416648865
6,5,128,33,0.6785728335380554,0.12840309739112854
6,5,128,34,0.5711536407470703,0.12066348642110825
6,5,128,35,0.608136773109436,0.19475091993808746
6,5,128,36,0.4157560169696808,0.2679642140865326
6,5,128,37,0.721663773059845,0.12542957067489624
6,5,128,38,0.712256908416748,0.1350434422492981
6,5,128,39,0.41994819045066833,0.30126652121543884
6,5,128,40,0.7072532176971436,0.1794472485780716
6,5,128,41,0.6346648335456848,0.1360945850610733
6,5,128,42,0.6289781332015991,0.15639682114124298
6,5,128,43,0.7626068592071533,0.14186345040798187
6,5,128,44,0.7462093830108643,0.21003711223602295
6,5,128,45,0.7992246747016907,0.1346171796321869
6,5,128,46,0.7965555787086487,0.1033063754439354
6,5,128,47,0.3582088053226471,0.09946078807115555
6,5,128,48,0.7745078206062317,0.17889541387557983
6,5,128,49,0.6672772765159607,0.23506054282188416
6,5,128,50,0.7247158885002136,0.17460456490516663
6,5,128,51,0.4881609082221985,0.2984880208969116
6,5,128,52,0.6961508989334106,0.09735400974750519
6,5,128,53,0.5987812876701355,0.146548330783844
6,5,128,54,0.6573283672332764,0.20922985672950745
6,5,128,55,0.8055216670036316,0.0844002515077591
6,5,128,56,0.4643806517124176,0.2617397606372833
6,5,128,57,0.44206565618515015,0.2876964509487152
6,5,128,58,0.8647206425666809,0.08037743717432022
6,5,128,59,0.4539533257484436,0.23892509937286377
6,5,128,60,0.7281032204627991,0.054808251559734344
6,5,128,61,0.43613433837890625,0.14673028886318207
6,5,128,62,0.6439768075942993,0.07074771821498871
6,5,128,63,0.4987180531024933,0.15345267951488495
6,5,128,64,0.6842081546783447,0.18946340680122375
6,5,128,65,0.817086935043335,0.09386072307825089
6,5,128,66,0.5850101709365845,0.2960911989212036
6,5,128,67,0.8395307064056396,0.060142118483781815
6,5,128,68,0.8304316401481628,0.09244705736637115
6,5,128,69,0.7086808085441589,0.23343567550182343
6,5,128,70,0.7186768054962158,0.19525161385536194
6,5,128,71,0.6707468032836914,0.10305989533662796
6,5,128,72,0.8039547204971313,0.11748313903808594
6,5,128,73,0.5124627351760864,0.11995048075914383
6,5,128,74,0.303995817899704,0.2716565430164337
6,5,128,75,0.5959249138832092,0.07384557276964188
6,5,128,76,0.7541270852088928,0.12153728306293488
6,5,128,77,0.4038340151309967,0.0854039266705513
6,5,128,78,0.8088131546974182,0.06703951954841614
6,5,128,79,0.8303552269935608,0.10940322279930115
6,5,128,80,0.8079309463500977,0.05520951747894287
6,5,128,81,0.6772612929344177,0.16973082721233368
6,5,128,82,0.5832656621932983,0.13722285628318787
6,5,128,83,0.6048625111579895,0.16255207359790802
6,5,128,84,0.5762370228767395,0.23157714307308197
6,5,128,85,0.5926464200019836,0.2984827160835266
6,5,128,86,0.7569820284843445,0.18249833583831787
6,5,128,87,0.7782379984855652,0.12501919269561768
6,5,128,88,0.74067622423172,0.06987785547971725
6,5,128,89,0.7483594417572021,0.15900790691375732
6,5,128,90,0.7053118348121643,0.15656036138534546
6,5,128,91,0.7234395146369934,0.11254313588142395
6,5,128,92,0.6958878040313721,0.14463388919830322
6,5,128,93,0.7246816754341125,0.09998020529747009
6,5,128,94,0.7025192975997925,0.15700022876262665
6,5,128,95,0.5582776665687561,0.18085597455501556
6,5,128,96,0.758625328540802,0.1779307723045349
6,5,128,97,0.7755356431007385,0.14004585146903992
6,5,128,98,0.48805877566337585,0.12447582185268402
6,5,128,99,0.6307220458984375,0.16829103231430054
6,5,128,100,0.6080564260482788,0.17829477787017822
6,5,128,101,0.6579554677009583,0.26554274559020996
6,5,128,102,0.4509815573692322,0.07603540271520615
6,5,128,103,0.5439499616622925,0.15517888963222504
6,5,128,104,0.5331236124038696,0.2025224268436432
6,5,128,105,0.6584303379058838,0.29135626554489136
6,5,128,106,0.6976954936981201,0.11165691167116165
6,5,128,107,0.7090764045715332,0.14783217012882233
6,5,128,108,0.4436647593975067,0.12877215445041656
6,5,128,109,0.61194908618927,0.2563008666038513
6,5,128,110,0.7716580629348755,0.17330974340438843
6,5,128,111,0.48795434832572937,0.1626918762922287
6,5,128,112,0.4488016664981842,0.18449699878692627
6,5,128,113,0.8005717992782593,0.076519675552845
6,5,128,114,0.6818535327911377,0.15572220087051392
6,5,128,115,0.610531210899353,0.130270853638649
6,5,128,116,0.5456002354621887,0.1639736145734787
6,5,128,117,0.700799286365509,0.08306815475225449
6,5,128,118,0.7409772872924805,0.15589125454425812
6,5,128,119,0.8551777005195618,0.08024480938911438
6,5,128,120,0.40962186455726624,0.29465773701667786
6,5,128,121,0.5790491104125977,0.139679953455925
6,5,128,122,0.6886675953865051,0.18256919085979462
6,5,128,123,0.6546170115470886,0.16141416132450104
6,5,128,124,0.6204037070274353,0.2903822958469391
6,5,128,125,0.4103844463825226,0.09752706438302994
6,5,128,126,0.7288487553596497,0.16515037417411804
6,5,128,127,0.663712203502655,0.0675223171710968
7,0,32,0,0.6328535079956055,0.09332325309515
7,0,32,1,0.44382354617118835,0.21757985651493073
7,0,32,2,0.5130274295806885,0.09620428085327148
7,0,32,3,0.49331629276275635,0.16177983582019806
7,0,32,4,0.4922221302986145,0.13098427653312683
7,0,32,5,0.46792373061180115,0.14870747923851013
7,0,32,6,0.4566713869571686,0.131844624876976
7,0,32,7,0.40082958340644836,0.08474049717187881
7,0,32,8,0.44294968247413635,0.1858559250831604
7,0,32,9,0.5892819166183472,0.08146653324365616
7,0,32,10,0.49919968843460083,0.06596775352954865
7,0,32,11,0.5474706292152405,0.11183767020702362
7,0,32,12,0.47625812888145447,0.14811177551746368
7,0,32,13,0.6631897687911987,0.07880742847919464
7,0,32,14,0.5234342813491821,0.08924398571252823
7,0,32,15,0.5433165431022644,0.1586349606513977
7,0,32,16,0.5299282073974609,0.07909093052148819
7,0,32,17,0.39080339670181274,0.06872883439064026
7,0,32,18,0.45915868878364563,0.11771976947784424
7,0,32,19,0.41918209195137024,0.10399312525987625
7,0,32,20,0.5904001593589783,0.07315254956483841
7,0,32,21,0.41354256868362427,0.09146574139595032
7,0,32,22,0.41588565707206726,0.1338302493095398
7,0,32,23,0.45982563495635986,0.13953609764575958
7,0,32,24,0.5776845812797546,0.08071084320545197
7,0,32,25,0.4484710693359375,0.07687356323003769
7,0,32,26,0.5184745192527771,0.12845902144908905
7,0,32,27,0.5317509770393372,0.03133917599916458
7,0,32,28,0.4912351071834564,0.07723268121480942
7,0,32,29,0.42023375630378723,0.06254571676254272
7,0,32,30,0.40180614590644836,0.047532036900520325
7,0,32,31,0.5976694822311401,0.08524900674819946
7,1,32,0,0.40981289744377136,0.12409970164299011
7,1,32,1,0.47932082414627075,0.15481838583946228
7,1,32,2,0.512093722820282,0.06533412635326385
7,1,32,3,0.3184534013271332,0.09380467236042023
7,1,32,4,0.598235547542572,0.1053737998008728
7,1,32,5,0.5378024578094482,0.1852153241634369
7,1,32,6,0.5366432666778564,0.08837342262268066
7,1,32,7,0.5275454521179199,0.06302367150783539
7,1,32,8,0.5451731085777283,0.12025196850299835
7,1,32,9,0.4335795044898987,0.12439507991075516
7,1,32,10,0.5482046008110046,0.09408015757799149
7,1,32,11,0.4484390318393707,0.12638604640960693
7,1,32,12,0.5697054862976074,0.12834693491458893
7,1,32,13,0.5058465003967285,0.09078821539878845
7,1,32,14,0.679231584072113,0.12435300648212433
7,1,32,15,0.4925840198993683,0.13233062624931335
7,1,32,16,0.35846322774887085,0.11416421830654144
7,1,32,17,0.42879241704940796,0.12444690614938736
7,1,32,18,0.48102855682373047,0.09219801425933838
7,1,32,19,0.3979223072528839,0.1344824731349945
7,1,32,20,0.5812429785728455,0.12341070175170898
7,1,32,21,0.45715978741645813,0.042633362114429474
7,1,32,22,0.6781214475631714,0.12655620276927948
7,1,32,23,0.33140239119529724,0.1402340978384018
7,1,32,24,0.5620493292808533,0.1625247299671173
7,1,32,25,0.6326330304145813,0.17877155542373657
7,1,32,26,0.6906854510307312,0.11878691613674164
7,1,32,27,0.5273120403289795,0.13691802322864532
7,1,32,28,0.5551676154136658,0.11315346509218216
7,1,32,29,0.6951247453689575,0.11646469682455063
7,1,32,30,0.44001907110214233,0.03681661933660507
7,1,32,31,0.5590786337852478,0.18134081363677979
7,2,64,0,0.4003151059150696,0.14447906613349915
7,2,64,1,0.5256949067115784,0.2503353953361511
7,2,64,2,0.6168484687805176,0.26534274220466614
7,2,64,3,0.5156140327453613,0.11281781643629074
7,2,64,4,0.49088576436042786,0.18289339542388916
7,2,64,5,0.6117997169494629,0.16893638670444489
7,2,64,6,0.5521807074546814,0.20654675364494324
7,2,64,7,0.5164564847946167,0.17132487893104553
7,2,64,8,0.5215247869491577,0.10235602408647537
7,2,64,9,0.6739607453346252,0.10956867039203644
7,2,64,10,0.45390814542770386,0.09649528563022614
7,2,64,11,0.49086374044418335,0.19488966464996338
7,2,64,12,0.5720099806785583,0.05882103741168976
7,2,64,13,0.4749523401260376,0.24699172377586365
7,2,64,14,0.5126673579216003,0.16811008751392365
7,2,64,15,0.6582648158073425,0.25478270649909973
7,2,64,16,0.5139862298965454,0.11105144023895264
7,2,64,17,0.4814358651638031,0.21862421929836273
7,2,64,18,0.4611022472381592,0.15859679877758026
7,2,64,19,0.508512020111084,0.12014701962471008
7,2,64,20,0.5342397689819336,0.13664521276950836
7,2,64,21,0.5594272613525391,0.18058021366596222
7,2,64,22,0.5591604709625244,0.1509132981300354
7,2,64,23,0.4989933669567108,0.1922270506620407
7,2,64,24,0.516273558139801,0.18560269474983215
7,2,64,25,0.5138627886772156,0.16253052651882172
7,2,64,26,0.5565354824066162,0.23829327523708344
7,2,64,27,0.49723896384239197,0.16081225872039795
7,2,64,28,0.4631887674331665,0.22666211426258087
7,2,64,29,0.4639967978000641,0.17789264023303986
7,2,64,30,0.44883713126182556,0.16819433867931366
7,2,64,31,0.58469158411026,0.05401655286550522
7,2,64,32,0.6058157086372375,0.2771886885166168
7,2,64,33,0.33740952610969543,0.14266765117645264
7,2,64,34,0.5524181127548218,0.1925928294658661
7,2,64,35,0.49185433983802795,0.19727380573749542
7,2,64,36,0.5762989521026611,0.27009087800979614
7,2,64,37,0.46139028668403625,0.13478600978851318
7,2,64,38,0.461598664522171,0.13403530418872833
7,2,64,39,0.5345367789268494,0.09916418045759201
7,2,64,40,0.4079938530921936,0.1931898295879364
7,2,64,41,0.3895520567893982,0.11947670578956604
7,2,64,42,0.5125415921211243,0.22983628511428833
7,2,64,43,0.6879657506942749,0.1576356589794159
7,2,64,44,0.3496928811073303,0.08893223106861115
7,2,64,45,0.4952004551887512,0.13527464866638184
7,2,64,46,0.26946717500686646,0.11561217159032822
7,2,64,47,0.6016622185707092,0.08590658009052277
7,2,64,48,0.5536811947822571,0.15232549607753754
7,2,64,49,0.5623691082000732,0.3334105908870697
7,2,64,50,0.6583672165870667,0.13571284711360931
7,2,64,51,0.5272864699363708,0.1847805678844452
7,2,64,52,0.5340277552604675,0.1407983899116516
7,2,64,53,0.605286717414856,0.09864708036184311
7,2,64,54,0.5272011756896973,0.14727571606636047
7,2,64,55,0.5907312631607056,0.17609764635562897
7,2,64,56,0.41080164909362793,0.18698832392692566
7,2,64,57,0.5428401827812195,0.246000736951828
7,2,64,58,0.5550093650817871,0.18961800634860992
7,2,64,59,0.5577852725982666,0.2526009678840637
7,2,64,60,0.5999974608421326,0.2148977816104889
7,2,64,61,0.6304940581321716,0.1438990831375122
7,2,64,62,0.6221527457237244,0.16033369302749634
7,2,64,63,0.5352585911750793,0.10330187529325485
7,3,64,0,0.5736455917358398,0.1418045163154602
7,3,64,1,0.4076079726219177,0.26134195923805237
7,3,64,2,0.5836590528488159,0.13830944895744324
7,3,64,3,0.4586951732635498,0.05148756131529808
7,3,64,4,0.4911251962184906,0.10956542938947678
7,3,64,5,0.5648367404937744,0.11319921910762787
7,3,64,6,0.2719653844833374,0.13603408634662628
7,3,64,7,0.5543376207351685,0.1108352541923523
7,3,64,8,0.6675003170967102,0.07675359398126602
7,3,64,9,0.39770761132240295,0.04751583933830261
7,3,64,10,0.6341368556022644,0.1869080364704132
7,3,64,11,0.5112512707710266,0.10091971606016159
7,3,64,12,0.4859197437763214,0.1338687241077423
7,3,64,13,0.35899725556373596,0.13282586634159088
7,3,64,14,0.46917882561683655,0.0684271976351738
7,3,64,15,0.6359802484512329,0.18527939915657043
7,3,64,16,0.3813435733318329,0.13770847022533417
7,3,64,17,0.408292293548584,0.05035841464996338
7,3,64,18,0.44923704862594604,0.13759618997573853
7,3,64,19,0.6025334596633911,0.13010406494140625
7,3,64,20,0.4351218640804291,0.09477640688419342
7,3,64,21,0.6329972147941589,0.16829101741313934
7,3,64,22,0.4079691171646118,0.08662544935941696
7,3,64,23,0.614358127117157,0.0857459083199501
7,3,64,24,0.38520991802215576,0.14235995709896088
7,3,64,25,0.34785014390945435,0.08099354803562164
7,3,64,26,0.5804147124290466,0.18860319256782532
7,3,64,27,0.518235445022583,0.19448652863502502
7,3,64,28,0.47692951560020447,0.17072102427482605
7,3,64,29,0.5751783847808838,0.13605870306491852
7,3,64,30,0.39318639039993286,0.19795085489749908
7,3,64,31,0.384839802980423,0.06871455162763596
7,3,64,32,0.3851141035556793,0.13327744603157043
7,3,64,33,0.6529223918914795,0.20393739640712738
7,3,64,34,0.6040965914726257,0.1033380776643753
7,3,64,35,0.5935020446777344,0.2188749611377716
7,3,64,36,0.4398903548717499,0.1586703360080719
7,3,64,37,0.5947028398513794,0.13137789070606232
7,3,64,38,0.38214901089668274,0.20771534740924835
7,3,64,39,0.556326150894165,0.16543875634670258
7,3,64,40,0.3923977017402649,0.09646742790937424
7,3,64,41,0.5814200043678284,0.06246389076113701
7,3,64,42,0.3818441331386566,0.11588520556688309
7,3,64,43,0.6535524725914001,0.1248747855424881
7,3,64,44,0.6246419548988342,0.1675906479358673
7,3,64,45,0.4953206777572632,0.14484499394893646
7,3,64,46,0.6861408352851868,0.17722181975841522
7,3,64,47,0.48113104701042175,0.13193704187870026
7,3,64,48,0.46514156460762024,0.11307631433010101
7,3,64,49,0.5801045298576355,0.17529866099357605
7,3,64,50,0.5422176718711853,0.051404137164354324
7,3,64,51,0.6070890426635742,0.07029112428426743
7,3,64,52,0.47907891869544983,0.1882164180278778
7,3,64,53,0.5884504914283752,0.07049623131752014
7,3,64,54,0.47432076930999756,0.15840286016464233
7,3,64,55,0.5303691625595093,0.20626425743103027
7,3,64,56,0.6161863803863525,0.07803638279438019
7,3,64,57,0.42154571413993835,0.1593679040670395
7,3,64,58,0.5144786238670349,0.07656724005937576
7,3,64,59,0.5873057842254639,0.24876819550991058
7,3,64,60,0.5426417589187622,0.17472527921199799
7,3,64,61,0.35961195826530457,0.07336564362049103
7,3,64,62,0.5456770062446594,0.10796719789505005
7,3,64,63,0.5490214228630066,0.1301364153623581
7,4,128,0,0.6411994695663452,0.2574950158596039
7,4,128,1,0.37097984552383423,0.10391688346862793
7,4,128,2,0.7575497031211853,0.13465982675552368
7,4,128,3,0.6410262584686279,0.11929963529109955
7,4,128,4,0.738073468208313,0.1908545196056366
7,4,128,5,0.5919342637062073,0.15248797833919525
7,4,128,6,0.2724648118019104,0.19009453058242798
7,4,128,7,0.46841007471084595,0.13067099452018738
7,4,128,8,0.41470813751220703,0.2806675434112549
7,4,128,9,0.3797608017921448,0.21510769426822662
7,4,128,10,0.3470347225666046,0.2586164176464081
7,4,128,11,0.6511766314506531,0.21499545872211456
7,4,128,12,0.5982036590576172,0.20173470675945282
7,4,128,13,0.368121474981308,0.1490309238433838
7,4,128,14,0.4051003158092499,0.20323804020881653
7,4,128,15,0.674949586391449,0.15380977094173431
7,4,128,16,0.7015112042427063,0.27297574281692505
7,4,128,17,0.8190522193908691,0.17721709609031677
7,4,128,18,0.5922707915306091,0.07298443466424942
7,4,128,19,0.5501852631568909,0.12669295072555542
7,4,128,20,0.4659706652164459,0.1375141441822052
7,4,128,21,0.6708249449729919,0.278055340051651
7,4,128,22,0.6911476850509644,0.0675150454044342
7,4,128,23,0.4556456506252289,0.11195585876703262
7,4,128,24,0.1864193081855774,0.12224695086479187
7,4,128,25,0.5463161468505859,0.0767943486571312
7,4,128,26,0.37923160195350647,0.30732980370521545
7,4,128,27,0.37973734736442566,0.26756423711776733
7,4,128,28,0.6128894686698914,0.04418976232409477
7,4,128,29,0.26679548621177673,0.1618339568376541
7,4,128,30,0.5780441761016846,0.22162987291812897
7,4,128,31,0.5885096192359924,0.21632938086986542
7,4,128,32,0.5310437083244324,0.2381359338760376
7,4,128,33,0.657122015953064,0.3240257501602173
7,4,128,34,0.5892294049263,0.13911555707454681
7,4,128,35,0.35849547386169434,0.33105117082595825
7,4,128,36,0.5511614680290222,0.14454607665538788
7,4,128,37,0.4877336621284485,0.12871582806110382
7,4,128,38,0.6770891547203064,0.30457112193107605
7,4,128,39,0.6739705801010132,0.2840281128883362
7,4,128,40,0.779558539390564,0.12506532669067383
7,4,128,41,0.5973223447799683,0.2809438407421112
7,4,128,42,0.6385002732276917,0.3064078390598297
7,4,128,43,0.685314953327179,0.11228735744953156
7,4,128,44,0.6608580350875854,0.2018568068742752
7,4,128,45,0.4602510631084442,0.15438364446163177
7,4,128,46,0.48038455843925476,0.26236337423324585
7,4,128,47,0.6394177079200745,0.1484890580177307
7,4,128,48,0.6639509797096252,0.2674098014831543
7,4,128,49,0.6014103293418884,0.1452377885580063
7,4,128,50,0.652856707572937,0.09621652960777283
7,4,128,51,0.3684753179550171,0.22791621088981628
7,4,128,52,0.6261032223701477,0.2823582589626312
7,4,128,53,0.6431271433830261,0.2574561834335327
7,4,128,54,0.3276968002319336,0.1928819715976715
7,4,128,55,0.537519633769989,0.07727792114019394
7,4,128,56,0.6338850259780884,0.29019126296043396
7,4,128,57,0.3850698471069336,0.21006330847740173
7,4,128,58,0.4520394802093506,0.2539268732070923
7,4,128,59,0.7090936303138733,0.1949569433927536
7,4,128,60,0.5424700975418091,0.1562054306268692
7,4,128,61,0.47981148958206177,0.17682896554470062
7,4,128,62,0.7353011965751648,0.20210455358028412
7,4,128,63,0.2832949161529541,0.10365403443574905
7,4,128,64,0.748321533203125,0.16373267769813538
7,4,128,65,0.7674785852432251,0.18501465022563934
7,4,128,66,0.7224907279014587,0.30433565378189087
7,4,128,67,0.6361861228942871,0.1699802726507187
7,4,128,68,0.5912292003631592,0.18439461290836334
7,4,128,69,0.6955245733261108,0.24136827886104584
7,4,128,70,0.6202704906463623,0.20804980397224426
7,4,128,71,0.6864235997200012,0.07801446318626404
7,4,128,72,0.4697839915752411,0.09265352785587311
7,4,128,73,0.6978761553764343,0.14003455638885498
7,4,128,74,0.4154326915740967,0.1823829710483551
7,4,128,75,0.6385537981987,0.1890753209590912
7,4,128,76,0.7286069393157959,0.25113555788993835
7,4,128,77,0.353971391916275,0.1635497808456421
7,4,128,78,0.37208613753318787,0.23741893470287323
7,4,128,79,0.6115087270736694,0.16964921355247498
7,4,128,80,0.7488541603088379,0.13164262473583221
7,4,128,81,0.6678937673568726,0.1868513524532318
7,4,128,82,0.43808162212371826,0.33343473076820374
7,4,128,83,0.699175238609314,0.3133852183818817
7,4,128,84,0.5098040699958801,0.08905898034572601
7,4,128,85,0.42424747347831726,0.2645553648471832
7,4,128,86,0.5553815960884094,0.20262251794338226
7,4,128,87,0.6182563304901123,0.10856064409017563
7,4,128,88,0.4361448585987091,0.09472642093896866
7,4,128,89,0.7190792560577393,0.0894174873828888
7,4,128,90,0.7236589193344116,0.11521829664707184
7,4,128,91,0.6736465692520142,0.2812347114086151
7,4,128,92,0.583615243434906,0.22544533014297485
7,4,128,93,0.6265450119972229,0.15834742784500122
7,4,128,94,0.49006888270378113,0.1763649880886078
7,4,128,95,0.7320172786712646,0.24490521848201752
7,4,128,96,0.45080968737602234,0.16486112773418427
7,4,128,97,0.7473046779632568,0.12916287779808044
7,4,128,98,0.7159532904624939,0.09663943946361542
7,4,128,99,0.5939252376556396,0.19277052581310272
7,4,128,100,0.6135796308517456,0.18737025558948517
7,4,128,101,0.5479051470756531,0.3009028732776642
7,4,128,102,0.4776362180709839,0.12256716936826706
7,4,128,103,0.3894067406654358,0.3188636600971222
7,4,128,104,0.3890931308269501,0.24592408537864685
7,4,128,105,0.6264125108718872,0.24206604063510895
7,4,128,106,0.32280051708221436,0.24390242993831635
7,4,128,107,0.646058976650238,0.2111791968345642
7,4,128,108,0.4914228320121765,0.21067756414413452
7,4,128,109,0.5064222812652588,0.07774417847394943
7,4,128,110,0.5791570544242859,0.12355540692806244
7,4,128,111,0.6558755040168762,0.23296351730823517
7,4,128,112,0.7238223552703857,0.17627541720867157
7,4,128,113,0.6790373921394348,0.08959251642227173
7,4,128,114,0.6369975209236145,0.22607454657554626
7,4,128,115,0.7003660798072815,0.07215480506420135
7,4,128,116,0.5458067059516907,0.18523307144641876
7,4,128,117,0.3671507239341736,0.2677771747112274
7,4,128,118,0.6643247008323669,0.18689756095409393
7,4,128,119,0.3163977861404419,0.23823387920856476
7,4,128,120,0.6023565530776978,0.1502733677625656
7,4,128,121,0.3328154981136322,0.21320466697216034
7,4,128,122,0.633148193359375,0.2028922289609909
7,4,128,123,0.6140886545181274,0.23361438512802124
7,4,128,124,0.3414076864719391,0.23660969734191895
7,4,128,125,0.5806639790534973,0.172157883644104
7,4,128,126,0.5914627909660339,0.23767514526844025
7,4,128,127,0.3801955282688141,0.2801688611507416
7,5,128,0,0.7769309282302856,0.21633493900299072
7,5,128,1,0.7058582305908203,0.2528667747974396
7,5,128,2,0.7217735648155212,0.07643049955368042
7,5,128,3,0.5850862860679626,0.172927588224411
7,5,128,4,0.7142764925956726,0.23130059242248535
7,5,128,5,0.5408905148506165,0.19992059469223022
7,5,128,6,0.4685158431529999,0.258603572845459
7,5,128,7,0.44438374042510986,0.33594173192977905
7,5,128,8,0.8249161243438721,0.07339431345462799
7,5,128,9,0.8282528519630432,0.15111546218395233
7,5,128,10,0.7529697418212891,0.15551216900348663
7,5,128,11,0.7550107836723328,0.22317521274089813
7,5,128,12,0.6792393922805786,0.24424146115779877
7,5,128,13,0.7721536159515381,0.17535531520843506
7,5,128,14,0.7447882890701294,0.11632159352302551
7,5,128,15,0.9065737128257751,0.08073917031288147
7,5,128,16,0.7138882875442505,0.24386662244796753
7,5,128,17,0.43042120337486267,0.23340027034282684
7,5,128,18,0.6748508214950562,0.12335483729839325
7,5,128,19,0.8089012503623962,0.15348725020885468
7,5,128,20,0.47185876965522766,0.10557904094457626
7,5,128,21,0.43411123752593994,0.2841128706932068
7,5,128,22,0.8157106041908264,0.1456097811460495
7,5,128,23,0.8032328486442566,0.11747465282678604
7,5,128,24,0.5558369755744934,0.15636639297008514
7,5,128,25,0.6411749124526978,0.21431869268417358
7,5,128,26,0.697533130645752,0.13874347507953644
7,5,128,27,0.7960813641548157,0.1357118934392929
7,5,128,28,0.6973285675048828,0.15056933462619781
7,5,128,29,0.626800537109375,0.1646711677312851
7,5,128,30,0.7242778539657593,0.0947093665599823
7,5,128,31,0.7216488718986511,0.23121142387390137
7,5,128,32,0.3350054919719696,0.24196602404117584
7,5,128,33,0.396548330783844,0.3576052188873291
7,5,128,34,0.7644879221916199,0.17006729543209076
7,5,128,35,0.6866796016693115,0.056128643453121185
7,5,128,36,0.7208767533302307,0.21497046947479248
7,5,128,37,0.6860220432281494,0.19092270731925964
7,5,128,38,0.7677580118179321,0.24243471026420593
7,5,128,39,0.7961664795875549,0.2049582153558731
7,5,128,40,0.8073680400848389,0.12335321307182312
7,5,128,41,0.7109289765357971,0.14914032816886902
7,5,128,42,0.82977694272995,0.1579776555299759
7,5,128,43,0.6907727718353271,0.24507500231266022
7,5,128,44,0.793947160243988,0.1430269181728363
7,5,128,45,0.8037458062171936,0.07103618234395981
7,5,128,46,0.4691794812679291,0.24471324682235718
7,5,128,47,0.37721556425094604,0.12178288400173187
7,5,128,48,0.4761500656604767,0.22301997244358063
7,5,128,49,0.7489448189735413,0.24043580889701843
7,5,128,50,0.7742537260055542,0.19635051488876343
7,5,128,51,0.3997965157032013,0.2496718317270279
7,5,128,52,0.8262764811515808,0.1025409922003746
7,5,128,53,0.3303035497665405,0.26324281096458435
7,5,128,54,0.7886418104171753,0.12510468065738678
7,5,128,55,0.7602615356445312,0.1631353348493576
7,5,128,56,0.6953029632568359,0.2473258525133133
7,5,128,57,0.5615171194076538,0.18589018285274506
7,5,128,58,0.6880029439926147,0.2824760675430298
7,5,128,59,0.8782118558883667,0.09618496149778366
7,5,128,60,0.8138213157653809,0.13191677629947662
7,5,128,61,0.8261715173721313,0.14270718395709991
7,5,128,62,0.819248378276825,0.13509702682495117
7,5,128,63,0.8404797911643982,0.11607781797647476
7,5,128,64,0.8179303407669067,0.15652461349964142
7,5,128,65,0.8476196527481079,0.14535970985889435
7,5,128,66,0.8784598708152771,0.10900116711854935
7,5,128,67,0.3699442148208618,0.28642281889915466
7,5,128,68,0.5826719403266907,0.16830536723136902
7,5,128,69,0.45445042848587036,0.18858663737773895
7,5,128,70,0.7274372577667236,0.2198910415172577
7,5,128,71,0.7234582304954529,0.12225010991096497
7,5,128,72,0.8260228037834167,0.15833842754364014
7,5,128,73,0.7473942637443542,0.23093007504940033
7,5,128,74,0.8523775339126587,0.06957795470952988
7,5,128,75,0.8249263763427734,0.146163210272789
7,5,128,76,0.35863858461380005,0.2502608299255371
7,5,128,77,0.7184642553329468,0.10381203889846802
7,5,128,78,0.7360295653343201,0.20171618461608887
7,5,128,79,0.71317058801651,0.20816612243652344
7,5,128,80,0.8384060859680176,0.12218170613050461
7,5,128,81,0.3905912935733795,0.23745524883270264
7,5,128,82,0.7920817136764526,0.1661735475063324
7,5,128,83,0.7876490950584412,0.20093046128749847
7,5,128,84,0.7692593932151794,0.22631503641605377
7,5,128,85,0.7501586079597473,0.1556216925382614
7,5,128,86,0.39283081889152527,0.2120116949081421
7,5,128,87,0.6745614409446716,0.0915457010269165
7,5,128,88,0.6402347683906555,0.11739865690469742
7,5,128,89,0.747538685798645,0.0678739845752716
7,5,128,90,0.665887713432312,0.28463196754455566
7,5,128,91,0.7638458013534546,0.1977289319038391
7,5,128,92,0.8509229421615601,0.10893595218658447
7,5,128,93,0.8607826828956604,0.09144216030836105
7,5,128,94,0.737559974193573,0.18384093046188354
7,5,128,95,0.8115823864936829,0.22475071251392365
7,5,128,96,0.6431995630264282,0.10166451334953308
7,5,128,97,0.4442695081233978,0.18454043567180634
7,5,128,98,0.5325416326522827,0.20477908849716187
7,5,128,99,0.7797957062721252,0.1785922348499298
7,5,128,100,0.38581493496894836,0.16901668906211853
7,5,128,101,0.24737577140331268,0.1786399483680725
7,5,128,102,0.7527881860733032,0.19924505054950714
7,5,128,103,0.5497986078262329,0.1871144026517868
7,5,128,104,0.7677693963050842,0.18900591135025024
7,5,128,105,0.7516946196556091,0.2144652009010315
7,5,128,106,0.8034514784812927,0.0775439441204071
7,5,128,107,0.7325868010520935,0.21562142670154572
7,5,128,108,0.39959588646888733,0.2199285626411438
7,5,128,109,0.5788590312004089,0.12840059399604797
7,5,128,110,0.7862107157707214,0.1605960875749588
7,5,128,111,0.7106491923332214,0.13491018116474152
7,5,128,112,0.48470962047576904,0.2541244626045227
7,5,128,113,0.7875475287437439,0.20433677732944489
7,5,128,114,0.8028899431228638,0.1669008731842041
7,5,128,115,0.3487551510334015,0.328776091337204
7,5,128,116,0.721959114074707,0.22338315844535828
7,5,128,117,0.557583749294281,0.21233254671096802
7,5,128,118,0.6521589756011963,0.2845153510570526
7,5,128,119,0.6162879467010498,0.18684068322181702
7,5,128,120,0.7346436381340027,0.1927720457315445
7,5,128,121,0.4557155966758728,0.13917787373065948
7,5,128,122,0.7478712201118469,0.07711165398359299
7,5,128,123,0.8416451811790466,0.12588606774806976
7,5,128,124,0.7766079306602478,0.16685651242733002
7,5,128,125,0.7179873585700989,0.1830565482378006
7,5,128,126,0.5427720546722412,0.2228463888168335
7,5,128,127,0.4766745865345001,0.2836459279060364
8,0,32,0,0.3987739086151123,0.13033248484134674
8,0,32,1,0.5947864651679993,0.08124633133411407
8,0,32,2,0.3783726394176483,0.13641391694545746
8,0,32,3,0.46076178550720215,0.1844990998506546
8,0,32,4,0.47138020396232605,0.185127854347229
8,0,32,5,0.4443022906780243,0.06463076919317245
8,0,32,6,0.36669138073921204,0.14726224541664124
8,0,32,7,0.5767096281051636,0.049208056181669235
8,0,32,8,0.5390867590904236,0.14581935107707977
8,0,32,9,0.3764949142932892,0.0610366053879261
8,0,32,10,0.3562655746936798,0.15789617598056793
8,0,32,11,0.3852706849575043,0.11817653477191925
8,0,32,12,0.5247623324394226,0.04816760867834091
8,0,32,13,0.3479267656803131,0.15902137756347656
8,0,32,14,0.5446388721466064,0.1772194504737854
8,0,32,15,0.6129036545753479,0.1270088106393814
8,0,32,16,0.5899322032928467,0.14951695501804352
8,0,32,17,0.5841068029403687,0.09605631977319717
8,0,32,18,0.3387148976325989,0.055264078080654144
8,0,32,19,0.5636014938354492,0.17532896995544434
8,0,32,20,0.47669968008995056,0.17114178836345673
8,0,32,21,0.46684035658836365,0.10279382020235062
8,0,32,22,0.5959551930427551,0.10911434888839722
8,0,32,23,0.696904718875885,0.10256657749414444
8,0,32,24,0.5821832418441772,0.1241614893078804
8,0,32,25,0.5919557213783264,0.15341970324516296
8,0,32,26,0.5454850792884827,0.0992286428809166
8,0,32,27,0.3623240292072296,0.14195802807807922
8,0,32,28,0.4853750765323639,0.18853341042995453
8,0,32,29,0.6548234820365906,0.06936497986316681
8,0,32,30,0.6828763484954834,0.09412138164043427
8,0,32,31,0.28437480330467224,0.07272515445947647
8,1,32,0,0.46922531723976135,0.10123733431100845
8,1,32,1,0.6064751148223877,0.06966342031955719
8,1,32,2,0.6105877161026001,0.0711747333407402
8,1,32,3,0.5324550867080688,0.09918071329593658
8,1,32,4,0.4177383482456207,0.12120670080184937
8,1,32,5,0.45196208357810974,0.109440878033638
8,1,32,6,0.5380231738090515,0.06664352118968964
8,1,32,7,0.41609063744544983,0.05514080822467804
8,1,32,8,0.5190561413764954,0.11976134777069092
8,1,32,9,0.6072285771369934,0.07883219420909882
8,1,32,10,0.5838164687156677,0.11479821801185608
8,1,32,11,0.44448649883270264,0.07215499877929688
8,1,32,12,0.5216473340988159,0.17459645867347717
8,1,32,13,0.6340667009353638,0.1243836060166359
8,1,32,14,0.4773001968860626,0.042475905269384384
8,1,32,15,0.5374873280525208,0.11262576282024384
8,1,32,16,0.5200272798538208,0.04923243448138237
8,1,32,17,0.5745044946670532,0.04545646905899048
8,1,32,18,0.632081151008606,0.03331202268600464
8,1,32,19,0.5740940570831299,0.046351172029972076
8,1,32,20,0.39328694343566895,0.11364316940307617
8,1,32,21,0.554337203502655,0.052573006600141525
8,1,32,22,0.3555867075920105,0.10179268568754196
8,1,32,23,0.4347388744354248,0.06257987022399902
8,1,32,24,0.45288336277008057,0.06942994892597198
8,1,32,25,0.6076928377151489,0.09450168162584305
8,1,32,26,0.44621384143829346,0.07223372161388397
8,1,32,27,0.40163376927375793,0.12157199531793594
8,1,32,28,0.46507322788238525,0.07421256601810455
8,1,32,29,0.45668789744377136,0.07673477381467819
8,1,32,30,0.44517993927001953,0.04360448569059372
8,1,32,31,0.43997395038604736,0.04121851548552513
8,2,64,0,0.5094144344329834,0.22799916565418243
8,2,64,1,0.4346046447753906,0.0703955739736557
8,2,64,2,0.4855104386806488,0.11404875665903091
8,2,64,3,0.6732152104377747,0.08915404230356216
8,2,64,4,0.5932512879371643,0.08406461030244827
8,2,64,5,0.5431375503540039,0.14436689019203186
8,2,64,6,0.46179959177970886,0.13627590239048004
8,2,64,7,0.5902495980262756,0.12200699001550674
8,2,64,8,0.5108502507209778,0.11804167926311493
8,2,64,9,0.4550102949142456,0.1591516137123108
8,2,64,10,0.6182082295417786,0.1650271713733673
8,2,64,11,0.5763543844223022,0.20225229859352112
8,2,64,12,0.5305812358856201,0.19200606644153595
8,2,64,13,0.5063209533691406,0.09942417591810226
8,2,64,14,0.5124257206916809,0.23195840418338776
8,2,64,15,0.5724769830703735,0.15091951191425323
8,2,64,16,0.4565452039241791,0.13625623285770416
8,2,64,17,0.5594525933265686,0.15254086256027222
8,2,64,18,0.5333510637283325,0.23169198632240295
8,2,64,19,0.3942607343196869,0.12521199882030487
8,2,64,20,0.6570228934288025,0.1413360983133316
8,2,64,21,0.5467202663421631,0.13360527157783508
8,2,64,22,0.4778125584125519,0.07910971343517303
8,2,64,23,0.49481016397476196,0.15261337161064148
8,2,64,24,0.5539095401763916,0.127668097615242
8,2,64,25,0.5710333585739136,0.08327563852071762
8,2,64,26,0.4522690773010254,0.17997495830059052
8,2,64,27,0.45733994245529175,0.20633603632450104
8,2,64,28,0.42805007100105286,0.15197807550430298
8,2,64,29,0.5380944609642029,0.17164018750190735
8,2,64,30,0.5347354412078857,0.1686742603778839
8,2,64,31,0.3574830889701843,0.12282035499811172
8,2,64,32,0.4733099937438965,0.10091327875852585
8,2,64,33,0.5709344148635864,0.12471621483564377
8,2,64,34,0.4578019082546234,0.12002550810575485
8,2,64,35,0.4315585196018219,0.16678720712661743
8,2,64,36,0.4711656868457794,0.15483428537845612
8,2,64,37,0.6423513293266296,0.1077796220779419
8,2,64,38,0.4428071975708008,0.12801183760166168
8,2,64,39,0.5387715101242065,0.05515766888856888
8,2,64,40,0.37404486536979675,0.07607246935367584
8,2,64,41,0.42572176456451416,0.1420261263847351
8,2,64,42,0.4575303792953491,0.17707785964012146
8,2,64,43,0.3720627725124359,0.14035673439502716
8,2,64,44,0.5341784358024597,0.13998068869113922
8,2,64,45,0.348212331533432,0.1078411266207695
8,2,64,46,0.5006933212280273,0.0772964209318161
8,2,64,47,0.39958786964416504,0.159122496843338
8,2,64,48,0.6215546727180481,0.1088070198893547
8,2,64,49,0.5876984000205994,0.09544336795806885
8,2,64,50,0.39128854870796204,0.12083809077739716
8,2,64,51,0.3959251046180725,0.1155431941151619
8,2,64,52,0.4241105318069458,0.09876511991024017
8,2,64,53,0.40156739950180054,0.11363713443279266
8,2,64,54,0.5940953493118286,0.07832357287406921
8,2,64,55,0.5789824724197388,0.11083650588989258
8,2,64,56,0.5493363738059998,0.0955740362405777
8,2,64,57,0.42479538917541504,0.2056514173746109
8,2,64,58,0.5279800891876221,0.17981292307376862
8,2,64,59,0.43954771757125854,0.08567455410957336
8,2,64,60,0.43309280276298523,0.13659299910068512
8,2,64,61,0.4814675450325012,0.23430633544921875
8,2,64,62,0.5710659623146057,0.2070917934179306
8,2,64,63,0.5405610799789429,0.0937817394733429
8,3,64,0,0.41895580291748047,0.1975572258234024
8,3,64,1,0.5295888185501099,0.18558992445468903
8,3,64,2,0.5256322026252747,0.14858363568782806
8,3,64,3,0.39930135011672974,0.1387595683336258
8,3,64,4,0.5621458888053894,0.24405281245708466
8,3,64,5,0.4275529384613037,0.09779872745275497
8,3,64,6,0.5176104307174683,0.20540322363376617
8,3,64,7,0.4587250351905823,0.15824095904827118
8,3,64,8,0.538411021232605,0.06669675558805466
8,3,64,9,0.5561243295669556,0.13475221395492554
8,3,64,10,0.4601815640926361,0.14635150134563446
8,3,64,11,0.3595735728740692,0.176942378282547
8,3,64,12,0.4635167121887207,0.15197332203388214
8,3,64,13,0.433993935585022,0.16696232557296753
8,3,64,14,0.41309013962745667,0.21489973366260529
8,3,64,15,0.5352061986923218,0.22706924378871918
8,3,64,16,0.4426920413970947,0.11372104287147522
8,3,64,17,0.444072425365448,0.1374351680278778
8,3,64,18,0.5054318308830261,0.09908413887023926
8,3,64,19,0.4236431121826172,0.1890391856431961
8,3,64,20,0.5734706521034241,0.2241685837507248
8,3,64,21,0.42950913310050964,0.0377696231007576
8,3,64,22,0.49322009086608887,0.10168632119894028
8,3,64,23,0.5030977725982666,0.09955082088708878
8,3,64,24,0.4385772943496704,0.21885068714618683
8,3,64,25,0.4847918748855591,0.20718295872211456
8,3,64,26,0.46049073338508606,0.15565983951091766
8,3,64,27,0.5468693375587463,0.0988277867436409
8,3,64,28,0.45380187034606934,0.2534397542476654
8,3,64,29,0.534376859664917,0.14646784961223602
8,3,64,30,0.49684861302375793,0.13335227966308594
8,3,64,31,0.45765408873558044,0.18559259176254272
8,3,64,32,0.39127475023269653,0.15019385516643524
8,3,64,33,0.47964274883270264,0.0847611203789711
8,3,64,34,0.4687483012676239,0.2172965109348297
8,3,64,35,0.5318093299865723,0.11347434669733047
8,3,64,36,0.41977885365486145,0.17784826457500458
8,3,64,37,0.5383909344673157,0.2018270492553711
8,3,64,38,0.6175101399421692,0.1580285131931305
8,3,64,39,0.4886097013950348,0.19273528456687927
8,3,64,40,0.5903030633926392,0.16599716246128082
8,3,64,41,0.452370822429657,0.21302172541618347
8,3,64,42,0.47405606508255005,0.07687503099441528
8,3,64,43,0.5808858275413513,0.065642811357975
8,3,64,44,0.543510913848877,0.15083852410316467
8,3,64,45,0.564667820930481,0.13338203728199005
8,3,64,46,0.49929991364479065,0.18597838282585144
8,3,64,47,0.5660287141799927,0.08985372632741928
8,3,64,48,0.5950990319252014,0.13260027766227722
8,3,64,49,0.45582765340805054,0.11787475645542145
8,3,64,50,0.5920077562332153,0.1719079464673996
8,3,64,51,0.45835673809051514,0.14948052167892456
8,3,64,52,0.45566412806510925,0.2568388283252716
8,3,64,53,0.5305604338645935,0.1743178516626358
8,3,64,54,0.5985388159751892,0.19177792966365814
8,3,64,55,0.38194453716278076,0.13900546729564667
8,3,64,56,0.5755549669265747,0.11529459059238434
8,3,64,57,0.5631306767463684,0.11106614023447037
8,3,64,58,0.3554857671260834,0.21635526418685913
8,3,64,59,0.5117067098617554,0.13451093435287476
8,3,64,60,0.4687613248825073,0.15978677570819855
8,3,64,61,0.5548712611198425,0.08997109532356262
8,3,64,62,0.4613990783691406,0.19175393879413605
8,3,64,63,0.609826922416687,0.15919457376003265
8,4,128,0,0.6108536124229431,0.3029209077358246
8,4,128,1,0.6004908680915833,0.2138918787240982
8,4,128,2,0.4766278862953186,0.2073635458946228
8,4,128,3,0.568244218826294,0.2795606851577759
8,4,128,4,0.45625385642051697,0.2750322222709656
8,4,128,5,0.4594011604785919,0.31806454062461853
8,4,128,6,0.36027488112449646,0.1538478583097458
8,4,128,7,0.29129213094711304,0.08865697681903839
8,4,128,8,0.31886282563209534,0.06882129609584808
8,4,128,9,0.3584575057029724,0.20351728796958923
8,4,128,10,0.5926849842071533,0.3325687348842621
8,4,128,11,0.5863861441612244,0.32684293389320374
8,4,128,12,0.7984316349029541,0.14575889706611633
8,4,128,13,0.42248401045799255,0.2558981478214264
8,4,128,14,0.5345485806465149,0.39090681076049805
8,4,128,15,0.7442718148231506,0.15664705634117126
8,4,128,16,0.4768812358379364,0.08644673973321915
8,4,128,17,0.5275753140449524,0.21354763209819794
8,4,128,18,0.6694360971450806,0.34341078996658325
8,4,128,19,0.5875982642173767,0.3151986598968506
8,4,128,20,0.4494750201702118,0.17650608718395233
8,4,128,21,0.34014222025871277,0.23782338201999664
8,4,128,22,0.49141818284988403,0.25254201889038086
8,4,128,23,0.5101662874221802,0.18400247395038605
8,4,128,24,0.6389346122741699,0.12999913096427917
8,4,128,25,0.7971174120903015,0.08817733079195023
8,4,128,26,0.453057199716568,0.23771251738071442
8,4,128,27,0.6518375873565674,0.18941783905029297
8,4,128,28,0.32268980145454407,0.1244458481669426
8,4,128,29,0.5449258685112,0.22793875634670258
8,4,128,30,0.3466127812862396,0.2292637825012207
8,4,128,31,0.7036951780319214,0.10536471754312515
8,4,128,32,0.6104168891906738,0.2867680490016937
8,4,128,33,0.5368028283119202,0.15424814820289612
8,4,128,34,0.6840498447418213,0.1616153120994568
8,4,128,35,0.5902352929115295,0.15687626600265503
8,4,128,36,0.5525475740432739,0.17210333049297333
8,4,128,37,0.7435863018035889,0.21819373965263367
8,4,128,38,0.49356845021247864,0.19083084166049957
8,4,128,39,0.376047283411026,0.21853439509868622
8,4,128,40,0.5315122604370117,0.23985564708709717
8,4,128,41,0.45680370926856995,0.21304263174533844
8,4,128,42,0.7674194574356079,0.14544828236103058
8,4,128,43,0.6187347769737244,0.08555455505847931
8,4,128,44,0.642433762550354,0.19783326983451843
8,4,128,45,0.25733983516693115,0.10230415314435959
8,4,128,46,0.388597309589386,0.2083473652601242
8,4,128,47,0.6117169260978699,0.34780168533325195
8,4,128,48,0.5627421736717224,0.08651217073202133
8,4,128,49,0.43181902170181274,0.12127537280321121
8,4,128,50,0.640310525894165,0.24915684759616852
8,4,128,51,0.6175510883331299,0.3713867962360382
8,4,128,52,0.3999708890914917,0.1651642769575119
8,4,128,53,0.4319968521595001,0.40644145011901855
8,4,128,54,0.5381614565849304,0.26317694783210754
8,4,128,55,0.5272828936576843,0.30962061882019043
8,4,128,56,0.6250396966934204,0.2639648914337158
8,4,128,57,0.4367649555206299,0.16472065448760986
8,4,128,58,0.6175966262817383,0.15510809421539307
8,4,128,59,0.7474237084388733,0.17038628458976746
8,4,128,60,0.34891200065612793,0.20979338884353638
8,4,128,61,0.669992983341217,0.13397182524204254
8,4,128,62,0.6135867238044739,0.2682349383831024
8,4,128,63,0.7176374197006226,0.1225062683224678
8,4,128,64,0.6012976169586182,0.34398379921913147
8,4,128,65,0.6390304565429688,0.16808582842350006
8,4,128,66,0.29501909017562866,0.20431183278560638
8,4,128,67,0.4992810785770416,0.3624117374420166
8,4,128,68,0.844234049320221,0.0815114974975586
8,4,128,69,0.4054621160030365,0.182791069149971
8,4,128,70,0.5507027506828308,0.19929587841033936
8,4,128,71,0.36972174048423767,0.21296066045761108
8,4,128,72,0.6381754279136658,0.15855436027050018
8,4,128,73,0.48715561628341675,0.1647123545408249
8,4,128,74,0.3638690710067749,0.2284783571958542
8,4,128,75,0.5284246206283569,0.18931087851524353
8,4,128,76,0.4556255340576172,0.3333449363708496
8,4,128,77,0.5715361833572388,0.11877916753292084
8,4,128,78,0.39117249846458435,0.108050137758255
8,4,128,79,0.5209207534790039,0.27439045906066895
8,4,128,80,0.5095875859260559,0.2686811089515686
8,4,128,81,0.6930426359176636,0.16286179423332214
8,4,128,82,0.47335284948349,0.21893100440502167
8,4,128,83,0.5356099605560303,0.2701012194156647
8,4,128,84,0.6403822898864746,0.26454007625579834
8,4,128,85,0.6900379657745361,0.19453269243240356
8,4,128,86,0.5372647047042847,0.3493974804878235
8,4,128,87,0.6030706763267517,0.16126935184001923
8,4,128,88,0.5199767351150513,0.33092206716537476
8,4,128,89,0.4059729278087616,0.14642469584941864
8,4,128,90,0.7650332450866699,0.13246804475784302
8,4,128,91,0.6570546627044678,0.2014709711074829
8,4,128,92,0.4791674315929413,0.15298758447170258
8,4,128,93,0.5651351809501648,0.15271149575710297
8,4,128,94,0.6307867765426636,0.22629337012767792
8,4,128,95,0.3234057128429413,0.13662788271903992
8,4,128,96,0.47718545794487,0.21987348794937134
8,4,128,97,0.79295814037323,0.09808357805013657
8,4,128,98,0.560246467590332,0.2789268493652344
8,4,128,99,0.6317874193191528,0.25826677680015564
8,4,128,100,0.6418598890304565,0.13973483443260193
8,4,128,101,0.27599388360977173,0.30583295226097107
8,4,128,102,0.8043564558029175,0.151611790060997
8,4,128,103,0.6338302493095398,0.14802800118923187
8,4,128,104,0.525866687297821,0.33105000853538513
8,4,128,105,0.7676129937171936,0.10817160457372665
8,4,128,106,0.5786947011947632,0.39822712540626526
8,4,128,107,0.6506941914558411,0.3509902358055115
8,4,128,108,0.7742652893066406,0.1781996488571167
8,4,128,109,0.7269752621650696,0.20168885588645935
8,4,128,110,0.6251683831214905,0.3090517520904541
8,4,128,111,0.7573185563087463,0.12272048741579056
8,4,128,112,0.5637385845184326,0.2719476521015167
8,4,128,113,0.5528006553649902,0.32608702778816223
8,4,128,114,0.33115553855895996,0.21050477027893066
8,4,128,115,0.8124738335609436,0.0806165263056755
8,4,128,116,0.5812401175498962,0.25803130865097046
8,4,128,117,0.783070981502533,0.08210846036672592
8,4,128,118,0.37850624322891235,0.23639985918998718
8,4,128,119,0.677302896976471,0.23538736999034882
8,4,128,120,0.6359358429908752,0.3148494362831116
8,4,128,121,0.5555487871170044,0.2415623515844345
8,4,128,122,0.38477396965026855,0.1424339860677719
8,4,128,123,0.6151612401008606,0.33686643838882446
8,4,128,124,0.5286847949028015,0.19983595609664917
8,4,128,125,0.5884331464767456,0.31874656677246094
8,4,128,126,0.3275015354156494,0.265463650226593
8,4,128,127,0.6520870327949524,0.23402243852615356
8,5,128,0,0.6684126257896423,0.2715510427951813
8,5,128,1,0.8781484961509705,0.09594063460826874
8,5,128,2,0.8226499557495117,0.13045579195022583
8,5,128,3,0.4079884886741638,0.3614409863948822
8,5,128,4,0.7995959520339966,0.165261909365654
8,5,128,5,0.4836887717247009,0.21756841242313385
8,5,128,6,0.7904165387153625,0.15235987305641174
8,5,128,7,0.661125123500824,0.28585895895957947
8,5,128,8,0.7137113809585571,0.15098696947097778
8,5,128,9,0.484927237033844,0.30682244896888733
8,5,128,10,0.7285167574882507,0.11389219015836716
8,5,128,11,0.8174982666969299,0.13168130815029144
8,5,128,12,0.7327436208724976,0.12364685535430908
8,5,128,13,0.7861953973770142,0.1635148674249649
8,5,128,14,0.8985023498535156,0.07226064056158066
8,5,128,15,0.7713566422462463,0.15763016045093536
8,5,128,16,0.8424099683761597,0.07072416692972183
8,5,128,17,0.7680469751358032,0.13118082284927368
8,5,128,18,0.9068470597267151,0.07467395067214966
8,5,128,19,0.5210141539573669,0.23680071532726288
8,5,128,20,0.7002077102661133,0.23711644113063812
8,5,128,21,0.6177664995193481,0.2112969309091568
8,5,128,22,0.8958873152732849,0.06777474284172058
8,5,128,23,0.6329675316810608,0.25344541668891907
8,5,128,24,0.6877940893173218,0.2270241379737854
8,5,128,25,0.8169546723365784,0.15279367566108704
8,5,128,26,0.9129278063774109,0.049920398741960526
8,5,128,27,0.6845588088035583,0.22572532296180725
8,5,128,28,0.7033634781837463,0.24701404571533203
8,5,128,29,0.6509808897972107,0.18092133104801178
8,5,128,30,0.5005072355270386,0.3274185359477997
8,5,128,31,0.6621115207672119,0.2057315707206726
8,5,128,32,0.9087721109390259,0.05225912481546402
8,5,128,33,0.6317960023880005,0.22678986191749573
8,5,128,34,0.682535707950592,0.20036581158638
8,5,128,35,0.7597196102142334,0.2748889625072479
8,5,128,36,0.8396986722946167,0.13849188387393951
8,5,128,37,0.6823644638061523,0.19333471357822418
8,5,128,38,0.3008151054382324,0.17458412051200867
8,5,128,39,0.8501773476600647,0.11598300188779831
8,5,128,40,0.8646353483200073,0.07229679077863693
8,5,128,41,0.6445015668869019,0.177284374833107
8,5,128,42,0.7902443408966064,0.13066065311431885
8,5,128,43,0.7726407051086426,0.15796858072280884
8,5,128,44,0.3339906334877014,0.2307121306657791
8,5,128,45,0.8498594164848328,0.059126175940036774
8,5,128,46,0.52122962474823,0.37226101756095886
8,5,128,47,0.8039622902870178,0.20146451890468597
8,5,128,48,0.688368022441864,0.11476680636405945
8,5,128,49,0.5700125098228455,0.20110777020454407
8,5,128,50,0.46128296852111816,0.3024800419807434
8,5,128,51,0.35379382967948914,0.3373285233974457
8,5,128,52,0.6906039118766785,0.1565658450126648
8,5,128,53,0.45566806197166443,0.20549888908863068
8,5,128,54,0.5569440722465515,0.3180467486381531
8,5,128,55,0.2893158495426178,0.2910378873348236
8,5,128,56,0.7749637961387634,0.2110157310962677
8,5,128,57,0.6625634431838989,0.261546790599823
8,5,128,58,0.44177529215812683,0.27900049090385437
8,5,128,59,0.7663350105285645,0.11067821830511093
8,5,128,60,0.689068078994751,0.12697337567806244
8,5,128,61,0.7054375410079956,0.157199889421463
8,5,128,62,0.7424421906471252,0.1623360812664032
8,5,128,63,0.634469747543335,0.18667136132717133
8,5,128,64,0.6807743906974792,0.12121874839067459
8,5,128,65,0.8070598244667053,0.1630622148513794
8,5,128,66,0.700150191783905,0.19371096789836884
8,5,128,67,0.730190634727478,0.13023528456687927
8,5,128,68,0.7909155488014221,0.15020225942134857
8,5,128,69,0.6757239699363708,0.2000304013490677
8,5,128,70,0.6128236651420593,0.25408002734184265
8,5,128,71,0.544417142868042,0.23426353931427002
8,5,128,72,0.3569079637527466,0.26406919956207275
8,5,128,73,0.7699189782142639,0.0654517114162445
8,5,128,74,0.6720908284187317,0.23910248279571533
8,5,128,75,0.7726241946220398,0.11891742050647736
8,5,128,76,0.4995918273925781,0.2423609346151352
8,5,128,77,0.7792155742645264,0.053283628076314926
8,5,128,78,0.7513137459754944,0.09753433614969254
8,5,128,79,0.461700975894928,0.3818637430667877
8,5,128,80,0.7730805277824402,0.20114567875862122
8,5,128,81,0.6054851412773132,0.19601856172084808
8,5,128,82,0.7605292797088623,0.1865874081850052
8,5,128,83,0.7987920641899109,0.153286412358284
8,5,128,84,0.8165237903594971,0.11114489287137985
8,5,128,85,0.8117130398750305,0.11024411767721176
8,5,128,86,0.6382728219032288,0.23061446845531464
8,5,128,87,0.5713620185852051,0.30164769291877747
8,5,128,88,0.6748479604721069,0.180757075548172
8,5,128,89,0.7979195713996887,0.09075964987277985
8,5,128,90,0.7244893312454224,0.1310552954673767
8,5,128,91,0.6514592170715332,0.19600360095500946
8,5,128,92,0.7932643890380859,0.12585215270519257
8,5,128,93,0.7835734486579895,0.08944816142320633
8,5,128,94,0.7724899649620056,0.1336555778980255
8,5,128,95,0.7671497464179993,0.20199179649353027
8,5,128,96,0.7181783318519592,0.10216251760721207
8,5,128,97,0.8272263407707214,0.07222016900777817
8,5,128,98,0.8035590648651123,0.07669787108898163
8,5,128,99,0.8385909795761108,0.10627344250679016
8,5,128,100,0.7473504543304443,0.1641169786453247
8,5,128,101,0.4380129277706146,0.14440684020519257
8,5,128,102,0.7266401648521423,0.16590075194835663
8,5,128,103,0.8341681957244873,0.13039377331733704
8,5,128,104,0.7886447310447693,0.16123145818710327
8,5,128,105,0.6643704175949097,0.21542558073997498
8,5,128,106,0.7970421314239502,0.12474903464317322
8,5,128,107,0.8102604746818542,0.0886525809764862
8,5,128,108,0.8901768922805786,0.05174988880753517
8,5,128,109,0.7417467832565308,0.11777219921350479
8,5,128,110,0.8498463034629822,0.09617844969034195
8,5,128,111,0.41567912697792053,0.14493632316589355
8,5,128,112,0.8123679161071777,0.12670007348060608
8,5,128,113,0.7706151604652405,0.19218841195106506
8,5,128,114,0.6532954573631287,0.2949211597442627
8,5,128,115,0.7886563539505005,0.11680077761411667
8,5,128,116,0.8381717205047607,0.12400558590888977
8,5,128,117,0.7684367299079895,0.11504122614860535
8,5,128,118,0.8594441413879395,0.09945952892303467
8,5,128,119,0.556782066822052,0.35610124468803406
8,5,128,120,0.8684200048446655,0.053317099809646606
8,5,128,121,0.6932089924812317,0.20152932405471802
8,5,128,122,0.5135768055915833,0.22423556447029114
8,5,128,123,0.8696938753128052,0.1035800352692604
8,5,128,124,0.8908230066299438,0.04168255999684334
8,5,128,125,0.7771697640419006,0.12925119698047638
8,5,128,126,0.7015554308891296,0.11015596985816956
8,5,128,127,0.7652077674865723,0.12922856211662292
9,0,32,0,0.4953227937221527,0.14394234120845795
9,0,32,1,0.5444743633270264,0.08953312039375305
9,0,32,2,0.5055156350135803,0.07265479117631912
9,0,32,3,0.4894634783267975,0.129574254155159
9,0,32,4,0.2773142158985138,0.11004447191953659
9,0,32,5,0.4584309160709381,0.04728464037179947
9,0,32,6,0.49196696281433105,0.11142697930335999
9,0,32,7,0.3171846568584442,0.11729689687490463
9,0,32,8,0.4965043067932129,0.14288562536239624
9,0,32,9,0.48661884665489197,0.11177119612693787
9,0,32,10,0.5838949680328369,0.07641097903251648
9,0,32,11,0.6197503209114075,0.11989039927721024
9,0,32,12,0.34381982684135437,0.10115066170692444
9,0,32,13,0.4774772524833679,0.10469989478588104
9,0,32,14,0.4491996467113495,0.11223138123750687
9,0,32,15,0.4820598065853119,0.14129357039928436
9,0,32,16,0.6016290187835693,0.08017148822546005
9,0,32,17,0.5291099548339844,0.1442459672689438
9,0,32,18,0.5400121212005615,0.1144588366150856
9,0,32,19,0.4143337905406952,0.08644461631774902
9,0,32,20,0.4817487299442291,0.14857903122901917
9,0,32,21,0.46218886971473694,0.1300237476825714
9,0,32,22,0.6318156123161316,0.1200413852930069
9,0,32,23,0.59784334897995,0.06473115086555481
9,0,32,24,0.5831054449081421,0.054197046905756
9,0,32,25,0.4073989689350128,0.10086981952190399
9,0,32,26,0.3840554654598236,0.11488758027553558
9,0,32,27,0.6585320830345154,0.1192508116364479
9,0,32,28,0.5996065735816956,0.10911758989095688
9,0,32,29,0.5017966628074646,0.14241725206375122
9,0,32,30,0.44957655668258667,0.03913643956184387
9,0,32,31,0.409671425819397,0.06418944150209427
9,1,32,0,0.5781115889549255,0.0626794695854187
9,1,32,1,0.3027211129665375,0.17478016018867493
9,1,32,2,0.5538462400436401,0.08960617333650589
9,1,32,3,0.4153551459312439,0.106563039124012
9,1,32,4,0.5592349767684937,0.058664362877607346
9,1,32,5,0.48452645540237427,0.07488789409399033
9,1,32,6,0.2713758945465088,0.065737284719944
9,1,32,7,0.700950026512146,0.09759553521871567
9,1,32,8,0.4206739664077759,0.11605823785066605
9,1,32,9,0.4453117251396179,0.09930749982595444
9,1,32,10,0.3825537860393524,0.14578883349895477
9,1,32,11,0.65485680103302,0.06960655748844147
9,1,32,12,0.7688655257225037,0.07385125756263733
9,1,32,13,0.4543791711330414,0.0868322029709816
9,1,32,14,0.7384147644042969,0.08458998799324036
9,1,32,15,0.5165275931358337,0.13460078835487366
9,1,32,16,0.5688709020614624,0.11245371401309967
9,1,32,17,0.41717877984046936,0.08698297291994095
9,1,32,18,0.5252561569213867,0.08464501798152924
9,1,32,19,0.6092355847358704,0.17191727459430695
9,1,32,20,0.3946312367916107,0.06502187252044678
9,1,32,21,0.574600100517273,0.15143485367298126
9,1,32,22,0.557979166507721,0.13610616326332092
9,1,32,23,0.5529385805130005,0.09004075825214386
9,1,32,24,0.4181497395038605,0.08155474066734314
9,1,32,25,0.6661456227302551,0.1680261194705963
9,1,32,26,0.39582139253616333,0.07642543315887451
9,1,32,27,0.5975326895713806,0.04786144942045212
9,1,32,28,0.4306202828884125,0.06157584488391876
9,1,32,29,0.37825852632522583,0.15989017486572266
9,1,32,30,0.6684474349021912,0.15742236375808716
9,1,32,31,0.4236290752887726,0.03309927135705948
9,2,64,0,0.5418201088905334,0.09257510304450989
9,2,64,1,0.48495715856552124,0.174067422747612
9,2,64,2,0.5868312120437622,0.1775779277086258
9,2,64,3,0.5489623546600342,0.17086532711982727
9,2,64,4,0.618713915348053,0.17756396532058716
9,2,64,5,0.5864480137825012,0.202457994222641
9,2,64,6,0.6139035224914551,0.16461046040058136
9,2,64,7,0.47636276483535767,0.17778924107551575
9,2,64,8,0.5002024173736572,0.15730944275856018
9,2,64,9,0.7036733627319336,0.08335581421852112
9,2,64,10,0.6057037115097046,0.09455134719610214
9,2,64,11,0.5378338098526001,0.17301185429096222
9,2,64,12,0.46047481894493103,0.1518629491329193
9,2,64,13,0.4430069029331207,0.1562536358833313
9,2,64,14,0.4380045533180237,0.12162478268146515
9,2,64,15,0.5562429428100586,0.15104572474956512
9,2,64,16,0.4141092300415039,0.13579659163951874
9,2,64,17,0.5956228375434875,0.19896908104419708
9,2,64,18,0.4875759780406952,0.12218528240919113
9,2,64,19,0.6667938232421875,0.10832870006561279
9,2,64,20,0.6036716103553772,0.2520727515220642
9,2,64,21,0.5154961943626404,0.18396595120429993
9,2,64,22,0.45618507266044617,0.11110617220401764
9,2,64,23,0.5237544775009155,0.08105793595314026
9,2,64,24,0.5958184599876404,0.15156976878643036
9,2,64,25,0.4522511959075928,0.1469828188419342
9,2,64,26,0.580915093421936,0.12599977850914001
9,2,64,27,0.40524858236312866,0.18925170600414276
9,2,64,28,0.6113636493682861,0.1106938049197197
9,2,64,29,0.5633004903793335,0.2616526782512665
9,2,64,30,0.4838070869445801,0.2138437181711197
9,2,64,31,0.528410792350769,0.1872626394033432
9,2,64,32,0.6491156816482544,0.1578955203294754
9,2,64,33,0.4627094268798828,0.10951825231313705
9,2,64,34,0.5887250304222107,0.16772125661373138
9,2,64,35,0.3195459842681885,0.11441395431756973
9,2,64,36,0.48839712142944336,0.2845306396484375
9,2,64,37,0.35520613193511963,0.17496687173843384
9,2,64,38,0.4336456060409546,0.1157088503241539
9,2,64,39,0.3657626807689667,0.11664518713951111
9,2,64,40,0.5822955965995789,0.14592456817626953
9,2,64,41,0.4759487509727478,0.17632043361663818
9,2,64,42,0.407105952501297,0.14958518743515015
9,2,64,43,0.6136225461959839,0.17564158141613007
9,2,64,44,0.45588067173957825,0.19075559079647064
9,2,64,45,0.4691382050514221,0.13250795006752014
9,2,64,46,0.4944200813770294,0.10995793342590332
9,2,64,47,0.41813895106315613,0.1893015205860138
9,2,64,48,0.7130036354064941,0.10225192457437515
9,2,64,49,0.5811913013458252,0.31920126080513
9,2,64,50,0.4720388650894165,0.17277704179286957
9,2,64,51,0.3548355996608734,0.1450609415769577
9,2,64,52,0.5064212679862976,0.26165539026260376
9,2,64,53,0.5849806070327759,0.17395015060901642
9,2,64,54,0.5420831441879272,0.06908629089593887
9,2,64,55,0.4166639745235443,0.23305290937423706
9,2,64,56,0.4296868145465851,0.21322694420814514
9,2,64,57,0.5702204704284668,0.14924772083759308
9,2,64,58,0.4480830430984497,0.13223254680633545
9,2,64,59,0.6451528072357178,0.14918284118175507
9,2,64,60,0.4556681215763092,0.12048765271902084
9,2,64,61,0.6576188206672668,0.1617385745048523
9,2,64,62,0.5608742833137512,0.10866706818342209
9,2,64,63,0.5469081997871399,0.177275612950325
9,3,64,0,0.5658841729164124,0.12864050269126892
9,3,64,1,0.551304280757904,0.27753448486328125
9,3,64,2,0.5122299194335938,0.08639238029718399
9,3,64,3,0.6045635342597961,0.1626025289297104
9,3,64,4,0.5206765532493591,0.2846721112728119
9,3,64,5,0.44101768732070923,0.133247509598732
9,3,64,6,0.4273145794868469,0.08164457976818085
9,3,64,7,0.3847278356552124,0.17781803011894226
9,3,64,8,0.6123419404029846,0.22106154263019562
9,3,64,9,0.4918802082538605,0.1706092357635498
9,3,64,10,0.34726354479789734,0.09512205421924591
9,3,64,11,0.5157656669616699,0.15781711041927338
9,3,64,12,0.49292999505996704,0.16940924525260925
9,3,64,13,0.445342093706131,0.12852056324481964
9,3,64,14,0.628997802734375,0.16775007545948029
9,3,64,15,0.40704795718193054,0.12749303877353668
9,3,64,16,0.608062744140625,0.1530272513628006
9,3,64,17,0.4763016402721405,0.1802244484424591
9,3,64,18,0.4500151574611664,0.2038879692554474
9,3,64,19,0.6664494276046753,0.11252958327531815
9,3,64,20,0.5846353769302368,0.1331590861082077
9,3,64,21,0.48133718967437744,0.12732379138469696
9,3,64,22,0.5362672209739685,0.12459083646535873
9,3,64,23,0.5375300645828247,0.10128123313188553
9,3,64,24,0.31840017437934875,0.1069861575961113
9,3,64,25,0.5244719982147217,0.2226804941892624
9,3,64,26,0.38345012068748474,0.07244939357042313
9,3,64,27,0.5594199895858765,0.13861413300037384
9,3,64,28,0.665524959564209,0.09217627346515656
9,3,64,29,0.6391885280609131,0.07072459906339645
9,3,64,30,0.5746572017669678,0.12597370147705078
9,3,64,31,0.29144102334976196,0.17200124263763428
9,3,64,32,0.5318319201469421,0.2096874862909317
9,3,64,33,0.4251062572002411,0.16257421672344208
9,3,64,34,0.48953256011009216,0.1924012154340744
9,3,64,35,0.40405845642089844,0.08583606779575348
9,3,64,36,0.5149020552635193,0.1414237916469574
9,3,64,37,0.55818110704422,0.23030564188957214
9,3,64,38,0.5191479325294495,0.11886610090732574
9,3,64,39,0.7024798393249512,0.10166272521018982
9,3,64,40,0.5153586864471436,0.13404828310012817
9,3,64,41,0.3468073904514313,0.13439404964447021
9,3,64,42,0.5924649834632874,0.07273755967617035
9,3,64,43,0.5674012899398804,0.24122746288776398
9,3,64,44,0.4688419699668884,0.18419383466243744
9,3,64,45,0.3677145540714264,0.09411490708589554
9,3,64,46,0.5535579919815063,0.12393087148666382
9,3,64,47,0.4020763337612152,0.07755731791257858
9,3,64,48,0.5399354696273804,0.10075686126947403
9,3,64,49,0.6676156520843506,0.1131906509399414
9,3,64,50,0.4942968785762787,0.1845688372850418
9,3,64,51,0.671042263507843,0.07371232658624649
9,3,64,52,0.5008735060691833,0.18266236782073975
9,3,64,53,0.6409428119659424,0.12631842494010925
9,3,64,54,0.4701662063598633,0.06553550809621811
9,3,64,55,0.36851954460144043,0.08973963558673859
9,3,64,56,0.5900525450706482,0.08990741521120071
9,3,64,57,0.4346387982368469,0.120902419090271
9,3,64,58,0.37760162353515625,0.24356235563755035
9,3,64,59,0.45848220586776733,0.06185328587889671
9,3,64,60,0.45727911591529846,0.23509639501571655
9,3,64,61,0.5054830312728882,0.2103520929813385
9,3,64,62,0.5054786205291748,0.0954548791050911
9,3,64,63,0.41953346133232117,0.23582850396633148
9,4,128,0,0.6617816090583801,0.08284233510494232
9,4,128,1,0.6122022867202759,0.30339330434799194
9,4,128,2,0.45585718750953674,0.15209804475307465
9,4,128,3,0.4216650426387787,0.30353912711143494
9,4,128,4,0.5721667408943176,0.11487244814634323
9,4,128,5,0.35084402561187744,0.22693569958209991
9,4,128,6,0.5127742886543274,0.2935245931148529
9,4,128,7,0.58394455909729,0.298954039812088
9,4,128,8,0.46914517879486084,0.15360333025455475
9,4,128,9,0.4851345717906952,0.19996151328086853
9,4,128,10,0.5994921326637268,0.261165589094162
9,4,128,11,0.39739060401916504,0.23214074969291687
9,4,128,12,0.5317180752754211,0.20693646371364594
9,4,128,13,0.5216329097747803,0.27147120237350464
9,4,128,14,0.4862653911113739,0.12163923680782318
9,4,128,15,0.5539782047271729,0.14302513003349304
9,4,128,16,0.41436532139778137,0.09191276133060455
9,4,128,17,0.5896844863891602,0.16395922005176544
9,4,128,18,0.6547598838806152,0.17764785885810852
9,4,128,19,0.6368563771247864,0.19220565259456635
9,4,128,20,0.6364124417304993,0.1971060037612915
9,4,128,21,0.36591506004333496,0.17206476628780365
9,4,128,22,0.5900865793228149,0.14252181351184845
9,4,128,23,0.46745210886001587,0.12978486716747284
9,4,128,24,0.5706005096435547,0.3005259335041046
9,4,128,25,0.7114770412445068,0.1860727220773697
9,4,128,26,0.5126646161079407,0.22629277408123016
9,4,128,27,0.7303241491317749,0.15754030644893646
9,4,128,28,0.6179355382919312,0.23035600781440735
9,4,128,29,0.6118003129959106,0.3272603154182434
9,4,128,30,0.5191957354545593,0.33125901222229004
9,4,128,31,0.4467642307281494,0.07177946716547012
9,4,128,32,0.3512929677963257,0.2376718968153
9,4,128,33,0.5778576135635376,0.2001715749502182
9,4,128,34,0.6255834102630615,0.12740808725357056
9,4,128,35,0.40267413854599,0.11672762781381607
9,4,128,36,0.6144630908966064,0.05719495564699173
9,4,128,37,0.564025342464447,0.303243488073349
9,4,128,38,0.5921224355697632,0.1316501349210739
9,4,128,39,0.44686171412467957,0.24410203099250793
9,4,128,40,0.6058340072631836,0.2395223081111908
9,4,128,41,0.7180107235908508,0.15166130661964417
9,4,128,42,0.6859937310218811,0.10635863989591599
9,4,128,43,0.6235848069190979,0.1980622410774231
9,4,128,44,0.6164294481277466,0.20188884437084198
9,4,128,45,0.5425854325294495,0.313506156206131
9,4,128,46,0.3527761399745941,0.08487360924482346
9,4,128,47,0.3585479259490967,0.24905234575271606
9,4,128,48,0.5026423335075378,0.09295296669006348
9,4,128,49,0.4498037099838257,0.300821453332901
9,4,128,50,0.6074163317680359,0.17130623757839203
9,4,128,51,0.6057291030883789,0.2192254662513733
9,4,128,52,0.4135127067565918,0.3162929117679596
9,4,128,53,0.6397436261177063,0.1505308598279953
9,4,128,54,0.42714473605155945,0.10887753963470459
9,4,128,55,0.5472295880317688,0.27106615900993347
9,4,128,56,0.5545682907104492,0.2594467103481293
9,4,128,57,0.7311566472053528,0.11412519216537476
9,4,128,58,0.6568566560745239,0.251417875289917
9,4,128,59,0.6067912578582764,0.19581308960914612
9,4,128,60,0.29291459918022156,0.1926795393228531
9,4,128,61,0.6494700312614441,0.12872496247291565
9,4,128,62,0.6769444942474365,0.14241234958171844
9,4,128,63,0.7756233811378479,0.11636297404766083
9,4,128,64,0.5479164123535156,0.2689530849456787
9,4,128,65,0.4322960674762726,0.18794794380664825
9,4,128,66,0.36292752623558044,0.2568175792694092
9,4,128,67,0.5564122796058655,0.06874898821115494
9,4,128,68,0.39294520020484924,0.16828149557113647
9,4,128,69,0.6289269924163818,0.2263529747724533
9,4,128,70,0.544687807559967,0.26247453689575195
9,4,128,71,0.5505996942520142,0.13793285191059113
9,4,128,72,0.648752748966217,0.10666623711585999
9,4,128,73,0.5297934412956238,0.20068614184856415
9,4,128,74,0.5555331110954285,0.16996748745441437
9,4,128,75,0.6884860396385193,0.15152232348918915
9,4,128,76,0.3207166790962219,0.18046864867210388
9,4,128,77,0.36754298210144043,0.27826762199401855
9,4,128,78,0.4973035454750061,0.24136918783187866
9,4,128,79,0.540196418762207,0.31901103258132935
9,4,128,80,0.6666959524154663,0.11174151301383972
9,4,128,81,0.5535175800323486,0.2697582542896271
9,4,128,82,0.4100032150745392,0.18119655549526215
9,4,128,83,0.616460919380188,0.22319857776165009
9,4,128,84,0.7221869230270386,0.08295992761850357
9,4,128,85,0.7337467074394226,0.1728001832962036
9,4,128,86,0.6807763576507568,0.1126212477684021
9,4,128,87,0.558312177658081,0.31941190361976624
9,4,128,88,0.6153362989425659,0.13732869923114777
9,4,128,89,0.46042463183403015,0.20494429767131805
9,4,128,90,0.7506753206253052,0.1439625769853592
9,4,128,91,0.7244469523429871,0.07388556003570557
9,4,128,92,0.5557885766029358,0.26140671968460083
9,4,128,93,0.616191029548645,0.15796050429344177
9,4,128,94,0.5407121181488037,0.18454991281032562
9,4,128,95,0.7226725816726685,0.14916777610778809
9,4,128,96,0.5337231159210205,0.13437922298908234
9,4,128,97,0.5819313526153564,0.297151118516922
9,4,128,98,0.6305116415023804,0.1396361142396927
9,4,128,99,0.5358736515045166,0.18295089900493622
9,4,128,100,0.5891218781471252,0.3590053617954254
9,4,128,101,0.6507135033607483,0.19864699244499207
9,4,128,102,0.6722604036331177,0.1361331194639206
9,4,128,103,0.5429205298423767,0.1753082275390625
9,4,128,104,0.5870224237442017,0.17820680141448975
9,4,128,105,0.5390438437461853,0.17644669115543365
9,4,128,106,0.6411268711090088,0.24079455435276031
9,4,128,107,0.42650511860847473,0.24797040224075317
9,4,128,108,0.40406161546707153,0.23143911361694336
9,4,128,109,0.665066123008728,0.20275801420211792
9,4,128,110,0.6133861541748047,0.27940934896469116
9,4,128,111,0.7041571736335754,0.13600808382034302
9,4,128,112,0.49981048703193665,0.14154699444770813
9,4,128,113,0.4750359356403351,0.1390693038702011
9,4,128,114,0.647057056427002,0.18317727744579315
9,4,128,115,0.519068717956543,0.2804085612297058
9,4,128,116,0.44165167212486267,0.2672453224658966
9,4,128,117,0.37739476561546326,0.23894329369068146
9,4,128,118,0.5503342747688293,0.16988007724285126
9,4,128,119,0.615744948387146,0.11473897844552994
9,4,128,120,0.36830806732177734,0.1492295265197754
9,4,128,121,0.5731881856918335,0.2574900686740875
9,4,128,122,0.4354832172393799,0.14441438019275665
9,4,128,123,0.6412577033042908,0.223585844039917
9,4,128,124,0.6124609708786011,0.13557980954647064
9,4,128,125,0.4338780641555786,0.17507387697696686
9,4,128,126,0.31828513741493225,0.1286763995885849
9,4,128,127,0.5489836931228638,0.3358481824398041
9,5,128,0,0.6117638945579529,0.1999017298221588
9,5,128,1,0.7769657373428345,0.1003965213894844
9,5,128,2,0.6397842168807983,0.287524938583374
9,5,128,3,0.5906097888946533,0.27075889706611633
9,5,128,4,0.6580816507339478,0.18487724661827087
9,5,128,5,0.8490903973579407,0.09852077811956406
9,5,128,6,0.7239906191825867,0.11847388744354248
9,5,128,7,0.7512766122817993,0.16655780375003815
9,5,128,8,0.8017012476921082,0.10633715987205505
9,5,128,9,0.7039408683776855,0.23630566895008087
9,5,128,10,0.8372615575790405,0.10800091922283173
9,5,128,11,0.6925636529922485,0.08848707377910614
9,5,128,12,0.8476245403289795,0.1349402368068695
9,5,128,13,0.5670483112335205,0.19770139455795288
9,5,128,14,0.6498469710350037,0.26535627245903015
9,5,128,15,0.7734800577163696,0.09294866025447845
9,5,128,16,0.6878213882446289,0.2054629623889923
9,5,128,17,0.3853352963924408,0.15648433566093445
9,5,128,18,0.8403206467628479,0.09584730118513107
9,5,128,19,0.8120034337043762,0.1021038070321083
9,5,128,20,0.7388999462127686,0.19868174195289612
9,5,128,21,0.4363197684288025,0.34328654408454895
9,5,128,22,0.6668753027915955,0.21844501793384552
9,5,128,23,0.7323734760284424,0.1259753555059433
9,5,128,24,0.5365138649940491,0.15166987478733063
9,5,128,25,0.838520348072052,0.10070475935935974
9,5,128,26,0.8618770241737366,0.09304102510213852
9,5,128,27,0.8115774393081665,0.09703114628791809
9,5,128,28,0.5821189880371094,0.21995064616203308
9,5,128,29,0.749710738658905,0.2290472537279129
9,5,128,30,0.8082674145698547,0.16227634251117706
9,5,128,31,0.6734366416931152,0.1522706001996994
9,5,128,32,0.6843959093093872,0.23685933649539948
9,5,128,33,0.679597795009613,0.21929490566253662
9,5,128,34,0.6092383861541748,0.09026658535003662
9,5,128,35,0.34593111276626587,0.24827104806900024
9,5,128,36,0.7360185384750366,0.1512395739555359
9,5,128,37,0.8197793364524841,0.11205790936946869
9,5,128,38,0.27951791882514954,0.09746912121772766
9,5,128,39,0.7993676066398621,0.08921938389539719
9,5,128,40,0.6064229011535645,0.19055971503257751
9,5,128,41,0.7178577780723572,0.2667185366153717
9,5,128,42,0.6229077577590942,0.16734138131141663
9,5,128,43,0.36449459195137024,0.23619933426380157
9,5,128,44,0.7099946737289429,0.2361108958721161
9,5,128,45,0.6877476572990417,0.22922351956367493
9,5,128,46,0.47817885875701904,0.09379202872514725
9,5,128,47,0.331712543964386,0.13112200796604156
9,5,128,48,0.6127416491508484,0.2704419195652008
9,5,128,49,0.4172136187553406,0.22652575373649597
9,5,128,50,0.7914270162582397,0.12080135196447372
9,5,128,51,0.5780235528945923,0.17462782561779022
9,5,128,52,0.35335004329681396,0.15130966901779175
9,5,128,53,0.6618494391441345,0.1974727213382721
9,5,128,54,0.5561542510986328,0.20764665305614471
9,5,128,55,0.46880587935447693,0.36929070949554443
9,5,128,56,0.7777441740036011,0.09156519174575806
9,5,128,57,0.7981438636779785,0.1065799817442894
9,5,128,58,0.6329870223999023,0.3287544548511505
9,5,128,59,0.8611636161804199,0.08753453195095062
9,5,128,60,0.8135505318641663,0.08337537944316864
9,5,128,61,0.7776796817779541,0.09782786667346954
9,5,128,62,0.8254938721656799,0.11739206314086914
9,5,128,63,0.6694353818893433,0.2571994364261627
9,5,128,64,0.3796384632587433,0.18331921100616455
9,5,128,65,0.5256612300872803,0.11184991151094437
9,5,128,66,0.6888815760612488,0.2559792995452881
9,5,128,67,0.6252087354660034,0.2790200412273407
9,5,128,68,0.766185998916626,0.21151964366436005
9,5,128,69,0.7805647850036621,0.11464673280715942
9,5,128,70,0.7726754546165466,0.10310392081737518
9,5,128,71,0.7848016619682312,0.07590832561254501
9,5,128,72,0.4887736737728119,0.1411813497543335
9,5,128,73,0.49053552746772766,0.3436409831047058
9,5,128,74,0.6874706745147705,0.25516197085380554
9,5,128,75,0.7246994376182556,0.11784869432449341
9,5,128,76,0.3717540204524994,0.2009965032339096
9,5,128,77,0.7372034788131714,0.08908679336309433
9,5,128,78,0.6903302073478699,0.1722954660654068
9,5,128,79,0.6129886507987976,0.2617203891277313
9,5,128,80,0.44875892996788025,0.3003906011581421
9,5,128,81,0.6131315231323242,0.2910202443599701
9,5,128,82,0.8559412956237793,0.0836368128657341
9,5,128,83,0.5330224633216858,0.2192060500383377
9,5,128,84,0.6477315425872803,0.20081327855587006
9,5,128,85,0.6843867897987366,0.22896957397460938
9,5,128,86,0.6424092650413513,0.2951258718967438
9,5,128,87,0.6554751396179199,0.2708878517150879
9,5,128,88,0.726854145526886,0.26598426699638367
9,5,128,89,0.8174639940261841,0.13088993728160858
9,5,128,90,0.7664595246315002,0.11524929851293564
9,5,128,91,0.8647515773773193,0.0954892560839653
9,5,128,92,0.7943710684776306,0.10376501828432083
9,5,128,93,0.6552786231040955,0.1795794516801834
9,5,128,94,0.8238253593444824,0.09177316725254059
9,5,128,95,0.398638516664505,0.29524683952331543
9,5,128,96,0.6724124550819397,0.08912191540002823
9,5,128,97,0.6888214349746704,0.22626926004886627
9,5,128,98,0.7126714587211609,0.16896124184131622
9,5,128,99,0.6045842170715332,0.2217092663049698
9,5,128,100,0.7603469491004944,0.17483890056610107
9,5,128,101,0.7141357064247131,0.10528600215911865
9,5,128,102,0.826817512512207,0.12241432070732117
9,5,128,103,0.5344310402870178,0.2206852287054062
9,5,128,104,0.6678147912025452,0.2730082869529724
9,5,128,105,0.43431758880615234,0.19330118596553802
9,5,128,106,0.7795648574829102,0.1726365089416504
9,5,128,107,0.6197519302368164,0.18093934655189514
9,5,128,108,0.7124064564704895,0.24444936215877533
9,5,128,109,0.8030763268470764,0.12166261672973633
9,5,128,110,0.6625979542732239,0.27118849754333496
9,5,128,111,0.8099207878112793,0.12331341207027435
9,5,128,112,0.6894844174385071,0.1690027415752411
9,5,128,113,0.45690593123435974,0.18237414956092834
9,5,128,114,0.7674068212509155,0.165388822555542
9,5,128,115,0.6332886815071106,0.27434587478637695
9,5,128,116,0.4813881516456604,0.058753225952386856
9,5,128,117,0.6857183575630188,0.23179970681667328
9,5,128,118,0.5946647524833679,0.07689856737852097
9,5,128,119,0.6148744225502014,0.3337223529815674
9,5,128,120,0.722676694393158,0.06135646253824234
9,5,128,121,0.6181012392044067,0.1561608910560608
9,5,128,122,0.37349584698677063,0.1850786656141281
9,5,128,123,0.7858339548110962,0.13201704621315002
9,5,128,124,0.8473384976387024,0.1059265062212944
9,5,128,125,0.7073119282722473,0.21986636519432068
9,5,128,126,0.7364529371261597,0.2308729737997055
9,5,128,127,0.5533642768859863,0.18345031142234802
10,0,32,0,0.6010048985481262,0.13492827117443085
10,0,32,1,0.5167130827903748,0.10667535662651062
10,0,32,2,0.6080334782600403,0.21840566396713257
10,0,32,3,0.48846855759620667,0.13872811198234558
10,0,32,4,0.45544058084487915,0.18902958929538727
10,0,32,5,0.4196056127548218,0.09905131906270981
10,0,32,6,0.6503099203109741,0.038117822259664536
10,0,32,7,0.44411271810531616,0.22222153842449188
10,0,32,8,0.5365131497383118,0.2165481299161911
10,0,32,9,0.41171038150787354,0.18588103353977203
10,0,32,10,0.5807515382766724,0.074516661465168
10,0,32,11,0.5690298080444336,0.09017153829336166
10,0,32,12,0.5428212881088257,0.15531252324581146
10,0,32,13,0.3641091585159302,0.16662345826625824
10,0,32,14,0.5107396841049194,0.08883588016033173
10,0,32,15,0.5891152620315552,0.24074816703796387
10,0,32,16,0.4157794117927551,0.12333407253026962
10,0,32,17,0.43873077630996704,0.21654342114925385
10,0,32,18,0.5077710151672363,0.09912212193012238
10,0,32,19,0.42833393812179565,0.17996786534786224
10,0,32,20,0.5663431286811829,0.0826052576303482
10,0,32,21,0.5625879764556885,0.1692078858613968
10,0,32,22,0.4791080951690674,0.07039983570575714
10,0,32,23,0.28698354959487915,0.06860657036304474
10,0,32,24,0.37515780329704285,0.11153410375118256
10,0,32,25,0.3776869475841522,0.167695090174675
10,0,32,26,0.5324816107749939,0.09207780659198761
10,0,32,27,0.40969088673591614,0.0783444195985794
10,0,32,28,0.520129382610321,0.18001703917980194
10,0,32,29,0.5927943587303162,0.06716090440750122
10,0,32,30,0.5215484499931335,0.16440823674201965
10,0,32,31,0.4995168149471283,0.09487591683864594
10,1,32,0,0.4806378185749054,0.03682783246040344
10,1,32,1,0.5346652269363403,0.010781626217067242
10,1,32,2,0.5419015288352966,0.05460109934210777
10,1,32,3,0.6024624109268188,0.057261090725660324
10,1,32,4,0.4948088824748993,0.062921904027462
10,1,32,5,0.5428987145423889,0.030746417120099068
10,1,32,6,0.5042864084243774,0.044313058257102966
10,1,32,7,0.5557600855827332,0.06679046154022217
10,1,32,8,0.5210474133491516,0.03031318448483944
10,1,32,9,0.46142786741256714,0.055338360369205475
10,1,32,10,0.47322386503219604,0.02843201532959938
10,1,32,11,0.4283001720905304,0.03811529278755188
10,1,32,12,0.539104700088501,0.0262269489467144
10,1,32,13,0.5378689169883728,0.04688006266951561
10,1,32,14,0.5291339159011841,0.0459551140666008
10,1,32,15,0.4331100881099701,0.02420523390173912
10,1,32,16,0.479045569896698,0.045020703226327896
10,1,32,17,0.4071187674999237,0.04082828015089035
10,1,32,18,0.5322085618972778,0.04576976224780083
10,1,32,19,0.5351637601852417,0.04603511840105057
10,1,32,20,0.5637264251708984,0.023708229884505272
10,1,32,21,0.4386542737483978,0.02522149682044983
10,1,32,22,0.4646497964859009,0.03639810532331467
10,1,32,23,0.5442172288894653,0.0313078835606575
10,1,32,24,0.5148656368255615,0.026014083996415138
10,1,32,25,0.5141052603721619,0.07769609242677689
10,1,32,26,0.6170898079872131,0.06034143641591072
10,1,32,27,0.4998651444911957,0.03259140998125076
10,1,32,28,0.5261791944503784,0.04351399466395378
10,1,32,29,0.5151053667068481,0.035209786146879196
10,1,32,30,0.40401214361190796,0.012125702574849129
10,1,32,31,0.5035229921340942,0.031101854518055916
10,2,64,0,0.4448102116584778,0.16204579174518585
10,2,64,1,0.30627530813217163,0.13163650035858154
10,2,64,2,0.5620772242546082,0.18244856595993042
10,2,64,3,0.591964840888977,0.21283939480781555
10,2,64,4,0.3839553892612457,0.16818901896476746
10,2,64,5,0.5842134356498718,0.12094614654779434
10,2,64,6,0.49657824635505676,0.0780644416809082
10,2,64,7,0.43090012669563293,0.09502211213111877
10,2,64,8,0.516473114490509,0.18282276391983032
10,2,64,9,0.5257318019866943,0.14593631029129028
10,2,64,10,0.4710116982460022,0.16312842071056366
10,2,64,11,0.40094420313835144,0.13898378610610962
10,2,64,12,0.4821854829788208,0.1441408097743988
10,2,64,13,0.488254576921463,0.0742548257112503
10,2,64,14,0.5250415205955505,0.19636620581150055
10,2,64,15,0.479550838470459,0.16262486577033997
10,2,64,16,0.42140352725982666,0.16250072419643402
10,2,64,17,0.5185056328773499,0.20838966965675354
10,2,64,18,0.5143266320228577,0.1035013347864151
10,2,64,19,0.32422399520874023,0.09417874366044998
10,2,64,20,0.6728140115737915,0.13045638799667358
10,2,64,21,0.4906146824359894,0.24692589044570923
10,2,64,22,0.4787997603416443,0.09761396795511246
10,2,64,23,0.32250118255615234,0.14660824835300446
10,2,64,24,0.5526574850082397,0.173691526055336
10,2,64,25,0.43263787031173706,0.10949096083641052
10,2,64,26,0.6238542199134827,0.07425468415021896
10,2,64,27,0.6616964936256409,0.1510230153799057
10,2,64,28,0.5024975538253784,0.1752806007862091
10,2,64,29,0.4138086438179016,0.12735770642757416
10,2,64,30,0.4408097565174103,0.21058456599712372
10,2,64,31,0.6036125421524048,0.08615782856941223
10,2,64,32,0.6116445660591125,0.10137024521827698
10,2,64,33,0.412311851978302,0.17997662723064423
10,2,64,34,0.46134230494499207,0.13938435912132263
10,2,64,35,0.4837304353713989,0.11723517626523972
10,2,64,36,0.4817865788936615,0.12756463885307312
10,2,64,37,0.4334380030632019,0.11691444367170334
10,2,64,38,0.4773714542388916,0.08409381657838821
10,2,64,39,0.6247043609619141,0.15216977894306183
10,2,64,40,0.4929485321044922,0.14090494811534882
10,2,64,41,0.5013171434402466,0.15570969879627228
10,2,64,42,0.4858221709728241,0.167884960770607
10,2,64,43,0.4650610387325287,0.1613648682832718
10,2,64,44,0.48385384678840637,0.09148651361465454
10,2,64,45,0.38560932874679565,0.18677398562431335
10,2,64,46,0.5520882606506348,0.07588526606559753
10,2,64,47,0.49117887020111084,0.18588009476661682
10,2,64,48,0.5821397304534912,0.16821520030498505
10,2,64,49,0.40009742975234985,0.14371635019779205
10,2,64,50,0.5887492895126343,0.22996775805950165
10,2,64,51,0.6280853152275085,0.09744967520236969
10,2,64,52,0.4676291346549988,0.13862869143486023
10,2,64,53,0.5370994210243225,0.055177755653858185
10,2,64,54,0.4829941689968109,0.179316446185112
10,2,64,55,0.5259723663330078,0.08185538649559021
10,2,64,56,0.4922773540019989,0.15613511204719543
10,2,64,57,0.5510225892066956,0.22707028687000275
10,2,64,58,0.4593260586261749,0.14927785098552704
10,2,64,59,0.5879010558128357,0.0897321105003357
10,2,64,60,0.5533350110054016,0.1676916629076004
10,2,64,61,0.42752429842948914,0.14840590953826904
10,2,64,62,0.6780465245246887,0.15604668855667114
10,2,64,63,0.5079496502876282,0.09605678170919418
10,3,64,0,0.5864195227622986,0.14586064219474792
10,3,64,1,0.5641404986381531,0.16986925899982452
10,3,64,2,0.46606722474098206,0.16676285862922668
10,3,64,3,0.5845466256141663,0.09802204370498657
10,3,64,4,0.3641504943370819,0.10065937042236328
10,3,64,5,0.40153831243515015,0.15533991158008575
10,3,64,6,0.6279000639915466,0.14380504190921783
10,3,64,7,0.4110366404056549,0.10811135917901993
10,3,64,8,0.5467649698257446,0.10378670692443848
10,3,64,9,0.3218808174133301,0.16170957684516907
10,3,64,10,0.3327586054801941,0.12477432936429977
10,3,64,11,0.5815635919570923,0.19283321499824524
10,3,64,12,0.38379284739494324,0.17355290055274963
10,3,64,13,0.3989185392856598,0.1931549459695816
10,3,64,14,0.45117875933647156,0.12147977203130722
10,3,64,15,0.42464500665664673,0.1498403400182724
10,3,64,16,0.5483518838882446,0.10679419338703156
10,3,64,17,0.5279220938682556,0.08646723628044128
10,3,64,18,0.44911321997642517,0.1558963507413864
10,3,64,19,0.411690890789032,0.12335014343261719
10,3,64,20,0.5733420848846436,0.11233650147914886
10,3,64,21,0.3901667594909668,0.1731429100036621
10,3,64,22,0.5633814930915833,0.12313129007816315
10,3,64,23,0.4080550968647003,0.22189578413963318
10,3,64,24,0.4695984423160553,0.09351244568824768
10,3,64,25,0.48610129952430725,0.10431809723377228
10,3,64,26,0.42744016647338867,0.24459929764270782
10,3,64,27,0.6340322494506836,0.17638829350471497
10,3,64,28,0.5791140198707581,0.23620463907718658
10,3,64,29,0.5529690384864807,0.06673292070627213
10,3,64,30,0.5767897963523865,0.12164521962404251
10,3,64,31,0.3557502329349518,0.08743039518594742
10,3,64,32,0.4441904127597809,0.19488057494163513
10,3,64,33,0.47809383273124695,0.16321580111980438
10,3,64,34,0.45074331760406494,0.17322979867458344
10,3,64,35,0.5402565598487854,0.1167559027671814
10,3,64,36,0.5400048494338989,0.08714202046394348
10,3,64,37,0.5704749822616577,0.08789607137441635
10,3,64,38,0.5026878118515015,0.21184872090816498
10,3,64,39,0.586171567440033,0.09991402179002762
10,3,64,40,0.3838333189487457,0.10818476229906082
10,3,64,41,0.43108975887298584,0.24190813302993774
10,3,64,42,0.4938829243183136,0.09318025410175323
10,3,64,43,0.3874029219150543,0.17130689322948456
10,3,64,44,0.632135808467865,0.1804565042257309
10,3,64,45,0.3989127576351166,0.14506895840168
10,3,64,46,0.5325486063957214,0.07168716937303543
10,3,64,47,0.5566673874855042,0.10780788213014603
10,3,64,48,0.6041852831840515,0.13913194835186005
10,3,64,49,0.4310038387775421,0.14588810503482819
10,3,64,50,0.4915628731250763,0.10346625745296478
10,3,64,51,0.5716351270675659,0.0369923897087574
10,3,64,52,0.5394649505615234,0.04891141504049301
10,3,64,53,0.4678274095058441,0.15184257924556732
10,3,64,54,0.5861125588417053,0.0675976574420929
10,3,64,55,0.4392079710960388,0.059317104518413544
10,3,64,56,0.4984910190105438,0.04605880752205849
10,3,64,57,0.6353889107704163,0.19103601574897766
10,3,64,58,0.6567946672439575,0.15431907773017883
10,3,64,59,0.46672701835632324,0.07081254571676254
10,3,64,60,0.677793562412262,0.10836446285247803
10,3,64,61,0.5907620191574097,0.21413718163967133
10,3,64,62,0.459285706281662,0.06549016386270523
10,3,64,63,0.49262145161628723,0.02325565554201603
10,4,128,0,0.4635169804096222,0.20570410788059235
10,4,128,1,0.6569386720657349,0.07282129675149918
10,4,128,2,0.713604211807251,0.2716031074523926
10,4,128,3,0.7297257781028748,0.12370029836893082
10,4,128,4,0.5584386587142944,0.14984267950057983
10,4,128,5,0.35380250215530396,0.09400878846645355
10,4,128,6,0.7246139049530029,0.2474910169839859
10,4,128,7,0.37573567032814026,0.09661681205034256
10,4,128,8,0.43926870822906494,0.2016988843679428
10,4,128,9,0.6238580942153931,0.21223630011081696
10,4,128,10,0.44237151741981506,0.07806079089641571
10,4,128,11,0.502176821231842,0.15337011218070984
10,4,128,12,0.6888886094093323,0.21745172142982483
10,4,128,13,0.35284224152565,0.2826680541038513
10,4,128,14,0.3860923647880554,0.31856128573417664
10,4,128,15,0.7381771802902222,0.21402105689048767
10,4,128,16,0.5949023365974426,0.24620996415615082
10,4,128,17,0.7389794588088989,0.151018425822258
10,4,128,18,0.4451606869697571,0.1656886339187622
10,4,128,19,0.5377388000488281,0.07360805571079254
10,4,128,20,0.6264479756355286,0.08600053191184998
10,4,128,21,0.7882111072540283,0.1819469928741455
10,4,128,22,0.5087865591049194,0.12747332453727722
10,4,128,23,0.436901330947876,0.10226982831954956
10,4,128,24,0.4551331102848053,0.1906040757894516
10,4,128,25,0.6332171559333801,0.30317798256874084
10,4,128,26,0.40470924973487854,0.18470582365989685
10,4,128,27,0.5905285477638245,0.24053402245044708
10,4,128,28,0.6804207563400269,0.1865711510181427
10,4,128,29,0.5499225854873657,0.2264481633901596
10,4,128,30,0.6190045475959778,0.3141957223415375
10,4,128,31,0.5374423861503601,0.2165493369102478
10,4,128,32,0.7322180271148682,0.21810492873191833
10,4,128,33,0.793782114982605,0.1005987599492073
10,4,128,34,0.5307092070579529,0.1617051064968109
10,4,128,35,0.3868775963783264,0.25317102670669556
10,4,128,36,0.6421128511428833,0.34408941864967346
10,4,128,37,0.3444153964519501,0.11885633319616318
10,4,128,38,0.4032817482948303,0.2994433343410492
10,4,128,39,0.6211361885070801,0.36986085772514343
10,4,128,40,0.7021979093551636,0.23745641112327576
10,4,128,41,0.5931904911994934,0.1297992318868637
10,4,128,42,0.7036746740341187,0.19197769463062286
10,4,128,43,0.5668854713439941,0.3392513394355774
10,4,128,44,0.7210838794708252,0.08375333249568939
10,4,128,45,0.7050764560699463,0.2484610229730606
10,4,128,46,0.7644684314727783,0.10346557945013046
10,4,128,47,0.7441046237945557,0.12807518243789673
10,4,128,48,0.6598449945449829,0.34462758898735046
10,4,128,49,0.5766831040382385,0.2809712886810303
10,4,128,50,0.6100890636444092,0.24694494903087616
10,4,128,51,0.3542478084564209,0.21640531718730927
10,4,128,52,0.38374894857406616,0.2839384973049164
10,4,128,53,0.7323024272918701,0.29230624437332153
10,4,128,54,0.6396112442016602,0.2516613006591797
10,4,128,55,0.599971354007721,0.26543331146240234
10,4,128,56,0.2878151535987854,0.14551450312137604
10,4,128,57,0.4316198229789734,0.2195107340812683
10,4,128,58,0.49341654777526855,0.3053251802921295
10,4,128,59,0.2505210041999817,0.16344128549098969
10,4,128,60,0.6871684789657593,0.17798253893852234
10,4,128,61,0.6971098780632019,0.286187082529068
10,4,128,62,0.6870130300521851,0.1396346390247345
10,4,128,63,0.4055967330932617,0.3635777533054352
10,4,128,64,0.634177029132843,0.34004050493240356
10,4,128,65,0.6660610437393188,0.2681005597114563
10,4,128,66,0.3833894729614258,0.13610941171646118
10,4,128,67,0.8488898873329163,0.12464036792516708
10,4,128,68,0.6240434646606445,0.10406383872032166
10,4,128,69,0.34395065903663635,0.1267402172088623
10,4,128,70,0.623866617679596,0.3561144769191742
10,4,128,71,0.6133207082748413,0.0883098617196083
10,4,128,72,0.6816738843917847,0.12475655227899551
10,4,128,73,0.378378689289093,0.17501436173915863
10,4,128,74,0.4288135766983032,0.09940379112958908
10,4,128,75,0.34916481375694275,0.22126078605651855
10,4,128,76,0.716267466545105,0.22067077457904816
10,4,128,77,0.29067766666412354,0.13400328159332275
10,4,128,78,0.436767578125,0.12713123857975006
10,4,128,79,0.7954113483428955,0.16626019775867462
10,4,128,80,0.7369157075881958,0.19885551929473877
10,4,128,81,0.4117529094219208,0.2106051743030548
10,4,128,82,0.6212490200996399,0.24615171551704407
10,4,128,83,0.6354078054428101,0.23079809546470642
10,4,128,84,0.581328809261322,0.11066192388534546
10,4,128,85,0.6744998693466187,0.27858811616897583
10,4,128,86,0.5892248749732971,0.27533403038978577
10,4,128,87,0.624504029750824,0.18741513788700104
10,4,128,88,0.8151863813400269,0.14160993695259094
10,4,128,89,0.571924090385437,0.13600711524486542
10,4,128,90,0.8116703033447266,0.1493343710899353
10,4,128,91,0.6308416724205017,0.36985597014427185
10,4,128,92,0.4391377568244934,0.3695303797721863
10,4,128,93,0.6779297590255737,0.10051853954792023
10,4,128,94,0.7565026879310608,0.10104486346244812
10,4,128,95,0.2812163531780243,0.10041092336177826
10,4,128,96,0.30017954111099243,0.25981515645980835
10,4,128,97,0.7496339082717896,0.25412702560424805
10,4,128,98,0.38852354884147644,0.23804610967636108
10,4,128,99,0.7113655805587769,0.07634323835372925
10,4,128,100,0.3144272267818451,0.15711709856987
10,4,128,101,0.785516619682312,0.24967598915100098
10,4,128,102,0.5732457637786865,0.2394946664571762
10,4,128,103,0.6612059473991394,0.12066446244716644
10,4,128,104,0.23880712687969208,0.125456303358078
10,4,128,105,0.6735750436782837,0.3007637560367584
10,4,128,106,0.4420076012611389,0.23697301745414734
10,4,128,107,0.381435751914978,0.12121740728616714
10,4,128,108,0.6560547947883606,0.13861003518104553
10,4,128,109,0.609693169593811,0.19561518728733063
10,4,128,110,0.8111919164657593,0.13147741556167603
10,4,128,111,0.6737211346626282,0.26570549607276917
10,4,128,112,0.351409912109375,0.24526850879192352
10,4,128,113,0.5931668877601624,0.18396304547786713
10,4,128,114,0.6351112127304077,0.24192045629024506
10,4,128,115,0.3732019364833832,0.24774101376533508
10,4,128,116,0.5284992456436157,0.14247766137123108
10,4,128,117,0.40853220224380493,0.21755176782608032
10,4,128,118,0.71541827917099,0.2855004072189331
10,4,128,119,0.6513862609863281,0.2908530533313751
10,4,128,120,0.6556612253189087,0.27539128065109253
10,4,128,121,0.4251331388950348,0.1917402744293213
10,4,128,122,0.6061273217201233,0.24680259823799133
10,4,128,123,0.4594350755214691,0.20852963626384735
10,4,128,124,0.6215587854385376,0.23721610009670258
10,4,128,125,0.3498828709125519,0.16210927069187164
10,4,128,126,0.28758853673934937,0.13492877781391144
10,4,128,127,0.5402768850326538,0.1851579248905182
10,5,128,0,0.594756543636322,0.24825096130371094
10,5,128,1,0.8318440914154053,0.08164633065462112
10,5,128,2,0.7309356927871704,0.11956717073917389
10,5,128,3,0.7128046751022339,0.1325153261423111
10,5,128,4,0.5959429144859314,0.09223498404026031
10,5,128,5,0.7949480414390564,0.17763227224349976
10,5,128,6,0.7300524115562439,0.25837060809135437
10,5,128,7,0.37571293115615845,0.2609817683696747
10,5,128,8,0.653829038143158,0.1486923098564148
10,5,128,9,0.5125425457954407,0.21741877496242523
10,5,128,10,0.8236521482467651,0.05867955461144447
10,5,128,11,0.6639910340309143,0.24179911613464355
10,5,128,12,0.45329317450523376,0.42616063356399536
10,5,128,13,0.5102180242538452,0.2406081259250641
10,5,128,14,0.8840022683143616,0.06650523841381073
10,5,128,15,0.8764978051185608,0.08849885314702988
10,5,128,16,0.7409535646438599,0.24376392364501953
10,5,128,17,0.45534953474998474,0.30576571822166443
10,5,128,18,0.5340808629989624,0.11874145269393921
10,5,128,19,0.7388853430747986,0.07542766630649567
10,5,128,20,0.712082028388977,0.09954122453927994
10,5,128,21,0.7476497888565063,0.2548372149467468
10,5,128,22,0.5335515737533569,0.13356877863407135
10,5,128,23,0.8879004716873169,0.06895256042480469
10,5,128,24,0.7065903544425964,0.24703316390514374
10,5,128,25,0.8862082958221436,0.06652359664440155
10,5,128,26,0.6860735416412354,0.10849236696958542
10,5,128,27,0.6875750422477722,0.17702585458755493
10,5,128,28,0.7292473912239075,0.17731811106204987
10,5,128,29,0.8710504770278931,0.08418982475996017
10,5,128,30,0.6307555437088013,0.1281963735818863
10,5,128,31,0.7177501916885376,0.2473164200782776
10,5,128,32,0.6068285703659058,0.13934123516082764
10,5,128,33,0.663466215133667,0.11982277035713196
10,5,128,34,0.7026897668838501,0.05316958948969841
10,5,128,35,0.47242656350135803,0.04198494926095009
10,5,128,36,0.4165709912776947,0.3456052839756012
10,5,128,37,0.6396580338478088,0.2263571321964264
10,5,128,38,0.700332760810852,0.12652580440044403
10,5,128,39,0.5467939972877502,0.1658753752708435
10,5,128,40,0.6325904130935669,0.3222403824329376
10,5,128,41,0.7450888752937317,0.08077055215835571
10,5,128,42,0.7065042853355408,0.24730761349201202
10,5,128,43,0.8047049045562744,0.10506197065114975
10,5,128,44,0.7694987654685974,0.2593248188495636
10,5,128,45,0.8830592632293701,0.08210504055023193
10,5,128,46,0.8501291871070862,0.09882424026727676
10,5,128,47,0.29948943853378296,0.10364694148302078
10,5,128,48,0.8080549836158752,0.1817878931760788
10,5,128,49,0.6544107794761658,0.2924044132232666
10,5,128,50,0.7426365613937378,0.1629406064748764
10,5,128,51,0.5020115971565247,0.38696572184562683
10,5,128,52,0.7715606093406677,0.13998953998088837
10,5,128,53,0.516782283782959,0.26829636096954346
10,5,128,54,0.6760192513465881,0.26278072595596313
10,5,128,55,0.8600398898124695,0.10013152658939362
10,5,128,56,0.5481200218200684,0.2315397411584854
10,5,128,57,0.47754743695259094,0.401313453912735
10,5,128,58,0.8898248076438904,0.07622493803501129
10,5,128,59,0.43639740347862244,0.3533581495285034
10,5,128,60,0.7527799010276794,0.09846604615449905
10,5,128,61,0.6468838453292847,0.27327364683151245
10,5,128,62,0.8061796426773071,0.053160157054662704
10,5,128,63,0.6742687821388245,0.25322678685188293
10,5,128,64,0.7536642551422119,0.2057827264070511
10,5,128,65,0.8448053002357483,0.12104202061891556
10,5,128,66,0.6525224447250366,0.31717681884765625
10,5,128,67,0.8664278984069824,0.07474886626005173
10,5,128,68,0.8603784441947937,0.07130441814661026
10,5,128,69,0.6587673425674438,0.26106026768684387
10,5,128,70,0.7144031524658203,0.27662867307662964
10,5,128,71,0.7882891297340393,0.09209225326776505
10,5,128,72,0.8935629725456238,0.07061505317687988
10,5,128,73,0.5368623733520508,0.11579466611146927
10,5,128,74,0.36263370513916016,0.3061698079109192
10,5,128,75,0.6651836633682251,0.17264117300510406
10,5,128,76,0.6962312459945679,0.24352547526359558
10,5,128,77,0.40484997630119324,0.12074011564254761
10,5,128,78,0.9095250964164734,0.06307337433099747
10,5,128,79,0.8820313215255737,0.09575196355581284
10,5,128,80,0.911532461643219,0.05214591324329376
10,5,128,81,0.7714943289756775,0.12022559344768524
10,5,128,82,0.3485722541809082,0.20404426753520966
10,5,128,83,0.6789208054542542,0.1487315446138382
10,5,128,84,0.670250415802002,0.192263662815094
10,5,128,85,0.5762709379196167,0.40746790170669556
10,5,128,86,0.6685913801193237,0.3231789767742157
10,5,128,87,0.8114723563194275,0.11234764754772186
10,5,128,88,0.8626869916915894,0.08262308686971664
10,5,128,89,0.7159764170646667,0.262764036655426
10,5,128,90,0.8042833805084229,0.11925463378429413
10,5,128,91,0.618777871131897,0.15821628272533417
10,5,128,92,0.5125673413276672,0.2379503697156906
10,5,128,93,0.7974380850791931,0.11500338464975357
10,5,128,94,0.8040686249732971,0.08229679614305496
10,5,128,95,0.6063056588172913,0.13469859957695007
10,5,128,96,0.8624080419540405,0.08987036347389221
10,5,128,97,0.7966136932373047,0.17095306515693665
10,5,128,98,0.6735433340072632,0.1600762903690338
10,5,128,99,0.8471686840057373,0.08714638650417328
10,5,128,100,0.7468593716621399,0.16667044162750244
10,5,128,101,0.7304935455322266,0.26396244764328003
10,5,128,102,0.7304502725601196,0.1011483371257782
10,5,128,103,0.41590073704719543,0.27412477135658264
10,5,128,104,0.6308872103691101,0.25093331933021545
10,5,128,105,0.6613556146621704,0.3119686543941498
10,5,128,106,0.5566328167915344,0.16756394505500793
10,5,128,107,0.8030991554260254,0.0697811022400856
10,5,128,108,0.3757377862930298,0.10093367099761963
10,5,128,109,0.6508740782737732,0.33549603819847107
10,5,128,110,0.9005017876625061,0.07138404250144958
10,5,128,111,0.44744783639907837,0.22375386953353882
10,5,128,112,0.3934445381164551,0.3361347019672394
10,5,128,113,0.8650141954421997,0.05886388570070267
10,5,128,114,0.740088939666748,0.13594485819339752
10,5,128,115,0.7364838719367981,0.1570427566766739
10,5,128,116,0.46892693638801575,0.196807861328125
10,5,128,117,0.8223322033882141,0.06578981131315231
10,5,128,118,0.826705276966095,0.08014853298664093
10,5,128,119,0.9086009860038757,0.06180017441511154
10,5,128,120,0.3953568637371063,0.35380980372428894
10,5,128,121,0.3848140835762024,0.3201545178890228
10,5,128,122,0.7882514595985413,0.14728903770446777
10,5,128,123,0.726425051689148,0.19026702642440796
10,5,128,124,0.7996547818183899,0.1097315102815628
10,5,128,125,0.5106364488601685,0.20053023099899292
10,5,128,126,0.7742267847061157,0.16928674280643463
10,5,128,127,0.7838143110275269,0.11141464859247208
11,0,32,0,0.5466721653938293,0.15599213540554047
11,0,32,1,0.48524168133735657,0.15352343022823334
11,0,32,2,0.4560351073741913,0.1638917773962021
11,0,32,3,0.5528696775436401,0.07804331183433533
11,0,32,4,0.5860395431518555,0.1001206561923027
11,0,32,5,0.5942451357841492,0.0901913270354271
11,0,32,6,0.2494555413722992,0.0817822515964508
11,0,32,7,0.6440567374229431,0.09760972112417221
11,0,32,8,0.3112272024154663,0.047486331313848495
11,0,32,9,0.614707350730896,0.1215386614203453
11,0,32,10,0.52915358543396,0.1515766978263855
11,0,32,11,0.44980037212371826,0.06119583174586296
11,0,32,12,0.3860195279121399,0.10339468717575073
11,0,32,13,0.5605296492576599,0.09744394570589066
11,0,32,14,0.5066787600517273,0.16931909322738647
11,0,32,15,0.36440297961235046,0.1460026651620865
11,0,32,16,0.45696884393692017,0.20277142524719238
11,0,32,17,0.4013250172138214,0.14620910584926605
11,0,32,18,0.6051079630851746,0.07324157655239105
11,0,32,19,0.4289785921573639,0.24973998963832855
11,0,32,20,0.4227083623409271,0.17579211294651031
11,0,32,21,0.43925100564956665,0.09045235812664032
11,0,32,22,0.42911210656166077,0.18176555633544922
11,0,32,23,0.4734194576740265,0.19113345444202423
11,0,32,24,0.516371488571167,0.034048646688461304
11,0,32,25,0.5998165011405945,0.14610300958156586
11,0,32,26,0.5067973732948303,0.18028123676776886
11,0,32,27,0.34610095620155334,0.06738217175006866
11,0,32,28,0.5429498553276062,0.20240750908851624
11,0,32,29,0.6519072651863098,0.11137225478887558
11,0,32,30,0.5077343583106995,0.1748768836259842
11,0,32,31,0.6988824605941772,0.14033915102481842
11,1,32,0,0.40039387345314026,0.11291863769292831
11,1,32,1,0.5534794926643372,0.08155334740877151
11,1,32,2,0.583449125289917,0.09935328364372253
11,1,32,3,0.5362170338630676,0.1422615498304367
11,1,32,4,0.4437166452407837,0.09179527312517166
11,1,32,5,0.6685521006584167,0.10112600028514862
11,1,32,6,0.3628308176994324,0.05792122706770897
11,1,32,7,0.44028598070144653,0.13376440107822418
11,1,32,8,0.6946206092834473,0.08763595670461655
11,1,32,9,0.45460304617881775,0.1581335812807083
11,1,32,10,0.4110566973686218,0.1264640986919403
11,1,32,11,0.5011754631996155,0.16319715976715088
11,1,32,12,0.480350524187088,0.16710922122001648
11,1,32,13,0.38785916566848755,0.08855372667312622
11,1,32,14,0.4339882731437683,0.15811263024806976
11,1,32,15,0.4253785014152527,0.1031997874379158
11,1,32,16,0.49932560324668884,0.16551664471626282
11,1,32,17,0.4348087012767792,0.15350142121315002
11,1,32,18,0.4647104740142822,0.19545786082744598
11,1,32,19,0.5843624472618103,0.19454966485500336
11,1,32,20,0.4898715317249298,0.040396932512521744
11,1,32,21,0.5868557691574097,0.12309771776199341
11,1,32,22,0.5940375924110413,0.07404248416423798
11,1,32,23,0.44431477785110474,0.08811695128679276
11,1,32,24,0.6175336837768555,0.06638814508914948
11,1,32,25,0.6509764194488525,0.03407097980380058
11,1,32,26,0.3997761607170105,0.11074858158826828
11,1,32,27,0.5109278559684753,0.03874649107456207
11,1,32,28,0.41160768270492554,0.15222300589084625
11,1,32,29,0.553409993648529,0.08212633430957794
11,1,32,30,0.5062211751937866,0.070359967648983
11,1,32,31,0.45540210604667664,0.10412762314081192
11,2,64,0,0.5294789671897888,0.07196146249771118
11,2,64,1,0.4651922881603241,0.054841019213199615
11,2,64,2,0.6737020015716553,0.06959332525730133
11,2,64,3,0.5106648802757263,0.2615228295326233
11,2,64,4,0.4033557176589966,0.10582146793603897
11,2,64,5,0.4310790002346039,0.09978588670492172
11,2,64,6,0.6485697627067566,0.12533988058567047
11,2,64,7,0.5397189259529114,0.16665387153625488
11,2,64,8,0.5384805202484131,0.19341088831424713
11,2,64,9,0.5242795348167419,0.2847146689891815
11,2,64,10,0.6506839990615845,0.15319210290908813
11,2,64,11,0.5237988233566284,0.2451624870300293
11,2,64,12,0.5368867516517639,0.19673137366771698
11,2,64,13,0.5494971871376038,0.1277747005224228
11,2,64,14,0.4301694333553314,0.22503133118152618
11,2,64,15,0.4446220397949219,0.15755921602249146
11,2,64,16,0.5956487059593201,0.065106101334095
11,2,64,17,0.5413374304771423,0.0770881399512291
11,2,64,18,0.544111430644989,0.1454228162765503
11,2,64,19,0.5534710884094238,0.17904013395309448
11,2,64,20,0.4581489861011505,0.11913616210222244
11,2,64,21,0.4325076937675476,0.06823107600212097
11,2,64,22,0.45141878724098206,0.12998613715171814
11,2,64,23,0.5730569362640381,0.15321998298168182
11,2,64,24,0.61204594373703,0.07316193729639053
11,2,64,25,0.4604918360710144,0.02331392653286457
11,2,64,26,0.5712055563926697,0.09869407117366791
11,2,64,27,0.5793741941452026,0.15060913562774658
11,2,64,28,0.6069831252098083,0.11470548808574677
11,2,64,29,0.5157915353775024,0.15913249552249908
11,2,64,30,0.49547362327575684,0.0556909553706646
11,2,64,31,0.519760251045227,0.0663507729768753
11,2,64,32,0.5808553695678711,0.15230773389339447
11,2,64,33,0.4449039101600647,0.14801590144634247
11,2,64,34,0.5267883539199829,0.21798402070999146
11,2,64,35,0.5238393545150757,0.06815467029809952
11,2,64,36,0.7240607738494873,0.06763222068548203
11,2,64,37,0.42624232172966003,0.11575467139482498
11,2,64,38,0.4040188193321228,0.14125849306583405
11,2,64,39,0.38166680932044983,0.09623100608587265
11,2,64,40,0.4916662275791168,0.24248620867729187
11,2,64,41,0.4528428316116333,0.10853122919797897
11,2,64,42,0.6283881068229675,0.10375329852104187
11,2,64,43,0.36024758219718933,0.0975736752152443
11,2,64,44,0.6204349994659424,0.13037431240081787
11,2,64,45,0.5509696006774902,0.1817610114812851
11,2,64,46,0.44868186116218567,0.21662819385528564
11,2,64,47,0.5879568457603455,0.17383277416229248
11,2,64,48,0.6245400905609131,0.1579284816980362
11,2,64,49,0.521318793296814,0.07837619632482529
11,2,64,50,0.5609325766563416,0.053950127214193344
11,2,64,51,0.5430075526237488,0.10683602839708328
11,2,64,52,0.5630353689193726,0.16567246615886688
11,2,64,53,0.3791956603527069,0.17025575041770935
11,2,64,54,0.5760029554367065,0.11557978391647339
11,2,64,55,0.4366961717605591,0.08246149867773056
11,2,64,56,0.41149449348449707,0.1325376182794571
11,2,64,57,0.5401681065559387,0.1366705596446991
11,2,64,58,0.6056231260299683,0.09987328201532364
11,2,64,59,0.5303541421890259,0.12758152186870575
11,2,64,60,0.4786841869354248,0.07489113509654999
11,2,64,61,0.44535672664642334,0.1983729600906372
11,2,64,62,0.5766617059707642,0.08698662370443344
11,2,64,63,0.5615590214729309,0.10246026515960693
11,3,64,0,0.4667324423789978,0.10111470520496368
11,3,64,1,0.35858315229415894,0.10418330878019333
11,3,64,2,0.6815423965454102,0.08107075095176697
11,3,64,3,0.3729662001132965,0.09938809275627136
11,3,64,4,0.6692133545875549,0.11329249292612076
11,3,64,5,0.5608016848564148,0.2372601479291916
11,3,64,6,0.3319295644760132,0.1032620221376419
11,3,64,7,0.6870778799057007,0.20232732594013214
11,3,64,8,0.39256054162979126,0.22225189208984375
11,3,64,9,0.4798659086227417,0.23545092344284058
11,3,64,10,0.3818868398666382,0.09707924723625183
11,3,64,11,0.5221601128578186,0.1404770165681839
11,3,64,12,0.509331464767456,0.17654341459274292
11,3,64,13,0.45798051357269287,0.12740810215473175
11,3,64,14,0.41346392035484314,0.14589183032512665
11,3,64,15,0.46733182668685913,0.1721106469631195
11,3,64,16,0.5168210864067078,0.24024613201618195
11,3,64,17,0.35492056608200073,0.1570308655500412
11,3,64,18,0.5523091554641724,0.17321325838565826
11,3,64,19,0.5006584525108337,0.21987371146678925
11,3,64,20,0.36244428157806396,0.08947517722845078
11,3,64,21,0.5236196517944336,0.13452506065368652
11,3,64,22,0.520004153251648,0.03454473614692688
11,3,64,23,0.5082168579101562,0.1894293576478958
11,3,64,24,0.5184836387634277,0.1135023683309555
11,3,64,25,0.5199068784713745,0.16308113932609558
11,3,64,26,0.5302518606185913,0.07933206856250763
11,3,64,27,0.4085347652435303,0.21506547927856445
11,3,64,28,0.5302816033363342,0.2820931077003479
11,3,64,29,0.40217724442481995,0.13422365486621857
11,3,64,30,0.6289031505584717,0.11898419260978699
11,3,64,31,0.5376682281494141,0.18501849472522736
11,3,64,32,0.6121903657913208,0.21720393002033234
11,3,64,33,0.4232226610183716,0.22193807363510132
11,3,64,34,0.4395279586315155,0.24148570001125336
11,3,64,35,0.33347615599632263,0.09253823757171631
11,3,64,36,0.4529677629470825,0.08147004246711731
11,3,64,37,0.304813027381897,0.1459832787513733
11,3,64,38,0.4489188492298126,0.18642838299274445
11,3,64,39,0.366458535194397,0.18474352359771729
11,3,64,40,0.5987995266914368,0.15312784910202026
11,3,64,41,0.6420494914054871,0.13796107470989227
11,3,64,42,0.5218541622161865,0.15214185416698456
11,3,64,43,0.6380029320716858,0.09909937530755997
11,3,64,44,0.5046667456626892,0.22422371804714203
11,3,64,45,0.4334017336368561,0.11508088558912277
11,3,64,46,0.547812819480896,0.22328829765319824
11,3,64,47,0.5892642140388489,0.11713734269142151
11,3,64,48,0.6512751579284668,0.09039909392595291
11,3,64,49,0.42237547039985657,0.12357800453901291
11,3,64,50,0.5916977524757385,0.1878385692834854
11,3,64,51,0.42689236998558044,0.21206535398960114
11,3,64,52,0.49035200476646423,0.14031656086444855
11,3,64,53,0.6000463962554932,0.22337590157985687
11,3,64,54,0.4592006504535675,0.12193834036588669
11,3,64,55,0.3924711346626282,0.13897490501403809
11,3,64,56,0.5557941794395447,0.20411290228366852
11,3,64,57,0.46662798523902893,0.22708779573440552
11,3,64,58,0.36263036727905273,0.1590791791677475
11,3,64,59,0.5758576393127441,0.2008916288614273
11,3,64,60,0.5877307057380676,0.15055051445960999
11,3,64,61,0.3011874556541443,0.11355387419462204
11,3,64,62,0.6221156716346741,0.21799236536026
11,3,64,63,0.5112534165382385,0.17100530862808228
11,4,128,0,0.4424702525138855,0.16570784151554108
11,4,128,1,0.5392453670501709,0.2629714608192444
11,4,128,2,0.4894532263278961,0.3035850524902344
11,4,128,3,0.6687207221984863,0.13649895787239075
11,4,128,4,0.5299544930458069,0.2675379812717438
11,4,128,5,0.3443203568458557,0.10184584558010101
11,4,128,6,0.460299551486969,0.25165513157844543
11,4,128,7,0.4359557032585144,0.1453646570444107
11,4,128,8,0.5515836477279663,0.2473132312297821
11,4,128,9,0.445600301027298,0.1644550859928131
11,4,128,10,0.45900750160217285,0.25752511620521545
11,4,128,11,0.40794235467910767,0.1983330100774765
11,4,128,12,0.56369549036026,0.08509360253810883
11,4,128,13,0.534527599811554,0.22048911452293396
11,4,128,14,0.5581251382827759,0.30877459049224854
11,4,128,15,0.6360706686973572,0.07356194406747818
11,4,128,16,0.6180124878883362,0.18011607229709625
11,4,128,17,0.35169634222984314,0.13186651468276978
11,4,128,18,0.5517708659172058,0.22850897908210754
11,4,128,19,0.5432523488998413,0.10067170858383179
11,4,128,20,0.4947149157524109,0.19827499985694885
11,4,128,21,0.5167434215545654,0.2792295217514038
11,4,128,22,0.5316126942634583,0.32588279247283936
11,4,128,23,0.46441394090652466,0.18697945773601532
11,4,128,24,0.7111769914627075,0.10044330358505249
11,4,128,25,0.7201704382896423,0.11742360889911652
11,4,128,26,0.3622819483280182,0.08877468854188919
11,4,128,27,0.5554264783859253,0.2303827852010727
11,4,128,28,0.47494879364967346,0.2954663634300232
11,4,128,29,0.46509477496147156,0.24685968458652496
11,4,128,30,0.6167424321174622,0.07789000868797302
11,4,128,31,0.5430110692977905,0.2689697742462158
11,4,128,32,0.4227128028869629,0.09591401368379593
11,4,128,33,0.5564862489700317,0.3037629723548889
11,4,128,34,0.5319465398788452,0.3027786910533905
11,4,128,35,0.527458667755127,0.3271292746067047
11,4,128,36,0.4197107255458832,0.07914791256189346
11,4,128,37,0.5193725228309631,0.33178144693374634
11,4,128,38,0.6185120940208435,0.0729198306798935
11,4,128,39,0.5360475182533264,0.23104852437973022
11,4,128,40,0.5366796851158142,0.31728610396385193
11,4,128,41,0.45462971925735474,0.08567286282777786
11,4,128,42,0.5339630842208862,0.31961169838905334
11,4,128,43,0.4616685211658478,0.263955295085907
11,4,128,44,0.5491543412208557,0.18901115655899048
11,4,128,45,0.5702695846557617,0.26444464921951294
11,4,128,46,0.48160484433174133,0.18666665256023407
11,4,128,47,0.6023555994033813,0.07080001384019852
11,4,128,48,0.4835764765739441,0.2622409760951996
11,4,128,49,0.484128475189209,0.23823873698711395
11,4,128,50,0.6874788403511047,0.07806314527988434
11,4,128,51,0.5562939643859863,0.09482656419277191
11,4,128,52,0.5200433135032654,0.3401027321815491
11,4,128,53,0.5184326767921448,0.32116514444351196
11,4,128,54,0.62235426902771,0.08101387321949005
11,4,128,55,0.6307179927825928,0.12281390279531479
11,4,128,56,0.584096372127533,0.2819407284259796
11,4,128,57,0.2576885223388672,0.128170907497406
11,4,128,58,0.46571409702301025,0.19747571647167206
11,4,128,59,0.5732427835464478,0.30713891983032227
11,4,128,60,0.5538622140884399,0.27381280064582825
11,4,128,61,0.6106669306755066,0.2917367219924927
11,4,128,62,0.388651967048645,0.2562829852104187
11,4,128,63,0.4751877188682556,0.14022572338581085
11,4,128,64,0.48119235038757324,0.05987343192100525
11,4,128,65,0.6367999315261841,0.07249835133552551
11,4,128,66,0.6498757600784302,0.13219209015369415
11,4,128,67,0.5273450016975403,0.31914493441581726
11,4,128,68,0.562441885471344,0.09811373800039291
11,4,128,69,0.6624710559844971,0.08693785965442657
11,4,128,70,0.5306389331817627,0.25400510430336
11,4,128,71,0.5996032357215881,0.25582948327064514
11,4,128,72,0.4405374228954315,0.08990559726953506
11,4,128,73,0.3706837296485901,0.12317215651273727
11,4,128,74,0.5103060603141785,0.2582392394542694
11,4,128,75,0.5138635039329529,0.3414168953895569
11,4,128,76,0.5509020090103149,0.288896769285202
11,4,128,77,0.42021167278289795,0.17595753073692322
11,4,128,78,0.3631397485733032,0.12234411388635635
11,4,128,79,0.32515817880630493,0.08303829282522202
11,4,128,80,0.6904479265213013,0.08740445971488953
11,4,128,81,0.5023626089096069,0.22827260196208954
11,4,128,82,0.5577124357223511,0.20002484321594238
11,4,128,83,0.5829226970672607,0.13609962165355682
11,4,128,84,0.35536739230155945,0.11474459618330002
11,4,128,85,0.655606746673584,0.07437602430582047
11,4,128,86,0.6423658728599548,0.10488084703683853
11,4,128,87,0.6702733635902405,0.09383788704872131
11,4,128,88,0.686100423336029,0.18907694518566132
11,4,128,89,0.5685285925865173,0.27664101123809814
11,4,128,90,0.5413478016853333,0.27532514929771423
11,4,128,91,0.7352830767631531,0.12285471707582474
11,4,128,92,0.691270649433136,0.11529898643493652
11,4,128,93,0.6104791760444641,0.18313366174697876
11,4,128,94,0.4836094081401825,0.21624460816383362
11,4,128,95,0.6142911314964294,0.25505462288856506
11,4,128,96,0.44824013113975525,0.15434901416301727
11,4,128,97,0.7031390070915222,0.12289072573184967
11,4,128,98,0.5907307267189026,0.10858220607042313
11,4,128,99,0.5266631245613098,0.11037718504667282
11,4,128,100,0.5613142848014832,0.1556926816701889
11,4,128,101,0.5615283846855164,0.04911042004823685
11,4,128,102,0.32828080654144287,0.13198107481002808
11,4,128,103,0.5278122425079346,0.30764663219451904
11,4,128,104,0.579870879650116,0.09678678959608078
11,4,128,105,0.4934404194355011,0.24474595487117767
11,4,128,106,0.7434301972389221,0.0922200009226799
11,4,128,107,0.6659848690032959,0.138261616230011
11,4,128,108,0.4671042859554291,0.2901539206504822
11,4,128,109,0.3844384551048279,0.11278467625379562
11,4,128,110,0.6339744329452515,0.21131780743598938
11,4,128,111,0.46993395686149597,0.264020174741745
11,4,128,112,0.5175418853759766,0.09984990954399109
11,4,128,113,0.5467142462730408,0.2668140232563019
11,4,128,114,0.44128933548927307,0.11045356094837189
11,4,128,115,0.6815029382705688,0.09713008254766464
11,4,128,116,0.6272696852684021,0.11104247719049454
11,4,128,117,0.5354874730110168,0.2745418846607208
11,4,128,118,0.6406139731407166,0.05795854330062866
11,4,128,119,0.4579178988933563,0.23840129375457764
11,4,128,120,0.408409059047699,0.19241084158420563
11,4,128,121,0.500594973564148,0.06742442399263382
11,4,128,122,0.49857157468795776,0.23966079950332642
11,4,128,123,0.6818283796310425,0.19767391681671143
11,4,128,124,0.5812913775444031,0.15836729109287262
11,4,128,125,0.5799089074134827,0.2398490458726883
11,4,128,126,0.5273089408874512,0.12271483987569809
11,4,128,127,0.5363323092460632,0.3389703035354614
11,5,128,0,0.711996853351593,0.19853655993938446
11,5,128,1,0.8294876217842102,0.1840330809354782
11,5,128,2,0.7233198285102844,0.1377737820148468
11,5,128,3,0.7723288536071777,0.19171032309532166
11,5,128,4,0.6973962783813477,0.13268309831619263
11,5,128,5,0.6971743702888489,0.22746507823467255
11,5,128,6,0.5364925861358643,0.2267257571220398
11,5,128,7,0.7065423727035522,0.22487081587314606
11,5,128,8,0.4785870909690857,0.13440564274787903
11,5,128,9,0.736731231212616,0.28018060326576233
11,5,128,10,0.7005802392959595,0.16568246483802795
11,5,128,11,0.7466203570365906,0.10028919577598572
11,5,128,12,0.8391352891921997,0.11518195271492004
11,5,128,13,0.6772184371948242,0.2539461851119995
11,5,128,14,0.8214126825332642,0.2132582813501358
11,5,128,15,0.8582650423049927,0.12682253122329712
11,5,128,16,0.8300710916519165,0.11719062924385071
11,5,128,17,0.6039166450500488,0.10814273357391357
11,5,128,18,0.7905545234680176,0.23501531779766083
11,5,128,19,0.714641809463501,0.3224733769893646
11,5,128,20,0.7471491694450378,0.17598381638526917
11,5,128,21,0.3681773245334625,0.13757893443107605
11,5,128,22,0.7965177297592163,0.1664910614490509
11,5,128,23,0.5318116545677185,0.1593390703201294
11,5,128,24,0.7071509957313538,0.2031826376914978
11,5,128,25,0.7787610292434692,0.11491391807794571
11,5,128,26,0.7627409100532532,0.14117646217346191
11,5,128,27,0.6282485127449036,0.156446173787117
11,5,128,28,0.8127179741859436,0.1024586409330368
11,5,128,29,0.7027094960212708,0.16893035173416138
11,5,128,30,0.7463594675064087,0.1122267097234726
11,5,128,31,0.7837343811988831,0.22508837282657623
11,5,128,32,0.4354005753993988,0.1949232816696167
11,5,128,33,0.8495177626609802,0.11949490010738373
11,5,128,34,0.748132586479187,0.18229544162750244
11,5,128,35,0.7626760005950928,0.2487642467021942
11,5,128,36,0.653189480304718,0.3042011260986328
11,5,128,37,0.8559560179710388,0.127914160490036
11,5,128,38,0.8235805034637451,0.117892324924469
11,5,128,39,0.7711563110351562,0.19317156076431274
11,5,128,40,0.7982420325279236,0.18808436393737793
11,5,128,41,0.8471774458885193,0.15019911527633667
11,5,128,42,0.9073178172111511,0.0773521438241005
11,5,128,43,0.677088737487793,0.11928534507751465
11,5,128,44,0.5160326957702637,0.3437594473361969
11,5,128,45,0.8350093960762024,0.0657685399055481
11,5,128,46,0.7592166662216187,0.1355375200510025
11,5,128,47,0.662486732006073,0.10423018038272858
11,5,128,48,0.6431342959403992,0.0816510021686554
11,5,128,49,0.829576313495636,0.11905380338430405
11,5,128,50,0.7911924719810486,0.16469261050224304
11,5,128,51,0.7342206239700317,0.1271987408399582
11,5,128,52,0.39288708567619324,0.22411951422691345
11,5,128,53,0.523490309715271,0.06756732612848282
11,5,128,54,0.8344101309776306,0.07953853160142899
11,5,128,55,0.6354483366012573,0.30014505982398987
11,5,128,56,0.8827911019325256,0.06972211599349976
11,5,128,57,0.8206300139427185,0.1231623962521553
11,5,128,58,0.8459550738334656,0.10038918256759644
11,5,128,59,0.8175923228263855,0.1690075695514679
11,5,128,60,0.8751133680343628,0.1495157778263092
11,5,128,61,0.8323562741279602,0.1423291116952896
11,5,128,62,0.5850614905357361,0.15296407043933868
11,5,128,63,0.7461891174316406,0.1731538027524948
11,5,128,64,0.7185865044593811,0.17980247735977173
11,5,128,65,0.6057712435722351,0.055830664932727814
11,5,128,66,0.7424321174621582,0.15633676946163177
11,5,128,67,0.8206018805503845,0.19399051368236542
11,5,128,68,0.30973324179649353,0.08776906877756119
11,5,128,69,0.6719996929168701,0.27328529953956604
11,5,128,70,0.7909243106842041,0.15520067512989044
11,5,128,71,0.8128346800804138,0.21372857689857483
11,5,128,72,0.5930999517440796,0.17744195461273193
11,5,128,73,0.533764660358429,0.18469950556755066
11,5,128,74,0.6049078106880188,0.12447313219308853
11,5,128,75,0.6848623752593994,0.20599481463432312
11,5,128,76,0.6908158659934998,0.1659419685602188
11,5,128,77,0.31943637132644653,0.1907070130109787
11,5,128,78,0.6947935223579407,0.06991647183895111
11,5,128,79,0.7311951518058777,0.19506055116653442
11,5,128,80,0.5773447155952454,0.18345043063163757
11,5,128,81,0.6284939646720886,0.27546441555023193
11,5,128,82,0.4772537648677826,0.33129918575286865
11,5,128,83,0.7767223119735718,0.19061416387557983
11,5,128,84,0.5635583400726318,0.18485595285892487
11,5,128,85,0.5924502611160278,0.1451294720172882
11,5,128,86,0.7965688705444336,0.13186612725257874
11,5,128,87,0.7060422301292419,0.2953217625617981
11,5,128,88,0.449870765209198,0.3649829626083374
11,5,128,89,0.791111171245575,0.12506268918514252
11,5,128,90,0.4652858376502991,0.3631020486354828
11,5,128,91,0.6548866629600525,0.19987067580223083
11,5,128,92,0.7149586081504822,0.23563651740550995
11,5,128,93,0.41729462146759033,0.31252560019493103
11,5,128,94,0.6779196858406067,0.24889494478702545
11,5,128,95,0.585681140422821,0.19395378232002258
11,5,128,96,0.6868459582328796,0.20744942128658295
11,5,128,97,0.7416062951087952,0.1674107164144516
11,5,128,98,0.6786221861839294,0.1479443609714508
11,5,128,99,0.7620124816894531,0.16562306880950928
11,5,128,100,0.6431716084480286,0.27521955966949463
11,5,128,101,0.7390662431716919,0.22009029984474182
11,5,128,102,0.6968263983726501,0.13326600193977356
11,5,128,103,0.4061095416545868,0.34154579043388367
11,5,128,104,0.7025969624519348,0.2658229470252991
11,5,128,105,0.7321332693099976,0.1578843891620636
11,5,128,106,0.7004523277282715,0.27670058608055115
11,5,128,107,0.30834341049194336,0.2580168843269348
11,5,128,108,0.8140280246734619,0.1808350384235382
11,5,128,109,0.6510871648788452,0.26892656087875366
11,5,128,110,0.38187673687934875,0.209334135055542
11,5,128,111,0.853661835193634,0.10318851470947266
11,5,128,112,0.8404073119163513,0.129522442817688
11,5,128,113,0.579298734664917,0.21116329729557037
11,5,128,114,0.44116446375846863,0.26401287317276
11,5,128,115,0.8680892586708069,0.08025426417589188
11,5,128,116,0.8069552183151245,0.08481451869010925
11,5,128,117,0.7666803002357483,0.2527398467063904
11,5,128,118,0.8144437074661255,0.2005372792482376
11,5,128,119,0.6275419592857361,0.276906281709671
11,5,128,120,0.7328881621360779,0.14656782150268555
11,5,128,121,0.8428260087966919,0.06963589042425156
11,5,128,122,0.7422006130218506,0.26301151514053345
11,5,128,123,0.810715913772583,0.16887830197811127
11,5,128,124,0.805595874786377,0.11365049332380295
11,5,128,125,0.3363800048828125,0.19920296967029572
11,5,128,126,0.7563159465789795,0.09237069636583328
11,5,128,127,0.8422451615333557,0.1837453544139862
12,0,32,0,0.574099600315094,0.14749278128147125
12,0,32,1,0.4146297872066498,0.13900646567344666
12,0,32,2,0.4144848585128784,0.18672384321689606
12,0,32,3,0.44562822580337524,0.1207311823964119
12,0,32,4,0.4658142924308777,0.10118314623832703
12,0,32,5,0.5118817090988159,0.13285799324512482
12,0,32,6,0.43870308995246887,0.06137360259890556
12,0,32,7,0.4067417085170746,0.16370604932308197
12,0,32,8,0.39556631445884705,0.12273973971605301
12,0,32,9,0.4069811999797821,0.13237978518009186
12,0,32,10,0.4492579996585846,0.137094646692276
12,0,32,11,0.4665115773677826,0.08602029085159302
12,0,32,12,0.43162474036216736,0.12897130846977234
12,0,32,13,0.4590776562690735,0.11277291923761368
12,0,32,14,0.5425512790679932,0.10521896928548813
12,0,32,15,0.4910009205341339,0.11838052421808243
12,0,32,16,0.40142351388931274,0.15036045014858246
12,0,32,17,0.5255573391914368,0.10846487432718277
12,0,32,18,0.4594036936759949,0.11152026802301407
12,0,32,19,0.44139939546585083,0.06546617299318314
12,0,32,20,0.6023522019386292,0.1260901242494583
12,0,32,21,0.6272826194763184,0.07186319679021835
12,0,32,22,0.5291785597801208,0.08629941940307617
12,0,32,23,0.5978812575340271,0.09531182050704956
12,0,32,24,0.44737836718559265,0.12602204084396362
12,0,32,25,0.5004910826683044,0.11997126042842865
12,0,32,26,0.49417850375175476,0.1382768154144287
12,0,32,27,0.6436784863471985,0.13337484002113342
12,0,32,28,0.5845761895179749,0.06392200291156769
12,0,32,29,0.47656726837158203,0.07064060121774673
12,0,32,30,0.5508221387863159,0.1566663533449173
12,0,32,31,0.5589329600334167,0.09346640855073929
12,1,32,0,0.5079656839370728,0.0844898670911789
12,1,32,1,0.6030659675598145,0.1619068831205368
12,1,32,2,0.4565415382385254,0.14913854002952576
12,1,32,3,0.5815990567207336,0.10178444534540176
12,1,32,4,0.4874447286128998,0.18523845076560974
12,1,32,5,0.5436391830444336,0.11702295392751694
12,1,32,6,0.41932934522628784,0.09176482260227203
12,1,32,7,0.6269561052322388,0.09211764484643936
12,1,32,8,0.502158522605896,0.11835459619760513
12,1,32,9,0.41011562943458557,0.11087441444396973
12,1,32,10,0.4863938093185425,0.08890174329280853
12,1,32,11,0.558031439781189,0.11460155993700027
12,1,32,12,0.5110902786254883,0.10456833988428116
12,1,32,13,0.46240589022636414,0.13078325986862183
12,1,32,14,0.6392003893852234,0.10333092510700226
12,1,32,15,0.6465761065483093,0.10234702378511429
12,1,32,16,0.4604876637458801,0.112437404692173
12,1,32,17,0.6193429827690125,0.11317086219787598
12,1,32,18,0.4762076735496521,0.07021506130695343
12,1,32,19,0.598233163356781,0.074615977704525
12,1,32,20,0.54908686876297,0.10824115574359894
12,1,32,21,0.5326746106147766,0.024042390286922455
12,1,32,22,0.30981090664863586,0.11693808436393738
12,1,32,23,0.4867308735847473,0.07585766166448593
12,1,32,24,0.5439243912696838,0.14982503652572632
12,1,32,25,0.4708133637905121,0.07503347098827362
12,1,32,26,0.5498502850532532,0.03419101610779762
12,1,32,27,0.5852651596069336,0.025758733972907066
12,1,32,28,0.5835932493209839,0.1502646952867508
12,1,32,29,0.2760319113731384,0.09396421909332275
12,1,32,30,0.4623562693595886,0.09283837676048279
12,1,32,31,0.5223112106323242,0.14707788825035095
12,2,64,0,0.7194359302520752,0.08734911680221558
12,2,64,1,0.5286542773246765,0.18663568794727325
12,2,64,2,0.3260614275932312,0.2200789600610733
12,2,64,3,0.5269721746444702,0.09429459273815155
12,2,64,4,0.6950778961181641,0.11914832890033722
12,2,64,5,0.6488982439041138,0.2549136281013489
12,2,64,6,0.5649070739746094,0.05568487569689751
12,2,64,7,0.6224679350852966,0.21075646579265594
12,2,64,8,0.6740251183509827,0.21850518882274628
12,2,64,9,0.5020185112953186,0.18222232162952423
12,2,64,10,0.5374945998191833,0.19662855565547943
12,2,64,11,0.6511871814727783,0.2126639038324356
12,2,64,12,0.47093936800956726,0.08085530996322632
12,2,64,13,0.43384042382240295,0.11858757585287094
12,2,64,14,0.6948674321174622,0.06532077491283417
12,2,64,15,0.4638756513595581,0.2618192136287689
12,2,64,16,0.5054857730865479,0.15432265400886536
12,2,64,17,0.39885348081588745,0.20414337515830994
12,2,64,18,0.7257475852966309,0.0807899683713913
12,2,64,19,0.5083450078964233,0.1498166024684906
12,2,64,20,0.6157668828964233,0.09658142179250717
12,2,64,21,0.7054012417793274,0.23200276494026184
12,2,64,22,0.49626246094703674,0.1326320469379425
12,2,64,23,0.5056715607643127,0.05688522756099701
12,2,64,24,0.7265473008155823,0.21297279000282288
12,2,64,25,0.645323634147644,0.06971009075641632
12,2,64,26,0.5720612406730652,0.13427092134952545
12,2,64,27,0.5180724859237671,0.16143012046813965
12,2,64,28,0.36266016960144043,0.2675708830356598
12,2,64,29,0.43060797452926636,0.12118461728096008
12,2,64,30,0.6374123096466064,0.10547900199890137
12,2,64,31,0.6321061253547668,0.31198424100875854
12,2,64,32,0.3566209673881531,0.1619819849729538
12,2,64,33,0.6945642828941345,0.2767176330089569
12,2,64,34,0.49157071113586426,0.13696466386318207
12,2,64,35,0.4902483820915222,0.11115853488445282
12,2,64,36,0.39234980940818787,0.09227801114320755
12,2,64,37,0.25636348128318787,0.12523490190505981
12,2,64,38,0.5431963801383972,0.15290996432304382
12,2,64,39,0.3799196183681488,0.28504669666290283
12,2,64,40,0.6109078526496887,0.11712749302387238
12,2,64,41,0.32426968216896057,0.07165790349245071
12,2,64,42,0.5907648801803589,0.20351257920265198
12,2,64,43,0.35216212272644043,0.25425058603286743
12,2,64,44,0.6017125248908997,0.20220084488391876
12,2,64,45,0.5076296329498291,0.23508520424365997
12,2,64,46,0.47333118319511414,0.29138776659965515
12,2,64,47,0.43298453092575073,0.03690195083618164
12,2,64,48,0.5573531985282898,0.14916008710861206
12,2,64,49,0.6629508137702942,0.21544356644153595
12,2,64,50,0.6733169555664062,0.14428189396858215
12,2,64,51,0.5132602453231812,0.1903858482837677
12,2,64,52,0.3567577004432678,0.14545536041259766
12,2,64,53,0.4930892288684845,0.17374373972415924
12,2,64,54,0.7610347867012024,0.2228587567806244
12,2,64,55,0.4874255955219269,0.18159259855747223
12,2,64,56,0.5010990500450134,0.14835642278194427
12,2,64,57,0.3767469525337219,0.1773838996887207
12,2,64,58,0.6603525876998901,0.2254038006067276
12,2,64,59,0.5230972766876221,0.08014405518770218
12,2,64,60,0.4599674344062805,0.11694593727588654
12,2,64,61,0.5620267391204834,0.16955474019050598
12,2,64,62,0.5875311493873596,0.27991777658462524
12,2,64,63,0.5069051384925842,0.16958117485046387
12,3,64,0,0.5599189400672913,0.08339130133390427
12,3,64,1,0.41884922981262207,0.18270756304264069
12,3,64,2,0.502046525478363,0.24954257905483246
12,3,64,3,0.5233694911003113,0.08817627280950546
12,3,64,4,0.33665379881858826,0.12766800820827484
12,3,64,5,0.5367850065231323,0.20809857547283173
12,3,64,6,0.5174700617790222,0.10619834810495377
12,3,64,7,0.4030759930610657,0.0836590901017189
12,3,64,8,0.45572346448898315,0.19584016501903534
12,3,64,9,0.6641079783439636,0.06357821077108383
12,3,64,10,0.6024646759033203,0.12714466452598572
12,3,64,11,0.4961826503276825,0.1557517647743225
12,3,64,12,0.5132394433021545,0.23345664143562317
12,3,64,13,0.5409345030784607,0.0831860601902008
12,3,64,14,0.5174998044967651,0.17576685547828674
12,3,64,15,0.4299083650112152,0.15361879765987396
12,3,64,16,0.43022045493125916,0.15642356872558594
12,3,64,17,0.5849913954734802,0.24694158136844635
12,3,64,18,0.3531961739063263,0.13613922894001007
12,3,64,19,0.5469409823417664,0.17159219086170197
12,3,64,20,0.4479534924030304,0.1220749020576477
12,3,64,21,0.5846412181854248,0.13086283206939697
12,3,64,22,0.29395994544029236,0.08267097175121307
12,3,64,23,0.49308261275291443,0.0998547375202179
12,3,64,24,0.5544368624687195,0.060699447989463806
12,3,64,25,0.4839738607406616,0.2865908741950989
12,3,64,26,0.4380582273006439,0.09607714414596558
12,3,64,27,0.5509173274040222,0.10559143126010895
12,3,64,28,0.576212465763092,0.10109391808509827
12,3,64,29,0.565671980381012,0.2622484266757965
12,3,64,30,0.5321506857872009,0.15423589944839478
12,3,64,31,0.6868495345115662,0.1048947349190712
12,3,64,32,0.4433020353317261,0.12857592105865479
12,3,64,33,0.4668721854686737,0.15797168016433716
12,3,64,34,0.46710464358329773,0.10960496962070465
12,3,64,35,0.46246397495269775,0.09326127916574478
12,3,64,36,0.5143016576766968,0.160835400223732
12,3,64,37,0.3188200891017914,0.14581835269927979
12,3,64,38,0.5229188203811646,0.22874364256858826
12,3,64,39,0.3792847692966461,0.1374450922012329
12,3,64,40,0.5868152379989624,0.19673553109169006
12,3,64,41,0.6481090784072876,0.18793371319770813
12,3,64,42,0.47193795442581177,0.1020875945687294
12,3,64,43,0.34326034784317017,0.07796809822320938
12,3,64,44,0.6359867453575134,0.05858670920133591
12,3,64,45,0.4626527726650238,0.2034793198108673
12,3,64,46,0.5091342329978943,0.08362101763486862
12,3,64,47,0.5053774118423462,0.16998879611492157
12,3,64,48,0.5530481934547424,0.12914881110191345
12,3,64,49,0.5670127868652344,0.2710476219654083
12,3,64,50,0.540324330329895,0.1411469727754593
12,3,64,51,0.6872353553771973,0.08889157325029373
12,3,64,52,0.5746788382530212,0.1546117663383484
12,3,64,53,0.47998061776161194,0.21330571174621582
12,3,64,54,0.4779013693332672,0.16454491019248962
12,3,64,55,0.5183467268943787,0.14241470396518707
12,3,64,56,0.3222361207008362,0.0972268134355545
12,3,64,57,0.44381245970726013,0.10400445014238358
12,3,64,58,0.5043410658836365,0.18908828496932983
12,3,64,59,0.3071378171443939,0.1340465545654297
12,3,64,60,0.5568321347236633,0.24698005616664886
12,3,64,61,0.6498399972915649,0.11753951013088226
12,3,64,62,0.6776692867279053,0.06740016490221024
12,3,64,63,0.49332454800605774,0.18321070075035095
12,4,128,0,0.7296010255813599,0.11723179370164871
12,4,128,1,0.6677921414375305,0.14598195254802704
12,4,128,2,0.42154887318611145,0.32424595952033997
12,4,128,3,0.3849683105945587,0.25675153732299805
12,4,128,4,0.42284560203552246,0.20520195364952087
12,4,128,5,0.46171945333480835,0.11586025357246399
12,4,128,6,0.6239162683486938,0.12014000862836838
12,4,128,7,0.6615278720855713,0.1374662220478058
12,4,128,8,0.4234912395477295,0.1308024525642395
12,4,128,9,0.4710899889469147,0.19839081168174744
12,4,128,10,0.5595850944519043,0.07098663598299026
12,4,128,11,0.35314515233039856,0.15684504806995392
12,4,128,12,0.7027758955955505,0.07418448477983475
12,4,128,13,0.5599592924118042,0.22967247664928436
12,4,128,14,0.5343841910362244,0.10732202231884003
12,4,128,15,0.6665034294128418,0.12879835069179535
12,4,128,16,0.6046231389045715,0.26386359333992004
12,4,128,17,0.5870348811149597,0.3088991343975067
12,4,128,18,0.5580568909645081,0.24506065249443054
12,4,128,19,0.5592349171638489,0.11621797829866409
12,4,128,20,0.6115265488624573,0.23443526029586792
12,4,128,21,0.3096114695072174,0.14159135520458221
12,4,128,22,0.5142263770103455,0.19601038098335266
12,4,128,23,0.6773558855056763,0.12816253304481506
12,4,128,24,0.5953813195228577,0.09933173656463623
12,4,128,25,0.49116313457489014,0.09068985283374786
12,4,128,26,0.47804805636405945,0.2825862169265747
12,4,128,27,0.6572129726409912,0.12151113897562027
12,4,128,28,0.5336995720863342,0.23150523006916046
12,4,128,29,0.6049979329109192,0.23384010791778564
12,4,128,30,0.6027767062187195,0.21008281409740448
12,4,128,31,0.644689679145813,0.20013226568698883
12,4,128,32,0.6699630618095398,0.08623760938644409
12,4,128,33,0.6481855511665344,0.10019370168447495
12,4,128,34,0.44386163353919983,0.35346102714538574
12,4,128,35,0.5952571630477905,0.30360105633735657
12,4,128,36,0.5213516354560852,0.0970880538225174
12,4,128,37,0.6099514365196228,0.26026445627212524
12,4,128,38,0.6755228638648987,0.21893265843391418
12,4,128,39,0.38483762741088867,0.1440921127796173
12,4,128,40,0.45919179916381836,0.2765895128250122
12,4,128,41,0.5969999432563782,0.31216949224472046
12,4,128,42,0.6186147928237915,0.1043829694390297
12,4,128,43,0.6014063358306885,0.2891607880592346
12,4,128,44,0.4380330741405487,0.24634499847888947
12,4,128,45,0.6627721190452576,0.1789219230413437
12,4,128,46,0.6656346321105957,0.11538363248109818
12,4,128,47,0.4702349007129669,0.11403919756412506
12,4,128,48,0.41795581579208374,0.20805618166923523
12,4,128,49,0.5716865658760071,0.2668551206588745
12,4,128,50,0.5806019902229309,0.1373172551393509
12,4,128,51,0.5931301116943359,0.23616868257522583
12,4,128,52,0.5142050385475159,0.07512820512056351
12,4,128,53,0.6016366481781006,0.31567123532295227
12,4,128,54,0.6446720957756042,0.09791646897792816
12,4,128,55,0.5624485611915588,0.21809953451156616
12,4,128,56,0.4975461959838867,0.11606656759977341
12,4,128,57,0.6053878664970398,0.35681799054145813
12,4,128,58,0.5562126636505127,0.14742958545684814
12,4,128,59,0.5075774788856506,0.16318875551223755
12,4,128,60,0.563807487487793,0.21889643371105194
12,4,128,61,0.6271461844444275,0.1980842500925064
12,4,128,62,0.7084949612617493,0.125497505068779
12,4,128,63,0.5950496792793274,0.17828421294689178
12,4,128,64,0.6850192546844482,0.08972105383872986
12,4,128,65,0.7173494696617126,0.09564889222383499
12,4,128,66,0.4294419288635254,0.29914605617523193
12,4,128,67,0.39145657420158386,0.13483871519565582
12,4,128,68,0.69758141040802,0.11737498641014099
12,4,128,69,0.59915691614151,0.19993868470191956
12,4,128,70,0.6210616230964661,0.2435947060585022
12,4,128,71,0.5260486602783203,0.14054854214191437
12,4,128,72,0.4060676097869873,0.17337697744369507
12,4,128,73,0.7730796933174133,0.09489227086305618
12,4,128,74,0.6238239407539368,0.21779002249240875
12,4,128,75,0.6204355955123901,0.3468959331512451
12,4,128,76,0.5805261731147766,0.23209361732006073
12,4,128,77,0.42801353335380554,0.27420148253440857
12,4,128,78,0.4265897870063782,0.19331182539463043
12,4,128,79,0.33754727244377136,0.0989895761013031
12,4,128,80,0.5646249055862427,0.06772701442241669
12,4,128,81,0.5987203121185303,0.24874591827392578
12,4,128,82,0.603204071521759,0.15221889317035675
12,4,128,83,0.6620906591415405,0.0960300862789154
12,4,128,84,0.5330982208251953,0.12199606001377106
12,4,128,85,0.6488571763038635,0.09800712764263153
12,4,128,86,0.5858510136604309,0.0939980000257492
12,4,128,87,0.651281476020813,0.07909483462572098
12,4,128,88,0.45399364829063416,0.22461768984794617
12,4,128,89,0.7388944625854492,0.11347952485084534
12,4,128,90,0.49596861004829407,0.22664545476436615
12,4,128,91,0.723354697227478,0.1288585662841797
12,4,128,92,0.5322836637496948,0.15228690207004547
12,4,128,93,0.4367382526397705,0.1758546531200409
12,4,128,94,0.7547393441200256,0.18342232704162598
12,4,128,95,0.5231449007987976,0.17209279537200928
12,4,128,96,0.710766077041626,0.1298430860042572
12,4,128,97,0.47998401522636414,0.3064027428627014
12,4,128,98,0.5635011792182922,0.13809460401535034
12,4,128,99,0.5233083367347717,0.08696714043617249
12,4,128,100,0.5816997289657593,0.1547781229019165
12,4,128,101,0.23693977296352386,0.10925346612930298
12,4,128,102,0.48324742913246155,0.07471184432506561
12,4,128,103,0.7865421175956726,0.10039796680212021
12,4,128,104,0.39630162715911865,0.16299504041671753
12,4,128,105,0.5601367354393005,0.27830296754837036
12,4,128,106,0.5622724294662476,0.20006826519966125
12,4,128,107,0.5934072136878967,0.16214963793754578
12,4,128,108,0.5324583053588867,0.22104492783546448
12,4,128,109,0.6651263236999512,0.14447356760501862
12,4,128,110,0.5471996068954468,0.29811128973960876
12,4,128,111,0.5284068584442139,0.08265131711959839
12,4,128,112,0.6534396409988403,0.12713851034641266
12,4,128,113,0.3463450074195862,0.10862310975790024
12,4,128,114,0.6030089259147644,0.25070104002952576
12,4,128,115,0.4322851002216339,0.14217692613601685
12,4,128,116,0.6018491387367249,0.22239185869693756
12,4,128,117,0.6522634625434875,0.1684557944536209
12,4,128,118,0.5450572967529297,0.1404227465391159
12,4,128,119,0.5299730896949768,0.14377255737781525
12,4,128,120,0.5102924704551697,0.2310316115617752
12,4,128,121,0.5206895470619202,0.22293438017368317
12,4,128,122,0.5903952121734619,0.27322855591773987
12,4,128,123,0.5203425288200378,0.2608293294906616
12,4,128,124,0.44810032844543457,0.16472618281841278
12,4,128,125,0.44243475794792175,0.14201514422893524
12,4,128,126,0.53226637840271,0.240326926112175
12,4,128,127,0.54840087890625,0.26782989501953125
12,5,128,0,0.8169981837272644,0.137783482670784
12,5,128,1,0.7300774455070496,0.23875994980335236
12,5,128,2,0.7900397777557373,0.11350403726100922
12,5,128,3,0.6169895529747009,0.14325663447380066
12,5,128,4,0.7482008337974548,0.13398492336273193
12,5,128,5,0.736911952495575,0.1309230774641037
12,5,128,6,0.7926395535469055,0.1449892669916153
12,5,128,7,0.7644166946411133,0.18732312321662903
12,5,128,8,0.7159175872802734,0.15656451880931854
12,5,128,9,0.539657711982727,0.1592060625553131
12,5,128,10,0.8492482304573059,0.09538933634757996
12,5,128,11,0.7415213584899902,0.09719453752040863
12,5,128,12,0.8454201221466064,0.07611793279647827
12,5,128,13,0.5443134307861328,0.21700169146060944
12,5,128,14,0.6529685258865356,0.06772836297750473
12,5,128,15,0.8123655319213867,0.11433468014001846
12,5,128,16,0.653141438961029,0.14892640709877014
12,5,128,17,0.8421148657798767,0.08459412306547165
12,5,128,18,0.4213295876979828,0.14188261330127716
12,5,128,19,0.815010130405426,0.11318828165531158
12,5,128,20,0.7385028600692749,0.15377557277679443
12,5,128,21,0.77232825756073,0.1278287172317505
12,5,128,22,0.7620862722396851,0.21875958144664764
12,5,128,23,0.7985718250274658,0.09906282275915146
12,5,128,24,0.8223406076431274,0.15584628283977509
12,5,128,25,0.4458811283111572,0.19286292791366577
12,5,128,26,0.33378610014915466,0.2804011106491089
12,5,128,27,0.6970649361610413,0.10276222229003906
12,5,128,28,0.7232451438903809,0.20108646154403687
12,5,128,29,0.7486253380775452,0.21320709586143494
12,5,128,30,0.6897823810577393,0.11196909844875336
12,5,128,31,0.8636930584907532,0.099527508020401
12,5,128,32,0.8202033042907715,0.17589323222637177
12,5,128,33,0.827086329460144,0.10791148245334625
12,5,128,34,0.673345148563385,0.2349180430173874
12,5,128,35,0.6539536714553833,0.1473555713891983
12,5,128,36,0.6164633631706238,0.21028108894824982
12,5,128,37,0.7146008014678955,0.2496742606163025
12,5,128,38,0.8535746335983276,0.120668925344944
12,5,128,39,0.6050052046775818,0.17669875919818878
12,5,128,40,0.8097853064537048,0.09730523079633713
12,5,128,41,0.7266948819160461,0.25195929408073425
12,5,128,42,0.8287680745124817,0.12205220758914948
12,5,128,43,0.7194364070892334,0.14661668241024017
12,5,128,44,0.44914889335632324,0.11577098816633224
12,5,128,45,0.6497103571891785,0.12607866525650024
12,5,128,46,0.8303659558296204,0.10248273611068726
12,5,128,47,0.5089263319969177,0.14740143716335297
12,5,128,48,0.6932396292686462,0.24036970734596252
12,5,128,49,0.8123564720153809,0.14005780220031738
12,5,128,50,0.42402923107147217,0.12244562804698944
12,5,128,51,0.773300290107727,0.18228143453598022
12,5,128,52,0.6021384000778198,0.07853716611862183
12,5,128,53,0.795016348361969,0.21398960053920746
12,5,128,54,0.6294915080070496,0.1990777552127838
12,5,128,55,0.8552414178848267,0.08653361350297928
12,5,128,56,0.7030330300331116,0.16605614125728607
12,5,128,57,0.8339675068855286,0.12995322048664093
12,5,128,58,0.6282660365104675,0.12525440752506256
12,5,128,59,0.36233067512512207,0.28148725628852844
12,5,128,60,0.4731665253639221,0.2503390908241272
12,5,128,61,0.7049865126609802,0.08895491808652878
12,5,128,62,0.7781067490577698,0.15384596586227417
12,5,128,63,0.6730489134788513,0.28466442227363586
12,5,128,64,0.6010727286338806,0.17254765331745148
12,5,128,65,0.6863435506820679,0.2752234637737274
12,5,128,66,0.5236143469810486,0.17650066316127777
12,5,128,67,0.655833899974823,0.10494142025709152
12,5,128,68,0.6839311718940735,0.13552206754684448
12,5,128,69,0.7693519592285156,0.17826558649539948
12,5,128,70,0.7518597841262817,0.18606498837471008
12,5,128,71,0.8247556090354919,0.10958132892847061
12,5,128,72,0.36633235216140747,0.25389522314071655
12,5,128,73,0.6610804796218872,0.12634441256523132
12,5,128,74,0.8130058646202087,0.1219303235411644
12,5,128,75,0.7592617273330688,0.1413557082414627
12,5,128,76,0.7403495907783508,0.2647516131401062
12,5,128,77,0.6117057204246521,0.09184132516384125
12,5,128,78,0.5787248611450195,0.18342585861682892
12,5,128,79,0.6630402207374573,0.10229338705539703
12,5,128,80,0.7654639482498169,0.08722449839115143
12,5,128,81,0.7834697365760803,0.10438993573188782
12,5,128,82,0.7259882688522339,0.19414882361888885
12,5,128,83,0.7322198748588562,0.24261465668678284
12,5,128,84,0.5676324367523193,0.06923691928386688
12,5,128,85,0.8004870414733887,0.09228070080280304
12,5,128,86,0.7614864110946655,0.19688111543655396
12,5,128,87,0.8026868104934692,0.14859066903591156
12,5,128,88,0.30450698733329773,0.2756510376930237
12,5,128,89,0.7288491725921631,0.22219674289226532
12,5,128,90,0.7781893610954285,0.12699440121650696
12,5,128,91,0.7443154454231262,0.22308996319770813
12,5,128,92,0.7161474227905273,0.26595044136047363
12,5,128,93,0.7855176329612732,0.08473983407020569
12,5,128,94,0.7929785847663879,0.10306166857481003
12,5,128,95,0.5733104348182678,0.1934756338596344
12,5,128,96,0.7878506779670715,0.11506374180316925
12,5,128,97,0.5864558219909668,0.18619735538959503
12,5,128,98,0.7152224779129028,0.09013740718364716
12,5,128,99,0.7501449584960938,0.26081931591033936
12,5,128,100,0.7621514201164246,0.23872382938861847
12,5,128,101,0.7536654472351074,0.24129265546798706
12,5,128,102,0.6806720495223999,0.2056182473897934
12,5,128,103,0.8318068385124207,0.0829898938536644
12,5,128,104,0.8230465650558472,0.17637483775615692
12,5,128,105,0.37531039118766785,0.2918858528137207
12,5,128,106,0.7226006388664246,0.2100052833557129
12,5,128,107,0.7373108267784119,0.11501285433769226
12,5,128,108,0.6790816187858582,0.13645192980766296
12,5,128,109,0.834733784198761,0.11496815085411072
12,5,128,110,0.7540492415428162,0.19540071487426758
12,5,128,111,0.6927421689033508,0.20877346396446228
12,5,128,112,0.8685181140899658,0.0849253237247467
12,5,128,113,0.4534260630607605,0.1639336347579956
12,5,128,114,0.45868346095085144,0.24091766774654388
12,5,128,115,0.6622179746627808,0.1351410448551178
12,5,128,116,0.7937527894973755,0.1875411421060562
12,5,128,117,0.4495493769645691,0.19194045662879944
12,5,128,118,0.6875986456871033,0.2210492491722107
12,5,128,119,0.5785349011421204,0.050766054540872574
12,5,128,120,0.32902711629867554,0.25906771421432495
12,5,128,121,0.7637614607810974,0.16369058191776276
12,5,128,122,0.7012929916381836,0.24293237924575806
12,5,128,123,0.734678328037262,0.13165675103664398
12,5,128,124,0.7616831660270691,0.10076314210891724
12,5,128,125,0.6629595160484314,0.13714739680290222
12,5,128,126,0.7782607078552246,0.1432534158229828
12,5,128,127,0.7035714983940125,0.23475311696529388
13,0,32,0,0.5316305160522461,0.06462456285953522
13,0,32,1,0.5954192280769348,0.06443807482719421
13,0,32,2,0.5386355519294739,0.10475575923919678
13,0,32,3,0.49076202511787415,0.059499844908714294
13,0,32,4,0.30798059701919556,0.07498079538345337
13,0,32,5,0.41008198261260986,0.09864480048418045
13,0,32,6,0.42466071248054504,0.09614255279302597
13,0,32,7,0.330231636762619,0.06876858323812485
13,0,32,8,0.53762286901474,0.049076542258262634
13,0,32,9,0.5030397176742554,0.12156585603952408
13,0,32,10,0.5207578539848328,0.09567264467477798
13,0,32,11,0.6053834557533264,0.065213643014431
13,0,32,12,0.3574463129043579,0.058292072266340256
13,0,32,13,0.48018375039100647,0.09650912135839462
13,0,32,14,0.4690398871898651,0.050331711769104004
13,0,32,15,0.503718912601471,0.08968467265367508
13,0,32,16,0.6001318097114563,0.032937631011009216
13,0,32,17,0.5124862194061279,0.06111888960003853
13,0,32,18,0.5160467028617859,0.064852274954319
13,0,32,19,0.42327451705932617,0.06105613335967064
13,0,32,20,0.45970189571380615,0.05511193722486496
13,0,32,21,0.4215696156024933,0.06734596192836761
13,0,32,22,0.5826007127761841,0.06801283359527588
13,0,32,23,0.5352385640144348,0.08383283764123917
13,0,32,24,0.5827010273933411,0.08728544414043427
13,0,32,25,0.4273301064968109,0.041950829327106476
13,0,32,26,0.4382924437522888,0.0885961726307869
13,0,32,27,0.5617920756340027,0.08244121819734573
13,0,32,28,0.539994478225708,0.058213986456394196
13,0,32,29,0.4952523708343506,0.0997319445014
13,0,32,30,0.44355112314224243,0.052833445370197296
13,0,32,31,0.3873935341835022,0.041761379688978195
13,1,32,0,0.48531556129455566,0.08539555966854095
13,1,32,1,0.37388715147972107,0.04978004842996597
13,1,32,2,0.5767611265182495,0.050242599099874496
13,1,32,3,0.42134541273117065,0.1362912952899933
13,1,32,4,0.4576088786125183,0.1194598376750946
13,1,32,5,0.47057026624679565,0.06051969155669212
13,1,32,6,0.34542950987815857,0.03380715847015381
13,1,32,7,0.6353680491447449,0.07223952561616898
13,1,32,8,0.489075243473053,0.11095689982175827
13,1,32,9,0.41256874799728394,0.09252320230007172
13,1,32,10,0.44897738099098206,0.06788305193185806
13,1,32,11,0.6818448305130005,0.15176421403884888
13,1,32,12,0.7243503928184509,0.09755389392375946
13,1,32,13,0.5056966543197632,0.062480006366968155
13,1,32,14,0.6879046559333801,0.07623772323131561
13,1,32,15,0.5319130420684814,0.07314227521419525
13,1,32,16,0.492075651884079,0.03837749361991882
13,1,32,17,0.4222462475299835,0.07083243131637573
13,1,32,18,0.48951712250709534,0.04458022490143776
13,1,32,19,0.487251877784729,0.09100878238677979
13,1,32,20,0.3640042543411255,0.07823935151100159
13,1,32,21,0.5490545034408569,0.034921109676361084
13,1,32,22,0.566797137260437,0.17312531173229218
13,1,32,23,0.5399929285049438,0.04957645758986473
13,1,32,24,0.4697771966457367,0.13233910501003265
13,1,32,25,0.5901999473571777,0.13621428608894348
13,1,32,26,0.39627212285995483,0.08918383717536926
13,1,32,27,0.6074942350387573,0.04140765592455864
13,1,32,28,0.36179259419441223,0.08732666820287704
13,1,32,29,0.4115851819515228,0.06922982633113861
13,1,32,30,0.653191328048706,0.09276612102985382
13,1,32,31,0.4566151201725006,0.02006656304001808
13,2,64,0,0.5418593883514404,0.14666356146335602
13,2,64,1,0.3766575753688812,0.16286110877990723
13,2,64,2,0.5430864095687866,0.16707827150821686
13,2,64,3,0.5619462132453918,0.16216957569122314
13,2,64,4,0.653505265712738,0.26051604747772217
13,2,64,5,0.6140878796577454,0.12049835920333862
13,2,64,6,0.626742422580719,0.17632238566875458
13,2,64,7,0.4665982127189636,0.12661273777484894
13,2,64,8,0.47133174538612366,0.10444016754627228
13,2,64,9,0.5746282935142517,0.22124940156936646
13,2,64,10,0.5692471265792847,0.14064787328243256
13,2,64,11,0.45750731229782104,0.08490987867116928
13,2,64,12,0.47391608357429504,0.09287365525960922
13,2,64,13,0.3844052851200104,0.21315251290798187
13,2,64,14,0.5138071179389954,0.19403059780597687
13,2,64,15,0.5534549355506897,0.07177037000656128
13,2,64,16,0.44251877069473267,0.12425312399864197
13,2,64,17,0.6030337810516357,0.14776206016540527
13,2,64,18,0.5754789710044861,0.2613026201725006
13,2,64,19,0.7213701009750366,0.04336342588067055
13,2,64,20,0.6275594234466553,0.20338918268680573
13,2,64,21,0.49782270193099976,0.20645645260810852
13,2,64,22,0.4427359998226166,0.08159803599119186
13,2,64,23,0.4915599524974823,0.10063759982585907
13,2,64,24,0.6554413437843323,0.08271091431379318
13,2,64,25,0.4126805365085602,0.17045676708221436
13,2,64,26,0.5682076215744019,0.14450669288635254
13,2,64,27,0.4533672034740448,0.14688889682292938
13,2,64,28,0.5854396224021912,0.06797841191291809
13,2,64,29,0.5521574020385742,0.2316252738237381
13,2,64,30,0.4712269902229309,0.09486450254917145
13,2,64,31,0.5335460305213928,0.21673917770385742
13,2,64,32,0.6959367990493774,0.12640024721622467
13,2,64,33,0.45280390977859497,0.1402115821838379
13,2,64,34,0.44303300976753235,0.16530248522758484
13,2,64,35,0.29432839155197144,0.07530887424945831
13,2,64,36,0.600670576095581,0.12585170567035675
13,2,64,37,0.3307764530181885,0.1445796936750412
13,2,64,38,0.43034809827804565,0.19869780540466309
13,2,64,39,0.3432472050189972,0.12469354271888733
13,2,64,40,0.5951416492462158,0.11714109033346176
13,2,64,41,0.40035945177078247,0.18542595207691193
13,2,64,42,0.4692610204219818,0.172018364071846
13,2,64,43,0.5753588676452637,0.22499758005142212
13,2,64,44,0.5247079730033875,0.17565302550792694
13,2,64,45,0.4500161111354828,0.1463734209537506
13,2,64,46,0.6121936440467834,0.19703315198421478
13,2,64,47,0.5227319598197937,0.22758685052394867
13,2,64,48,0.6543033123016357,0.27369049191474915
13,2,64,49,0.4273878335952759,0.1782909780740738
13,2,64,50,0.426169216632843,0.2781776785850525
13,2,64,51,0.3466474711894989,0.13402943313121796
13,2,64,52,0.45310837030410767,0.19086258113384247
13,2,64,53,0.5336831212043762,0.18519146740436554
13,2,64,54,0.50980144739151,0.13085129857063293
13,2,64,55,0.3532489240169525,0.3548932373523712
13,2,64,56,0.5150307416915894,0.1703309714794159
13,2,64,57,0.5268322825431824,0.17594976723194122
13,2,64,58,0.4243709444999695,0.27971693873405457
13,2,64,59,0.5712949633598328,0.18255087733268738
13,2,64,60,0.4711133539676666,0.17110484838485718
13,2,64,61,0.691464364528656,0.16434960067272186
13,2,64,62,0.4349261224269867,0.17771422863006592
13,2,64,63,0.5519044399261475,0.1071026474237442
13,3,64,0,0.4569011926651001,0.22709722816944122
13,3,64,1,0.6183789968490601,0.25725257396698
13,3,64,2,0.4785166382789612,0.13939686119556427
13,3,64,3,0.5702066421508789,0.17179448902606964
13,3,64,4,0.5243882536888123,0.34352728724479675
13,3,64,5,0.4400434195995331,0.1635807752609253
13,3,64,6,0.4839954078197479,0.1856265515089035
13,3,64,7,0.3584744930267334,0.08062121272087097
13,3,64,8,0.6013491749763489,0.13037778437137604
13,3,64,9,0.35524603724479675,0.1348857581615448
13,3,64,10,0.4737752676010132,0.2536936104297638
13,3,64,11,0.5689795613288879,0.1745520681142807
13,3,64,12,0.5088194012641907,0.180008664727211
13,3,64,13,0.33498483896255493,0.09970379620790482
13,3,64,14,0.7042839527130127,0.19295236468315125
13,3,64,15,0.3035915195941925,0.09726148098707199
13,3,64,16,0.5563084483146667,0.10990045964717865
13,3,64,17,0.4009447395801544,0.13528454303741455
13,3,64,18,0.4304845631122589,0.19505704939365387
13,3,64,19,0.5622499585151672,0.07739371806383133
13,3,64,20,0.5998730659484863,0.2639296054840088
13,3,64,21,0.4198131561279297,0.09593673050403595
13,3,64,22,0.45331233739852905,0.15176962316036224
13,3,64,23,0.4233802556991577,0.11282636225223541
13,3,64,24,0.3473163843154907,0.1291653960943222
13,3,64,25,0.6167029738426208,0.24648471176624298
13,3,64,26,0.44336748123168945,0.04820558801293373
13,3,64,27,0.5243534445762634,0.16387464106082916
13,3,64,28,0.578713595867157,0.22668243944644928
13,3,64,29,0.7150604724884033,0.10907674580812454
13,3,64,30,0.5110124349594116,0.09410808235406876
13,3,64,31,0.283069908618927,0.1684877723455429
13,3,64,32,0.6058932542800903,0.2164108157157898
13,3,64,33,0.23733672499656677,0.11157266795635223
13,3,64,34,0.4490550756454468,0.26741307973861694
13,3,64,35,0.48245158791542053,0.17582273483276367
13,3,64,36,0.6192038655281067,0.12604358792304993
13,3,64,37,0.5413463115692139,0.23634570837020874
13,3,64,38,0.602079451084137,0.09663435816764832
13,3,64,39,0.6971760392189026,0.13822557032108307
13,3,64,40,0.5429784059524536,0.0889374390244484
13,3,64,41,0.338386595249176,0.12749500572681427
13,3,64,42,0.6532551646232605,0.22023485600948334
13,3,64,43,0.6715248823165894,0.2303534895181656
13,3,64,44,0.519478976726532,0.12506069242954254
13,3,64,45,0.3912191689014435,0.18011502921581268
13,3,64,46,0.6746447682380676,0.11320125311613083
13,3,64,47,0.34224700927734375,0.23971432447433472
13,3,64,48,0.5265359282493591,0.09636936336755753
13,3,64,49,0.6151706576347351,0.20506690442562103
13,3,64,50,0.44877082109451294,0.17742234468460083
13,3,64,51,0.6255580186843872,0.1527606099843979
13,3,64,52,0.5523662567138672,0.17310477793216705
13,3,64,53,0.6663374900817871,0.13004477322101593
13,3,64,54,0.3791045844554901,0.12826912105083466
13,3,64,55,0.40918317437171936,0.11846718192100525
13,3,64,56,0.5133368372917175,0.10547993332147598
13,3,64,57,0.4290350377559662,0.13454173505306244
13,3,64,58,0.3129712641239166,0.19961662590503693
13,3,64,59,0.4988574981689453,0.10755588114261627
13,3,64,60,0.5024138689041138,0.2307015359401703
13,3,64,61,0.630060076713562,0.23011445999145508
13,3,64,62,0.39421194791793823,0.25636157393455505
13,3,64,63,0.42381608486175537,0.21575281023979187
13,4,128,0,0.7232424020767212,0.1477631777524948
13,4,128,1,0.6463519334793091,0.25810274481773376
13,4,128,2,0.3927357792854309,0.18841323256492615
13,4,128,3,0.40707308053970337,0.22954781353473663
13,4,128,4,0.6229923963546753,0.22266578674316406
13,4,128,5,0.39703238010406494,0.2690782845020294
13,4,128,6,0.340888112783432,0.11841244995594025
13,4,128,7,0.6003506183624268,0.2925736904144287
13,4,128,8,0.5547802448272705,0.16477204859256744
13,4,128,9,0.375540554523468,0.09530498832464218
13,4,128,10,0.5715053081512451,0.31420639157295227
13,4,128,11,0.4817599952220917,0.18790462613105774
13,4,128,12,0.6207097768783569,0.2786356508731842
13,4,128,13,0.5972307920455933,0.20088453590869904
13,4,128,14,0.5545174479484558,0.13585010170936584
13,4,128,15,0.5278534889221191,0.10477056354284286
13,4,128,16,0.5104945302009583,0.10006915032863617
13,4,128,17,0.6183162331581116,0.24883370101451874
13,4,128,18,0.691067636013031,0.12871576845645905
13,4,128,19,0.6966667175292969,0.11744280159473419
13,4,128,20,0.6764288544654846,0.1997656673192978
13,4,128,21,0.38775432109832764,0.11321650445461273
13,4,128,22,0.6468839645385742,0.18188855051994324
13,4,128,23,0.44198885560035706,0.0967535600066185
13,4,128,24,0.5594356060028076,0.22964313626289368
13,4,128,25,0.7739514112472534,0.13066136837005615
13,4,128,26,0.5796106457710266,0.18718403577804565
13,4,128,27,0.6309908032417297,0.15873537957668304
13,4,128,28,0.5620024800300598,0.21048228442668915
13,4,128,29,0.6281291246414185,0.24496975541114807
13,4,128,30,0.5843356251716614,0.3408847749233246
13,4,128,31,0.5974705815315247,0.11437097191810608
13,4,128,32,0.3334819972515106,0.29936179518699646
13,4,128,33,0.6540730595588684,0.2773837447166443
13,4,128,34,0.43760186433792114,0.21516700088977814
13,4,128,35,0.5573221445083618,0.19944646954536438
13,4,128,36,0.6317958235740662,0.11585792899131775
13,4,128,37,0.6724404692649841,0.2504214942455292
13,4,128,38,0.4422125220298767,0.25829648971557617
13,4,128,39,0.44895774126052856,0.24782399833202362
13,4,128,40,0.5846382975578308,0.24362723529338837
13,4,128,41,0.7549301981925964,0.2519271969795227
13,4,128,42,0.5709080100059509,0.2001810222864151
13,4,128,43,0.5131295323371887,0.23446416854858398
13,4,128,44,0.633171796798706,0.1740187704563141
13,4,128,45,0.5782976150512695,0.2627045810222626
13,4,128,46,0.32521307468414307,0.10651583224534988
13,4,128,47,0.43162837624549866,0.1960850954055786
13,4,128,48,0.6637278199195862,0.11187584698200226
13,4,128,49,0.5002833008766174,0.12538453936576843
13,4,128,50,0.6278250813484192,0.2034907191991806
13,4,128,51,0.7086825966835022,0.15941402316093445
13,4,128,52,0.391424298286438,0.3362369239330292
13,4,128,53,0.6392166018486023,0.21938586235046387
13,4,128,54,0.4366609752178192,0.1917799562215805
13,4,128,55,0.6278871297836304,0.27760469913482666
13,4,128,56,0.5797657370567322,0.23013879358768463
13,4,128,57,0.7511298060417175,0.14472804963588715
13,4,128,58,0.6848458647727966,0.2098303884267807
13,4,128,59,0.7194190621376038,0.15568335354328156
13,4,128,60,0.365496426820755,0.22386279702186584
13,4,128,61,0.49740779399871826,0.23714081943035126
13,4,128,62,0.6016896963119507,0.2166985422372818
13,4,128,63,0.7942875623703003,0.08631699532270432
13,4,128,64,0.592881441116333,0.24877062439918518
13,4,128,65,0.3011459410190582,0.3221524655818939
13,4,128,66,0.38754957914352417,0.2277066707611084
13,4,128,67,0.6657242178916931,0.08716684579849243
13,4,128,68,0.6674660444259644,0.14136633276939392
13,4,128,69,0.5932093262672424,0.27436205744743347
13,4,128,70,0.5872299671173096,0.20649878680706024
13,4,128,71,0.5324094891548157,0.17185357213020325
13,4,128,72,0.5564393997192383,0.1991434395313263
13,4,128,73,0.597788393497467,0.19983063638210297
13,4,128,74,0.5813508629798889,0.17598137259483337
13,4,128,75,0.6429956555366516,0.08847632259130478
13,4,128,76,0.35712218284606934,0.12128734588623047
13,4,128,77,0.3862076997756958,0.19060277938842773
13,4,128,78,0.5819332599639893,0.17660942673683167
13,4,128,79,0.5446628928184509,0.21871641278266907
13,4,128,80,0.45303624868392944,0.3033140003681183
13,4,128,81,0.4231148660182953,0.06411042809486389
13,4,128,82,0.4082060158252716,0.12232085317373276
13,4,128,83,0.4314635396003723,0.21690984070301056
13,4,128,84,0.746568500995636,0.1258850246667862
13,4,128,85,0.7039545774459839,0.22470980882644653
13,4,128,86,0.654685914516449,0.12880568206310272
13,4,128,87,0.5795095562934875,0.20030100643634796
13,4,128,88,0.5291587114334106,0.10809583961963654
13,4,128,89,0.4675680994987488,0.19034074246883392
13,4,128,90,0.659855306148529,0.18969181180000305
13,4,128,91,0.5901290774345398,0.07724597305059433
13,4,128,92,0.7705575823783875,0.12652339041233063
13,4,128,93,0.47084352374076843,0.2066093236207962
13,4,128,94,0.6883177161216736,0.12101223319768906
13,4,128,95,0.7084141373634338,0.12079279869794846
13,4,128,96,0.402464359998703,0.11035090684890747
13,4,128,97,0.5657336115837097,0.24355927109718323
13,4,128,98,0.6285611391067505,0.08040845394134521
13,4,128,99,0.40726885199546814,0.21312089264392853
13,4,128,100,0.6059250235557556,0.30032527446746826
13,4,128,101,0.6188312768936157,0.25938987731933594
13,4,128,102,0.673064112663269,0.14971880614757538
13,4,128,103,0.48035240173339844,0.15912729501724243
13,4,128,104,0.6119530200958252,0.1458054482936859
13,4,128,105,0.7204623818397522,0.11154194921255112
13,4,128,106,0.7236137390136719,0.1678706854581833
13,4,128,107,0.4661238193511963,0.15897756814956665
13,4,128,108,0.39862972497940063,0.20631550252437592
13,4,128,109,0.75157630443573,0.09145859628915787
13,4,128,110,0.6324177980422974,0.28491640090942383
13,4,128,111,0.4646201431751251,0.18740984797477722
13,4,128,112,0.6279067993164062,0.06487830728292465
13,4,128,113,0.4701455235481262,0.19461072981357574
13,4,128,114,0.6312844157218933,0.10088396072387695
13,4,128,115,0.5970458388328552,0.2647450566291809
13,4,128,116,0.4038713872432709,0.1742006242275238
13,4,128,117,0.4541584253311157,0.2340938001871109
13,4,128,118,0.43548110127449036,0.23781850934028625
13,4,128,119,0.6869227886199951,0.09295443445444107
13,4,128,120,0.4386022090911865,0.1524532288312912
13,4,128,121,0.7261706590652466,0.15591473877429962
13,4,128,122,0.6160122156143188,0.2543131709098816
13,4,128,123,0.6381516456604004,0.27805981040000916
13,4,128,124,0.577248752117157,0.05554816499352455
13,4,128,125,0.5590460896492004,0.20480431616306305
13,4,128,126,0.6149041056632996,0.22684085369110107
13,4,128,127,0.5688053369522095,0.276063472032547
13,5,128,0,0.784020185470581,0.09401825815439224
13,5,128,1,0.7968207001686096,0.18033437430858612
13,5,128,2,0.6781009435653687,0.23205046355724335
13,5,128,3,0.43764835596084595,0.3251696825027466
13,5,128,4,0.431608110666275,0.3566935658454895
13,5,128,5,0.8855218887329102,0.08764192461967468
13,5,128,6,0.570578396320343,0.1855630725622177
13,5,128,7,0.7983227968215942,0.21176330745220184
13,5,128,8,0.8209311962127686,0.15050461888313293
13,5,128,9,0.8124762773513794,0.14559443295001984
13,5,128,10,0.7966241836547852,0.21316923201084137
13,5,128,11,0.7436157464981079,0.08782703429460526
13,5,128,12,0.9051824808120728,0.09386754781007767
13,5,128,13,0.41126981377601624,0.28940603137016296
13,5,128,14,0.7028384804725647,0.24470967054367065
13,5,128,15,0.8071138262748718,0.10983691364526749
13,5,128,16,0.7138181924819946,0.25797250866889954
13,5,128,17,0.5614451766014099,0.2561177909374237
13,5,128,18,0.7696270942687988,0.12451332062482834
13,5,128,19,0.8031391501426697,0.14357709884643555
13,5,128,20,0.7842708230018616,0.21192462742328644
13,5,128,21,0.383965402841568,0.357895165681839
13,5,128,22,0.6485087871551514,0.24603694677352905
13,5,128,23,0.800470232963562,0.158048614859581
13,5,128,24,0.8513178825378418,0.09963133186101913
13,5,128,25,0.8507746458053589,0.09800218045711517
13,5,128,26,0.8864585161209106,0.0956888198852539
13,5,128,27,0.8119937181472778,0.10500194877386093
13,5,128,28,0.7141483426094055,0.056347306817770004
13,5,128,29,0.7316495776176453,0.27752453088760376
13,5,128,30,0.7614275217056274,0.2381698042154312
13,5,128,31,0.7840055227279663,0.14869116246700287
13,5,128,32,0.6853640675544739,0.3100429177284241
13,5,128,33,0.7903559803962708,0.1990705281496048
13,5,128,34,0.4293087422847748,0.09452942758798599
13,5,128,35,0.37524309754371643,0.1431429237127304
13,5,128,36,0.7719374895095825,0.10261592268943787
13,5,128,37,0.3914550244808197,0.3572826087474823
13,5,128,38,0.3062118589878082,0.17118912935256958
13,5,128,39,0.8327192068099976,0.09387816488742828
13,5,128,40,0.7347649335861206,0.0735182911157608
13,5,128,41,0.8002270460128784,0.18863719701766968
13,5,128,42,0.6572880148887634,0.3008241653442383
13,5,128,43,0.6285918354988098,0.25315049290657043
13,5,128,44,0.8152167201042175,0.0969875380396843
13,5,128,45,0.709273636341095,0.25540030002593994
13,5,128,46,0.6763879656791687,0.30843138694763184
13,5,128,47,0.2766868472099304,0.14508745074272156
13,5,128,48,0.7545138597488403,0.1839384287595749
13,5,128,49,0.33679184317588806,0.24901215732097626
13,5,128,50,0.6042681336402893,0.18664401769638062
13,5,128,51,0.7222747206687927,0.08463361859321594
13,5,128,52,0.5940556526184082,0.22142739593982697
13,5,128,53,0.7378752827644348,0.23742921650409698
13,5,128,54,0.41223809123039246,0.27636653184890747
13,5,128,55,0.41154661774635315,0.36587435007095337
13,5,128,56,0.8098570108413696,0.15512481331825256
13,5,128,57,0.8167005777359009,0.1044912338256836
13,5,128,58,0.7660163044929504,0.23551788926124573
13,5,128,59,0.8322123885154724,0.1048077791929245
13,5,128,60,0.4135614037513733,0.37087833881378174
13,5,128,61,0.8398680090904236,0.10177671909332275
13,5,128,62,0.8286344408988953,0.11883892863988876
13,5,128,63,0.7524640560150146,0.22942548990249634
13,5,128,64,0.6754796504974365,0.23443613946437836
13,5,128,65,0.37751504778862,0.29818564653396606
13,5,128,66,0.7337981462478638,0.22154124081134796
13,5,128,67,0.8463228940963745,0.10069561004638672
13,5,128,68,0.7824440002441406,0.2237718552350998
13,5,128,69,0.7690653800964355,0.2310684770345688
13,5,128,70,0.7815257906913757,0.1018223837018013
13,5,128,71,0.7658332586288452,0.09390505403280258
13,5,128,72,0.38374775648117065,0.3153792917728424
13,5,128,73,0.38878464698791504,0.347372829914093
13,5,128,74,0.7163940072059631,0.31658071279525757
13,5,128,75,0.7110313177108765,0.08237721771001816
13,5,128,76,0.3716570734977722,0.32717856764793396
13,5,128,77,0.7546622157096863,0.07988248020410538
13,5,128,78,0.6894445419311523,0.15625333786010742
13,5,128,79,0.6945463418960571,0.29365622997283936
13,5,128,80,0.3850843608379364,0.34678059816360474
13,5,128,81,0.634560763835907,0.13461267948150635
13,5,128,82,0.8762218952178955,0.07578001916408539
13,5,128,83,0.649671196937561,0.30737924575805664
13,5,128,84,0.8285780549049377,0.0842348039150238
13,5,128,85,0.7678758502006531,0.16949909925460815
13,5,128,86,0.8056038618087769,0.13803443312644958
13,5,128,87,0.728489339351654,0.28577589988708496
13,5,128,88,0.8164785504341125,0.14351382851600647
13,5,128,89,0.7672810554504395,0.2166343778371811
13,5,128,90,0.8335480093955994,0.12051286548376083
13,5,128,91,0.8586349487304688,0.11505328863859177
13,5,128,92,0.8920127153396606,0.07870358228683472
13,5,128,93,0.4621957838535309,0.33221757411956787
13,5,128,94,0.8496609926223755,0.07610952854156494
13,5,128,95,0.4085276126861572,0.18750275671482086
13,5,128,96,0.438320517539978,0.28795623779296875
13,5,128,97,0.780992865562439,0.22836485505104065
13,5,128,98,0.546194851398468,0.20941632986068726
13,5,128,99,0.7019385695457458,0.306890070438385
13,5,128,100,0.833972692489624,0.1566718965768814
13,5,128,101,0.8077763319015503,0.11779461801052094
13,5,128,102,0.8619389533996582,0.10366600006818771
13,5,128,103,0.7570334076881409,0.14413753151893616
13,5,128,104,0.7117933034896851,0.3191013038158417
13,5,128,105,0.21902896463871002,0.20795351266860962
13,5,128,106,0.8185202479362488,0.19376933574676514
13,5,128,107,0.6261469721794128,0.209700345993042
13,5,128,108,0.7804336547851562,0.17150023579597473
13,5,128,109,0.8487427830696106,0.13326603174209595
13,5,128,110,0.7153670787811279,0.29153499007225037
13,5,128,111,0.8436998128890991,0.11268746107816696
13,5,128,112,0.6526364088058472,0.15160706639289856
13,5,128,113,0.6282110214233398,0.2417115718126297
13,5,128,114,0.8545920252799988,0.10516269505023956
13,5,128,115,0.6939520239830017,0.28319936990737915
13,5,128,116,0.6879298686981201,0.27687132358551025
13,5,128,117,0.6771686673164368,0.3502940833568573
13,5,128,118,0.8231096267700195,0.126975417137146
13,5,128,119,0.8083730936050415,0.1825110912322998
13,5,128,120,0.8284484148025513,0.09316270053386688
13,5,128,121,0.6190275549888611,0.3351503312587738
13,5,128,122,0.3731217086315155,0.3330078125
13,5,128,123,0.8262357711791992,0.15487951040267944
13,5,128,124,0.7718095183372498,0.1587046980857849
13,5,128,125,0.6986092925071716,0.27173689007759094
13,5,128,126,0.7502017617225647,0.20891036093235016
13,5,128,127,0.6793418526649475,0.32192695140838623
14,0,32,0,0.6014891862869263,0.06600435823202133
14,0,32,1,0.6022716760635376,0.07538386434316635
14,0,32,2,0.6305028796195984,0.09596262127161026
14,0,32,3,0.47536128759384155,0.09080987423658371
14,0,32,4,0.662423849105835,0.0951252430677414
14,0,32,5,0.5415295958518982,0.07048626244068146
14,0,32,6,0.5820316672325134,0.09839895367622375
14,0,32,7,0.44228634238243103,0.13037730753421783
14,0,32,8,0.3907891511917114,0.07961223274469376
14,0,32,9,0.2952093183994293,0.1076258197426796
14,0,32,10,0.46811211109161377,0.06515500694513321
14,0,32,11,0.35182756185531616,0.13024143874645233
14,0,32,12,0.39989230036735535,0.14767339825630188
14,0,32,13,0.4416258931159973,0.1646205484867096
14,0,32,14,0.3840728998184204,0.11725445836782455
14,0,32,15,0.48848140239715576,0.060014884918928146
14,0,32,16,0.5524016618728638,0.12775294482707977
14,0,32,17,0.4834505319595337,0.08263678848743439
14,0,32,18,0.4504809081554413,0.12452112138271332
14,0,32,19,0.5886471271514893,0.07946625351905823
14,0,32,20,0.5459403395652771,0.10312867909669876
14,0,32,21,0.48539724946022034,0.04693468287587166
14,0,32,22,0.4097989797592163,0.0918494388461113
14,0,32,23,0.4018038809299469,0.13090723752975464
14,0,32,24,0.36321425437927246,0.13221126794815063
14,0,32,25,0.38972651958465576,0.12867827713489532
14,0,32,26,0.6763171553611755,0.12500235438346863
14,0,32,27,0.5578276515007019,0.10336480289697647
14,0,32,28,0.6610572338104248,0.07554657757282257
14,0,32,29,0.6498876810073853,0.08936844766139984
14,0,32,30,0.3526065945625305,0.05138886347413063
14,0,32,31,0.4859969913959503,0.06898479908704758
14,1,32,0,0.504020631313324,0.12109598517417908
14,1,32,1,0.5467602610588074,0.09794921427965164
14,1,32,2,0.4998878836631775,0.1255117952823639
14,1,32,3,0.4259571433067322,0.07413855195045471
14,1,32,4,0.5344647169113159,0.08194518834352493
14,1,32,5,0.671701967716217,0.11751390248537064
14,1,32,6,0.4526149332523346,0.10958649963140488
14,1,32,7,0.4827607572078705,0.09235423058271408
14,1,32,8,0.46475720405578613,0.0803777277469635
14,1,32,9,0.4853438436985016,0.1181759163737297
14,1,32,10,0.505534291267395,0.03484378010034561
14,1,32,11,0.3839570879936218,0.10802223533391953
14,1,32,12,0.4577552378177643,0.0950230211019516
14,1,32,13,0.6354955434799194,0.09555383026599884
14,1,32,14,0.41562455892562866,0.1151849627494812
14,1,32,15,0.6113279461860657,0.12056808918714523
14,1,32,16,0.5887761116027832,0.1451433151960373
14,1,32,17,0.536411464214325,0.0552845224738121
14,1,32,18,0.45559585094451904,0.1095186397433281
14,1,32,19,0.4783158302307129,0.05929342657327652
14,1,32,20,0.641213059425354,0.09627260267734528
14,1,32,21,0.5639020204544067,0.06822029501199722
14,1,32,22,0.6614348292350769,0.11228178441524506
14,1,32,23,0.3616093695163727,0.1269979327917099
14,1,32,24,0.30055898427963257,0.09260367602109909
14,1,32,25,0.4623819589614868,0.1690349578857422
14,1,32,26,0.43752816319465637,0.06683561205863953
14,1,32,27,0.5874879956245422,0.08278726786375046
14,1,32,28,0.4283914268016815,0.05778699368238449
14,1,32,29,0.5246308445930481,0.06807141751050949
14,1,32,30,0.5279396772384644,0.08581523597240448
14,1,32,31,0.5091109871864319,0.02972811833024025
14,2,64,0,0.684797465801239,0.09731786698102951
14,2,64,1,0.43482208251953125,0.16213944554328918
14,2,64,2,0.44181349873542786,0.13351725041866302
14,2,64,3,0.5058004260063171,0.10425347834825516
14,2,64,4,0.5503365397453308,0.15842732787132263
14,2,64,5,0.5071372389793396,0.13537979125976562
14,2,64,6,0.5083680152893066,0.08913962543010712
14,2,64,7,0.5423005819320679,0.17454794049263
14,2,64,8,0.5179799199104309,0.1991860717535019
14,2,64,9,0.481623113155365,0.18820703029632568
14,2,64,10,0.3841596841812134,0.10920772701501846
14,2,64,11,0.5542471408843994,0.10351313650608063
14,2,64,12,0.5418930649757385,0.23001548647880554
14,2,64,13,0.4723038971424103,0.061781201511621475
14,2,64,14,0.5084312558174133,0.1710553914308548
14,2,64,15,0.5321484208106995,0.09167997539043427
14,2,64,16,0.47773727774620056,0.16735079884529114
14,2,64,17,0.6378462910652161,0.07157958298921585
14,2,64,18,0.41684117913246155,0.12437600642442703
14,2,64,19,0.5521058440208435,0.04591323062777519
14,2,64,20,0.47420746088027954,0.11342935264110565
14,2,64,21,0.5366290211677551,0.16156825423240662
14,2,64,22,0.6924681663513184,0.11721168458461761
14,2,64,23,0.5525014400482178,0.14815451204776764
14,2,64,24,0.5591106414794922,0.1340598464012146
14,2,64,25,0.46632060408592224,0.16947126388549805
14,2,64,26,0.5213265419006348,0.10308324545621872
14,2,64,27,0.6411176919937134,0.1013546958565712
14,2,64,28,0.44327256083488464,0.18321973085403442
14,2,64,29,0.5660103559494019,0.14603132009506226
14,2,64,30,0.6008948087692261,0.06536844372749329
14,2,64,31,0.391858845949173,0.1238660141825676
14,2,64,32,0.48225656151771545,0.17257240414619446
14,2,64,33,0.522701621055603,0.15872055292129517
14,2,64,34,0.5868945717811584,0.11905169486999512
14,2,64,35,0.5879690647125244,0.21110697090625763
14,2,64,36,0.5278621912002563,0.07089594751596451
14,2,64,37,0.5076251029968262,0.12266974151134491
14,2,64,38,0.5742183327674866,0.13347135484218597
14,2,64,39,0.4416421353816986,0.08889027684926987
14,2,64,40,0.4213257133960724,0.15024016797542572
14,2,64,41,0.47925788164138794,0.10313986986875534
14,2,64,42,0.569765567779541,0.10296647250652313
14,2,64,43,0.47073203325271606,0.17548975348472595
14,2,64,44,0.31782206892967224,0.09993024915456772
14,2,64,45,0.5522152781486511,0.10361319035291672
14,2,64,46,0.5873066782951355,0.19725695252418518
14,2,64,47,0.4429343342781067,0.1246006190776825
14,2,64,48,0.55181884765625,0.08330652862787247
14,2,64,49,0.4602857232093811,0.12197591364383698
14,2,64,50,0.5514419674873352,0.15298579633235931
14,2,64,51,0.43992191553115845,0.15916183590888977
14,2,64,52,0.47804853320121765,0.10942919552326202
14,2,64,53,0.35342109203338623,0.12208623439073563
14,2,64,54,0.4443133771419525,0.12305773794651031
14,2,64,55,0.41392165422439575,0.14978285133838654
14,2,64,56,0.42910388112068176,0.10204713046550751
14,2,64,57,0.49352753162384033,0.20019449293613434
14,2,64,58,0.6408928632736206,0.14979971945285797
14,2,64,59,0.4379664361476898,0.07891208678483963
14,2,64,60,0.5130280256271362,0.15089446306228638
14,2,64,61,0.42415282130241394,0.1535084843635559
14,2,64,62,0.6084075570106506,0.14462131261825562
14,2,64,63,0.41509324312210083,0.1205224096775055
14,3,64,0,0.40519118309020996,0.21635933220386505
14,3,64,1,0.3812279999256134,0.07355871796607971
14,3,64,2,0.5555983781814575,0.1886318325996399
14,3,64,3,0.5096273422241211,0.20365458726882935
14,3,64,4,0.6148580312728882,0.32229095697402954
14,3,64,5,0.3606329560279846,0.16572785377502441
14,3,64,6,0.7078310251235962,0.20323245227336884
14,3,64,7,0.47566598653793335,0.1664593368768692
14,3,64,8,0.3717060387134552,0.19359520077705383
14,3,64,9,0.47558826208114624,0.13970382511615753
14,3,64,10,0.49606993794441223,0.16148018836975098
14,3,64,11,0.36434945464134216,0.06381192058324814
14,3,64,12,0.46772345900535583,0.09684810042381287
14,3,64,13,0.43336161971092224,0.15869826078414917
14,3,64,14,0.59073406457901,0.08883097022771835
14,3,64,15,0.5130362510681152,0.18741483986377716
14,3,64,16,0.3257130980491638,0.23515282571315765
14,3,64,17,0.6219757795333862,0.2235654890537262
14,3,64,18,0.5767927765846252,0.05302433669567108
14,3,64,19,0.2712041735649109,0.12046826630830765
14,3,64,20,0.36404821276664734,0.15502652525901794
14,3,64,21,0.5112677812576294,0.18104350566864014
14,3,64,22,0.6020210385322571,0.15112408995628357
14,3,64,23,0.4561658501625061,0.23754160106182098
14,3,64,24,0.5283000469207764,0.18457025289535522
14,3,64,25,0.4594056308269501,0.12503835558891296
14,3,64,26,0.2207745611667633,0.12974806129932404
14,3,64,27,0.5975396037101746,0.052507974207401276
14,3,64,28,0.39012739062309265,0.12578743696212769
14,3,64,29,0.6018717288970947,0.1348203718662262
14,3,64,30,0.39579537510871887,0.25567612051963806
14,3,64,31,0.5725993514060974,0.13616594672203064
14,3,64,32,0.6257539391517639,0.08195704966783524
14,3,64,33,0.4797450602054596,0.21089546382427216
14,3,64,34,0.6242105960845947,0.2605331838130951
14,3,64,35,0.4765796661376953,0.16536617279052734
14,3,64,36,0.35563594102859497,0.1578383892774582
14,3,64,37,0.3465687334537506,0.09663069248199463
14,3,64,38,0.558275580406189,0.18594925105571747
14,3,64,39,0.6381460428237915,0.11244641244411469
14,3,64,40,0.5910320281982422,0.2800028622150421
14,3,64,41,0.7771767973899841,0.08858580887317657
14,3,64,42,0.5467178225517273,0.11757062375545502
14,3,64,43,0.3382771909236908,0.1318485140800476
14,3,64,44,0.40829116106033325,0.14139901101589203
14,3,64,45,0.5912671685218811,0.1300956904888153
14,3,64,46,0.6562315821647644,0.19303590059280396
14,3,64,47,0.5780808329582214,0.2272166907787323
14,3,64,48,0.6514323949813843,0.09777301549911499
14,3,64,49,0.2974238097667694,0.13172760605812073
14,3,64,50,0.5131546258926392,0.08903393149375916
14,3,64,51,0.5267069935798645,0.23029577732086182
14,3,64,52,0.6477181315422058,0.18943068385124207
14,3,64,53,0.4391409456729889,0.18479545414447784
14,3,64,54,0.3364016115665436,0.2646979093551636
14,3,64,55,0.6695271730422974,0.1209259033203125
14,3,64,56,0.5515542030334473,0.2393050640821457
14,3,64,57,0.4195916950702667,0.061679862439632416
14,3,64,58,0.5939000248908997,0.1758231669664383
14,3,64,59,0.4501171410083771,0.1910155564546585
14,3,64,60,0.39221543073654175,0.29141438007354736
14,3,64,61,0.45666441321372986,0.09446854144334793
14,3,64,62,0.5155895352363586,0.19461850821971893
14,3,64,63,0.3867514729499817,0.1470625251531601
14,4,128,0,0.5071210861206055,0.11861108243465424
14,4,128,1,0.7471144795417786,0.09956439584493637
14,4,128,2,0.6371321082115173,0.061924174427986145
14,4,128,3,0.6413143873214722,0.2686540186405182
14,4,128,4,0.38311833143234253,0.15439380705356598
14,4,128,5,0.41457775235176086,0.2041027843952179
14,4,128,6,0.6134328246116638,0.30089446902275085
14,4,128,7,0.533766508102417,0.18995898962020874
14,4,128,8,0.39077070355415344,0.07723233848810196
14,4,128,9,0.35294508934020996,0.2844581604003906
14,4,128,10,0.34108954668045044,0.0888785719871521
14,4,128,11,0.542048990726471,0.03476588428020477
14,4,128,12,0.6845347285270691,0.10568812489509583
14,4,128,13,0.7140709757804871,0.07949067652225494
14,4,128,14,0.6964086294174194,0.09289032220840454
14,4,128,15,0.44792240858078003,0.0947013720870018
14,4,128,16,0.6286258697509766,0.09062512218952179
14,4,128,17,0.40988147258758545,0.17465004324913025
14,4,128,18,0.5807250738143921,0.10765523463487625
14,4,128,19,0.5850435495376587,0.1331985592842102
14,4,128,20,0.39003098011016846,0.10206477344036102
14,4,128,21,0.4920477867126465,0.15425710380077362
14,4,128,22,0.5027961730957031,0.21651391685009003
14,4,128,23,0.6072309017181396,0.2712005078792572
14,4,128,24,0.519119381904602,0.1404254287481308
14,4,128,25,0.4368900954723358,0.15908919274806976
14,4,128,26,0.5934864282608032,0.11490902304649353
14,4,128,27,0.45194658637046814,0.1418500691652298
14,4,128,28,0.6537179946899414,0.2863447070121765
14,4,128,29,0.35427725315093994,0.2510407269001007
14,4,128,30,0.6704253554344177,0.321798175573349
14,4,128,31,0.4989961087703705,0.09103912115097046
14,4,128,32,0.4592606723308563,0.1479106843471527
14,4,128,33,0.4546472430229187,0.19387179613113403
14,4,128,34,0.6067455410957336,0.2805195152759552
14,4,128,35,0.29533326625823975,0.07150498032569885
14,4,128,36,0.4166920483112335,0.14874127507209778
14,4,128,37,0.48000428080558777,0.17918339371681213
14,4,128,38,0.5712249279022217,0.15429724752902985
14,4,128,39,0.5852130651473999,0.0940280482172966
14,4,128,40,0.4572361409664154,0.06461405009031296
14,4,128,41,0.39340710639953613,0.09015369415283203
14,4,128,42,0.6232753992080688,0.10956122726202011
14,4,128,43,0.7527447938919067,0.111030213534832
14,4,128,44,0.7055483460426331,0.21935003995895386
14,4,128,45,0.5249180197715759,0.25858792662620544
14,4,128,46,0.6874739527702332,0.05818827077746391
14,4,128,47,0.5729736089706421,0.21775603294372559
14,4,128,48,0.6363128423690796,0.2655949890613556
14,4,128,49,0.5379074215888977,0.11630607396364212
14,4,128,50,0.3542349636554718,0.2792286276817322
14,4,128,51,0.5570901036262512,0.14807267487049103
14,4,128,52,0.6628511548042297,0.23261430859565735
14,4,128,53,0.3561762571334839,0.07868687063455582
14,4,128,54,0.669443666934967,0.09590788930654526
14,4,128,55,0.3428517282009125,0.16328775882720947
14,4,128,56,0.4804443418979645,0.10298489034175873
14,4,128,57,0.46038252115249634,0.1600576788187027
14,4,128,58,0.6370429992675781,0.17229396104812622
14,4,128,59,0.650215208530426,0.2540128231048584
14,4,128,60,0.4892171025276184,0.18799982964992523
14,4,128,61,0.5373710989952087,0.13723891973495483
14,4,128,62,0.6506474614143372,0.09394392371177673
14,4,128,63,0.5843886137008667,0.20132987201213837
14,4,128,64,0.5689272880554199,0.08205226808786392
14,4,128,65,0.4803054630756378,0.2667062282562256
14,4,128,66,0.36252039670944214,0.09039127826690674
14,4,128,67,0.3576687276363373,0.16376642882823944
14,4,128,68,0.7884246110916138,0.07109066843986511
14,4,128,69,0.6878657341003418,0.055493131279945374
14,4,128,70,0.4992634057998657,0.196172297000885
14,4,128,71,0.5849158763885498,0.10716387629508972
14,4,128,72,0.5090199112892151,0.1781570464372635
14,4,128,73,0.6986101865768433,0.12996618449687958
14,4,128,74,0.6064643859863281,0.275247722864151
14,4,128,75,0.4575158953666687,0.12698161602020264
14,4,128,76,0.48001009225845337,0.06503424048423767
14,4,128,77,0.6018345355987549,0.17983676493167877
14,4,128,78,0.3297020196914673,0.1471133828163147
14,4,128,79,0.6022098064422607,0.20260660350322723
14,4,128,80,0.5120784640312195,0.16151949763298035
14,4,128,81,0.5492668151855469,0.16869939863681793
14,4,128,82,0.5141158699989319,0.20781704783439636
14,4,128,83,0.4685068726539612,0.1381487250328064
14,4,128,84,0.3835126757621765,0.08747627586126328
14,4,128,85,0.47246289253234863,0.10092175751924515
14,4,128,86,0.4288308918476105,0.16634225845336914
14,4,128,87,0.5755618810653687,0.10778346657752991
14,4,128,88,0.6115109324455261,0.08822135627269745
14,4,128,89,0.4685175120830536,0.10016240924596786
14,4,128,90,0.4566486179828644,0.13378538191318512
14,4,128,91,0.716566264629364,0.0805540606379509
14,4,128,92,0.7150918245315552,0.24840345978736877
14,4,128,93,0.5211856365203857,0.12476534396409988
14,4,128,94,0.5555747747421265,0.1819426417350769
14,4,128,95,0.6485561728477478,0.16732265055179596
14,4,128,96,0.3965158462524414,0.266541987657547
14,4,128,97,0.5821684002876282,0.2088640034198761
14,4,128,98,0.4402734041213989,0.19202736020088196
14,4,128,99,0.47902238368988037,0.11282781511545181
14,4,128,100,0.6289271116256714,0.10815493762493134
14,4,128,101,0.576866090297699,0.2513115406036377
14,4,128,102,0.5397894978523254,0.08237987011671066
14,4,128,103,0.5647435188293457,0.11455095559358597
14,4,128,104,0.572993814945221,0.1766740381717682
14,4,128,105,0.6812236309051514,0.08447565138339996
14,4,128,106,0.6563246846199036,0.17752544581890106
14,4,128,107,0.6101958155632019,0.0673929899930954
14,4,128,108,0.28996458649635315,0.07784077525138855
14,4,128,109,0.5594029426574707,0.20551209151744843
14,4,128,110,0.6907387971878052,0.15827901661396027
14,4,128,111,0.3671690821647644,0.11944331973791122
14,4,128,112,0.5280517935752869,0.21404610574245453
14,4,128,113,0.4872615337371826,0.10281872004270554
14,4,128,114,0.4372701048851013,0.12480396777391434
14,4,128,115,0.6094740629196167,0.22881987690925598
14,4,128,116,0.6316672563552856,0.1982526034116745
14,4,128,117,0.4207540452480316,0.1590823531150818
14,4,128,118,0.6047404408454895,0.0903036817908287
14,4,128,119,0.6294444799423218,0.24265117943286896
14,4,128,120,0.7063356041908264,0.06739349663257599
14,4,128,121,0.45144927501678467,0.22615572810173035
14,4,128,122,0.6736052632331848,0.2418648600578308
14,4,128,123,0.45799383521080017,0.1907019317150116
14,4,128,124,0.6493182182312012,0.05404023453593254
14,4,128,125,0.48982319235801697,0.12448827177286148
14,4,128,126,0.597378134727478,0.19913382828235626
14,4,128,127,0.4394656717777252,0.1598428338766098
14,5,128,0,0.809521496295929,0.1446743607521057
14,5,128,1,0.84134441614151,0.14744067192077637
14,5,128,2,0.8632898330688477,0.13887913525104523
14,5,128,3,0.7640592455863953,0.24276436865329742
14,5,128,4,0.8841844201087952,0.11383432149887085
14,5,128,5,0.7064019441604614,0.09613238275051117
14,5,128,6,0.8756440877914429,0.14204998314380646
14,5,128,7,0.824706494808197,0.15137410163879395
14,5,128,8,0.7886790633201599,0.08543526381254196
14,5,128,9,0.3547457754611969,0.3959614336490631
14,5,128,10,0.7607088088989258,0.17797626554965973
14,5,128,11,0.7378484010696411,0.07972776889801025
14,5,128,12,0.7033238410949707,0.31208643317222595
14,5,128,13,0.8490197062492371,0.16627483069896698
14,5,128,14,0.766210675239563,0.14419424533843994
14,5,128,15,0.5230692625045776,0.15893620252609253
14,5,128,16,0.871234118938446,0.10570526123046875
14,5,128,17,0.6351459622383118,0.21474769711494446
14,5,128,18,0.6541488766670227,0.1315397322177887
14,5,128,19,0.5195654034614563,0.2299708127975464
14,5,128,20,0.614067792892456,0.13310782611370087
14,5,128,21,0.7368755340576172,0.2173176109790802
14,5,128,22,0.7643625736236572,0.2245880514383316
14,5,128,23,0.8344383835792542,0.14454464614391327
14,5,128,24,0.4604172706604004,0.20670047402381897
14,5,128,25,0.7430430054664612,0.0713566318154335
14,5,128,26,0.8567560911178589,0.11845362931489944
14,5,128,27,0.8352862596511841,0.14677844941616058
14,5,128,28,0.797775387763977,0.17715312540531158
14,5,128,29,0.8660606741905212,0.10630504786968231
14,5,128,30,0.8517048358917236,0.16211138665676117
14,5,128,31,0.40251582860946655,0.2116537243127823
14,5,128,32,0.7349025011062622,0.1384761929512024
14,5,128,33,0.7779598236083984,0.17714957892894745
14,5,128,34,0.8009317517280579,0.19143369793891907
14,5,128,35,0.7372769117355347,0.2701852321624756
14,5,128,36,0.7843090295791626,0.16703838109970093
14,5,128,37,0.8396642804145813,0.15753859281539917
14,5,128,38,0.8697605133056641,0.10314366221427917
14,5,128,39,0.5709272027015686,0.18197140097618103
14,5,128,40,0.29876068234443665,0.2813662588596344
14,5,128,41,0.4791114330291748,0.10755283385515213
14,5,128,42,0.8269331455230713,0.12407760322093964
14,5,128,43,0.7591232061386108,0.22107155621051788
14,5,128,44,0.8586398363113403,0.09030773490667343
14,5,128,45,0.4119470715522766,0.25815343856811523
14,5,128,46,0.5418927669525146,0.17356987297534943
14,5,128,47,0.773950457572937,0.25793495774269104
14,5,128,48,0.8502104878425598,0.13695694506168365
14,5,128,49,0.7389942407608032,0.2518843114376068
14,5,128,50,0.24504058063030243,0.18129536509513855
14,5,128,51,0.6980382800102234,0.29244938492774963
14,5,128,52,0.35940688848495483,0.20542581379413605
14,5,128,53,0.4497990608215332,0.18836787343025208
14,5,128,54,0.8361508250236511,0.10031938552856445
14,5,128,55,0.7744103074073792,0.27042680978775024
14,5,128,56,0.8310158848762512,0.15338017046451569
14,5,128,57,0.8236838579177856,0.1358422040939331
14,5,128,58,0.7656696438789368,0.11627355217933655
14,5,128,59,0.7670584321022034,0.2388434261083603
14,5,128,60,0.7015554904937744,0.07878754287958145
14,5,128,61,0.697296679019928,0.0931074470281601
14,5,128,62,0.8028761148452759,0.15808551013469696
14,5,128,63,0.8014165759086609,0.2051497846841812
14,5,128,64,0.524681568145752,0.09320781379938126
14,5,128,65,0.2538142800331116,0.27728942036628723
14,5,128,66,0.39482763409614563,0.1860649734735489
14,5,128,67,0.3255774974822998,0.28318169713020325
14,5,128,68,0.8384817838668823,0.17562513053417206
14,5,128,69,0.7564271092414856,0.2459058314561844
14,5,128,70,0.2778248190879822,0.31444814801216125
14,5,128,71,0.8552128076553345,0.12531182169914246
14,5,128,72,0.36942654848098755,0.32935866713523865
14,5,128,73,0.7520702481269836,0.2587180733680725
14,5,128,74,0.7547973394393921,0.18513990938663483
14,5,128,75,0.8094009757041931,0.15569482743740082
14,5,128,76,0.7439827919006348,0.18904194235801697
14,5,128,77,0.876671314239502,0.09174468368291855
14,5,128,78,0.7881060242652893,0.15050525963306427
14,5,128,79,0.7610360383987427,0.08464757353067398
14,5,128,80,0.8548557758331299,0.12137074768543243
14,5,128,81,0.4854195713996887,0.20983226597309113
14,5,128,82,0.6962674856185913,0.33858245611190796
14,5,128,83,0.788600504398346,0.08034417778253555
14,5,128,84,0.576270580291748,0.05614989250898361
14,5,128,85,0.6105057597160339,0.15168531239032745
14,5,128,86,0.7487301826477051,0.1979568600654602
14,5,128,87,0.7304778099060059,0.2428659349679947
14,5,128,88,0.7492354512214661,0.2345949411392212
14,5,128,89,0.7748150825500488,0.09672848135232925
14,5,128,90,0.5856732130050659,0.12755565345287323
14,5,128,91,0.3202243447303772,0.26988670229911804
14,5,128,92,0.7447630167007446,0.26917433738708496
14,5,128,93,0.7781566381454468,0.20596881210803986
14,5,128,94,0.4155777096748352,0.2816615700721741
14,5,128,95,0.8687217235565186,0.11672888696193695
14,5,128,96,0.3873424828052521,0.3305549621582031
14,5,128,97,0.7300634980201721,0.27421706914901733
14,5,128,98,0.6022828221321106,0.2770806550979614
14,5,128,99,0.7195387482643127,0.13334086537361145
14,5,128,100,0.7476586103439331,0.18982720375061035
14,5,128,101,0.6280372142791748,0.11398205161094666
14,5,128,102,0.8106628656387329,0.17942309379577637
14,5,128,103,0.8338767886161804,0.118560791015625
14,5,128,104,0.7136982083320618,0.11601874977350235
14,5,128,105,0.7146279811859131,0.10756601393222809
14,5,128,106,0.7816557288169861,0.23783951997756958
14,5,128,107,0.8141879439353943,0.1955055445432663
14,5,128,108,0.8026731014251709,0.08029062300920486
14,5,128,109,0.9005232453346252,0.08884309232234955
14,5,128,110,0.8072158694267273,0.17949111759662628
14,5,128,111,0.4444018304347992,0.3265661299228668
14,5,128,112,0.887416660785675,0.10323826968669891
14,5,128,113,0.3042783737182617,0.34152886271476746
14,5,128,114,0.5947540998458862,0.11537425220012665
14,5,128,115,0.7744988203048706,0.23513759672641754
14,5,128,116,0.7632495760917664,0.23802025616168976
14,5,128,117,0.5541362166404724,0.12833258509635925
14,5,128,118,0.7891325354576111,0.2226029634475708
14,5,128,119,0.4609319567680359,0.10783670842647552
14,5,128,120,0.8125489354133606,0.18742911517620087
14,5,128,121,0.7624714970588684,0.08756715059280396
14,5,128,122,0.768478274345398,0.1390753984451294
14,5,128,123,0.8037558197975159,0.15520413219928741
14,5,128,124,0.7736223340034485,0.21804842352867126
14,5,128,125,0.621867299079895,0.09058317542076111
14,5,128,126,0.3148811161518097,0.3391611576080322
14,5,128,127,0.8270450830459595,0.13723038136959076
15,0,32,0,0.5557559132575989,0.06060481444001198
15,0,32,1,0.5802916288375854,0.06652889400720596
15,0,32,2,0.5158095359802246,0.04245571419596672
15,0,32,3,0.5060195326805115,0.029272669926285744
15,0,32,4,0.26567474007606506,0.08918693661689758
15,0,32,5,0.4401419162750244,0.049824126064777374
15,0,32,6,0.4699097275733948,0.05301593989133835
15,0,32,7,0.26287493109703064,0.09304385632276535
15,0,32,8,0.5285009145736694,0.03807723522186279
15,0,32,9,0.5179829001426697,0.0809074193239212
15,0,32,10,0.5349571108818054,0.041965410113334656
15,0,32,11,0.6553792357444763,0.0680164247751236
15,0,32,12,0.3668794333934784,0.04314640536904335
15,0,32,13,0.553045928478241,0.04470311105251312
15,0,32,14,0.4824507534503937,0.04379769787192345
15,0,32,15,0.52187579870224,0.03377540037035942
15,0,32,16,0.6280524134635925,0.034394558519124985
15,0,32,17,0.5246255993843079,0.06186661124229431
15,0,32,18,0.5369961857795715,0.05305378511548042
15,0,32,19,0.4021928012371063,0.06398258358240128
15,0,32,20,0.4529067277908325,0.05085428059101105
15,0,32,21,0.4494316279888153,0.07325330376625061
15,0,32,22,0.5901206135749817,0.055106617510318756
15,0,32,23,0.576470136642456,0.039300139993429184
15,0,32,24,0.5715522170066833,0.055469125509262085
15,0,32,25,0.3928650915622711,0.05327283591032028
15,0,32,26,0.3734756112098694,0.06406243145465851
15,0,32,27,0.6300233006477356,0.08517027646303177
15,0,32,28,0.5950219035148621,0.08995230495929718
15,0,32,29,0.49506551027297974,0.07582807540893555
15,0,32,30,0.4455159306526184,0.025151429697871208
15,0,32,31,0.40848472714424133,0.026179971173405647
15,1,32,0,0.5805954337120056,0.07454966008663177
15,1,32,1,0.2808123826980591,0.10182381421327591
15,1,32,2,0.5179386138916016,0.08830022066831589
15,1,32,3,0.4740876257419586,0.19309580326080322
15,1,32,4,0.47963955998420715,0.19205664098262787
15,1,32,5,0.49832233786582947,0.1087932214140892
15,1,32,6,0.3105792999267578,0.1087782010436058
15,1,32,7,0.5855349898338318,0.15798835456371307
15,1,32,8,0.47701114416122437,0.2140955775976181
15,1,32,9,0.41852444410324097,0.17483651638031006
15,1,32,10,0.46038293838500977,0.1424982249736786
15,1,32,11,0.6143229603767395,0.2874838411808014
15,1,32,12,0.7350077629089355,0.08124136924743652
15,1,32,13,0.40231752395629883,0.0723770335316658
15,1,32,14,0.6955992579460144,0.09033112972974777
15,1,32,15,0.5175759792327881,0.07602212578058243
15,1,32,16,0.5060920119285583,0.11766479164361954
15,1,32,17,0.4743327796459198,0.08146876096725464
15,1,32,18,0.48815658688545227,0.09518186002969742
15,1,32,19,0.5081239938735962,0.10597146302461624
15,1,32,20,0.33981332182884216,0.06218680366873741
15,1,32,21,0.516322672367096,0.10005930066108704
15,1,32,22,0.4920040965080261,0.18766890466213226
15,1,32,23,0.5693454146385193,0.10705704241991043
15,1,32,24,0.37638533115386963,0.12962447106838226
15,1,32,25,0.5231893062591553,0.1410607099533081
15,1,32,26,0.390127032995224,0.17733649909496307
15,1,32,27,0.5783572793006897,0.060655154287815094
15,1,32,28,0.37369856238365173,0.04808347299695015
15,1,32,29,0.3904944360256195,0.09584324806928635
15,1,32,30,0.6506309509277344,0.0685575008392334
15,1,32,31,0.4986746907234192,0.039743613451719284
15,2,64,0,0.502473771572113,0.0828678235411644
15,2,64,1,0.41367438435554504,0.12660367786884308
15,2,64,2,0.6196872591972351,0.10702193528413773
15,2,64,3,0.4429939091205597,0.061390262097120285
15,2,64,4,0.62595534324646,0.11561667174100876
15,2,64,5,0.5063326954841614,0.14194531738758087
15,2,64,6,0.6185269951820374,0.13339340686798096
15,2,64,7,0.47722306847572327,0.1803574562072754
15,2,64,8,0.4404715597629547,0.1927545666694641
15,2,64,9,0.5232983231544495,0.16148780286312103
15,2,64,10,0.4795945882797241,0.14103016257286072
15,2,64,11,0.47599852085113525,0.0644804909825325
15,2,64,12,0.4797374904155731,0.15719377994537354
15,2,64,13,0.374324768781662,0.12834511697292328
15,2,64,14,0.5611504912376404,0.19100576639175415
15,2,64,15,0.4513644874095917,0.17572803795337677
15,2,64,16,0.3930234909057617,0.1172323077917099
15,2,64,17,0.6197249889373779,0.15897685289382935
15,2,64,18,0.5295187830924988,0.17749543488025665
15,2,64,19,0.6556382179260254,0.13601559400558472
15,2,64,20,0.4919850826263428,0.09613209217786789
15,2,64,21,0.37570860981941223,0.13870634138584137
15,2,64,22,0.43128377199172974,0.1271844059228897
15,2,64,23,0.45097920298576355,0.07537131011486053
15,2,64,24,0.623591959476471,0.09097568690776825
15,2,64,25,0.3951929211616516,0.11658602952957153
15,2,64,26,0.5380268096923828,0.1364595592021942
15,2,64,27,0.4204610288143158,0.1656821370124817
15,2,64,28,0.5183414220809937,0.11343918740749359
15,2,64,29,0.4293854236602783,0.1632205992937088
15,2,64,30,0.4772510528564453,0.18818019330501556
15,2,64,31,0.454545259475708,0.17697244882583618
15,2,64,32,0.688677191734314,0.08490195125341415
15,2,64,33,0.515289306640625,0.1411328762769699
15,2,64,34,0.45960724353790283,0.11752951145172119
15,2,64,35,0.3794981837272644,0.101712167263031
15,2,64,36,0.5309707522392273,0.1763220727443695
15,2,64,37,0.44009914994239807,0.07191731035709381
15,2,64,38,0.553845226764679,0.09521062672138214
15,2,64,39,0.34292072057724,0.09025001525878906
15,2,64,40,0.563163697719574,0.13084915280342102
15,2,64,41,0.387137234210968,0.08118120580911636
15,2,64,42,0.5659673810005188,0.15522481501102448
15,2,64,43,0.6278823018074036,0.13404016196727753
15,2,64,44,0.505833625793457,0.20559728145599365
15,2,64,45,0.500645101070404,0.07583524286746979
15,2,64,46,0.5010713934898376,0.12138187140226364
15,2,64,47,0.4261208474636078,0.14299318194389343
15,2,64,48,0.550226628780365,0.1533917784690857
15,2,64,49,0.4379929304122925,0.21200670301914215
15,2,64,50,0.5397796630859375,0.15968725085258484
15,2,64,51,0.4133102595806122,0.07704132795333862
15,2,64,52,0.41151106357574463,0.07298324257135391
15,2,64,53,0.503868579864502,0.0821332037448883
15,2,64,54,0.5304578542709351,0.07939406484365463
15,2,64,55,0.5762539505958557,0.17189909517765045
15,2,64,56,0.5043240189552307,0.10017678886651993
15,2,64,57,0.5213609337806702,0.09625151753425598
15,2,64,58,0.5522506237030029,0.20176798105239868
15,2,64,59,0.6308448910713196,0.09567167609930038
15,2,64,60,0.5266307592391968,0.12298750877380371
15,2,64,61,0.5594222545623779,0.07741561532020569
15,2,64,62,0.45805802941322327,0.06927928328514099
15,2,64,63,0.5282290577888489,0.14095886051654816
15,3,64,0,0.48189178109169006,0.27716895937919617
15,3,64,1,0.4949468970298767,0.1728360652923584
15,3,64,2,0.534394383430481,0.094428651034832
15,3,64,3,0.6160142421722412,0.15851591527462006
15,3,64,4,0.47069722414016724,0.24060700833797455
15,3,64,5,0.32880792021751404,0.08617616444826126
15,3,64,6,0.4978063404560089,0.2877323627471924
15,3,64,7,0.35632842779159546,0.1481916755437851
15,3,64,8,0.6634790897369385,0.2508639991283417
15,3,64,9,0.517129123210907,0.28903928399086
15,3,64,10,0.39708656072616577,0.23404069244861603
15,3,64,11,0.4620806574821472,0.10613463073968887
15,3,64,12,0.5224153995513916,0.1358751803636551
15,3,64,13,0.33413663506507874,0.09916409850120544
15,3,64,14,0.6161360740661621,0.2541479170322418
15,3,64,15,0.460729718208313,0.11138339340686798
15,3,64,16,0.5575509667396545,0.1536732316017151
15,3,64,17,0.5473055243492126,0.25708988308906555
15,3,64,18,0.3529549241065979,0.10656557232141495
15,3,64,19,0.6322058439254761,0.15370959043502808
15,3,64,20,0.4342859387397766,0.3021209239959717
15,3,64,21,0.407914400100708,0.13213451206684113
15,3,64,22,0.5029218792915344,0.1125369742512703
15,3,64,23,0.48867717385292053,0.11295102536678314
15,3,64,24,0.30832338333129883,0.11133559048175812
15,3,64,25,0.5130214691162109,0.2569027245044708
15,3,64,26,0.4750324785709381,0.09166079014539719
15,3,64,27,0.5615438222885132,0.13157953321933746
15,3,64,28,0.5541988611221313,0.20401766896247864
15,3,64,29,0.6481031179428101,0.1721000373363495
15,3,64,30,0.5627726316452026,0.29601210355758667
15,3,64,31,0.268311083316803,0.13420002162456512
15,3,64,32,0.5803949236869812,0.22996853291988373
15,3,64,33,0.2695772647857666,0.11157632619142532
15,3,64,34,0.5043857097625732,0.14857468008995056
15,3,64,35,0.38567981123924255,0.12551158666610718
15,3,64,36,0.5441080331802368,0.23064975440502167
15,3,64,37,0.6182473301887512,0.07156983017921448
15,3,64,38,0.5711870193481445,0.12333038449287415
15,3,64,39,0.7070304155349731,0.16436585783958435
15,3,64,40,0.5454906821250916,0.07390347868204117
15,3,64,41,0.30056318640708923,0.0783919021487236
15,3,64,42,0.6099750995635986,0.10456445068120956
15,3,64,43,0.6279386878013611,0.30371978878974915
15,3,64,44,0.509178638458252,0.2961984872817993
15,3,64,45,0.35612449049949646,0.09411893784999847
15,3,64,46,0.6902168989181519,0.09476564824581146
15,3,64,47,0.5367699265480042,0.22563232481479645
15,3,64,48,0.33582282066345215,0.0945894867181778
15,3,64,49,0.7456669807434082,0.1166153997182846
15,3,64,50,0.41537365317344666,0.13860170543193817
15,3,64,51,0.647037148475647,0.17230106890201569
15,3,64,52,0.4066919684410095,0.1769741326570511
15,3,64,53,0.6306593418121338,0.14238587021827698
15,3,64,54,0.3902062773704529,0.10990730673074722
15,3,64,55,0.5647292137145996,0.13267995417118073
15,3,64,56,0.561244785785675,0.1892344057559967
15,3,64,57,0.43078377842903137,0.14728601276874542
15,3,64,58,0.43168875575065613,0.3376164138317108
15,3,64,59,0.45879197120666504,0.2392081469297409
15,3,64,60,0.45280545949935913,0.10575904697179794
15,3,64,61,0.5629409551620483,0.3988540470600128
15,3,64,62,0.5656636357307434,0.16339647769927979
15,3,64,63,0.42232075333595276,0.27017742395401
15,4,128,0,0.7373730540275574,0.11290038377046585
15,4,128,1,0.6805101633071899,0.266264408826828
15,4,128,2,0.48179152607917786,0.12640279531478882
15,4,128,3,0.39447346329689026,0.30289536714553833
15,4,128,4,0.5953537225723267,0.0898834615945816
15,4,128,5,0.45240268111228943,0.23085378110408783
15,4,128,6,0.37169545888900757,0.10238943248987198
15,4,128,7,0.6081196665763855,0.3067992925643921
15,4,128,8,0.5263655185699463,0.22886718809604645
15,4,128,9,0.5182573795318604,0.17525342106819153
15,4,128,10,0.6272889971733093,0.258422315120697
15,4,128,11,0.48147642612457275,0.1382095366716385
15,4,128,12,0.6519591808319092,0.28371134400367737
15,4,128,13,0.5636318922042847,0.23947149515151978
15,4,128,14,0.3745841681957245,0.274191677570343
15,4,128,15,0.5696998834609985,0.22804537415504456
15,4,128,16,0.449735552072525,0.17956897616386414
15,4,128,17,0.5849087238311768,0.10751012712717056
15,4,128,18,0.6427319645881653,0.14787112176418304
15,4,128,19,0.63057541847229,0.15213721990585327
15,4,128,20,0.5569584965705872,0.21925409138202667
15,4,128,21,0.2821984887123108,0.1222357526421547
15,4,128,22,0.4799826741218567,0.23922285437583923
15,4,128,23,0.49270039796829224,0.18365611135959625
15,4,128,24,0.5189113616943359,0.19103792309761047
15,4,128,25,0.6866629123687744,0.1984083354473114
15,4,128,26,0.6013578176498413,0.1843557357788086
15,4,128,27,0.6211490035057068,0.15095840394496918
15,4,128,28,0.5753756761550903,0.1313314586877823
15,4,128,29,0.6230707764625549,0.2660571336746216
15,4,128,30,0.5768177509307861,0.31435924768447876
15,4,128,31,0.643938422203064,0.20743124186992645
15,4,128,32,0.4556034207344055,0.2926225960254669
15,4,128,33,0.5643290281295776,0.26712068915367126
15,4,128,34,0.49090126156806946,0.20730231702327728
15,4,128,35,0.5400025844573975,0.2285708338022232
15,4,128,36,0.5087844729423523,0.1579391211271286
15,4,128,37,0.5989575386047363,0.23141366243362427
15,4,128,38,0.518833577632904,0.17314687371253967
15,4,128,39,0.4037395417690277,0.2357708364725113
15,4,128,40,0.6021730899810791,0.2844173312187195
15,4,128,41,0.7290339469909668,0.20973901450634003
15,4,128,42,0.43023112416267395,0.2259008139371872
15,4,128,43,0.48012641072273254,0.22355374693870544
15,4,128,44,0.5536683201789856,0.22670374810695648
15,4,128,45,0.590726912021637,0.28315725922584534
15,4,128,46,0.3880137503147125,0.2754055857658386
15,4,128,47,0.44075456261634827,0.21666455268859863
15,4,128,48,0.5774426460266113,0.14551196992397308
15,4,128,49,0.45691004395484924,0.2851812541484833
15,4,128,50,0.5487064123153687,0.2103528380393982
15,4,128,51,0.5957162380218506,0.20741042494773865
15,4,128,52,0.4559178054332733,0.30553358793258667
15,4,128,53,0.6014692187309265,0.2975558638572693
15,4,128,54,0.43203508853912354,0.14858496189117432
15,4,128,55,0.4572736322879791,0.20279735326766968
15,4,128,56,0.5814671516418457,0.2177334576845169
15,4,128,57,0.6559047102928162,0.2364940345287323
15,4,128,58,0.6946370005607605,0.2463856190443039
15,4,128,59,0.5667481422424316,0.19281543791294098
15,4,128,60,0.37698379158973694,0.07843051850795746
15,4,128,61,0.6722814440727234,0.1571940779685974
15,4,128,62,0.5647169947624207,0.19743165373802185
15,4,128,63,0.7700973749160767,0.1109783872961998
15,4,128,64,0.5720728039741516,0.23574243485927582
15,4,128,65,0.49687460064888,0.28092798590660095
15,4,128,66,0.39232534170150757,0.22896775603294373
15,4,128,67,0.5052956938743591,0.20617547631263733
15,4,128,68,0.43709462881088257,0.1477949023246765
15,4,128,69,0.5621583461761475,0.2567036747932434
15,4,128,70,0.5510897040367126,0.28473636507987976
15,4,128,71,0.4212876260280609,0.1620033234357834
15,4,128,72,0.5251671671867371,0.17125001549720764
15,4,128,73,0.5450753569602966,0.23335492610931396
15,4,128,74,0.5112544298171997,0.167040154337883
15,4,128,75,0.5566065311431885,0.23448395729064941
15,4,128,76,0.3743468225002289,0.2577209770679474
15,4,128,77,0.37722769379615784,0.21790705621242523
15,4,128,78,0.3214782178401947,0.13101735711097717
15,4,128,79,0.5665041208267212,0.22132833302021027
15,4,128,80,0.38645920157432556,0.25892966985702515
15,4,128,81,0.6358020901679993,0.2337297648191452
15,4,128,82,0.6209434270858765,0.2029208391904831
15,4,128,83,0.38929134607315063,0.23233197629451752
15,4,128,84,0.7034815549850464,0.14461299777030945
15,4,128,85,0.5727100372314453,0.24021486937999725
15,4,128,86,0.6829459071159363,0.11932050436735153
15,4,128,87,0.6106888055801392,0.24847151339054108
15,4,128,88,0.6463849544525146,0.17545855045318604
15,4,128,89,0.6409552693367004,0.13855090737342834
15,4,128,90,0.4991457462310791,0.19619646668434143
15,4,128,91,0.6854678988456726,0.09830712527036667
15,4,128,92,0.5132874250411987,0.17393097281455994
15,4,128,93,0.544336199760437,0.1336010992527008
15,4,128,94,0.5035037398338318,0.23455536365509033
15,4,128,95,0.6021872162818909,0.14658097922801971
15,4,128,96,0.4994139075279236,0.24375948309898376
15,4,128,97,0.5633353590965271,0.2958570122718811
15,4,128,98,0.5315253734588623,0.23488308489322662
15,4,128,99,0.42743104696273804,0.20552271604537964
15,4,128,100,0.5470840930938721,0.30664435029029846
15,4,128,101,0.5884329080581665,0.27925437688827515
15,4,128,102,0.5382819771766663,0.16791582107543945
15,4,128,103,0.535336434841156,0.16742728650569916
15,4,128,104,0.6439915299415588,0.1379316747188568
15,4,128,105,0.4387607276439667,0.1341303288936615
15,4,128,106,0.6689417958259583,0.22699876129627228
15,4,128,107,0.36280208826065063,0.12511242926120758
15,4,128,108,0.4705145061016083,0.24952495098114014
15,4,128,109,0.6014794111251831,0.2583373486995697
15,4,128,110,0.5808556079864502,0.249886155128479
15,4,128,111,0.6329052448272705,0.15085187554359436
15,4,128,112,0.6042201519012451,0.1568232625722885
15,4,128,113,0.5031440854072571,0.17560026049613953
15,4,128,114,0.6588627099990845,0.21554912626743317
15,4,128,115,0.5108692646026611,0.20397095382213593
15,4,128,116,0.5155132412910461,0.04883304983377457
15,4,128,117,0.38710692524909973,0.2671697437763214
15,4,128,118,0.5142787098884583,0.243996262550354
15,4,128,119,0.5348038673400879,0.12894554436206818
15,4,128,120,0.5284467935562134,0.24111407995224
15,4,128,121,0.6498891711235046,0.16065649688243866
15,4,128,122,0.6214000582695007,0.2822587788105011
15,4,128,123,0.5984142422676086,0.2945239245891571
15,4,128,124,0.542464017868042,0.13478168845176697
15,4,128,125,0.4094257652759552,0.06573282182216644
15,4,128,126,0.6587183475494385,0.22312964498996735
15,4,128,127,0.5560639500617981,0.2713894546031952
15,5,128,0,0.6486581563949585,0.08940185606479645
15,5,128,1,0.8717812299728394,0.11263573169708252
15,5,128,2,0.635875940322876,0.16782057285308838
15,5,128,3,0.6377297043800354,0.18113009631633759
15,5,128,4,0.4036312997341156,0.37844783067703247
15,5,128,5,0.9038544297218323,0.10103654861450195
15,5,128,6,0.6854934096336365,0.1383930742740631
15,5,128,7,0.8401726484298706,0.18889828026294708
15,5,128,8,0.7997441291809082,0.1827784776687622
15,5,128,9,0.7972530722618103,0.25009721517562866
15,5,128,10,0.8201531171798706,0.2446860522031784
15,5,128,11,0.852584183216095,0.11168436706066132
15,5,128,12,0.9103148579597473,0.1043926402926445
15,5,128,13,0.40830379724502563,0.2626194953918457
15,5,128,14,0.7588103413581848,0.2978828251361847
15,5,128,15,0.8941572308540344,0.10481423884630203
15,5,128,16,0.784381628036499,0.23553597927093506
15,5,128,17,0.786896288394928,0.13964393734931946
15,5,128,18,0.8719684481620789,0.14958415925502777
15,5,128,19,0.887140691280365,0.13621996343135834
15,5,128,20,0.754325807094574,0.314920574426651
15,5,128,21,0.3937707543373108,0.30704692006111145
15,5,128,22,0.7646984457969666,0.3081696927547455
15,5,128,23,0.8921409845352173,0.09859403967857361
15,5,128,24,0.5149118304252625,0.19580160081386566
15,5,128,25,0.9047178030014038,0.0963653028011322
15,5,128,26,0.9203802347183228,0.08012169599533081
15,5,128,27,0.851761519908905,0.11272723972797394
15,5,128,28,0.5997510552406311,0.17592374980449677
15,5,128,29,0.8174815773963928,0.27767789363861084
15,5,128,30,0.8679808378219604,0.16464544832706451
15,5,128,31,0.8639531135559082,0.11939574778079987
15,5,128,32,0.7335657477378845,0.21897466480731964
15,5,128,33,0.7896041870117188,0.24479834735393524
15,5,128,34,0.7632513046264648,0.27581197023391724
15,5,128,35,0.5791978240013123,0.09576970338821411
15,5,128,36,0.8151752948760986,0.20394925773143768
15,5,128,37,0.811225175857544,0.07441142946481705
15,5,128,38,0.6019514203071594,0.07641277462244034
15,5,128,39,0.5886766910552979,0.21335308253765106
15,5,128,40,0.6212184429168701,0.07046649605035782
15,5,128,41,0.8026624917984009,0.2752656638622284
15,5,128,42,0.7225340604782104,0.2123824954032898
15,5,128,43,0.49597883224487305,0.12006258964538574
15,5,128,44,0.8506015539169312,0.13038945198059082
15,5,128,45,0.8435515761375427,0.20472989976406097
15,5,128,46,0.611616313457489,0.13770145177841187
15,5,128,47,0.6792178153991699,0.14718018472194672
15,5,128,48,0.8434023857116699,0.1683920919895172
15,5,128,49,0.30243605375289917,0.3108414113521576
15,5,128,50,0.8262835144996643,0.19393610954284668
15,5,128,51,0.7024419903755188,0.3067748546600342
15,5,128,52,0.37148773670196533,0.16825959086418152
15,5,128,53,0.780824601650238,0.24036501348018646
15,5,128,54,0.44510579109191895,0.28810974955558777
15,5,128,55,0.33878299593925476,0.3628837466239929
15,5,128,56,0.8739364147186279,0.13134661316871643
15,5,128,57,0.8116766214370728,0.1550779938697815
15,5,128,58,0.8217852115631104,0.18510273098945618
15,5,128,59,0.9067454934120178,0.08814343065023422
15,5,128,60,0.8089019656181335,0.08854827284812927
15,5,128,61,0.8599070310592651,0.10310211032629013
15,5,128,62,0.8592909574508667,0.16292162239551544
15,5,128,63,0.7942121028900146,0.22955355048179626
15,5,128,64,0.40979644656181335,0.17271476984024048
15,5,128,65,0.32624998688697815,0.24053199589252472
15,5,128,66,0.8563043475151062,0.13833428919315338
15,5,128,67,0.8122988939285278,0.14446738362312317
15,5,128,68,0.8754140138626099,0.1106208935379982
15,5,128,69,0.8411614298820496,0.1788712441921234
15,5,128,70,0.8837449550628662,0.11993025243282318
15,5,128,71,0.851752519607544,0.13594886660575867
15,5,128,72,0.3463745713233948,0.26671847701072693
15,5,128,73,0.3287035822868347,0.3599023222923279
15,5,128,74,0.8220946192741394,0.19908741116523743
15,5,128,75,0.7651854753494263,0.21769513189792633
15,5,128,76,0.6582621335983276,0.13855747878551483
15,5,128,77,0.8350750803947449,0.13748425245285034
15,5,128,78,0.7758014798164368,0.26672783493995667
15,5,128,79,0.6949016451835632,0.345613956451416
15,5,128,80,0.8042863607406616,0.2671879231929779
15,5,128,81,0.7914349436759949,0.26186060905456543
15,5,128,82,0.8779765367507935,0.10681085288524628
15,5,128,83,0.2931831181049347,0.12786144018173218
15,5,128,84,0.8662685751914978,0.07796930521726608
15,5,128,85,0.8164277076721191,0.16756752133369446
15,5,128,86,0.785340428352356,0.21213069558143616
15,5,128,87,0.7754032015800476,0.305065393447876
15,5,128,88,0.8419015407562256,0.19180189073085785
15,5,128,89,0.857744038105011,0.17379091680049896
15,5,128,90,0.836097776889801,0.1438423991203308
15,5,128,91,0.9165468215942383,0.08397630602121353
15,5,128,92,0.8726814389228821,0.10317929834127426
15,5,128,93,0.563054084777832,0.2220279425382614
15,5,128,94,0.8787076473236084,0.09441549330949783
15,5,128,95,0.2615872323513031,0.275642067193985
15,5,128,96,0.43381467461586,0.2014586478471756
15,5,128,97,0.7915400266647339,0.24861390888690948
15,5,128,98,0.5826945304870605,0.16913914680480957
15,5,128,99,0.7517535090446472,0.3198520839214325
15,5,128,100,0.9247218370437622,0.09803757816553116
15,5,128,101,0.357808381319046,0.3237154483795166
15,5,128,102,0.9065358638763428,0.10584549605846405
15,5,128,103,0.8638501763343811,0.0786183699965477
15,5,128,104,0.8058702349662781,0.2651040256023407
15,5,128,105,0.37991222739219666,0.19701291620731354
15,5,128,106,0.8721710443496704,0.16446292400360107
15,5,128,107,0.7646271586418152,0.07908672094345093
15,5,128,108,0.825131893157959,0.19226707518100739
15,5,128,109,0.8879648447036743,0.1368950754404068
15,5,128,110,0.733801543712616,0.3138406276702881
15,5,128,111,0.8819766044616699,0.1215834766626358
15,5,128,112,0.5556187629699707,0.20203855633735657
15,5,128,113,0.3599976599216461,0.18269436061382294
15,5,128,114,0.7980358004570007,0.25210675597190857
15,5,128,115,0.726394772529602,0.3025093078613281
15,5,128,116,0.6206657886505127,0.23565030097961426
15,5,128,117,0.7681025862693787,0.2927969992160797
15,5,128,118,0.7678566575050354,0.07455869764089584
15,5,128,119,0.8226739764213562,0.21606332063674927
15,5,128,120,0.8987095355987549,0.08358430862426758
15,5,128,121,0.5687069296836853,0.10003948956727982
15,5,128,122,0.320108026266098,0.33811259269714355
15,5,128,123,0.9072310924530029,0.10457099229097366
15,5,128,124,0.8673900365829468,0.16274899244308472
15,5,128,125,0.7941035032272339,0.2770988941192627
15,5,128,126,0.8120509386062622,0.21352094411849976
15,5,128,127,0.7452606558799744,0.31809645891189575
16,0,32,0,0.4724651277065277,0.20509251952171326
16,0,32,1,0.6647798418998718,0.09173143655061722
16,0,32,2,0.3755532503128052,0.13398003578186035
16,0,32,3,0.4536530673503876,0.11066854745149612
16,0,32,4,0.47011733055114746,0.11630423367023468
16,0,32,5,0.432081401348114,0.17260901629924774
16,0,32,6,0.39787644147872925,0.16373039782047272
16,0,32,7,0.5259669423103333,0.09863319993019104
16,0,32,8,0.5220328569412231,0.09338359534740448
16,0,32,9,0.4355732202529907,0.1150779128074646
16,0,32,10,0.27235326170921326,0.10407188534736633
16,0,32,11,0.33767732977867126,0.1130819320678711
16,0,32,12,0.5222916007041931,0.04804770275950432
16,0,32,13,0.31386348605155945,0.07367977499961853
16,0,32,14,0.5056227445602417,0.18555815517902374
16,0,32,15,0.5909023284912109,0.1113612949848175
16,0,32,16,0.5604252815246582,0.12206821143627167
16,0,32,17,0.6438582539558411,0.04793012514710426
16,0,32,18,0.3594118058681488,0.042223528027534485
16,0,32,19,0.5699934363365173,0.14977513253688812
16,0,32,20,0.4502965807914734,0.11877703666687012
16,0,32,21,0.4390641450881958,0.10135263204574585
16,0,32,22,0.5427786111831665,0.0687367394566536
16,0,32,23,0.6900840997695923,0.10226207971572876
16,0,32,24,0.5959621071815491,0.10075968503952026
16,0,32,25,0.5841108560562134,0.17781580984592438
16,0,32,26,0.5884365439414978,0.09415773302316666
16,0,32,27,0.4127422273159027,0.15176169574260712
16,0,32,28,0.5047072768211365,0.22806775569915771
16,0,32,29,0.6156876683235168,0.07567311823368073
16,0,32,30,0.6158015131950378,0.11625986546278
16,0,32,31,0.3283418118953705,0.12872174382209778
16,1,32,0,0.4941215217113495,0.0635211318731308
16,1,32,1,0.6253905892372131,0.15949603915214539
16,1,32,2,0.6634839773178101,0.08905128389596939
16,1,32,3,0.43075647950172424,0.13949565589427948
16,1,32,4,0.4262697100639343,0.10682864487171173
16,1,32,5,0.46317043900489807,0.22176438570022583
16,1,32,6,0.5930885076522827,0.15430386364459991
16,1,32,7,0.37979915738105774,0.06762836873531342
16,1,32,8,0.5208728313446045,0.23224100470542908
16,1,32,9,0.635314404964447,0.12344712764024734
16,1,32,10,0.5664317011833191,0.25939223170280457
16,1,32,11,0.43270739912986755,0.12476399540901184
16,1,32,12,0.5017823576927185,0.29296526312828064
16,1,32,13,0.5923745036125183,0.2534826397895813
16,1,32,14,0.4660332202911377,0.051898468285799026
16,1,32,15,0.45108604431152344,0.13399332761764526
16,1,32,16,0.6031957268714905,0.09665758162736893
16,1,32,17,0.5832635760307312,0.16529279947280884
16,1,32,18,0.6743072867393494,0.09807109087705612
16,1,32,19,0.6469037532806396,0.07432976365089417
16,1,32,20,0.40497931838035583,0.09688898175954819
16,1,32,21,0.5170872211456299,0.12699860334396362
16,1,32,22,0.3122541010379791,0.12027312815189362
16,1,32,23,0.45798468589782715,0.1317332535982132
16,1,32,24,0.40679672360420227,0.14828185737133026
16,1,32,25,0.6256462931632996,0.13677158951759338
16,1,32,26,0.4219942092895508,0.1722215712070465
16,1,32,27,0.4217948317527771,0.10916060954332352
16,1,32,28,0.47959691286087036,0.11969956755638123
16,1,32,29,0.43908631801605225,0.07594292610883713
16,1,32,30,0.4217575788497925,0.04483308643102646
16,1,32,31,0.3539704382419586,0.08029904961585999
16,2,64,0,0.5287865400314331,0.16260625422000885
16,2,64,1,0.34072345495224,0.08716526627540588
16,2,64,2,0.5998049974441528,0.2051149606704712
16,2,64,3,0.6822655200958252,0.11380182206630707
16,2,64,4,0.6437929272651672,0.09046033024787903
16,2,64,5,0.42752715945243835,0.22368298470973969
16,2,64,6,0.5974981784820557,0.1517152339220047
16,2,64,7,0.4960338771343231,0.13786627352237701
16,2,64,8,0.47033336758613586,0.20702478289604187
16,2,64,9,0.4911196231842041,0.11459456384181976
16,2,64,10,0.5390321016311646,0.1328439712524414
16,2,64,11,0.6679796576499939,0.2547439634799957
16,2,64,12,0.541023850440979,0.23008161783218384
16,2,64,13,0.5876224040985107,0.09633772075176239
16,2,64,14,0.5299667716026306,0.2537596523761749
16,2,64,15,0.5247487425804138,0.13001665472984314
16,2,64,16,0.45262274146080017,0.21145963668823242
16,2,64,17,0.514578640460968,0.23983177542686462
16,2,64,18,0.5811635851860046,0.1581140160560608
16,2,64,19,0.3244993984699249,0.18343336880207062
16,2,64,20,0.6845207810401917,0.08543934673070908
16,2,64,21,0.553551197052002,0.1686634123325348
16,2,64,22,0.3807118833065033,0.11164190620183945
16,2,64,23,0.5079869627952576,0.24091283977031708
16,2,64,24,0.5217956900596619,0.12396702915430069
16,2,64,25,0.6200768351554871,0.18577107787132263
16,2,64,26,0.6715404987335205,0.1612667739391327
16,2,64,27,0.5455175638198853,0.3413066267967224
16,2,64,28,0.4768667221069336,0.21642911434173584
16,2,64,29,0.42922309041023254,0.172662615776062
16,2,64,30,0.5153825879096985,0.28167545795440674
16,2,64,31,0.36284250020980835,0.16108904778957367
16,2,64,32,0.48709142208099365,0.14433839917182922
16,2,64,33,0.6278659701347351,0.167334645986557
16,2,64,34,0.41938912868499756,0.11996554583311081
16,2,64,35,0.3924306333065033,0.16636154055595398
16,2,64,36,0.3868916928768158,0.1447557806968689
16,2,64,37,0.6246802806854248,0.12316933274269104
16,2,64,38,0.477314293384552,0.1412750631570816
16,2,64,39,0.5349131226539612,0.08514051884412766
16,2,64,40,0.3527754247188568,0.11203373968601227
16,2,64,41,0.36717134714126587,0.15495097637176514
16,2,64,42,0.5256284475326538,0.1842648684978485
16,2,64,43,0.42748701572418213,0.2610470652580261
16,2,64,44,0.6951233744621277,0.20972861349582672
16,2,64,45,0.40105754137039185,0.13336516916751862
16,2,64,46,0.5324952602386475,0.1691259890794754
16,2,64,47,0.49289432168006897,0.16403883695602417
16,2,64,48,0.5011562705039978,0.3034333884716034
16,2,64,49,0.4883062541484833,0.18361906707286835
16,2,64,50,0.4246487319469452,0.19308005273342133
16,2,64,51,0.5373128652572632,0.2733754813671112
16,2,64,52,0.5179755091667175,0.12049953639507294
16,2,64,53,0.4461401104927063,0.25098153948783875
16,2,64,54,0.5888260006904602,0.09445751458406448
16,2,64,55,0.5730873346328735,0.08363159000873566
16,2,64,56,0.5664920210838318,0.184860497713089
16,2,64,57,0.5310290455818176,0.1131114810705185
16,2,64,58,0.4256265461444855,0.11302127689123154
16,2,64,59,0.6641313433647156,0.18607288599014282
16,2,64,60,0.44520512223243713,0.09742382913827896
16,2,64,61,0.3854387104511261,0.29320546984672546
16,2,64,62,0.5634353160858154,0.2785361707210541
16,2,64,63,0.44820865988731384,0.09683453291654587
16,3,64,0,0.4134775996208191,0.166467547416687
16,3,64,1,0.5521786212921143,0.1734040528535843
16,3,64,2,0.5365397334098816,0.14279240369796753
16,3,64,3,0.3532842695713043,0.09694984555244446
16,3,64,4,0.464931845664978,0.1996525228023529
16,3,64,5,0.4733896553516388,0.19293402135372162
16,3,64,6,0.6201678514480591,0.26412197947502136
16,3,64,7,0.4733230769634247,0.10247071087360382
16,3,64,8,0.5885705947875977,0.12227803468704224
16,3,64,9,0.5157850384712219,0.1917482614517212
16,3,64,10,0.5394473671913147,0.1629781872034073
16,3,64,11,0.3740151524543762,0.19894449412822723
16,3,64,12,0.39083418250083923,0.14721554517745972
16,3,64,13,0.4795950651168823,0.07846750319004059
16,3,64,14,0.47118866443634033,0.19092756509780884
16,3,64,15,0.5656595826148987,0.07731170952320099
16,3,64,16,0.5586322546005249,0.1787036508321762
16,3,64,17,0.38169512152671814,0.13704648613929749
16,3,64,18,0.4628206193447113,0.09200206398963928
16,3,64,19,0.5148212313652039,0.22196663916110992
16,3,64,20,0.5363039374351501,0.18361841142177582
16,3,64,21,0.3172648549079895,0.11565415561199188
16,3,64,22,0.4759923815727234,0.1086081862449646
16,3,64,23,0.4158470034599304,0.18714143335819244
16,3,64,24,0.40343108773231506,0.17119435966014862
16,3,64,25,0.5219963788986206,0.28127962350845337
16,3,64,26,0.43971535563468933,0.14734581112861633
16,3,64,27,0.573932945728302,0.154836043715477
16,3,64,28,0.5057915449142456,0.2085968554019928
16,3,64,29,0.6109030246734619,0.11088814586400986
16,3,64,30,0.4825703799724579,0.18054108321666718
16,3,64,31,0.48754698038101196,0.1641593873500824
16,3,64,32,0.29153144359588623,0.1357695758342743
16,3,64,33,0.5009958148002625,0.11884251981973648
16,3,64,34,0.5904200077056885,0.26946255564689636
16,3,64,35,0.5385764837265015,0.0453173965215683
16,3,64,36,0.321216881275177,0.12699463963508606
16,3,64,37,0.4160783588886261,0.2413337081670761
16,3,64,38,0.584567666053772,0.12073735892772675
16,3,64,39,0.40833568572998047,0.10567031055688858
16,3,64,40,0.6413761973381042,0.14699600636959076
16,3,64,41,0.3474790155887604,0.17722837626934052
16,3,64,42,0.3135223984718323,0.08687886595726013
16,3,64,43,0.5066321492195129,0.10999093949794769
16,3,64,44,0.5226543545722961,0.10415519773960114
16,3,64,45,0.6142468452453613,0.14146946370601654
16,3,64,46,0.5571166276931763,0.16065126657485962
16,3,64,47,0.5328534245491028,0.09987661242485046
16,3,64,48,0.5553600788116455,0.07466284930706024
16,3,64,49,0.5070613622665405,0.13732284307479858
16,3,64,50,0.48809123039245605,0.18392352759838104
16,3,64,51,0.37327679991722107,0.11105870455503464
16,3,64,52,0.49939286708831787,0.19974659383296967
16,3,64,53,0.5173097252845764,0.14839766919612885
16,3,64,54,0.5256986618041992,0.13332900404930115
16,3,64,55,0.3491123914718628,0.07945031672716141
16,3,64,56,0.5552659034729004,0.08360794186592102
16,3,64,57,0.5968090891838074,0.1448024958372116
16,3,64,58,0.3815428614616394,0.1418890357017517
16,3,64,59,0.5317022800445557,0.13067330420017242
16,3,64,60,0.5253908038139343,0.16450968384742737
16,3,64,61,0.559503972530365,0.16947588324546814
16,3,64,62,0.44007211923599243,0.15901289880275726
16,3,64,63,0.5776200294494629,0.11777662485837936
16,4,128,0,0.7092392444610596,0.14690323173999786
16,4,128,1,0.5484660267829895,0.3086062967777252
16,4,128,2,0.5419970750808716,0.06698376685380936
16,4,128,3,0.5831332802772522,0.21094170212745667
16,4,128,4,0.7003238797187805,0.14001813530921936
16,4,128,5,0.426065593957901,0.22984856367111206
16,4,128,6,0.3700656294822693,0.06477014720439911
16,4,128,7,0.37366175651550293,0.1894916146993637
16,4,128,8,0.5029223561286926,0.05577962100505829
16,4,128,9,0.39740630984306335,0.16359291970729828
16,4,128,10,0.6717345714569092,0.21426589787006378
16,4,128,11,0.6342580914497375,0.17707030475139618
16,4,128,12,0.5815929174423218,0.10643931478261948
16,4,128,13,0.558344304561615,0.17955954372882843
16,4,128,14,0.7572857737541199,0.08527339994907379
16,4,128,15,0.6278265118598938,0.09400980174541473
16,4,128,16,0.3747343420982361,0.151581808924675
16,4,128,17,0.4712446928024292,0.039612095803022385
16,4,128,18,0.7645986080169678,0.2019989937543869
16,4,128,19,0.4817085564136505,0.23694100975990295
16,4,128,20,0.6507728099822998,0.19376429915428162
16,4,128,21,0.27462196350097656,0.12628602981567383
16,4,128,22,0.45603621006011963,0.21692927181720734
16,4,128,23,0.6100969314575195,0.15294063091278076
16,4,128,24,0.5617917776107788,0.17556464672088623
16,4,128,25,0.714486300945282,0.15138867497444153
16,4,128,26,0.5960016250610352,0.16370172798633575
16,4,128,27,0.6205580830574036,0.20757901668548584
16,4,128,28,0.4031408429145813,0.26745128631591797
16,4,128,29,0.6298715472221375,0.14311760663986206
16,4,128,30,0.43566375970840454,0.23081642389297485
16,4,128,31,0.4289586544036865,0.09317529946565628
16,4,128,32,0.7040081024169922,0.11776063591241837
16,4,128,33,0.6929214596748352,0.09992571175098419
16,4,128,34,0.5460377335548401,0.1600409895181656
16,4,128,35,0.6535198092460632,0.11187051236629486
16,4,128,36,0.6122333407402039,0.2035420536994934
16,4,128,37,0.7223862409591675,0.17833013832569122
16,4,128,38,0.40762969851493835,0.19962456822395325
16,4,128,39,0.4367194175720215,0.08360409736633301
16,4,128,40,0.5163202881813049,0.18943515419960022
16,4,128,41,0.4507092237472534,0.12276915460824966
16,4,128,42,0.6478403210639954,0.15708346664905548
16,4,128,43,0.47710734605789185,0.27233558893203735
16,4,128,44,0.5505180358886719,0.17406433820724487
16,4,128,45,0.35052523016929626,0.1428707242012024
16,4,128,46,0.3736707270145416,0.04315736144781113
16,4,128,47,0.7145538926124573,0.219538614153862
16,4,128,48,0.5121288895606995,0.09096534550189972
16,4,128,49,0.5651451945304871,0.09786277264356613
16,4,128,50,0.6947930455207825,0.14113017916679382
16,4,128,51,0.7034710645675659,0.18787214159965515
16,4,128,52,0.425551176071167,0.11935719847679138
16,4,128,53,0.3528183102607727,0.26833751797676086
16,4,128,54,0.5656676888465881,0.256706178188324
16,4,128,55,0.4929055869579315,0.21175162494182587
16,4,128,56,0.7474505305290222,0.10974013060331345
16,4,128,57,0.473445862531662,0.2659718692302704
16,4,128,58,0.4271451234817505,0.2821613848209381
16,4,128,59,0.69166499376297,0.16088226437568665
16,4,128,60,0.3199150562286377,0.10229727625846863
16,4,128,61,0.7137922048568726,0.13017377257347107
16,4,128,62,0.6808111667633057,0.13151605427265167
16,4,128,63,0.7088478207588196,0.10406135767698288
16,4,128,64,0.6453217267990112,0.14992454648017883
16,4,128,65,0.5977374315261841,0.07630442827939987
16,4,128,66,0.4038088619709015,0.19712090492248535
16,4,128,67,0.4113685190677643,0.22324968874454498
16,4,128,68,0.7845057249069214,0.08730777353048325
16,4,128,69,0.4269395172595978,0.28541234135627747
16,4,128,70,0.5623869895935059,0.1367984116077423
16,4,128,71,0.5399137139320374,0.23107756674289703
16,4,128,72,0.5782119631767273,0.11461807042360306
16,4,128,73,0.4686678647994995,0.250316321849823
16,4,128,74,0.5908961892127991,0.13098780810832977
16,4,128,75,0.4996665418148041,0.13069716095924377
16,4,128,76,0.3933345079421997,0.1152656078338623
16,4,128,77,0.5164905786514282,0.23140740394592285
16,4,128,78,0.5452948212623596,0.15768517553806305
16,4,128,79,0.3818703591823578,0.1856854259967804
16,4,128,80,0.32906708121299744,0.16998806595802307
16,4,128,81,0.4962694048881531,0.1291111260652542
16,4,128,82,0.6333975791931152,0.12222404032945633
16,4,128,83,0.5259052515029907,0.22250916063785553
16,4,128,84,0.5372964143753052,0.09895788133144379
16,4,128,85,0.6545781493186951,0.16917625069618225
16,4,128,86,0.573559045791626,0.2622235119342804
16,4,128,87,0.5091183185577393,0.16046743094921112
16,4,128,88,0.5991705060005188,0.13774791359901428
16,4,128,89,0.5247254371643066,0.1447877287864685
16,4,128,90,0.7685562968254089,0.07361628115177155
16,4,128,91,0.7459001541137695,0.12826719880104065
16,4,128,92,0.6566017866134644,0.11864696443080902
16,4,128,93,0.5538874864578247,0.12193728983402252
16,4,128,94,0.5639912486076355,0.08930095285177231
16,4,128,95,0.6271167993545532,0.07047601044178009
16,4,128,96,0.5704168081283569,0.1125224381685257
16,4,128,97,0.6395636796951294,0.19557207822799683
16,4,128,98,0.4172721803188324,0.134400874376297
16,4,128,99,0.685463011264801,0.20563945174217224
16,4,128,100,0.3873991072177887,0.21531805396080017
16,4,128,101,0.3742620050907135,0.28646427392959595
16,4,128,102,0.6698024272918701,0.10720443725585938
16,4,128,103,0.6346011757850647,0.14351026713848114
16,4,128,104,0.4407586455345154,0.18768499791622162
16,4,128,105,0.6679003834724426,0.11041344702243805
16,4,128,106,0.660307765007019,0.2932126522064209
16,4,128,107,0.5371385216712952,0.15434180200099945
16,4,128,108,0.722569465637207,0.11128959059715271
16,4,128,109,0.6903859376907349,0.061078865081071854
16,4,128,110,0.7477852702140808,0.20985287427902222
16,4,128,111,0.6293748021125793,0.1069098562002182
16,4,128,112,0.5560018420219421,0.0635102242231369
16,4,128,113,0.6360508799552917,0.14677944779396057
16,4,128,114,0.44558030366897583,0.31620627641677856
16,4,128,115,0.694991409778595,0.0927991196513176
16,4,128,116,0.5375164747238159,0.24282124638557434
16,4,128,117,0.6877596378326416,0.09943588078022003
16,4,128,118,0.4732319712638855,0.2937758266925812
16,4,128,119,0.7210749387741089,0.12655363976955414
16,4,128,120,0.635629415512085,0.17182599008083344
16,4,128,121,0.5133854150772095,0.26580628752708435
16,4,128,122,0.5343157649040222,0.19069330394268036
16,4,128,123,0.5638824105262756,0.09348508715629578
16,4,128,124,0.5660713315010071,0.1723550260066986
16,4,128,125,0.7170235514640808,0.14496323466300964
16,4,128,126,0.37110260128974915,0.1663832813501358
16,4,128,127,0.513257622718811,0.15340042114257812
16,5,128,0,0.6856535077095032,0.2272632122039795
16,5,128,1,0.8664093613624573,0.11324271559715271
16,5,128,2,0.7554195523262024,0.2254151701927185
16,5,128,3,0.3699547052383423,0.33762481808662415
16,5,128,4,0.8167331218719482,0.12337623536586761
16,5,128,5,0.5292554497718811,0.26666590571403503
16,5,128,6,0.6558020710945129,0.1650431752204895
16,5,128,7,0.6799586415290833,0.20092806220054626
16,5,128,8,0.5381174683570862,0.23809407651424408
16,5,128,9,0.43040674924850464,0.3700202703475952
16,5,128,10,0.7674399018287659,0.16973623633384705
16,5,128,11,0.6692644953727722,0.3072090446949005
16,5,128,12,0.8088145852088928,0.08352481573820114
16,5,128,13,0.769230306148529,0.10415522754192352
16,5,128,14,0.8333896994590759,0.12635889649391174
16,5,128,15,0.7484948039054871,0.21502451598644257
16,5,128,16,0.7301076650619507,0.14528489112854004
16,5,128,17,0.5246190428733826,0.0923699140548706
16,5,128,18,0.8802030682563782,0.08751709014177322
16,5,128,19,0.43457475304603577,0.24819153547286987
16,5,128,20,0.7285951375961304,0.27799034118652344
16,5,128,21,0.5511786341667175,0.14511889219284058
16,5,128,22,0.7805684208869934,0.19193966686725616
16,5,128,23,0.6307753324508667,0.1193440705537796
16,5,128,24,0.7278469800949097,0.1804489642381668
16,5,128,25,0.7911426424980164,0.18179048597812653
16,5,128,26,0.8941874504089355,0.07695206254720688
16,5,128,27,0.7788247466087341,0.1471865177154541
16,5,128,28,0.5397115349769592,0.19467386603355408
16,5,128,29,0.7325345277786255,0.09814564138650894
16,5,128,30,0.4388625919818878,0.3097367286682129
16,5,128,31,0.6749411225318909,0.23021139204502106
16,5,128,32,0.7356743812561035,0.24364759027957916
16,5,128,33,0.48490598797798157,0.30286556482315063
16,5,128,34,0.8292099237442017,0.08180534094572067
16,5,128,35,0.7336945533752441,0.28771480917930603
16,5,128,36,0.8017761707305908,0.17485225200653076
16,5,128,37,0.5952081084251404,0.07859174907207489
16,5,128,38,0.6225133538246155,0.30332085490226746
16,5,128,39,0.7079547643661499,0.11267116665840149
16,5,128,40,0.7646215558052063,0.19162936508655548
16,5,128,41,0.4137669503688812,0.1787007600069046
16,5,128,42,0.8026823997497559,0.14536306262016296
16,5,128,43,0.7355940937995911,0.057942312210798264
16,5,128,44,0.3011048138141632,0.17476500570774078
16,5,128,45,0.8068573474884033,0.07905054092407227
16,5,128,46,0.5987454056739807,0.21294330060482025
16,5,128,47,0.7948099970817566,0.13964863121509552
16,5,128,48,0.6011695265769958,0.06441408395767212
16,5,128,49,0.5411792993545532,0.1925489753484726
16,5,128,50,0.4506698250770569,0.12233932316303253
16,5,128,51,0.28842979669570923,0.27420347929000854
16,5,128,52,0.4588162899017334,0.18169039487838745
16,5,128,53,0.7747615575790405,0.1405830681324005
16,5,128,54,0.4556656777858734,0.33360111713409424
16,5,128,55,0.29395899176597595,0.27917298674583435
16,5,128,56,0.7799851894378662,0.23697374761104584
16,5,128,57,0.7296105027198792,0.24399377405643463
16,5,128,58,0.4828775227069855,0.2130930870771408
16,5,128,59,0.8073128461837769,0.10970361530780792
16,5,128,60,0.6404793858528137,0.09390802681446075
16,5,128,61,0.7347789406776428,0.16780342161655426
16,5,128,62,0.7496033906936646,0.160123810172081
16,5,128,63,0.46960386633872986,0.19258569180965424
16,5,128,64,0.5003889203071594,0.21448233723640442
16,5,128,65,0.7986327409744263,0.15063928067684174
16,5,128,66,0.6266327500343323,0.08881283551454544
16,5,128,67,0.7829195261001587,0.1425054669380188
16,5,128,68,0.8117575645446777,0.18016941845417023
16,5,128,69,0.5478937029838562,0.12779799103736877
16,5,128,70,0.6803846955299377,0.2304450422525406
16,5,128,71,0.4803006947040558,0.2956623435020447
16,5,128,72,0.5594143867492676,0.14747272431850433
16,5,128,73,0.6333382725715637,0.12458228319883347
16,5,128,74,0.7492009401321411,0.09457618743181229
16,5,128,75,0.6702478528022766,0.1286648064851761
16,5,128,76,0.7642067670822144,0.11922666430473328
16,5,128,77,0.6908209323883057,0.24733005464076996
16,5,128,78,0.6022058725357056,0.09959855675697327
16,5,128,79,0.41266027092933655,0.325473427772522
16,5,128,80,0.7242057919502258,0.20937485992908478
16,5,128,81,0.7285140752792358,0.07240375876426697
16,5,128,82,0.7764618992805481,0.16614042222499847
16,5,128,83,0.7668022513389587,0.13949565589427948
16,5,128,84,0.7439259886741638,0.10863154381513596
16,5,128,85,0.7353934049606323,0.20236414670944214
16,5,128,86,0.6816550493240356,0.27954262495040894
16,5,128,87,0.6746346950531006,0.20333001017570496
16,5,128,88,0.4161502420902252,0.32071149349212646
16,5,128,89,0.8341525197029114,0.08425312489271164
16,5,128,90,0.753314733505249,0.10265134274959564
16,5,128,91,0.8183085322380066,0.10794651508331299
16,5,128,92,0.7382571697235107,0.18798710405826569
16,5,128,93,0.7446431517601013,0.16759666800498962
16,5,128,94,0.6041595935821533,0.1135060042142868
16,5,128,95,0.8386117815971375,0.12633904814720154
16,5,128,96,0.5072290301322937,0.18805615603923798
16,5,128,97,0.713537335395813,0.09564972668886185
16,5,128,98,0.7133972644805908,0.25141000747680664
16,5,128,99,0.7506324648857117,0.1361922174692154
16,5,128,100,0.790973424911499,0.09506639838218689
16,5,128,101,0.5367221832275391,0.13535864651203156
16,5,128,102,0.7186238169670105,0.10567910224199295
16,5,128,103,0.7623746395111084,0.2149030864238739
16,5,128,104,0.7040037512779236,0.23616985976696014
16,5,128,105,0.5602439045906067,0.15923133492469788
16,5,128,106,0.8084844350814819,0.10124924033880234
16,5,128,107,0.7267473340034485,0.12654273211956024
16,5,128,108,0.7362572550773621,0.10281005501747131
16,5,128,109,0.646654486656189,0.19404734671115875
16,5,128,110,0.887076735496521,0.0667516216635704
16,5,128,111,0.7894318699836731,0.10927336663007736
16,5,128,112,0.7125908732414246,0.21850983798503876
16,5,128,113,0.6455371975898743,0.13430064916610718
16,5,128,114,0.7074901461601257,0.2877916991710663
16,5,128,115,0.7907981872558594,0.14685189723968506
16,5,128,116,0.7141991853713989,0.23882141709327698
16,5,128,117,0.7539708018302917,0.10602270811796188
16,5,128,118,0.6431500911712646,0.07261280715465546
16,5,128,119,0.4376605749130249,0.3188066780567169
16,5,128,120,0.805516242980957,0.11753441393375397
16,5,128,121,0.6844586133956909,0.26715320348739624
16,5,128,122,0.48127511143684387,0.24537070095539093
16,5,128,123,0.7155174016952515,0.15553948283195496
16,5,128,124,0.7762274742126465,0.06215762346982956
16,5,128,125,0.7871453762054443,0.10272135585546494
16,5,128,126,0.5811642408370972,0.11142805218696594
16,5,128,127,0.7954294085502625,0.1586826890707016
17,0,32,0,0.5629273653030396,0.26513954997062683
17,0,32,1,0.5408182740211487,0.20073148608207703
17,0,32,2,0.6641740798950195,0.0777304470539093
17,0,32,3,0.6027476191520691,0.12389709800481796
17,0,32,4,0.6322922706604004,0.08748038113117218
17,0,32,5,0.3593650460243225,0.08376646786928177
17,0,32,6,0.5888659954071045,0.13091056048870087
17,0,32,7,0.43601852655410767,0.17621628940105438
17,0,32,8,0.6828542351722717,0.07260861992835999
17,0,32,9,0.4532996118068695,0.14566448330879211
17,0,32,10,0.6192418932914734,0.13477209210395813
17,0,32,11,0.5231561064720154,0.13365274667739868
17,0,32,12,0.58677738904953,0.16945931315422058
17,0,32,13,0.4773358702659607,0.24344606697559357
17,0,32,14,0.517168402671814,0.1742122769355774
17,0,32,15,0.3666624128818512,0.114357128739357
17,0,32,16,0.5229740738868713,0.1390395611524582
17,0,32,17,0.34576448798179626,0.128200963139534
17,0,32,18,0.2161666601896286,0.08231760561466217
17,0,32,19,0.5085412859916687,0.21511881053447723
17,0,32,20,0.3082229197025299,0.12653565406799316
17,0,32,21,0.5301583409309387,0.02823137305676937
17,0,32,22,0.5824693441390991,0.21851655840873718
17,0,32,23,0.5514877438545227,0.17678716778755188
17,0,32,24,0.4815952479839325,0.07573050260543823
17,0,32,25,0.630506694316864,0.12093380838632584
17,0,32,26,0.5473285913467407,0.1036565974354744
17,0,32,27,0.4662686884403229,0.14657166600227356
17,0,32,28,0.6189509630203247,0.10250165313482285
17,0,32,29,0.5334257483482361,0.08329062163829803
17,0,32,30,0.4253246486186981,0.11592110991477966
17,0,32,31,0.5410487651824951,0.1390308141708374
17,1,32,0,0.5767122507095337,0.09169577807188034
17,1,32,1,0.56853187084198,0.2359563112258911
17,1,32,2,0.6753593683242798,0.08329176902770996
17,1,32,3,0.41443490982055664,0.10756327956914902
17,1,32,4,0.5369973182678223,0.07806255668401718
17,1,32,5,0.5500180721282959,0.11784397065639496
17,1,32,6,0.5608638525009155,0.1090707927942276
17,1,32,7,0.5038647055625916,0.12842540442943573
17,1,32,8,0.5846672058105469,0.19858518242835999
17,1,32,9,0.4205603003501892,0.14746525883674622
17,1,32,10,0.5693714618682861,0.14469628036022186
17,1,32,11,0.6000769734382629,0.11968103051185608
17,1,32,12,0.48938536643981934,0.20869608223438263
17,1,32,13,0.39045920968055725,0.12438732385635376
17,1,32,14,0.5451480150222778,0.1194412112236023
17,1,32,15,0.5517299175262451,0.1222672089934349
17,1,32,16,0.38573601841926575,0.07135229557752609
17,1,32,17,0.5870103240013123,0.14150936901569366
17,1,32,18,0.42758750915527344,0.15836095809936523
17,1,32,19,0.4990478456020355,0.24593748152256012
17,1,32,20,0.4791300892829895,0.06795261800289154
17,1,32,21,0.5463918447494507,0.1582402139902115
17,1,32,22,0.6096949577331543,0.2324971705675125
17,1,32,23,0.6347829103469849,0.07774495333433151
17,1,32,24,0.5374636650085449,0.11140436679124832
17,1,32,25,0.534479022026062,0.10392119735479355
17,1,32,26,0.4909246861934662,0.18614520132541656
17,1,32,27,0.4660743474960327,0.07265576720237732
17,1,32,28,0.5939523577690125,0.060871951282024384
17,1,32,29,0.40425801277160645,0.12566202878952026
17,1,32,30,0.3806764483451843,0.05316731333732605
17,1,32,31,0.44276201725006104,0.14139799773693085
17,2,64,0,0.6403422951698303,0.12908019125461578
17,2,64,1,0.5041605234146118,0.06886755675077438
17,2,64,2,0.4371027946472168,0.08849837630987167
17,2,64,3,0.5416942834854126,0.10447683185338974
17,2,64,4,0.3834415078163147,0.10679180920124054
17,2,64,5,0.4618121385574341,0.08105102926492691
17,2,64,6,0.39194977283477783,0.15281924605369568
17,2,64,7,0.5429880619049072,0.08900440484285355
17,2,64,8,0.574180543422699,0.10344257950782776
17,2,64,9,0.5705808401107788,0.0906129851937294
17,2,64,10,0.5318376421928406,0.14768674969673157
17,2,64,11,0.5270771384239197,0.13865916430950165
17,2,64,12,0.42334818840026855,0.19005663692951202
17,2,64,13,0.5155296921730042,0.09387104958295822
17,2,64,14,0.6522814035415649,0.15111280977725983
17,2,64,15,0.5662232041358948,0.17017364501953125
17,2,64,16,0.4738466441631317,0.12857586145401
17,2,64,17,0.46070370078086853,0.15439210832118988
17,2,64,18,0.5114978551864624,0.15764181315898895
17,2,64,19,0.5137595534324646,0.16558025777339935
17,2,64,20,0.5099582076072693,0.12389581650495529
17,2,64,21,0.3924424648284912,0.1294483095407486
17,2,64,22,0.6104385256767273,0.14972364902496338
17,2,64,23,0.5269021987915039,0.11757204681634903
17,2,64,24,0.6075756549835205,0.09146474301815033
17,2,64,25,0.48839741945266724,0.10892897099256516
17,2,64,26,0.4255530834197998,0.0857810378074646
17,2,64,27,0.5203115940093994,0.11535488069057465
17,2,64,28,0.5421491265296936,0.11609950661659241
17,2,64,29,0.4687632918357849,0.173543319106102
17,2,64,30,0.5554277896881104,0.08411990106105804
17,2,64,31,0.5530279874801636,0.17244942486286163
17,2,64,32,0.4857461750507355,0.09095874428749084
17,2,64,33,0.5136441588401794,0.07674325257539749
17,2,64,34,0.48453471064567566,0.192243754863739
17,2,64,35,0.5404360294342041,0.11033017188310623
17,2,64,36,0.49512457847595215,0.16551625728607178
17,2,64,37,0.5681112408638,0.14971202611923218
17,2,64,38,0.5919286012649536,0.128858745098114
17,2,64,39,0.44263511896133423,0.15670208632946014
17,2,64,40,0.5137425065040588,0.07562801241874695
17,2,64,41,0.6084166169166565,0.11813445389270782
17,2,64,42,0.43659618496894836,0.11563984304666519
17,2,64,43,0.5623572468757629,0.056733015924692154
17,2,64,44,0.4310871362686157,0.11417779326438904
17,2,64,45,0.48977088928222656,0.12028300762176514
17,2,64,46,0.5697972178459167,0.09505175799131393
17,2,64,47,0.45422664284706116,0.13723398745059967
17,2,64,48,0.6457882523536682,0.14432968199253082
17,2,64,49,0.5371356010437012,0.1511717289686203
17,2,64,50,0.5012725591659546,0.08323413133621216
17,2,64,51,0.5302988886833191,0.0655219554901123
17,2,64,52,0.40985432267189026,0.12209466844797134
17,2,64,53,0.6499443650245667,0.1391485333442688
17,2,64,54,0.4680141806602478,0.12509797513484955
17,2,64,55,0.5077289938926697,0.16812308132648468
17,2,64,56,0.469406396150589,0.13405795395374298
17,2,64,57,0.5825806856155396,0.13755345344543457
17,2,64,58,0.563891589641571,0.0938449278473854
17,2,64,59,0.49240508675575256,0.09595442563295364
17,2,64,60,0.561785876750946,0.1423586905002594
17,2,64,61,0.5822187662124634,0.08495680242776871
17,2,64,62,0.5190088748931885,0.14390070736408234
17,2,64,63,0.39251622557640076,0.09661971032619476
17,3,64,0,0.5925369262695312,0.17493319511413574
17,3,64,1,0.43030479550361633,0.13568612933158875
17,3,64,2,0.4896524250507355,0.1066160574555397
17,3,64,3,0.4994412064552307,0.21599195897579193
17,3,64,4,0.5596247315406799,0.09233170747756958
17,3,64,5,0.4323391318321228,0.1284327656030655
17,3,64,6,0.47838905453681946,0.1954173445701599
17,3,64,7,0.6401258707046509,0.14644621312618256
17,3,64,8,0.49058887362480164,0.07990468293428421
17,3,64,9,0.6126275062561035,0.22255754470825195
17,3,64,10,0.4866338074207306,0.1453479379415512
17,3,64,11,0.5890552401542664,0.10367526859045029
17,3,64,12,0.49516090750694275,0.28560397028923035
17,3,64,13,0.5425654649734497,0.06778308749198914
17,3,64,14,0.46945762634277344,0.08195088058710098
17,3,64,15,0.5040018558502197,0.1546390950679779
17,3,64,16,0.42226001620292664,0.14167049527168274
17,3,64,17,0.5788455009460449,0.09311783313751221
17,3,64,18,0.35663941502571106,0.12881630659103394
17,3,64,19,0.4927445352077484,0.13084346055984497
17,3,64,20,0.4792082905769348,0.2315637171268463
17,3,64,21,0.5786464810371399,0.21945104002952576
17,3,64,22,0.2915463149547577,0.08466341346502304
17,3,64,23,0.45404374599456787,0.23215076327323914
17,3,64,24,0.5043310523033142,0.09082118421792984
17,3,64,25,0.5415571331977844,0.14253218472003937
17,3,64,26,0.3687463700771332,0.11260683089494705
17,3,64,27,0.51958167552948,0.08342158049345016
17,3,64,28,0.5248651504516602,0.2184474617242813
17,3,64,29,0.33383435010910034,0.2016228288412094
17,3,64,30,0.5265408158302307,0.1612662672996521
17,3,64,31,0.527630627155304,0.12398087233304977
17,3,64,32,0.534155011177063,0.07025767862796783
17,3,64,33,0.5264672636985779,0.25119373202323914
17,3,64,34,0.5681728720664978,0.10805412381887436
17,3,64,35,0.5675753355026245,0.1908639669418335
17,3,64,36,0.38528063893318176,0.09397328644990921
17,3,64,37,0.5344323515892029,0.09304731339216232
17,3,64,38,0.505463719367981,0.1298913210630417
17,3,64,39,0.5397443771362305,0.13174282014369965
17,3,64,40,0.45433783531188965,0.073328897356987
17,3,64,41,0.5154194235801697,0.13233038783073425
17,3,64,42,0.5974366664886475,0.21747449040412903
17,3,64,43,0.5236563086509705,0.23599791526794434
17,3,64,44,0.6380402445793152,0.1382341980934143
17,3,64,45,0.4043290913105011,0.06973420828580856
17,3,64,46,0.29078978300094604,0.10575977712869644
17,3,64,47,0.5153822302818298,0.08722392469644547
17,3,64,48,0.4753569960594177,0.15138916671276093
17,3,64,49,0.5485624670982361,0.20414531230926514
17,3,64,50,0.4637340009212494,0.14179500937461853
17,3,64,51,0.5650262236595154,0.226274773478508
17,3,64,52,0.3367590010166168,0.06577149033546448
17,3,64,53,0.5581134557723999,0.1268933266401291
17,3,64,54,0.5811476707458496,0.09520749002695084
17,3,64,55,0.539391040802002,0.20687702298164368
17,3,64,56,0.5495991110801697,0.12224119901657104
17,3,64,57,0.42898258566856384,0.27852219343185425
17,3,64,58,0.6414032578468323,0.13990667462348938
17,3,64,59,0.5458968877792358,0.17378400266170502
17,3,64,60,0.41924262046813965,0.1849852353334427
17,3,64,61,0.4741807281970978,0.09043149650096893
17,3,64,62,0.46029871702194214,0.19242818653583527
17,3,64,63,0.47741928696632385,0.11990895122289658
17,4,128,0,0.35589826107025146,0.17718900740146637
17,4,128,1,0.4623713791370392,0.12785297632217407
17,4,128,2,0.6905232667922974,0.11997126042842865
17,4,128,3,0.6803728342056274,0.0991089716553688
17,4,128,4,0.34190770983695984,0.15291722118854523
17,4,128,5,0.23900772631168365,0.11192233115434647
17,4,128,6,0.6463115811347961,0.332990825176239
17,4,128,7,0.4787164330482483,0.21791750192642212
17,4,128,8,0.24157187342643738,0.14946937561035156
17,4,128,9,0.701974093914032,0.07949882000684738
17,4,128,10,0.7138529419898987,0.19064611196517944
17,4,128,11,0.48352789878845215,0.23604795336723328
17,4,128,12,0.6407141089439392,0.3527710437774658
17,4,128,13,0.6245583891868591,0.38851451873779297
17,4,128,14,0.45286107063293457,0.3254837393760681
17,4,128,15,0.7683703899383545,0.09810579568147659
17,4,128,16,0.7420458793640137,0.12364683300256729
17,4,128,17,0.6598840951919556,0.2697437107563019
17,4,128,18,0.5809743404388428,0.29363587498664856
17,4,128,19,0.5445780754089355,0.08272179961204529
17,4,128,20,0.37624919414520264,0.21422114968299866
17,4,128,21,0.4206382930278778,0.3097696304321289
17,4,128,22,0.6644315123558044,0.20717871189117432
17,4,128,23,0.30622127652168274,0.10657436400651932
17,4,128,24,0.40832024812698364,0.10761698335409164
17,4,128,25,0.6613197922706604,0.1898535192012787
17,4,128,26,0.7219844460487366,0.27300912141799927
17,4,128,27,0.6583788394927979,0.34570810198783875
17,4,128,28,0.8329524397850037,0.15528921782970428
17,4,128,29,0.3165186047554016,0.19049978256225586
17,4,128,30,0.6084281206130981,0.38343968987464905
17,4,128,31,0.44020646810531616,0.12481340765953064
17,4,128,32,0.5902956128120422,0.06838896870613098
17,4,128,33,0.3649892210960388,0.3241540789604187
17,4,128,34,0.5795932412147522,0.17273864150047302
17,4,128,35,0.7683584690093994,0.10017888993024826
17,4,128,36,0.6389110684394836,0.18178027868270874
17,4,128,37,0.7624883055686951,0.10124494135379791
17,4,128,38,0.39124202728271484,0.19135844707489014
17,4,128,39,0.3869616389274597,0.22205647826194763
17,4,128,40,0.37434911727905273,0.20205211639404297
17,4,128,41,0.6664980053901672,0.17944401502609253
17,4,128,42,0.37122833728790283,0.27015233039855957
17,4,128,43,0.7047391533851624,0.1378023475408554
17,4,128,44,0.5342464447021484,0.0908297449350357
17,4,128,45,0.5875369310379028,0.10073425620794296
17,4,128,46,0.7096288800239563,0.2872598469257355
17,4,128,47,0.6254131197929382,0.18533596396446228
17,4,128,48,0.6223273873329163,0.34106388688087463
17,4,128,49,0.5460572242736816,0.0982230007648468
17,4,128,50,0.42539849877357483,0.10528398305177689
17,4,128,51,0.6830014586448669,0.30897730588912964
17,4,128,52,0.6863802671432495,0.2395007312297821
17,4,128,53,0.621036946773529,0.32636183500289917
17,4,128,54,0.7065792679786682,0.16165782511234283
17,4,128,55,0.4846796691417694,0.12720414996147156
17,4,128,56,0.6792276501655579,0.21152037382125854
17,4,128,57,0.6108439564704895,0.12494776397943497
17,4,128,58,0.5682762265205383,0.3584252893924713
17,4,128,59,0.3705177903175354,0.07226693630218506
17,4,128,60,0.5673413872718811,0.14661413431167603
17,4,128,61,0.6265819668769836,0.2976091206073761
17,4,128,62,0.4756973385810852,0.03242170438170433
17,4,128,63,0.7399446368217468,0.10088992863893509
17,4,128,64,0.28432679176330566,0.24085311591625214
17,4,128,65,0.36801621317863464,0.07408515363931656
17,4,128,66,0.651700496673584,0.1494055688381195
17,4,128,67,0.6907835006713867,0.24988773465156555
17,4,128,68,0.675469696521759,0.07876119762659073
17,4,128,69,0.42089399695396423,0.3663488030433655
17,4,128,70,0.7510969042778015,0.18339253962039948
17,4,128,71,0.5572460293769836,0.25746557116508484
17,4,128,72,0.6338469982147217,0.3619335889816284
17,4,128,73,0.3513820171356201,0.18738532066345215
17,4,128,74,0.2957061231136322,0.13619260489940643
17,4,128,75,0.7817360162734985,0.1477893739938736
17,4,128,76,0.4372456669807434,0.3049153685569763
17,4,128,77,0.325111448764801,0.20594629645347595
17,4,128,78,0.6689465045928955,0.11062818020582199
17,4,128,79,0.6733958125114441,0.33726921677589417
17,4,128,80,0.5920134782791138,0.3281756639480591
17,4,128,81,0.5516855716705322,0.22697597742080688
17,4,128,82,0.5852579474449158,0.2668085992336273
17,4,128,83,0.6146630644798279,0.366981565952301
17,4,128,84,0.5049059391021729,0.25389885902404785
17,4,128,85,0.3109632730484009,0.23892055451869965
17,4,128,86,0.589882493019104,0.08107975125312805
17,4,128,87,0.39581894874572754,0.32479768991470337
17,4,128,88,0.7882090210914612,0.08993878960609436
17,4,128,89,0.5390881299972534,0.18926844000816345
17,4,128,90,0.3950583338737488,0.15400780737400055
17,4,128,91,0.5503745079040527,0.2128431499004364
17,4,128,92,0.8803728222846985,0.0853172019124031
17,4,128,93,0.7928609848022461,0.12606403231620789
17,4,128,94,0.3841856122016907,0.38021594285964966
17,4,128,95,0.662808895111084,0.16007065773010254
17,4,128,96,0.7199605703353882,0.13324092328548431
17,4,128,97,0.5784006714820862,0.14170902967453003
17,4,128,98,0.6905709505081177,0.17886687815189362
17,4,128,99,0.6029757857322693,0.1819470077753067
17,4,128,100,0.39476197957992554,0.13701999187469482
17,4,128,101,0.7694042325019836,0.12816117703914642
17,4,128,102,0.4007624387741089,0.34309905767440796
17,4,128,103,0.34978193044662476,0.22906708717346191
17,4,128,104,0.780340313911438,0.0968737006187439
17,4,128,105,0.6258947849273682,0.19868619740009308
17,4,128,106,0.6465929746627808,0.10368872433900833
17,4,128,107,0.808210551738739,0.10459683835506439
17,4,128,108,0.5006573796272278,0.1413991004228592
17,4,128,109,0.5225049257278442,0.19669021666049957
17,4,128,110,0.48549357056617737,0.12002871930599213
17,4,128,111,0.6114854216575623,0.16573163866996765
17,4,128,112,0.34717050194740295,0.10687395185232162
17,4,128,113,0.5575953125953674,0.2589716911315918
17,4,128,114,0.6421614289283752,0.23775866627693176
17,4,128,115,0.42773187160491943,0.3647562563419342
17,4,128,116,0.5583029985427856,0.29291921854019165
17,4,128,117,0.7331737279891968,0.13427212834358215
17,4,128,118,0.6422563195228577,0.12369711697101593
17,4,128,119,0.7152804732322693,0.07893514633178711
17,4,128,120,0.35166284441947937,0.2503238022327423
17,4,128,121,0.5850719213485718,0.28549495339393616
17,4,128,122,0.4399844706058502,0.26759660243988037
17,4,128,123,0.3677835762500763,0.06815073639154434
17,4,128,124,0.631862461566925,0.3812411427497864
17,4,128,125,0.6217618584632874,0.34021231532096863
17,4,128,126,0.41959500312805176,0.1652403622865677
17,4,128,127,0.3295401930809021,0.1753905564546585
17,5,128,0,0.4101313352584839,0.3121349811553955
17,5,128,1,0.46263596415519714,0.08457166701555252
17,5,128,2,0.6266401410102844,0.2472868710756302
17,5,128,3,0.8895195722579956,0.08240846544504166
17,5,128,4,0.7500463724136353,0.0794038251042366
17,5,128,5,0.6986974477767944,0.20705197751522064
17,5,128,6,0.7796927690505981,0.13311651349067688
17,5,128,7,0.8195969462394714,0.10384552925825119
17,5,128,8,0.5841618180274963,0.20274586975574493
17,5,128,9,0.7223137021064758,0.05272490531206131
17,5,128,10,0.7796366810798645,0.10347765684127808
17,5,128,11,0.6408600211143494,0.22844922542572021
17,5,128,12,0.7610565423965454,0.12502649426460266
17,5,128,13,0.3954014182090759,0.170585498213768
17,5,128,14,0.6264812350273132,0.1929890662431717
17,5,128,15,0.7036235332489014,0.05452357232570648
17,5,128,16,0.7387189865112305,0.11691472679376602
17,5,128,17,0.6398264765739441,0.139471173286438
17,5,128,18,0.3879012167453766,0.27934935688972473
17,5,128,19,0.6039351224899292,0.13684560358524323
17,5,128,20,0.4072384536266327,0.12110333144664764
17,5,128,21,0.3246248960494995,0.23827125132083893
17,5,128,22,0.6513278484344482,0.23222729563713074
17,5,128,23,0.4411265254020691,0.32708337903022766
17,5,128,24,0.5927287340164185,0.2259581834077835
17,5,128,25,0.5808276534080505,0.117769755423069
17,5,128,26,0.7447699308395386,0.19418343901634216
17,5,128,27,0.8800621032714844,0.07405013591051102
17,5,128,28,0.8197540044784546,0.09936661273241043
17,5,128,29,0.3095490634441376,0.07604645192623138
17,5,128,30,0.7478086352348328,0.2027679979801178
17,5,128,31,0.6060518622398376,0.11895640939474106
17,5,128,32,0.7481604218482971,0.13108137249946594
17,5,128,33,0.3672458529472351,0.21047964692115784
17,5,128,34,0.5297066569328308,0.10318472236394882
17,5,128,35,0.5606377720832825,0.09376171231269836
17,5,128,36,0.6477428078651428,0.2228154093027115
17,5,128,37,0.6836060881614685,0.1993587464094162
17,5,128,38,0.4326595067977905,0.2703363597393036
17,5,128,39,0.5774561166763306,0.18716713786125183
17,5,128,40,0.7481233477592468,0.06486047804355621
17,5,128,41,0.35717257857322693,0.2339918166399002
17,5,128,42,0.6238018870353699,0.02439422346651554
17,5,128,43,0.45903828740119934,0.30769386887550354
17,5,128,44,0.5773798823356628,0.08689700812101364
17,5,128,45,0.42114922404289246,0.19902540743350983
17,5,128,46,0.6079633831977844,0.23845529556274414
17,5,128,47,0.8159223198890686,0.08806034922599792
17,5,128,48,0.35869333148002625,0.06787718087434769
17,5,128,49,0.6651225090026855,0.2201978713274002
17,5,128,50,0.7265189290046692,0.17571617662906647
17,5,128,51,0.7061868906021118,0.24648575484752655
17,5,128,52,0.6504681706428528,0.3010545074939728
17,5,128,53,0.7963115572929382,0.11229752749204636
17,5,128,54,0.8082426190376282,0.126587375998497
17,5,128,55,0.46007081866264343,0.14199136197566986
17,5,128,56,0.3907586634159088,0.2573864161968231
17,5,128,57,0.6046146750450134,0.12508848309516907
17,5,128,58,0.7689252495765686,0.16392791271209717
17,5,128,59,0.5194255709648132,0.12305258214473724
17,5,128,60,0.742536187171936,0.0782972052693367
17,5,128,61,0.7997837662696838,0.06552298367023468
17,5,128,62,0.7610582113265991,0.05406086519360542
17,5,128,63,0.7770646214485168,0.10552085936069489
17,5,128,64,0.6237923502922058,0.10212797671556473
17,5,128,65,0.5847600102424622,0.05997065454721451
17,5,128,66,0.626190721988678,0.059425462037324905
17,5,128,67,0.6594304442405701,0.25474876165390015
17,5,128,68,0.827870786190033,0.0660679042339325
17,5,128,69,0.8111106753349304,0.0735807940363884
17,5,128,70,0.7447013854980469,0.13650135695934296
17,5,128,71,0.7173519134521484,0.22732722759246826
17,5,128,72,0.7189664840698242,0.2348414808511734
17,5,128,73,0.65262770652771,0.044043779373168945
17,5,128,74,0.45256170630455017,0.32066670060157776
17,5,128,75,0.44045424461364746,0.3857971429824829
17,5,128,76,0.5930866599082947,0.18714219331741333
17,5,128,77,0.7268455624580383,0.06130724400281906
17,5,128,78,0.7750123739242554,0.07099246233701706
17,5,128,79,0.721929669380188,0.21239879727363586
17,5,128,80,0.6031659245491028,0.20820403099060059
17,5,128,81,0.5987440347671509,0.0478617362678051
17,5,128,82,0.5168204307556152,0.14585457742214203
17,5,128,83,0.7393471598625183,0.20898114144802094
17,5,128,84,0.6050519347190857,0.11797133833169937
17,5,128,85,0.5425660014152527,0.04550069198012352
17,5,128,86,0.5651246905326843,0.1513427197933197
17,5,128,87,0.6717624664306641,0.2341049313545227
17,5,128,88,0.577875554561615,0.06063981354236603
17,5,128,89,0.35261866450309753,0.14552608132362366
17,5,128,90,0.389948308467865,0.142815500497818
17,5,128,91,0.6764301657676697,0.07897225022315979
17,5,128,92,0.8166831135749817,0.09151408821344376
17,5,128,93,0.37671783566474915,0.12960153818130493
17,5,128,94,0.44780105352401733,0.05706744268536568
17,5,128,95,0.771187961101532,0.12690439820289612
17,5,128,96,0.4487646818161011,0.31337064504623413
17,5,128,97,0.6755867004394531,0.14785009622573853
17,5,128,98,0.543840765953064,0.1584324687719345
17,5,128,99,0.6232094168663025,0.09141672402620316
17,5,128,100,0.4980754852294922,0.11191573739051819
17,5,128,101,0.7738814949989319,0.09096262603998184
17,5,128,102,0.42374008893966675,0.10469146817922592
17,5,128,103,0.6753144264221191,0.20180444419384003
17,5,128,104,0.7936264872550964,0.0854816809296608
17,5,128,105,0.4791446030139923,0.3009606599807739
17,5,128,106,0.6104210019111633,0.2797638773918152
17,5,128,107,0.41222861409187317,0.26945847272872925
17,5,128,108,0.42802006006240845,0.05343005433678627
17,5,128,109,0.6125921607017517,0.05936431512236595
17,5,128,110,0.5124828219413757,0.05749867111444473
17,5,128,111,0.6839284300804138,0.2326708436012268
17,5,128,112,0.7257547378540039,0.1595763862133026
17,5,128,113,0.762316107749939,0.06954535841941833
17,5,128,114,0.5890738368034363,0.21013572812080383
17,5,128,115,0.4473726451396942,0.34274232387542725
17,5,128,116,0.43159499764442444,0.17476192116737366
17,5,128,117,0.691830039024353,0.15833207964897156
17,5,128,118,0.7193821668624878,0.11603685468435287
17,5,128,119,0.6253069639205933,0.04444584250450134
17,5,128,120,0.5406304001808167,0.30922237038612366
17,5,128,121,0.5911144614219666,0.18918031454086304
17,5,128,122,0.5355450510978699,0.04328993707895279
17,5,128,123,0.7663298845291138,0.07856232672929764
17,5,128,124,0.44906654953956604,0.17712995409965515
17,5,128,125,0.44300541281700134,0.275733083486557
17,5,128,126,0.7446941137313843,0.07280854135751724
17,5,128,127,0.44302645325660706,0.06383465230464935
18,0,32,0,0.41545066237449646,0.13284710049629211
18,0,32,1,0.5210719108581543,0.0852796733379364
18,0,32,2,0.4636145234107971,0.1085883155465126
18,0,32,3,0.4687963128089905,0.12195393443107605
18,0,32,4,0.5753352046012878,0.04682513326406479
18,0,32,5,0.4607512056827545,0.1391303837299347
18,0,32,6,0.5591388940811157,0.05918057635426521
18,0,32,7,0.6511696577072144,0.07940597087144852
18,0,32,8,0.48223677277565,0.0712861567735672
18,0,32,9,0.6765731573104858,0.05143453925848007
18,0,32,10,0.4222376346588135,0.14632833003997803
18,0,32,11,0.4545297622680664,0.03878455609083176
18,0,32,12,0.4041692316532135,0.11638698726892471
18,0,32,13,0.5719229578971863,0.16634945571422577
18,0,32,14,0.6068199276924133,0.08571135252714157
18,0,32,15,0.44657784700393677,0.09896542876958847
18,0,32,16,0.49789538979530334,0.0408664308488369
18,0,32,17,0.4016907811164856,0.13916893303394318
18,0,32,18,0.5006576776504517,0.06459429115056992
18,0,32,19,0.5698909759521484,0.07433602958917618
18,0,32,20,0.552514910697937,0.12562912702560425
18,0,32,21,0.5347868204116821,0.08378812670707703
18,0,32,22,0.572067379951477,0.059119317680597305
18,0,32,23,0.34632331132888794,0.06730464845895767
18,0,32,24,0.5380333065986633,0.12877768278121948
18,0,32,25,0.38563281297683716,0.10374100506305695
18,0,32,26,0.5688464045524597,0.05752497911453247
18,0,32,27,0.39101752638816833,0.09820951521396637
18,0,32,28,0.4502735137939453,0.07951784133911133
18,0,32,29,0.49905118346214294,0.07355104386806488
18,0,32,30,0.3669600486755371,0.07779645174741745
18,0,32,31,0.447659969329834,0.0711636021733284
18,1,32,0,0.6009949445724487,0.11761506646871567
18,1,32,1,0.5838443636894226,0.09984622150659561
18,1,32,2,0.4692695736885071,0.20432238280773163
18,1,32,3,0.5512744784355164,0.11590410023927689
18,1,32,4,0.42435359954833984,0.10707201808691025
18,1,32,5,0.5575377345085144,0.16649729013442993
18,1,32,6,0.5455118417739868,0.015789056196808815
18,1,32,7,0.6130689382553101,0.1661437749862671
18,1,32,8,0.4834769368171692,0.15147261321544647
18,1,32,9,0.5588017702102661,0.09324494749307632
18,1,32,10,0.4937697947025299,0.2326122373342514
18,1,32,11,0.624264121055603,0.10321501642465591
18,1,32,12,0.41170042753219604,0.1513403058052063
18,1,32,13,0.5669673681259155,0.18397006392478943
18,1,32,14,0.6869802474975586,0.06965811550617218
18,1,32,15,0.6142174005508423,0.10869085043668747
18,1,32,16,0.4562968313694,0.09599421173334122
18,1,32,17,0.4566296935081482,0.24472680687904358
18,1,32,18,0.5411071181297302,0.17238301038742065
18,1,32,19,0.6246902942657471,0.10481607168912888
18,1,32,20,0.659421443939209,0.09462419152259827
18,1,32,21,0.6788573265075684,0.11639881134033203
18,1,32,22,0.49255943298339844,0.09385412186384201
18,1,32,23,0.5738980770111084,0.03153267502784729
18,1,32,24,0.4111665189266205,0.14586935937404633
18,1,32,25,0.4803970754146576,0.09128346294164658
18,1,32,26,0.44657665491104126,0.1270657181739807
18,1,32,27,0.538508951663971,0.13373331725597382
18,1,32,28,0.5566436648368835,0.04449368268251419
18,1,32,29,0.4643898010253906,0.12712706625461578
18,1,32,30,0.44529181718826294,0.1285218596458435
18,1,32,31,0.5557564496994019,0.14788727462291718
18,2,64,0,0.3978779911994934,0.1606866717338562
18,2,64,1,0.47970446944236755,0.13999202847480774
18,2,64,2,0.516395628452301,0.18946456909179688
18,2,64,3,0.38472962379455566,0.14466755092144012
18,2,64,4,0.467304527759552,0.08218148350715637
18,2,64,5,0.36749035120010376,0.0763404443860054
18,2,64,6,0.541678786277771,0.14978283643722534
18,2,64,7,0.4640655517578125,0.12075680494308472
18,2,64,8,0.2732522487640381,0.10257397592067719
18,2,64,9,0.6356714963912964,0.12913118302822113
18,2,64,10,0.3769758343696594,0.15975962579250336
18,2,64,11,0.5705434083938599,0.18529285490512848
18,2,64,12,0.4422144293785095,0.1750684678554535
18,2,64,13,0.5660685300827026,0.12943044304847717
18,2,64,14,0.4964280128479004,0.18107716739177704
18,2,64,15,0.48971766233444214,0.10946577042341232
18,2,64,16,0.4871881902217865,0.1491110622882843
18,2,64,17,0.692050576210022,0.1521863043308258
18,2,64,18,0.5763512849807739,0.15500593185424805
18,2,64,19,0.2928977906703949,0.0793505609035492
18,2,64,20,0.6139445304870605,0.1854979544878006
18,2,64,21,0.4557761251926422,0.2587029039859772
18,2,64,22,0.4260188639163971,0.07466822862625122
18,2,64,23,0.5095137357711792,0.16479013860225677
18,2,64,24,0.6325298547744751,0.24827076494693756
18,2,64,25,0.46070995926856995,0.08328750729560852
18,2,64,26,0.5336644053459167,0.13324551284313202
18,2,64,27,0.39125552773475647,0.12283454835414886
18,2,64,28,0.589044988155365,0.17947180569171906
18,2,64,29,0.5383129715919495,0.15490424633026123
18,2,64,30,0.6471325755119324,0.06204196438193321
18,2,64,31,0.6289991140365601,0.13790613412857056
18,2,64,32,0.42709532380104065,0.0685032457113266
18,2,64,33,0.4081406593322754,0.1015825867652893
18,2,64,34,0.5657403469085693,0.14112353324890137
18,2,64,35,0.5249297022819519,0.17148327827453613
18,2,64,36,0.5261374115943909,0.17653128504753113
18,2,64,37,0.5245288014411926,0.16599220037460327
18,2,64,38,0.4872373044490814,0.1578228771686554
18,2,64,39,0.5418826341629028,0.1399110108613968
18,2,64,40,0.397702157497406,0.12462928146123886
18,2,64,41,0.3469926118850708,0.13621476292610168
18,2,64,42,0.3473891615867615,0.08464568853378296
18,2,64,43,0.5311034917831421,0.11627182364463806
18,2,64,44,0.5352698564529419,0.16239634156227112
18,2,64,45,0.47255271673202515,0.16538208723068237
18,2,64,46,0.31432121992111206,0.13287433981895447
18,2,64,47,0.5841854810714722,0.12363781780004501
18,2,64,48,0.5708417892456055,0.1346820741891861
18,2,64,49,0.404855340719223,0.18162694573402405
18,2,64,50,0.4612627625465393,0.13224433362483978
18,2,64,51,0.6007500886917114,0.23230338096618652
18,2,64,52,0.5921276807785034,0.2766886353492737
18,2,64,53,0.22817441821098328,0.1087949275970459
18,2,64,54,0.5978087186813354,0.18211311101913452
18,2,64,55,0.6189541816711426,0.16546064615249634
18,2,64,56,0.528874933719635,0.2147478312253952
18,2,64,57,0.5648103356361389,0.03356337919831276
18,2,64,58,0.6396849751472473,0.14814890921115875
18,2,64,59,0.5060908198356628,0.14316290616989136
18,2,64,60,0.3497459292411804,0.14827866852283478
18,2,64,61,0.5647971034049988,0.22920025885105133
18,2,64,62,0.47520050406455994,0.15213456749916077
18,2,64,63,0.4924284815788269,0.14406131207942963
18,3,64,0,0.46121472120285034,0.13945619761943817
18,3,64,1,0.5993844270706177,0.11506333947181702
18,3,64,2,0.5385688543319702,0.1703607141971588
18,3,64,3,0.36032676696777344,0.18785670399665833
18,3,64,4,0.33188289403915405,0.12839576601982117
18,3,64,5,0.5236517190933228,0.23378580808639526
18,3,64,6,0.701727569103241,0.10045115649700165
18,3,64,7,0.4750045835971832,0.07591389119625092
18,3,64,8,0.24436946213245392,0.16592684388160706
18,3,64,9,0.5247603058815002,0.095604807138443
18,3,64,10,0.5484312772750854,0.10987825691699982
18,3,64,11,0.3812846541404724,0.20544765889644623
18,3,64,12,0.5083093047142029,0.2160411775112152
18,3,64,13,0.5830036401748657,0.1124839037656784
18,3,64,14,0.3194224238395691,0.14101961255073547
18,3,64,15,0.37704184651374817,0.21773086488246918
18,3,64,16,0.4278353750705719,0.24809208512306213
18,3,64,17,0.5443419814109802,0.28647100925445557
18,3,64,18,0.5370931029319763,0.2809167802333832
18,3,64,19,0.6288620233535767,0.12620045244693756
18,3,64,20,0.4176604747772217,0.10810738801956177
18,3,64,21,0.6390029191970825,0.15805725753307343
18,3,64,22,0.451366662979126,0.12857474386692047
18,3,64,23,0.3598873019218445,0.17241330444812775
18,3,64,24,0.5484558939933777,0.2574475109577179
18,3,64,25,0.4128551483154297,0.17096230387687683
18,3,64,26,0.6792508363723755,0.10760638862848282
18,3,64,27,0.587536633014679,0.19797423481941223
18,3,64,28,0.3948822021484375,0.13611581921577454
18,3,64,29,0.5025836229324341,0.11344219744205475
18,3,64,30,0.5573773384094238,0.22532063722610474
18,3,64,31,0.32951611280441284,0.24689315259456635
18,3,64,32,0.2843349575996399,0.17717835307121277
18,3,64,33,0.5723057985305786,0.14605626463890076
18,3,64,34,0.3810891807079315,0.17094890773296356
18,3,64,35,0.363626092672348,0.09059780836105347
18,3,64,36,0.5201573371887207,0.2247239649295807
18,3,64,37,0.6726512908935547,0.09721890091896057
18,3,64,38,0.5699074864387512,0.18373894691467285
18,3,64,39,0.4880293011665344,0.2992616891860962
18,3,64,40,0.48541945219039917,0.10597671568393707
18,3,64,41,0.4705359935760498,0.07286912947893143
18,3,64,42,0.47426432371139526,0.07420215010643005
18,3,64,43,0.3550240397453308,0.1551397442817688
18,3,64,44,0.5557247996330261,0.03406113013625145
18,3,64,45,0.5783105492591858,0.2023436725139618
18,3,64,46,0.5632300972938538,0.22773833572864532
18,3,64,47,0.3963955044746399,0.1094447448849678
18,3,64,48,0.502484142780304,0.3187412917613983
18,3,64,49,0.35159367322921753,0.19009733200073242
18,3,64,50,0.5655416250228882,0.20517480373382568
18,3,64,51,0.7213969230651855,0.12008361518383026
18,3,64,52,0.37882769107818604,0.2322467863559723
18,3,64,53,0.3428470492362976,0.0936259925365448
18,3,64,54,0.4588618874549866,0.035064373165369034
18,3,64,55,0.6318132281303406,0.15507425367832184
18,3,64,56,0.5356475114822388,0.2411414086818695
18,3,64,57,0.7389472723007202,0.09738112986087799
18,3,64,58,0.6245001554489136,0.15120820701122284
18,3,64,59,0.6413759589195251,0.17664413154125214
18,3,64,60,0.6941990256309509,0.1286991685628891
18,3,64,61,0.5347669720649719,0.07602013647556305
18,3,64,62,0.5432106852531433,0.17611074447631836
18,3,64,63,0.26360177993774414,0.09383050352334976
18,4,128,0,0.54844731092453,0.3002537786960602
18,4,128,1,0.4318675100803375,0.2497788667678833
18,4,128,2,0.4466809630393982,0.3255181610584259
18,4,128,3,0.5854427814483643,0.17263533174991608
18,4,128,4,0.3709188401699066,0.0885806605219841
18,4,128,5,0.6241948008537292,0.17880049347877502
18,4,128,6,0.6529237627983093,0.1420171558856964
18,4,128,7,0.6677180528640747,0.10145522654056549
18,4,128,8,0.44022703170776367,0.18576644361019135
18,4,128,9,0.468261182308197,0.16448178887367249
18,4,128,10,0.47348642349243164,0.23791182041168213
18,4,128,11,0.6130085587501526,0.04580202326178551
18,4,128,12,0.5531964302062988,0.17644113302230835
18,4,128,13,0.6237342953681946,0.2198486179113388
18,4,128,14,0.5734408497810364,0.22466297447681427
18,4,128,15,0.5556799173355103,0.21786154806613922
18,4,128,16,0.7246588468551636,0.06777260452508926
18,4,128,17,0.5304166078567505,0.18301373720169067
18,4,128,18,0.5969811677932739,0.3364519476890564
18,4,128,19,0.6022244691848755,0.06745056062936783
18,4,128,20,0.4319520890712738,0.21728278696537018
18,4,128,21,0.5676583647727966,0.17895297706127167
18,4,128,22,0.37274855375289917,0.15327514708042145
18,4,128,23,0.6646004915237427,0.2176937460899353
18,4,128,24,0.6279662847518921,0.12519694864749908
18,4,128,25,0.5751825571060181,0.2158580720424652
18,4,128,26,0.44488412141799927,0.23434613645076752
18,4,128,27,0.49624618887901306,0.13404828310012817
18,4,128,28,0.4449191093444824,0.24507832527160645
18,4,128,29,0.6826017498970032,0.11248939484357834
18,4,128,30,0.45707178115844727,0.044468190521001816
18,4,128,31,0.7285029888153076,0.1413319855928421
18,4,128,32,0.45623165369033813,0.11268527805805206
18,4,128,33,0.43312501907348633,0.1337909996509552
18,4,128,34,0.6415582895278931,0.07768445461988449
18,4,128,35,0.5933140516281128,0.25523674488067627
18,4,128,36,0.6973307132720947,0.25186145305633545
18,4,128,37,0.4270309507846832,0.1837308406829834
18,4,128,38,0.38529419898986816,0.12483859062194824
18,4,128,39,0.4624856412410736,0.10547278821468353
18,4,128,40,0.679839015007019,0.05970626324415207
18,4,128,41,0.659209668636322,0.2889444828033447
18,4,128,42,0.5958908200263977,0.06540689617395401
18,4,128,43,0.6816483736038208,0.23068317770957947
18,4,128,44,0.7490975260734558,0.10657717287540436
18,4,128,45,0.5759352445602417,0.1885838359594345
18,4,128,46,0.6287828683853149,0.18005798757076263
18,4,128,47,0.5883246660232544,0.1286153942346573
18,4,128,48,0.479600727558136,0.25331011414527893
18,4,128,49,0.3533081114292145,0.12291764467954636
18,4,128,50,0.5542356371879578,0.12226036190986633
18,4,128,51,0.6505991220474243,0.31705883145332336
18,4,128,52,0.3166155219078064,0.11157627403736115
18,4,128,53,0.34029850363731384,0.07466036081314087
18,4,128,54,0.6689931154251099,0.29295942187309265
18,4,128,55,0.5790699124336243,0.2784344553947449
18,4,128,56,0.3976151645183563,0.24387411773204803
18,4,128,57,0.4472596049308777,0.1494154930114746
18,4,128,58,0.5665221214294434,0.11331074684858322
18,4,128,59,0.6786290407180786,0.17087985575199127
18,4,128,60,0.5930830240249634,0.10669588297605515
18,4,128,61,0.4676760733127594,0.16978418827056885
18,4,128,62,0.4946039617061615,0.27929577231407166
18,4,128,63,0.6901200413703918,0.07062047719955444
18,4,128,64,0.5693639516830444,0.29005199670791626
18,4,128,65,0.5320435762405396,0.17439034581184387
18,4,128,66,0.43016690015792847,0.15364016592502594
18,4,128,67,0.4154027998447418,0.056595947593450546
18,4,128,68,0.6357361078262329,0.15704892575740814
18,4,128,69,0.7109760642051697,0.2303910255432129
18,4,128,70,0.6650961637496948,0.07798008620738983
18,4,128,71,0.33395278453826904,0.12139439582824707
18,4,128,72,0.5651541948318481,0.2735763490200043
18,4,128,73,0.5649445056915283,0.2448698729276657
18,4,128,74,0.5888129472732544,0.13823151588439941
18,4,128,75,0.6410627961158752,0.30164873600006104
18,4,128,76,0.42236894369125366,0.2070133090019226
18,4,128,77,0.5705782175064087,0.18884623050689697
18,4,128,78,0.6212685704231262,0.1444190889596939
18,4,128,79,0.5730443000793457,0.272834450006485
18,4,128,80,0.6608237028121948,0.09578219801187515
18,4,128,81,0.5150078535079956,0.23356489837169647
18,4,128,82,0.3481541574001312,0.0922144427895546
18,4,128,83,0.3413819670677185,0.12749379873275757
18,4,128,84,0.40361732244491577,0.06587105244398117
18,4,128,85,0.6952033042907715,0.08074585348367691
18,4,128,86,0.4024209976196289,0.1782270073890686
18,4,128,87,0.48684388399124146,0.20819398760795593
18,4,128,88,0.4628821313381195,0.17266151309013367
18,4,128,89,0.37686270475387573,0.2687545716762543
18,4,128,90,0.5536342859268188,0.261051207780838
18,4,128,91,0.6924080848693848,0.09598047286272049
18,4,128,92,0.6395155191421509,0.16133858263492584
18,4,128,93,0.4724036753177643,0.1863580346107483
18,4,128,94,0.3939567506313324,0.2794773280620575
18,4,128,95,0.7723485231399536,0.059947386384010315
18,4,128,96,0.5227382779121399,0.18862254917621613
18,4,128,97,0.5462885499000549,0.19082331657409668
18,4,128,98,0.5092352032661438,0.2273453027009964
18,4,128,99,0.6489942669868469,0.21247343719005585
18,4,128,100,0.7111996412277222,0.2399623841047287
18,4,128,101,0.5083639025688171,0.12298227846622467
18,4,128,102,0.597217857837677,0.37580761313438416
18,4,128,103,0.5882352590560913,0.13112981617450714
18,4,128,104,0.6016248464584351,0.2824358642101288
18,4,128,105,0.4456409811973572,0.22513741254806519
18,4,128,106,0.4871198236942291,0.11616743355989456
18,4,128,107,0.6564378142356873,0.0839318335056305
18,4,128,108,0.3784793019294739,0.2823885679244995
18,4,128,109,0.5232952237129211,0.12769974768161774
18,4,128,110,0.6297172904014587,0.1943894922733307
18,4,128,111,0.6419429183006287,0.1382143199443817
18,4,128,112,0.6482273936271667,0.08712416887283325
18,4,128,113,0.4864960312843323,0.22351525723934174
18,4,128,114,0.7208210229873657,0.10177888721227646
18,4,128,115,0.4507250189781189,0.06949955224990845
18,4,128,116,0.7061308026313782,0.10451217740774155
18,4,128,117,0.7032601237297058,0.11845947802066803
18,4,128,118,0.5019509792327881,0.19226962327957153
18,4,128,119,0.5627480149269104,0.17036287486553192
18,4,128,120,0.7264847159385681,0.18222342431545258
18,4,128,121,0.5917673110961914,0.2379125952720642
18,4,128,122,0.4799341559410095,0.2355027049779892
18,4,128,123,0.41388821601867676,0.17788666486740112
18,4,128,124,0.35822829604148865,0.2102760225534439
18,4,128,125,0.6079525947570801,0.1742682307958603
18,4,128,126,0.3233177065849304,0.08165404945611954
18,4,128,127,0.5939506888389587,0.39110276103019714
18,5,128,0,0.6929258108139038,0.07202241569757462
18,5,128,1,0.7251355648040771,0.12998059391975403
18,5,128,2,0.7834028005599976,0.13389895856380463
18,5,128,3,0.6691271066665649,0.16941672563552856
18,5,128,4,0.5088903903961182,0.15858151018619537
18,5,128,5,0.7681573033332825,0.19457001984119415
18,5,128,6,0.8314419984817505,0.16516709327697754
18,5,128,7,0.8191099166870117,0.15181384980678558
18,5,128,8,0.775127112865448,0.21694090962409973
18,5,128,9,0.5816360712051392,0.08042922616004944
18,5,128,10,0.8209241032600403,0.14960592985153198
18,5,128,11,0.7558832168579102,0.27447935938835144
18,5,128,12,0.7409802675247192,0.2471095472574234
18,5,128,13,0.5302373170852661,0.15777690708637238
18,5,128,14,0.7784528136253357,0.14716705679893494
18,5,128,15,0.8174001574516296,0.20275455713272095
18,5,128,16,0.8028376698493958,0.18548154830932617
18,5,128,17,0.8009812235832214,0.13755612075328827
18,5,128,18,0.6348955035209656,0.098441943526268
18,5,128,19,0.6745388507843018,0.16344234347343445
18,5,128,20,0.6265765428543091,0.07300816476345062
18,5,128,21,0.36604219675064087,0.14711414277553558
18,5,128,22,0.386176198720932,0.2418532371520996
18,5,128,23,0.590620219707489,0.07384760677814484
18,5,128,24,0.7705775499343872,0.13559363782405853
18,5,128,25,0.8261712789535522,0.12715601921081543
18,5,128,26,0.5882599353790283,0.09394790232181549
18,5,128,27,0.6806294322013855,0.11552891135215759
18,5,128,28,0.7795571088790894,0.21834497153759003
18,5,128,29,0.7434136271476746,0.10989507287740707
18,5,128,30,0.32589191198349,0.23664216697216034
18,5,128,31,0.8062752485275269,0.11413127928972244
18,5,128,32,0.753110408782959,0.2848592698574066
18,5,128,33,0.30391448736190796,0.21350035071372986
18,5,128,34,0.7144700884819031,0.08008473366498947
18,5,128,35,0.8031951785087585,0.18898768723011017
18,5,128,36,0.7343546748161316,0.1616615206003189
18,5,128,37,0.389998197555542,0.06855926662683487
18,5,128,38,0.31334400177001953,0.1539725363254547
18,5,128,39,0.7521117925643921,0.2196478545665741
18,5,128,40,0.8264503479003906,0.14265978336334229
18,5,128,41,0.647823691368103,0.0968029722571373
18,5,128,42,0.5256451368331909,0.10655642300844193
18,5,128,43,0.48566585779190063,0.06109457090497017
18,5,128,44,0.3436010181903839,0.17663228511810303
18,5,128,45,0.7998881340026855,0.08205091953277588
18,5,128,46,0.7265242338180542,0.30697402358055115
18,5,128,47,0.8068853616714478,0.1673479527235031
18,5,128,48,0.6514989733695984,0.1709626168012619
18,5,128,49,0.6798524856567383,0.23147743940353394
18,5,128,50,0.6193253397941589,0.16782525181770325
18,5,128,51,0.8498325347900391,0.15353791415691376
18,5,128,52,0.6579559445381165,0.21095703542232513
18,5,128,53,0.7790681719779968,0.22152802348136902
18,5,128,54,0.813205897808075,0.16678744554519653
18,5,128,55,0.7606281042098999,0.19036413729190826
18,5,128,56,0.33597496151924133,0.23499763011932373
18,5,128,57,0.5114894509315491,0.08898425102233887
18,5,128,58,0.822638213634491,0.17646780610084534
18,5,128,59,0.7163336873054504,0.1269577145576477
18,5,128,60,0.8056439161300659,0.16711807250976562
18,5,128,61,0.8375116586685181,0.14481371641159058
18,5,128,62,0.44084614515304565,0.2441517561674118
18,5,128,63,0.7019349336624146,0.23866525292396545
18,5,128,64,0.7533538937568665,0.19833813607692719
18,5,128,65,0.4099121689796448,0.11986728757619858
18,5,128,66,0.28593751788139343,0.2941912114620209
18,5,128,67,0.6932051777839661,0.27603062987327576
18,5,128,68,0.258924663066864,0.12298205494880676
18,5,128,69,0.24456028640270233,0.22340044379234314
18,5,128,70,0.7097858190536499,0.31095683574676514
18,5,128,71,0.4867193102836609,0.126723974943161
18,5,128,72,0.7780646085739136,0.20690317451953888
18,5,128,73,0.7493248581886292,0.17503082752227783
18,5,128,74,0.8403213620185852,0.14610785245895386
18,5,128,75,0.8011194467544556,0.1802528202533722
18,5,128,76,0.6263813972473145,0.0897100642323494
18,5,128,77,0.5503411889076233,0.11514666676521301
18,5,128,78,0.7770848870277405,0.14405283331871033
18,5,128,79,0.7824357151985168,0.21175874769687653
18,5,128,80,0.7966697812080383,0.14839498698711395
18,5,128,81,0.7632054090499878,0.24523991346359253
18,5,128,82,0.7902617454528809,0.13950110971927643
18,5,128,83,0.4980608820915222,0.09947594255208969
18,5,128,84,0.7847800254821777,0.18924571573734283
18,5,128,85,0.836703896522522,0.1326746791601181
18,5,128,86,0.7295670509338379,0.19764891266822815
18,5,128,87,0.4471867084503174,0.21799345314502716
18,5,128,88,0.7247802019119263,0.11242572218179703
18,5,128,89,0.7552498579025269,0.15080484747886658
18,5,128,90,0.5741459131240845,0.06590980291366577
18,5,128,91,0.6441454291343689,0.1360754817724228
18,5,128,92,0.6497969031333923,0.24019098281860352
18,5,128,93,0.28469184041023254,0.23117703199386597
18,5,128,94,0.7917774319648743,0.18652068078517914
18,5,128,95,0.8438193202018738,0.14923161268234253
18,5,128,96,0.7524911761283875,0.24392138421535492
18,5,128,97,0.6318477392196655,0.10359805822372437
18,5,128,98,0.7611775398254395,0.08211953938007355
18,5,128,99,0.7754689455032349,0.23604491353034973
18,5,128,100,0.8105493783950806,0.21362513303756714
18,5,128,101,0.5296657681465149,0.05914846807718277
18,5,128,102,0.7874532341957092,0.1373121291399002
18,5,128,103,0.312481164932251,0.2121996134519577
18,5,128,104,0.2380305528640747,0.2118813395500183
18,5,128,105,0.769485592842102,0.22244705259799957
18,5,128,106,0.7958041429519653,0.18777254223823547
18,5,128,107,0.731745183467865,0.2572050392627716
18,5,128,108,0.8284390568733215,0.1385929137468338
18,5,128,109,0.8204220533370972,0.14809472858905792
18,5,128,110,0.37827593088150024,0.2426961213350296
18,5,128,111,0.7311578989028931,0.26495617628097534
18,5,128,112,0.4110613465309143,0.2414986789226532
18,5,128,113,0.527823805809021,0.06474906951189041
18,5,128,114,0.8545543551445007,0.12448002398014069
18,5,128,115,0.7375003099441528,0.28041931986808777
18,5,128,116,0.7737867832183838,0.11865396797657013
18,5,128,117,0.824924111366272,0.11661767214536667
18,5,128,118,0.681795060634613,0.17575381696224213
18,5,128,119,0.6955596208572388,0.0835953876376152
18,5,128,120,0.8228517770767212,0.18752038478851318
18,5,128,121,0.7949473261833191,0.13519082963466644
18,5,128,122,0.2869165539741516,0.3200327157974243
18,5,128,123,0.3419339060783386,0.08090721815824509
18,5,128,124,0.4688247740268707,0.203056201338768
18,5,128,125,0.766910195350647,0.17717882990837097
18,5,128,126,0.7754199504852295,0.13980059325695038
18,5,128,127,0.712571918964386,0.1748538464307785
19,0,32,0,0.4578195810317993,0.12517793476581573
19,0,32,1,0.544065535068512,0.1089354157447815
19,0,32,2,0.4403839409351349,0.09492190927267075
19,0,32,3,0.5113295316696167,0.1470712274312973
19,0,32,4,0.557377815246582,0.08118743449449539
19,0,32,5,0.4330090880393982,0.09163052588701248
19,0,32,6,0.5206610560417175,0.038138166069984436
19,0,32,7,0.6078518629074097,0.1082204207777977
19,0,32,8,0.4514819085597992,0.08522284775972366
19,0,32,9,0.679127037525177,0.0939067155122757
19,0,32,10,0.35966047644615173,0.16105006635189056
19,0,32,11,0.5031546354293823,0.11140578240156174
19,0,32,12,0.3341032862663269,0.14052776992321014
19,0,32,13,0.534345805644989,0.1147393062710762
19,0,32,14,0.6299936771392822,0.1066344752907753
19,0,32,15,0.4188011586666107,0.1162353903055191
19,0,32,16,0.4693019986152649,0.09141882508993149
19,0,32,17,0.3589818477630615,0.10613252967596054
19,0,32,18,0.5507644414901733,0.11905433237552643
19,0,32,19,0.49138838052749634,0.12873953580856323
19,0,32,20,0.5804177522659302,0.10259150713682175
19,0,32,21,0.5754037499427795,0.12853758037090302
19,0,32,22,0.5696576237678528,0.1011030450463295
19,0,32,23,0.3505243957042694,0.06332162022590637
19,0,32,24,0.5107558965682983,0.07589984685182571
19,0,32,25,0.3431379497051239,0.11190696805715561
19,0,32,26,0.48683977127075195,0.14531229436397552
19,0,32,27,0.39224815368652344,0.10495999455451965
19,0,32,28,0.4773045480251312,0.05387960746884346
19,0,32,29,0.5047932863235474,0.13608574867248535
19,0,32,30,0.3306797444820404,0.12319716066122055
19,0,32,31,0.4825035035610199,0.06475123018026352
19,1,32,0,0.5494672060012817,0.02653125859797001
19,1,32,1,0.5172421932220459,0.06290663778781891
19,1,32,2,0.4212520718574524,0.07065127044916153
19,1,32,3,0.562455415725708,0.10717133432626724
19,1,32,4,0.42586377263069153,0.057908643037080765
19,1,32,5,0.6431152820587158,0.05427275598049164
19,1,32,6,0.5403894186019897,0.01937125064432621
19,1,32,7,0.691862940788269,0.07114922255277634
19,1,32,8,0.4139172434806824,0.054779183119535446
19,1,32,9,0.5406249761581421,0.04248837009072304
19,1,32,10,0.40452972054481506,0.1552084982395172
19,1,32,11,0.6116878390312195,0.036885254085063934
19,1,32,12,0.40665534138679504,0.10319080948829651
19,1,32,13,0.45918700098991394,0.13162082433700562
19,1,32,14,0.6817376613616943,0.10893716663122177
19,1,32,15,0.6207087635993958,0.09080701321363449
19,1,32,16,0.4016270041465759,0.05315884202718735
19,1,32,17,0.3568543493747711,0.0978139340877533
19,1,32,18,0.5531296730041504,0.03642549365758896
19,1,32,19,0.5946288108825684,0.057444702833890915
19,1,32,20,0.6720908284187317,0.08150922507047653
19,1,32,21,0.6773281693458557,0.09023460000753403
19,1,32,22,0.5092858672142029,0.04966568946838379
19,1,32,23,0.568997859954834,0.019861489534378052
19,1,32,24,0.4423869848251343,0.04782399535179138
19,1,32,25,0.4129667282104492,0.12975344061851501
19,1,32,26,0.5151837468147278,0.06065550446510315
19,1,32,27,0.5583410263061523,0.05736628547310829
19,1,32,28,0.55892413854599,0.02315007522702217
19,1,32,29,0.5506286025047302,0.10299360007047653
19,1,32,30,0.47285032272338867,0.048643894493579865
19,1,32,31,0.48423856496810913,0.05687018483877182
19,2,64,0,0.4512793719768524,0.1337069422006607
19,2,64,1,0.45582905411720276,0.22704078257083893
19,2,64,2,0.5537949204444885,0.20126470923423767
19,2,64,3,0.35727623105049133,0.09890525043010712
19,2,64,4,0.45430952310562134,0.10203646868467331
19,2,64,5,0.3649634122848511,0.149811789393425
19,2,64,6,0.6022956371307373,0.2047749161720276
19,2,64,7,0.4602971374988556,0.10515876114368439
19,2,64,8,0.25922420620918274,0.1262589991092682
19,2,64,9,0.6206769943237305,0.18874303996562958
19,2,64,10,0.4130970239639282,0.14275863766670227
19,2,64,11,0.596538245677948,0.1601988524198532
19,2,64,12,0.4397227466106415,0.13609738647937775
19,2,64,13,0.5563791990280151,0.2190406620502472
19,2,64,14,0.5847284197807312,0.15669427812099457
19,2,64,15,0.5205559730529785,0.1361697018146515
19,2,64,16,0.5929526686668396,0.16740192472934723
19,2,64,17,0.6289222836494446,0.1530511975288391
19,2,64,18,0.5311532020568848,0.19383923709392548
19,2,64,19,0.38736674189567566,0.19592061638832092
19,2,64,20,0.654467761516571,0.1593034714460373
19,2,64,21,0.6075854897499084,0.11162623763084412
19,2,64,22,0.4850369393825531,0.13323666155338287
19,2,64,23,0.42296767234802246,0.13590337336063385
19,2,64,24,0.6602779030799866,0.16967342793941498
19,2,64,25,0.3811611533164978,0.11347856372594833
19,2,64,26,0.5872321128845215,0.10739223659038544
19,2,64,27,0.45753639936447144,0.22874292731285095
19,2,64,28,0.6119325757026672,0.18423375487327576
19,2,64,29,0.5623252391815186,0.13266310095787048
19,2,64,30,0.5725523233413696,0.11391427367925644
19,2,64,31,0.6334584951400757,0.1705000251531601
19,2,64,32,0.4329499900341034,0.11454911530017853
19,2,64,33,0.5738036036491394,0.21553978323936462
19,2,64,34,0.5722785592079163,0.11710545420646667
19,2,64,35,0.5246410965919495,0.2426919788122177
19,2,64,36,0.6054620146751404,0.08559221774339676
19,2,64,37,0.4999670088291168,0.17192353308200836
19,2,64,38,0.55269855260849,0.1332913488149643
19,2,64,39,0.4899121820926666,0.20564743876457214
19,2,64,40,0.48234832286834717,0.2275848686695099
19,2,64,41,0.4004691243171692,0.16826777160167694
19,2,64,42,0.47570323944091797,0.23903968930244446
19,2,64,43,0.6901764273643494,0.09984499961137772
19,2,64,44,0.54079270362854,0.16589337587356567
19,2,64,45,0.527852475643158,0.1641935110092163
19,2,64,46,0.3636913597583771,0.18305230140686035
19,2,64,47,0.5757859349250793,0.19732898473739624
19,2,64,48,0.5600200295448303,0.17015889286994934
19,2,64,49,0.36334142088890076,0.20879985392093658
19,2,64,50,0.44727981090545654,0.16432037949562073
19,2,64,51,0.5262377262115479,0.24009352922439575
19,2,64,52,0.6084727048873901,0.2503671646118164
19,2,64,53,0.2380419671535492,0.10834086686372757
19,2,64,54,0.6328324675559998,0.18235519528388977
19,2,64,55,0.532926619052887,0.20884448289871216
19,2,64,56,0.4761013984680176,0.09913370013237
19,2,64,57,0.5183424949645996,0.1232343390583992
19,2,64,58,0.48176902532577515,0.2663699984550476
19,2,64,59,0.6755995154380798,0.20371460914611816
19,2,64,60,0.3972104787826538,0.10900966823101044
19,2,64,61,0.5753787755966187,0.23098547756671906
19,2,64,62,0.45415014028549194,0.13838307559490204
19,2,64,63,0.5405740141868591,0.1505192369222641
19,3,64,0,0.5163567066192627,0.10503354668617249
19,3,64,1,0.5105417370796204,0.1769222915172577
19,3,64,2,0.645926296710968,0.10365788638591766
19,3,64,3,0.40616536140441895,0.15715280175209045
19,3,64,4,0.41791367530822754,0.11981874704360962
19,3,64,5,0.5963083505630493,0.15011641383171082
19,3,64,6,0.5948355197906494,0.08840181678533554
19,3,64,7,0.5381801128387451,0.1771521419286728
19,3,64,8,0.3389149606227875,0.12817399203777313
19,3,64,9,0.5472816824913025,0.057470664381980896
19,3,64,10,0.6002639532089233,0.05931171402335167
19,3,64,11,0.44884127378463745,0.15831345319747925
19,3,64,12,0.5815029740333557,0.17125271260738373
19,3,64,13,0.5988970994949341,0.1196550503373146
19,3,64,14,0.4123932421207428,0.15160928666591644
19,3,64,15,0.5649780035018921,0.08903679996728897
19,3,64,16,0.38252899050712585,0.16874246299266815
19,3,64,17,0.46112340688705444,0.15937688946723938
19,3,64,18,0.4622225761413574,0.1862201988697052
19,3,64,19,0.5844152569770813,0.10802528262138367
19,3,64,20,0.48509541153907776,0.0836973786354065
19,3,64,21,0.5597056746482849,0.062421102076768875
19,3,64,22,0.5464953780174255,0.1835480034351349
19,3,64,23,0.4926081895828247,0.08424953371286392
19,3,64,24,0.6182379126548767,0.24980182945728302
19,3,64,25,0.48545488715171814,0.17246372997760773
19,3,64,26,0.6463639140129089,0.09954560548067093
19,3,64,27,0.5305900573730469,0.059797223657369614
19,3,64,28,0.36380332708358765,0.1116570308804512
19,3,64,29,0.5318219065666199,0.07393554598093033
19,3,64,30,0.5377352833747864,0.1511210799217224
19,3,64,31,0.44733956456184387,0.20331580936908722
19,3,64,32,0.48144927620887756,0.08579074591398239
19,3,64,33,0.4992968738079071,0.1898103505373001
19,3,64,34,0.4117443263530731,0.05372291058301926
19,3,64,35,0.38712450861930847,0.153363436460495
19,3,64,36,0.5669023394584656,0.16921190917491913
19,3,64,37,0.6083657741546631,0.07354601472616196
19,3,64,38,0.465377539396286,0.13165636360645294
19,3,64,39,0.5001004338264465,0.23815074563026428
19,3,64,40,0.6032459735870361,0.10800544172525406
19,3,64,41,0.40891948342323303,0.06733296811580658
19,3,64,42,0.40887075662612915,0.04421909898519516
19,3,64,43,0.5130689144134521,0.06219060346484184
19,3,64,44,0.42922160029411316,0.24392253160476685
19,3,64,45,0.4691869616508484,0.08265804499387741
19,3,64,46,0.4670603573322296,0.12279608100652695
19,3,64,47,0.43572989106178284,0.11661496013402939
19,3,64,48,0.6294718980789185,0.16997189819812775
19,3,64,49,0.4734274446964264,0.15162914991378784
19,3,64,50,0.6356046795845032,0.10630097985267639
19,3,64,51,0.5689986944198608,0.1357751041650772
19,3,64,52,0.4197094440460205,0.2429802417755127
19,3,64,53,0.41477838158607483,0.13279615342617035
19,3,64,54,0.4381319284439087,0.09462738037109375
19,3,64,55,0.6179848909378052,0.11421257257461548
19,3,64,56,0.5287800431251526,0.1793438196182251
19,3,64,57,0.6116822957992554,0.12779371440410614
19,3,64,58,0.5286097526550293,0.16301976144313812
19,3,64,59,0.6015315651893616,0.1552787572145462
19,3,64,60,0.5754888653755188,0.06893189251422882
19,3,64,61,0.5380074381828308,0.085731640458107
19,3,64,62,0.5888718962669373,0.14732611179351807
19,3,64,63,0.28920772671699524,0.11442632228136063
19,4,128,0,0.4485517144203186,0.18160609900951385
19,4,128,1,0.47168028354644775,0.20761796832084656
19,4,128,2,0.5645669102668762,0.22049309313297272
19,4,128,3,0.3979620933532715,0.13470712304115295
19,4,128,4,0.46133390069007874,0.07386182248592377
19,4,128,5,0.5953603386878967,0.17542263865470886
19,4,128,6,0.6783120036125183,0.08898048102855682
19,4,128,7,0.6398618221282959,0.17259570956230164
19,4,128,8,0.5406755208969116,0.1833799034357071
19,4,128,9,0.47054293751716614,0.15893422067165375
19,4,128,10,0.5545814037322998,0.24758851528167725
19,4,128,11,0.6393342614173889,0.05113021656870842
19,4,128,12,0.5568418502807617,0.08379172533750534
19,4,128,13,0.4822993874549866,0.159160777926445
19,4,128,14,0.6011495590209961,0.08883905410766602
19,4,128,15,0.5171277523040771,0.24309095740318298
19,4,128,16,0.6243206262588501,0.0628594383597374
19,4,128,17,0.6573321223258972,0.1108873263001442
19,4,128,18,0.519528865814209,0.2351977825164795
19,4,128,19,0.5762591361999512,0.11962888389825821
19,4,128,20,0.4541618227958679,0.22538001835346222
19,4,128,21,0.5120626091957092,0.15386149287223816
19,4,128,22,0.5638468265533447,0.07038403302431107
19,4,128,23,0.6671811938285828,0.22257252037525177
19,4,128,24,0.6508896946907043,0.14032940566539764
19,4,128,25,0.636942446231842,0.10512246191501617
19,4,128,26,0.376145601272583,0.08273616433143616
19,4,128,27,0.6108630895614624,0.10465242713689804
19,4,128,28,0.5604791045188904,0.21178308129310608
19,4,128,29,0.611198902130127,0.06834233552217484
19,4,128,30,0.4887814223766327,0.14564935863018036
19,4,128,31,0.6391628980636597,0.07852685451507568
19,4,128,32,0.601897656917572,0.15091228485107422
19,4,128,33,0.4703415036201477,0.19118516147136688
19,4,128,34,0.68815016746521,0.12353816628456116
19,4,128,35,0.5584843754768372,0.16920645534992218
19,4,128,36,0.5840412974357605,0.12189797312021255
19,4,128,37,0.46634751558303833,0.19642046093940735
19,4,128,38,0.4403590261936188,0.1634167581796646
19,4,128,39,0.4538998603820801,0.11276561766862869
19,4,128,40,0.6150909662246704,0.08025360107421875
19,4,128,41,0.46621960401535034,0.16672097146511078
19,4,128,42,0.5893043279647827,0.146989107131958
19,4,128,43,0.6454126238822937,0.24703820049762726
19,4,128,44,0.6306419968605042,0.06798712909221649
19,4,128,45,0.6250873804092407,0.19002261757850647
19,4,128,46,0.579116702079773,0.1389649361371994
19,4,128,47,0.680499255657196,0.10019892454147339
19,4,128,48,0.5936993360519409,0.22949619591236115
19,4,128,49,0.5583807826042175,0.1797928512096405
19,4,128,50,0.5480031371116638,0.2010735273361206
19,4,128,51,0.5811947584152222,0.20759926736354828
19,4,128,52,0.5026988983154297,0.13708017766475677
19,4,128,53,0.5315898060798645,0.1799767166376114
19,4,128,54,0.5877521634101868,0.1884317249059677
19,4,128,55,0.576046347618103,0.09217452257871628
19,4,128,56,0.5061681866645813,0.18132157623767853
19,4,128,57,0.5090729594230652,0.10359714180231094
19,4,128,58,0.5195949077606201,0.18097388744354248
19,4,128,59,0.5198230147361755,0.09102132171392441
19,4,128,60,0.5791656970977783,0.1943831443786621
19,4,128,61,0.4334493577480316,0.15536247193813324
19,4,128,62,0.6482306718826294,0.20110675692558289
19,4,128,63,0.5952557325363159,0.14850616455078125
19,4,128,64,0.5092362761497498,0.23954607546329498
19,4,128,65,0.3996536135673523,0.17143726348876953
19,4,128,66,0.6312838196754456,0.13918422162532806
19,4,128,67,0.47365710139274597,0.13235493004322052
19,4,128,68,0.6916370391845703,0.12350060790777206
19,4,128,69,0.6688634157180786,0.1902116984128952
19,4,128,70,0.7235497236251831,0.1054401695728302
19,4,128,71,0.4456077814102173,0.14383520185947418
19,4,128,72,0.5171850323677063,0.22027310729026794
19,4,128,73,0.5869793891906738,0.12892314791679382
19,4,128,74,0.5242130160331726,0.08134616166353226
19,4,128,75,0.5879729986190796,0.1840021014213562
19,4,128,76,0.5634332895278931,0.14474232494831085
19,4,128,77,0.49205324053764343,0.16110503673553467
19,4,128,78,0.5686180591583252,0.13248154520988464
19,4,128,79,0.43725067377090454,0.1786564737558365
19,4,128,80,0.5169454216957092,0.22971488535404205
19,4,128,81,0.4890957772731781,0.24186457693576813
19,4,128,82,0.5151625871658325,0.11383824050426483
19,4,128,83,0.4394848346710205,0.19837185740470886
19,4,128,84,0.43401631712913513,0.09369885921478271
19,4,128,85,0.6112154126167297,0.10486472398042679
19,4,128,86,0.46684157848358154,0.15225213766098022
19,4,128,87,0.5137770175933838,0.1482621431350708
19,4,128,88,0.45828932523727417,0.17787547409534454
19,4,128,89,0.526280403137207,0.19990214705467224
19,4,128,90,0.6762611865997314,0.1544165164232254
19,4,128,91,0.5944872498512268,0.22618480026721954
19,4,128,92,0.5455482006072998,0.08717990666627884
19,4,128,93,0.5107320547103882,0.1629694551229477
19,4,128,94,0.533977746963501,0.20576393604278564
19,4,128,95,0.766915500164032,0.08057720214128494
19,4,128,96,0.569554328918457,0.12182767689228058
19,4,128,97,0.5001886487007141,0.1564987599849701
19,4,128,98,0.6013512015342712,0.18362639844417572
19,4,128,99,0.6454691886901855,0.14726445078849792
19,4,128,100,0.512300968170166,0.22259238362312317
19,4,128,101,0.5731592178344727,0.12505125999450684
19,4,128,102,0.5210207104682922,0.2521621286869049
19,4,128,103,0.4702155292034149,0.13916614651679993
19,4,128,104,0.5894701480865479,0.22663335502147675
19,4,128,105,0.5140887498855591,0.1417347490787506
19,4,128,106,0.4582235813140869,0.11597958207130432
19,4,128,107,0.6016348004341125,0.12360134720802307
19,4,128,108,0.5805169939994812,0.1905827671289444
19,4,128,109,0.5201235413551331,0.11595436930656433
19,4,128,110,0.7658481001853943,0.10394971072673798
19,4,128,111,0.6377836465835571,0.095135897397995
19,4,128,112,0.5519891381263733,0.10754277557134628
19,4,128,113,0.4929004907608032,0.2282620072364807
19,4,128,114,0.6135037541389465,0.11640682816505432
19,4,128,115,0.4657946527004242,0.08018800616264343
19,4,128,116,0.6378259062767029,0.11167299002408981
19,4,128,117,0.6290585398674011,0.1507726013660431
19,4,128,118,0.45870938897132874,0.11587949842214584
19,4,128,119,0.4524597227573395,0.11076831072568893
19,4,128,120,0.6311091184616089,0.09979311376810074
19,4,128,121,0.482074499130249,0.16487440466880798
19,4,128,122,0.5045126080513,0.09566842764616013
19,4,128,123,0.5022450685501099,0.1729995161294937
19,4,128,124,0.4556727409362793,0.09984691441059113
19,4,128,125,0.5789939761161804,0.20402324199676514
19,4,128,126,0.5015421509742737,0.08269130438566208
19,4,128,127,0.5708373188972473,0.3013356924057007
19,5,128,0,0.7503483295440674,0.06074938923120499
19,5,128,1,0.6435418725013733,0.12255517393350601
19,5,128,2,0.8015439510345459,0.11920220404863358
19,5,128,3,0.5639887452125549,0.1302052140235901
19,5,128,4,0.703546404838562,0.11741918325424194
19,5,128,5,0.8120659589767456,0.14394457638263702
19,5,128,6,0.82829350233078,0.1512272208929062
19,5,128,7,0.8463475108146667,0.09259261935949326
19,5,128,8,0.7572076916694641,0.15963266789913177
19,5,128,9,0.6997347474098206,0.08653182536363602
19,5,128,10,0.7791288495063782,0.1061871349811554
19,5,128,11,0.6605736613273621,0.30476266145706177
19,5,128,12,0.7198241949081421,0.24899142980575562
19,5,128,13,0.2762557864189148,0.2215186506509781
19,5,128,14,0.746248722076416,0.23158973455429077
19,5,128,15,0.8688267469406128,0.12747256457805634
19,5,128,16,0.7607883810997009,0.20219507813453674
19,5,128,17,0.7310229539871216,0.11251198500394821
19,5,128,18,0.759594202041626,0.10096754133701324
19,5,128,19,0.6094028949737549,0.21201549470424652
19,5,128,20,0.7722302079200745,0.10292258113622665
19,5,128,21,0.37509167194366455,0.178312286734581
19,5,128,22,0.7919886112213135,0.12483330070972443
19,5,128,23,0.7422245740890503,0.08147972077131271
19,5,128,24,0.8282290101051331,0.11068066954612732
19,5,128,25,0.8522679805755615,0.1211811900138855
19,5,128,26,0.6870342493057251,0.12753938138484955
19,5,128,27,0.8535720705986023,0.09226418286561966
19,5,128,28,0.7498577237129211,0.19474180042743683
19,5,128,29,0.7920042276382446,0.08881665021181107
19,5,128,30,0.6501601338386536,0.13654384016990662
19,5,128,31,0.8391095399856567,0.10499938577413559
19,5,128,32,0.8081302046775818,0.15269021689891815
19,5,128,33,0.40360477566719055,0.34700989723205566
19,5,128,34,0.6194138526916504,0.17242223024368286
19,5,128,35,0.7610666155815125,0.2011326253414154
19,5,128,36,0.7959405779838562,0.10235615074634552
19,5,128,37,0.641865074634552,0.09962223470211029
19,5,128,38,0.3544560670852661,0.13506141304969788
19,5,128,39,0.781440258026123,0.11061851680278778
19,5,128,40,0.7349653244018555,0.23457840085029602
19,5,128,41,0.6909952759742737,0.11268805712461472
19,5,128,42,0.5124502182006836,0.2053094208240509
19,5,128,43,0.40513837337493896,0.17881692945957184
19,5,128,44,0.2792176306247711,0.23321574926376343
19,5,128,45,0.8464658856391907,0.10316146910190582
19,5,128,46,0.6037757992744446,0.3278023600578308
19,5,128,47,0.8264726400375366,0.12631376087665558
19,5,128,48,0.6091790795326233,0.18092399835586548
19,5,128,49,0.6086471080780029,0.2679811418056488
19,5,128,50,0.2567538321018219,0.11528761684894562
19,5,128,51,0.8783721923828125,0.06984177231788635
19,5,128,52,0.5264173746109009,0.13796646893024445
19,5,128,53,0.8255566358566284,0.14008088409900665
19,5,128,54,0.7808257341384888,0.13219082355499268
19,5,128,55,0.7076612114906311,0.24418990314006805
19,5,128,56,0.534238338470459,0.20912088453769684
19,5,128,57,0.5098289847373962,0.10104548186063766
19,5,128,58,0.8607565760612488,0.10575101524591446
19,5,128,59,0.7950482368469238,0.08447980880737305
19,5,128,60,0.7409681677818298,0.11026278138160706
19,5,128,61,0.8342481255531311,0.10679062455892563
19,5,128,62,0.6856182813644409,0.13443425297737122
19,5,128,63,0.7296710014343262,0.13688412308692932
19,5,128,64,0.6794296503067017,0.2953730821609497
19,5,128,65,0.6282841563224792,0.1363777369260788
19,5,128,66,0.4036645293235779,0.38104477524757385
19,5,128,67,0.7431032657623291,0.22379787266254425
19,5,128,68,0.27802661061286926,0.17521773278713226
19,5,128,69,0.31885188817977905,0.1398017704486847
19,5,128,70,0.6750069856643677,0.3166908919811249
19,5,128,71,0.4535905122756958,0.08078374713659286
19,5,128,72,0.7500889897346497,0.08057279884815216
19,5,128,73,0.8582940697669983,0.0918302834033966
19,5,128,74,0.8446258902549744,0.13453802466392517
19,5,128,75,0.7781783938407898,0.12925100326538086
19,5,128,76,0.7742487788200378,0.09385593980550766
19,5,128,77,0.6625797748565674,0.14910747110843658
19,5,128,78,0.7522081136703491,0.09594739973545074
19,5,128,79,0.8481237292289734,0.11525051295757294
19,5,128,80,0.8503471612930298,0.10721120983362198
19,5,128,81,0.742189884185791,0.2153247892856598
19,5,128,82,0.8464081883430481,0.0846719965338707
19,5,128,83,0.5954155921936035,0.11084283888339996
19,5,128,84,0.8036800622940063,0.0915101170539856
19,5,128,85,0.8568406701087952,0.13326139748096466
19,5,128,86,0.7688323259353638,0.1361187994480133
19,5,128,87,0.5505717992782593,0.2546858787536621
19,5,128,88,0.6585655212402344,0.14219699800014496
19,5,128,89,0.6990533471107483,0.09119585901498795
19,5,128,90,0.6430180072784424,0.054666317999362946
19,5,128,91,0.7880373597145081,0.13510170578956604
19,5,128,92,0.5421673059463501,0.2099059373140335
19,5,128,93,0.7072353363037109,0.14210949838161469
19,5,128,94,0.734696090221405,0.10008587688207626
19,5,128,95,0.8769047260284424,0.09619108587503433
19,5,128,96,0.6922065615653992,0.2923372983932495
19,5,128,97,0.5634549260139465,0.23281072080135345
19,5,128,98,0.8594619631767273,0.1030176654458046
19,5,128,99,0.7271952033042908,0.12620098888874054
19,5,128,100,0.7998035550117493,0.16151173412799835
19,5,128,101,0.6814351677894592,0.12357579171657562
19,5,128,102,0.8235725164413452,0.12436734139919281
19,5,128,103,0.38746967911720276,0.23749054968357086
19,5,128,104,0.33371618390083313,0.24602723121643066
19,5,128,105,0.8321129083633423,0.10938467085361481
19,5,128,106,0.7642568349838257,0.2109302282333374
19,5,128,107,0.6276854872703552,0.3665357828140259
19,5,128,108,0.8579985499382019,0.11403495073318481
19,5,128,109,0.8344175815582275,0.12391459941864014
19,5,128,110,0.5658438205718994,0.15822692215442657
19,5,128,111,0.7666217088699341,0.16501697897911072
19,5,128,112,0.8411625623703003,0.0832056924700737
19,5,128,113,0.47240716218948364,0.15936557948589325
19,5,128,114,0.8161689043045044,0.1144309788942337
19,5,128,115,0.6427342891693115,0.3401262164115906
19,5,128,116,0.8503580689430237,0.08119823038578033
19,5,128,117,0.7963123917579651,0.12323214113712311
19,5,128,118,0.7235451936721802,0.07609949260950089
19,5,128,119,0.7825649976730347,0.16024471819400787
19,5,128,120,0.6607135534286499,0.05733439698815346
19,5,128,121,0.7792568206787109,0.12362219393253326
19,5,128,122,0.3609105944633484,0.3155592083930969
19,5,128,123,0.7231948971748352,0.19049733877182007
19,5,128,124,0.8150566816329956,0.0700816661119461
19,5,128,125,0.7140066623687744,0.14308461546897888
19,5,128,126,0.7917460203170776,0.10746128112077713
19,5,128,127,0.599982500076294,0.028866717591881752
20,0,32,0,0.4921039938926697,0.13204418122768402
20,0,32,1,0.4780797064304352,0.2002759873867035
20,0,32,2,0.3787616491317749,0.13626113533973694
20,0,32,3,0.6875110268592834,0.07378625869750977
20,0,32,4,0.466556191444397,0.08907469362020493
20,0,32,5,0.5302445888519287,0.05643166974186897
20,0,32,6,0.4755280613899231,0.17964644730091095
20,0,32,7,0.5598454475402832,0.14147622883319855
20,0,32,8,0.6803202033042908,0.07360830903053284
20,0,32,9,0.6149579286575317,0.12514299154281616
20,0,32,10,0.5189005732536316,0.12270299345254898
20,0,32,11,0.48046085238456726,0.07988299429416656
20,0,32,12,0.6377944350242615,0.05739830806851387
20,0,32,13,0.46525031328201294,0.18251223862171173
20,0,32,14,0.6422572731971741,0.12344428151845932
20,0,32,15,0.5113617777824402,0.04951521381735802
20,0,32,16,0.39828577637672424,0.13058671355247498
20,0,32,17,0.5813758373260498,0.04141763597726822
20,0,32,18,0.5086948275566101,0.18274152278900146
20,0,32,19,0.39027222990989685,0.13324739038944244
20,0,32,20,0.5462650060653687,0.14234516024589539
20,0,32,21,0.3961394727230072,0.05763188377022743
20,0,32,22,0.47498831152915955,0.09207260608673096
20,0,32,23,0.4724194407463074,0.1766984462738037
20,0,32,24,0.41021299362182617,0.21283265948295593
20,0,32,25,0.4887583255767822,0.1410495638847351
20,0,32,26,0.4648473262786865,0.16754849255084991
20,0,32,27,0.45211291313171387,0.15304811298847198
20,0,32,28,0.6318214535713196,0.07838447391986847
20,0,32,29,0.4164056181907654,0.11328703165054321
20,0,32,30,0.5265921354293823,0.15872299671173096
20,0,32,31,0.553324282169342,0.14380031824111938
20,1,32,0,0.4315255880355835,0.12063530087471008
20,1,32,1,0.502602219581604,0.1928577870130539
20,1,32,2,0.5432795882225037,0.04196729511022568
20,1,32,3,0.4654926061630249,0.16594341397285461
20,1,32,4,0.5638142228126526,0.1263982206583023
20,1,32,5,0.44934791326522827,0.12852932512760162
20,1,32,6,0.6655369997024536,0.12307474762201309
20,1,32,7,0.4375179708003998,0.04375800862908363
20,1,32,8,0.584881603717804,0.07497785240411758
20,1,32,9,0.5751175880432129,0.0646766722202301
20,1,32,10,0.4638623893260956,0.17444534599781036
20,1,32,11,0.5737136602401733,0.06846412271261215
20,1,32,12,0.5566359162330627,0.0357440747320652
20,1,32,13,0.5145531892776489,0.08926055580377579
20,1,32,14,0.6179214715957642,0.07146039605140686
20,1,32,15,0.41030412912368774,0.10058248788118362
20,1,32,16,0.6091623306274414,0.04276702553033829
20,1,32,17,0.37336793541908264,0.0875215008854866
20,1,32,18,0.2943130135536194,0.08616537600755692
20,1,32,19,0.5508778691291809,0.06060714274644852
20,1,32,20,0.5618646740913391,0.13037016987800598
20,1,32,21,0.5498880743980408,0.10169624537229538
20,1,32,22,0.4108960032463074,0.11494588106870651
20,1,32,23,0.6490299105644226,0.10417475551366806
20,1,32,24,0.49949026107788086,0.10019291937351227
20,1,32,25,0.44077861309051514,0.06914229691028595
20,1,32,26,0.6827100515365601,0.07293842732906342
20,1,32,27,0.46046072244644165,0.05041000247001648
20,1,32,28,0.6157404780387878,0.11307047307491302
20,1,32,29,0.5975865125656128,0.06028801575303078
20,1,32,30,0.4724878668785095,0.013433223590254784
20,1,32,31,0.36135321855545044,0.11275733262300491
20,2,64,0,0.4131213128566742,0.09007289260625839
20,2,64,1,0.6704140305519104,0.26325535774230957
20,2,64,2,0.6725244522094727,0.2019922137260437
20,2,64,3,0.3413868546485901,0.2069365233182907
20,2,64,4,0.5262351036071777,0.17521288990974426
20,2,64,5,0.473661333322525,0.05915511026978493
20,2,64,6,0.5937208533287048,0.09326519817113876
20,2,64,7,0.30871134996414185,0.09884524345397949
20,2,64,8,0.5597443580627441,0.1711536943912506
20,2,64,9,0.5793807506561279,0.1728917509317398
20,2,64,10,0.5721893310546875,0.13756480813026428
20,2,64,11,0.5652247071266174,0.09192761033773422
20,2,64,12,0.49360740184783936,0.18659059703350067
20,2,64,13,0.4794001281261444,0.1929370015859604
20,2,64,14,0.5892285704612732,0.14015980064868927
20,2,64,15,0.6766195297241211,0.2544521987438202
20,2,64,16,0.715032160282135,0.23947694897651672
20,2,64,17,0.2995862662792206,0.10116579383611679
20,2,64,18,0.3567943871021271,0.12870293855667114
20,2,64,19,0.47317367792129517,0.19445835053920746
20,2,64,20,0.4120568633079529,0.20010904967784882
20,2,64,21,0.5341169834136963,0.07795578986406326
20,2,64,22,0.3893376588821411,0.09566139429807663
20,2,64,23,0.657490074634552,0.10200212150812149
20,2,64,24,0.3099241256713867,0.19453002512454987
20,2,64,25,0.6968787312507629,0.20148319005966187
20,2,64,26,0.6473596692085266,0.16998746991157532
20,2,64,27,0.3708040416240692,0.05083082616329193
20,2,64,28,0.5657733678817749,0.11807169020175934
20,2,64,29,0.494463175535202,0.05798722058534622
20,2,64,30,0.7517397999763489,0.1685279905796051
20,2,64,31,0.37980058789253235,0.14939190447330475
20,2,64,32,0.5668715834617615,0.16607487201690674
20,2,64,33,0.37407612800598145,0.11032720655202866
20,2,64,34,0.6111993193626404,0.11005406081676483
20,2,64,35,0.5637085437774658,0.23866747319698334
20,2,64,36,0.42220816016197205,0.07266395539045334
20,2,64,37,0.5069331526756287,0.15342935919761658
20,2,64,38,0.5672029852867126,0.14273720979690552
20,2,64,39,0.37174472212791443,0.18382024765014648
20,2,64,40,0.4645453095436096,0.14249838888645172
20,2,64,41,0.43945232033729553,0.09805962443351746
20,2,64,42,0.5104007720947266,0.1450042426586151
20,2,64,43,0.28675317764282227,0.1031096875667572
20,2,64,44,0.4325757622718811,0.2411552518606186
20,2,64,45,0.3231651484966278,0.15106543898582458
20,2,64,46,0.38329967856407166,0.192837655544281
20,2,64,47,0.5272069573402405,0.14989815652370453
20,2,64,48,0.5449762344360352,0.19503112137317657
20,2,64,49,0.6996894478797913,0.12259060889482498
20,2,64,50,0.33057281374931335,0.25574252009391785
20,2,64,51,0.6261832118034363,0.19402684271335602
20,2,64,52,0.4279097318649292,0.19177599251270294
20,2,64,53,0.4912024736404419,0.1241455152630806
20,2,64,54,0.6408177614212036,0.11872227489948273
20,2,64,55,0.5746053457260132,0.25795620679855347
20,2,64,56,0.42318034172058105,0.15904095768928528
20,2,64,57,0.346791535615921,0.12711240351200104
20,2,64,58,0.5307900309562683,0.19283457100391388
20,2,64,59,0.6081703901290894,0.2236691564321518
20,2,64,60,0.6281092762947083,0.0915757417678833
20,2,64,61,0.3115895688533783,0.24351787567138672
20,2,64,62,0.5142933130264282,0.07012434303760529
20,2,64,63,0.6333377957344055,0.2562183439731598
20,3,64,0,0.40013551712036133,0.2901173532009125
20,3,64,1,0.7406948804855347,0.09448576718568802
20,3,64,2,0.52738356590271,0.05354907736182213
20,3,64,3,0.46686285734176636,0.15792784094810486
20,3,64,4,0.5097538828849792,0.16887469589710236
20,3,64,5,0.41411393880844116,0.119871124625206
20,3,64,6,0.6137097477912903,0.06096810847520828
20,3,64,7,0.5909246206283569,0.13305780291557312
20,3,64,8,0.4933014214038849,0.14889921247959137
20,3,64,9,0.5702836513519287,0.0889655351638794
20,3,64,10,0.5246771574020386,0.2069719284772873
20,3,64,11,0.5610784292221069,0.08390417695045471
20,3,64,12,0.4111488461494446,0.06846413016319275
20,3,64,13,0.5728445053100586,0.32738327980041504
20,3,64,14,0.6492041349411011,0.07383979856967926
20,3,64,15,0.5090550184249878,0.08657702803611755
20,3,64,16,0.45736265182495117,0.26083964109420776
20,3,64,17,0.6494931578636169,0.20382767915725708
20,3,64,18,0.49252742528915405,0.25303250551223755
20,3,64,19,0.3793276250362396,0.1093856543302536
20,3,64,20,0.5642543435096741,0.09221222996711731
20,3,64,21,0.5167136192321777,0.21958377957344055
20,3,64,22,0.47421011328697205,0.10537064075469971
20,3,64,23,0.5367149114608765,0.0729655995965004
20,3,64,24,0.277176171541214,0.07236766070127487
20,3,64,25,0.6237242221832275,0.16681712865829468
20,3,64,26,0.36282241344451904,0.06282970309257507
20,3,64,27,0.5412778258323669,0.10397826135158539
20,3,64,28,0.4074624478816986,0.07398448884487152
20,3,64,29,0.5674036741256714,0.15997454524040222
20,3,64,30,0.29173433780670166,0.11235083639621735
20,3,64,31,0.685250461101532,0.08924099802970886
20,3,64,32,0.41700583696365356,0.06582916527986526
20,3,64,33,0.6618736386299133,0.0925663411617279
20,3,64,34,0.6133195757865906,0.137625589966774
20,3,64,35,0.5855342149734497,0.08647582679986954
20,3,64,36,0.429546982049942,0.227823406457901
20,3,64,37,0.2901735305786133,0.14845010638237
20,3,64,38,0.5864142179489136,0.1172676607966423
20,3,64,39,0.33559519052505493,0.10988330841064453
20,3,64,40,0.5440050959587097,0.05862492695450783
20,3,64,41,0.3428698778152466,0.14360728859901428
20,3,64,42,0.6993830800056458,0.09094463288784027
20,3,64,43,0.6443417072296143,0.12232911586761475
20,3,64,44,0.5254482626914978,0.10575035959482193
20,3,64,45,0.7593080997467041,0.09264498949050903
20,3,64,46,0.5220538377761841,0.2250199317932129
20,3,64,47,0.36410006880760193,0.13259340822696686
20,3,64,48,0.59999680519104,0.26447442173957825
20,3,64,49,0.5978932976722717,0.10899324715137482
20,3,64,50,0.5708456635475159,0.07361947000026703
20,3,64,51,0.5267857909202576,0.2174689620733261
20,3,64,52,0.6312739849090576,0.11172053217887878
20,3,64,53,0.4609224200248718,0.22671815752983093
20,3,64,54,0.43442144989967346,0.146987646818161
20,3,64,55,0.680255115032196,0.15108975768089294
20,3,64,56,0.5023658275604248,0.30669063329696655
20,3,64,57,0.5371471643447876,0.07591163367033005
20,3,64,58,0.41424357891082764,0.09605832397937775
20,3,64,59,0.6531363129615784,0.11283788084983826
20,3,64,60,0.3481900691986084,0.12025119364261627
20,3,64,61,0.5290152430534363,0.17327849566936493
20,3,64,62,0.5704344511032104,0.08782579004764557
20,3,64,63,0.3214781880378723,0.13119405508041382
20,4,128,0,0.3176719844341278,0.20541390776634216
20,4,128,1,0.5396772623062134,0.12916700541973114
20,4,128,2,0.4868975579738617,0.3080245554447174
20,4,128,3,0.7496979832649231,0.08380914479494095
20,4,128,4,0.49384400248527527,0.07922665029764175
20,4,128,5,0.5829911231994629,0.29010385274887085
20,4,128,6,0.43965354561805725,0.202318474650383
20,4,128,7,0.41232603788375854,0.1521325409412384
20,4,128,8,0.4093370735645294,0.3081924319267273
20,4,128,9,0.6284516453742981,0.2891755998134613
20,4,128,10,0.38643187284469604,0.12894578278064728
20,4,128,11,0.4474678337574005,0.26253601908683777
20,4,128,12,0.6154835224151611,0.06714002788066864
20,4,128,13,0.5813312530517578,0.11651837825775146
20,4,128,14,0.413162499666214,0.34185829758644104
20,4,128,15,0.4054412245750427,0.25109466910362244
20,4,128,16,0.7315148711204529,0.106636181473732
20,4,128,17,0.6848740577697754,0.11730378866195679
20,4,128,18,0.3848603367805481,0.18916775286197662
20,4,128,19,0.3988313674926758,0.19516007602214813
20,4,128,20,0.45912519097328186,0.2792849540710449
20,4,128,21,0.7523724436759949,0.1169879138469696
20,4,128,22,0.5185353755950928,0.12892445921897888
20,4,128,23,0.5087829828262329,0.27204421162605286
20,4,128,24,0.20638452470302582,0.1568908393383026
20,4,128,25,0.43171200156211853,0.1041351854801178
20,4,128,26,0.6537334322929382,0.09674889594316483
20,4,128,27,0.3656150698661804,0.2876631021499634
20,4,128,28,0.6762564778327942,0.15737827122211456
20,4,128,29,0.44013863801956177,0.0985395684838295
20,4,128,30,0.6253448128700256,0.21875427663326263
20,4,128,31,0.5580390691757202,0.23747017979621887
20,4,128,32,0.6309574246406555,0.191261887550354
20,4,128,33,0.6109164953231812,0.2600386142730713
20,4,128,34,0.6829971075057983,0.1245170533657074
20,4,128,35,0.4963376820087433,0.21023449301719666
20,4,128,36,0.6505469083786011,0.07497486472129822
20,4,128,37,0.6131669878959656,0.33009102940559387
20,4,128,38,0.6073744893074036,0.1907661259174347
20,4,128,39,0.4061332643032074,0.21604140102863312
20,4,128,40,0.44911742210388184,0.2779886722564697
20,4,128,41,0.5449948906898499,0.21430031955242157
20,4,128,42,0.6429890394210815,0.07960362732410431
20,4,128,43,0.5820375680923462,0.06901225447654724
20,4,128,44,0.5005173683166504,0.2436259537935257
20,4,128,45,0.5020884871482849,0.10092863440513611
20,4,128,46,0.42939627170562744,0.2787382900714874
20,4,128,47,0.4005255401134491,0.2691311836242676
20,4,128,48,0.42460277676582336,0.19148050248622894
20,4,128,49,0.272994726896286,0.11182965338230133
20,4,128,50,0.4707430601119995,0.1841004490852356
20,4,128,51,0.6429290771484375,0.16300950944423676
20,4,128,52,0.7680941224098206,0.08999410271644592
20,4,128,53,0.7429668307304382,0.10172753036022186
20,4,128,54,0.6109537482261658,0.26584646105766296
20,4,128,55,0.6200723052024841,0.33066436648368835
20,4,128,56,0.6082537770271301,0.17622540891170502
20,4,128,57,0.6774234175682068,0.14569400250911713
20,4,128,58,0.3882722556591034,0.10993730276823044
20,4,128,59,0.40644827485084534,0.19645318388938904
20,4,128,60,0.7084645628929138,0.12090549618005753
20,4,128,61,0.5758641362190247,0.07289798557758331
20,4,128,62,0.6113387942314148,0.15332594513893127
20,4,128,63,0.4238991439342499,0.272145539522171
20,4,128,64,0.6888436675071716,0.0906086191534996
20,4,128,65,0.3623521327972412,0.12292766571044922
20,4,128,66,0.7627038955688477,0.08666302263736725
20,4,128,67,0.6350922584533691,0.16932444274425507
20,4,128,68,0.45139941573143005,0.25684666633605957
20,4,128,69,0.7156453132629395,0.10633590817451477
20,4,128,70,0.4930335283279419,0.1624635010957718
20,4,128,71,0.5117164254188538,0.07291151583194733
20,4,128,72,0.39399534463882446,0.19978013634681702
20,4,128,73,0.621529757976532,0.16756407916545868
20,4,128,74,0.6445776224136353,0.23322774469852448
20,4,128,75,0.39983877539634705,0.11712852120399475
20,4,128,76,0.4582049250602722,0.29565706849098206
20,4,128,77,0.6648250222206116,0.26879599690437317
20,4,128,78,0.6655532717704773,0.2735198438167572
20,4,128,79,0.3597472608089447,0.31146520376205444
20,4,128,80,0.43607422709465027,0.34842655062675476
20,4,128,81,0.5541741847991943,0.10017360746860504
20,4,128,82,0.4566264748573303,0.23954859375953674
20,4,128,83,0.437764048576355,0.16732777655124664
20,4,128,84,0.6142586469650269,0.17635078728199005
20,4,128,85,0.6694067120552063,0.28402528166770935
20,4,128,86,0.4430830478668213,0.23064936697483063
20,4,128,87,0.6904272437095642,0.10290917754173279
20,4,128,88,0.6564027667045593,0.1324852854013443
20,4,128,89,0.802992045879364,0.1886296421289444
20,4,128,90,0.4524168372154236,0.04375060275197029
20,4,128,91,0.6252533197402954,0.19601504504680634
20,4,128,92,0.505357027053833,0.20418547093868256
20,4,128,93,0.6027020215988159,0.16844147443771362
20,4,128,94,0.6935339570045471,0.1979207545518875
20,4,128,95,0.3174211382865906,0.08208269625902176
20,4,128,96,0.5930444598197937,0.13180790841579437
20,4,128,97,0.631040632724762,0.07353969663381577
20,4,128,98,0.7289960384368896,0.09575650095939636
20,4,128,99,0.658218502998352,0.13690854609012604
20,4,128,100,0.33731064200401306,0.07679338753223419
20,4,128,101,0.6382956504821777,0.18574315309524536
20,4,128,102,0.5777339935302734,0.30035603046417236
20,4,128,103,0.43209004402160645,0.22581051290035248
20,4,128,104,0.4633233845233917,0.13264703750610352
20,4,128,105,0.5142512321472168,0.2160554975271225
20,4,128,106,0.6137828230857849,0.26158419251441956
20,4,128,107,0.7999698519706726,0.08783499896526337
20,4,128,108,0.45241037011146545,0.14691486954689026
20,4,128,109,0.6406304240226746,0.13219505548477173
20,4,128,110,0.6810645461082458,0.07842916995286942
20,4,128,111,0.7241352796554565,0.07104846090078354
20,4,128,112,0.6154813170433044,0.21194061636924744
20,4,128,113,0.42175546288490295,0.26763179898262024
20,4,128,114,0.7066898941993713,0.058534592390060425
20,4,128,115,0.4027487337589264,0.0709107294678688
20,4,128,116,0.39086291193962097,0.06769181042909622
20,4,128,117,0.6519568562507629,0.2870014011859894
20,4,128,118,0.5548695921897888,0.07204250246286392
20,4,128,119,0.5822298526763916,0.06876527518033981
20,4,128,120,0.45293551683425903,0.07850538194179535
20,4,128,121,0.33750271797180176,0.16326887905597687
20,4,128,122,0.6514516472816467,0.17613692581653595
20,4,128,123,0.5736804604530334,0.21537302434444427
20,4,128,124,0.4468003213405609,0.21355296671390533
20,4,128,125,0.6172745227813721,0.14684335887432098
20,4,128,126,0.6325734853744507,0.17237497866153717
20,4,128,127,0.5593653917312622,0.22053898870944977
20,5,128,0,0.5112977623939514,0.20570652186870575
20,5,128,1,0.4027016758918762,0.33605122566223145
20,5,128,2,0.8103905916213989,0.07312531769275665
20,5,128,3,0.8539892435073853,0.09693339467048645
20,5,128,4,0.8457966446876526,0.15120002627372742
20,5,128,5,0.7710841298103333,0.14100956916809082
20,5,128,6,0.40539371967315674,0.38447293639183044
20,5,128,7,0.46900829672813416,0.3043614625930786
20,5,128,8,0.6466267704963684,0.08372717350721359
20,5,128,9,0.8858774900436401,0.07228226214647293
20,5,128,10,0.553674578666687,0.1348496973514557
20,5,128,11,0.6651390194892883,0.15960299968719482
20,5,128,12,0.7756524085998535,0.12006401270627975
20,5,128,13,0.8551897406578064,0.11405136436223984
20,5,128,14,0.7113168239593506,0.12695275247097015
20,5,128,15,0.8241255283355713,0.08140597492456436
20,5,128,16,0.7783201932907104,0.09951864928007126
20,5,128,17,0.6206899285316467,0.3111308515071869
20,5,128,18,0.5642933249473572,0.22678175568580627
20,5,128,19,0.6590321063995361,0.25759556889533997
20,5,128,20,0.3819747567176819,0.13328798115253448
20,5,128,21,0.8088555335998535,0.08284766227006912
20,5,128,22,0.8033381104469299,0.05726107209920883
20,5,128,23,0.6008214950561523,0.3125278055667877
20,5,128,24,0.3847426772117615,0.10277986526489258
20,5,128,25,0.5709403157234192,0.259940505027771
20,5,128,26,0.6310348510742188,0.12706834077835083
20,5,128,27,0.65443354845047,0.18950065970420837
20,5,128,28,0.7550322413444519,0.18919093906879425
20,5,128,29,0.6315200924873352,0.09224825352430344
20,5,128,30,0.8038784861564636,0.07848874479532242
20,5,128,31,0.7689676880836487,0.182594895362854
20,5,128,32,0.7884519696235657,0.09382733702659607
20,5,128,33,0.8362172842025757,0.06339498609304428
20,5,128,34,0.8598990440368652,0.08756514638662338
20,5,128,35,0.7066508531570435,0.16306857764720917
20,5,128,36,0.7897681593894958,0.15866881608963013
20,5,128,37,0.693147599697113,0.14297069609165192
20,5,128,38,0.7804352641105652,0.16069182753562927
20,5,128,39,0.689565122127533,0.08465535938739777
20,5,128,40,0.7484413981437683,0.06491650640964508
20,5,128,41,0.4986580014228821,0.17514826357364655
20,5,128,42,0.7777888774871826,0.1468544900417328
20,5,128,43,0.8812590837478638,0.0840521901845932
20,5,128,44,0.8276331424713135,0.13463088870048523
20,5,128,45,0.7102295160293579,0.07966751605272293
20,5,128,46,0.5702224969863892,0.1898854523897171
20,5,128,47,0.5590011477470398,0.18336121737957
20,5,128,48,0.550571084022522,0.28074970841407776
20,5,128,49,0.6305692791938782,0.30989986658096313
20,5,128,50,0.6018698811531067,0.08799566328525543
20,5,128,51,0.6431998014450073,0.1622283011674881
20,5,128,52,0.635004460811615,0.17379026114940643
20,5,128,53,0.8730995655059814,0.08471983671188354
20,5,128,54,0.6708009243011475,0.15879318118095398
20,5,128,55,0.793984055519104,0.1056414544582367
20,5,128,56,0.841635525226593,0.09191781282424927
20,5,128,57,0.6940231919288635,0.232296422123909
20,5,128,58,0.8518170118331909,0.0657118707895279
20,5,128,59,0.7985939383506775,0.08014456182718277
20,5,128,60,0.8957506418228149,0.06623124331235886
20,5,128,61,0.6986727714538574,0.08117559552192688
20,5,128,62,0.5618562698364258,0.08152713626623154
20,5,128,63,0.8295300602912903,0.0936644971370697
20,5,128,64,0.7140776515007019,0.2572394013404846
20,5,128,65,0.6565879583358765,0.10440780222415924
20,5,128,66,0.8791887760162354,0.07459840178489685
20,5,128,67,0.6095649003982544,0.20385012030601501
20,5,128,68,0.7947607636451721,0.09590557962656021
20,5,128,69,0.7516319751739502,0.11945338547229767
20,5,128,70,0.39372923970222473,0.19224199652671814
20,5,128,71,0.7197516560554504,0.18913577497005463
20,5,128,72,0.6463549733161926,0.19216878712177277
20,5,128,73,0.6294035911560059,0.29569342732429504
20,5,128,74,0.8750240206718445,0.08036409318447113
20,5,128,75,0.7745237946510315,0.08010997623205185
20,5,128,76,0.8808616995811462,0.08383716642856598
20,5,128,77,0.8174300789833069,0.1548261195421219
20,5,128,78,0.7199921011924744,0.2638697028160095
20,5,128,79,0.7558844685554504,0.08808206021785736
20,5,128,80,0.44308599829673767,0.3804900050163269
20,5,128,81,0.7192991971969604,0.13969062268733978
20,5,128,82,0.856214702129364,0.07314901798963547
20,5,128,83,0.6352431178092957,0.19993771612644196
20,5,128,84,0.6689951419830322,0.2404475212097168
20,5,128,85,0.8163952827453613,0.155655637383461
20,5,128,86,0.468462198972702,0.14604108035564423
20,5,128,87,0.8615824580192566,0.06284944713115692
20,5,128,88,0.6127079129219055,0.16198965907096863
20,5,128,89,0.7911168336868286,0.22507178783416748
20,5,128,90,0.5122003555297852,0.15055280923843384
20,5,128,91,0.7461167573928833,0.09022575616836548
20,5,128,92,0.46262797713279724,0.3239961564540863
20,5,128,93,0.6432749629020691,0.2647327482700348
20,5,128,94,0.5023619532585144,0.2295975536108017
20,5,128,95,0.41450387239456177,0.25223827362060547
20,5,128,96,0.5033645033836365,0.26126933097839355
20,5,128,97,0.5187325477600098,0.27901941537857056
20,5,128,98,0.7227698564529419,0.13778382539749146
20,5,128,99,0.7346922159194946,0.22791220247745514
20,5,128,100,0.35756078362464905,0.14448732137680054
20,5,128,101,0.6308132410049438,0.17460478842258453
20,5,128,102,0.7123541235923767,0.06430447846651077
20,5,128,103,0.4490935206413269,0.31905025243759155
20,5,128,104,0.8017783761024475,0.11935864388942719
20,5,128,105,0.7902388572692871,0.17456449568271637
20,5,128,106,0.7814449071884155,0.11594045162200928
20,5,128,107,0.8708849549293518,0.08667441457509995
20,5,128,108,0.622215211391449,0.38476061820983887
20,5,128,109,0.6468820571899414,0.08953797817230225
20,5,128,110,0.8282511234283447,0.10785675793886185
20,5,128,111,0.6313245296478271,0.10708677023649216
20,5,128,112,0.8017327189445496,0.08076323568820953
20,5,128,113,0.7156953811645508,0.14986157417297363
20,5,128,114,0.7374497652053833,0.24809201061725616
20,5,128,115,0.7213176488876343,0.14295072853565216
20,5,128,116,0.7238104939460754,0.136621356010437
20,5,128,117,0.7382451295852661,0.18075451254844666
20,5,128,118,0.7410802841186523,0.22537003457546234
20,5,128,119,0.7702182531356812,0.21230071783065796
20,5,128,120,0.5764221549034119,0.1354631930589676
20,5,128,121,0.437694251537323,0.2887970507144928
20,5,128,122,0.6234400868415833,0.3231624960899353
20,5,128,123,0.7143468260765076,0.24063372611999512
20,5,128,124,0.2597047984600067,0.14296720921993256
20,5,128,125,0.7931197881698608,0.09324130415916443
20,5,128,126,0.7472449541091919,0.21849749982357025
20,5,128,127,0.7182422876358032,0.25318798422813416
21,0,32,0,0.5458940267562866,0.12107262760400772
21,0,32,1,0.43794700503349304,0.08923826366662979
21,0,32,2,0.4512645900249481,0.23275773227214813
21,0,32,3,0.527895450592041,0.11210614442825317
21,0,32,4,0.44319668412208557,0.10234834998846054
21,0,32,5,0.47881123423576355,0.17109140753746033
21,0,32,6,0.45616474747657776,0.096248097717762
21,0,32,7,0.4384966790676117,0.19663956761360168
21,0,32,8,0.41162389516830444,0.12780225276947021
21,0,32,9,0.4178922176361084,0.149237722158432
21,0,32,10,0.47021549940109253,0.16240356862545013
21,0,32,11,0.36975419521331787,0.06663937121629715
21,0,32,12,0.35528942942619324,0.11601574718952179
21,0,32,13,0.4075073003768921,0.1240624189376831
21,0,32,14,0.5422282814979553,0.05712179094552994
21,0,32,15,0.4182263910770416,0.10030614584684372
21,0,32,16,0.3935694992542267,0.1677907109260559
21,0,32,17,0.4554058611392975,0.04033258929848671
21,0,32,18,0.4343639314174652,0.08191468566656113
21,0,32,19,0.4697071611881256,0.07711862772703171
21,0,32,20,0.5866070985794067,0.1160077378153801
21,0,32,21,0.6043171882629395,0.10830283910036087
21,0,32,22,0.5031383037567139,0.099299356341362
21,0,32,23,0.5487197637557983,0.11561832576990128
21,0,32,24,0.41124147176742554,0.13798852264881134
21,0,32,25,0.6279816031455994,0.08661849796772003
21,0,32,26,0.48698151111602783,0.1888548731803894
21,0,32,27,0.6635552048683167,0.12975481152534485
21,0,32,28,0.6586357951164246,0.053152404725551605
21,0,32,29,0.4313265085220337,0.1128452867269516
21,0,32,30,0.5793063640594482,0.21485885977745056
21,0,32,31,0.6048579216003418,0.12954673171043396
21,1,32,0,0.5030872821807861,0.08140712231397629
21,1,32,1,0.5410206913948059,0.10065138339996338
21,1,32,2,0.44383910298347473,0.11053184419870377
21,1,32,3,0.5702429413795471,0.06393101811408997
21,1,32,4,0.5592278242111206,0.14261463284492493
21,1,32,5,0.514153242111206,0.1388695240020752
21,1,32,6,0.45555588603019714,0.13240334391593933
21,1,32,7,0.6046557426452637,0.09916549175977707
21,1,32,8,0.4353209435939789,0.11915060877799988
21,1,32,9,0.4056992828845978,0.10791833698749542
21,1,32,10,0.535977840423584,0.06929238885641098
21,1,32,11,0.5113809704780579,0.06579306721687317
21,1,32,12,0.5491418242454529,0.09135371446609497
21,1,32,13,0.3674485981464386,0.11439977586269379
21,1,32,14,0.583203136920929,0.1493666023015976
21,1,32,15,0.6516163945198059,0.12494897097349167
21,1,32,16,0.5196050405502319,0.0951835960149765
21,1,32,17,0.602279007434845,0.0840059444308281
21,1,32,18,0.4098953604698181,0.033247772604227066
21,1,32,19,0.6800039410591125,0.08659140765666962
21,1,32,20,0.46609923243522644,0.03687456250190735
21,1,32,21,0.5278655886650085,0.05512401461601257
21,1,32,22,0.3480902314186096,0.11399000883102417
21,1,32,23,0.5638187527656555,0.026518944650888443
21,1,32,24,0.5097237825393677,0.14665919542312622
21,1,32,25,0.48829391598701477,0.06456667184829712
21,1,32,26,0.5695368647575378,0.04572794586420059
21,1,32,27,0.5477885007858276,0.059653494507074356
21,1,32,28,0.4980676770210266,0.08860702067613602
21,1,32,29,0.3299451470375061,0.0980323925614357
21,1,32,30,0.43901583552360535,0.054679837077856064
21,1,32,31,0.5148873329162598,0.17278680205345154
21,2,64,0,0.6213235855102539,0.1979072093963623
21,2,64,1,0.44781237840652466,0.09964331239461899
21,2,64,2,0.4524213373661041,0.06830344349145889
21,2,64,3,0.532750129699707,0.15858954191207886
21,2,64,4,0.633604884147644,0.16204072535037994
21,2,64,5,0.454371839761734,0.1788734793663025
21,2,64,6,0.5941885709762573,0.06473726779222488
21,2,64,7,0.44087302684783936,0.09363151341676712
21,2,64,8,0.6206547617912292,0.22808292508125305
21,2,64,9,0.3832094967365265,0.1158282458782196
21,2,64,10,0.4856363832950592,0.0736628845334053
21,2,64,11,0.6368120908737183,0.17555545270442963
21,2,64,12,0.5136795043945312,0.045227594673633575
21,2,64,13,0.5864403247833252,0.0789392739534378
21,2,64,14,0.6076217293739319,0.10085296630859375
21,2,64,15,0.47223177552223206,0.19404464960098267
21,2,64,16,0.5391218662261963,0.14339956641197205
21,2,64,17,0.49555036425590515,0.1485874056816101
21,2,64,18,0.5971686244010925,0.06301922351121902
21,2,64,19,0.5452045798301697,0.13019920885562897
21,2,64,20,0.5378215312957764,0.05157909542322159
21,2,64,21,0.5575268864631653,0.15440155565738678
21,2,64,22,0.38275763392448425,0.0969279408454895
21,2,64,23,0.47371017932891846,0.18434377014636993
21,2,64,24,0.4605428874492645,0.22282345592975616
21,2,64,25,0.4665640890598297,0.06427577137947083
21,2,64,26,0.608586847782135,0.1357002854347229
21,2,64,27,0.4488127827644348,0.13410678505897522
21,2,64,28,0.618902325630188,0.19841596484184265
21,2,64,29,0.4696354568004608,0.13064993917942047
21,2,64,30,0.5148928165435791,0.15474680066108704
21,2,64,31,0.3945801556110382,0.21953484416007996
21,2,64,32,0.39440590143203735,0.08676192909479141
21,2,64,33,0.43947896361351013,0.22152113914489746
21,2,64,34,0.5236297249794006,0.18270179629325867
21,2,64,35,0.4418197572231293,0.12784945964813232
21,2,64,36,0.47685545682907104,0.1929233968257904
21,2,64,37,0.37770506739616394,0.06160653755068779
21,2,64,38,0.5507184267044067,0.10363740473985672
21,2,64,39,0.35230889916419983,0.18898876011371613
21,2,64,40,0.6528705358505249,0.15517152845859528
21,2,64,41,0.3909597396850586,0.14377084374427795
21,2,64,42,0.6558209657669067,0.15638598799705505
21,2,64,43,0.4476251006126404,0.16784429550170898
21,2,64,44,0.6037788987159729,0.13677293062210083
21,2,64,45,0.5910317301750183,0.20360873639583588
21,2,64,46,0.5334153771400452,0.23432117700576782
21,2,64,47,0.4505237638950348,0.07862962037324905
21,2,64,48,0.3526029884815216,0.13651449978351593
21,2,64,49,0.5492568016052246,0.11750732362270355
21,2,64,50,0.43956443667411804,0.127438023686409
21,2,64,51,0.3668966591358185,0.20842847228050232
21,2,64,52,0.5535207986831665,0.08859026432037354
21,2,64,53,0.42409372329711914,0.14846748113632202
21,2,64,54,0.5299341082572937,0.22821471095085144
21,2,64,55,0.3700260818004608,0.20445570349693298
21,2,64,56,0.6643425226211548,0.1170617938041687
21,2,64,57,0.4578360319137573,0.10839204490184784
21,2,64,58,0.4298608601093292,0.12583211064338684
21,2,64,59,0.5515261292457581,0.101234570145607
21,2,64,60,0.4928460121154785,0.15477021038532257
21,2,64,61,0.6398828625679016,0.1933470368385315
21,2,64,62,0.3734948933124542,0.17706063389778137
21,2,64,63,0.5099684596061707,0.18817031383514404
21,3,64,0,0.536669135093689,0.17957627773284912
21,3,64,1,0.5487260818481445,0.2781792879104614
21,3,64,2,0.6631838083267212,0.1156013086438179
21,3,64,3,0.6360198855400085,0.09448881447315216
21,3,64,4,0.34397703409194946,0.09916133433580399
21,3,64,5,0.5232574343681335,0.14322863519191742
21,3,64,6,0.4208310544490814,0.0734805092215538
21,3,64,7,0.4161283075809479,0.11288630217313766
21,3,64,8,0.4554617404937744,0.14910462498664856
21,3,64,9,0.6746286749839783,0.06158720329403877
21,3,64,10,0.4643111824989319,0.06654895097017288
21,3,64,11,0.3798659145832062,0.06770305335521698
21,3,64,12,0.5981807112693787,0.0642632320523262
21,3,64,13,0.3944041132926941,0.16433867812156677
21,3,64,14,0.4511776566505432,0.0987015813589096
21,3,64,15,0.3763105571269989,0.12242793291807175
21,3,64,16,0.39976224303245544,0.1308148354291916
21,3,64,17,0.5482553243637085,0.15729540586471558
21,3,64,18,0.4096772372722626,0.12146543711423874
21,3,64,19,0.4917489290237427,0.19965511560440063
21,3,64,20,0.35148367285728455,0.1021382287144661
21,3,64,21,0.61074298620224,0.15640252828598022
21,3,64,22,0.34256598353385925,0.06732499599456787
21,3,64,23,0.5436787605285645,0.16794723272323608
21,3,64,24,0.6532291173934937,0.14805638790130615
21,3,64,25,0.3515210747718811,0.1627301126718521
21,3,64,26,0.4178400933742523,0.1485970914363861
21,3,64,27,0.5674203038215637,0.08651918917894363
21,3,64,28,0.5749034881591797,0.17196087539196014
21,3,64,29,0.41250982880592346,0.14286966621875763
21,3,64,30,0.5159409642219543,0.04465510696172714
21,3,64,31,0.4575098752975464,0.1345973163843155
21,3,64,32,0.5402560830116272,0.13178709149360657
21,3,64,33,0.494502454996109,0.17590437829494476
21,3,64,34,0.4146454632282257,0.08975965529680252
21,3,64,35,0.50323086977005,0.07053296267986298
21,3,64,36,0.41613471508026123,0.1907833069562912
21,3,64,37,0.4791339337825775,0.21982426941394806
21,3,64,38,0.5945939421653748,0.10811147093772888
21,3,64,39,0.48884811997413635,0.1590578407049179
21,3,64,40,0.5418123006820679,0.10734077543020248
21,3,64,41,0.635617196559906,0.07265542447566986
21,3,64,42,0.508365273475647,0.13162162899971008
21,3,64,43,0.35652604699134827,0.10581205785274506
21,3,64,44,0.5702843070030212,0.1176852434873581
21,3,64,45,0.539879322052002,0.1468696892261505
21,3,64,46,0.4184792935848236,0.2346309870481491
21,3,64,47,0.5134130120277405,0.04668930545449257
21,3,64,48,0.5634053945541382,0.054809924215078354
21,3,64,49,0.4144739508628845,0.18355834484100342
21,3,64,50,0.5395792126655579,0.1384686827659607
21,3,64,51,0.540105938911438,0.09121907502412796
21,3,64,52,0.5448933243751526,0.12807467579841614
21,3,64,53,0.35060930252075195,0.11153404414653778
21,3,64,54,0.5219683647155762,0.16834144294261932
21,3,64,55,0.4973018765449524,0.08618518710136414
21,3,64,56,0.44440582394599915,0.16454848647117615
21,3,64,57,0.4197467565536499,0.14904280006885529
21,3,64,58,0.6115716099739075,0.05719545856118202
21,3,64,59,0.4542340338230133,0.23455947637557983
21,3,64,60,0.5401911735534668,0.17524385452270508
21,3,64,61,0.5744749307632446,0.08408641070127487
21,3,64,62,0.5681778788566589,0.07884053885936737
21,3,64,63,0.5405014753341675,0.22756145894527435
21,4,128,0,0.7431299686431885,0.1825016438961029
21,4,128,1,0.7056587338447571,0.1241222694516182
21,4,128,2,0.43849977850914,0.23953072726726532
21,4,128,3,0.40359947085380554,0.3375438451766968
21,4,128,4,0.38130614161491394,0.22544559836387634
21,4,128,5,0.5424841642379761,0.2428017407655716
21,4,128,6,0.46539828181266785,0.10452213138341904
21,4,128,7,0.6602077484130859,0.1851920634508133
21,4,128,8,0.39215195178985596,0.2177877128124237
21,4,128,9,0.5221335291862488,0.13246938586235046
21,4,128,10,0.46071818470954895,0.08190073072910309
21,4,128,11,0.5409584045410156,0.16012153029441833
21,4,128,12,0.5742563605308533,0.07868233323097229
21,4,128,13,0.5690129399299622,0.268073707818985
21,4,128,14,0.6705009937286377,0.19054284691810608
21,4,128,15,0.5541505813598633,0.0678723007440567
21,4,128,16,0.6620490550994873,0.2595970630645752
21,4,128,17,0.5966781377792358,0.29103729128837585
21,4,128,18,0.6446912288665771,0.2162323296070099
21,4,128,19,0.5904267430305481,0.12087736278772354
21,4,128,20,0.7055668830871582,0.15984034538269043
21,4,128,21,0.28827255964279175,0.18868325650691986
21,4,128,22,0.5594959259033203,0.3277784287929535
21,4,128,23,0.6048327684402466,0.1838780790567398
21,4,128,24,0.5765692591667175,0.13181209564208984
21,4,128,25,0.4011901319026947,0.0714866891503334
21,4,128,26,0.43414506316185,0.24620187282562256
21,4,128,27,0.41403335332870483,0.23166558146476746
21,4,128,28,0.6565646529197693,0.1391376256942749
21,4,128,29,0.36104559898376465,0.1718578189611435
21,4,128,30,0.6638910174369812,0.23221829533576965
21,4,128,31,0.6054096221923828,0.252653032541275
21,4,128,32,0.5886829495429993,0.08311077952384949
21,4,128,33,0.7218255400657654,0.08474664390087128
21,4,128,34,0.3937726616859436,0.32539522647857666
21,4,128,35,0.5269661545753479,0.31424298882484436
21,4,128,36,0.7018285989761353,0.1343783140182495
21,4,128,37,0.682158350944519,0.23065480589866638
21,4,128,38,0.7017170786857605,0.2026882767677307
21,4,128,39,0.6590818166732788,0.10867131501436234
21,4,128,40,0.44792231917381287,0.26872721314430237
21,4,128,41,0.5772662162780762,0.37282660603523254
21,4,128,42,0.6459497213363647,0.07900328934192657
21,4,128,43,0.6251245141029358,0.27553942799568176
21,4,128,44,0.4515364170074463,0.11975273489952087
21,4,128,45,0.6176394820213318,0.24814318120479584
21,4,128,46,0.7848539352416992,0.10214162617921829
21,4,128,47,0.5613288879394531,0.2985280454158783
21,4,128,48,0.398940771818161,0.2666751444339752
21,4,128,49,0.7131878733634949,0.2103579342365265
21,4,128,50,0.5547447800636292,0.15135882794857025
21,4,128,51,0.6472366452217102,0.1971670687198639
21,4,128,52,0.4810006618499756,0.06816805899143219
21,4,128,53,0.6349223852157593,0.2628343105316162
21,4,128,54,0.4197673201560974,0.1959974467754364
21,4,128,55,0.6756089329719543,0.1198667585849762
21,4,128,56,0.42617812752723694,0.1213793084025383
21,4,128,57,0.5879762768745422,0.33526358008384705
21,4,128,58,0.6198428869247437,0.13890144228935242
21,4,128,59,0.5931913256645203,0.1034720167517662
21,4,128,60,0.5267186164855957,0.12026747316122055
21,4,128,61,0.7337293028831482,0.14789406955242157
21,4,128,62,0.6657842397689819,0.07730860263109207
21,4,128,63,0.5887966752052307,0.1382123827934265
21,4,128,64,0.5661147832870483,0.2028137892484665
21,4,128,65,0.5405522584915161,0.07507773488759995
21,4,128,66,0.3697171211242676,0.1786726713180542
21,4,128,67,0.6184289455413818,0.1536353975534439
21,4,128,68,0.7457890510559082,0.11871431022882462
21,4,128,69,0.7046113014221191,0.12318333983421326
21,4,128,70,0.6178371906280518,0.29428669810295105
21,4,128,71,0.6344770789146423,0.13057778775691986
21,4,128,72,0.6008864045143127,0.2677377164363861
21,4,128,73,0.800510823726654,0.10342083126306534
21,4,128,74,0.565112829208374,0.3152734637260437
21,4,128,75,0.6136520504951477,0.3189905285835266
21,4,128,76,0.6643370985984802,0.15800338983535767
21,4,128,77,0.2947481572628021,0.14482983946800232
21,4,128,78,0.4048161208629608,0.17203447222709656
21,4,128,79,0.555031955242157,0.3706183433532715
21,4,128,80,0.4777265787124634,0.1783210039138794
21,4,128,81,0.6013139486312866,0.18934403359889984
21,4,128,82,0.6012973189353943,0.10375133901834488
21,4,128,83,0.5711438059806824,0.07710486650466919
21,4,128,84,0.51422119140625,0.16857008635997772
21,4,128,85,0.7503551244735718,0.098847396671772
21,4,128,86,0.7108976244926453,0.15767422318458557
21,4,128,87,0.7307214140892029,0.14796331524848938
21,4,128,88,0.39646115899086,0.23950330913066864
21,4,128,89,0.4879368543624878,0.21683019399642944
21,4,128,90,0.5192927122116089,0.17815880477428436
21,4,128,91,0.7106910943984985,0.16827037930488586
21,4,128,92,0.4334200918674469,0.31493183970451355
21,4,128,93,0.39723455905914307,0.1185649186372757
21,4,128,94,0.8105109333992004,0.13141708076000214
21,4,128,95,0.4028908908367157,0.2370670735836029
21,4,128,96,0.7454798817634583,0.09602368623018265
21,4,128,97,0.4130690097808838,0.20602676272392273
21,4,128,98,0.6074926853179932,0.18224844336509705
21,4,128,99,0.6036615371704102,0.14946261048316956
21,4,128,100,0.5198256373405457,0.14313292503356934
21,4,128,101,0.222929447889328,0.11219067126512527
21,4,128,102,0.5004886984825134,0.16825121641159058
21,4,128,103,0.7162508368492126,0.1335890144109726
21,4,128,104,0.3572019636631012,0.13572807610034943
21,4,128,105,0.5144767165184021,0.3135622441768646
21,4,128,106,0.6974278688430786,0.14456580579280853
21,4,128,107,0.49240750074386597,0.30920740962028503
21,4,128,108,0.6968329548835754,0.15395604074001312
21,4,128,109,0.7147447466850281,0.10495396703481674
21,4,128,110,0.7131947875022888,0.17450837790966034
21,4,128,111,0.49063578248023987,0.11435253918170929
21,4,128,112,0.6988813281059265,0.08526626974344254
21,4,128,113,0.3274362087249756,0.09914670139551163
21,4,128,114,0.7198306918144226,0.12222518026828766
21,4,128,115,0.6809636950492859,0.07560014724731445
21,4,128,116,0.6047987341880798,0.06823823601007462
21,4,128,117,0.7041313648223877,0.1075814738869667
21,4,128,118,0.6085578799247742,0.20839130878448486
21,4,128,119,0.6055354475975037,0.18716774880886078
21,4,128,120,0.7038416266441345,0.14593274891376495
21,4,128,121,0.638234555721283,0.20865704119205475
21,4,128,122,0.6260130405426025,0.28746044635772705
21,4,128,123,0.7373782992362976,0.09853173792362213
21,4,128,124,0.38528749346733093,0.156098872423172
21,4,128,125,0.39747580885887146,0.08966803550720215
21,4,128,126,0.609796404838562,0.20152956247329712
21,4,128,127,0.60567706823349,0.26664504408836365
21,5,128,0,0.7068806886672974,0.27206188440322876
21,5,128,1,0.71391361951828,0.23235109448432922
21,5,128,2,0.7231748104095459,0.18758925795555115
21,5,128,3,0.4151453375816345,0.32056665420532227
21,5,128,4,0.7933930158615112,0.08871015906333923
21,5,128,5,0.6511814594268799,0.04822269082069397
21,5,128,6,0.7035037875175476,0.18415780365467072
21,5,128,7,0.76210618019104,0.15377840399742126
21,5,128,8,0.4818662703037262,0.13510584831237793
21,5,128,9,0.49048641324043274,0.1381990611553192
21,5,128,10,0.7611159682273865,0.19545693695545197
21,5,128,11,0.6825751662254333,0.21673583984375
21,5,128,12,0.5501706004142761,0.12252065539360046
21,5,128,13,0.42661648988723755,0.13475576043128967
21,5,128,14,0.6493790745735168,0.08510090410709381
21,5,128,15,0.7532550096511841,0.09736388921737671
21,5,128,16,0.5937111377716064,0.10735177248716354
21,5,128,17,0.6765881180763245,0.1653246432542801
21,5,128,18,0.27734142541885376,0.12802307307720184
21,5,128,19,0.7960917949676514,0.15267033874988556
21,5,128,20,0.7801889777183533,0.1245831549167633
21,5,128,21,0.7044492959976196,0.1894780993461609
21,5,128,22,0.6728297472000122,0.27004894614219666
21,5,128,23,0.813086748123169,0.09933360666036606
21,5,128,24,0.779969334602356,0.161308154463768
21,5,128,25,0.37752723693847656,0.2496483474969864
21,5,128,26,0.3690386712551117,0.2527884840965271
21,5,128,27,0.7114648222923279,0.17465145885944366
21,5,128,28,0.7616244554519653,0.1882399469614029
21,5,128,29,0.6712059378623962,0.08949291706085205
21,5,128,30,0.5444298982620239,0.13361044228076935
21,5,128,31,0.7869391441345215,0.11320485174655914
21,5,128,32,0.7318753004074097,0.17831137776374817
21,5,128,33,0.6831821799278259,0.1011921837925911
21,5,128,34,0.5666132569313049,0.1834375411272049
21,5,128,35,0.28924545645713806,0.15673968195915222
21,5,128,36,0.6044902801513672,0.10208138823509216
21,5,128,37,0.6416944265365601,0.2811039984226227
21,5,128,38,0.7765420079231262,0.13818475604057312
21,5,128,39,0.6555553674697876,0.1078973114490509
21,5,128,40,0.7816356420516968,0.1026083379983902
21,5,128,41,0.6476595997810364,0.3018137514591217
21,5,128,42,0.7964109778404236,0.15118525922298431
21,5,128,43,0.7497301697731018,0.07228513807058334
21,5,128,44,0.2562981843948364,0.21427024900913239
21,5,128,45,0.5431600213050842,0.09066415578126907
21,5,128,46,0.7470739483833313,0.09875115752220154
21,5,128,47,0.5415647625923157,0.11066888272762299
21,5,128,48,0.7000117897987366,0.13737556338310242
21,5,128,49,0.7758215069770813,0.14661623537540436
21,5,128,50,0.3447979986667633,0.08652496337890625
21,5,128,51,0.745424747467041,0.1206265538930893
21,5,128,52,0.44106176495552063,0.06701221317052841
21,5,128,53,0.7034787535667419,0.28109195828437805
21,5,128,54,0.5682616829872131,0.21774226427078247
21,5,128,55,0.6438567042350769,0.09402848035097122
21,5,128,56,0.6317780613899231,0.0769006535410881
21,5,128,57,0.742932915687561,0.21796756982803345
21,5,128,58,0.6090524792671204,0.05611351504921913
21,5,128,59,0.47854140400886536,0.12832318246364594
21,5,128,60,0.5304958820343018,0.12166644632816315
21,5,128,61,0.4847775101661682,0.14194431900978088
21,5,128,62,0.8010653853416443,0.09305554628372192
21,5,128,63,0.5623716711997986,0.2531157433986664
21,5,128,64,0.6679235696792603,0.0696391612291336
21,5,128,65,0.6259871125221252,0.2833220064640045
21,5,128,66,0.3575546443462372,0.17072775959968567
21,5,128,67,0.5858801007270813,0.10419027507305145
21,5,128,68,0.39852237701416016,0.11217446625232697
21,5,128,69,0.6918087601661682,0.15121062099933624
21,5,128,70,0.6568399667739868,0.14060606062412262
21,5,128,71,0.8231356739997864,0.10363584756851196
21,5,128,72,0.4093431234359741,0.1926952451467514
21,5,128,73,0.6124527454376221,0.07324906438589096
21,5,128,74,0.7671307325363159,0.12278777360916138
21,5,128,75,0.6841638684272766,0.28475022315979004
21,5,128,76,0.6592657566070557,0.29435768723487854
21,5,128,77,0.5160040855407715,0.04254041612148285
21,5,128,78,0.5013068318367004,0.10444211214780807
21,5,128,79,0.66116863489151,0.09902575612068176
21,5,128,80,0.7216528058052063,0.0973089337348938
21,5,128,81,0.6582071185112,0.2485269457101822
21,5,128,82,0.7062665224075317,0.1116541400551796
21,5,128,83,0.6846437454223633,0.2287903130054474
21,5,128,84,0.44735774397850037,0.14122828841209412
21,5,128,85,0.7221363186836243,0.16505543887615204
21,5,128,86,0.6484946012496948,0.19157075881958008
21,5,128,87,0.5433613061904907,0.1494668573141098
21,5,128,88,0.4103793799877167,0.13147808611392975
21,5,128,89,0.7599421739578247,0.07677140086889267
21,5,128,90,0.5109544396400452,0.17721767723560333
21,5,128,91,0.5474069118499756,0.2057519108057022
21,5,128,92,0.6340563297271729,0.1940440684556961
21,5,128,93,0.7821550369262695,0.06771839410066605
21,5,128,94,0.6857462525367737,0.08255799114704132
21,5,128,95,0.4254041910171509,0.07361312210559845
21,5,128,96,0.769047737121582,0.10576219856739044
21,5,128,97,0.5675011873245239,0.09543411433696747
21,5,128,98,0.6629235744476318,0.12165502458810806
21,5,128,99,0.6224396824836731,0.20799919962882996
21,5,128,100,0.6620263457298279,0.30597302317619324
21,5,128,101,0.592880368232727,0.12130848318338394
21,5,128,102,0.6493232846260071,0.15262532234191895
21,5,128,103,0.6121684312820435,0.14107486605644226
21,5,128,104,0.7254387140274048,0.22728179395198822
21,5,128,105,0.4310116171836853,0.2559109032154083
21,5,128,106,0.6803638339042664,0.18300557136535645
21,5,128,107,0.7649044990539551,0.1309538334608078
21,5,128,108,0.5947564244270325,0.10861241072416306
21,5,128,109,0.8053205609321594,0.13089986145496368
21,5,128,110,0.7398346662521362,0.15734195709228516
21,5,128,111,0.6329297423362732,0.3062725067138672
21,5,128,112,0.7801367044448853,0.1392817348241806
21,5,128,113,0.3919888138771057,0.13856060802936554
21,5,128,114,0.5929611921310425,0.043773796409368515
21,5,128,115,0.5005101561546326,0.10331274569034576
21,5,128,116,0.759930431842804,0.18279562890529633
21,5,128,117,0.6044984459877014,0.07657404243946075
21,5,128,118,0.6007108092308044,0.27485084533691406
21,5,128,119,0.5292752385139465,0.06741642206907272
21,5,128,120,0.3958875834941864,0.2680792510509491
21,5,128,121,0.6636064648628235,0.23614037036895752
21,5,128,122,0.56708163022995,0.22463367879390717
21,5,128,123,0.7143669128417969,0.18425025045871735
21,5,128,124,0.6926478743553162,0.1416883021593094
21,5,128,125,0.6591842770576477,0.11935456842184067
21,5,128,126,0.6424887776374817,0.17683562636375427
21,5,128,127,0.6100857853889465,0.15137514472007751
22,0,32,0,0.49195316433906555,0.07958585023880005
22,0,32,1,0.4478864073753357,0.2408308982849121
22,0,32,2,0.40885812044143677,0.09507498145103455
22,0,32,3,0.36667051911354065,0.18892471492290497
22,0,32,4,0.4495027959346771,0.07949922978878021
22,0,32,5,0.4643734395503998,0.2817474901676178
22,0,32,6,0.4549531936645508,0.08263131231069565
22,0,32,7,0.5025498270988464,0.08421126008033752
22,0,32,8,0.4656367301940918,0.26861366629600525
22,0,32,9,0.5333252549171448,0.1620561182498932
22,0,32,10,0.6797602772712708,0.12695954740047455
22,0,32,11,0.4424183964729309,0.12111235409975052
22,0,32,12,0.576410710811615,0.10413381457328796
22,0,32,13,0.4514473080635071,0.19497014582157135
22,0,32,14,0.48750823736190796,0.09675469994544983
22,0,32,15,0.4856050908565521,0.1568375825881958
22,0,32,16,0.5280480980873108,0.26265549659729004
22,0,32,17,0.5261947512626648,0.030113890767097473
22,0,32,18,0.5764983296394348,0.210945725440979
22,0,32,19,0.44704270362854004,0.08151717483997345
22,0,32,20,0.37042590975761414,0.18490351736545563
22,0,32,21,0.5564619898796082,0.07884116470813751
22,0,32,22,0.4800143539905548,0.20041635632514954
22,0,32,23,0.5479246973991394,0.18454213440418243
22,0,32,24,0.30087587237358093,0.09985934942960739
22,0,32,25,0.6809209585189819,0.0831235870718956
22,0,32,26,0.4819168150424957,0.1535533219575882
22,0,32,27,0.5086113214492798,0.11318782716989517
22,0,32,28,0.5245243906974792,0.14089389145374298
22,0,32,29,0.36134234070777893,0.06126691401004791
22,0,32,30,0.3107759356498718,0.11672325432300568
22,0,32,31,0.45212844014167786,0.058320220559835434
22,1,32,0,0.5313518047332764,0.14730460941791534
22,1,32,1,0.6132414937019348,0.12676595151424408
22,1,32,2,0.39291855692863464,0.16256095468997955
22,1,32,3,0.609074592590332,0.14044861495494843
22,1,32,4,0.7296585440635681,0.07210619747638702
22,1,32,5,0.44329285621643066,0.1262318640947342
22,1,32,6,0.532688319683075,0.08481203764677048
22,1,32,7,0.5434636473655701,0.1597706526517868
22,1,32,8,0.3897988200187683,0.12238472700119019
22,1,32,9,0.6431522369384766,0.13544565439224243
22,1,32,10,0.49090537428855896,0.09434095770120621
22,1,32,11,0.6223017573356628,0.10177889466285706
22,1,32,12,0.4484027624130249,0.15760783851146698
22,1,32,13,0.37612128257751465,0.1765320599079132
22,1,32,14,0.4967331290245056,0.05116255208849907
22,1,32,15,0.4344930052757263,0.04432455450296402
22,1,32,16,0.49013808369636536,0.1932261884212494
22,1,32,17,0.688761293888092,0.09402715414762497
22,1,32,18,0.48358070850372314,0.16512511670589447
22,1,32,19,0.6740905046463013,0.11054430156946182
22,1,32,20,0.37803682684898376,0.09597708284854889
22,1,32,21,0.6168152689933777,0.13363154232501984
22,1,32,22,0.5399349927902222,0.09755522012710571
22,1,32,23,0.6231436729431152,0.1596483290195465
22,1,32,24,0.44957539439201355,0.16157618165016174
22,1,32,25,0.6072964072227478,0.07781890779733658
22,1,32,26,0.6364257335662842,0.12729188799858093
22,1,32,27,0.5376700758934021,0.17551393806934357
22,1,32,28,0.3483007252216339,0.09111283719539642
22,1,32,29,0.4369984567165375,0.04839058965444565
22,1,32,30,0.5352063775062561,0.13424724340438843
22,1,32,31,0.46327272057533264,0.11573610454797745
22,2,64,0,0.6124506592750549,0.0656047984957695
22,2,64,1,0.38609781861305237,0.16280238330364227
22,2,64,2,0.49742814898490906,0.09054902195930481
22,2,64,3,0.5297217965126038,0.13751213252544403
22,2,64,4,0.4749873876571655,0.07957158982753754
22,2,64,5,0.3007144629955292,0.11878862977027893
22,2,64,6,0.5327742695808411,0.10041335970163345
22,2,64,7,0.5116405487060547,0.21045859158039093
22,2,64,8,0.457767128944397,0.12891891598701477
22,2,64,9,0.56632000207901,0.07304856181144714
22,2,64,10,0.3693322539329529,0.1449732929468155
22,2,64,11,0.6085330843925476,0.13048990070819855
22,2,64,12,0.3667892515659332,0.14977920055389404
22,2,64,13,0.3739474415779114,0.1433853805065155
22,2,64,14,0.49949583411216736,0.06588327139616013
22,2,64,15,0.6440228819847107,0.14308540523052216
22,2,64,16,0.5651162266731262,0.11925321817398071
22,2,64,17,0.48645129799842834,0.07786993682384491
22,2,64,18,0.519135057926178,0.08592506498098373
22,2,64,19,0.49057793617248535,0.18798738718032837
22,2,64,20,0.43404093384742737,0.1267080008983612
22,2,64,21,0.4246859550476074,0.2162925750017166
22,2,64,22,0.5676037669181824,0.10720136016607285
22,2,64,23,0.5727137327194214,0.19470155239105225
22,2,64,24,0.3853912651538849,0.08026695996522903
22,2,64,25,0.6121602058410645,0.08965062350034714
22,2,64,26,0.42766350507736206,0.15145160257816315
22,2,64,27,0.5386388301849365,0.090113565325737
22,2,64,28,0.501003623008728,0.06968221068382263
22,2,64,29,0.5880874991416931,0.03242362663149834
22,2,64,30,0.5939843058586121,0.16115857660770416
22,2,64,31,0.3970387279987335,0.09752856194972992
22,2,64,32,0.6707258820533752,0.11617495864629745
22,2,64,33,0.5391733050346375,0.1034015566110611
22,2,64,34,0.3984427750110626,0.020250318571925163
22,2,64,35,0.5290096402168274,0.17312608659267426
22,2,64,36,0.5168509483337402,0.13141630589962006
22,2,64,37,0.5783122777938843,0.10058744996786118
22,2,64,38,0.5338354110717773,0.09704382717609406
22,2,64,39,0.4078843295574188,0.16854944825172424
22,2,64,40,0.46729162335395813,0.13406658172607422
22,2,64,41,0.5505584478378296,0.1709602177143097
22,2,64,42,0.5550032258033752,0.11555404216051102
22,2,64,43,0.3202175796031952,0.1302281767129898
22,2,64,44,0.4059755206108093,0.1689152866601944
22,2,64,45,0.5390417575836182,0.0712476372718811
22,2,64,46,0.49486052989959717,0.22926117479801178
22,2,64,47,0.4765970706939697,0.10691649466753006
22,2,64,48,0.3574407398700714,0.15332575142383575
22,2,64,49,0.5645914673805237,0.09321970492601395
22,2,64,50,0.43638327717781067,0.08110824972391129
22,2,64,51,0.5892392992973328,0.08807328343391418
22,2,64,52,0.4931740462779999,0.1427234262228012
22,2,64,53,0.4226365387439728,0.13475950062274933
22,2,64,54,0.4571828544139862,0.11340437829494476
22,2,64,55,0.4392174482345581,0.24094559252262115
22,2,64,56,0.5653096437454224,0.1556568592786789
22,2,64,57,0.48447901010513306,0.17851386964321136
22,2,64,58,0.3999723792076111,0.11062812060117722
22,2,64,59,0.48119407892227173,0.15272440016269684
22,2,64,60,0.6529660224914551,0.15094919502735138
22,2,64,61,0.5198503136634827,0.22417135536670685
22,2,64,62,0.36585626006126404,0.15466131269931793
22,2,64,63,0.4645273685455322,0.1891660988330841
22,3,64,0,0.46879029273986816,0.12235910445451736
22,3,64,1,0.47172242403030396,0.1370459944009781
22,3,64,2,0.5618828535079956,0.10683780908584595
22,3,64,3,0.4971920847892761,0.054401788860559464
22,3,64,4,0.4182550609111786,0.020734015852212906
22,3,64,5,0.35822707414627075,0.06825470179319382
22,3,64,6,0.4735325872898102,0.09540186077356339
22,3,64,7,0.4679539203643799,0.12175963073968887
22,3,64,8,0.6557238698005676,0.11218728870153427
22,3,64,9,0.43384838104248047,0.07196809351444244
22,3,64,10,0.5332610011100769,0.10731310397386551
22,3,64,11,0.5667144656181335,0.12063701450824738
22,3,64,12,0.39482957124710083,0.09523381292819977
22,3,64,13,0.48264479637145996,0.13828153908252716
22,3,64,14,0.5826215744018555,0.07377791404724121
22,3,64,15,0.45109763741493225,0.10991816222667694
22,3,64,16,0.46647968888282776,0.11563065648078918
22,3,64,17,0.49125203490257263,0.17627191543579102
22,3,64,18,0.48422035574913025,0.12405648082494736
22,3,64,19,0.4332406520843506,0.12932218611240387
22,3,64,20,0.44145604968070984,0.08035028725862503
22,3,64,21,0.5146874785423279,0.20637860894203186
22,3,64,22,0.5479751229286194,0.043531231582164764
22,3,64,23,0.3556433916091919,0.13591507077217102
22,3,64,24,0.544836163520813,0.10431011766195297
22,3,64,25,0.5060206651687622,0.21230828762054443
22,3,64,26,0.42123523354530334,0.14683444797992706
22,3,64,27,0.4633868932723999,0.1351034790277481
22,3,64,28,0.4100261628627777,0.11560941487550735
22,3,64,29,0.3743734061717987,0.050477128475904465
22,3,64,30,0.48863381147384644,0.1507386863231659
22,3,64,31,0.34306707978248596,0.14114932715892792
22,3,64,32,0.5866952538490295,0.07905297726392746
22,3,64,33,0.5142528414726257,0.13074246048927307
22,3,64,34,0.5023716688156128,0.08332739025354385
22,3,64,35,0.4941250681877136,0.14257442951202393
22,3,64,36,0.5107185244560242,0.16540563106536865
22,3,64,37,0.42788219451904297,0.16329672932624817
22,3,64,38,0.5328204035758972,0.03195343539118767
22,3,64,39,0.4535558819770813,0.11079631745815277
22,3,64,40,0.5441840291023254,0.1435847282409668
22,3,64,41,0.4903385639190674,0.05250656232237816
22,3,64,42,0.5596635341644287,0.14440906047821045
22,3,64,43,0.3653961420059204,0.06808080524206161
22,3,64,44,0.401995450258255,0.09793836623430252
22,3,64,45,0.5622056722640991,0.056466925889253616
22,3,64,46,0.33086371421813965,0.1716560274362564
22,3,64,47,0.5388614535331726,0.0864296704530716
22,3,64,48,0.3381202518939972,0.129831001162529
22,3,64,49,0.5746203064918518,0.1515701562166214
22,3,64,50,0.5117993950843811,0.09839968383312225
22,3,64,51,0.4041992723941803,0.07984532415866852
22,3,64,52,0.6685467958450317,0.1635143905878067
22,3,64,53,0.4320242404937744,0.2330092042684555
22,3,64,54,0.30824360251426697,0.10053600370883942
22,3,64,55,0.5292073488235474,0.06931490451097488
22,3,64,56,0.5690235495567322,0.10647550225257874
22,3,64,57,0.6009019613265991,0.1209290623664856
22,3,64,58,0.5416321158409119,0.09174986183643341
22,3,64,59,0.60992830991745,0.07171623408794403
22,3,64,60,0.6140661239624023,0.1045028418302536
22,3,64,61,0.39395636320114136,0.15898871421813965
22,3,64,62,0.6123020052909851,0.18464595079421997
22,3,64,63,0.4893644452095032,0.0943528413772583
22,4,128,0,0.39760464429855347,0.14555877447128296
22,4,128,1,0.5595822334289551,0.32244426012039185
22,4,128,2,0.6305325031280518,0.13607732951641083
22,4,128,3,0.35535934567451477,0.14127957820892334
22,4,128,4,0.5285761952400208,0.15925931930541992
22,4,128,5,0.3511618971824646,0.22319848835468292
22,4,128,6,0.7735092639923096,0.1396380215883255
22,4,128,7,0.7474059462547302,0.1337316930294037
22,4,128,8,0.5661245584487915,0.18086589872837067
22,4,128,9,0.5815216898918152,0.3166225552558899
22,4,128,10,0.6086816191673279,0.30458155274391174
22,4,128,11,0.5248204469680786,0.13708053529262543
22,4,128,12,0.6304121017456055,0.3482714891433716
22,4,128,13,0.3715960681438446,0.1705051213502884
22,4,128,14,0.4417913258075714,0.12166303396224976
22,4,128,15,0.6147956848144531,0.2013241946697235
22,4,128,16,0.36949262022972107,0.1455361694097519
22,4,128,17,0.5733152627944946,0.26225006580352783
22,4,128,18,0.6621504426002502,0.14561840891838074
22,4,128,19,0.6773868203163147,0.13675588369369507
22,4,128,20,0.6700928211212158,0.3232139050960541
22,4,128,21,0.443840354681015,0.15945352613925934
22,4,128,22,0.4200952649116516,0.25007638335227966
22,4,128,23,0.6416917443275452,0.09413616359233856
22,4,128,24,0.6747673153877258,0.20871399343013763
22,4,128,25,0.4161161482334137,0.2505934238433838
22,4,128,26,0.579203188419342,0.29932087659835815
22,4,128,27,0.6019728183746338,0.3505481481552124
22,4,128,28,0.7373833060264587,0.138209730386734
22,4,128,29,0.61844402551651,0.07512417435646057
22,4,128,30,0.4241304397583008,0.09375934302806854
22,4,128,31,0.7313956618309021,0.1537211835384369
22,4,128,32,0.3917904198169708,0.22542285919189453
22,4,128,33,0.5524799227714539,0.19301898777484894
22,4,128,34,0.6495389938354492,0.09262914955615997
22,4,128,35,0.7593637108802795,0.18666712939739227
22,4,128,36,0.6662999987602234,0.10531506687402725
22,4,128,37,0.5485621094703674,0.06458324939012527
22,4,128,38,0.6085216403007507,0.11301647126674652
22,4,128,39,0.6246681213378906,0.1681728959083557
22,4,128,40,0.6279740929603577,0.3048331141471863
22,4,128,41,0.3956036865711212,0.2287149429321289
22,4,128,42,0.4388938248157501,0.1943701207637787
22,4,128,43,0.7484435439109802,0.14939038455486298
22,4,128,44,0.6171444058418274,0.18493999540805817
22,4,128,45,0.5793460011482239,0.334408700466156
22,4,128,46,0.4499557912349701,0.06790798157453537
22,4,128,47,0.38062676787376404,0.15479716658592224
22,4,128,48,0.7141533493995667,0.18228590488433838
22,4,128,49,0.6365900635719299,0.10032173246145248
22,4,128,50,0.5624322891235352,0.15723128616809845
22,4,128,51,0.5589447021484375,0.08885698765516281
22,4,128,52,0.3701842129230499,0.21681606769561768
22,4,128,53,0.6576778888702393,0.11572935432195663
22,4,128,54,0.3116057217121124,0.15955035388469696
22,4,128,55,0.3703729510307312,0.16074003279209137
22,4,128,56,0.7104216814041138,0.16390343010425568
22,4,128,57,0.3907674551010132,0.12399227172136307
22,4,128,58,0.40625908970832825,0.1401049643754959
22,4,128,59,0.608634889125824,0.1998039036989212
22,4,128,60,0.40100589394569397,0.16737371683120728
22,4,128,61,0.6303359866142273,0.33198100328445435
22,4,128,62,0.40723350644111633,0.2993086278438568
22,4,128,63,0.7867957353591919,0.13552208244800568
22,4,128,64,0.3477647006511688,0.15228243172168732
22,4,128,65,0.7817196249961853,0.17231465876102448
22,4,128,66,0.6376722455024719,0.33448150753974915
22,4,128,67,0.5916930437088013,0.2559964060783386
22,4,128,68,0.5748213529586792,0.11411476135253906
22,4,128,69,0.6119794845581055,0.07149173319339752
22,4,128,70,0.6807907819747925,0.18201066553592682
22,4,128,71,0.5550472736358643,0.13320142030715942
22,4,128,72,0.4148366451263428,0.23062951862812042
22,4,128,73,0.6438879370689392,0.3222946524620056
22,4,128,74,0.5074830055236816,0.1788061261177063
22,4,128,75,0.4045671224594116,0.14942556619644165
22,4,128,76,0.6585214734077454,0.284665048122406
22,4,128,77,0.38158777356147766,0.09610260277986526
22,4,128,78,0.3813452124595642,0.29438531398773193
22,4,128,79,0.5836971402168274,0.14506284892559052
22,4,128,80,0.5454054474830627,0.20273059606552124
22,4,128,81,0.6012834310531616,0.17961683869361877
22,4,128,82,0.5566734075546265,0.24798141419887543
22,4,128,83,0.360341340303421,0.17855779826641083
22,4,128,84,0.5949440598487854,0.13858869671821594
22,4,128,85,0.40824487805366516,0.2323753535747528
22,4,128,86,0.6403464078903198,0.2823959290981293
22,4,128,87,0.6501962542533875,0.3083566129207611
22,4,128,88,0.5665071606636047,0.20777587592601776
22,4,128,89,0.5102683901786804,0.07000400125980377
22,4,128,90,0.6816551685333252,0.1671225130558014
22,4,128,91,0.6492754220962524,0.32552528381347656
22,4,128,92,0.7744161486625671,0.13168957829475403
22,4,128,93,0.4468989074230194,0.26037007570266724
22,4,128,94,0.6646645069122314,0.2856914699077606
22,4,128,95,0.3782866299152374,0.1761408895254135
22,4,128,96,0.6196613907814026,0.23059503734111786
22,4,128,97,0.7047509551048279,0.11981819570064545
22,4,128,98,0.5995241403579712,0.17838382720947266
22,4,128,99,0.3579030930995941,0.21791884303092957
22,4,128,100,0.702556848526001,0.12723121047019958
22,4,128,101,0.4296949505805969,0.2779054641723633
22,4,128,102,0.36992186307907104,0.12088365107774734
22,4,128,103,0.6249702572822571,0.2837143838405609
22,4,128,104,0.26274511218070984,0.12703049182891846
22,4,128,105,0.6404996514320374,0.32211852073669434
22,4,128,106,0.3757445514202118,0.2910534143447876
22,4,128,107,0.5590654015541077,0.09244202077388763
22,4,128,108,0.5946365594863892,0.13296955823898315
22,4,128,109,0.6241943836212158,0.3219304382801056
22,4,128,110,0.7162884473800659,0.11522426456212997
22,4,128,111,0.6461414098739624,0.31170541048049927
22,4,128,112,0.3350377082824707,0.19252566993236542
22,4,128,113,0.6109067797660828,0.26522496342658997
22,4,128,114,0.6533119082450867,0.31445029377937317
22,4,128,115,0.6322921514511108,0.18672145903110504
22,4,128,116,0.37822312116622925,0.2888755798339844
22,4,128,117,0.4749576151371002,0.2322901487350464
22,4,128,118,0.6564574837684631,0.20625491440296173
22,4,128,119,0.48434576392173767,0.06445860862731934
22,4,128,120,0.3636682629585266,0.23357900977134705
22,4,128,121,0.6611471176147461,0.12916691601276398
22,4,128,122,0.5808305144309998,0.24441657960414886
22,4,128,123,0.5802915692329407,0.13484299182891846
22,4,128,124,0.6507464647293091,0.3156871795654297
22,4,128,125,0.5006874799728394,0.20159520208835602
22,4,128,126,0.6243621706962585,0.21832892298698425
22,4,128,127,0.6712992191314697,0.19917109608650208
22,5,128,0,0.7339533567428589,0.1076492890715599
22,5,128,1,0.7244060039520264,0.24016882479190826
22,5,128,2,0.7347835898399353,0.23796875774860382
22,5,128,3,0.6551989316940308,0.11398707330226898
22,5,128,4,0.669805109500885,0.2654617726802826
22,5,128,5,0.6692355871200562,0.25386300683021545
22,5,128,6,0.6674674153327942,0.28440237045288086
22,5,128,7,0.6899031400680542,0.18166109919548035
22,5,128,8,0.24767301976680756,0.1917354017496109
22,5,128,9,0.6777843832969666,0.2225368469953537
22,5,128,10,0.689748227596283,0.17795537412166595
22,5,128,11,0.7879055142402649,0.18363261222839355
22,5,128,12,0.5696063041687012,0.1571492701768875
22,5,128,13,0.324592262506485,0.1369151473045349
22,5,128,14,0.6381027698516846,0.21606209874153137
22,5,128,15,0.7254688739776611,0.17674896121025085
22,5,128,16,0.44822290539741516,0.16256748139858246
22,5,128,17,0.6864316463470459,0.2827439308166504
22,5,128,18,0.7411181926727295,0.1805310994386673
22,5,128,19,0.7011207342147827,0.2421533465385437
22,5,128,20,0.7634471654891968,0.15105123817920685
22,5,128,21,0.39137741923332214,0.10616973787546158
22,5,128,22,0.7349816560745239,0.06706320494413376
22,5,128,23,0.7338858842849731,0.1580081731081009
22,5,128,24,0.42927926778793335,0.09009967744350433
22,5,128,25,0.643772304058075,0.21993818879127502
22,5,128,26,0.6658728718757629,0.270499587059021
22,5,128,27,0.6792951822280884,0.28939059376716614
22,5,128,28,0.6936480402946472,0.25729894638061523
22,5,128,29,0.6833100318908691,0.22535370290279388
22,5,128,30,0.7032732963562012,0.263815313577652
22,5,128,31,0.349174827337265,0.15402428805828094
22,5,128,32,0.40758734941482544,0.23373320698738098
22,5,128,33,0.6547916531562805,0.21414153277873993
22,5,128,34,0.7330136299133301,0.23071113228797913
22,5,128,35,0.7367260456085205,0.20389960706233978
22,5,128,36,0.4641798138618469,0.07663948833942413
22,5,128,37,0.762952446937561,0.15562842786312103
22,5,128,38,0.6341156959533691,0.19164007902145386
22,5,128,39,0.7412592768669128,0.07561178505420685
22,5,128,40,0.6797532439231873,0.2840564250946045
22,5,128,41,0.6585339307785034,0.1561623215675354
22,5,128,42,0.5867404341697693,0.12265834957361221
22,5,128,43,0.6765138506889343,0.2011176347732544
22,5,128,44,0.4855605363845825,0.15896934270858765
22,5,128,45,0.6445549130439758,0.182278111577034
22,5,128,46,0.7685713171958923,0.12710604071617126
22,5,128,47,0.7224322557449341,0.18648968636989594
22,5,128,48,0.7759439945220947,0.16495251655578613
22,5,128,49,0.679247260093689,0.14571452140808105
22,5,128,50,0.35590633749961853,0.14329864084720612
22,5,128,51,0.5951976180076599,0.13096845149993896
22,5,128,52,0.7589507699012756,0.1865430325269699
22,5,128,53,0.6537271738052368,0.2898810803890228
22,5,128,54,0.3082687556743622,0.2453537881374359
22,5,128,55,0.6625542044639587,0.2830667495727539
22,5,128,56,0.45486992597579956,0.10094577819108963
22,5,128,57,0.7940171957015991,0.13227353990077972
22,5,128,58,0.6695818901062012,0.2698737680912018
22,5,128,59,0.5840317010879517,0.34535303711891174
22,5,128,60,0.48054635524749756,0.14999525249004364
22,5,128,61,0.5579057335853577,0.11342445760965347
22,5,128,62,0.36700761318206787,0.27775442600250244
22,5,128,63,0.7006756067276001,0.2969966232776642
22,5,128,64,0.6949998140335083,0.2144612818956375
22,5,128,65,0.7459688186645508,0.20678751170635223
22,5,128,66,0.6755508184432983,0.26856938004493713
22,5,128,67,0.6773545742034912,0.25820544362068176
22,5,128,68,0.4576335847377777,0.09214409440755844
22,5,128,69,0.4431998133659363,0.09320878982543945
22,5,128,70,0.7885779142379761,0.10613546520471573
22,5,128,71,0.36407411098480225,0.2156764417886734
22,5,128,72,0.34911149740219116,0.12306501716375351
22,5,128,73,0.6843076944351196,0.29951211810112
22,5,128,74,0.312225341796875,0.246543750166893
22,5,128,75,0.7242500185966492,0.20496949553489685
22,5,128,76,0.6599074006080627,0.30555489659309387
22,5,128,77,0.6763411164283752,0.2000378966331482
22,5,128,78,0.2872201204299927,0.22923821210861206
22,5,128,79,0.6848233342170715,0.24944862723350525
22,5,128,80,0.3550240993499756,0.16183871030807495
22,5,128,81,0.6222909688949585,0.31799381971359253
22,5,128,82,0.598159670829773,0.32030144333839417
22,5,128,83,0.4028944969177246,0.15198735892772675
22,5,128,84,0.702252984046936,0.20248658955097198
22,5,128,85,0.6504937410354614,0.30267491936683655
22,5,128,86,0.7073211073875427,0.2974119484424591
22,5,128,87,0.6909511089324951,0.2960646152496338
22,5,128,88,0.6949296593666077,0.11532694101333618
22,5,128,89,0.5328105092048645,0.23352426290512085
22,5,128,90,0.7213869094848633,0.258457750082016
22,5,128,91,0.635827362537384,0.17786197364330292
22,5,128,92,0.6639808416366577,0.15710951387882233
22,5,128,93,0.320686012506485,0.26017865538597107
22,5,128,94,0.7297933101654053,0.2013305276632309
22,5,128,95,0.40615925192832947,0.234499990940094
22,5,128,96,0.6569831967353821,0.3012266159057617
22,5,128,97,0.6645826101303101,0.26988497376441956
22,5,128,98,0.6334887742996216,0.10648670792579651
22,5,128,99,0.6849305629730225,0.1997012346982956
22,5,128,100,0.7842008471488953,0.14658892154693604
22,5,128,101,0.6829536557197571,0.11925161629915237
22,5,128,102,0.5594599843025208,0.11348636448383331
22,5,128,103,0.553451657295227,0.08631806075572968
22,5,128,104,0.47311556339263916,0.09860848635435104
22,5,128,105,0.7096123695373535,0.24588192999362946
22,5,128,106,0.4101155996322632,0.09725438803434372
22,5,128,107,0.6616055965423584,0.3073633015155792
22,5,128,108,0.6286850571632385,0.3148324489593506
22,5,128,109,0.7704724073410034,0.22871999442577362
22,5,128,110,0.6359314918518066,0.315897136926651
22,5,128,111,0.7010116577148438,0.21409188210964203
22,5,128,112,0.6759803891181946,0.3080517053604126
22,5,128,113,0.7546105980873108,0.22355996072292328
22,5,128,114,0.7479068040847778,0.2571307420730591
22,5,128,115,0.4153265357017517,0.08891783654689789
22,5,128,116,0.5372647047042847,0.13170358538627625
22,5,128,117,0.4520445466041565,0.16429774463176727
22,5,128,118,0.6537336707115173,0.29889801144599915
22,5,128,119,0.5221542119979858,0.23403300344944
22,5,128,120,0.38392147421836853,0.11137478798627853
22,5,128,121,0.7408263087272644,0.21609972417354584
22,5,128,122,0.6749104261398315,0.12250013649463654
22,5,128,123,0.7438019514083862,0.168107807636261
22,5,128,124,0.25985103845596313,0.20238617062568665
22,5,128,125,0.7071121335029602,0.16467078030109406
22,5,128,126,0.5422819256782532,0.2719486951828003
22,5,128,127,0.6670950651168823,0.24436841905117035
23,0,32,0,0.6217958331108093,0.06329777836799622
23,0,32,1,0.3744024336338043,0.0879349410533905
23,0,32,2,0.6066522002220154,0.1314646452665329
23,0,32,3,0.4114888906478882,0.12476397305727005
23,0,32,4,0.5384153127670288,0.13739460706710815
23,0,32,5,0.6510619521141052,0.0916689932346344
23,0,32,6,0.6429665684700012,0.09808400273323059
23,0,32,7,0.4235236346721649,0.1140592023730278
23,0,32,8,0.5018531084060669,0.12852150201797485
23,0,32,9,0.5328940749168396,0.11173202842473984
23,0,32,10,0.4858059585094452,0.13134345412254333
23,0,32,11,0.487280011177063,0.19232003390789032
23,0,32,12,0.3761586844921112,0.058163415640592575
23,0,32,13,0.46614858508110046,0.14616237580776215
23,0,32,14,0.3745041787624359,0.12238167226314545
23,0,32,15,0.47604086995124817,0.1635987013578415
23,0,32,16,0.5340444445610046,0.14132076501846313
23,0,32,17,0.3962186574935913,0.10080437362194061
23,0,32,18,0.40962764620780945,0.09783525764942169
23,0,32,19,0.5140097737312317,0.1394086331129074
23,0,32,20,0.5336824655532837,0.14762870967388153
23,0,32,21,0.4255565404891968,0.14427879452705383
23,0,32,22,0.5478521585464478,0.15444672107696533
23,0,32,23,0.5395113229751587,0.12263285368680954
23,0,32,24,0.46033385396003723,0.09242904931306839
23,0,32,25,0.49872538447380066,0.030781805515289307
23,0,32,26,0.513592004776001,0.14140264689922333
23,0,32,27,0.479333758354187,0.14041860401630402
23,0,32,28,0.37503954768180847,0.08956754207611084
23,0,32,29,0.4351990818977356,0.1304740309715271
23,0,32,30,0.5406736731529236,0.17164719104766846
23,0,32,31,0.5652227997779846,0.147638738155365
23,1,32,0,0.546550452709198,0.09842928498983383
23,1,32,1,0.5380151271820068,0.09736331552267075
23,1,32,2,0.5668399930000305,0.057844407856464386
23,1,32,3,0.549336850643158,0.1512901932001114
23,1,32,4,0.4802820086479187,0.15425293147563934
23,1,32,5,0.48260498046875,0.12408731132745743
23,1,32,6,0.4684753715991974,0.13032646477222443
23,1,32,7,0.5022672414779663,0.045580435544252396
23,1,32,8,0.557819664478302,0.09812825918197632
23,1,32,9,0.5606769919395447,0.0902363657951355
23,1,32,10,0.5073728561401367,0.08972638845443726
23,1,32,11,0.6712392568588257,0.11440590769052505
23,1,32,12,0.3446155786514282,0.11471085250377655
23,1,32,13,0.45959338545799255,0.13316567242145538
23,1,32,14,0.47752559185028076,0.15551947057247162
23,1,32,15,0.35611483454704285,0.14821211993694305
23,1,32,16,0.6114476919174194,0.12500222027301788
23,1,32,17,0.47177886962890625,0.12942907214164734
23,1,32,18,0.5398231148719788,0.10496065765619278
23,1,32,19,0.4161284565925598,0.09969032555818558
23,1,32,20,0.48511001467704773,0.15150398015975952
23,1,32,21,0.5062053203582764,0.17027750611305237
23,1,32,22,0.4798870086669922,0.09566630423069
23,1,32,23,0.6187665462493896,0.17740024626255035
23,1,32,24,0.41434118151664734,0.06943071633577347
23,1,32,25,0.6299097537994385,0.13004960119724274
23,1,32,26,0.4999534487724304,0.10537916421890259
23,1,32,27,0.49865272641181946,0.10021314024925232
23,1,32,28,0.4416896104812622,0.17046229541301727
23,1,32,29,0.41769418120384216,0.08030243963003159
23,1,32,30,0.5258089303970337,0.07843167334794998
23,1,32,31,0.5816954970359802,0.059374142438173294
23,2,64,0,0.5044538974761963,0.22351083159446716
23,2,64,1,0.33921873569488525,0.09830757975578308
23,2,64,2,0.6071808338165283,0.07108329981565475
23,2,64,3,0.6223217248916626,0.17765410244464874
23,2,64,4,0.613038957118988,0.12050163745880127
23,2,64,5,0.4691064953804016,0.21365872025489807
23,2,64,6,0.3926464319229126,0.10696064680814743
23,2,64,7,0.5793675780296326,0.12542739510536194
23,2,64,8,0.5026038885116577,0.0697816014289856
23,2,64,9,0.5048730373382568,0.12662746012210846
23,2,64,10,0.4040013253688812,0.15314336121082306
23,2,64,11,0.6513184905052185,0.16897138953208923
23,2,64,12,0.37304383516311646,0.06864431500434875
23,2,64,13,0.5135983824729919,0.10075188428163528
23,2,64,14,0.4973115921020508,0.21100002527236938
23,2,64,15,0.44594401121139526,0.152257040143013
23,2,64,16,0.41577598452568054,0.11578544974327087
23,2,64,17,0.6017857193946838,0.06747698783874512
23,2,64,18,0.523672342300415,0.11046347767114639
23,2,64,19,0.6079792380332947,0.14857231080532074
23,2,64,20,0.3346812427043915,0.11628172546625137
23,2,64,21,0.4643012285232544,0.15648719668388367
23,2,64,22,0.5279863476753235,0.1089681088924408
23,2,64,23,0.591120719909668,0.09687129408121109
23,2,64,24,0.6711597442626953,0.11597961187362671
23,2,64,25,0.5203031897544861,0.19847318530082703
23,2,64,26,0.49175071716308594,0.14528828859329224
23,2,64,27,0.4492204487323761,0.12844695150852203
23,2,64,28,0.5102431178092957,0.09059568494558334
23,2,64,29,0.5630177855491638,0.16182005405426025
23,2,64,30,0.5325870513916016,0.17631912231445312
23,2,64,31,0.48305779695510864,0.16175903379917145
23,2,64,32,0.539787232875824,0.18251045048236847
23,2,64,33,0.4563797116279602,0.11904660612344742
23,2,64,34,0.47897350788116455,0.0910206064581871
23,2,64,35,0.5268341302871704,0.05892035365104675
23,2,64,36,0.5277033448219299,0.1539207547903061
23,2,64,37,0.6337848901748657,0.18973836302757263
23,2,64,38,0.4922271966934204,0.04706808552145958
23,2,64,39,0.48395493626594543,0.132714182138443
23,2,64,40,0.6099754571914673,0.12732402980327606
23,2,64,41,0.6225050091743469,0.09891083091497421
23,2,64,42,0.5521160960197449,0.22684116661548615
23,2,64,43,0.6286804676055908,0.14019717276096344
23,2,64,44,0.49438220262527466,0.16344133019447327
23,2,64,45,0.5326946377754211,0.13812588155269623
23,2,64,46,0.3992023468017578,0.19498726725578308
23,2,64,47,0.565582275390625,0.26335740089416504
23,2,64,48,0.6008387804031372,0.24288170039653778
23,2,64,49,0.4777228534221649,0.2040013074874878
23,2,64,50,0.4732033610343933,0.08265069127082825
23,2,64,51,0.5708835124969482,0.2662769556045532
23,2,64,52,0.6085101962089539,0.08901366591453552
23,2,64,53,0.5842661261558533,0.23357714712619781
23,2,64,54,0.5472039580345154,0.17696955800056458
23,2,64,55,0.48298490047454834,0.17911192774772644
23,2,64,56,0.4464265704154968,0.11764120310544968
23,2,64,57,0.4728104770183563,0.1675373762845993
23,2,64,58,0.3756832778453827,0.09104891866445541
23,2,64,59,0.6586217880249023,0.08039805293083191
23,2,64,60,0.6056637167930603,0.1464158147573471
23,2,64,61,0.4038355052471161,0.0987711027264595
23,2,64,62,0.37559109926223755,0.13009296357631683
23,2,64,63,0.4028758108615875,0.1761316955089569
23,3,64,0,0.6814670562744141,0.10685867816209793
23,3,64,1,0.4575848877429962,0.17152667045593262
23,3,64,2,0.35749757289886475,0.17026454210281372
23,3,64,3,0.6312142014503479,0.11797115951776505
23,3,64,4,0.41765889525413513,0.13089264929294586
23,3,64,5,0.7358377575874329,0.06425034254789352
23,3,64,6,0.4515063166618347,0.10866474360227585
23,3,64,7,0.3194810748100281,0.08398944139480591
23,3,64,8,0.605984091758728,0.17190828919410706
23,3,64,9,0.5001243948936462,0.09963229298591614
23,3,64,10,0.5597067475318909,0.09448957443237305
23,3,64,11,0.43160802125930786,0.09416770190000534
23,3,64,12,0.5453207492828369,0.11488009989261627
23,3,64,13,0.5134815573692322,0.1337982714176178
23,3,64,14,0.5357115268707275,0.26508229970932007
23,3,64,15,0.44445741176605225,0.2882262170314789
23,3,64,16,0.48350057005882263,0.12083850800991058
23,3,64,17,0.5579742193222046,0.14794830977916718
23,3,64,18,0.3270924687385559,0.12274303287267685
23,3,64,19,0.6348509192466736,0.08829022198915482
23,3,64,20,0.47006484866142273,0.16595108807086945
23,3,64,21,0.35966330766677856,0.05319488048553467
23,3,64,22,0.513477087020874,0.19600720703601837
23,3,64,23,0.28771328926086426,0.07948660105466843
23,3,64,24,0.6044232845306396,0.07366994023323059
23,3,64,25,0.6087644696235657,0.1250825822353363
23,3,64,26,0.4384673833847046,0.11857174336910248
23,3,64,27,0.563446044921875,0.08697190880775452
23,3,64,28,0.29539793729782104,0.13648338615894318
23,3,64,29,0.4667492210865021,0.22906358540058136
23,3,64,30,0.5606489777565002,0.1140604317188263
23,3,64,31,0.5418303608894348,0.1088806688785553
23,3,64,32,0.46017277240753174,0.17795170843601227
23,3,64,33,0.6391923427581787,0.07959543913602829
23,3,64,34,0.6076684594154358,0.28824862837791443
23,3,64,35,0.4187212884426117,0.14188483357429504
23,3,64,36,0.5431500673294067,0.21744069457054138
23,3,64,37,0.4727482497692108,0.17010292410850525
23,3,64,38,0.4516984820365906,0.17983298003673553
23,3,64,39,0.43969571590423584,0.10365822166204453
23,3,64,40,0.3893651068210602,0.2758980691432953
23,3,64,41,0.6777303218841553,0.17533430457115173
23,3,64,42,0.4964008629322052,0.22290538251399994
23,3,64,43,0.5096063017845154,0.1923961341381073
23,3,64,44,0.480878084897995,0.08807109296321869
23,3,64,45,0.4090118110179901,0.10857507586479187
23,3,64,46,0.3815382122993469,0.13899670541286469
23,3,64,47,0.544765055179596,0.06705573201179504
23,3,64,48,0.6211715340614319,0.15921549499034882
23,3,64,49,0.538507342338562,0.13096043467521667
23,3,64,50,0.6252816915512085,0.12478052079677582
23,3,64,51,0.43937942385673523,0.23413805663585663
23,3,64,52,0.5328621864318848,0.09294124692678452
23,3,64,53,0.5144637823104858,0.17985479533672333
23,3,64,54,0.5840524435043335,0.21119749546051025
23,3,64,55,0.613207995891571,0.06418326497077942
23,3,64,56,0.507452130317688,0.11669372022151947
23,3,64,57,0.6144924759864807,0.11483134329319
23,3,64,58,0.6096566915512085,0.2636233866214752
23,3,64,59,0.30157917737960815,0.15776845812797546
23,3,64,60,0.5262996554374695,0.117730513215065
23,3,64,61,0.5490617156028748,0.16434554755687714
23,3,64,62,0.2980114817619324,0.20353272557258606
23,3,64,63,0.5780487656593323,0.12641304731369019
23,4,128,0,0.5121837854385376,0.3678363263607025
23,4,128,1,0.5767141580581665,0.3223839998245239
23,4,128,2,0.6336743831634521,0.23141758143901825
23,4,128,3,0.42842769622802734,0.07992136478424072
23,4,128,4,0.4368213415145874,0.31490740180015564
23,4,128,5,0.548342764377594,0.23821789026260376
23,4,128,6,0.5318356156349182,0.29975011944770813
23,4,128,7,0.62447589635849,0.3526085913181305
23,4,128,8,0.24438485503196716,0.10723573714494705
23,4,128,9,0.3490637242794037,0.12113221734762192
23,4,128,10,0.4357272982597351,0.13556653261184692
23,4,128,11,0.24373652040958405,0.09066776931285858
23,4,128,12,0.4168844223022461,0.3080395758152008
23,4,128,13,0.5293397307395935,0.3919801414012909
23,4,128,14,0.5642479658126831,0.33095821738243103
23,4,128,15,0.4507734179496765,0.04543408006429672
23,4,128,16,0.5558903813362122,0.3410782516002655
23,4,128,17,0.6059091091156006,0.09867801517248154
23,4,128,18,0.5233535766601562,0.17346252501010895
23,4,128,19,0.5563840270042419,0.30277976393699646
23,4,128,20,0.7401577234268188,0.11477997899055481
23,4,128,21,0.6083369851112366,0.3473913371562958
23,4,128,22,0.43270042538642883,0.1924155205488205
23,4,128,23,0.4532531499862671,0.35630351305007935
23,4,128,24,0.5607988834381104,0.37807679176330566
23,4,128,25,0.47100451588630676,0.31770849227905273
23,4,128,26,0.5320764780044556,0.1311521679162979
23,4,128,27,0.4310796558856964,0.09515482187271118
23,4,128,28,0.600271999835968,0.3301364481449127
23,4,128,29,0.4033980369567871,0.16804563999176025
23,4,128,30,0.5298197269439697,0.2330581396818161
23,4,128,31,0.7384855151176453,0.1300700455904007
23,4,128,32,0.5740014910697937,0.2144852578639984
23,4,128,33,0.36482417583465576,0.28599071502685547
23,4,128,34,0.4989111125469208,0.3395914137363434
23,4,128,35,0.5737959146499634,0.26718056201934814
23,4,128,36,0.4272725284099579,0.20548120141029358
23,4,128,37,0.4689062237739563,0.25863051414489746
23,4,128,38,0.38559114933013916,0.17988945543766022
23,4,128,39,0.5684072375297546,0.3217235803604126
23,4,128,40,0.5020719170570374,0.11201310157775879
23,4,128,41,0.39721250534057617,0.25345683097839355
23,4,128,42,0.46830570697784424,0.29950010776519775
23,4,128,43,0.5617940425872803,0.3586660325527191
23,4,128,44,0.8444502353668213,0.10024725645780563
23,4,128,45,0.3554803431034088,0.22679497301578522
23,4,128,46,0.536536455154419,0.09321874380111694
23,4,128,47,0.5391861200332642,0.39959096908569336
23,4,128,48,0.6391792893409729,0.11584171652793884
23,4,128,49,0.45178186893463135,0.24905672669410706
23,4,128,50,0.6405832767486572,0.2796308994293213
23,4,128,51,0.3836706280708313,0.08646653592586517
23,4,128,52,0.5384070873260498,0.34395188093185425
23,4,128,53,0.5305821895599365,0.0686846449971199
23,4,128,54,0.4650189280509949,0.09685942530632019
23,4,128,55,0.5233364701271057,0.34045007824897766
23,4,128,56,0.428974986076355,0.3151415288448334
23,4,128,57,0.4608409106731415,0.3121025264263153
23,4,128,58,0.4898744523525238,0.09664591401815414
23,4,128,59,0.6051350831985474,0.11407694965600967
23,4,128,60,0.428954154253006,0.17893749475479126
23,4,128,61,0.5842301845550537,0.32990366220474243
23,4,128,62,0.5241410732269287,0.3635777533054352
23,4,128,63,0.7644758820533752,0.11410044878721237
23,4,128,64,0.5538559556007385,0.21562735736370087
23,4,128,65,0.7778924703598022,0.11278969794511795
23,4,128,66,0.5268453359603882,0.31281769275665283
23,4,128,67,0.4878869354724884,0.14219355583190918
23,4,128,68,0.2932853400707245,0.1554601490497589
23,4,128,69,0.5537561178207397,0.4052374064922333
23,4,128,70,0.7218624949455261,0.10571246594190598
23,4,128,71,0.45495033264160156,0.2890928387641907
23,4,128,72,0.4817278981208801,0.35010480880737305
23,4,128,73,0.5987289547920227,0.299619197845459
23,4,128,74,0.536997377872467,0.24885153770446777
23,4,128,75,0.7505825161933899,0.11384428292512894
23,4,128,76,0.6359767913818359,0.2182038426399231
23,4,128,77,0.5758343935012817,0.36885640025138855
23,4,128,78,0.5107946991920471,0.40804243087768555
23,4,128,79,0.40667101740837097,0.23410528898239136
23,4,128,80,0.547602117061615,0.3041490912437439
23,4,128,81,0.25264522433280945,0.09520581364631653
23,4,128,82,0.5674224495887756,0.3429466485977173
23,4,128,83,0.38535624742507935,0.30990099906921387
23,4,128,84,0.44946783781051636,0.136646568775177
23,4,128,85,0.5903646945953369,0.34375953674316406
23,4,128,86,0.7020044326782227,0.1276591420173645
23,4,128,87,0.7065562605857849,0.19032469391822815
23,4,128,88,0.6213716864585876,0.2706954777240753
23,4,128,89,0.7154327034950256,0.15471813082695007
23,4,128,90,0.6727483868598938,0.2012305110692978
23,4,128,91,0.39156877994537354,0.3280563950538635
23,4,128,92,0.8193356990814209,0.12203343212604523
23,4,128,93,0.6652792096138,0.23533006012439728
23,4,128,94,0.5550336837768555,0.3378157615661621
23,4,128,95,0.8130331039428711,0.1568881720304489
23,4,128,96,0.5272241830825806,0.3229464590549469
23,4,128,97,0.5474678874015808,0.1373356580734253
23,4,128,98,0.7316429615020752,0.14678888022899628
23,4,128,99,0.6103935241699219,0.18347108364105225
23,4,128,100,0.45141175389289856,0.24660030007362366
23,4,128,101,0.5101488828659058,0.26554131507873535
23,4,128,102,0.5201124548912048,0.0714736059308052
23,4,128,103,0.4362791180610657,0.3053776025772095
23,4,128,104,0.5322679281234741,0.2088695615530014
23,4,128,105,0.530592679977417,0.10863623023033142
23,4,128,106,0.5227830410003662,0.30093902349472046
23,4,128,107,0.7800509929656982,0.12131736427545547
23,4,128,108,0.6039588451385498,0.13427110016345978
23,4,128,109,0.5654804110527039,0.22389189898967743
23,4,128,110,0.5478238463401794,0.32930436730384827
23,4,128,111,0.679257333278656,0.1438731551170349
23,4,128,112,0.3226255178451538,0.1384880691766739
23,4,128,113,0.5907013416290283,0.2787944972515106
23,4,128,114,0.6786259412765503,0.1416919231414795
23,4,128,115,0.5505853295326233,0.14048407971858978
23,4,128,116,0.4228697121143341,0.2447725087404251
23,4,128,117,0.44272318482398987,0.20461809635162354
23,4,128,118,0.592771589756012,0.3257789611816406
23,4,128,119,0.6572990417480469,0.21121537685394287
23,4,128,120,0.43949052691459656,0.058082982897758484
23,4,128,121,0.7667619585990906,0.12037549912929535
23,4,128,122,0.5783420205116272,0.13351882994174957
23,4,128,123,0.48154327273368835,0.22393636405467987
23,4,128,124,0.616400957107544,0.08494357764720917
23,4,128,125,0.7392799854278564,0.1887511909008026
23,4,128,126,0.3606536388397217,0.2244461178779602
23,4,128,127,0.651527464389801,0.13182157278060913
23,5,128,0,0.610623300075531,0.17068608105182648
23,5,128,1,0.6597782373428345,0.12991580367088318
23,5,128,2,0.5808992385864258,0.16891829669475555
23,5,128,3,0.820019543170929,0.10934910923242569
23,5,128,4,0.7672062516212463,0.116214819252491
23,5,128,5,0.6989981532096863,0.18474054336547852
23,5,128,6,0.6390701532363892,0.08251650631427765
23,5,128,7,0.7028687000274658,0.12300501763820648
23,5,128,8,0.6190185546875,0.1667369306087494
23,5,128,9,0.5679659247398376,0.1231168657541275
23,5,128,10,0.6568233966827393,0.1819727122783661
23,5,128,11,0.6720170378684998,0.135380819439888
23,5,128,12,0.637106716632843,0.11306572705507278
23,5,128,13,0.5913835763931274,0.21924060583114624
23,5,128,14,0.7038627862930298,0.13941815495491028
23,5,128,15,0.5958467125892639,0.10313180088996887
23,5,128,16,0.651668906211853,0.07852039486169815
23,5,128,17,0.6457885503768921,0.18471407890319824
23,5,128,18,0.6879978775978088,0.1006445586681366
23,5,128,19,0.5548974275588989,0.13130083680152893
23,5,128,20,0.6831300258636475,0.19295215606689453
23,5,128,21,0.6897311806678772,0.16431011259555817
23,5,128,22,0.7231705784797668,0.08976294100284576
23,5,128,23,0.35270583629608154,0.19992610812187195
23,5,128,24,0.7231830358505249,0.13878051936626434
23,5,128,25,0.5902252793312073,0.21138064563274384
23,5,128,26,0.7363502979278564,0.08385287970304489
23,5,128,27,0.5679244995117188,0.13979487121105194
23,5,128,28,0.7713586688041687,0.11002975702285767
23,5,128,29,0.6824988722801208,0.19446203112602234
23,5,128,30,0.6164681911468506,0.10501868277788162
23,5,128,31,0.6414451003074646,0.09905532747507095
23,5,128,32,0.6217615604400635,0.19043897092342377
23,5,128,33,0.5323424935340881,0.18357399106025696
23,5,128,34,0.7259742021560669,0.15552116930484772
23,5,128,35,0.5066947937011719,0.19990494847297668
23,5,128,36,0.7243539094924927,0.1410408467054367
23,5,128,37,0.6561245322227478,0.08328282088041306
23,5,128,38,0.5882392525672913,0.09798689931631088
23,5,128,39,0.49588215351104736,0.20343858003616333
23,5,128,40,0.6169100403785706,0.054054487496614456
23,5,128,41,0.7967886328697205,0.07716650515794754
23,5,128,42,0.8347532749176025,0.08773400634527206
23,5,128,43,0.7382421493530273,0.06570547819137573
23,5,128,44,0.7400636076927185,0.1345880776643753
23,5,128,45,0.5902846455574036,0.1606472134590149
23,5,128,46,0.6264706254005432,0.23044203221797943
23,5,128,47,0.7778974771499634,0.08044185489416122
23,5,128,48,0.8064699769020081,0.07371950894594193
23,5,128,49,0.7145307064056396,0.13613881170749664
23,5,128,50,0.5530262589454651,0.10645989328622818
23,5,128,51,0.717010498046875,0.09503251314163208
23,5,128,52,0.6078224778175354,0.06574635207653046
23,5,128,53,0.533618152141571,0.11288590729236603
23,5,128,54,0.7481722235679626,0.07506141811609268
23,5,128,55,0.8021048903465271,0.07850103825330734
23,5,128,56,0.845909833908081,0.10086639970541
23,5,128,57,0.7761777639389038,0.11160814017057419
23,5,128,58,0.5709777474403381,0.221764475107193
23,5,128,59,0.5769855380058289,0.20319631695747375
23,5,128,60,0.6505703926086426,0.19742466509342194
23,5,128,61,0.6836378574371338,0.11700296401977539
23,5,128,62,0.7732884883880615,0.09124117344617844
23,5,128,63,0.6639271974563599,0.17559471726417542
23,5,128,64,0.6696223616600037,0.2076716274023056
23,5,128,65,0.6796004772186279,0.1836327612400055
23,5,128,66,0.69590163230896,0.12396971881389618
23,5,128,67,0.6978034973144531,0.16317148506641388
23,5,128,68,0.45407602190971375,0.12685386836528778
23,5,128,69,0.6995483040809631,0.0872524157166481
23,5,128,70,0.7364278435707092,0.07585060596466064
23,5,128,71,0.5328669548034668,0.03058246523141861
23,5,128,72,0.6298719048500061,0.06498516350984573
23,5,128,73,0.6806746125221252,0.15274889767169952
23,5,128,74,0.4849616289138794,0.1716631054878235
23,5,128,75,0.6743582487106323,0.06066273897886276
23,5,128,76,0.7205386757850647,0.13791599869728088
23,5,128,77,0.65744948387146,0.18453051149845123
23,5,128,78,0.6130692958831787,0.11733712255954742
23,5,128,79,0.6552178859710693,0.14675137400627136
23,5,128,80,0.6501463055610657,0.10342708230018616
23,5,128,81,0.6633172631263733,0.17949587106704712
23,5,128,82,0.6355417370796204,0.13104979693889618
23,5,128,83,0.3007521629333496,0.07576464861631393
23,5,128,84,0.689028263092041,0.213639497756958
23,5,128,85,0.5964410305023193,0.07924075424671173
23,5,128,86,0.8144612908363342,0.08177269995212555
23,5,128,87,0.7054439783096313,0.12456188350915909
23,5,128,88,0.5092664361000061,0.16204820573329926
23,5,128,89,0.7253576517105103,0.09245622903108597
23,5,128,90,0.6364864706993103,0.11356092244386673
23,5,128,91,0.5865738391876221,0.18182627856731415
23,5,128,92,0.6918330192565918,0.11082471907138824
23,5,128,93,0.678385317325592,0.14544841647148132
23,5,128,94,0.7157976627349854,0.10077223926782608
23,5,128,95,0.8283984661102295,0.07260838150978088
23,5,128,96,0.6419484615325928,0.07648631930351257
23,5,128,97,0.7376871705055237,0.1159195825457573
23,5,128,98,0.7790355086326599,0.09422335028648376
23,5,128,99,0.4885779321193695,0.28735098242759705
23,5,128,100,0.5982567071914673,0.14773619174957275
23,5,128,101,0.6281121373176575,0.09738101810216904
23,5,128,102,0.61159747838974,0.16146060824394226
23,5,128,103,0.6971761584281921,0.11752191185951233
23,5,128,104,0.6573494076728821,0.17139413952827454
23,5,128,105,0.7343006134033203,0.0696573257446289
23,5,128,106,0.7292962670326233,0.10282083600759506
23,5,128,107,0.6608709096908569,0.11678864061832428
23,5,128,108,0.7416797280311584,0.15137188136577606
23,5,128,109,0.7041431665420532,0.10970032960176468
23,5,128,110,0.5631858706474304,0.25093817710876465
23,5,128,111,0.5405174493789673,0.19142405688762665
23,5,128,112,0.762798547744751,0.08796650916337967
23,5,128,113,0.6308255791664124,0.11076614260673523
23,5,128,114,0.6895583868026733,0.20246575772762299
23,5,128,115,0.6536173224449158,0.22494444251060486
23,5,128,116,0.49518635869026184,0.2051650434732437
23,5,128,117,0.7869911789894104,0.1216653361916542
23,5,128,118,0.7078608870506287,0.10438761860132217
23,5,128,119,0.5942428112030029,0.16851209104061127
23,5,128,120,0.510105550289154,0.1880614459514618
23,5,128,121,0.5320649743080139,0.19412529468536377
23,5,128,122,0.7553173303604126,0.1529155969619751
23,5,128,123,0.7018977999687195,0.06991462409496307
23,5,128,124,0.6299856305122375,0.20659972727298737
23,5,128,125,0.7581889629364014,0.06452380865812302
23,5,128,126,0.694348156452179,0.15335799753665924
23,5,128,127,0.7988757491111755,0.10601823776960373
24,0,32,0,0.45423194766044617,0.15580841898918152
24,0,32,1,0.48345452547073364,0.10023917257785797
24,0,32,2,0.43630069494247437,0.12238436192274094
24,0,32,3,0.6952618360519409,0.1114233210682869
24,0,32,4,0.4846595227718353,0.1357831060886383
24,0,32,5,0.5193698406219482,0.12275172770023346
24,0,32,6,0.47849327325820923,0.16950330138206482
24,0,32,7,0.6123543381690979,0.075802281498909
24,0,32,8,0.6510544419288635,0.13083046674728394
24,0,32,9,0.5553871989250183,0.14865216612815857
24,0,32,10,0.5693309307098389,0.12368202954530716
24,0,32,11,0.4375869333744049,0.14089420437812805
24,0,32,12,0.6373958587646484,0.1247498020529747
24,0,32,13,0.4298800528049469,0.05856774002313614
24,0,32,14,0.6021610498428345,0.10025111585855484
24,0,32,15,0.4798508882522583,0.11904164403676987
24,0,32,16,0.41493576765060425,0.14493270218372345
24,0,32,17,0.5568428039550781,0.10241355001926422
24,0,32,18,0.5622369647026062,0.1005481630563736
24,0,32,19,0.4351433217525482,0.11938168853521347
24,0,32,20,0.512353241443634,0.09688341617584229
24,0,32,21,0.3961789309978485,0.14522713422775269
24,0,32,22,0.4623173773288727,0.10444766283035278
24,0,32,23,0.4117780327796936,0.04492678865790367
24,0,32,24,0.3347286581993103,0.06941717863082886
24,0,32,25,0.5764976739883423,0.12885825335979462
24,0,32,26,0.3972456753253937,0.0663631483912468
24,0,32,27,0.44979989528656006,0.11112630367279053
24,0,32,28,0.6673083305358887,0.09099437296390533
24,0,32,29,0.44141724705696106,0.05124842748045921
24,0,32,30,0.5733240842819214,0.10789123922586441
24,0,32,31,0.532366931438446,0.11041351407766342
24,1,32,0,0.40325620770454407,0.19840367138385773
24,1,32,1,0.38650205731391907,0.20251676440238953
24,1,32,2,0.5935602784156799,0.06354252994060516
24,1,32,3,0.38070160150527954,0.10249556601047516
24,1,32,4,0.6117714643478394,0.15245850384235382
24,1,32,5,0.49418437480926514,0.14070698618888855
24,1,32,6,0.6044284701347351,0.0851859450340271
24,1,32,7,0.36525455117225647,0.08622974157333374
24,1,32,8,0.5931406021118164,0.0692228153347969
24,1,32,9,0.48393362760543823,0.05217709764838219
24,1,32,10,0.561594545841217,0.12986737489700317
24,1,32,11,0.6191604137420654,0.05985882505774498
24,1,32,12,0.565938413143158,0.05449867621064186
24,1,32,13,0.45487093925476074,0.08463316410779953
24,1,32,14,0.6324192881584167,0.09401889890432358
24,1,32,15,0.3345091938972473,0.15753908455371857
24,1,32,16,0.6337863802909851,0.07360204309225082
24,1,32,17,0.4334679841995239,0.09174439311027527
24,1,32,18,0.32704979181289673,0.07434029132127762
24,1,32,19,0.516680896282196,0.0966038778424263
24,1,32,20,0.6119135618209839,0.15811461210250854
24,1,32,21,0.5456573963165283,0.07252783328294754
24,1,32,22,0.4152317941188812,0.1748880296945572
24,1,32,23,0.6602252125740051,0.14966122806072235
24,1,32,24,0.5150355696678162,0.0633809044957161
24,1,32,25,0.4689886271953583,0.11792929470539093
24,1,32,26,0.6727235317230225,0.06641589850187302
24,1,32,27,0.4345491826534271,0.07259546965360641
24,1,32,28,0.5721407532691956,0.13070015609264374
24,1,32,29,0.6020487546920776,0.04523986950516701
24,1,32,30,0.4798338711261749,0.0628705844283104
24,1,32,31,0.3364502787590027,0.08819343894720078
24,2,64,0,0.42698317766189575,0.06169143319129944
24,2,64,1,0.5324841737747192,0.09942276775836945
24,2,64,2,0.5848434567451477,0.085677370429039
24,2,64,3,0.38130930066108704,0.10826894640922546
24,2,64,4,0.5989787578582764,0.08246372640132904
24,2,64,5,0.40885016322135925,0.07442326843738556
24,2,64,6,0.5210526585578918,0.1292436122894287
24,2,64,7,0.35751786828041077,0.12438995391130447
24,2,64,8,0.6800662875175476,0.09091217815876007
24,2,64,9,0.555784285068512,0.12573625147342682
24,2,64,10,0.5012973546981812,0.0640210434794426
24,2,64,11,0.491229385137558,0.060599785298109055
24,2,64,12,0.5325383543968201,0.14410847425460815
24,2,64,13,0.4598774313926697,0.15342353284358978
24,2,64,14,0.5105822682380676,0.14186035096645355
24,2,64,15,0.586726188659668,0.0784982293844223
24,2,64,16,0.5994470119476318,0.059897150844335556
24,2,64,17,0.46791788935661316,0.06604362279176712
24,2,64,18,0.4763906002044678,0.05056508257985115
24,2,64,19,0.5356597304344177,0.14239421486854553
24,2,64,20,0.5388603806495667,0.161329448223114
24,2,64,21,0.4718993008136749,0.07260475307703018
24,2,64,22,0.3882127106189728,0.10609757900238037
24,2,64,23,0.5675303936004639,0.10860703885555267
24,2,64,24,0.4052852988243103,0.11996547132730484
24,2,64,25,0.6622298359870911,0.09361546486616135
24,2,64,26,0.603087842464447,0.10358304530382156
24,2,64,27,0.4186173379421234,0.1042821854352951
24,2,64,28,0.5379860997200012,0.1676681935787201
24,2,64,29,0.47202855348587036,0.13742868602275848
24,2,64,30,0.6388722658157349,0.0772855207324028
24,2,64,31,0.48711803555488586,0.14125142991542816
24,2,64,32,0.4976169764995575,0.16158317029476166
24,2,64,33,0.45325589179992676,0.0892193615436554
24,2,64,34,0.5290101766586304,0.12494447082281113
24,2,64,35,0.42810213565826416,0.18047694861888885
24,2,64,36,0.4548797309398651,0.06758765131235123
24,2,64,37,0.4800194799900055,0.11805292218923569
24,2,64,38,0.5501741766929626,0.20624297857284546
24,2,64,39,0.42091768980026245,0.1016106978058815
24,2,64,40,0.4819604158401489,0.19360968470573425
24,2,64,41,0.46665284037590027,0.03995545208454132
24,2,64,42,0.5484051704406738,0.0804772898554802
24,2,64,43,0.46287649869918823,0.1969882994890213
24,2,64,44,0.5717558264732361,0.14841435849666595
24,2,64,45,0.3735695481300354,0.10410851985216141
24,2,64,46,0.51655513048172,0.11751057952642441
24,2,64,47,0.5335254669189453,0.12555387616157532
24,2,64,48,0.463649719953537,0.17632661759853363
24,2,64,49,0.6027106046676636,0.150159552693367
24,2,64,50,0.4615415334701538,0.10558482259511948
24,2,64,51,0.45833224058151245,0.07949645072221756
24,2,64,52,0.5310093760490417,0.1074935719370842
24,2,64,53,0.5335752964019775,0.194649800658226
24,2,64,54,0.6267404556274414,0.14188243448734283
24,2,64,55,0.4878244698047638,0.18101172149181366
24,2,64,56,0.5243027210235596,0.10769966244697571
24,2,64,57,0.4487937092781067,0.093138188123703
24,2,64,58,0.40627580881118774,0.03602052479982376
24,2,64,59,0.5870751738548279,0.09437879174947739
24,2,64,60,0.5694912075996399,0.06967204809188843
24,2,64,61,0.4700465500354767,0.16671322286128998
24,2,64,62,0.5819023847579956,0.08093748241662979
24,2,64,63,0.5216615200042725,0.12010370194911957
24,3,64,0,0.35640615224838257,0.19784300029277802
24,3,64,1,0.6418322324752808,0.09225776046514511
24,3,64,2,0.5485026836395264,0.07813753932714462
24,3,64,3,0.4325423240661621,0.09200499951839447
24,3,64,4,0.4848168194293976,0.08308134227991104
24,3,64,5,0.4800756275653839,0.12007548660039902
24,3,64,6,0.6423524022102356,0.06192990764975548
24,3,64,7,0.3944999873638153,0.08266053348779678
24,3,64,8,0.5085596442222595,0.1197790801525116
24,3,64,9,0.6628470420837402,0.09059683233499527
24,3,64,10,0.3929975628852844,0.06652917712926865
24,3,64,11,0.4914189875125885,0.040507517755031586
24,3,64,12,0.4246022403240204,0.04819811135530472
24,3,64,13,0.6080266237258911,0.17236171662807465
24,3,64,14,0.5760478973388672,0.06212256848812103
24,3,64,15,0.5297305583953857,0.13548456132411957
24,3,64,16,0.4874075949192047,0.18520581722259521
24,3,64,17,0.5587828159332275,0.04426753893494606
24,3,64,18,0.47002509236335754,0.16313020884990692
24,3,64,19,0.34671348333358765,0.07284170389175415
24,3,64,20,0.6316652894020081,0.08421068638563156
24,3,64,21,0.5601826906204224,0.15146443247795105
24,3,64,22,0.5399823188781738,0.07514744251966476
24,3,64,23,0.5516886711120605,0.10125096142292023
24,3,64,24,0.3762916028499603,0.047177109867334366
24,3,64,25,0.6351670026779175,0.10910165309906006
24,3,64,26,0.4018867313861847,0.02361256070435047
24,3,64,27,0.58149653673172,0.08570628613233566
24,3,64,28,0.5013253092765808,0.14400817453861237
24,3,64,29,0.5438035726547241,0.17025597393512726
24,3,64,30,0.3510628044605255,0.0809817984700203
24,3,64,31,0.651357114315033,0.0738760456442833
24,3,64,32,0.4836612641811371,0.030054226517677307
24,3,64,33,0.5087823271751404,0.10184697806835175
24,3,64,34,0.5604180097579956,0.12967734038829803
24,3,64,35,0.5858106017112732,0.08211292326450348
24,3,64,36,0.579394519329071,0.066886767745018
24,3,64,37,0.4283080995082855,0.09713973850011826
24,3,64,38,0.4386444389820099,0.19096629321575165
24,3,64,39,0.45603126287460327,0.07410653680562973
24,3,64,40,0.48569455742836,0.14365418255329132
24,3,64,41,0.40090611577033997,0.13926680386066437
24,3,64,42,0.6626812815666199,0.13683706521987915
24,3,64,43,0.54547518491745,0.11298274993896484
24,3,64,44,0.5504125356674194,0.08945102244615555
24,3,64,45,0.6512052416801453,0.07368208467960358
24,3,64,46,0.5970498919487,0.09294726699590683
24,3,64,47,0.3746291697025299,0.08502676337957382
24,3,64,48,0.6263872385025024,0.13993988931179047
24,3,64,49,0.4721308946609497,0.16350793838500977
24,3,64,50,0.5382450222969055,0.06379876285791397
24,3,64,51,0.49927663803100586,0.0882796123623848
24,3,64,52,0.5306944251060486,0.08102353662252426
24,3,64,53,0.40584737062454224,0.14469873905181885
24,3,64,54,0.43658700585365295,0.057477157562971115
24,3,64,55,0.6332547664642334,0.1234574019908905
24,3,64,56,0.51739901304245,0.22824855148792267
24,3,64,57,0.546904981136322,0.1806490272283554
24,3,64,58,0.4253808259963989,0.04058614373207092
24,3,64,59,0.6712680459022522,0.09057790040969849
24,3,64,60,0.5137979388237,0.1210004910826683
24,3,64,61,0.44682076573371887,0.12898139655590057
24,3,64,62,0.5875915884971619,0.03116549178957939
24,3,64,63,0.32603684067726135,0.10709112137556076
24,4,128,0,0.34889692068099976,0.12911278009414673
24,4,128,1,0.4292182922363281,0.22199341654777527
24,4,128,2,0.6470127701759338,0.21145324409008026
24,4,128,3,0.6518250703811646,0.1969202309846878
24,4,128,4,0.5346745848655701,0.05033685639500618
24,4,128,5,0.511901319026947,0.28092873096466064
24,4,128,6,0.4787599444389343,0.08771044760942459
24,4,128,7,0.48164865374565125,0.0851043239235878
24,4,128,8,0.49795615673065186,0.2052057981491089
24,4,128,9,0.5519446134567261,0.30095741152763367
24,4,128,10,0.4324033856391907,0.22940678894519806
24,4,128,11,0.6002071499824524,0.29996171593666077
24,4,128,12,0.5836935639381409,0.07401517778635025
24,4,128,13,0.608176589012146,0.18722276389598846
24,4,128,14,0.45723819732666016,0.299121230840683
24,4,128,15,0.49557140469551086,0.29413166642189026
24,4,128,16,0.7483123540878296,0.1124522015452385
24,4,128,17,0.5218129754066467,0.20398737490177155
24,4,128,18,0.46684524416923523,0.09347070008516312
24,4,128,19,0.36869052052497864,0.17590481042861938
24,4,128,20,0.5628389716148376,0.3007640540599823
24,4,128,21,0.5984134674072266,0.2183486670255661
24,4,128,22,0.48370108008384705,0.09039818495512009
24,4,128,23,0.524116575717926,0.3589194416999817
24,4,128,24,0.27456972002983093,0.10723626613616943
24,4,128,25,0.41455742716789246,0.09069260954856873
24,4,128,26,0.46729961037635803,0.1590508371591568
24,4,128,27,0.4553366005420685,0.3195374608039856
24,4,128,28,0.48001155257225037,0.3024812936782837
24,4,128,29,0.4434479773044586,0.12589465081691742
24,4,128,30,0.6178166270256042,0.10886728763580322
24,4,128,31,0.618068277835846,0.27254265546798706
24,4,128,32,0.4681653082370758,0.1190727949142456
24,4,128,33,0.5492503046989441,0.304686576128006
24,4,128,34,0.7467969655990601,0.1294451206922531
24,4,128,35,0.49190109968185425,0.18336214125156403
24,4,128,36,0.4394156336784363,0.03741392120718956
24,4,128,37,0.5228796005249023,0.3306388556957245
24,4,128,38,0.5080423355102539,0.26399660110473633
24,4,128,39,0.4859561622142792,0.2697525918483734
24,4,128,40,0.49937206506729126,0.2229350060224533
24,4,128,41,0.5312312841415405,0.2717699408531189
24,4,128,42,0.39789894223213196,0.15269923210144043
24,4,128,43,0.4756089746952057,0.16307340562343597
24,4,128,44,0.4968191087245941,0.22073164582252502
24,4,128,45,0.6040639281272888,0.05938801169395447
24,4,128,46,0.49759241938591003,0.24833472073078156
24,4,128,47,0.4978967308998108,0.3021259605884552
24,4,128,48,0.5670024752616882,0.18846817314624786
24,4,128,49,0.2938215136528015,0.07981212437152863
24,4,128,50,0.43388187885284424,0.19951218366622925
24,4,128,51,0.6009174585342407,0.1395411491394043
24,4,128,52,0.6622956395149231,0.1004994809627533
24,4,128,53,0.5752464532852173,0.23021931946277618
24,4,128,54,0.44037801027297974,0.18148952722549438
24,4,128,55,0.539482593536377,0.30399397015571594
24,4,128,56,0.6038808226585388,0.1925140917301178
24,4,128,57,0.48876920342445374,0.04429694265127182
24,4,128,58,0.5185089111328125,0.21046341955661774
24,4,128,59,0.47519785165786743,0.2424679398536682
24,4,128,60,0.6429574489593506,0.09979657828807831
24,4,128,61,0.5234934091567993,0.12498302012681961
24,4,128,62,0.5816664695739746,0.1915718913078308
24,4,128,63,0.48173701763153076,0.24773724377155304
24,4,128,64,0.6823423504829407,0.0909060686826706
24,4,128,65,0.36968106031417847,0.06991152465343475
24,4,128,66,0.7654091119766235,0.11218798905611038
24,4,128,67,0.5211021900177002,0.2267913520336151
24,4,128,68,0.5368043184280396,0.22531017661094666
24,4,128,69,0.7059271335601807,0.154982790350914
24,4,128,70,0.5590450763702393,0.06749458611011505
24,4,128,71,0.4992838501930237,0.18285273015499115
24,4,128,72,0.4945959150791168,0.31422150135040283
24,4,128,73,0.5867434144020081,0.13125188648700714
24,4,128,74,0.5077705383300781,0.33692866563796997
24,4,128,75,0.6627150774002075,0.1283370554447174
24,4,128,76,0.514861524105072,0.2586328983306885
24,4,128,77,0.5488336682319641,0.27205848693847656
24,4,128,78,0.6461993455886841,0.2024276703596115
24,4,128,79,0.4439805746078491,0.17902052402496338
24,4,128,80,0.5011661052703857,0.31644243001937866
24,4,128,81,0.41481080651283264,0.09850868582725525
24,4,128,82,0.597598135471344,0.2721290588378906
24,4,128,83,0.5381550192832947,0.30500972270965576
24,4,128,84,0.4907435476779938,0.2204882800579071
24,4,128,85,0.5403508543968201,0.308546781539917
24,4,128,86,0.5146512389183044,0.2094549536705017
24,4,128,87,0.7074172496795654,0.09790784865617752
24,4,128,88,0.5880885720252991,0.07306206971406937
24,4,128,89,0.7442315816879272,0.10392946749925613
24,4,128,90,0.5472371578216553,0.034926529973745346
24,4,128,91,0.5760756731033325,0.2615151107311249
24,4,128,92,0.5849204063415527,0.18524914979934692
24,4,128,93,0.5070974826812744,0.20617367327213287
24,4,128,94,0.5157663822174072,0.026898641139268875
24,4,128,95,0.41594403982162476,0.2397657185792923
24,4,128,96,0.6206696033477783,0.0746474415063858
24,4,128,97,0.5429924726486206,0.09019991010427475
24,4,128,98,0.7016656398773193,0.095291867852211
24,4,128,99,0.6319546699523926,0.16561166942119598
24,4,128,100,0.461956262588501,0.1808754950761795
24,4,128,101,0.6273421049118042,0.177097886800766
24,4,128,102,0.4428669810295105,0.2444571703672409
24,4,128,103,0.5429417490959167,0.2633934020996094
24,4,128,104,0.5112813711166382,0.19947445392608643
24,4,128,105,0.7199368476867676,0.10167932510375977
24,4,128,106,0.5069908499717712,0.2870216369628906
24,4,128,107,0.7399770021438599,0.12883859872817993
24,4,128,108,0.4356236457824707,0.10131819546222687
24,4,128,109,0.6847216486930847,0.08495612442493439
24,4,128,110,0.6957905292510986,0.09595953673124313
24,4,128,111,0.736759603023529,0.10196377336978912
24,4,128,112,0.49158644676208496,0.2894918620586395
24,4,128,113,0.464775413274765,0.27349653840065
24,4,128,114,0.6690287590026855,0.08981136232614517
24,4,128,115,0.4403577148914337,0.05953466147184372
24,4,128,116,0.31691211462020874,0.09294930845499039
24,4,128,117,0.604449450969696,0.0890137255191803
24,4,128,118,0.5795002579689026,0.13423040509223938
24,4,128,119,0.5379500985145569,0.029120776802301407
24,4,128,120,0.4557320773601532,0.07756039500236511
24,4,128,121,0.33846956491470337,0.10436173528432846
24,4,128,122,0.5127588510513306,0.21437981724739075
24,4,128,123,0.5655772089958191,0.1099889874458313
24,4,128,124,0.5635472536087036,0.22450405359268188
24,4,128,125,0.6783279776573181,0.14232830703258514
24,4,128,126,0.5945368409156799,0.2904750406742096
24,4,128,127,0.4459426999092102,0.3154928982257843
24,5,128,0,0.4536544680595398,0.2620917558670044
24,5,128,1,0.49173468351364136,0.2892040014266968
24,5,128,2,0.6305235624313354,0.14414985477924347
24,5,128,3,0.8507636189460754,0.09897836297750473
24,5,128,4,0.8264409899711609,0.09898082911968231
24,5,128,5,0.6453977227210999,0.22353361546993256
24,5,128,6,0.46592697501182556,0.30599331855773926
24,5,128,7,0.4726724624633789,0.28916653990745544
24,5,128,8,0.5305290222167969,0.2303425818681717
24,5,128,9,0.8502302169799805,0.0755503922700882
24,5,128,10,0.5415375828742981,0.18942484259605408
24,5,128,11,0.770943820476532,0.09955012053251266
24,5,128,12,0.7489663362503052,0.17671774327754974
24,5,128,13,0.8354722261428833,0.10506734251976013
24,5,128,14,0.668802797794342,0.18686199188232422
24,5,128,15,0.8159507513046265,0.09105349332094193
24,5,128,16,0.8055254220962524,0.1088305190205574
24,5,128,17,0.6352302432060242,0.2596183121204376
24,5,128,18,0.65449458360672,0.13657523691654205
24,5,128,19,0.6603652238845825,0.25426554679870605
24,5,128,20,0.5459518432617188,0.237163707613945
24,5,128,21,0.6878446936607361,0.1223607063293457
24,5,128,22,0.6200209856033325,0.19769839942455292
24,5,128,23,0.6133415699005127,0.25825104117393494
24,5,128,24,0.617609977722168,0.22674071788787842
24,5,128,25,0.4767877459526062,0.22321003675460815
24,5,128,26,0.44179049134254456,0.259027361869812
24,5,128,27,0.5788732171058655,0.2994358241558075
24,5,128,28,0.5939875841140747,0.2828160226345062
24,5,128,29,0.6826617121696472,0.14352461695671082
24,5,128,30,0.7537146210670471,0.11020325124263763
24,5,128,31,0.8215053677558899,0.09756980836391449
24,5,128,32,0.7839328646659851,0.12540113925933838
24,5,128,33,0.8203933238983154,0.09301963448524475
24,5,128,34,0.7986384034156799,0.11195197701454163
24,5,128,35,0.3915756344795227,0.18704289197921753
24,5,128,36,0.7973248362541199,0.11456160247325897
24,5,128,37,0.6921144723892212,0.2101789116859436
24,5,128,38,0.5893725752830505,0.16202248632907867
24,5,128,39,0.7254709005355835,0.07393287867307663
24,5,128,40,0.7391894459724426,0.07762129604816437
24,5,128,41,0.612684428691864,0.12860539555549622
24,5,128,42,0.6418907642364502,0.18560120463371277
24,5,128,43,0.8194369077682495,0.1097128614783287
24,5,128,44,0.617232620716095,0.20054291188716888
24,5,128,45,0.5714030861854553,0.11976256966590881
24,5,128,46,0.6615163087844849,0.09687533229589462
24,5,128,47,0.6181755661964417,0.13347221910953522
24,5,128,48,0.5766057372093201,0.22444500029087067
24,5,128,49,0.6355472207069397,0.27165937423706055
24,5,128,50,0.6025015711784363,0.06832224875688553
24,5,128,51,0.6758450865745544,0.1366325318813324
24,5,128,52,0.5613252520561218,0.12411072105169296
24,5,128,53,0.7406294941902161,0.14911508560180664
24,5,128,54,0.609795331954956,0.25305119156837463
24,5,128,55,0.8155362606048584,0.08770710229873657
24,5,128,56,0.820732057094574,0.10349474102258682
24,5,128,57,0.7240805625915527,0.1894039660692215
24,5,128,58,0.8337280750274658,0.10649363696575165
24,5,128,59,0.6185928583145142,0.19631995260715485
24,5,128,60,0.865731418132782,0.08253654837608337
24,5,128,61,0.5990623831748962,0.06585327535867691
24,5,128,62,0.5701961517333984,0.1936325579881668
24,5,128,63,0.709570586681366,0.17022480070590973
24,5,128,64,0.7038741707801819,0.17403952777385712
24,5,128,65,0.6444337964057922,0.08150067180395126
24,5,128,66,0.8160910606384277,0.11760776489973068
24,5,128,67,0.7090231776237488,0.13839112222194672
24,5,128,68,0.7841593027114868,0.08495338261127472
24,5,128,69,0.5873186588287354,0.07346821576356888
24,5,128,70,0.6185095906257629,0.23715899884700775
24,5,128,71,0.7478917837142944,0.1598161906003952
24,5,128,72,0.6620808839797974,0.1483607441186905
24,5,128,73,0.6978687047958374,0.17315320670604706
24,5,128,74,0.7960853576660156,0.13377079367637634
24,5,128,75,0.7756894826889038,0.09836156666278839
24,5,128,76,0.717790424823761,0.11051962524652481
24,5,128,77,0.7888362407684326,0.18275830149650574
24,5,128,78,0.7194370031356812,0.23018725216388702
24,5,128,79,0.777492880821228,0.09331674128770828
24,5,128,80,0.47706490755081177,0.2291538119316101
24,5,128,81,0.6736725568771362,0.11365677416324615
24,5,128,82,0.7470535039901733,0.15332354605197906
24,5,128,83,0.686567485332489,0.10428056865930557
24,5,128,84,0.6547180414199829,0.12161046266555786
24,5,128,85,0.8240730166435242,0.09145678579807281
24,5,128,86,0.43912172317504883,0.16843850910663605
24,5,128,87,0.7787393927574158,0.10869438201189041
24,5,128,88,0.6327270865440369,0.22501018643379211
24,5,128,89,0.8222662806510925,0.12165382504463196
24,5,128,90,0.6065874099731445,0.19713369011878967
24,5,128,91,0.687324583530426,0.13036306202411652
24,5,128,92,0.5202777981758118,0.2504180669784546
24,5,128,93,0.6414210796356201,0.28961658477783203
24,5,128,94,0.5230555534362793,0.2959718406200409
24,5,128,95,0.4095722436904907,0.19946524500846863
24,5,128,96,0.6140386462211609,0.16228368878364563
24,5,128,97,0.651091456413269,0.16227181255817413
24,5,128,98,0.7488791942596436,0.1355016976594925
24,5,128,99,0.5383273959159851,0.18939001858234406
24,5,128,100,0.5513646602630615,0.2852442264556885
24,5,128,101,0.6590560674667358,0.21210110187530518
24,5,128,102,0.7119618058204651,0.09256157279014587
24,5,128,103,0.5742941498756409,0.11241929233074188
24,5,128,104,0.7465507388114929,0.14461709558963776
24,5,128,105,0.7699700593948364,0.16501542925834656
24,5,128,106,0.8108341097831726,0.09865899384021759
24,5,128,107,0.842278778553009,0.09014386683702469
24,5,128,108,0.5573590993881226,0.18891862034797668
24,5,128,109,0.4791371524333954,0.11425001174211502
24,5,128,110,0.785227358341217,0.12121404707431793
24,5,128,111,0.5024732351303101,0.2552547752857208
24,5,128,112,0.7732565402984619,0.08796322345733643
24,5,128,113,0.7669312953948975,0.11776693165302277
24,5,128,114,0.6229851841926575,0.2091795653104782
24,5,128,115,0.6524847745895386,0.06750863045454025
24,5,128,116,0.6792856454849243,0.06777942180633545
24,5,128,117,0.7471681833267212,0.07798317819833755
24,5,128,118,0.706160843372345,0.16156770288944244
24,5,128,119,0.750700056552887,0.1742521971464157
24,5,128,120,0.6109153628349304,0.11642887443304062
24,5,128,121,0.494077205657959,0.15899530053138733
24,5,128,122,0.6459067463874817,0.23305299878120422
24,5,128,123,0.6844842433929443,0.16179704666137695
24,5,128,124,0.42920079827308655,0.10270673781633377
24,5,128,125,0.6775000691413879,0.2031237632036209
24,5,128,126,0.7771933078765869,0.0882175862789154
24,5,128,127,0.6642988920211792,0.16445057094097137
25,0,32,0,0.3526608645915985,0.15587598085403442
25,0,32,1,0.5594997406005859,0.14347219467163086
25,0,32,2,0.3979211151599884,0.14380043745040894
25,0,32,3,0.5552537441253662,0.06665711849927902
25,0,32,4,0.5353329181671143,0.1588141769170761
25,0,32,5,0.534415602684021,0.07645226269960403
25,0,32,6,0.38150227069854736,0.16907992959022522
25,0,32,7,0.47986361384391785,0.13736805319786072
25,0,32,8,0.4734589755535126,0.15570423007011414
25,0,32,9,0.3966899812221527,0.08594582229852676
25,0,32,10,0.35423803329467773,0.18674464523792267
25,0,32,11,0.37765181064605713,0.14162150025367737
25,0,32,12,0.524085521697998,0.03847229480743408
25,0,32,13,0.4275886118412018,0.18419504165649414
25,0,32,14,0.47259649634361267,0.1934693455696106
25,0,32,15,0.6018249988555908,0.09179030358791351
25,0,32,16,0.6016120314598083,0.20308950543403625
25,0,32,17,0.5542895197868347,0.09783785045146942
25,0,32,18,0.3562244176864624,0.06367050111293793
25,0,32,19,0.5618533492088318,0.18924295902252197
25,0,32,20,0.46602749824523926,0.13527393341064453
25,0,32,21,0.4495348632335663,0.14161887764930725
25,0,32,22,0.6265594959259033,0.1392967253923416
25,0,32,23,0.6847058534622192,0.1192181184887886
25,0,32,24,0.4851321578025818,0.055725954473018646
25,0,32,25,0.6121636629104614,0.18590565025806427
25,0,32,26,0.5127861499786377,0.08998377621173859
25,0,32,27,0.4635283350944519,0.22094830870628357
25,0,32,28,0.47561368346214294,0.2083815485239029
25,0,32,29,0.6246907114982605,0.059967994689941406
25,0,32,30,0.66701340675354,0.08949155360460281
25,0,32,31,0.29166480898857117,0.1095324158668518
25,1,32,0,0.4713940918445587,0.09922850131988525
25,1,32,1,0.6702295541763306,0.10196426510810852
25,1,32,2,0.6926392912864685,0.10896597057580948
25,1,32,3,0.4949547052383423,0.13438597321510315
25,1,32,4,0.41562482714653015,0.09354425966739655
25,1,32,5,0.39378541707992554,0.21885965764522552
25,1,32,6,0.6177459359169006,0.09801752120256424
25,1,32,7,0.37569549679756165,0.06664887070655823
25,1,32,8,0.4463351368904114,0.1440475732088089
25,1,32,9,0.49199214577674866,0.16812065243721008
25,1,32,10,0.6354658007621765,0.22760765254497528
25,1,32,11,0.42087164521217346,0.12632431089878082
25,1,32,12,0.5390187501907349,0.26136037707328796
25,1,32,13,0.6513566970825195,0.19474713504314423
25,1,32,14,0.48281869292259216,0.05762559920549393
25,1,32,15,0.5329484939575195,0.13694290816783905
25,1,32,16,0.6239482164382935,0.12034288793802261
25,1,32,17,0.5805738568305969,0.16482874751091003
25,1,32,18,0.7115605473518372,0.07793189585208893
25,1,32,19,0.6185645461082458,0.06612570583820343
25,1,32,20,0.39916589856147766,0.13082359731197357
25,1,32,21,0.4590926170349121,0.1301727145910263
25,1,32,22,0.282320499420166,0.14632272720336914
25,1,32,23,0.42269402742385864,0.11775907129049301
25,1,32,24,0.42098507285118103,0.12905453145503998
25,1,32,25,0.6031999588012695,0.13020266592502594
25,1,32,26,0.42036592960357666,0.1270710527896881
25,1,32,27,0.4943009316921234,0.10453589260578156
25,1,32,28,0.46232232451438904,0.13917139172554016
25,1,32,29,0.3970118463039398,0.09043562412261963
25,1,32,30,0.5172405242919922,0.12510161101818085
25,1,32,31,0.36838480830192566,0.08046383410692215
25,2,64,0,0.4773414433002472,0.1960127055644989
25,2,64,1,0.4364612102508545,0.09066446870565414
25,2,64,2,0.5219167470932007,0.08213623613119125
25,2,64,3,0.7305441498756409,0.06442056596279144
25,2,64,4,0.5752118825912476,0.15521971881389618
25,2,64,5,0.41955268383026123,0.23405148088932037
25,2,64,6,0.43462949991226196,0.18489903211593628
25,2,64,7,0.6979588866233826,0.10756316781044006
25,2,64,8,0.5803357362747192,0.07216807454824448
25,2,64,9,0.4432877004146576,0.09310169517993927
25,2,64,10,0.6168630123138428,0.16886329650878906
25,2,64,11,0.6721318364143372,0.24022258818149567
25,2,64,12,0.49120989441871643,0.18738681077957153
25,2,64,13,0.6018542647361755,0.09838812053203583
25,2,64,14,0.664783239364624,0.19811327755451202
25,2,64,15,0.45943599939346313,0.18835857510566711
25,2,64,16,0.5820462107658386,0.2331531047821045
25,2,64,17,0.6105732917785645,0.24471040070056915
25,2,64,18,0.5625329613685608,0.22081772983074188
25,2,64,19,0.38794416189193726,0.14837802946567535
25,2,64,20,0.7072071433067322,0.10120077431201935
25,2,64,21,0.4748406410217285,0.190363347530365
25,2,64,22,0.4750349223613739,0.0983409509062767
25,2,64,23,0.5475949645042419,0.12431135028600693
25,2,64,24,0.5636155605316162,0.126597061753273
25,2,64,25,0.5600041151046753,0.07957600802183151
25,2,64,26,0.5144010186195374,0.14497332274913788
25,2,64,27,0.4919073283672333,0.24022354185581207
25,2,64,28,0.37387168407440186,0.11466971784830093
25,2,64,29,0.45654258131980896,0.22328756749629974
25,2,64,30,0.45709049701690674,0.11810289323329926
25,2,64,31,0.3059982657432556,0.07969217002391815
25,2,64,32,0.3540163040161133,0.08544428646564484
25,2,64,33,0.645861029624939,0.09940117597579956
25,2,64,34,0.4761756658554077,0.09789669513702393
25,2,64,35,0.34430718421936035,0.2225230485200882
25,2,64,36,0.39775827527046204,0.09831593185663223
25,2,64,37,0.5969902873039246,0.1429915577173233
25,2,64,38,0.387412428855896,0.20173482596874237
25,2,64,39,0.6240086555480957,0.09748844057321548
25,2,64,40,0.33375638723373413,0.09599312394857407
25,2,64,41,0.4685511887073517,0.15359002351760864
25,2,64,42,0.5260627865791321,0.10129838436841965
25,2,64,43,0.3209366500377655,0.11908504366874695
25,2,64,44,0.5887197256088257,0.14929872751235962
25,2,64,45,0.4758925437927246,0.14439202845096588
25,2,64,46,0.43628573417663574,0.0853215754032135
25,2,64,47,0.3998691141605377,0.13144025206565857
25,2,64,48,0.4745105504989624,0.19535177946090698
25,2,64,49,0.5289565920829773,0.13371488451957703
25,2,64,50,0.3107110857963562,0.1017381101846695
25,2,64,51,0.523705005645752,0.20712779462337494
25,2,64,52,0.49888819456100464,0.14781153202056885
25,2,64,53,0.4468844532966614,0.11867967993021011
25,2,64,54,0.4456825852394104,0.09069646894931793
25,2,64,55,0.5281766057014465,0.1425408273935318
25,2,64,56,0.5480723977088928,0.15709084272384644
25,2,64,57,0.4149804413318634,0.13017664849758148
25,2,64,58,0.46594154834747314,0.1575624942779541
25,2,64,59,0.5329325199127197,0.1572994440793991
25,2,64,60,0.49578922986984253,0.15408773720264435
25,2,64,61,0.414913535118103,0.23455080389976501
25,2,64,62,0.5618026852607727,0.2557814121246338
25,2,64,63,0.5685003995895386,0.2155306041240692
25,3,64,0,0.33412882685661316,0.21491104364395142
25,3,64,1,0.4451328217983246,0.05526810884475708
25,3,64,2,0.5430606007575989,0.12221218645572662
25,3,64,3,0.4325914680957794,0.11862894892692566
25,3,64,4,0.5618240833282471,0.2295517772436142
25,3,64,5,0.4695907235145569,0.09897030889987946
25,3,64,6,0.4860471785068512,0.22000351548194885
25,3,64,7,0.475788950920105,0.12838228046894073
25,3,64,8,0.47169405221939087,0.15801285207271576
25,3,64,9,0.5232693552970886,0.17816682159900665
25,3,64,10,0.4085245132446289,0.18120482563972473
25,3,64,11,0.34499821066856384,0.16624318063259125
25,3,64,12,0.4970146715641022,0.17325279116630554
25,3,64,13,0.4607410728931427,0.08144796639680862
25,3,64,14,0.40705397725105286,0.19050469994544983
25,3,64,15,0.5217939019203186,0.07919064909219742
25,3,64,16,0.4109487533569336,0.17348289489746094
25,3,64,17,0.5548058748245239,0.18102224171161652
25,3,64,18,0.40957996249198914,0.17614524066448212
25,3,64,19,0.43146613240242004,0.23274151980876923
25,3,64,20,0.5576493144035339,0.1751176416873932
25,3,64,21,0.5479017496109009,0.1769566386938095
25,3,64,22,0.40063416957855225,0.1915835738182068
25,3,64,23,0.5370049476623535,0.24866433441638947
25,3,64,24,0.5064419507980347,0.16673552989959717
25,3,64,25,0.39519548416137695,0.19280917942523956
25,3,64,26,0.40649354457855225,0.20303885638713837
25,3,64,27,0.5292255878448486,0.15729326009750366
25,3,64,28,0.6303879022598267,0.2167414426803589
25,3,64,29,0.5867255330085754,0.19213715195655823
25,3,64,30,0.5810434222221375,0.14548179507255554
25,3,64,31,0.47798311710357666,0.11738453805446625
25,3,64,32,0.3116166889667511,0.1711009442806244
25,3,64,33,0.4536914527416229,0.04636931046843529
25,3,64,34,0.4397431015968323,0.2536625564098358
25,3,64,35,0.6640225052833557,0.1526285707950592
25,3,64,36,0.33944326639175415,0.20573237538337708
25,3,64,37,0.602056086063385,0.20199617743492126
25,3,64,38,0.6081780195236206,0.17243245244026184
25,3,64,39,0.44155314564704895,0.12471753358840942
25,3,64,40,0.5999354124069214,0.16636304557323456
25,3,64,41,0.3335460424423218,0.1551099568605423
25,3,64,42,0.3311881721019745,0.17718107998371124
25,3,64,43,0.5663552284240723,0.1587105542421341
25,3,64,44,0.541545033454895,0.14699006080627441
25,3,64,45,0.6827719807624817,0.17219680547714233
25,3,64,46,0.4977758824825287,0.16676770150661469
25,3,64,47,0.5759404301643372,0.13298267126083374
25,3,64,48,0.5137490630149841,0.15438689291477203
25,3,64,49,0.4568560719490051,0.1613568663597107
25,3,64,50,0.5817497372627258,0.21355094015598297
25,3,64,51,0.4462015628814697,0.09186762571334839
25,3,64,52,0.5239507555961609,0.1234738826751709
25,3,64,53,0.4948829412460327,0.16249315440654755
25,3,64,54,0.5581989288330078,0.1827615648508072
25,3,64,55,0.3987816572189331,0.09248693287372589
25,3,64,56,0.49604836106300354,0.10061897337436676
25,3,64,57,0.5239748358726501,0.18260233104228973
25,3,64,58,0.305938184261322,0.15532822906970978
25,3,64,59,0.6087601184844971,0.19473296403884888
25,3,64,60,0.5049994587898254,0.17905935645103455
25,3,64,61,0.5546677112579346,0.06029050424695015
25,3,64,62,0.4514971077442169,0.16760078072547913
25,3,64,63,0.599066436290741,0.12377931922674179
25,4,128,0,0.709194540977478,0.20817239582538605
25,4,128,1,0.44434526562690735,0.15058669447898865
25,4,128,2,0.4203203022480011,0.25616249442100525
25,4,128,3,0.3527796268463135,0.22785216569900513
25,4,128,4,0.42862462997436523,0.19071164727210999
25,4,128,5,0.3912348449230194,0.3048020303249359
25,4,128,6,0.3778684437274933,0.11887897551059723
25,4,128,7,0.3450949490070343,0.27769914269447327
25,4,128,8,0.33529871702194214,0.0942874476313591
25,4,128,9,0.49632638692855835,0.21235808730125427
25,4,128,10,0.6709238290786743,0.288830429315567
25,4,128,11,0.6540148854255676,0.22439125180244446
25,4,128,12,0.6633989214897156,0.165596604347229
25,4,128,13,0.6627338528633118,0.21440839767456055
25,4,128,14,0.8123345971107483,0.1123589426279068
25,4,128,15,0.7616826891899109,0.14235547184944153
25,4,128,16,0.6432656049728394,0.332934707403183
25,4,128,17,0.7481429576873779,0.11363044381141663
25,4,128,18,0.7177538275718689,0.29292213916778564
25,4,128,19,0.4149342179298401,0.28753480315208435
25,4,128,20,0.4436109960079193,0.2308472841978073
25,4,128,21,0.3371047377586365,0.12744811177253723
25,4,128,22,0.33435219526290894,0.13752973079681396
25,4,128,23,0.5744081735610962,0.25058886408805847
25,4,128,24,0.6479786038398743,0.23138269782066345
25,4,128,25,0.7582474946975708,0.13252006471157074
25,4,128,26,0.6430210471153259,0.20596802234649658
25,4,128,27,0.7552685141563416,0.09236950427293777
25,4,128,28,0.3291264772415161,0.18147481977939606
25,4,128,29,0.6901921033859253,0.21644377708435059
25,4,128,30,0.6728525161743164,0.16307224333286285
25,4,128,31,0.42270928621292114,0.1814207136631012
25,4,128,32,0.827484667301178,0.12158357352018356
25,4,128,33,0.7041034698486328,0.27724745869636536
25,4,128,34,0.6454676985740662,0.17268840968608856
25,4,128,35,0.6305091381072998,0.2795497477054596
25,4,128,36,0.40233561396598816,0.11030229181051254
25,4,128,37,0.7769646048545837,0.15090344846248627
25,4,128,38,0.2967633306980133,0.15260402858257294
25,4,128,39,0.6484460234642029,0.21929791569709778
25,4,128,40,0.3652968406677246,0.2017943114042282
25,4,128,41,0.5686382055282593,0.11194408684968948
25,4,128,42,0.6527174115180969,0.1987694501876831
25,4,128,43,0.4020764231681824,0.23841236531734467
25,4,128,44,0.6059433817863464,0.12865014374256134
25,4,128,45,0.3193943500518799,0.16569434106349945
25,4,128,46,0.29362741112709045,0.07771658897399902
25,4,128,47,0.7310938835144043,0.27473706007003784
25,4,128,48,0.5739858746528625,0.05191115662455559
25,4,128,49,0.5347827672958374,0.18977504968643188
25,4,128,50,0.6894115805625916,0.280767023563385
25,4,128,51,0.664372980594635,0.3212776780128479
25,4,128,52,0.3390488028526306,0.23466864228248596
25,4,128,53,0.3802614212036133,0.17947997152805328
25,4,128,54,0.668433427810669,0.30302655696868896
25,4,128,55,0.7123807668685913,0.20739927887916565
25,4,128,56,0.7136317491531372,0.10796282440423965
25,4,128,57,0.5903458595275879,0.1257467120885849
25,4,128,58,0.3538212180137634,0.30900096893310547
25,4,128,59,0.7693328857421875,0.1425153762102127
25,4,128,60,0.34317824244499207,0.2642035484313965
25,4,128,61,0.5394911766052246,0.14539630711078644
25,4,128,62,0.6815682649612427,0.18748819828033447
25,4,128,63,0.7349545955657959,0.10971605032682419
25,4,128,64,0.6414733529090881,0.32177355885505676
25,4,128,65,0.7480674386024475,0.14933103322982788
25,4,128,66,0.5042285323143005,0.04369373247027397
25,4,128,67,0.43500474095344543,0.27888035774230957
25,4,128,68,0.7436305284500122,0.1481451392173767
25,4,128,69,0.2981277108192444,0.15266111493110657
25,4,128,70,0.6312506794929504,0.29933857917785645
25,4,128,71,0.408332496881485,0.24986335635185242
25,4,128,72,0.42006558179855347,0.2825421094894409
25,4,128,73,0.46343180537223816,0.14983339607715607
25,4,128,74,0.6885309815406799,0.2779577672481537
25,4,128,75,0.5053723454475403,0.17857205867767334
25,4,128,76,0.41273313760757446,0.24627399444580078
25,4,128,77,0.6349548697471619,0.26200512051582336
25,4,128,78,0.6218216419219971,0.14418010413646698
25,4,128,79,0.5443806052207947,0.20711982250213623
25,4,128,80,0.3655884563922882,0.09840494394302368
25,4,128,81,0.4992386996746063,0.22476914525032043
25,4,128,82,0.6774998903274536,0.08888368308544159
25,4,128,83,0.4144940972328186,0.3036957383155823
25,4,128,84,0.6760339736938477,0.33055388927459717
25,4,128,85,0.7372567057609558,0.162068173289299
25,4,128,86,0.4888817071914673,0.27331575751304626
25,4,128,87,0.5753149390220642,0.202098548412323
25,4,128,88,0.520503044128418,0.2512790858745575
25,4,128,89,0.4659763276576996,0.08041877299547195
25,4,128,90,0.7716996669769287,0.12585563957691193
25,4,128,91,0.7694898843765259,0.13621552288532257
25,4,128,92,0.39295196533203125,0.16572125256061554
25,4,128,93,0.6099434494972229,0.11679036915302277
25,4,128,94,0.45604023337364197,0.24465374648571014
25,4,128,95,0.43941250443458557,0.08296588063240051
25,4,128,96,0.591834306716919,0.10218128561973572
25,4,128,97,0.7620469331741333,0.13219428062438965
25,4,128,98,0.3825239837169647,0.14601416885852814
25,4,128,99,0.6946853995323181,0.2936552166938782
25,4,128,100,0.4111887812614441,0.1310432255268097
25,4,128,101,0.3058132231235504,0.21287669241428375
25,4,128,102,0.6675828099250793,0.09804292768239975
25,4,128,103,0.7027832865715027,0.21596039831638336
25,4,128,104,0.40725991129875183,0.25694945454597473
25,4,128,105,0.6655645370483398,0.11716623604297638
25,4,128,106,0.6818972229957581,0.2374820113182068
25,4,128,107,0.5744808316230774,0.0844748392701149
25,4,128,108,0.7522217631340027,0.12979376316070557
25,4,128,109,0.7976583242416382,0.11275529116392136
25,4,128,110,0.6855760216712952,0.3213873505592346
25,4,128,111,0.7070906758308411,0.07839573919773102
25,4,128,112,0.7064356803894043,0.19162218272686005
25,4,128,113,0.626948356628418,0.132388636469841
25,4,128,114,0.3738626539707184,0.30530932545661926
25,4,128,115,0.7307053208351135,0.12516362965106964
25,4,128,116,0.6535038948059082,0.23225125670433044
25,4,128,117,0.718345046043396,0.10736001282930374
25,4,128,118,0.2911434471607208,0.180744931101799
25,4,128,119,0.5599883198738098,0.11916820704936981
25,4,128,120,0.65338134765625,0.2944534718990326
25,4,128,121,0.6293584704399109,0.10067738592624664
25,4,128,122,0.5098568201065063,0.11288435757160187
25,4,128,123,0.7111799716949463,0.15279419720172882
25,4,128,124,0.36922669410705566,0.1004551351070404
25,4,128,125,0.6954213380813599,0.3319493532180786
25,4,128,126,0.2640736699104309,0.13480107486248016
25,4,128,127,0.6609076857566833,0.22380736470222473
25,5,128,0,0.6884071826934814,0.29839199781417847
25,5,128,1,0.8622664213180542,0.12083223462104797
25,5,128,2,0.7849076390266418,0.18570011854171753
25,5,128,3,0.37078168988227844,0.3168024718761444
25,5,128,4,0.7051706910133362,0.17631442844867706
25,5,128,5,0.41438740491867065,0.33263304829597473
25,5,128,6,0.7668963074684143,0.1378861665725708
25,5,128,7,0.6351757049560547,0.22119683027267456
25,5,128,8,0.7370651364326477,0.09791414439678192
25,5,128,9,0.48940718173980713,0.2649040222167969
25,5,128,10,0.7276045680046082,0.12169750779867172
25,5,128,11,0.6654245257377625,0.3373314440250397
25,5,128,12,0.7397273182868958,0.09458263963460922
25,5,128,13,0.7907058000564575,0.08398894220590591
25,5,128,14,0.8226727843284607,0.10895248502492905
25,5,128,15,0.7431362271308899,0.15917040407657623
25,5,128,16,0.818934977054596,0.10113772004842758
25,5,128,17,0.6767522096633911,0.1164872869849205
25,5,128,18,0.8005056977272034,0.2589341998100281
25,5,128,19,0.42395099997520447,0.2914276421070099
25,5,128,20,0.44034597277641296,0.26445817947387695
25,5,128,21,0.7604379653930664,0.09621696174144745
25,5,128,22,0.7192625403404236,0.29838627576828003
25,5,128,23,0.4893566071987152,0.23131459951400757
25,5,128,24,0.7764282822608948,0.1795050948858261
25,5,128,25,0.785358726978302,0.20927762985229492
25,5,128,26,0.9018536806106567,0.08045213669538498
25,5,128,27,0.7416543960571289,0.2801681458950043
25,5,128,28,0.423014760017395,0.25070518255233765
25,5,128,29,0.6307026743888855,0.1546766757965088
25,5,128,30,0.4437207281589508,0.2888365089893341
25,5,128,31,0.7180898785591125,0.2465248554944992
25,5,128,32,0.8628504276275635,0.10367225855588913
25,5,128,33,0.6526509523391724,0.17252182960510254
25,5,128,34,0.7570450901985168,0.2289687693119049
25,5,128,35,0.7012209892272949,0.2752961814403534
25,5,128,36,0.8426342010498047,0.12697972357273102
25,5,128,37,0.6502701640129089,0.18977656960487366
25,5,128,38,0.3403693437576294,0.25869622826576233
25,5,128,39,0.806228518486023,0.11668376624584198
25,5,128,40,0.55784010887146,0.16322419047355652
25,5,128,41,0.5649696588516235,0.21049271523952484
25,5,128,42,0.7887453436851501,0.2147948145866394
25,5,128,43,0.7001494765281677,0.09118954092264175
25,5,128,44,0.48508691787719727,0.1868874728679657
25,5,128,45,0.8344764113426208,0.14128008484840393
25,5,128,46,0.47216489911079407,0.3594297766685486
25,5,128,47,0.7826133966445923,0.2601296603679657
25,5,128,48,0.5359811186790466,0.17827792465686798
25,5,128,49,0.6018165349960327,0.2523089349269867
25,5,128,50,0.44805729389190674,0.2821401357650757
25,5,128,51,0.3519563674926758,0.3636060953140259
25,5,128,52,0.7179632186889648,0.14653126895427704
25,5,128,53,0.3405087888240814,0.24759098887443542
25,5,128,54,0.5295026898384094,0.32514864206314087
25,5,128,55,0.6322494745254517,0.2609840929508209
25,5,128,56,0.7661518454551697,0.254460871219635
25,5,128,57,0.7816841006278992,0.1464371234178543
25,5,128,58,0.37769949436187744,0.21508297324180603
25,5,128,59,0.843674898147583,0.0953630730509758
25,5,128,60,0.6083187460899353,0.18356792628765106
25,5,128,61,0.6577373147010803,0.1427156776189804
25,5,128,62,0.7443602085113525,0.19209136068820953
25,5,128,63,0.5923375487327576,0.1333390176296234
25,5,128,64,0.5502808094024658,0.14563152194023132
25,5,128,65,0.8129070401191711,0.1516706496477127
25,5,128,66,0.5744800567626953,0.22633764147758484
25,5,128,67,0.6521736979484558,0.1605464071035385
25,5,128,68,0.8714867234230042,0.124323271214962
25,5,128,69,0.797250509262085,0.11156512051820755
25,5,128,70,0.743977427482605,0.18490327894687653
25,5,128,71,0.4771246910095215,0.34381693601608276
25,5,128,72,0.5255865454673767,0.2272520661354065
25,5,128,73,0.7547324299812317,0.08544101566076279
25,5,128,74,0.732552170753479,0.14625294506549835
25,5,128,75,0.5524576902389526,0.2662610411643982
25,5,128,76,0.5069081783294678,0.13532520830631256
25,5,128,77,0.8104693293571472,0.15120306611061096
25,5,128,78,0.6462371945381165,0.14689110219478607
25,5,128,79,0.4202118515968323,0.37356674671173096
25,5,128,80,0.7857474088668823,0.26764702796936035
25,5,128,81,0.5251190066337585,0.20529848337173462
25,5,128,82,0.8062330484390259,0.18983958661556244
25,5,128,83,0.7077673077583313,0.2835215628147125
25,5,128,84,0.7183083295822144,0.2253996878862381
25,5,128,85,0.8003559708595276,0.1990763247013092
25,5,128,86,0.62308669090271,0.21334166824817657
25,5,128,87,0.5317444205284119,0.2449439913034439
25,5,128,88,0.635830283164978,0.15712493658065796
25,5,128,89,0.7198110222816467,0.11275828629732132
25,5,128,90,0.6771736145019531,0.1285916119813919
25,5,128,91,0.8416100144386292,0.1352653205394745
25,5,128,92,0.7109030485153198,0.11680645495653152
25,5,128,93,0.7247232794761658,0.15113379061222076
25,5,128,94,0.6003319621086121,0.2285919338464737
25,5,128,95,0.8378869295120239,0.17653335630893707
25,5,128,96,0.7181476354598999,0.13276726007461548
25,5,128,97,0.7395344376564026,0.11753766238689423
25,5,128,98,0.8109244704246521,0.2053791880607605
25,5,128,99,0.7466519474983215,0.11212796717882156
25,5,128,100,0.7823041677474976,0.2159631848335266
25,5,128,101,0.3961333930492401,0.153645858168602
25,5,128,102,0.5247552394866943,0.3144882917404175
25,5,128,103,0.8121249079704285,0.13822290301322937
25,5,128,104,0.8086686730384827,0.12263183295726776
25,5,128,105,0.6103492975234985,0.18547938764095306
25,5,128,106,0.7698626518249512,0.19374266266822815
25,5,128,107,0.7305948734283447,0.10747652500867844
25,5,128,108,0.8248966336250305,0.09219487756490707
25,5,128,109,0.7340017557144165,0.29173338413238525
25,5,128,110,0.818510890007019,0.10454413294792175
25,5,128,111,0.8164081573486328,0.1361473649740219
25,5,128,112,0.7113921642303467,0.2034609466791153
25,5,128,113,0.6365896463394165,0.18929144740104675
25,5,128,114,0.6580905318260193,0.18300920724868774
25,5,128,115,0.741913378238678,0.22456514835357666
25,5,128,116,0.7799654603004456,0.1860123872756958
25,5,128,117,0.7575629353523254,0.12984731793403625
25,5,128,118,0.6874188780784607,0.21158641576766968
25,5,128,119,0.47250694036483765,0.3373502492904663
25,5,128,120,0.8450679183006287,0.08469626307487488
25,5,128,121,0.6469635963439941,0.3176538348197937
25,5,128,122,0.5316815972328186,0.24895721673965454
25,5,128,123,0.7319258451461792,0.1621345430612564
25,5,128,124,0.7960389852523804,0.07884950190782547
25,5,128,125,0.7514715790748596,0.24544163048267365
25,5,128,126,0.6463509202003479,0.1108890101313591
25,5,128,127,0.8259598612785339,0.1121414378285408
26,0,32,0,0.48706015944480896,0.08403269946575165
26,0,32,1,0.5737188458442688,0.05981297418475151
26,0,32,2,0.4801601767539978,0.08958925306797028
26,0,32,3,0.506162166595459,0.04317331686615944
26,0,32,4,0.2977856993675232,0.06744050234556198
26,0,32,5,0.4453069269657135,0.06919901072978973
26,0,32,6,0.5147824883460999,0.09566892683506012
26,0,32,7,0.3383358120918274,0.059435635805130005
26,0,32,8,0.5331060290336609,0.05598367005586624
26,0,32,9,0.5066779851913452,0.09679459035396576
26,0,32,10,0.616082489490509,0.026648495346307755
26,0,32,11,0.5808978080749512,0.05405354127287865
26,0,32,12,0.345926970243454,0.03563981130719185
26,0,32,13,0.5325784087181091,0.07617770880460739
26,0,32,14,0.4625965356826782,0.07934106886386871
26,0,32,15,0.5279662609100342,0.08816936612129211
26,0,32,16,0.5870964527130127,0.03236890584230423
26,0,32,17,0.5687354803085327,0.06993482261896133
26,0,32,18,0.5849090814590454,0.05299462750554085
26,0,32,19,0.4277932047843933,0.07146384567022324
26,0,32,20,0.45879876613616943,0.06296713650226593
26,0,32,21,0.46679455041885376,0.09043880552053452
26,0,32,22,0.6133001446723938,0.04570530354976654
26,0,32,23,0.5836992859840393,0.031075594946742058
26,0,32,24,0.5991973280906677,0.07625436782836914
26,0,32,25,0.4184696078300476,0.07207262516021729
26,0,32,26,0.40213802456855774,0.04758719354867935
26,0,32,27,0.616378903388977,0.0667819157242775
26,0,32,28,0.5851991772651672,0.08424122631549835
26,0,32,29,0.5068865418434143,0.09532001614570618
26,0,32,30,0.46176403760910034,0.023181691765785217
26,0,32,31,0.42194679379463196,0.04293270781636238
26,1,32,0,0.5678168535232544,0.028051258996129036
26,1,32,1,0.3736419081687927,0.03582168370485306
26,1,32,2,0.5509558916091919,0.025695787742733955
26,1,32,3,0.4855191111564636,0.06429865211248398
26,1,32,4,0.5366581678390503,0.017083704471588135
26,1,32,5,0.49678924679756165,0.0357954315841198
26,1,32,6,0.3424845337867737,0.024638967588543892
26,1,32,7,0.5972779989242554,0.05361945554614067
26,1,32,8,0.45563164353370667,0.0712389424443245
26,1,32,9,0.4504671096801758,0.05058564990758896
26,1,32,10,0.45831596851348877,0.06332654505968094
26,1,32,11,0.6138192415237427,0.06614621728658676
26,1,32,12,0.666987419128418,0.04621174931526184
26,1,32,13,0.475693941116333,0.03293479233980179
26,1,32,14,0.6429269313812256,0.05597531422972679
26,1,32,15,0.6227887272834778,0.04764475300908089
26,1,32,16,0.44833508133888245,0.021573226898908615
26,1,32,17,0.45195135474205017,0.05400724336504936
26,1,32,18,0.45375922322273254,0.016489049419760704
26,1,32,19,0.5356728434562683,0.0787063017487526
26,1,32,20,0.38596776127815247,0.03617104887962341
26,1,32,21,0.4997389614582062,0.0223041083663702
26,1,32,22,0.4677604138851166,0.043318796902894974
26,1,32,23,0.5395064949989319,0.03961307927966118
26,1,32,24,0.3959308862686157,0.03349856659770012
26,1,32,25,0.5440185070037842,0.07687471807003021
26,1,32,26,0.41121259331703186,0.05468013510107994
26,1,32,27,0.5805761814117432,0.017653021961450577
26,1,32,28,0.41528111696243286,0.02570137195289135
26,1,32,29,0.4628998339176178,0.05798574909567833
26,1,32,30,0.5929776430130005,0.05004791542887688
26,1,32,31,0.45070990920066833,0.017682312056422234
26,2,64,0,0.5228016376495361,0.04886823147535324
26,2,64,1,0.47661468386650085,0.10080908983945847
26,2,64,2,0.6382260918617249,0.12011227011680603
26,2,64,3,0.46541422605514526,0.08638200163841248
26,2,64,4,0.5829060077667236,0.16319668292999268
26,2,64,5,0.5103020668029785,0.16834573447704315
26,2,64,6,0.6914818286895752,0.12475089728832245
26,2,64,7,0.3875616490840912,0.0976639986038208
26,2,64,8,0.4790358543395996,0.154701828956604
26,2,64,9,0.6035223007202148,0.1515292078256607
26,2,64,10,0.4987752437591553,0.22159463167190552
26,2,64,11,0.4986591935157776,0.06466902792453766
26,2,64,12,0.5191245675086975,0.0939105972647667
26,2,64,13,0.5814461708068848,0.19109104573726654
26,2,64,14,0.5503774285316467,0.1716851145029068
26,2,64,15,0.503480076789856,0.11900097876787186
26,2,64,16,0.47499510645866394,0.1309184432029724
26,2,64,17,0.5938743352890015,0.11399722844362259
26,2,64,18,0.5452858209609985,0.13671883940696716
26,2,64,19,0.6279230117797852,0.1819325089454651
26,2,64,20,0.5658510327339172,0.10494083166122437
26,2,64,21,0.47747984528541565,0.11927749216556549
26,2,64,22,0.511241614818573,0.15586088597774506
26,2,64,23,0.49230825901031494,0.19241952896118164
26,2,64,24,0.6086702942848206,0.15041960775852203
26,2,64,25,0.4166286885738373,0.11236928403377533
26,2,64,26,0.5230869054794312,0.14083288609981537
26,2,64,27,0.4974113404750824,0.12711311876773834
26,2,64,28,0.5623864531517029,0.18236993253231049
26,2,64,29,0.45849817991256714,0.1729162335395813
26,2,64,30,0.48269471526145935,0.18297389149665833
26,2,64,31,0.39055487513542175,0.1044745221734047
26,2,64,32,0.6918832659721375,0.09763193130493164
26,2,64,33,0.46327072381973267,0.18373608589172363
26,2,64,34,0.38400983810424805,0.12234566360712051
26,2,64,35,0.33044782280921936,0.13306009769439697
26,2,64,36,0.6471437215805054,0.1135730892419815
26,2,64,37,0.393288254737854,0.07662086933851242
26,2,64,38,0.5320946574211121,0.19177474081516266
26,2,64,39,0.32683297991752625,0.12110813707113266
26,2,64,40,0.6014572381973267,0.22431525588035583
26,2,64,41,0.46077215671539307,0.1559392809867859
26,2,64,42,0.389555424451828,0.13750596344470978
26,2,64,43,0.5240060687065125,0.17782296240329742
26,2,64,44,0.5809338688850403,0.2435867041349411
26,2,64,45,0.3776264190673828,0.07789473980665207
26,2,64,46,0.5927671194076538,0.07984564453363419
26,2,64,47,0.5157365798950195,0.118052177131176
26,2,64,48,0.698947548866272,0.0677766278386116
26,2,64,49,0.3627321124076843,0.11266443878412247
26,2,64,50,0.518466591835022,0.11581523716449738
26,2,64,51,0.4358423352241516,0.14374567568302155
26,2,64,52,0.3958013355731964,0.12394979596138
26,2,64,53,0.467720627784729,0.11722871661186218
26,2,64,54,0.5207946300506592,0.06564535200595856
26,2,64,55,0.46688297390937805,0.1038588285446167
26,2,64,56,0.4681682288646698,0.08317632973194122
26,2,64,57,0.5077099800109863,0.09062311798334122
26,2,64,58,0.4762069582939148,0.07808791100978851
26,2,64,59,0.5597704648971558,0.07968132197856903
26,2,64,60,0.5290526747703552,0.08185227960348129
26,2,64,61,0.6046767830848694,0.18173693120479584
26,2,64,62,0.5152627825737,0.07911226898431778
26,2,64,63,0.4879964292049408,0.2667272090911865
26,3,64,0,0.5919783115386963,0.05025389418005943
26,3,64,1,0.590829610824585,0.24994532763957977
26,3,64,2,0.5182623863220215,0.032892849296331406
26,3,64,3,0.5022383332252502,0.13205939531326294
26,3,64,4,0.5753117799758911,0.32281801104545593
26,3,64,5,0.4778139889240265,0.15295979380607605
26,3,64,6,0.5270348787307739,0.09413786232471466
26,3,64,7,0.35884585976600647,0.1528700292110443
26,3,64,8,0.6080496311187744,0.11325368285179138
26,3,64,9,0.43259403109550476,0.06639641523361206
26,3,64,10,0.2758122384548187,0.11653313040733337
26,3,64,11,0.45666447281837463,0.14110726118087769
26,3,64,12,0.4852975010871887,0.0872238352894783
26,3,64,13,0.4335198700428009,0.090938039124012
26,3,64,14,0.6513347625732422,0.07671602070331573
26,3,64,15,0.36641043424606323,0.07321716099977493
26,3,64,16,0.6499568223953247,0.10884073376655579
26,3,64,17,0.42399176955223083,0.12688322365283966
26,3,64,18,0.48339104652404785,0.1806965470314026
26,3,64,19,0.6418666839599609,0.0785863921046257
26,3,64,20,0.4769607484340668,0.07072063535451889
26,3,64,21,0.4883548617362976,0.12488757818937302
26,3,64,22,0.4391832649707794,0.12693020701408386
26,3,64,23,0.5239283442497253,0.11804567277431488
26,3,64,24,0.3226998448371887,0.10731235146522522
26,3,64,25,0.5690033435821533,0.22762346267700195
26,3,64,26,0.4660588502883911,0.06190018355846405
26,3,64,27,0.4639570415019989,0.16187165677547455
26,3,64,28,0.6128059029579163,0.08448774367570877
26,3,64,29,0.7085243463516235,0.09740845113992691
26,3,64,30,0.5351399779319763,0.041425324976444244
26,3,64,31,0.267415851354599,0.1393122375011444
26,3,64,32,0.5789329409599304,0.2464299350976944
26,3,64,33,0.38086938858032227,0.06376946717500687
26,3,64,34,0.44394341111183167,0.16019989550113678
26,3,64,35,0.2993820607662201,0.1095571219921112
26,3,64,36,0.5822780728340149,0.10331511497497559
26,3,64,37,0.5832004547119141,0.21547965705394745
26,3,64,38,0.5874028205871582,0.20698225498199463
26,3,64,39,0.6950927972793579,0.18253003060817719
26,3,64,40,0.5703418254852295,0.08849421888589859
26,3,64,41,0.22083069384098053,0.10538088530302048
26,3,64,42,0.7050381302833557,0.1532401442527771
26,3,64,43,0.6614974141120911,0.25872063636779785
26,3,64,44,0.5133300423622131,0.12125886231660843
26,3,64,45,0.4325597584247589,0.07111621648073196
26,3,64,46,0.5669230818748474,0.08436224609613419
26,3,64,47,0.48765555024147034,0.04133743420243263
26,3,64,48,0.579389214515686,0.07042170315980911
26,3,64,49,0.6263810992240906,0.09895359724760056
26,3,64,50,0.5063011050224304,0.10896480083465576
26,3,64,51,0.6197656989097595,0.08288082480430603
26,3,64,52,0.4113941788673401,0.14367885887622833
26,3,64,53,0.650356113910675,0.1038190945982933
26,3,64,54,0.4239978492259979,0.08776538819074631
26,3,64,55,0.3511318862438202,0.11393032222986221
26,3,64,56,0.5944337844848633,0.044856198132038116
26,3,64,57,0.39987680315971375,0.12813055515289307
26,3,64,58,0.33900949358940125,0.20431597530841827
26,3,64,59,0.5336682200431824,0.048237331211566925
26,3,64,60,0.42649513483047485,0.2219214141368866
26,3,64,61,0.517543375492096,0.16105180978775024
26,3,64,62,0.38528934121131897,0.0920560359954834
26,3,64,63,0.45073485374450684,0.1623542159795761
26,4,128,0,0.7586293816566467,0.19270586967468262
26,4,128,1,0.6610980033874512,0.3270198404788971
26,4,128,2,0.370515376329422,0.2361680269241333
26,4,128,3,0.36350539326667786,0.30996984243392944
26,4,128,4,0.6550724506378174,0.20329657196998596
26,4,128,5,0.5539965629577637,0.125569686293602
26,4,128,6,0.4109547436237335,0.15137113630771637
26,4,128,7,0.6424911022186279,0.3134670555591583
26,4,128,8,0.5980391502380371,0.20384734869003296
26,4,128,9,0.4771522879600525,0.10261470079421997
26,4,128,10,0.6393808722496033,0.3617473840713501
26,4,128,11,0.3351192772388458,0.24730809032917023
26,4,128,12,0.6483778357505798,0.33796629309654236
26,4,128,13,0.4766388237476349,0.19158117473125458
26,4,128,14,0.39460253715515137,0.22752967476844788
26,4,128,15,0.6672499179840088,0.08340711891651154
26,4,128,16,0.40148305892944336,0.10526126623153687
26,4,128,17,0.3968096673488617,0.07441072911024094
26,4,128,18,0.7793217301368713,0.16783371567726135
26,4,128,19,0.758350670337677,0.16412925720214844
26,4,128,20,0.6545647382736206,0.1333448439836502
26,4,128,21,0.25719892978668213,0.16333410143852234
26,4,128,22,0.4536686837673187,0.11897759884595871
26,4,128,23,0.5467721819877625,0.062193069607019424
26,4,128,24,0.2833555340766907,0.08761299401521683
26,4,128,25,0.7621984481811523,0.08890833705663681
26,4,128,26,0.4547693133354187,0.1448013186454773
26,4,128,27,0.727669358253479,0.11950278282165527
26,4,128,28,0.6303027272224426,0.28981301188468933
26,4,128,29,0.6459592580795288,0.28565865755081177
26,4,128,30,0.6390295028686523,0.3703153431415558
26,4,128,31,0.516140878200531,0.07615255564451218
26,4,128,32,0.24523068964481354,0.23609116673469543
26,4,128,33,0.615013837814331,0.28022336959838867
26,4,128,34,0.6083776950836182,0.17316825687885284
26,4,128,35,0.5006881952285767,0.16345573961734772
26,4,128,36,0.6167958378791809,0.11298809945583344
26,4,128,37,0.6796382069587708,0.3000171482563019
26,4,128,38,0.6853082776069641,0.11013176292181015
26,4,128,39,0.35208848118782043,0.271026611328125
26,4,128,40,0.6147187948226929,0.235856831073761
26,4,128,41,0.7307968139648438,0.2646576762199402
26,4,128,42,0.5778529644012451,0.13597820699214935
26,4,128,43,0.3265528082847595,0.2158319056034088
26,4,128,44,0.620862603187561,0.16209858655929565
26,4,128,45,0.6391955018043518,0.3619231879711151
26,4,128,46,0.19579008221626282,0.12401822209358215
26,4,128,47,0.2930290102958679,0.2312101572751999
26,4,128,48,0.6977401375770569,0.1404982954263687
26,4,128,49,0.43784284591674805,0.19535931944847107
26,4,128,50,0.7590079307556152,0.18666626513004303
26,4,128,51,0.6882962584495544,0.2578423023223877
26,4,128,52,0.3530247211456299,0.349204957485199
26,4,128,53,0.601213276386261,0.20608669519424438
26,4,128,54,0.4156023859977722,0.06343730539083481
26,4,128,55,0.4135625660419464,0.12931448221206665
26,4,128,56,0.6349206566810608,0.2874864935874939
26,4,128,57,0.6968666911125183,0.24907775223255157
26,4,128,58,0.7209280133247375,0.22948907315731049
26,4,128,59,0.8167444467544556,0.1606799066066742
26,4,128,60,0.29586854577064514,0.21780316531658173
26,4,128,61,0.727272629737854,0.10601256042718887
26,4,128,62,0.6904354095458984,0.19638203084468842
26,4,128,63,0.8164264559745789,0.14275135099887848
26,4,128,64,0.6303544044494629,0.28944411873817444
26,4,128,65,0.3752804100513458,0.12903442978858948
26,4,128,66,0.3827747106552124,0.27856001257896423
26,4,128,67,0.6148382425308228,0.10076132416725159
26,4,128,68,0.6434946656227112,0.18943676352500916
26,4,128,69,0.6430253386497498,0.2876376211643219
26,4,128,70,0.6082580089569092,0.32110393047332764
26,4,128,71,0.6058893799781799,0.1301620602607727
26,4,128,72,0.7307552695274353,0.11590277403593063
26,4,128,73,0.627140998840332,0.28286057710647583
26,4,128,74,0.6397300958633423,0.24253425002098083
26,4,128,75,0.6833280324935913,0.19077669084072113
26,4,128,76,0.2551841139793396,0.20086844265460968
26,4,128,77,0.29597708582878113,0.19797097146511078
26,4,128,78,0.6333181858062744,0.31567153334617615
26,4,128,79,0.6028107404708862,0.24311840534210205
26,4,128,80,0.3352198004722595,0.2567382752895355
26,4,128,81,0.5702775716781616,0.2320692539215088
26,4,128,82,0.4198795557022095,0.0835956484079361
26,4,128,83,0.3320496678352356,0.13511645793914795
26,4,128,84,0.677097737789154,0.25692662596702576
26,4,128,85,0.7764138579368591,0.16581211984157562
26,4,128,86,0.7632074356079102,0.09889740496873856
26,4,128,87,0.5954281091690063,0.33452457189559937
26,4,128,88,0.7126636505126953,0.16991108655929565
26,4,128,89,0.35644805431365967,0.2637949287891388
26,4,128,90,0.6887893676757812,0.18239080905914307
26,4,128,91,0.6906642317771912,0.12662385404109955
26,4,128,92,0.6874701976776123,0.18552803993225098
26,4,128,93,0.6414718627929688,0.15529829263687134
26,4,128,94,0.6276929974555969,0.11460953950881958
26,4,128,95,0.4484412968158722,0.21287663280963898
26,4,128,96,0.7001879811286926,0.20133361220359802
26,4,128,97,0.6751105785369873,0.23845089972019196
26,4,128,98,0.608176589012146,0.09522362798452377
26,4,128,99,0.3435421288013458,0.0637279525399208
26,4,128,100,0.6375247240066528,0.37805044651031494
26,4,128,101,0.6185504794120789,0.1485138088464737
26,4,128,102,0.7463006973266602,0.18731600046157837
26,4,128,103,0.34275612235069275,0.15322627127170563
26,4,128,104,0.7035864591598511,0.07584855705499649
26,4,128,105,0.7031146883964539,0.099410280585289
26,4,128,106,0.6837033033370972,0.09733060747385025
26,4,128,107,0.36966821551322937,0.15143755078315735
26,4,128,108,0.4218052327632904,0.21447207033634186
26,4,128,109,0.7366834878921509,0.22990116477012634
26,4,128,110,0.6237826943397522,0.31548458337783813
26,4,128,111,0.7186136245727539,0.21370241045951843
26,4,128,112,0.6393552422523499,0.1909487396478653
26,4,128,113,0.49461445212364197,0.08637850731611252
26,4,128,114,0.7245678305625916,0.24515993893146515
26,4,128,115,0.6618695855140686,0.22642222046852112
26,4,128,116,0.30253341794013977,0.18436911702156067
26,4,128,117,0.7145193219184875,0.1661325991153717
26,4,128,118,0.5997292995452881,0.19420596957206726
26,4,128,119,0.745371401309967,0.12195215374231339
26,4,128,120,0.5774417519569397,0.30052506923675537
26,4,128,121,0.6805721521377563,0.23872153460979462
26,4,128,122,0.3935159742832184,0.14608614146709442
26,4,128,123,0.7276902794837952,0.30475085973739624
26,4,128,124,0.6530354619026184,0.14809739589691162
26,4,128,125,0.6491893529891968,0.2380119264125824
26,4,128,126,0.5568485260009766,0.20937223732471466
26,4,128,127,0.47415691614151,0.23886005580425262
26,5,128,0,0.5278981328010559,0.03083099238574505
26,5,128,1,0.7375611066818237,0.12490440905094147
26,5,128,2,0.5316042900085449,0.1411256492137909
26,5,128,3,0.5139955878257751,0.21720582246780396
26,5,128,4,0.5082890391349792,0.2579863965511322
26,5,128,5,0.7802797555923462,0.09231056272983551
26,5,128,6,0.4607488512992859,0.06084124371409416
26,5,128,7,0.769614040851593,0.12150469422340393
26,5,128,8,0.7106195092201233,0.10745172947645187
26,5,128,9,0.6919812560081482,0.22823503613471985
26,5,128,10,0.7369711399078369,0.23378393054008484
26,5,128,11,0.7558450102806091,0.1083957776427269
26,5,128,12,0.85735684633255,0.11309434473514557
26,5,128,13,0.5333954691886902,0.1109868511557579
26,5,128,14,0.644149124622345,0.3078603744506836
26,5,128,15,0.6800460815429688,0.06979220360517502
26,5,128,16,0.6588002443313599,0.1892208456993103
26,5,128,17,0.4029330909252167,0.07574980705976486
26,5,128,18,0.7724963426589966,0.08916521817445755
26,5,128,19,0.7603872418403625,0.1140102818608284
26,5,128,20,0.703646719455719,0.18187953531742096
26,5,128,21,0.43088674545288086,0.24777118861675262
26,5,128,22,0.6403789520263672,0.18950816988945007
26,5,128,23,0.7142869234085083,0.09939304739236832
26,5,128,24,0.4257000684738159,0.1262124925851822
26,5,128,25,0.67805415391922,0.11492350697517395
26,5,128,26,0.7694229483604431,0.13129311800003052
26,5,128,27,0.7376517653465271,0.0933031439781189
26,5,128,28,0.4586147665977478,0.10519416630268097
26,5,128,29,0.747861921787262,0.22027546167373657
26,5,128,30,0.7393426895141602,0.20051956176757812
26,5,128,31,0.670828640460968,0.12919040024280548
26,5,128,32,0.5552061200141907,0.1538832187652588
26,5,128,33,0.6601952910423279,0.2834588885307312
26,5,128,34,0.5410032272338867,0.09942164272069931
26,5,128,35,0.29443231225013733,0.15382617712020874
26,5,128,36,0.6608366966247559,0.07340504229068756
26,5,128,37,0.48615920543670654,0.12963512539863586
26,5,128,38,0.25504279136657715,0.08162906765937805
26,5,128,39,0.7209984064102173,0.08507002890110016
26,5,128,40,0.6275856494903564,0.09846750646829605
26,5,128,41,0.7301235198974609,0.2393133044242859
26,5,128,42,0.5748611092567444,0.22621075809001923
26,5,128,43,0.48064902424812317,0.11171766370534897
26,5,128,44,0.6166713237762451,0.062027014791965485
26,5,128,45,0.7103198766708374,0.23177948594093323
26,5,128,46,0.5137047171592712,0.18800048530101776
26,5,128,47,0.36672651767730713,0.04594573378562927
26,5,128,48,0.6515327095985413,0.22700883448123932
26,5,128,49,0.31335195899009705,0.18358279764652252
26,5,128,50,0.7259716987609863,0.13253770768642426
26,5,128,51,0.4890536665916443,0.09072941541671753
26,5,128,52,0.5214296579360962,0.13119617104530334
26,5,128,53,0.6399399638175964,0.15074670314788818
26,5,128,54,0.6055243611335754,0.06973942369222641
26,5,128,55,0.5106199383735657,0.2615910470485687
26,5,128,56,0.705764889717102,0.07999314367771149
26,5,128,57,0.6461835503578186,0.0737156942486763
26,5,128,58,0.6980965733528137,0.24802157282829285
26,5,128,59,0.7923848032951355,0.09691988676786423
26,5,128,60,0.6686858534812927,0.1151818037033081
26,5,128,61,0.6435089111328125,0.07833129912614822
26,5,128,62,0.7307969927787781,0.10452499985694885
26,5,128,63,0.7143551707267761,0.23390759527683258
26,5,128,64,0.35818180441856384,0.18904227018356323
26,5,128,65,0.3449091911315918,0.17970900237560272
26,5,128,66,0.6317447423934937,0.11036186665296555
26,5,128,67,0.686202347278595,0.19674193859100342
26,5,128,68,0.7026600241661072,0.16647471487522125
26,5,128,69,0.4625336229801178,0.05785065516829491
26,5,128,70,0.7121712565422058,0.1269802302122116
26,5,128,71,0.6392409205436707,0.06720399856567383
26,5,128,72,0.3785826563835144,0.15174907445907593
26,5,128,73,0.44968733191490173,0.26931875944137573
26,5,128,74,0.7146468162536621,0.20858079195022583
26,5,128,75,0.5439783930778503,0.08816447108983994
26,5,128,76,0.4292506277561188,0.15743806958198547
26,5,128,77,0.5281789302825928,0.02653171867132187
26,5,128,78,0.526739776134491,0.08648119866847992
26,5,128,79,0.5952700972557068,0.2505491375923157
26,5,128,80,0.6560801863670349,0.08521460741758347
26,5,128,81,0.6556767225265503,0.24101804196834564
26,5,128,82,0.7845310568809509,0.10485240072011948
26,5,128,83,0.6428760886192322,0.27489012479782104
26,5,128,84,0.6870235800743103,0.09700730443000793
26,5,128,85,0.6771174669265747,0.18001778423786163
26,5,128,86,0.35089147090911865,0.07671290636062622
26,5,128,87,0.6547421216964722,0.24603931605815887
26,5,128,88,0.7846840620040894,0.17605678737163544
26,5,128,89,0.7548040747642517,0.18800576031208038
26,5,128,90,0.6334486603736877,0.17768417298793793
26,5,128,91,0.788929283618927,0.09653235226869583
26,5,128,92,0.6754635572433472,0.07901938259601593
26,5,128,93,0.47837457060813904,0.23321330547332764
26,5,128,94,0.6636511087417603,0.1081065908074379
26,5,128,95,0.411567747592926,0.14721693098545074
26,5,128,96,0.4801805019378662,0.11960463970899582
26,5,128,97,0.5991808176040649,0.24878506362438202
26,5,128,98,0.6642383933067322,0.07838401198387146
26,5,128,99,0.6231330633163452,0.2772764563560486
26,5,128,100,0.7659508585929871,0.21249742805957794
26,5,128,101,0.6350768208503723,0.18533244729042053
26,5,128,102,0.7692574262619019,0.14324510097503662
26,5,128,103,0.6240110993385315,0.06734629720449448
26,5,128,104,0.6737356185913086,0.28217995166778564
26,5,128,105,0.5214112997055054,0.06941676139831543
26,5,128,106,0.7067884802818298,0.19208501279354095
26,5,128,107,0.3679226338863373,0.18777814507484436
26,5,128,108,0.7090495824813843,0.19887956976890564
26,5,128,109,0.794745683670044,0.11344680935144424
26,5,128,110,0.6975519061088562,0.2063387632369995
26,5,128,111,0.7481437921524048,0.09633082151412964
26,5,128,112,0.4438554048538208,0.13184085488319397
26,5,128,113,0.4683096706867218,0.08142586797475815
26,5,128,114,0.7508110404014587,0.17224575579166412
26,5,128,115,0.6318260431289673,0.23084421455860138
26,5,128,116,0.6156064867973328,0.23357167840003967
26,5,128,117,0.6241621375083923,0.21390724182128906
26,5,128,118,0.5159629583358765,0.06759391725063324
26,5,128,119,0.696438193321228,0.25565722584724426
26,5,128,120,0.6829327940940857,0.08224653452634811
26,5,128,121,0.4597321152687073,0.05473339930176735
26,5,128,122,0.31404539942741394,0.15403638780117035
26,5,128,123,0.7492675185203552,0.12138649076223373
26,5,128,124,0.774573564529419,0.10887109488248825
26,5,128,125,0.6839717030525208,0.2801302969455719
26,5,128,126,0.6970149874687195,0.21561795473098755
26,5,128,127,0.6332282423973083,0.29953733086586
27,0,32,0,0.5066586136817932,0.08842785656452179
27,0,32,1,0.39000630378723145,0.03831052407622337
27,0,32,2,0.5488575100898743,0.05139993131160736
27,0,32,3,0.5327139496803284,0.08948013186454773
27,0,32,4,0.6170901656150818,0.04869284853339195
27,0,32,5,0.539900541305542,0.041070956736803055
27,0,32,6,0.3466615676879883,0.0952645018696785
27,0,32,7,0.4084036350250244,0.08978711068630219
27,0,32,8,0.40125519037246704,0.12861819565296173
27,0,32,9,0.47476327419281006,0.08188683539628983
27,0,32,10,0.4528273940086365,0.060927338898181915
27,0,32,11,0.5367522239685059,0.048950035125017166
27,0,32,12,0.3749917447566986,0.14340297877788544
27,0,32,13,0.6678774356842041,0.07384725660085678
27,0,32,14,0.42047128081321716,0.045247551053762436
27,0,32,15,0.46920812129974365,0.13007234036922455
27,0,32,16,0.379896879196167,0.06211335211992264
27,0,32,17,0.6434329152107239,0.11616676300764084
27,0,32,18,0.5078508257865906,0.0898716077208519
27,0,32,19,0.5432372093200684,0.09153329581022263
27,0,32,20,0.37341541051864624,0.13710571825504303
27,0,32,21,0.5339934825897217,0.09433010965585709
27,0,32,22,0.48413023352622986,0.14425766468048096
27,0,32,23,0.3001338541507721,0.12764035165309906
27,0,32,24,0.5384652614593506,0.05051661655306816
27,0,32,25,0.4163781404495239,0.06901371479034424
27,0,32,26,0.5715563297271729,0.08408074826002121
27,0,32,27,0.3714396357536316,0.12705230712890625
27,0,32,28,0.5004374384880066,0.11294025927782059
27,0,32,29,0.5197116136550903,0.09972821176052094
27,0,32,30,0.6466038227081299,0.08647679537534714
27,0,32,31,0.35885781049728394,0.07223034650087357
27,1,32,0,0.48974665999412537,0.05767151340842247
27,1,32,1,0.5093269348144531,0.1305825263261795
27,1,32,2,0.453920841217041,0.1399664729833603
27,1,32,3,0.40434718132019043,0.09108985215425491
27,1,32,4,0.3684294819831848,0.08849149197340012
27,1,32,5,0.4750402271747589,0.024880152195692062
27,1,32,6,0.624584972858429,0.21767660975456238
27,1,32,7,0.6208176016807556,0.21310830116271973
27,1,32,8,0.6326462626457214,0.07362886518239975
27,1,32,9,0.677978515625,0.05107159540057182
27,1,32,10,0.24041280150413513,0.0788329690694809
27,1,32,11,0.6648431420326233,0.21343034505844116
27,1,32,12,0.7680157423019409,0.16634443402290344
27,1,32,13,0.5032568573951721,0.06332799792289734
27,1,32,14,0.29386788606643677,0.22031211853027344
27,1,32,15,0.6818476319313049,0.17740559577941895
27,1,32,16,0.32045984268188477,0.14963532984256744
27,1,32,17,0.5682225227355957,0.15677869319915771
27,1,32,18,0.5548084378242493,0.12897247076034546
27,1,32,19,0.6548770666122437,0.21091392636299133
27,1,32,20,0.3598671555519104,0.08129935711622238
27,1,32,21,0.5383298397064209,0.20055024325847626
27,1,32,22,0.6777665615081787,0.16268505156040192
27,1,32,23,0.577242910861969,0.10901389271020889
27,1,32,24,0.4807339608669281,0.14525701105594635
27,1,32,25,0.5082998275756836,0.1085207462310791
27,1,32,26,0.47722843289375305,0.11186792701482773
27,1,32,27,0.7540984153747559,0.1914951056241989
27,1,32,28,0.3634054362773895,0.055481866002082825
27,1,32,29,0.5179709792137146,0.04808377847075462
27,1,32,30,0.5272082090377808,0.1311178207397461
27,1,32,31,0.40746912360191345,0.15517516434192657
27,2,64,0,0.46315324306488037,0.14384318888187408
27,2,64,1,0.5804687142372131,0.046595726162195206
27,2,64,2,0.6316136717796326,0.12416020035743713
27,2,64,3,0.36352410912513733,0.12419059872627258
27,2,64,4,0.5887787938117981,0.1212356686592102
27,2,64,5,0.5253278613090515,0.14840184152126312
27,2,64,6,0.5743743181228638,0.13142216205596924
27,2,64,7,0.5587846636772156,0.20774704217910767
27,2,64,8,0.37307894229888916,0.1646965742111206
27,2,64,9,0.4344569444656372,0.19698627293109894
27,2,64,10,0.40405336022377014,0.07588506489992142
27,2,64,11,0.4932568371295929,0.2183925062417984
27,2,64,12,0.5628488659858704,0.14744965732097626
27,2,64,13,0.47882238030433655,0.11848834902048111
27,2,64,14,0.4036525785923004,0.147971972823143
27,2,64,15,0.4999958276748657,0.22703753411769867
27,2,64,16,0.468833863735199,0.11024118959903717
27,2,64,17,0.37706324458122253,0.14544832706451416
27,2,64,18,0.35861384868621826,0.07815486192703247
27,2,64,19,0.5864294767379761,0.10516881942749023
27,2,64,20,0.6773664951324463,0.3214668929576874
27,2,64,21,0.4752819836139679,0.13798023760318756
27,2,64,22,0.5274888277053833,0.11941146850585938
27,2,64,23,0.5144180655479431,0.1777961105108261
27,2,64,24,0.4762513339519501,0.16433705389499664
27,2,64,25,0.5157615542411804,0.13439157605171204
27,2,64,26,0.6925703883171082,0.12495480477809906
27,2,64,27,0.5420828461647034,0.16773249208927155
27,2,64,28,0.4425757825374603,0.10602900385856628
27,2,64,29,0.5524067878723145,0.11022969335317612
27,2,64,30,0.4292662441730499,0.1829780489206314
27,2,64,31,0.5237482190132141,0.07344422489404678
27,2,64,32,0.31256359815597534,0.06294724345207214
27,2,64,33,0.706130862236023,0.22854547202587128
27,2,64,34,0.4127621054649353,0.09976444393396378
27,2,64,35,0.5339813828468323,0.06454593688249588
27,2,64,36,0.6968012452125549,0.0862969160079956
27,2,64,37,0.5488630533218384,0.22372934222221375
27,2,64,38,0.543688952922821,0.11207830160856247
27,2,64,39,0.5971933603286743,0.2824161946773529
27,2,64,40,0.5172128081321716,0.1615728735923767
27,2,64,41,0.618732213973999,0.13327626883983612
27,2,64,42,0.6094143390655518,0.22178024053573608
27,2,64,43,0.3901057541370392,0.23620358109474182
27,2,64,44,0.4991148114204407,0.11247391998767853
27,2,64,45,0.5785466432571411,0.1982964277267456
27,2,64,46,0.629146158695221,0.3237689137458801
27,2,64,47,0.505886971950531,0.0709620863199234
27,2,64,48,0.7258723378181458,0.08104652166366577
27,2,64,49,0.38196006417274475,0.1370651125907898
27,2,64,50,0.3754143714904785,0.19315077364444733
27,2,64,51,0.442353755235672,0.1208709254860878
27,2,64,52,0.4248206615447998,0.15063993632793427
27,2,64,53,0.5717452168464661,0.18484772741794586
27,2,64,54,0.35075199604034424,0.16376011073589325
27,2,64,55,0.501083493232727,0.20242087543010712
27,2,64,56,0.5129109621047974,0.1343863159418106
27,2,64,57,0.577528715133667,0.17536041140556335
27,2,64,58,0.4247443675994873,0.13528332114219666
27,2,64,59,0.5852459669113159,0.174723282456398
27,2,64,60,0.6607952117919922,0.08910688012838364
27,2,64,61,0.45240864157676697,0.20577797293663025
27,2,64,62,0.5512303113937378,0.0890069380402565
27,2,64,63,0.48919573426246643,0.1636878103017807
27,3,64,0,0.4566112160682678,0.19863653182983398
27,3,64,1,0.5413856506347656,0.0910572037100792
27,3,64,2,0.4997023344039917,0.07949662953615189
27,3,64,3,0.6639078855514526,0.18026913702487946
27,3,64,4,0.4492621123790741,0.20162634551525116
27,3,64,5,0.6059781908988953,0.04277331754565239
27,3,64,6,0.5620146989822388,0.15698140859603882
27,3,64,7,0.39227330684661865,0.19736623764038086
27,3,64,8,0.4729417562484741,0.14353801310062408
27,3,64,9,0.46359187364578247,0.08304666727781296
27,3,64,10,0.5941756367683411,0.10935283452272415
27,3,64,11,0.35649609565734863,0.19561749696731567
27,3,64,12,0.5526530146598816,0.13674421608448029
27,3,64,13,0.5974434018135071,0.11860357969999313
27,3,64,14,0.40145179629325867,0.19314159452915192
27,3,64,15,0.568333625793457,0.16288794577121735
27,3,64,16,0.5729203820228577,0.14248567819595337
27,3,64,17,0.6580140590667725,0.07127752900123596
27,3,64,18,0.4922518730163574,0.1424083709716797
27,3,64,19,0.5380820035934448,0.22256027162075043
27,3,64,20,0.6409748792648315,0.21025124192237854
27,3,64,21,0.5449752807617188,0.17573802173137665
27,3,64,22,0.5083680152893066,0.19992370903491974
27,3,64,23,0.3277221918106079,0.09262116253376007
27,3,64,24,0.7005161643028259,0.08829240500926971
27,3,64,25,0.4650455117225647,0.12226074934005737
27,3,64,26,0.46816617250442505,0.18510982394218445
27,3,64,27,0.5304325222969055,0.2151624858379364
27,3,64,28,0.483774334192276,0.09592603892087936
27,3,64,29,0.5498257875442505,0.07323143631219864
27,3,64,30,0.455795019865036,0.1251101791858673
27,3,64,31,0.6002363562583923,0.19168688356876373
27,3,64,32,0.6116350293159485,0.10877067595720291
27,3,64,33,0.35075411200523376,0.12396233528852463
27,3,64,34,0.42535924911499023,0.10470268875360489
27,3,64,35,0.4434141516685486,0.15837451815605164
27,3,64,36,0.530929684638977,0.11614544689655304
27,3,64,37,0.5270524621009827,0.22138144075870514
27,3,64,38,0.414346307516098,0.051068127155303955
27,3,64,39,0.5854790806770325,0.10352952778339386
27,3,64,40,0.46416014432907104,0.07762143015861511
27,3,64,41,0.5152707695960999,0.24485282599925995
27,3,64,42,0.5610960721969604,0.12336865067481995
27,3,64,43,0.5316781997680664,0.05877269431948662
27,3,64,44,0.5721668601036072,0.0995623841881752
27,3,64,45,0.6800432205200195,0.15393011271953583
27,3,64,46,0.45310309529304504,0.18126776814460754
27,3,64,47,0.5455402135848999,0.06838639080524445
27,3,64,48,0.4914593994617462,0.15866880118846893
27,3,64,49,0.40888428688049316,0.17839336395263672
27,3,64,50,0.3855767548084259,0.12775684893131256
27,3,64,51,0.5263622403144836,0.057936377823352814
27,3,64,52,0.5534917116165161,0.1844482570886612
27,3,64,53,0.6372746825218201,0.09479980170726776
27,3,64,54,0.5146999955177307,0.09260022640228271
27,3,64,55,0.6451834440231323,0.09437043964862823
27,3,64,56,0.5284637808799744,0.09739852696657181
27,3,64,57,0.36402469873428345,0.06725236773490906
27,3,64,58,0.5322921872138977,0.21183468401432037
27,3,64,59,0.5202773809432983,0.15448948740959167
27,3,64,60,0.6186090111732483,0.09261514991521835
27,3,64,61,0.4939030706882477,0.1142830178141594
27,3,64,62,0.5528197884559631,0.10173088312149048
27,3,64,63,0.4637163281440735,0.11660431325435638
27,4,128,0,0.5854673981666565,0.3309983015060425
27,4,128,1,0.6583335995674133,0.233806774020195
27,4,128,2,0.674610435962677,0.12313150614500046
27,4,128,3,0.6143439412117004,0.1897711157798767
27,4,128,4,0.659650981426239,0.30961355566978455
27,4,128,5,0.3578989803791046,0.30892568826675415
27,4,128,6,0.3800964057445526,0.3091311752796173
27,4,128,7,0.707469642162323,0.10789474099874496
27,4,128,8,0.834505021572113,0.08827884495258331
27,4,128,9,0.5712411999702454,0.14291268587112427
27,4,128,10,0.3228888213634491,0.21784467995166779
27,4,128,11,0.7151951193809509,0.1304573118686676
27,4,128,12,0.5459758043289185,0.09008961170911789
27,4,128,13,0.7306363582611084,0.16057290136814117
27,4,128,14,0.6388383507728577,0.2708733081817627
27,4,128,15,0.5054470896720886,0.08715428411960602
27,4,128,16,0.6773726344108582,0.11152251809835434
27,4,128,17,0.26065611839294434,0.07511414587497711
27,4,128,18,0.5423279404640198,0.10040649771690369
27,4,128,19,0.44415900111198425,0.3259281516075134
27,4,128,20,0.6817692518234253,0.22465574741363525
27,4,128,21,0.6785113215446472,0.282018780708313
27,4,128,22,0.6423001885414124,0.35330769419670105
27,4,128,23,0.5713239312171936,0.15385866165161133
27,4,128,24,0.7405052781105042,0.2742528021335602
27,4,128,25,0.724677562713623,0.1563841551542282
27,4,128,26,0.565690279006958,0.13884411752223969
27,4,128,27,0.6147191524505615,0.2146209478378296
27,4,128,28,0.42023220658302307,0.12387684732675552
27,4,128,29,0.5443741679191589,0.3428700268268585
27,4,128,30,0.5302280783653259,0.14875544607639313
27,4,128,31,0.5213266611099243,0.2851909101009369
27,4,128,32,0.6866897344589233,0.15709851682186127
27,4,128,33,0.4186578094959259,0.299194872379303
27,4,128,34,0.5399759411811829,0.17382846772670746
27,4,128,35,0.5926361680030823,0.16995377838611603
27,4,128,36,0.7399464249610901,0.1065734252333641
27,4,128,37,0.731113076210022,0.19460844993591309
27,4,128,38,0.5809139609336853,0.11106467992067337
27,4,128,39,0.32640618085861206,0.30513888597488403
27,4,128,40,0.5944775938987732,0.2129325270652771
27,4,128,41,0.7553350329399109,0.11709519475698471
27,4,128,42,0.3503546714782715,0.28826698660850525
27,4,128,43,0.617821216583252,0.055277712643146515
27,4,128,44,0.6185957193374634,0.05180807784199715
27,4,128,45,0.7972694635391235,0.09794269502162933
27,4,128,46,0.32197248935699463,0.11957299709320068
27,4,128,47,0.5100757479667664,0.23551934957504272
27,4,128,48,0.6247514486312866,0.2119131088256836
27,4,128,49,0.7745466232299805,0.10664545744657516
27,4,128,50,0.7576136589050293,0.1416466385126114
27,4,128,51,0.5853050351142883,0.07323918491601944
27,4,128,52,0.667634904384613,0.13831022381782532
27,4,128,53,0.6234785318374634,0.10280226916074753
27,4,128,54,0.7061284780502319,0.11426186561584473
27,4,128,55,0.6199578642845154,0.09918315708637238
27,4,128,56,0.695585310459137,0.21264700591564178
27,4,128,57,0.6481457948684692,0.17773748934268951
27,4,128,58,0.8212342858314514,0.06958140432834625
27,4,128,59,0.8203962445259094,0.07957910746335983
27,4,128,60,0.6277152895927429,0.17783121764659882
27,4,128,61,0.38534313440322876,0.12711159884929657
27,4,128,62,0.2781597077846527,0.22978700697422028
27,4,128,63,0.47867774963378906,0.053161416202783585
27,4,128,64,0.7453335523605347,0.08640788495540619
27,4,128,65,0.7174423933029175,0.0547773651778698
27,4,128,66,0.4028397798538208,0.1983296424150467
27,4,128,67,0.7831757664680481,0.10787425190210342
27,4,128,68,0.6003099083900452,0.3730337917804718
27,4,128,69,0.8181266784667969,0.1006973460316658
27,4,128,70,0.6420872211456299,0.2675153613090515
27,4,128,71,0.6669149994850159,0.11234201490879059
27,4,128,72,0.4257228672504425,0.30178701877593994
27,4,128,73,0.32980865240097046,0.14135019481182098
27,4,128,74,0.2659359574317932,0.10624495148658752
27,4,128,75,0.6584340333938599,0.33438965678215027
27,4,128,76,0.7874034643173218,0.08842133730649948
27,4,128,77,0.6166778206825256,0.24904875457286835
27,4,128,78,0.7239225506782532,0.06640082597732544
27,4,128,79,0.6069868206977844,0.3571748733520508
27,4,128,80,0.5863785743713379,0.1888323277235031
27,4,128,81,0.7292524576187134,0.05090154707431793
27,4,128,82,0.7015199065208435,0.1718882918357849
27,4,128,83,0.5083473920822144,0.13195590674877167
27,4,128,84,0.24115489423274994,0.20378826558589935
27,4,128,85,0.37684595584869385,0.3880329728126526
27,4,128,86,0.7436766028404236,0.0987764224410057
27,4,128,87,0.6658700704574585,0.060522131621837616
27,4,128,88,0.47455546259880066,0.14975425601005554
27,4,128,89,0.4560032784938812,0.12493131309747696
27,4,128,90,0.5907617211341858,0.1694243848323822
27,4,128,91,0.2949356138706207,0.11505182087421417
27,4,128,92,0.54366135597229,0.12228934466838837
27,4,128,93,0.7441132068634033,0.26589396595954895
27,4,128,94,0.6128498911857605,0.2190941423177719
27,4,128,95,0.3872244358062744,0.3399142622947693
27,4,128,96,0.5939380526542664,0.06881649047136307
27,4,128,97,0.3915101885795593,0.32618311047554016
27,4,128,98,0.7284899353981018,0.10117152333259583
27,4,128,99,0.4621136486530304,0.29130253195762634
27,4,128,100,0.3854181170463562,0.29063692688941956
27,4,128,101,0.749401867389679,0.09345510601997375
27,4,128,102,0.664580225944519,0.07849762588739395
27,4,128,103,0.6009569764137268,0.30467748641967773
27,4,128,104,0.6982510685920715,0.2527686655521393
27,4,128,105,0.4887668490409851,0.22713209688663483
27,4,128,106,0.39019981026649475,0.22066204249858856
27,4,128,107,0.35028594732284546,0.30475813150405884
27,4,128,108,0.40734347701072693,0.3055882155895233
27,4,128,109,0.20020757615566254,0.09166456013917923
27,4,128,110,0.6542099714279175,0.15809473395347595
27,4,128,111,0.6367212533950806,0.2944132685661316
27,4,128,112,0.7138670086860657,0.19461047649383545
27,4,128,113,0.5395905375480652,0.10971555858850479
27,4,128,114,0.6530585289001465,0.2644203007221222
27,4,128,115,0.63247150182724,0.18910686671733856
27,4,128,116,0.6465821862220764,0.20193365216255188
27,4,128,117,0.681037425994873,0.3152417838573456
27,4,128,118,0.619094967842102,0.10466768592596054
27,4,128,119,0.39449676871299744,0.2411736398935318
27,4,128,120,0.6556130051612854,0.3331933319568634
27,4,128,121,0.4995061755180359,0.16646526753902435
27,4,128,122,0.48096737265586853,0.30070459842681885
27,4,128,123,0.41550877690315247,0.31534048914909363
27,4,128,124,0.620121419429779,0.2459060698747635
27,4,128,125,0.5080003142356873,0.1842801421880722
27,4,128,126,0.6373379230499268,0.2769731283187866
27,4,128,127,0.8025168180465698,0.10193776339292526
27,5,128,0,0.38638657331466675,0.1773446798324585
27,5,128,1,0.7163593173027039,0.3062779903411865
27,5,128,2,0.8823708295822144,0.0778423324227333
27,5,128,3,0.8548592925071716,0.09499341994524002
27,5,128,4,0.8746116161346436,0.11275959014892578
27,5,128,5,0.8344039916992188,0.10324525088071823
27,5,128,6,0.7858370542526245,0.2069157063961029
27,5,128,7,0.7489281296730042,0.08529463410377502
27,5,128,8,0.7881158590316772,0.16494731605052948
27,5,128,9,0.8632124066352844,0.1059877946972847
27,5,128,10,0.558561384677887,0.1638326346874237
27,5,128,11,0.8380010724067688,0.10090681910514832
27,5,128,12,0.8199470043182373,0.07304265350103378
27,5,128,13,0.7282343506813049,0.23933954536914825
27,5,128,14,0.7167519330978394,0.2767159342765808
27,5,128,15,0.7906538248062134,0.10475080460309982
27,5,128,16,0.7440816760063171,0.06468403339385986
27,5,128,17,0.8037440180778503,0.15130826830863953
27,5,128,18,0.698560357093811,0.305300772190094
27,5,128,19,0.43926939368247986,0.2046157866716385
27,5,128,20,0.7919573783874512,0.09249056130647659
27,5,128,21,0.6826724410057068,0.3359619081020355
27,5,128,22,0.7951173186302185,0.10537616908550262
27,5,128,23,0.4509217441082001,0.20468458533287048
27,5,128,24,0.4393098056316376,0.2757548689842224
27,5,128,25,0.35441550612449646,0.1718318611383438
27,5,128,26,0.5767300724983215,0.1102607399225235
27,5,128,27,0.5515395998954773,0.14473892748355865
27,5,128,28,0.7371438145637512,0.22777438163757324
27,5,128,29,0.2815271317958832,0.2515401542186737
27,5,128,30,0.7756423950195312,0.12210074812173843
27,5,128,31,0.8844884037971497,0.08106096088886261
27,5,128,32,0.8704997301101685,0.09262216091156006
27,5,128,33,0.6318955421447754,0.20073704421520233
27,5,128,34,0.7922084331512451,0.16286036372184753
27,5,128,35,0.6831539869308472,0.11737295240163803
27,5,128,36,0.8376614451408386,0.08462229371070862
27,5,128,37,0.7260730862617493,0.11360950767993927
27,5,128,38,0.47703513503074646,0.15050865709781647
27,5,128,39,0.7365579009056091,0.1890050619840622
27,5,128,40,0.725570797920227,0.26881805062294006
27,5,128,41,0.8212754130363464,0.13505685329437256
27,5,128,42,0.6519164443016052,0.27489185333251953
27,5,128,43,0.5919552445411682,0.11658036708831787
27,5,128,44,0.6096477508544922,0.19480052590370178
27,5,128,45,0.7648718357086182,0.09571946412324905
27,5,128,46,0.394822895526886,0.24305005371570587
27,5,128,47,0.7116361260414124,0.2867763340473175
27,5,128,48,0.835113525390625,0.09640638530254364
27,5,128,49,0.734100341796875,0.19278599321842194
27,5,128,50,0.797482430934906,0.13896819949150085
27,5,128,51,0.5155355334281921,0.2138247936964035
27,5,128,52,0.29202449321746826,0.13863037526607513
27,5,128,53,0.6665113568305969,0.2108370065689087
27,5,128,54,0.7917171716690063,0.20572476089000702
27,5,128,55,0.6729317903518677,0.29084092378616333
27,5,128,56,0.8167172074317932,0.13762138783931732
27,5,128,57,0.8118657469749451,0.18198513984680176
27,5,128,58,0.8170186281204224,0.11544089019298553
27,5,128,59,0.6389813423156738,0.11280368268489838
27,5,128,60,0.7305700778961182,0.28134146332740784
27,5,128,61,0.751293420791626,0.21837663650512695
27,5,128,62,0.7647678852081299,0.20367813110351562
27,5,128,63,0.8817947506904602,0.07625370472669601
27,5,128,64,0.8407559990882874,0.10344244539737701
27,5,128,65,0.8152537941932678,0.07018297165632248
27,5,128,66,0.7410658001899719,0.22913819551467896
27,5,128,67,0.8317440748214722,0.08941280841827393
27,5,128,68,0.7940704822540283,0.19694027304649353
27,5,128,69,0.8489466309547424,0.11458250880241394
27,5,128,70,0.7462230324745178,0.2346893548965454
27,5,128,71,0.5949487090110779,0.12328363955020905
27,5,128,72,0.36311468482017517,0.3207162320613861
27,5,128,73,0.4623379111289978,0.19470345973968506
27,5,128,74,0.7193771600723267,0.20181328058242798
27,5,128,75,0.3692176342010498,0.3131448030471802
27,5,128,76,0.8342130184173584,0.08601006120443344
27,5,128,77,0.7706173658370972,0.2267570048570633
27,5,128,78,0.782681405544281,0.2620244324207306
27,5,128,79,0.3506549298763275,0.29140374064445496
27,5,128,80,0.6293166279792786,0.10751290619373322
27,5,128,81,0.7221110463142395,0.07693836092948914
27,5,128,82,0.8625096678733826,0.08373281359672546
27,5,128,83,0.7090238928794861,0.22888869047164917
27,5,128,84,0.6903771162033081,0.14579913020133972
27,5,128,85,0.7395644187927246,0.16521897912025452
27,5,128,86,0.5779456496238708,0.08163953572511673
27,5,128,87,0.8927369713783264,0.08392460644245148
27,5,128,88,0.8469667434692383,0.14412134885787964
27,5,128,89,0.6992195248603821,0.2994048595428467
27,5,128,90,0.44454315304756165,0.2951442301273346
27,5,128,91,0.7075098156929016,0.25952523946762085
27,5,128,92,0.5843705534934998,0.08902725577354431
27,5,128,93,0.8458373546600342,0.14605459570884705
27,5,128,94,0.37186646461486816,0.3125474154949188
27,5,128,95,0.7173750996589661,0.2662625014781952
27,5,128,96,0.7543811798095703,0.20304544270038605
27,5,128,97,0.8521638512611389,0.08549579977989197
27,5,128,98,0.7131312489509583,0.15308299660682678
27,5,128,99,0.7864062190055847,0.12416236847639084
27,5,128,100,0.8156935572624207,0.12808747589588165
27,5,128,101,0.6481706500053406,0.14535725116729736
27,5,128,102,0.649002730846405,0.11744197458028793
27,5,128,103,0.662672758102417,0.2610214352607727
27,5,128,104,0.38696447014808655,0.34968528151512146
27,5,128,105,0.3175744116306305,0.2645011842250824
27,5,128,106,0.6434913873672485,0.1272057443857193
27,5,128,107,0.6852446794509888,0.25934815406799316
27,5,128,108,0.6784781813621521,0.3079706132411957
27,5,128,109,0.7185942530632019,0.1373291313648224
27,5,128,110,0.4327130615711212,0.1712414026260376
27,5,128,111,0.5850284099578857,0.06454803794622421
27,5,128,112,0.7581481337547302,0.16987210512161255
27,5,128,113,0.36864492297172546,0.2788413166999817
27,5,128,114,0.758236825466156,0.2517920732498169
27,5,128,115,0.7877203226089478,0.07006557285785675
27,5,128,116,0.8352442979812622,0.13711847364902496
27,5,128,117,0.8779473900794983,0.10929559171199799
27,5,128,118,0.8111885190010071,0.10059680044651031
27,5,128,119,0.791926383972168,0.1461741179227829
27,5,128,120,0.8942501544952393,0.08014340698719025
27,5,128,121,0.7346038222312927,0.2922665774822235
27,5,128,122,0.7085179090499878,0.1034708172082901
27,5,128,123,0.6223475337028503,0.053938381373882294
27,5,128,124,0.8365820646286011,0.09791373461484909
27,5,128,125,0.658143937587738,0.2714347243309021
27,5,128,126,0.7978172898292542,0.0860552042722702
27,5,128,127,0.5764894485473633,0.1400848776102066
28,0,32,0,0.2944019138813019,0.10815969854593277
28,0,32,1,0.595611572265625,0.11629233509302139
28,0,32,2,0.5058480501174927,0.1082036942243576
28,0,32,3,0.5675086379051208,0.08148161321878433
28,0,32,4,0.5629792809486389,0.0653710663318634
28,0,32,5,0.3837835192680359,0.15688775479793549
28,0,32,6,0.6271314024925232,0.08124450594186783
28,0,32,7,0.5771013498306274,0.05784560739994049
28,0,32,8,0.6086220741271973,0.1331741362810135
28,0,32,9,0.4492761194705963,0.07185210287570953
28,0,32,10,0.5153249502182007,0.14745718240737915
28,0,32,11,0.46334677934646606,0.11174947768449783
28,0,32,12,0.4696875512599945,0.15477164089679718
28,0,32,13,0.4442938566207886,0.1054878756403923
28,0,32,14,0.3954874575138092,0.06372960656881332
28,0,32,15,0.27268970012664795,0.11703480035066605
28,0,32,16,0.3234701454639435,0.13230682909488678
28,0,32,17,0.4132634997367859,0.09635990113019943
28,0,32,18,0.4377339482307434,0.12893244624137878
28,0,32,19,0.47405117750167847,0.15041998028755188
28,0,32,20,0.52037113904953,0.07161345332860947
28,0,32,21,0.37222057580947876,0.1225813627243042
28,0,32,22,0.6619298458099365,0.08524368703365326
28,0,32,23,0.4805189371109009,0.0845632329583168
28,0,32,24,0.5572133660316467,0.07373737543821335
28,0,32,25,0.46022072434425354,0.1082797572016716
28,0,32,26,0.49171486496925354,0.07455984503030777
28,0,32,27,0.4830915033817291,0.14115749299526215
28,0,32,28,0.487283855676651,0.11084454506635666
28,0,32,29,0.48939967155456543,0.16417473554611206
28,0,32,30,0.5910251140594482,0.13864979147911072
28,0,32,31,0.445766806602478,0.082145556807518
28,1,32,0,0.4876852035522461,0.12033149600028992
28,1,32,1,0.324523001909256,0.033095262944698334
28,1,32,2,0.6192174553871155,0.13579827547073364
28,1,32,3,0.5011343955993652,0.05937466397881508
28,1,32,4,0.6280955076217651,0.08745261281728745
28,1,32,5,0.6170604825019836,0.04563898593187332
28,1,32,6,0.5379467606544495,0.04938551411032677
28,1,32,7,0.4025101065635681,0.09429361671209335
28,1,32,8,0.4463900625705719,0.06221459433436394
28,1,32,9,0.362314373254776,0.10016917437314987
28,1,32,10,0.5713632702827454,0.0684613436460495
28,1,32,11,0.5023807883262634,0.06030752882361412
28,1,32,12,0.3519817888736725,0.066739022731781
28,1,32,13,0.5513982772827148,0.09452597796916962
28,1,32,14,0.5355908274650574,0.16442571580410004
28,1,32,15,0.4916306436061859,0.12317869812250137
28,1,32,16,0.5662329196929932,0.15537779033184052
28,1,32,17,0.49896568059921265,0.1472884565591812
28,1,32,18,0.5798608660697937,0.03635584935545921
28,1,32,19,0.5283505320549011,0.10785973817110062
28,1,32,20,0.6595566868782043,0.096282958984375
28,1,32,21,0.5200468897819519,0.10425091534852982
28,1,32,22,0.524445116519928,0.06571753323078156
28,1,32,23,0.5449346303939819,0.1254880279302597
28,1,32,24,0.5352445840835571,0.05870944634079933
28,1,32,25,0.33849066495895386,0.09872172027826309
28,1,32,26,0.47588473558425903,0.14392487704753876
28,1,32,27,0.5477680563926697,0.061002813279628754
28,1,32,28,0.5079890489578247,0.06679809838533401
28,1,32,29,0.48655712604522705,0.10565607994794846
28,1,32,30,0.39388489723205566,0.07445111125707626
28,1,32,31,0.6970645785331726,0.10677321255207062
28,2,64,0,0.4858401417732239,0.2349163442850113
28,2,64,1,0.7403159141540527,0.1563526839017868
28,2,64,2,0.5797694325447083,0.20899243652820587
28,2,64,3,0.5062738656997681,0.14780201017856598
28,2,64,4,0.4084033966064453,0.10551400482654572
28,2,64,5,0.6164054870605469,0.04783010482788086
28,2,64,6,0.5881465077400208,0.1451907604932785
28,2,64,7,0.6786134839057922,0.08053521066904068
28,2,64,8,0.4625754654407501,0.1822221279144287
28,2,64,9,0.6312276124954224,0.2941919267177582
28,2,64,10,0.4059230387210846,0.12598706781864166
28,2,64,11,0.4844076633453369,0.11704007536172867
28,2,64,12,0.5113511085510254,0.2321513146162033
28,2,64,13,0.5560144186019897,0.2007180154323578
28,2,64,14,0.43159571290016174,0.1482246220111847
28,2,64,15,0.4316139817237854,0.09639712423086166
28,2,64,16,0.539460301399231,0.1269969344139099
28,2,64,17,0.5740240216255188,0.14845214784145355
28,2,64,18,0.5614572763442993,0.03665772080421448
28,2,64,19,0.37400099635124207,0.21943941712379456
28,2,64,20,0.5570648312568665,0.14072991907596588
28,2,64,21,0.5672217011451721,0.11639819294214249
28,2,64,22,0.768769383430481,0.07642518728971481
28,2,64,23,0.6417081952095032,0.1527741402387619
28,2,64,24,0.32667720317840576,0.12236617505550385
28,2,64,25,0.4215209484100342,0.18197013437747955
28,2,64,26,0.4327477514743805,0.14723318815231323
28,2,64,27,0.5154227614402771,0.12376909703016281
28,2,64,28,0.4538674056529999,0.20774346590042114
28,2,64,29,0.5634328722953796,0.15906120836734772
28,2,64,30,0.5877777338027954,0.2133786529302597
28,2,64,31,0.5426052212715149,0.09416462481021881
28,2,64,32,0.3901621401309967,0.1470571607351303
28,2,64,33,0.41817933320999146,0.049025435000658035
28,2,64,34,0.3854667544364929,0.16457979381084442
28,2,64,35,0.6495987176895142,0.12787339091300964
28,2,64,36,0.5128647089004517,0.19985151290893555
28,2,64,37,0.45297589898109436,0.11418329924345016
28,2,64,38,0.4615993797779083,0.12880954146385193
28,2,64,39,0.6374220848083496,0.08470343798398972
28,2,64,40,0.4577801525592804,0.14612838625907898
28,2,64,41,0.544215977191925,0.06703801453113556
28,2,64,42,0.43238672614097595,0.08658955991268158
28,2,64,43,0.5618590116500854,0.11481228470802307
28,2,64,44,0.4930148422718048,0.20452627539634705
28,2,64,45,0.27989089488983154,0.07487601786851883
28,2,64,46,0.6117384433746338,0.14520786702632904
28,2,64,47,0.5507767796516418,0.3626645505428314
28,2,64,48,0.5271238684654236,0.10458734631538391
28,2,64,49,0.5598824620246887,0.10825366526842117
28,2,64,50,0.4268241226673126,0.1182284951210022
28,2,64,51,0.6532359719276428,0.0713837593793869
28,2,64,52,0.40057069063186646,0.09184133261442184
28,2,64,53,0.4046754539012909,0.1883089691400528
28,2,64,54,0.3697928786277771,0.10609318315982819
28,2,64,55,0.4034687578678131,0.16578972339630127
28,2,64,56,0.4640030860900879,0.3388088643550873
28,2,64,57,0.6916682720184326,0.15980902314186096
28,2,64,58,0.4969562590122223,0.18031476438045502
28,2,64,59,0.3914409875869751,0.23236407339572906
28,2,64,60,0.515620231628418,0.0771293118596077
28,2,64,61,0.3559158742427826,0.09175144881010056
28,2,64,62,0.6016613841056824,0.14647400379180908
28,2,64,63,0.5094969868659973,0.11952994018793106
28,3,64,0,0.43703293800354004,0.05505599081516266
28,3,64,1,0.44086116552352905,0.32363566756248474
28,3,64,2,0.47711673378944397,0.16593018174171448
28,3,64,3,0.49636220932006836,0.22018897533416748
28,3,64,4,0.6113874912261963,0.12063343077898026
28,3,64,5,0.541954517364502,0.14990931749343872
28,3,64,6,0.45264846086502075,0.15199336409568787
28,3,64,7,0.5590918064117432,0.19093841314315796
28,3,64,8,0.4605053663253784,0.17996230721473694
28,3,64,9,0.4192748963832855,0.17585276067256927
28,3,64,10,0.4442864954471588,0.12105580419301987
28,3,64,11,0.616817831993103,0.09845548123121262
28,3,64,12,0.4727018475532532,0.08816459029912949
28,3,64,13,0.48136815428733826,0.18796418607234955
28,3,64,14,0.4616711437702179,0.16095983982086182
28,3,64,15,0.5014553666114807,0.14750804007053375
28,3,64,16,0.4418174624443054,0.1437082439661026
28,3,64,17,0.6015530824661255,0.0867316871881485
28,3,64,18,0.4825773537158966,0.16251137852668762
28,3,64,19,0.5182679295539856,0.16294021904468536
28,3,64,20,0.4160727262496948,0.12888243794441223
28,3,64,21,0.48604387044906616,0.09006565064191818
28,3,64,22,0.5399476885795593,0.14646492898464203
28,3,64,23,0.38125836849212646,0.12398958206176758
28,3,64,24,0.46385708451271057,0.27857908606529236
28,3,64,25,0.3820725679397583,0.1792830377817154
28,3,64,26,0.5045000314712524,0.052790239453315735
28,3,64,27,0.3277033865451813,0.13932301104068756
28,3,64,28,0.5646680593490601,0.13305652141571045
28,3,64,29,0.5384622812271118,0.1851935237646103
28,3,64,30,0.4164840281009674,0.0689762532711029
28,3,64,31,0.3548133671283722,0.09632311016321182
28,3,64,32,0.5105353593826294,0.07818363606929779
28,3,64,33,0.42661646008491516,0.1760738492012024
28,3,64,34,0.3685523271560669,0.2096516638994217
28,3,64,35,0.5983179211616516,0.07354196906089783
28,3,64,36,0.4087892472743988,0.12591643631458282
28,3,64,37,0.5219178795814514,0.07492748647928238
28,3,64,38,0.4896394908428192,0.14435139298439026
28,3,64,39,0.4481523036956787,0.2742238938808441
28,3,64,40,0.5915347933769226,0.09148873388767242
28,3,64,41,0.6182349920272827,0.11465246975421906
28,3,64,42,0.6057890057563782,0.11980730295181274
28,3,64,43,0.4730481803417206,0.05971842259168625
28,3,64,44,0.34723585844039917,0.2102288156747818
28,3,64,45,0.504160463809967,0.04721495136618614
28,3,64,46,0.5578154921531677,0.12082701176404953
28,3,64,47,0.483129620552063,0.12556184828281403
28,3,64,48,0.5346724390983582,0.12569132447242737
28,3,64,49,0.4915391206741333,0.10187128186225891
28,3,64,50,0.41851893067359924,0.13377128541469574
28,3,64,51,0.48590829968452454,0.19709405303001404
28,3,64,52,0.642507791519165,0.11088813841342926
28,3,64,53,0.451410174369812,0.05444768816232681
28,3,64,54,0.5419275164604187,0.11297012120485306
28,3,64,55,0.47384390234947205,0.09731630235910416
28,3,64,56,0.6554026007652283,0.18697617948055267
28,3,64,57,0.3362404406070709,0.099856898188591
28,3,64,58,0.4126565456390381,0.2769055664539337
28,3,64,59,0.5455977320671082,0.0879424512386322
28,3,64,60,0.447479784488678,0.10905606299638748
28,3,64,61,0.43248939514160156,0.19808721542358398
28,3,64,62,0.46516814827919006,0.0510573647916317
28,3,64,63,0.5444990992546082,0.10218663513660431
28,4,128,0,0.33567407727241516,0.22093209624290466
28,4,128,1,0.5800192952156067,0.07992447912693024
28,4,128,2,0.5529733896255493,0.07358777523040771
28,4,128,3,0.6043866872787476,0.2860802710056305
28,4,128,4,0.6754398941993713,0.14519751071929932
28,4,128,5,0.5323456525802612,0.08476562052965164
28,4,128,6,0.5572065114974976,0.19357241690158844
28,4,128,7,0.5706937313079834,0.2543580234050751
28,4,128,8,0.62938392162323,0.24490487575531006
28,4,128,9,0.5868010520935059,0.21745014190673828
28,4,128,10,0.4067538380622864,0.09021180868148804
28,4,128,11,0.34586456418037415,0.1456979364156723
28,4,128,12,0.6281678080558777,0.3211885392665863
28,4,128,13,0.6531844139099121,0.09399839490652084
28,4,128,14,0.5712029933929443,0.10243996232748032
28,4,128,15,0.5139118432998657,0.15239541232585907
28,4,128,16,0.38571932911872864,0.23043936491012573
28,4,128,17,0.39983123540878296,0.2579171359539032
28,4,128,18,0.6177865266799927,0.1854761689901352
28,4,128,19,0.6998113393783569,0.15938536822795868
28,4,128,20,0.7397741675376892,0.10008921474218369
28,4,128,21,0.6401026248931885,0.11279096454381943
28,4,128,22,0.314880907535553,0.23295336961746216
28,4,128,23,0.6117841005325317,0.21612964570522308
28,4,128,24,0.6292720437049866,0.06335072964429855
28,4,128,25,0.36738625168800354,0.30669063329696655
28,4,128,26,0.4144786596298218,0.19815826416015625
28,4,128,27,0.3835248649120331,0.17536918818950653
28,4,128,28,0.731174647808075,0.16761308908462524
28,4,128,29,0.5964823961257935,0.2265077382326126
28,4,128,30,0.5711470246315002,0.26701897382736206
28,4,128,31,0.666560173034668,0.12545998394489288
28,4,128,32,0.5678960084915161,0.17597037553787231
28,4,128,33,0.4977267384529114,0.19267168641090393
28,4,128,34,0.6432012319564819,0.25126442313194275
28,4,128,35,0.5555914044380188,0.1128106564283371
28,4,128,36,0.6826339960098267,0.3026411533355713
28,4,128,37,0.4396490156650543,0.19139409065246582
28,4,128,38,0.6757875680923462,0.2258257120847702
28,4,128,39,0.5540948510169983,0.09343234449625015
28,4,128,40,0.5856829881668091,0.10928799211978912
28,4,128,41,0.5950446128845215,0.1427059918642044
28,4,128,42,0.4889979362487793,0.1988707035779953
28,4,128,43,0.7457021474838257,0.16098569333553314
28,4,128,44,0.5918805599212646,0.09961170703172684
28,4,128,45,0.5445511937141418,0.13596013188362122
28,4,128,46,0.30435946583747864,0.10367769002914429
28,4,128,47,0.47424399852752686,0.12290381640195847
28,4,128,48,0.4266616404056549,0.19741365313529968
28,4,128,49,0.5433998703956604,0.17039337754249573
28,4,128,50,0.6283539533615112,0.2346166968345642
28,4,128,51,0.6563580632209778,0.13419209420681
28,4,128,52,0.6779787540435791,0.19025276601314545
28,4,128,53,0.6340316534042358,0.2548808455467224
28,4,128,54,0.6435742378234863,0.2859550714492798
28,4,128,55,0.5479709506034851,0.07968651503324509
28,4,128,56,0.5503638386726379,0.09664066135883331
28,4,128,57,0.31748729944229126,0.18620933592319489
28,4,128,58,0.7613919377326965,0.07729782909154892
28,4,128,59,0.7141627073287964,0.15121281147003174
28,4,128,60,0.6548851728439331,0.17820703983306885
28,4,128,61,0.6404173970222473,0.3091077208518982
28,4,128,62,0.6600767374038696,0.09317663311958313
28,4,128,63,0.5938193202018738,0.07050187140703201
28,4,128,64,0.6885169744491577,0.21193064749240875
28,4,128,65,0.6862207055091858,0.26764360070228577
28,4,128,66,0.48712170124053955,0.15435859560966492
28,4,128,67,0.3930715024471283,0.13882502913475037
28,4,128,68,0.6554064154624939,0.1294129490852356
28,4,128,69,0.6592090725898743,0.18094128370285034
28,4,128,70,0.29305189847946167,0.09332089126110077
28,4,128,71,0.4332249164581299,0.10079769790172577
28,4,128,72,0.5645661354064941,0.16652517020702362
28,4,128,73,0.6354506611824036,0.3147660195827484
28,4,128,74,0.7865764498710632,0.1038360744714737
28,4,128,75,0.6065986156463623,0.23855352401733398
28,4,128,76,0.36656641960144043,0.18094956874847412
28,4,128,77,0.48056700825691223,0.15491199493408203
28,4,128,78,0.3933366537094116,0.2519663870334625
28,4,128,79,0.44248518347740173,0.05027157813310623
28,4,128,80,0.5249186754226685,0.10125207901000977
28,4,128,81,0.49871158599853516,0.1633101999759674
28,4,128,82,0.35675564408302307,0.12628579139709473
28,4,128,83,0.6879509687423706,0.14046575129032135
28,4,128,84,0.5113485455513,0.14394517242908478
28,4,128,85,0.6420735716819763,0.04696393758058548
28,4,128,86,0.6816809177398682,0.20932717621326447
28,4,128,87,0.6839680075645447,0.05462857335805893
28,4,128,88,0.6380771398544312,0.2190219759941101
28,4,128,89,0.530576765537262,0.10664796084165573
28,4,128,90,0.5558251738548279,0.16923277080059052
28,4,128,91,0.7039229869842529,0.10044953227043152
28,4,128,92,0.5476378202438354,0.17547465860843658
28,4,128,93,0.5725797414779663,0.13727176189422607
28,4,128,94,0.4094051122665405,0.2028227150440216
28,4,128,95,0.7327707409858704,0.10651254653930664
28,4,128,96,0.37701615691185,0.07840997725725174
28,4,128,97,0.7094741463661194,0.10622457414865494
28,4,128,98,0.6215897798538208,0.26067501306533813
28,4,128,99,0.4138897657394409,0.1538381278514862
28,4,128,100,0.6687579154968262,0.08950360119342804
28,4,128,101,0.5625372529029846,0.21773311495780945
28,4,128,102,0.28836196660995483,0.1742822676897049
28,4,128,103,0.5845873355865479,0.2337866723537445
28,4,128,104,0.5812371969223022,0.15280665457248688
28,4,128,105,0.5754741430282593,0.2149375081062317
28,4,128,106,0.7569208741188049,0.13050639629364014
28,4,128,107,0.5919248461723328,0.3111051619052887
28,4,128,108,0.7142807245254517,0.07340043783187866
28,4,128,109,0.7302084565162659,0.095670185983181
28,4,128,110,0.6702629923820496,0.13819389045238495
28,4,128,111,0.4867011308670044,0.1339658945798874
28,4,128,112,0.5456790328025818,0.10965516418218613
28,4,128,113,0.657585859298706,0.22651441395282745
28,4,128,114,0.5522821545600891,0.1019686684012413
28,4,128,115,0.5552629232406616,0.1953722983598709
28,4,128,116,0.7142633199691772,0.1123981922864914
28,4,128,117,0.3971779942512512,0.2592383325099945
28,4,128,118,0.6531153321266174,0.19241249561309814
28,4,128,119,0.676032304763794,0.26154109835624695
28,4,128,120,0.6430168151855469,0.19537942111492157
28,4,128,121,0.6685847043991089,0.3109693229198456
28,4,128,122,0.6654382944107056,0.18199512362480164
28,4,128,123,0.5646908283233643,0.20645463466644287
28,4,128,124,0.6611568331718445,0.30525392293930054
28,4,128,125,0.5867895483970642,0.041999876499176025
28,4,128,126,0.649218738079071,0.2819122076034546
28,4,128,127,0.6302183270454407,0.1340920776128769
28,5,128,0,0.3743254840373993,0.327355295419693
28,5,128,1,0.4967540502548218,0.037586066871881485
28,5,128,2,0.7246717810630798,0.1207413598895073
28,5,128,3,0.3359987139701843,0.2860928177833557
28,5,128,4,0.7444491386413574,0.16562314331531525
28,5,128,5,0.6761203408241272,0.15806446969509125
28,5,128,6,0.6924735307693481,0.2606087625026703
28,5,128,7,0.654158353805542,0.25871962308883667
28,5,128,8,0.763642430305481,0.2197803258895874
28,5,128,9,0.7287580370903015,0.2809109091758728
28,5,128,10,0.7491345405578613,0.09973613917827606
28,5,128,11,0.7268306612968445,0.08643872290849686
28,5,128,12,0.7938082218170166,0.1446748673915863
28,5,128,13,0.6989909410476685,0.10788961499929428
28,5,128,14,0.7708740234375,0.09554648399353027
28,5,128,15,0.6096432209014893,0.1319359391927719
28,5,128,16,0.7596026659011841,0.1813303530216217
28,5,128,17,0.662405252456665,0.10576833039522171
28,5,128,18,0.5933050513267517,0.10403944551944733
28,5,128,19,0.7510709166526794,0.10976232588291168
28,5,128,20,0.7500859498977661,0.09357374906539917
28,5,128,21,0.6794689893722534,0.24213610589504242
28,5,128,22,0.3770013749599457,0.3060857355594635
28,5,128,23,0.37031760811805725,0.25389331579208374
28,5,128,24,0.6716740131378174,0.0836528092622757
28,5,128,25,0.42488500475883484,0.1859547644853592
28,5,128,26,0.602087676525116,0.08669273555278778
28,5,128,27,0.4061114490032196,0.22449038922786713
28,5,128,28,0.7258332967758179,0.12969975173473358
28,5,128,29,0.7501228451728821,0.12887759506702423
28,5,128,30,0.3518926203250885,0.15822865068912506
28,5,128,31,0.766106367111206,0.08896613121032715
28,5,128,32,0.7833848595619202,0.09949806332588196
28,5,128,33,0.6639893651008606,0.2581121027469635
28,5,128,34,0.7503635883331299,0.2145066261291504
28,5,128,35,0.8327338695526123,0.12146196514368057
28,5,128,36,0.738250732421875,0.30116042494773865
28,5,128,37,0.6271278858184814,0.13137909770011902
28,5,128,38,0.3261413276195526,0.25477033853530884
28,5,128,39,0.7616321444511414,0.11788561195135117
28,5,128,40,0.683677077293396,0.19979752600193024
28,5,128,41,0.5946779847145081,0.042587898671627045
28,5,128,42,0.7851033210754395,0.12421055138111115
28,5,128,43,0.8223601579666138,0.10268314927816391
28,5,128,44,0.7763286232948303,0.08128497004508972
28,5,128,45,0.6564562916755676,0.1226053461432457
28,5,128,46,0.46243947744369507,0.15862345695495605
28,5,128,47,0.7758819460868835,0.12475403398275375
28,5,128,48,0.6512752175331116,0.0390644446015358
28,5,128,49,0.756456732749939,0.15201358497142792
28,5,128,50,0.7586426734924316,0.13720081746578217
28,5,128,51,0.7589124441146851,0.09271895885467529
28,5,128,52,0.49600207805633545,0.2777746617794037
28,5,128,53,0.6953279972076416,0.31043753027915955
28,5,128,54,0.7258419990539551,0.2511906623840332
28,5,128,55,0.7957791686058044,0.10539612174034119
28,5,128,56,0.4346255362033844,0.25998830795288086
28,5,128,57,0.7329482436180115,0.1529739648103714
28,5,128,58,0.7843720316886902,0.10353291034698486
28,5,128,59,0.6045674085617065,0.13144025206565857
28,5,128,60,0.707226037979126,0.09012109041213989
28,5,128,61,0.7761053442955017,0.1947806030511856
28,5,128,62,0.4849148988723755,0.13535752892494202
28,5,128,63,0.759570300579071,0.13311836123466492
28,5,128,64,0.7211583852767944,0.1951853185892105
28,5,128,65,0.8321691751480103,0.1206338107585907
28,5,128,66,0.2734217047691345,0.16214193403720856
28,5,128,67,0.53519207239151,0.20753885805606842
28,5,128,68,0.7863530516624451,0.14321213960647583
28,5,128,69,0.694846510887146,0.2935693860054016
28,5,128,70,0.38462337851524353,0.17242524027824402
28,5,128,71,0.36682260036468506,0.105772465467453
28,5,128,72,0.38116273283958435,0.24745003879070282
28,5,128,73,0.350096732378006,0.3246154189109802
28,5,128,74,0.7083406448364258,0.12607868015766144
28,5,128,75,0.7101186513900757,0.22981420159339905
28,5,128,76,0.46405211091041565,0.06564057618379593
28,5,128,77,0.7223977446556091,0.19524544477462769
28,5,128,78,0.7460543513298035,0.08458932489156723
28,5,128,79,0.40041786432266235,0.25425201654434204
28,5,128,80,0.7264603972434998,0.17712566256523132
28,5,128,81,0.7307080030441284,0.12034308910369873
28,5,128,82,0.45697924494743347,0.14691518247127533
28,5,128,83,0.786425769329071,0.14997509121894836
28,5,128,84,0.6777863502502441,0.2514450252056122
28,5,128,85,0.7393765449523926,0.06542173027992249
28,5,128,86,0.7755144238471985,0.16529564559459686
28,5,128,87,0.712904691696167,0.1986657977104187
28,5,128,88,0.5676459670066833,0.15833988785743713
28,5,128,89,0.3323616087436676,0.24498896300792694
28,5,128,90,0.7703601121902466,0.08845613151788712
28,5,128,91,0.798042356967926,0.10365989059209824
28,5,128,92,0.7387847900390625,0.1861879974603653
28,5,128,93,0.842277467250824,0.09056699275970459
28,5,128,94,0.7101286053657532,0.10168126970529556
28,5,128,95,0.8231970071792603,0.09611071646213531
28,5,128,96,0.7188193798065186,0.13256704807281494
28,5,128,97,0.4095457196235657,0.30044880509376526
28,5,128,98,0.5004818439483643,0.05106964707374573
28,5,128,99,0.7302046418190002,0.09144449979066849
28,5,128,100,0.6335307955741882,0.1163087710738182
28,5,128,101,0.7122015953063965,0.12385167181491852
28,5,128,102,0.7301217913627625,0.16113582253456116
28,5,128,103,0.6277337670326233,0.30994465947151184
28,5,128,104,0.7329195737838745,0.24484758079051971
28,5,128,105,0.7867211699485779,0.10270669311285019
28,5,128,106,0.6793864369392395,0.2546449601650238
28,5,128,107,0.35414811968803406,0.21964387595653534
28,5,128,108,0.7613943815231323,0.12588049471378326
28,5,128,109,0.4883928596973419,0.06418687105178833
28,5,128,110,0.7492640614509583,0.13141091167926788
28,5,128,111,0.7817103862762451,0.10118153691291809
28,5,128,112,0.8341084718704224,0.10988008230924606
28,5,128,113,0.6777660250663757,0.2772672474384308
28,5,128,114,0.6517549157142639,0.0871277004480362
28,5,128,115,0.7807291150093079,0.10742393881082535
28,5,128,116,0.8228601217269897,0.12518887221813202
28,5,128,117,0.5605254769325256,0.03587794676423073
28,5,128,118,0.6857067942619324,0.07857289910316467
28,5,128,119,0.3433550298213959,0.23696450889110565
28,5,128,120,0.6904343962669373,0.08755175024271011
28,5,128,121,0.8033394813537598,0.14617972075939178
28,5,128,122,0.6335315704345703,0.2842329740524292
28,5,128,123,0.6103995442390442,0.11332298070192337
28,5,128,124,0.797960102558136,0.1506008505821228
28,5,128,125,0.4720112383365631,0.19709299504756927
28,5,128,126,0.39288169145584106,0.22050558030605316
28,5,128,127,0.58939129114151,0.18894033133983612
29,0,32,0,0.559378445148468,0.07584249973297119
29,0,32,1,0.5386499166488647,0.13180044293403625
29,0,32,2,0.5460870862007141,0.12000583857297897
29,0,32,3,0.5113972425460815,0.03514012321829796
29,0,32,4,0.35094889998435974,0.12631283700466156
29,0,32,5,0.4104037880897522,0.10604780912399292
29,0,32,6,0.43759289383888245,0.12278737872838974
29,0,32,7,0.3403036892414093,0.10030783712863922
29,0,32,8,0.5320572257041931,0.12047046422958374
29,0,32,9,0.47878438234329224,0.14547738432884216
29,0,32,10,0.5274040102958679,0.11643676459789276
29,0,32,11,0.5787113308906555,0.12177584320306778
29,0,32,12,0.3489173352718353,0.09035501629114151
29,0,32,13,0.4669594168663025,0.09825164079666138
29,0,32,14,0.4610028564929962,0.06705056130886078
29,0,32,15,0.46528518199920654,0.09831296652555466
29,0,32,16,0.6045076251029968,0.03090672567486763
29,0,32,17,0.5599252581596375,0.07240251451730728
29,0,32,18,0.5591409802436829,0.11430811136960983
29,0,32,19,0.40872079133987427,0.08021548390388489
29,0,32,20,0.43980225920677185,0.10374658554792404
29,0,32,21,0.41307806968688965,0.14129120111465454
29,0,32,22,0.5825603008270264,0.0925317332148552
29,0,32,23,0.4933527112007141,0.1146133616566658
29,0,32,24,0.5964719653129578,0.12851302325725555
29,0,32,25,0.4079078733921051,0.07264858484268188
29,0,32,26,0.4455888271331787,0.10050896555185318
29,0,32,27,0.5511818528175354,0.14984451234340668
29,0,32,28,0.5305919647216797,0.10351299494504929
29,0,32,29,0.4839059114456177,0.08996836096048355
29,0,32,30,0.4089314043521881,0.07776268571615219
29,0,32,31,0.38389936089515686,0.06511015444993973
29,1,32,0,0.5482600927352905,0.07720337808132172
29,1,32,1,0.3974584937095642,0.1080513745546341
29,1,32,2,0.5589228272438049,0.09971484541893005
29,1,32,3,0.4503474533557892,0.13910514116287231
29,1,32,4,0.5133030414581299,0.11609046161174774
29,1,32,5,0.4815914034843445,0.06982456147670746
29,1,32,6,0.33606621623039246,0.07497956603765488
29,1,32,7,0.6296019554138184,0.10361871868371964
29,1,32,8,0.4153788089752197,0.1468311846256256
29,1,32,9,0.48626473546028137,0.0757802352309227
29,1,32,10,0.42638707160949707,0.11823476105928421
29,1,32,11,0.6184709668159485,0.2112666368484497
29,1,32,12,0.7090218663215637,0.07332120835781097
29,1,32,13,0.4860188066959381,0.09723860025405884
29,1,32,14,0.6854971647262573,0.07256361097097397
29,1,32,15,0.546334981918335,0.13324616849422455
29,1,32,16,0.528954029083252,0.08480335772037506
29,1,32,17,0.4958595931529999,0.12438534200191498
29,1,32,18,0.449779212474823,0.05146690458059311
29,1,32,19,0.5005406737327576,0.12566354870796204
29,1,32,20,0.3997926712036133,0.0684388056397438
29,1,32,21,0.47807949781417847,0.09281930327415466
29,1,32,22,0.5173298120498657,0.13231678307056427
29,1,32,23,0.5696936249732971,0.08967334777116776
29,1,32,24,0.3728523254394531,0.09502912312746048
29,1,32,25,0.5641821026802063,0.08948274701833725
29,1,32,26,0.3721356689929962,0.135755717754364
29,1,32,27,0.5990291833877563,0.05485670268535614
29,1,32,28,0.38981765508651733,0.07822947949171066
29,1,32,29,0.4491858184337616,0.10661890357732773
29,1,32,30,0.5952253937721252,0.07878567278385162
29,1,32,31,0.4601882994174957,0.03370573744177818
29,2,64,0,0.48501595854759216,0.19408977031707764
29,2,64,1,0.44799795746803284,0.28731927275657654
29,2,64,2,0.6528667211532593,0.08585406839847565
29,2,64,3,0.4651585519313812,0.22612670063972473
29,2,64,4,0.6289628148078918,0.0840625986456871
29,2,64,5,0.5656444430351257,0.11120059341192245
29,2,64,6,0.6579766273498535,0.08118347823619843
29,2,64,7,0.4910556972026825,0.1437341570854187
29,2,64,8,0.41292116045951843,0.18034149706363678
29,2,64,9,0.5380635261535645,0.19066794216632843
29,2,64,10,0.5758494734764099,0.15198232233524323
29,2,64,11,0.6691519021987915,0.09797771275043488
29,2,64,12,0.4399152398109436,0.12683594226837158
29,2,64,13,0.431904137134552,0.2520237863063812
29,2,64,14,0.5277930498123169,0.1810828298330307
29,2,64,15,0.6436218023300171,0.04637794569134712
29,2,64,16,0.3428218364715576,0.1449746936559677
29,2,64,17,0.5965003371238708,0.05420774966478348
29,2,64,18,0.6149256825447083,0.26715677976608276
29,2,64,19,0.77070152759552,0.09422049671411514
29,2,64,20,0.5906612277030945,0.22131530940532684
29,2,64,21,0.4155998229980469,0.17925633490085602
29,2,64,22,0.49010714888572693,0.09707990288734436
29,2,64,23,0.5066466331481934,0.11054752767086029
29,2,64,24,0.6527397036552429,0.12112361937761307
29,2,64,25,0.46795931458473206,0.1190829649567604
29,2,64,26,0.5265651941299438,0.10589602589607239
29,2,64,27,0.3907366991043091,0.10280659794807434
29,2,64,28,0.5916034579277039,0.20829825103282928
29,2,64,29,0.5970467925071716,0.21185237169265747
29,2,64,30,0.4077524244785309,0.1556873619556427
29,2,64,31,0.5266774892807007,0.16921965777873993
29,2,64,32,0.6947425603866577,0.10936890542507172
29,2,64,33,0.4709548056125641,0.18105676770210266
29,2,64,34,0.4675061106681824,0.10773636400699615
29,2,64,35,0.3668244481086731,0.0889090895652771
29,2,64,36,0.5590770840644836,0.20520170032978058
29,2,64,37,0.40691077709198,0.2828935384750366
29,2,64,38,0.577924370765686,0.09880781918764114
29,2,64,39,0.3290117681026459,0.06953563541173935
29,2,64,40,0.6738746762275696,0.08988022059202194
29,2,64,41,0.49785441160202026,0.20682507753372192
29,2,64,42,0.37377476692199707,0.17332251369953156
29,2,64,43,0.5727030634880066,0.2580213248729706
29,2,64,44,0.558638334274292,0.1610099971294403
29,2,64,45,0.3589830696582794,0.09739255905151367
29,2,64,46,0.5214158892631531,0.06354266405105591
29,2,64,47,0.500139057636261,0.25087592005729675
29,2,64,48,0.6312147974967957,0.11895915865898132
29,2,64,49,0.39959484338760376,0.16584180295467377
29,2,64,50,0.5238655209541321,0.27024754881858826
29,2,64,51,0.41126400232315063,0.10006502270698547
29,2,64,52,0.461011677980423,0.11053264141082764
29,2,64,53,0.5844707489013672,0.14397495985031128
29,2,64,54,0.5336092114448547,0.1758049875497818
29,2,64,55,0.461704820394516,0.353034108877182
29,2,64,56,0.48958712816238403,0.1073819100856781
29,2,64,57,0.5619314312934875,0.19495418667793274
29,2,64,58,0.4458565413951874,0.2454722672700882
29,2,64,59,0.5346575379371643,0.20016172528266907
29,2,64,60,0.5710785388946533,0.15474030375480652
29,2,64,61,0.5979089140892029,0.3744480609893799
29,2,64,62,0.459616094827652,0.14488676190376282
29,2,64,63,0.5381397008895874,0.18187344074249268
29,3,64,0,0.6763816475868225,0.06972936540842056
29,3,64,1,0.499293714761734,0.1457407921552658
29,3,64,2,0.49245354533195496,0.18517948687076569
29,3,64,3,0.5929962396621704,0.17881588637828827
29,3,64,4,0.3601612150669098,0.1376277059316635
29,3,64,5,0.344275563955307,0.12280622124671936
29,3,64,6,0.3973713219165802,0.07913083583116531
29,3,64,7,0.3109268546104431,0.09502096474170685
29,3,64,8,0.5828817486763,0.13227017223834991
29,3,64,9,0.5161272883415222,0.16752882301807404
29,3,64,10,0.3338424265384674,0.13263553380966187
29,3,64,11,0.5812225937843323,0.10845895856618881
29,3,64,12,0.45121192932128906,0.09494630992412567
29,3,64,13,0.3509390354156494,0.09762581437826157
29,3,64,14,0.6079078912734985,0.16407468914985657
29,3,64,15,0.36633509397506714,0.04860255867242813
29,3,64,16,0.484238862991333,0.12009962648153305
29,3,64,17,0.4868605136871338,0.18199795484542847
29,3,64,18,0.4809313118457794,0.17671266198158264
29,3,64,19,0.5088890790939331,0.1126360222697258
29,3,64,20,0.5219689011573792,0.10865484923124313
29,3,64,21,0.5578910112380981,0.09252651035785675
29,3,64,22,0.43445461988449097,0.07046531140804291
29,3,64,23,0.5564061999320984,0.10287531465291977
29,3,64,24,0.25407111644744873,0.09772879630327225
29,3,64,25,0.5643901824951172,0.1789059042930603
29,3,64,26,0.4933774471282959,0.16072988510131836
29,3,64,27,0.5319933891296387,0.09426292777061462
29,3,64,28,0.5716919898986816,0.18702399730682373
29,3,64,29,0.6557552218437195,0.0843682512640953
29,3,64,30,0.48990970849990845,0.20840604603290558
29,3,64,31,0.29343751072883606,0.1738610416650772
29,3,64,32,0.5848689675331116,0.12590205669403076
29,3,64,33,0.4024524986743927,0.09814474731683731
29,3,64,34,0.4797639548778534,0.07403142750263214
29,3,64,35,0.2710716724395752,0.0813404992222786
29,3,64,36,0.6063352823257446,0.1494191288948059
29,3,64,37,0.6200422048568726,0.1045365035533905
29,3,64,38,0.5875153541564941,0.07372383773326874
29,3,64,39,0.6666884422302246,0.0692441388964653
29,3,64,40,0.5456691980361938,0.10315511375665665
29,3,64,41,0.3514285385608673,0.09109500795602798
29,3,64,42,0.5763574242591858,0.12383400648832321
29,3,64,43,0.6427816152572632,0.2262553721666336
29,3,64,44,0.5403562784194946,0.21163257956504822
29,3,64,45,0.39062824845314026,0.07193070650100708
29,3,64,46,0.5232495069503784,0.13436982035636902
29,3,64,47,0.45592308044433594,0.09631449729204178
29,3,64,48,0.3559003174304962,0.07006338983774185
29,3,64,49,0.6649650931358337,0.08280465006828308
29,3,64,50,0.4583275318145752,0.18748994171619415
29,3,64,51,0.6049118041992188,0.059207312762737274
29,3,64,52,0.342328816652298,0.09537152945995331
29,3,64,53,0.5572798252105713,0.09972751885652542
29,3,64,54,0.3735641837120056,0.10902850329875946
29,3,64,55,0.4679432809352875,0.15327201783657074
29,3,64,56,0.5921666622161865,0.06128956750035286
29,3,64,57,0.5433523058891296,0.10767433792352676
29,3,64,58,0.3253854811191559,0.1935180276632309
29,3,64,59,0.4964040219783783,0.10483600199222565
29,3,64,60,0.46036338806152344,0.09064333885908127
29,3,64,61,0.5560480356216431,0.352480411529541
29,3,64,62,0.5554104447364807,0.18571877479553223
29,3,64,63,0.4565735161304474,0.21078164875507355
29,4,128,0,0.5976659655570984,0.13626395165920258
29,4,128,1,0.6127308011054993,0.33685302734375
29,4,128,2,0.3398551046848297,0.21399995684623718
29,4,128,3,0.437083899974823,0.3311295807361603
29,4,128,4,0.4264172315597534,0.29217904806137085
29,4,128,5,0.4348466992378235,0.2929724156856537
29,4,128,6,0.39871639013290405,0.13365282118320465
29,4,128,7,0.6369479894638062,0.3331400752067566
29,4,128,8,0.6602529883384705,0.14932498335838318
29,4,128,9,0.32113513350486755,0.29269668459892273
29,4,128,10,0.6130493879318237,0.32892102003097534
29,4,128,11,0.46051618456840515,0.2804756462574005
29,4,128,12,0.5270724296569824,0.26813918352127075
29,4,128,13,0.4795578718185425,0.2712259292602539
29,4,128,14,0.2769606113433838,0.2013469785451889
29,4,128,15,0.6697686314582825,0.18075989186763763
29,4,128,16,0.4772305190563202,0.29876214265823364
29,4,128,17,0.49346020817756653,0.17272594571113586
29,4,128,18,0.7495616674423218,0.11213459819555283
29,4,128,19,0.6667991876602173,0.3032974898815155
29,4,128,20,0.4308004677295685,0.22924651205539703
29,4,128,21,0.3820769190788269,0.26607170701026917
29,4,128,22,0.49737557768821716,0.2068183720111847
29,4,128,23,0.5108650922775269,0.1146160364151001
29,4,128,24,0.3982498049736023,0.15678036212921143
29,4,128,25,0.6473202705383301,0.13125452399253845
29,4,128,26,0.7221568822860718,0.07518506795167923
29,4,128,27,0.540114164352417,0.13089947402477264
29,4,128,28,0.49686869978904724,0.17942366003990173
29,4,128,29,0.5924297571182251,0.29921820759773254
29,4,128,30,0.5805572271347046,0.3723992109298706
29,4,128,31,0.5112009644508362,0.13118180632591248
29,4,128,32,0.3579113185405731,0.3341709077358246
29,4,128,33,0.472717821598053,0.2567228078842163
29,4,128,34,0.5783839821815491,0.19314609467983246
29,4,128,35,0.32671356201171875,0.09866510331630707
29,4,128,36,0.6934953331947327,0.11787685751914978
29,4,128,37,0.6381132006645203,0.3202126920223236
29,4,128,38,0.6789296865463257,0.1667526513338089
29,4,128,39,0.37926942110061646,0.21573950350284576
29,4,128,40,0.6009002923965454,0.319847047328949
29,4,128,41,0.7290232181549072,0.2924724817276001
29,4,128,42,0.7349817156791687,0.07788891345262527
29,4,128,43,0.384202241897583,0.264087051153183
29,4,128,44,0.6252659559249878,0.24961337447166443
29,4,128,45,0.6156545877456665,0.3352237045764923
29,4,128,46,0.38382187485694885,0.14889997243881226
29,4,128,47,0.47747814655303955,0.25403672456741333
29,4,128,48,0.6474895477294922,0.2276613563299179
29,4,128,49,0.424626886844635,0.27233707904815674
29,4,128,50,0.6948257684707642,0.3163447380065918
29,4,128,51,0.6564608216285706,0.2775309383869171
29,4,128,52,0.3896541893482208,0.2952054440975189
29,4,128,53,0.5089908838272095,0.21896927058696747
29,4,128,54,0.6220221519470215,0.11062347888946533
29,4,128,55,0.4364728629589081,0.23763704299926758
29,4,128,56,0.6788209676742554,0.2677196264266968
29,4,128,57,0.7712957859039307,0.12349540740251541
29,4,128,58,0.4474496841430664,0.19572380185127258
29,4,128,59,0.6880593299865723,0.3111664652824402
29,4,128,60,0.4808948338031769,0.22381171584129333
29,4,128,61,0.689699113368988,0.1154186949133873
29,4,128,62,0.6440469622612,0.2685437798500061
29,4,128,63,0.6389208436012268,0.16109886765480042
29,4,128,64,0.6478998064994812,0.25692427158355713
29,4,128,65,0.40411120653152466,0.27893543243408203
29,4,128,66,0.3544589877128601,0.20895788073539734
29,4,128,67,0.6409223675727844,0.1309141218662262
29,4,128,68,0.39855799078941345,0.22056874632835388
29,4,128,69,0.6420127749443054,0.32770973443984985
29,4,128,70,0.5823604464530945,0.270867258310318
29,4,128,71,0.5271692872047424,0.1586710512638092
29,4,128,72,0.7284713983535767,0.11342602223157883
29,4,128,73,0.6204590201377869,0.25851497054100037
29,4,128,74,0.5756375789642334,0.1681899130344391
29,4,128,75,0.6493644714355469,0.23977570235729218
29,4,128,76,0.3854316174983978,0.17296086251735687
29,4,128,77,0.4779035449028015,0.21697655320167542
29,4,128,78,0.5900632739067078,0.3131687641143799
29,4,128,79,0.4852296710014343,0.27386602759361267
29,4,128,80,0.3665280044078827,0.20166394114494324
29,4,128,81,0.5618879199028015,0.19353976845741272
29,4,128,82,0.38374415040016174,0.30666789412498474
29,4,128,83,0.46621304750442505,0.2203006148338318
29,4,128,84,0.7601350545883179,0.13172711431980133
29,4,128,85,0.6806845664978027,0.20793849229812622
29,4,128,86,0.7015331387519836,0.10133116692304611
29,4,128,87,0.4979165196418762,0.19061169028282166
29,4,128,88,0.7037160992622375,0.13812586665153503
29,4,128,89,0.6250334978103638,0.13904394209384918
29,4,128,90,0.5388458371162415,0.13597017526626587
29,4,128,91,0.6509578824043274,0.07820242643356323
29,4,128,92,0.6471779346466064,0.2926045358181
29,4,128,93,0.5757700800895691,0.11955330520868301
29,4,128,94,0.6931225061416626,0.09779617190361023
29,4,128,95,0.5773046612739563,0.22109903395175934
29,4,128,96,0.43571802973747253,0.19303563237190247
29,4,128,97,0.6362752914428711,0.3387032747268677
29,4,128,98,0.5380791425704956,0.22823306918144226
29,4,128,99,0.3320835530757904,0.2717025578022003
29,4,128,100,0.578475296497345,0.38635724782943726
29,4,128,101,0.5873729586601257,0.3346638083457947
29,4,128,102,0.7001239657402039,0.18972469866275787
29,4,128,103,0.3736748993396759,0.12534081935882568
29,4,128,104,0.6104810833930969,0.1696241796016693
29,4,128,105,0.498937726020813,0.18333928287029266
29,4,128,106,0.6114521026611328,0.22727620601654053
29,4,128,107,0.4764029383659363,0.15345363318920135
29,4,128,108,0.6678990721702576,0.2437743991613388
29,4,128,109,0.6443727612495422,0.263954758644104
29,4,128,110,0.5681387782096863,0.291339635848999
29,4,128,111,0.7712622880935669,0.11533224582672119
29,4,128,112,0.4970286786556244,0.22891896963119507
29,4,128,113,0.4025561809539795,0.23772121965885162
29,4,128,114,0.6025623083114624,0.19137804210186005
29,4,128,115,0.6024895310401917,0.2688053250312805
29,4,128,116,0.5524416565895081,0.1271873563528061
29,4,128,117,0.4148721396923065,0.24024523794651031
29,4,128,118,0.5423215627670288,0.28929585218429565
29,4,128,119,0.5906043648719788,0.24015270173549652
29,4,128,120,0.5448333621025085,0.24072444438934326
29,4,128,121,0.5976875424385071,0.2617397606372833
29,4,128,122,0.3508491516113281,0.23726654052734375
29,4,128,123,0.7111095190048218,0.24338847398757935
29,4,128,124,0.4993811845779419,0.2300647795200348
29,4,128,125,0.4826488494873047,0.1767542064189911
29,4,128,126,0.6228534579277039,0.2486184537410736
29,4,128,127,0.5949049592018127,0.3276927173137665
29,5,128,0,0.6854224801063538,0.07310464978218079
29,5,128,1,0.8135794997215271,0.14632850885391235
29,5,128,2,0.6309784054756165,0.09689024090766907
29,5,128,3,0.46669718623161316,0.27766114473342896
29,5,128,4,0.4329086244106293,0.28216612339019775
29,5,128,5,0.836577296257019,0.1334911286830902
29,5,128,6,0.6585262417793274,0.1946340948343277
29,5,128,7,0.8194384574890137,0.1498226672410965
29,5,128,8,0.7815721035003662,0.1430804282426834
29,5,128,9,0.7439513206481934,0.17268039286136627
29,5,128,10,0.8212593793869019,0.11560266464948654
29,5,128,11,0.7500069737434387,0.1328190416097641
29,5,128,12,0.8298329710960388,0.14658601582050323
29,5,128,13,0.48424032330513,0.20365655422210693
29,5,128,14,0.655692994594574,0.17230500280857086
29,5,128,15,0.6760082244873047,0.08674456924200058
29,5,128,16,0.7281313538551331,0.20186305046081543
29,5,128,17,0.5984256863594055,0.21844539046287537
29,5,128,18,0.847510814666748,0.1073378399014473
29,5,128,19,0.8161962628364563,0.1283431351184845
29,5,128,20,0.7358532547950745,0.18685360252857208
29,5,128,21,0.3820803761482239,0.28247809410095215
29,5,128,22,0.6431361436843872,0.2610531449317932
29,5,128,23,0.7302915453910828,0.09243553876876831
29,5,128,24,0.5410767197608948,0.1427292823791504
29,5,128,25,0.8031745553016663,0.14419418573379517
29,5,128,26,0.8398647308349609,0.08974546939134598
29,5,128,27,0.7363205552101135,0.09332691878080368
29,5,128,28,0.647341787815094,0.06348802149295807
29,5,128,29,0.7411511540412903,0.21166567504405975
29,5,128,30,0.8034052848815918,0.15272213518619537
29,5,128,31,0.7232109308242798,0.10632152855396271
29,5,128,32,0.4483402967453003,0.1382170170545578
29,5,128,33,0.7230386137962341,0.17096412181854248
29,5,128,34,0.520168662071228,0.15948672592639923
29,5,128,35,0.29134419560432434,0.22276923060417175
29,5,128,36,0.731249988079071,0.12530167400836945
29,5,128,37,0.814001739025116,0.10910109430551529
29,5,128,38,0.4668565094470978,0.13594530522823334
29,5,128,39,0.7847158908843994,0.08135724067687988
29,5,128,40,0.48705390095710754,0.1651514768600464
29,5,128,41,0.7903162837028503,0.18442319333553314
29,5,128,42,0.618003785610199,0.20332230627536774
29,5,128,43,0.4397197663784027,0.09402603656053543
29,5,128,44,0.7775059342384338,0.09723389893770218
29,5,128,45,0.7695560455322266,0.18066027760505676
29,5,128,46,0.4828273057937622,0.07956626266241074
29,5,128,47,0.6641798615455627,0.10411564260721207
29,5,128,48,0.7403464913368225,0.17228002846240997
29,5,128,49,0.31751948595046997,0.2873055934906006
29,5,128,50,0.7648075222969055,0.18244493007659912
29,5,128,51,0.4912783205509186,0.16158056259155273
29,5,128,52,0.340811550617218,0.19547933340072632
29,5,128,53,0.7060967087745667,0.21919161081314087
29,5,128,54,0.49335652589797974,0.18778927624225616
29,5,128,55,0.4084184765815735,0.3116854131221771
29,5,128,56,0.7255153656005859,0.10144404321908951
29,5,128,57,0.580186665058136,0.11213810741901398
29,5,128,58,0.7712360620498657,0.14035771787166595
29,5,128,59,0.8470705151557922,0.08588407933712006
29,5,128,60,0.7854058742523193,0.09361103177070618
29,5,128,61,0.7543155550956726,0.12764109671115875
29,5,128,62,0.7768619656562805,0.12544584274291992
29,5,128,63,0.7746551632881165,0.2013302445411682
29,5,128,64,0.3801341950893402,0.1716899871826172
29,5,128,65,0.3537757992744446,0.24840231239795685
29,5,128,66,0.6739794015884399,0.14244212210178375
29,5,128,67,0.49820348620414734,0.22509966790676117
29,5,128,68,0.7104337811470032,0.15313206613063812
29,5,128,69,0.7872112393379211,0.13497750461101532
29,5,128,70,0.7744513750076294,0.16863775253295898
29,5,128,71,0.7407974004745483,0.09817315638065338
29,5,128,72,0.5095099806785583,0.14679865539073944
29,5,128,73,0.3849252164363861,0.27558085322380066
29,5,128,74,0.7768707871437073,0.18304696679115295
29,5,128,75,0.679373562335968,0.12324083596467972
29,5,128,76,0.4912978410720825,0.17252343893051147
29,5,128,77,0.6427007913589478,0.09283026307821274
29,5,128,78,0.48170849680900574,0.13153792917728424
29,5,128,79,0.6920408010482788,0.24577316641807556
29,5,128,80,0.7454215884208679,0.13241012394428253
29,5,128,81,0.7164804339408875,0.20011332631111145
29,5,128,82,0.786774754524231,0.0990973636507988
29,5,128,83,0.6049777865409851,0.22259296476840973
29,5,128,84,0.7610053420066833,0.09075819700956345
29,5,128,85,0.7880676984786987,0.13661529123783112
29,5,128,86,0.6659435629844666,0.13290372490882874
29,5,128,87,0.7358959913253784,0.24498450756072998
29,5,128,88,0.8331542015075684,0.12080790102481842
29,5,128,89,0.8061277866363525,0.1772465854883194
29,5,128,90,0.5894237160682678,0.13307662308216095
29,5,128,91,0.8118061423301697,0.11025791615247726
29,5,128,92,0.8435336947441101,0.1248907595872879
29,5,128,93,0.4633495807647705,0.26085221767425537
29,5,128,94,0.8007732629776001,0.10827779024839401
29,5,128,95,0.36060383915901184,0.27304521203041077
29,5,128,96,0.7389289736747742,0.08688953518867493
29,5,128,97,0.7415138483047485,0.16006354987621307
29,5,128,98,0.7585267424583435,0.077755406498909
29,5,128,99,0.6426193714141846,0.23948955535888672
29,5,128,100,0.8341303467750549,0.13109184801578522
29,5,128,101,0.4017281234264374,0.3092579245567322
29,5,128,102,0.7794314026832581,0.17596767842769623
29,5,128,103,0.5714915990829468,0.11476011574268341
29,5,128,104,0.7253847718238831,0.2665850818157196
29,5,128,105,0.3319173753261566,0.21556369960308075
29,5,128,106,0.7558963894844055,0.1870456039905548
29,5,128,107,0.4175642132759094,0.1621306985616684
29,5,128,108,0.779930591583252,0.1587512344121933
29,5,128,109,0.8168439269065857,0.10941356420516968
29,5,128,110,0.6974884271621704,0.25564655661582947
29,5,128,111,0.8244519233703613,0.130422443151474
29,5,128,112,0.5072051882743835,0.2098524272441864
29,5,128,113,0.5437366366386414,0.08179823309183121
29,5,128,114,0.7760134935379028,0.17285919189453125
29,5,128,115,0.7058429718017578,0.21228422224521637
29,5,128,116,0.7547428011894226,0.16983456909656525
29,5,128,117,0.6811997890472412,0.26174959540367126
29,5,128,118,0.4824105203151703,0.05622010678052902
29,5,128,119,0.7751811742782593,0.17220766842365265
29,5,128,120,0.7324810028076172,0.0916164219379425
29,5,128,121,0.7367115616798401,0.17999126017093658
29,5,128,122,0.3633005619049072,0.2323216199874878
29,5,128,123,0.8126218914985657,0.13687016069889069
29,5,128,124,0.8488115072250366,0.11267717182636261
29,5,128,125,0.7009716033935547,0.16216877102851868
29,5,128,126,0.7685051560401917,0.18537196516990662
29,5,128,127,0.6073278188705444,0.2344188690185547
30,0,32,0,0.41254106163978577,0.14690056443214417
30,0,32,1,0.5059652328491211,0.1033104658126831
30,0,32,2,0.4128957986831665,0.15386159718036652
30,0,32,3,0.6720362305641174,0.09862916171550751
30,0,32,4,0.4810774326324463,0.07358963787555695
30,0,32,5,0.4898281395435333,0.08808950334787369
30,0,32,6,0.5061964392662048,0.15811528265476227
30,0,32,7,0.5976122617721558,0.06091713160276413
30,0,32,8,0.6493488550186157,0.10407226532697678
30,0,32,9,0.5731925368309021,0.08807999640703201
30,0,32,10,0.4995698928833008,0.15683284401893616
30,0,32,11,0.4584524631500244,0.15279841423034668
30,0,32,12,0.6269673109054565,0.07490277290344238
30,0,32,13,0.44933873414993286,0.08677075058221817
30,0,32,14,0.5918756723403931,0.07290609180927277
30,0,32,15,0.43930670619010925,0.12940022349357605
30,0,32,16,0.3947182893753052,0.15054598450660706
30,0,32,17,0.6015076041221619,0.061241913586854935
30,0,32,18,0.5428609848022461,0.05888408049941063
30,0,32,19,0.40867501497268677,0.16527317464351654
30,0,32,20,0.4972241520881653,0.09230421483516693
30,0,32,21,0.4409267008304596,0.14096683263778687
30,0,32,22,0.45965832471847534,0.08462653309106827
30,0,32,23,0.43590813875198364,0.06894713640213013
30,0,32,24,0.3442559540271759,0.08160590380430222
30,0,32,25,0.5710609555244446,0.11964848637580872
30,0,32,26,0.3828085660934448,0.05943484604358673
30,0,32,27,0.4847676157951355,0.054806504398584366
30,0,32,28,0.6520457863807678,0.10212460905313492
30,0,32,29,0.4175626337528229,0.09617544710636139
30,0,32,30,0.5102342963218689,0.13023912906646729
30,0,32,31,0.5543531179428101,0.04335733503103256
30,1,32,0,0.44444695115089417,0.12643875181674957
30,1,32,1,0.42968451976776123,0.10146403312683105
30,1,32,2,0.5385069251060486,0.11615327000617981
30,1,32,3,0.4683178961277008,0.1680363267660141
30,1,32,4,0.5483976006507874,0.12004200369119644
30,1,32,5,0.4132291078567505,0.09136474877595901
30,1,32,6,0.6248646974563599,0.13515245914459229
30,1,32,7,0.44963783025741577,0.06399427354335785
30,1,32,8,0.6335101127624512,0.11236927658319473
30,1,32,9,0.5109408497810364,0.06272413581609726
30,1,32,10,0.4914422929286957,0.07683966308832169
30,1,32,11,0.5276371836662292,0.0829692855477333
30,1,32,12,0.5203106999397278,0.03400932997465134
30,1,32,13,0.4876124858856201,0.06970303505659103
30,1,32,14,0.6121148467063904,0.0919417068362236
30,1,32,15,0.3717111349105835,0.12772031128406525
30,1,32,16,0.5818923711776733,0.03945230320096016
30,1,32,17,0.4347829222679138,0.04133110120892525
30,1,32,18,0.33829742670059204,0.10536457598209381
30,1,32,19,0.5278224349021912,0.09157934784889221
30,1,32,20,0.5810790657997131,0.06550097465515137
30,1,32,21,0.5000629425048828,0.045785050839185715
30,1,32,22,0.4230606257915497,0.11360479891300201
30,1,32,23,0.6210421323776245,0.08240509778261185
30,1,32,24,0.47423696517944336,0.13513781130313873
30,1,32,25,0.4399403929710388,0.06833280622959137
30,1,32,26,0.643924355506897,0.09679656475782394
30,1,32,27,0.44273245334625244,0.08928906917572021
30,1,32,28,0.6190889477729797,0.12145045399665833
30,1,32,29,0.5491424202919006,0.08134455233812332
30,1,32,30,0.4826294183731079,0.029413970187306404
30,1,32,31,0.3885383903980255,0.1384487897157669
30,2,64,0,0.3671003580093384,0.08039504289627075
30,2,64,1,0.6289453506469727,0.2334670126438141
30,2,64,2,0.5574764609336853,0.053193703293800354
30,2,64,3,0.4554552435874939,0.1373506784439087
30,2,64,4,0.5584906339645386,0.15570880472660065
30,2,64,5,0.4117211401462555,0.10629060864448547
30,2,64,6,0.5482960939407349,0.06616818159818649
30,2,64,7,0.3622437119483948,0.07019101828336716
30,2,64,8,0.6905438899993896,0.09304530918598175
30,2,64,9,0.5156740546226501,0.0766199603676796
30,2,64,10,0.5290624499320984,0.14680880308151245
30,2,64,11,0.4022435247898102,0.0808604508638382
30,2,64,12,0.5797259211540222,0.15058298408985138
30,2,64,13,0.5206833481788635,0.24432647228240967
30,2,64,14,0.5206342935562134,0.0613471195101738
30,2,64,15,0.6438127756118774,0.16129706799983978
30,2,64,16,0.639460563659668,0.10546506941318512
30,2,64,17,0.5850843191146851,0.19332833588123322
30,2,64,18,0.34150657057762146,0.10071048885583878
30,2,64,19,0.5098200440406799,0.22620274126529694
30,2,64,20,0.510347306728363,0.15356965363025665
30,2,64,21,0.4931177794933319,0.13715210556983948
30,2,64,22,0.40423330664634705,0.09638024121522903
30,2,64,23,0.6091015338897705,0.09004669636487961
30,2,64,24,0.49338001012802124,0.18586552143096924
30,2,64,25,0.6652377247810364,0.12645524740219116
30,2,64,26,0.45574530959129333,0.16877783834934235
30,2,64,27,0.3742297291755676,0.098055899143219
30,2,64,28,0.5952351689338684,0.16159464418888092
30,2,64,29,0.4712270200252533,0.09726981818675995
30,2,64,30,0.6054165959358215,0.10408494621515274
30,2,64,31,0.495667427778244,0.10170100629329681
30,2,64,32,0.4231085777282715,0.17130626738071442
30,2,64,33,0.444687157869339,0.08804568648338318
30,2,64,34,0.592036783695221,0.1398077756166458
30,2,64,35,0.3730482757091522,0.12198136001825333
30,2,64,36,0.6173466444015503,0.17404106259346008
30,2,64,37,0.5379146337509155,0.12417172640562057
30,2,64,38,0.5623675584793091,0.15533025562763214
30,2,64,39,0.4114319682121277,0.09653371572494507
30,2,64,40,0.5159386396408081,0.20336049795150757
30,2,64,41,0.5066260695457458,0.11726386845111847
30,2,64,42,0.6811327338218689,0.09046172350645065
30,2,64,43,0.5813266634941101,0.23919367790222168
30,2,64,44,0.631647527217865,0.11133290827274323
30,2,64,45,0.41809511184692383,0.11456981301307678
30,2,64,46,0.5944889783859253,0.0986594632267952
30,2,64,47,0.6390827894210815,0.10041005164384842
30,2,64,48,0.5025137066841125,0.21800220012664795
30,2,64,49,0.6435551643371582,0.09270844608545303
30,2,64,50,0.5356333255767822,0.14815829694271088
30,2,64,51,0.4515390694141388,0.0679413378238678
30,2,64,52,0.5700327754020691,0.07258660346269608
30,2,64,53,0.627866804599762,0.2034011334180832
30,2,64,54,0.7258607745170593,0.11501484364271164
30,2,64,55,0.39192792773246765,0.10418988019227982
30,2,64,56,0.5769261121749878,0.08322443068027496
30,2,64,57,0.3635789752006531,0.20551176369190216
30,2,64,58,0.4311077296733856,0.12230174243450165
30,2,64,59,0.6540337800979614,0.15833453834056854
30,2,64,60,0.5338227152824402,0.0633230209350586
30,2,64,61,0.4789876639842987,0.1451864093542099
30,2,64,62,0.6579723358154297,0.08220953494310379
30,2,64,63,0.6217823624610901,0.12945295870304108
30,3,64,0,0.4754575788974762,0.1615416407585144
30,3,64,1,0.6234211921691895,0.10181629657745361
30,3,64,2,0.607602596282959,0.08489160984754562
30,3,64,3,0.4156510829925537,0.11659263074398041
30,3,64,4,0.6070591807365417,0.17153465747833252
30,3,64,5,0.4643682539463043,0.13303646445274353
30,3,64,6,0.5405359864234924,0.16700783371925354
30,3,64,7,0.5806930661201477,0.12097510695457458
30,3,64,8,0.5217750668525696,0.08087713271379471
30,3,64,9,0.4974246621131897,0.21856099367141724
30,3,64,10,0.41343095898628235,0.2937942147254944
30,3,64,11,0.4487415850162506,0.16635629534721375
30,3,64,12,0.45908135175704956,0.09845209121704102
30,3,64,13,0.5295988917350769,0.2440439909696579
30,3,64,14,0.5873274207115173,0.12029007077217102
30,3,64,15,0.45705410838127136,0.11302602291107178
30,3,64,16,0.42781156301498413,0.1764802634716034
30,3,64,17,0.6459991931915283,0.08106432855129242
30,3,64,18,0.4480147659778595,0.2559449374675751
30,3,64,19,0.3511764109134674,0.10991207510232925
30,3,64,20,0.5864657163619995,0.10057299584150314
30,3,64,21,0.513028085231781,0.16970165073871613
30,3,64,22,0.5650113224983215,0.13201436400413513
30,3,64,23,0.4976678192615509,0.17071956396102905
30,3,64,24,0.3095824718475342,0.0944942757487297
30,3,64,25,0.5235311985015869,0.1308121234178543
30,3,64,26,0.3932519257068634,0.10873151570558548
30,3,64,27,0.5046089291572571,0.10222699493169785
30,3,64,28,0.4554320275783539,0.12091471254825592
30,3,64,29,0.4835023581981659,0.10049817711114883
30,3,64,30,0.35641348361968994,0.10556302219629288
30,3,64,31,0.5019674897193909,0.21038377285003662
30,3,64,32,0.5172155499458313,0.196343794465065
30,3,64,33,0.5836549997329712,0.15810221433639526
30,3,64,34,0.46520066261291504,0.14310131967067719
30,3,64,35,0.5285974740982056,0.13514436781406403
30,3,64,36,0.4257648289203644,0.12468000501394272
30,3,64,37,0.4802384674549103,0.16032640635967255
30,3,64,38,0.5168301463127136,0.17993295192718506
30,3,64,39,0.4056442081928253,0.19257566332817078
30,3,64,40,0.5790597796440125,0.2044752836227417
30,3,64,41,0.37134307622909546,0.12137226015329361
30,3,64,42,0.6196075081825256,0.21870331466197968
30,3,64,43,0.5043088793754578,0.22015047073364258
30,3,64,44,0.533113420009613,0.12652528285980225
30,3,64,45,0.6565585136413574,0.1280594766139984
30,3,64,46,0.5274617075920105,0.12116825580596924
30,3,64,47,0.3068798780441284,0.13136135041713715
30,3,64,48,0.5198961496353149,0.2645017206668854
30,3,64,49,0.4844115972518921,0.052580878138542175
30,3,64,50,0.637998104095459,0.13581714034080505
30,3,64,51,0.5097107887268066,0.199842169880867
30,3,64,52,0.5909321308135986,0.09764350205659866
30,3,64,53,0.5065176486968994,0.25041431188583374
30,3,64,54,0.43676915764808655,0.0878148302435875
30,3,64,55,0.5818806886672974,0.14702506363391876
30,3,64,56,0.4503331184387207,0.2365051507949829
30,3,64,57,0.5356478691101074,0.16930517554283142
30,3,64,58,0.37009987235069275,0.1270531564950943
30,3,64,59,0.623924970626831,0.08127222955226898
30,3,64,60,0.37862294912338257,0.15104538202285767
30,3,64,61,0.524250864982605,0.1037323847413063
30,3,64,62,0.5836586356163025,0.08609060943126678
30,3,64,63,0.4152238070964813,0.23348656296730042
30,4,128,0,0.29039156436920166,0.20556582510471344
30,4,128,1,0.592089056968689,0.211350679397583
30,4,128,2,0.43750983476638794,0.35369476675987244
30,4,128,3,0.8190652132034302,0.08644970506429672
30,4,128,4,0.44661271572113037,0.09791253507137299
30,4,128,5,0.5516626238822937,0.2697528302669525
30,4,128,6,0.5794375538825989,0.152906134724617
30,4,128,7,0.7214685678482056,0.2721015214920044
30,4,128,8,0.38787683844566345,0.39102107286453247
30,4,128,9,0.6314311027526855,0.34930434823036194
30,4,128,10,0.38486549258232117,0.3643271327018738
30,4,128,11,0.4326726198196411,0.1286824643611908
30,4,128,12,0.612112820148468,0.26139506697654724
30,4,128,13,0.5503405332565308,0.08585096150636673
30,4,128,14,0.6773900985717773,0.10636474192142487
30,4,128,15,0.3731463551521301,0.27336934208869934
30,4,128,16,0.7542828917503357,0.1479279100894928
30,4,128,17,0.6433359384536743,0.25122934579849243
30,4,128,18,0.49619239568710327,0.10829304903745651
30,4,128,19,0.39295852184295654,0.12659823894500732
30,4,128,20,0.3978208601474762,0.3846983015537262
30,4,128,21,0.8480480313301086,0.09961000829935074
30,4,128,22,0.3603452742099762,0.12724772095680237
30,4,128,23,0.5176212787628174,0.2624755799770355
30,4,128,24,0.19291120767593384,0.0871092900633812
30,4,128,25,0.4612889587879181,0.1778617799282074
30,4,128,26,0.5913033485412598,0.15892422199249268
30,4,128,27,0.31457266211509705,0.2743178904056549
30,4,128,28,0.6776419878005981,0.25510063767433167
30,4,128,29,0.5613569617271423,0.18013328313827515
30,4,128,30,0.5919360518455505,0.26598891615867615
30,4,128,31,0.4950960874557495,0.3121180534362793
30,4,128,32,0.6369054317474365,0.25438693165779114
30,4,128,33,0.6440845727920532,0.3560771942138672
30,4,128,34,0.8459116220474243,0.09106184542179108
30,4,128,35,0.3686431646347046,0.34847524762153625
30,4,128,36,0.6990817189216614,0.09128295630216599
30,4,128,37,0.6407307982444763,0.40162432193756104
30,4,128,38,0.6774764060974121,0.1326788365840912
30,4,128,39,0.3399601876735687,0.27442046999931335
30,4,128,40,0.48281005024909973,0.2332276999950409
30,4,128,41,0.5258476138114929,0.219320610165596
30,4,128,42,0.6585527062416077,0.18803924322128296
30,4,128,43,0.6484389305114746,0.09013979136943817
30,4,128,44,0.7237637639045715,0.12038298696279526
30,4,128,45,0.7287703156471252,0.10918346047401428
30,4,128,46,0.4406067132949829,0.3539354205131531
30,4,128,47,0.4244675040245056,0.07109612226486206
30,4,128,48,0.4259433448314667,0.3180784583091736
30,4,128,49,0.17298145592212677,0.09936144948005676
30,4,128,50,0.41796621680259705,0.1109209731221199
30,4,128,51,0.6496710181236267,0.24491211771965027
30,4,128,52,0.7327763438224792,0.2202395796775818
30,4,128,53,0.6575025320053101,0.28197208046913147
30,4,128,54,0.5966266989707947,0.356830894947052
30,4,128,55,0.6485968232154846,0.323967844247818
30,4,128,56,0.5419718623161316,0.2522924244403839
30,4,128,57,0.6209720373153687,0.19177699089050293
30,4,128,58,0.5330139398574829,0.20625321567058563
30,4,128,59,0.6380844116210938,0.29282352328300476
30,4,128,60,0.6637144684791565,0.10755457729101181
30,4,128,61,0.5550206899642944,0.11497069150209427
30,4,128,62,0.4412497878074646,0.153500035405159
30,4,128,63,0.3991090655326843,0.28505539894104004
30,4,128,64,0.7661387324333191,0.10658740997314453
30,4,128,65,0.6323584914207458,0.245414599776268
30,4,128,66,0.8045558333396912,0.0986529216170311
30,4,128,67,0.6202526092529297,0.32287269830703735
30,4,128,68,0.48566120862960815,0.31616729497909546
30,4,128,69,0.8207578659057617,0.08837318420410156
30,4,128,70,0.3917784094810486,0.0930924266576767
30,4,128,71,0.6381912231445312,0.14065933227539062
30,4,128,72,0.37039661407470703,0.2587504982948303
30,4,128,73,0.6384873986244202,0.2383478879928589
30,4,128,74,0.6172612905502319,0.3031289875507355
30,4,128,75,0.5459743142127991,0.1287670135498047
30,4,128,76,0.4285581707954407,0.3473564088344574
30,4,128,77,0.6267457008361816,0.3423558473587036
30,4,128,78,0.6776685118675232,0.28306618332862854
30,4,128,79,0.3716535270214081,0.3119054436683655
30,4,128,80,0.4117935001850128,0.32534709572792053
30,4,128,81,0.4947431981563568,0.22360244393348694
30,4,128,82,0.41810235381126404,0.3202954828739166
30,4,128,83,0.45511913299560547,0.18914984166622162
30,4,128,84,0.6576703786849976,0.2618319094181061
30,4,128,85,0.6261908411979675,0.39062896370887756
30,4,128,86,0.42913100123405457,0.31679919362068176
30,4,128,87,0.8378624320030212,0.08067809790372849
30,4,128,88,0.7211216688156128,0.2488803118467331
30,4,128,89,0.7694002389907837,0.2582336664199829
30,4,128,90,0.41607600450515747,0.15241481363773346
30,4,128,91,0.6823964715003967,0.283862829208374
30,4,128,92,0.6520211696624756,0.14800022542476654
30,4,128,93,0.6987738013267517,0.2663830518722534
30,4,128,94,0.6441338062286377,0.08657383918762207
30,4,128,95,0.34667545557022095,0.09601840376853943
30,4,128,96,0.7120764255523682,0.2777532935142517
30,4,128,97,0.5816758871078491,0.15160255134105682
30,4,128,98,0.7883297801017761,0.15476824343204498
30,4,128,99,0.6045655608177185,0.19300799071788788
30,4,128,100,0.1857789158821106,0.16143915057182312
30,4,128,101,0.6886686086654663,0.26656651496887207
30,4,128,102,0.5979154109954834,0.3489301800727844
30,4,128,103,0.3194996416568756,0.21474498510360718
30,4,128,104,0.5076116323471069,0.20807315409183502
30,4,128,105,0.7126484513282776,0.05025702714920044
30,4,128,106,0.6280902028083801,0.3645132780075073
30,4,128,107,0.8290438055992126,0.13838757574558258
30,4,128,108,0.33537498116493225,0.08314739912748337
30,4,128,109,0.6914777755737305,0.13244949281215668
30,4,128,110,0.5711589455604553,0.159537211060524
30,4,128,111,0.754185676574707,0.17087645828723907
30,4,128,112,0.5902060866355896,0.20730870962142944
30,4,128,113,0.28762683272361755,0.23132595419883728
30,4,128,114,0.6541632413864136,0.08706600964069366
30,4,128,115,0.610050618648529,0.2802436649799347
30,4,128,116,0.3465903401374817,0.07678800821304321
30,4,128,117,0.6617091298103333,0.29059645533561707
30,4,128,118,0.6590725779533386,0.12169264256954193
30,4,128,119,0.6418732404708862,0.13946358859539032
30,4,128,120,0.4494251310825348,0.10448822379112244
30,4,128,121,0.3282478153705597,0.31448838114738464
30,4,128,122,0.665640652179718,0.20914213359355927
30,4,128,123,0.5669857859611511,0.2658204734325409
30,4,128,124,0.3664069175720215,0.3065931499004364
30,4,128,125,0.577987551689148,0.20736077427864075
30,4,128,126,0.7159615159034729,0.24705682694911957
30,4,128,127,0.5580812692642212,0.19569626450538635
30,5,128,0,0.3947056829929352,0.24230246245861053
30,5,128,1,0.4050338566303253,0.2685112953186035
30,5,128,2,0.6488348245620728,0.0983549952507019
30,5,128,3,0.8384425640106201,0.09616988152265549
30,5,128,4,0.8480963706970215,0.1468954086303711
30,5,128,5,0.7284989356994629,0.17892329394817352
30,5,128,6,0.4615037143230438,0.3039044737815857
30,5,128,7,0.5362663865089417,0.24902363121509552
30,5,128,8,0.600490391254425,0.15735399723052979
30,5,128,9,0.8352289795875549,0.054184045642614365
30,5,128,10,0.5038812160491943,0.1954956352710724
30,5,128,11,0.5755100250244141,0.224502831697464
30,5,128,12,0.7622763514518738,0.12143252789974213
30,5,128,13,0.8998334407806396,0.0839361697435379
30,5,128,14,0.634978711605072,0.2235831916332245
30,5,128,15,0.7876463532447815,0.1042390987277031
30,5,128,16,0.8378143906593323,0.0729692131280899
30,5,128,17,0.7679451704025269,0.243887796998024
30,5,128,18,0.5619091391563416,0.20021408796310425
30,5,128,19,0.6729423999786377,0.18779776990413666
30,5,128,20,0.5261852741241455,0.20171143114566803
30,5,128,21,0.718357264995575,0.13260199129581451
30,5,128,22,0.7535476684570312,0.15388481318950653
30,5,128,23,0.6710021495819092,0.23970867693424225
30,5,128,24,0.6541885733604431,0.19338883459568024
30,5,128,25,0.5102619528770447,0.13075360655784607
30,5,128,26,0.6159694194793701,0.14370982348918915
30,5,128,27,0.6573029160499573,0.2551279366016388
30,5,128,28,0.8020663261413574,0.17035765945911407
30,5,128,29,0.6072266697883606,0.16913072764873505
30,5,128,30,0.5589851140975952,0.19566278159618378
30,5,128,31,0.7698062062263489,0.16773086786270142
30,5,128,32,0.8229907751083374,0.07567020505666733
30,5,128,33,0.7838418483734131,0.13052700459957123
30,5,128,34,0.7526553273200989,0.08784541487693787
30,5,128,35,0.6791155934333801,0.1834549903869629
30,5,128,36,0.7878124713897705,0.10394325107336044
30,5,128,37,0.7526583671569824,0.1297452449798584
30,5,128,38,0.8272592425346375,0.12929527461528778
30,5,128,39,0.7474753260612488,0.0807751715183258
30,5,128,40,0.6663296818733215,0.1860344260931015
30,5,128,41,0.5496020913124084,0.14404146373271942
30,5,128,42,0.7119053602218628,0.25959956645965576
30,5,128,43,0.8463971614837646,0.12662938237190247
30,5,128,44,0.8055453300476074,0.18151934444904327
30,5,128,45,0.5942605137825012,0.15778778493404388
30,5,128,46,0.7506790161132812,0.08889512717723846
30,5,128,47,0.6512665152549744,0.21408578753471375
30,5,128,48,0.6226410269737244,0.18740825355052948
30,5,128,49,0.5675651431083679,0.25949156284332275
30,5,128,50,0.5434906482696533,0.09958221763372421
30,5,128,51,0.7904090285301208,0.08778581768274307
30,5,128,52,0.4087652862071991,0.13406828045845032
30,5,128,53,0.8133316040039062,0.14447280764579773
30,5,128,54,0.6846926212310791,0.24090470373630524
30,5,128,55,0.7196868658065796,0.07464069128036499
30,5,128,56,0.8153186440467834,0.08008655905723572
30,5,128,57,0.7610101699829102,0.16738422214984894
30,5,128,58,0.8583512902259827,0.06022361293435097
30,5,128,59,0.6910218000411987,0.10520045459270477
30,5,128,60,0.8533239364624023,0.06008889153599739
30,5,128,61,0.6082427501678467,0.17717094719409943
30,5,128,62,0.6404420137405396,0.11554117500782013
30,5,128,63,0.8051015138626099,0.14990541338920593
30,5,128,64,0.8180212378501892,0.1392206996679306
30,5,128,65,0.6853694915771484,0.08992894738912582
30,5,128,66,0.84567791223526,0.10908623039722443
30,5,128,67,0.6945030689239502,0.11057840287685394
30,5,128,68,0.8313239216804504,0.056177690625190735
30,5,128,69,0.7301769852638245,0.07749877125024796
30,5,128,70,0.5783951878547668,0.23731952905654907
30,5,128,71,0.6703227162361145,0.19545114040374756
30,5,128,72,0.5026506781578064,0.20129679143428802
30,5,128,73,0.7873559594154358,0.20391693711280823
30,5,128,74,0.7948720455169678,0.08959786593914032
30,5,128,75,0.8036274909973145,0.07724136114120483
30,5,128,76,0.8177676796913147,0.0804472342133522
30,5,128,77,0.7965419292449951,0.20902228355407715
30,5,128,78,0.7404342889785767,0.2276085615158081
30,5,128,79,0.7678958773612976,0.16873960196971893
30,5,128,80,0.4158417582511902,0.20806093513965607
30,5,128,81,0.6351873874664307,0.11314952373504639
30,5,128,82,0.8509554862976074,0.11052510887384415
30,5,128,83,0.6661500334739685,0.13177114725112915
30,5,128,84,0.6472397446632385,0.22521346807479858
30,5,128,85,0.7991775274276733,0.08887288719415665
30,5,128,86,0.707188606262207,0.08523410558700562
30,5,128,87,0.8044463396072388,0.13866159319877625
30,5,128,88,0.6094378232955933,0.1533391922712326
30,5,128,89,0.8067489862442017,0.2007674276828766
30,5,128,90,0.5539844036102295,0.1057346910238266
30,5,128,91,0.6575506925582886,0.10827246308326721
30,5,128,92,0.5714571475982666,0.1801440566778183
30,5,128,93,0.570383608341217,0.25573214888572693
30,5,128,94,0.6031025052070618,0.18761731684207916
30,5,128,95,0.5660720467567444,0.12032264471054077
30,5,128,96,0.5048180222511292,0.250392884016037
30,5,128,97,0.5192472338676453,0.25615209341049194
30,5,128,98,0.6745752096176147,0.12355229258537292
30,5,128,99,0.818856418132782,0.11866627633571625
30,5,128,100,0.4503614008426666,0.2212073802947998
30,5,128,101,0.691652774810791,0.24477578699588776
30,5,128,102,0.627930223941803,0.14076384902000427
30,5,128,103,0.5366368889808655,0.2061731517314911
30,5,128,104,0.7429167032241821,0.24961617588996887
30,5,128,105,0.823727011680603,0.18424895405769348
30,5,128,106,0.702939510345459,0.17344851791858673
30,5,128,107,0.8916605710983276,0.052534319460392
30,5,128,108,0.6593466997146606,0.28684842586517334
30,5,128,109,0.6813780069351196,0.1175970733165741
30,5,128,110,0.8541978597640991,0.08214955031871796
30,5,128,111,0.7260322570800781,0.15625780820846558
30,5,128,112,0.797329843044281,0.14649845659732819
30,5,128,113,0.8007546663284302,0.07546872645616531
30,5,128,114,0.8156607747077942,0.14780326187610626
30,5,128,115,0.4807272255420685,0.19315984845161438
30,5,128,116,0.6702016592025757,0.12827536463737488
30,5,128,117,0.5797172784805298,0.17771071195602417
30,5,128,118,0.8048800230026245,0.13160859048366547
30,5,128,119,0.7869356870651245,0.18937133252620697
30,5,128,120,0.5762215256690979,0.10795962065458298
30,5,128,121,0.4370744228363037,0.2137257158756256
30,5,128,122,0.7667490243911743,0.1843886524438858
30,5,128,123,0.7664499878883362,0.2196619063615799
30,5,128,124,0.6346900463104248,0.0723787173628807
30,5,128,125,0.6648845076560974,0.20051559805870056
30,5,128,126,0.7897772192955017,0.07126137614250183
30,5,128,127,0.77813720703125,0.15134617686271667
31,0,32,0,0.5528626441955566,0.052489761263132095
31,0,32,1,0.5380974411964417,0.10320617258548737
31,0,32,2,0.49156835675239563,0.06427884846925735
31,0,32,3,0.48587319254875183,0.030448341742157936
31,0,32,4,0.2678569555282593,0.08531517535448074
31,0,32,5,0.4070202708244324,0.044688161462545395
31,0,32,6,0.4931180775165558,0.06739946454763412
31,0,32,7,0.28080540895462036,0.09024318307638168
31,0,32,8,0.5158026814460754,0.06942575424909592
31,0,32,9,0.4491501748561859,0.10051359981298447
31,0,32,10,0.49923497438430786,0.07163646072149277
31,0,32,11,0.6088977456092834,0.08482246100902557
31,0,32,12,0.34051546454429626,0.08338377624750137
31,0,32,13,0.5097373723983765,0.060520853847265244
31,0,32,14,0.45441755652427673,0.06880736351013184
31,0,32,15,0.5019585490226746,0.05595080554485321
31,0,32,16,0.6047053337097168,0.043052542954683304
31,0,32,17,0.5563084483146667,0.08314646780490875
31,0,32,18,0.5716901421546936,0.07585962861776352
31,0,32,19,0.40207433700561523,0.0646013393998146
31,0,32,20,0.4727513790130615,0.09859255701303482
31,0,32,21,0.48271405696868896,0.10601763427257538
31,0,32,22,0.6235962510108948,0.10292046517133713
31,0,32,23,0.5624670386314392,0.041872233152389526
31,0,32,24,0.6173313856124878,0.07150480896234512
31,0,32,25,0.49412479996681213,0.055397260934114456
31,0,32,26,0.36247819662094116,0.08177782595157623
31,0,32,27,0.6237441301345825,0.10158630460500717
31,0,32,28,0.6081216335296631,0.08723967522382736
31,0,32,29,0.4441640377044678,0.08256173133850098
31,0,32,30,0.4016774296760559,0.04777985066175461
31,0,32,31,0.40407973527908325,0.03941275551915169
31,1,32,0,0.5510942339897156,0.03159995377063751
31,1,32,1,0.38395220041275024,0.13244688510894775
31,1,32,2,0.5697812438011169,0.07125237584114075
31,1,32,3,0.47121378779411316,0.057309236377477646
31,1,32,4,0.5092487335205078,0.03737230971455574
31,1,32,5,0.4713042974472046,0.05267806351184845
31,1,32,6,0.30258306860923767,0.041548773646354675
31,1,32,7,0.6459622979164124,0.04912412166595459
31,1,32,8,0.43585559725761414,0.031754691153764725
31,1,32,9,0.47136685252189636,0.08036608248949051
31,1,32,10,0.44069480895996094,0.05312824994325638
31,1,32,11,0.6370140314102173,0.07697641104459763
31,1,32,12,0.7254883646965027,0.06381920725107193
31,1,32,13,0.4374805688858032,0.059589482843875885
31,1,32,14,0.675330638885498,0.06817693263292313
31,1,32,15,0.5825100541114807,0.04920905455946922
31,1,32,16,0.5148987174034119,0.04325250908732414
31,1,32,17,0.4468429982662201,0.03613540530204773
31,1,32,18,0.48821642994880676,0.03184992074966431
31,1,32,19,0.5255778431892395,0.10310181975364685
31,1,32,20,0.40528374910354614,0.08494305610656738
31,1,32,21,0.4902571737766266,0.05377472937107086
31,1,32,22,0.4835488498210907,0.05577933415770531
31,1,32,23,0.5440312027931213,0.02456647716462612
31,1,32,24,0.3841037452220917,0.042754195630550385
31,1,32,25,0.5702458024024963,0.10758928954601288
31,1,32,26,0.3736603558063507,0.06384582817554474
31,1,32,27,0.6055944561958313,0.029169708490371704
31,1,32,28,0.38136327266693115,0.04294073209166527
31,1,32,29,0.41678255796432495,0.10682331770658493
31,1,32,30,0.559326708316803,0.10463782399892807
31,1,32,31,0.47542402148246765,0.020279977470636368
31,2,64,0,0.6217873692512512,0.09603478014469147
31,2,64,1,0.41942915320396423,0.1398008018732071
31,2,64,2,0.6122722625732422,0.16494472324848175
31,2,64,3,0.4671713709831238,0.23123307526111603
31,2,64,4,0.6309564113616943,0.13098269701004028
31,2,64,5,0.5205865502357483,0.20612868666648865
31,2,64,6,0.752403974533081,0.18383128941059113
31,2,64,7,0.3914426863193512,0.2166273146867752
31,2,64,8,0.47542500495910645,0.12576726078987122
31,2,64,9,0.6610825061798096,0.3103584051132202
31,2,64,10,0.5540993213653564,0.16570132970809937
31,2,64,11,0.49647077918052673,0.13764861226081848
31,2,64,12,0.5361413359642029,0.09729842096567154
31,2,64,13,0.5543612241744995,0.28890225291252136
31,2,64,14,0.41452276706695557,0.30116498470306396
31,2,64,15,0.5636677145957947,0.15631414949893951
31,2,64,16,0.4956955313682556,0.20876358449459076
31,2,64,17,0.6481346487998962,0.1960751861333847
31,2,64,18,0.6160433888435364,0.2612943649291992
31,2,64,19,0.7340477705001831,0.1451820582151413
31,2,64,20,0.5468334555625916,0.1197689101099968
31,2,64,21,0.4598148763179779,0.22634120285511017
31,2,64,22,0.3156334459781647,0.11784102767705917
31,2,64,23,0.5190977454185486,0.2736567258834839
31,2,64,24,0.5327563881874084,0.25775212049484253
31,2,64,25,0.5272839069366455,0.19766665995121002
31,2,64,26,0.579105019569397,0.15776704251766205
31,2,64,27,0.4200979769229889,0.2149430811405182
31,2,64,28,0.5862581133842468,0.19812743365764618
31,2,64,29,0.5016766786575317,0.24842092394828796
31,2,64,30,0.5415629148483276,0.28250110149383545
31,2,64,31,0.3364633321762085,0.1781633496284485
31,2,64,32,0.7855472564697266,0.16380058228969574
31,2,64,33,0.49457868933677673,0.15658670663833618
31,2,64,34,0.44665879011154175,0.14300121366977692
31,2,64,35,0.3453861176967621,0.12119892239570618
31,2,64,36,0.5723028779029846,0.18841874599456787
31,2,64,37,0.33250871300697327,0.09604965895414352
31,2,64,38,0.5673360824584961,0.13159607350826263
31,2,64,39,0.3151687979698181,0.06105496361851692
31,2,64,40,0.6708633899688721,0.14254049956798553
31,2,64,41,0.4447276294231415,0.1572432667016983
31,2,64,42,0.3828589618206024,0.1542157381772995
31,2,64,43,0.585799515247345,0.1984628289937973
31,2,64,44,0.5887232422828674,0.277413010597229
31,2,64,45,0.4512254297733307,0.10617117583751678
31,2,64,46,0.5189889669418335,0.11397526413202286
31,2,64,47,0.45385950803756714,0.19711139798164368
31,2,64,48,0.7338274717330933,0.16209134459495544
31,2,64,49,0.478796124458313,0.19702304899692535
31,2,64,50,0.553740382194519,0.14636841416358948
31,2,64,51,0.48545077443122864,0.18552266061306
31,2,64,52,0.4154626131057739,0.20065003633499146
31,2,64,53,0.526611864566803,0.1901329755783081
31,2,64,54,0.52370685338974,0.059851840138435364
31,2,64,55,0.49693700671195984,0.26299625635147095
31,2,64,56,0.42270800471305847,0.1683436781167984
31,2,64,57,0.5768001675605774,0.2375822514295578
31,2,64,58,0.4603051543235779,0.08858967572450638
31,2,64,59,0.64220130443573,0.10549743473529816
31,2,64,60,0.5665550827980042,0.1498757004737854
31,2,64,61,0.6827297806739807,0.09501058608293533
31,2,64,62,0.47666487097740173,0.09923527389764786
31,2,64,63,0.4761054515838623,0.242029070854187
31,3,64,0,0.6305537819862366,0.12762005627155304
31,3,64,1,0.5209823250770569,0.1932140439748764
31,3,64,2,0.5306392312049866,0.05493229627609253
31,3,64,3,0.570317268371582,0.13029929995536804
31,3,64,4,0.48340243101119995,0.2339073121547699
31,3,64,5,0.3314222991466522,0.08270515501499176
31,3,64,6,0.4585261642932892,0.20420481264591217
31,3,64,7,0.3562150299549103,0.07688863575458527
31,3,64,8,0.6150799989700317,0.1527404934167862
31,3,64,9,0.380287230014801,0.11528516560792923
31,3,64,10,0.3480205237865448,0.11481443792581558
31,3,64,11,0.49603787064552307,0.08288048207759857
31,3,64,12,0.4181990325450897,0.07976634055376053
31,3,64,13,0.4958544373512268,0.1398983597755432
31,3,64,14,0.5879209041595459,0.19612114131450653
31,3,64,15,0.3363998234272003,0.07211404293775558
31,3,64,16,0.5760090351104736,0.09921310096979141
31,3,64,17,0.478194922208786,0.17969436943531036
31,3,64,18,0.3533177077770233,0.12218813598155975
31,3,64,19,0.6519998908042908,0.08208084106445312
31,3,64,20,0.5721085071563721,0.12151884287595749
31,3,64,21,0.4234989583492279,0.14389315247535706
31,3,64,22,0.508253812789917,0.11353882402181625
31,3,64,23,0.5670406222343445,0.1270962357521057
31,3,64,24,0.3438718318939209,0.13570907711982727
31,3,64,25,0.5477977395057678,0.2584892213344574
31,3,64,26,0.45320889353752136,0.1092054471373558
31,3,64,27,0.600924551486969,0.1252359002828598
31,3,64,28,0.5607555508613586,0.14144496619701385
31,3,64,29,0.6823606491088867,0.11757143586874008
31,3,64,30,0.5524344444274902,0.15640591084957123
31,3,64,31,0.28883621096611023,0.11096610873937607
31,3,64,32,0.5534924864768982,0.1929284632205963
31,3,64,33,0.2814130485057831,0.1047477275133133
31,3,64,34,0.5015008449554443,0.08520089834928513
31,3,64,35,0.2977166771888733,0.11186050623655319
31,3,64,36,0.5914084911346436,0.15753786265850067
31,3,64,37,0.5154130458831787,0.07214537262916565
31,3,64,38,0.5764865279197693,0.10997821390628815
31,3,64,39,0.6610075235366821,0.16398543119430542
31,3,64,40,0.524996817111969,0.043599583208560944
31,3,64,41,0.3698461651802063,0.11704841256141663
31,3,64,42,0.7021589279174805,0.13016647100448608
31,3,64,43,0.6281254887580872,0.20937076210975647
31,3,64,44,0.5522580742835999,0.20217105746269226
31,3,64,45,0.3931727409362793,0.12348248064517975
31,3,64,46,0.5666347146034241,0.08318465203046799
31,3,64,47,0.4330664575099945,0.0941193550825119
31,3,64,48,0.42846494913101196,0.07100493460893631
31,3,64,49,0.747397243976593,0.13115867972373962
31,3,64,50,0.4598050117492676,0.17941604554653168
31,3,64,51,0.6694386005401611,0.07719941437244415
31,3,64,52,0.4495448172092438,0.12117990851402283
31,3,64,53,0.6294068098068237,0.1271299421787262
31,3,64,54,0.3806801438331604,0.07876206189393997
31,3,64,55,0.4590088427066803,0.18545545637607574
31,3,64,56,0.5121386051177979,0.1860843002796173
31,3,64,57,0.4553556740283966,0.10188470780849457
31,3,64,58,0.4008939564228058,0.2366272211074829
31,3,64,59,0.4854077398777008,0.11817991733551025
31,3,64,60,0.45276695489883423,0.14457887411117554
31,3,64,61,0.5478830337524414,0.2997985780239105
31,3,64,62,0.5544978976249695,0.08045846968889236
31,3,64,63,0.46352770924568176,0.1998182237148285
31,4,128,0,0.6896826028823853,0.18225523829460144
31,4,128,1,0.7378221750259399,0.28346747159957886
31,4,128,2,0.2849218249320984,0.23561827838420868
31,4,128,3,0.3334644138813019,0.2669185400009155
31,4,128,4,0.5850290060043335,0.10484221577644348
31,4,128,5,0.4364665448665619,0.2867591679096222
31,4,128,6,0.48757433891296387,0.21962116658687592
31,4,128,7,0.6619005799293518,0.2759057581424713
31,4,128,8,0.5894516706466675,0.22345179319381714
31,4,128,9,0.6351072192192078,0.1365257203578949
31,4,128,10,0.6621105074882507,0.3176772892475128
31,4,128,11,0.32588839530944824,0.21493767201900482
31,4,128,12,0.722503125667572,0.27310532331466675
31,4,128,13,0.4617636799812317,0.32390275597572327
31,4,128,14,0.4626084864139557,0.1812654584646225
31,4,128,15,0.6635602712631226,0.0823146253824234
31,4,128,16,0.5076465606689453,0.023485682904720306
31,4,128,17,0.5806511044502258,0.1986854374408722
31,4,128,18,0.686443567276001,0.13223576545715332
31,4,128,19,0.7251990437507629,0.1205962747335434
31,4,128,20,0.7206729054450989,0.13800472021102905
31,4,128,21,0.338234543800354,0.15578937530517578
31,4,128,22,0.5916491150856018,0.08688919246196747
31,4,128,23,0.5399537682533264,0.07918182015419006
31,4,128,24,0.43658584356307983,0.08659528195858002
31,4,128,25,0.7940806150436401,0.07708533108234406
31,4,128,26,0.6033715009689331,0.08626984804868698
31,4,128,27,0.7557364106178284,0.08354676514863968
31,4,128,28,0.5473359823226929,0.15072417259216309
31,4,128,29,0.6637037992477417,0.2456790655851364
31,4,128,30,0.617600679397583,0.3532898426055908
31,4,128,31,0.4044567048549652,0.14894168078899384
31,4,128,32,0.43131548166275024,0.32986733317375183
31,4,128,33,0.7121479511260986,0.23428890109062195
31,4,128,34,0.6851373314857483,0.09792923927307129
31,4,128,35,0.6582525372505188,0.16914436221122742
31,4,128,36,0.6491909027099609,0.08943606168031693
31,4,128,37,0.7026423811912537,0.27087539434432983
31,4,128,38,0.5812318325042725,0.1308917999267578
31,4,128,39,0.3384890854358673,0.22092661261558533
31,4,128,40,0.6543772220611572,0.2579247057437897
31,4,128,41,0.7950820922851562,0.23557643592357635
31,4,128,42,0.6064548492431641,0.164565771818161
31,4,128,43,0.4094107151031494,0.2679959535598755
31,4,128,44,0.635172426700592,0.16904334723949432
31,4,128,45,0.6420177221298218,0.2806573212146759
31,4,128,46,0.36652320623397827,0.16077010333538055
31,4,128,47,0.38515639305114746,0.18158644437789917
31,4,128,48,0.6398295164108276,0.18168866634368896
31,4,128,49,0.4228264093399048,0.2417682707309723
31,4,128,50,0.7246940732002258,0.12275203317403793
31,4,128,51,0.7256432771682739,0.21367071568965912
31,4,128,52,0.3856310546398163,0.3302639126777649
31,4,128,53,0.6821651458740234,0.1403907984495163
31,4,128,54,0.661115825176239,0.25140613317489624
31,4,128,55,0.28017497062683105,0.08150038868188858
31,4,128,56,0.6724584102630615,0.2599714696407318
31,4,128,57,0.7761005759239197,0.12028147280216217
31,4,128,58,0.577540397644043,0.10330779105424881
31,4,128,59,0.7175313830375671,0.20724819600582123
31,4,128,60,0.2991848289966583,0.2601412236690521
31,4,128,61,0.750006377696991,0.09849365800619125
31,4,128,62,0.6720659732818604,0.24840007722377777
31,4,128,63,0.824651300907135,0.10942517966032028
31,4,128,64,0.6348660588264465,0.27377817034721375
31,4,128,65,0.46431049704551697,0.23325926065444946
31,4,128,66,0.3742313086986542,0.21601779758930206
31,4,128,67,0.6955033540725708,0.14141221344470978
31,4,128,68,0.41174742579460144,0.07500600069761276
31,4,128,69,0.7039076685905457,0.2830857038497925
31,4,128,70,0.6261587142944336,0.22910176217556
31,4,128,71,0.5440996885299683,0.160218745470047
31,4,128,72,0.7122309803962708,0.14415332674980164
31,4,128,73,0.5697344541549683,0.18425221741199493
31,4,128,74,0.6534656286239624,0.2614575922489166
31,4,128,75,0.7145987749099731,0.1956396847963333
31,4,128,76,0.26163238286972046,0.24680568277835846
31,4,128,77,0.31899380683898926,0.2011765092611313
31,4,128,78,0.6657074689865112,0.22776348888874054
31,4,128,79,0.6780039668083191,0.2186100035905838
31,4,128,80,0.3632185161113739,0.289427250623703
31,4,128,81,0.48783355951309204,0.16460348665714264
31,4,128,82,0.4904983937740326,0.16131062805652618
31,4,128,83,0.4368571639060974,0.1954570710659027
31,4,128,84,0.6669400334358215,0.2398049235343933
31,4,128,85,0.6863357424736023,0.16239362955093384
31,4,128,86,0.6452321410179138,0.1334768682718277
31,4,128,87,0.6261553168296814,0.28847020864486694
31,4,128,88,0.7014711499214172,0.14799760282039642
31,4,128,89,0.45120444893836975,0.13958261907100677
31,4,128,90,0.6810405254364014,0.10974416136741638
31,4,128,91,0.45017510652542114,0.16262586414813995
31,4,128,92,0.6296126842498779,0.29150110483169556
31,4,128,93,0.7022473216056824,0.11015564203262329
31,4,128,94,0.643017053604126,0.1236034631729126
31,4,128,95,0.5881614089012146,0.14077094197273254
31,4,128,96,0.5028027892112732,0.1398848593235016
31,4,128,97,0.6289221048355103,0.29978927969932556
31,4,128,98,0.6903516054153442,0.16017094254493713
31,4,128,99,0.32499977946281433,0.20094236731529236
31,4,128,100,0.7241911292076111,0.2972404658794403
31,4,128,101,0.6515991687774658,0.18613481521606445
31,4,128,102,0.7387406826019287,0.13101615011692047
31,4,128,103,0.3702739477157593,0.11058765649795532
31,4,128,104,0.7283800840377808,0.12357591837644577
31,4,128,105,0.4103848934173584,0.21503645181655884
31,4,128,106,0.6751809120178223,0.09934413433074951
31,4,128,107,0.4110318422317505,0.2311016321182251
31,4,128,108,0.7200857400894165,0.13718238472938538
31,4,128,109,0.705909252166748,0.225447416305542
31,4,128,110,0.6308336853981018,0.244815394282341
31,4,128,111,0.7021422386169434,0.11589959263801575
31,4,128,112,0.5092722177505493,0.15409864485263824
31,4,128,113,0.540489137172699,0.05514312535524368
31,4,128,114,0.7218742370605469,0.12993204593658447
31,4,128,115,0.679037868976593,0.1596757173538208
31,4,128,116,0.31704655289649963,0.2565661668777466
31,4,128,117,0.5217083692550659,0.11045435070991516
31,4,128,118,0.4733707010746002,0.1753586232662201
31,4,128,119,0.7128170132637024,0.07861528545618057
31,4,128,120,0.5732385516166687,0.2040843814611435
31,4,128,121,0.6756118535995483,0.26300591230392456
31,4,128,122,0.3989782929420471,0.10223914682865143
31,4,128,123,0.6868611574172974,0.2919936776161194
31,4,128,124,0.574364960193634,0.08894761651754379
31,4,128,125,0.6724666953086853,0.24363593757152557
31,4,128,126,0.6361801624298096,0.2176325023174286
31,4,128,127,0.28133898973464966,0.06771432608366013
31,5,128,0,0.5630438923835754,0.14136150479316711
31,5,128,1,0.7747488617897034,0.1267637461423874
31,5,128,2,0.36332738399505615,0.19059547781944275
31,5,128,3,0.7156255841255188,0.05519858002662659
31,5,128,4,0.4240539073944092,0.2732362151145935
31,5,128,5,0.8239614963531494,0.07948163151741028
31,5,128,6,0.5309119820594788,0.14847853779792786
31,5,128,7,0.7823120951652527,0.1437700241804123
31,5,128,8,0.5797743201255798,0.17790794372558594
31,5,128,9,0.7116402387619019,0.19849275052547455
31,5,128,10,0.762070894241333,0.16322357952594757
31,5,128,11,0.6457801461219788,0.08530481159687042
31,5,128,12,0.8177937269210815,0.12317901104688644
31,5,128,13,0.43341177701950073,0.2369445562362671
31,5,128,14,0.5270021557807922,0.05684272199869156
31,5,128,15,0.7285365462303162,0.13588003814220428
31,5,128,16,0.7242671847343445,0.1907774806022644
31,5,128,17,0.5548056960105896,0.17895150184631348
31,5,128,18,0.7465085387229919,0.1112607941031456
31,5,128,19,0.7484573721885681,0.11848653107881546
31,5,128,20,0.7232073545455933,0.09846966713666916
31,5,128,21,0.4994221031665802,0.18630915880203247
31,5,128,22,0.7154949903488159,0.11320165544748306
31,5,128,23,0.6024250388145447,0.06624700874090195
31,5,128,24,0.5520966649055481,0.10554096847772598
31,5,128,25,0.7217509746551514,0.16442076861858368
31,5,128,26,0.8107354640960693,0.08581410348415375
31,5,128,27,0.6375521421432495,0.09808823466300964
31,5,128,28,0.5369450449943542,0.17048579454421997
31,5,128,29,0.7441940903663635,0.16886349022388458
31,5,128,30,0.7749809622764587,0.14935711026191711
31,5,128,31,0.7680100202560425,0.10820238292217255
31,5,128,32,0.7043785452842712,0.20648784935474396
31,5,128,33,0.6868031620979309,0.20452827215194702
31,5,128,34,0.7081344127655029,0.09212497621774673
31,5,128,35,0.45213937759399414,0.09314776211977005
31,5,128,36,0.6669471263885498,0.1259184181690216
31,5,128,37,0.7868553996086121,0.12517908215522766
31,5,128,38,0.5645339488983154,0.1519506275653839
31,5,128,39,0.518385112285614,0.18042831122875214
31,5,128,40,0.5847987532615662,0.10810362547636032
31,5,128,41,0.7822563648223877,0.14910925924777985
31,5,128,42,0.5806847214698792,0.15516169369220734
31,5,128,43,0.5065712928771973,0.06946934759616852
31,5,128,44,0.47721150517463684,0.19034767150878906
31,5,128,45,0.7454996705055237,0.12753935158252716
31,5,128,46,0.41734084486961365,0.10347369313240051
31,5,128,47,0.4793038070201874,0.08995044976472855
31,5,128,48,0.6338127255439758,0.16983914375305176
31,5,128,49,0.3573787212371826,0.21864981949329376
31,5,128,50,0.6940945982933044,0.16727110743522644
31,5,128,51,0.6354914307594299,0.1217954009771347
31,5,128,52,0.5910319089889526,0.17558056116104126
31,5,128,53,0.6843858361244202,0.1623336672782898
31,5,128,54,0.49666473269462585,0.1956598460674286
31,5,128,55,0.46394598484039307,0.22912149131298065
31,5,128,56,0.7811902761459351,0.10300882160663605
31,5,128,57,0.5329474210739136,0.09600453078746796
31,5,128,58,0.692320704460144,0.14434584975242615
31,5,128,59,0.7775163650512695,0.10175853967666626
31,5,128,60,0.8178550004959106,0.1022685319185257
31,5,128,61,0.7393060326576233,0.09039386361837387
31,5,128,62,0.7177109718322754,0.13089770078659058
31,5,128,63,0.7345510125160217,0.17695309221744537
31,5,128,64,0.6914873123168945,0.17024607956409454
31,5,128,65,0.46109890937805176,0.18597665429115295
31,5,128,66,0.7250538468360901,0.13963650166988373
31,5,128,67,0.5778836011886597,0.14333151280879974
31,5,128,68,0.7669150829315186,0.14510278403759003
31,5,128,69,0.7331216931343079,0.1905832439661026
31,5,128,70,0.6658561825752258,0.18136411905288696
31,5,128,71,0.708345353603363,0.08787117898464203
31,5,128,72,0.6252747178077698,0.11006109416484833
31,5,128,73,0.522925615310669,0.19190526008605957
31,5,128,74,0.6850444078445435,0.23870769143104553
31,5,128,75,0.6063700914382935,0.1329762041568756
31,5,128,76,0.5133914947509766,0.10514054447412491
31,5,128,77,0.7330436706542969,0.1346631646156311
31,5,128,78,0.47287338972091675,0.18195022642612457
31,5,128,79,0.6317102313041687,0.25142401456832886
31,5,128,80,0.7017853856086731,0.10890600085258484
31,5,128,81,0.7630571722984314,0.13226518034934998
31,5,128,82,0.7691516876220703,0.09663756936788559
31,5,128,83,0.43265414237976074,0.13963864743709564
31,5,128,84,0.489010214805603,0.14319592714309692
31,5,128,85,0.757013738155365,0.11742958426475525
31,5,128,86,0.6585933566093445,0.10750388354063034
31,5,128,87,0.7444491982460022,0.1499461680650711
31,5,128,88,0.7854827642440796,0.15866874158382416
31,5,128,89,0.7839498519897461,0.13504794239997864
31,5,128,90,0.7782838344573975,0.1069171130657196
31,5,128,91,0.7828166484832764,0.09530311077833176
31,5,128,92,0.799924910068512,0.09236705303192139
31,5,128,93,0.7860610485076904,0.1070035919547081
31,5,128,94,0.7999001741409302,0.10360243171453476
31,5,128,95,0.4630187451839447,0.1257898509502411
31,5,128,96,0.7207848429679871,0.10222231596708298
31,5,128,97,0.688288688659668,0.1917673945426941
31,5,128,98,0.445929616689682,0.19027447700500488
31,5,128,99,0.6971426606178284,0.10620689392089844
31,5,128,100,0.7675989270210266,0.15624172985553741
31,5,128,101,0.3756697475910187,0.19658927619457245
31,5,128,102,0.758582592010498,0.12640908360481262
31,5,128,103,0.6951819658279419,0.14447525143623352
31,5,128,104,0.7041265368461609,0.23493216931819916
31,5,128,105,0.47381049394607544,0.1631322205066681
31,5,128,106,0.7202097773551941,0.1526992917060852
31,5,128,107,0.6485814452171326,0.05989359691739082
31,5,128,108,0.7335560917854309,0.15394333004951477
31,5,128,109,0.7627698183059692,0.11790411174297333
31,5,128,110,0.6611217260360718,0.2242894321680069
31,5,128,111,0.6935958862304688,0.12305311113595963
31,5,128,112,0.592729389667511,0.09825317561626434
31,5,128,113,0.5278306007385254,0.09900563955307007
31,5,128,114,0.8108767867088318,0.1063198521733284
31,5,128,115,0.6835120916366577,0.17688573896884918
31,5,128,116,0.4900651276111603,0.06038852408528328
31,5,128,117,0.6492127776145935,0.20711512863636017
31,5,128,118,0.5310976505279541,0.145485982298851
31,5,128,119,0.7496742010116577,0.1522412747144699
31,5,128,120,0.7262772917747498,0.1045980229973793
31,5,128,121,0.6321211457252502,0.16450659930706024
31,5,128,122,0.40460076928138733,0.2197120189666748
31,5,128,123,0.7807885408401489,0.12629520893096924
31,5,128,124,0.7355449795722961,0.12981438636779785
31,5,128,125,0.7251920104026794,0.12490439414978027
31,5,128,126,0.7531063556671143,0.18460363149642944
31,5,128,127,0.5392872095108032,0.17621520161628723
32,0,32,0,0.4534589946269989,0.17028701305389404
32,0,32,1,0.5021429657936096,0.061157625168561935
32,0,32,2,0.4567158818244934,0.09661392867565155
32,0,32,3,0.6608824729919434,0.06058857962489128
32,0,32,4,0.49512091279029846,0.09213696420192719
32,0,32,5,0.492781400680542,0.07913818955421448
32,0,32,6,0.5140039920806885,0.05312040075659752
32,0,32,7,0.6289098262786865,0.06815756112337112
32,0,32,8,0.6065182685852051,0.0570392981171608
32,0,32,9,0.535332202911377,0.08783571422100067
32,0,32,10,0.6043552756309509,0.036156099289655685
32,0,32,11,0.43372881412506104,0.13851748406887054
32,0,32,12,0.6401728987693787,0.08000001311302185
32,0,32,13,0.41262301802635193,0.03219503536820412
32,0,32,14,0.6141986846923828,0.07947322726249695
32,0,32,15,0.46716931462287903,0.11357823759317398
32,0,32,16,0.44809314608573914,0.09556112438440323
32,0,32,17,0.5604691505432129,0.06983713805675507
32,0,32,18,0.5552040934562683,0.05273525416851044
32,0,32,19,0.47456884384155273,0.11182286590337753
32,0,32,20,0.4840623438358307,0.08386765420436859
32,0,32,21,0.4127998948097229,0.08276606351137161
32,0,32,22,0.44158703088760376,0.06809332966804504
32,0,32,23,0.40333348512649536,0.03743766248226166
32,0,32,24,0.34624022245407104,0.04887589067220688
32,0,32,25,0.5448055267333984,0.10389989614486694
32,0,32,26,0.394375205039978,0.03083796799182892
32,0,32,27,0.47054654359817505,0.048713456839323044
32,0,32,28,0.6395066380500793,0.04672282561659813
32,0,32,29,0.41805464029312134,0.08896913379430771
32,0,32,30,0.5492954850196838,0.0794270858168602
32,0,32,31,0.5526087880134583,0.046178918331861496
32,1,32,0,0.5053873062133789,0.21141226589679718
32,1,32,1,0.44216999411582947,0.1572856456041336
32,1,32,2,0.5605508685112,0.09107577800750732
32,1,32,3,0.4276013672351837,0.08586536347866058
32,1,32,4,0.560681939125061,0.15456523001194
32,1,32,5,0.4457889795303345,0.1317560225725174
32,1,32,6,0.6287045478820801,0.10011257976293564
32,1,32,7,0.38934287428855896,0.09734813123941422
32,1,32,8,0.6211779117584229,0.07808773219585419
32,1,32,9,0.5714761018753052,0.10858307778835297
32,1,32,10,0.5459637641906738,0.06028786674141884
32,1,32,11,0.634335458278656,0.09507734328508377
32,1,32,12,0.5640128254890442,0.05509214103221893
32,1,32,13,0.43580684065818787,0.15408679842948914
32,1,32,14,0.6054580807685852,0.10724390298128128
32,1,32,15,0.4130185544490814,0.1502130776643753
32,1,32,16,0.6380560994148254,0.07864274084568024
32,1,32,17,0.427336186170578,0.06517422944307327
32,1,32,18,0.32225778698921204,0.10894866287708282
32,1,32,19,0.5323935151100159,0.12290521711111069
32,1,32,20,0.5905104875564575,0.1168769896030426
32,1,32,21,0.4830404222011566,0.10433327406644821
32,1,32,22,0.47925347089767456,0.15174944698810577
32,1,32,23,0.6271138191223145,0.14232137799263
32,1,32,24,0.47371578216552734,0.04827936366200447
32,1,32,25,0.3943237364292145,0.12206907570362091
32,1,32,26,0.6776217222213745,0.07800036668777466
32,1,32,27,0.4053250551223755,0.08962703496217728
32,1,32,28,0.5835275650024414,0.11616397649049759
32,1,32,29,0.5760446190834045,0.12714335322380066
32,1,32,30,0.5104098916053772,0.06564969569444656
32,1,32,31,0.393155962228775,0.052952367812395096
32,2,64,0,0.4197520315647125,0.08660116046667099
32,2,64,1,0.4988749921321869,0.16973678767681122
32,2,64,2,0.5968265533447266,0.08933539688587189
32,2,64,3,0.37868958711624146,0.13383205235004425
32,2,64,4,0.5529375672340393,0.18011556565761566
32,2,64,5,0.38815823197364807,0.15411140024662018
32,2,64,6,0.5400107502937317,0.13373272120952606
32,2,64,7,0.2997729182243347,0.08889225870370865
32,2,64,8,0.6204559206962585,0.18886657059192657
32,2,64,9,0.4852142632007599,0.11929120123386383
32,2,64,10,0.48433995246887207,0.13785438239574432
32,2,64,11,0.4036375880241394,0.1399603933095932
32,2,64,12,0.6142632961273193,0.1420121043920517
32,2,64,13,0.43001919984817505,0.1439729481935501
32,2,64,14,0.44629234075546265,0.20436249673366547
32,2,64,15,0.6105398535728455,0.10824096202850342
32,2,64,16,0.5746978521347046,0.17608538269996643
32,2,64,17,0.42495086789131165,0.13205628097057343
32,2,64,18,0.3711050748825073,0.0851822942495346
32,2,64,19,0.6105385422706604,0.10628728568553925
32,2,64,20,0.5648738145828247,0.16718779504299164
32,2,64,21,0.5319410562515259,0.08629214763641357
32,2,64,22,0.34490421414375305,0.11210931837558746
32,2,64,23,0.6246151328086853,0.1452351212501526
32,2,64,24,0.456321120262146,0.1432078629732132
32,2,64,25,0.6357265114784241,0.10644049197435379
32,2,64,26,0.5659371614456177,0.1474609524011612
32,2,64,27,0.3768993020057678,0.14994460344314575
32,2,64,28,0.5591985583305359,0.06298143416643143
32,2,64,29,0.5468399524688721,0.07899906486272812
32,2,64,30,0.6207062005996704,0.12090542167425156
32,2,64,31,0.5103164315223694,0.1196024939417839
32,2,64,32,0.5061465501785278,0.0721261203289032
32,2,64,33,0.42038777470588684,0.18712054193019867
32,2,64,34,0.49716925621032715,0.13901230692863464
32,2,64,35,0.3647981584072113,0.1296788603067398
32,2,64,36,0.4856474995613098,0.154775470495224
32,2,64,37,0.4310993254184723,0.15610374510288239
32,2,64,38,0.6228762865066528,0.14571675658226013
32,2,64,39,0.5118358135223389,0.1462700515985489
32,2,64,40,0.42928940057754517,0.14870809018611908
32,2,64,41,0.3835911452770233,0.1223086342215538
32,2,64,42,0.6192033290863037,0.11204277724027634
32,2,64,43,0.34936457872390747,0.18466728925704956
32,2,64,44,0.5445892214775085,0.21398435533046722
32,2,64,45,0.31739237904548645,0.1376218944787979
32,2,64,46,0.5418893098831177,0.16181205213069916
32,2,64,47,0.54206782579422,0.06657269597053528
32,2,64,48,0.4122338891029358,0.1986207664012909
32,2,64,49,0.711561918258667,0.08686212450265884
32,2,64,50,0.4778027832508087,0.12948192656040192
32,2,64,51,0.4213777184486389,0.18188242614269257
32,2,64,52,0.5155396461486816,0.1441873162984848
32,2,64,53,0.5104483366012573,0.14605973660945892
32,2,64,54,0.6408853530883789,0.17320141196250916
32,2,64,55,0.3942008912563324,0.20618437230587006
32,2,64,56,0.5758450031280518,0.12730629742145538
32,2,64,57,0.4045049846172333,0.10573048144578934
32,2,64,58,0.46666964888572693,0.1216815859079361
32,2,64,59,0.4996662139892578,0.20745065808296204
32,2,64,60,0.5590033531188965,0.058575164526700974
32,2,64,61,0.513169527053833,0.1915111541748047
32,2,64,62,0.5386286973953247,0.07855778932571411
32,2,64,63,0.5177705883979797,0.11630233377218246
32,3,64,0,0.3014383018016815,0.14144378900527954
32,3,64,1,0.6411054730415344,0.15703199803829193
32,3,64,2,0.4157687723636627,0.10728724300861359
32,3,64,3,0.46939077973365784,0.06987801194190979
32,3,64,4,0.4820641577243805,0.24478833377361298
32,3,64,5,0.5241275429725647,0.2496122121810913
32,3,64,6,0.6201633810997009,0.06016744300723076
32,3,64,7,0.5004262924194336,0.10707594454288483
32,3,64,8,0.5370413064956665,0.21968582272529602
32,3,64,9,0.697833240032196,0.10305044054985046
32,3,64,10,0.5232166647911072,0.24647147953510284
32,3,64,11,0.5139814615249634,0.22015893459320068
32,3,64,12,0.3303978443145752,0.08085750788450241
32,3,64,13,0.589077889919281,0.3065038323402405
32,3,64,14,0.5916050672531128,0.062358465045690536
32,3,64,15,0.5233125686645508,0.15716452896595
32,3,64,16,0.4929945170879364,0.30264249444007874
32,3,64,17,0.5480456948280334,0.22509494423866272
32,3,64,18,0.48003146052360535,0.06760852783918381
32,3,64,19,0.4069862365722656,0.06236593797802925
32,3,64,20,0.5759007930755615,0.050864335149526596
32,3,64,21,0.5888937711715698,0.3194672465324402
32,3,64,22,0.4917914867401123,0.09390168637037277
32,3,64,23,0.5696023106575012,0.23040881752967834
32,3,64,24,0.2899567186832428,0.10269603878259659
32,3,64,25,0.6215818524360657,0.13578061759471893
32,3,64,26,0.4530197083950043,0.048975586891174316
32,3,64,27,0.6266185641288757,0.05382302403450012
32,3,64,28,0.5049662590026855,0.16346989572048187
32,3,64,29,0.5554396510124207,0.2121903896331787
32,3,64,30,0.309467613697052,0.13257676362991333
32,3,64,31,0.5733973383903503,0.20869775116443634
32,3,64,32,0.3524476885795593,0.08075069636106491
32,3,64,33,0.6302363276481628,0.1597745567560196
32,3,64,34,0.5925427079200745,0.13244099915027618
32,3,64,35,0.5890502333641052,0.05734246224164963
32,3,64,36,0.46565887331962585,0.29566946625709534
32,3,64,37,0.3517397344112396,0.16668586432933807
32,3,64,38,0.5390518307685852,0.14627429842948914
32,3,64,39,0.4739517867565155,0.19315138459205627
32,3,64,40,0.40348055958747864,0.06386422365903854
32,3,64,41,0.3028491735458374,0.13604748249053955
32,3,64,42,0.8043025135993958,0.13478928804397583
32,3,64,43,0.5600425004959106,0.19614902138710022
32,3,64,44,0.4509246349334717,0.10567780584096909
32,3,64,45,0.7186636328697205,0.1023569330573082
32,3,64,46,0.5881379842758179,0.11662212014198303
32,3,64,47,0.32267868518829346,0.137721449136734
32,3,64,48,0.7133554220199585,0.17334520816802979
32,3,64,49,0.6321969628334045,0.11631159484386444
32,3,64,50,0.6232553124427795,0.09573694318532944
32,3,64,51,0.5112248659133911,0.29251495003700256
32,3,64,52,0.5477813482284546,0.1431921124458313
32,3,64,53,0.41009965538978577,0.13539153337478638
32,3,64,54,0.44979915022850037,0.09506003558635712
32,3,64,55,0.7013823390007019,0.13674397766590118
32,3,64,56,0.5419735312461853,0.22776053845882416
32,3,64,57,0.5514336824417114,0.11598651111125946
32,3,64,58,0.409354567527771,0.21844802796840668
32,3,64,59,0.6893725991249084,0.09881891310214996
32,3,64,60,0.5306923389434814,0.03291452303528786
32,3,64,61,0.6133915781974792,0.08826499432325363
32,3,64,62,0.5959001183509827,0.1464291661977768
32,3,64,63,0.2075643241405487,0.1234663724899292
32,4,128,0,0.3960008919239044,0.13097311556339264
32,4,128,1,0.5815474987030029,0.2351336032152176
32,4,128,2,0.54859858751297,0.24771003425121307
32,4,128,3,0.720539391040802,0.06973247230052948
32,4,128,4,0.5156469941139221,0.04532461613416672
32,4,128,5,0.5385772585868835,0.21094447374343872
32,4,128,6,0.522334635257721,0.1617841273546219
32,4,128,7,0.4227297008037567,0.20498642325401306
32,4,128,8,0.4811989367008209,0.19729340076446533
32,4,128,9,0.5518636703491211,0.31887108087539673
32,4,128,10,0.3554770350456238,0.12231350690126419
32,4,128,11,0.5243399143218994,0.2786535322666168
32,4,128,12,0.5424924492835999,0.20414671301841736
32,4,128,13,0.5221031904220581,0.0705844908952713
32,4,128,14,0.5333070158958435,0.2802771031856537
32,4,128,15,0.4439204931259155,0.26367446780204773
32,4,128,16,0.6763877868652344,0.06829434633255005
32,4,128,17,0.6050618886947632,0.13637462258338928
32,4,128,18,0.47320032119750977,0.1986798495054245
32,4,128,19,0.3749332129955292,0.18167085945606232
32,4,128,20,0.45369598269462585,0.2911264896392822
32,4,128,21,0.6632704138755798,0.22605681419372559
32,4,128,22,0.5827789902687073,0.20892950892448425
32,4,128,23,0.5129779577255249,0.3215927183628082
32,4,128,24,0.2715814709663391,0.10087002068758011
32,4,128,25,0.5117108821868896,0.20597746968269348
32,4,128,26,0.5129098892211914,0.16463081538677216
32,4,128,27,0.4721416234970093,0.2577412724494934
32,4,128,28,0.6140775680541992,0.12517812848091125
32,4,128,29,0.5979857444763184,0.1266888529062271
32,4,128,30,0.529390275478363,0.3636149764060974
32,4,128,31,0.4981117248535156,0.2294897586107254
32,4,128,32,0.589889645576477,0.08599291741847992
32,4,128,33,0.5443856120109558,0.2458241730928421
32,4,128,34,0.7162166833877563,0.07070891559123993
32,4,128,35,0.46025580167770386,0.22366398572921753
32,4,128,36,0.5910252332687378,0.14014708995819092
32,4,128,37,0.5541369318962097,0.3440695106983185
32,4,128,38,0.5716865658760071,0.26065793633461
32,4,128,39,0.4194885790348053,0.19329532980918884
32,4,128,40,0.634421169757843,0.1904611587524414
32,4,128,41,0.5406098961830139,0.35640743374824524
32,4,128,42,0.5274080634117126,0.17719091475009918
32,4,128,43,0.5695461630821228,0.11920375376939774
32,4,128,44,0.520337700843811,0.32238268852233887
32,4,128,45,0.6445260047912598,0.10703026503324509
32,4,128,46,0.4683603346347809,0.2909092605113983
32,4,128,47,0.46836817264556885,0.20087994635105133
32,4,128,48,0.49053171277046204,0.207418292760849
32,4,128,49,0.2942657470703125,0.20289252698421478
32,4,128,50,0.4365961253643036,0.13983620703220367
32,4,128,51,0.6549968719482422,0.25150641798973083
32,4,128,52,0.5229098796844482,0.20140421390533447
32,4,128,53,0.6017345786094666,0.09746625274419785
32,4,128,54,0.5528945922851562,0.19340108335018158
32,4,128,55,0.5927302241325378,0.2263869047164917
32,4,128,56,0.5330095887184143,0.28675293922424316
32,4,128,57,0.4928693473339081,0.12022827565670013
32,4,128,58,0.3795294165611267,0.09244135767221451
32,4,128,59,0.49272850155830383,0.22071313858032227
32,4,128,60,0.6377667188644409,0.12529760599136353
32,4,128,61,0.5455606579780579,0.10949079692363739
32,4,128,62,0.5940366983413696,0.23921558260917664
32,4,128,63,0.4945293366909027,0.245888352394104
32,4,128,64,0.6427062749862671,0.11219644546508789
32,4,128,65,0.5394099354743958,0.175205796957016
32,4,128,66,0.5740871429443359,0.26364243030548096
32,4,128,67,0.6124128103256226,0.06229446828365326
32,4,128,68,0.4256323575973511,0.2791996896266937
32,4,128,69,0.6718953847885132,0.08249928802251816
32,4,128,70,0.5334861278533936,0.1194932833313942
32,4,128,71,0.5261287093162537,0.12735426425933838
32,4,128,72,0.5210433602333069,0.15465159714221954
32,4,128,73,0.47601860761642456,0.043152544647455215
32,4,128,74,0.5980737209320068,0.2333657443523407
32,4,128,75,0.6380146145820618,0.12370695173740387
32,4,128,76,0.3751298189163208,0.3154876232147217
32,4,128,77,0.5254786610603333,0.2863405644893646
32,4,128,78,0.6873974800109863,0.20279403030872345
32,4,128,79,0.3333945870399475,0.17121894657611847
32,4,128,80,0.398596853017807,0.26895061135292053
32,4,128,81,0.5063118934631348,0.17595979571342468
32,4,128,82,0.5486662983894348,0.2660050094127655
32,4,128,83,0.4978039264678955,0.14763334393501282
32,4,128,84,0.5899741649627686,0.12261337041854858
32,4,128,85,0.5800904631614685,0.3287588953971863
32,4,128,86,0.44461414217948914,0.12083622813224792
32,4,128,87,0.7125683426856995,0.10416137427091599
32,4,128,88,0.6364531517028809,0.2577223479747772
32,4,128,89,0.7603706121444702,0.18941673636436462
32,4,128,90,0.45446956157684326,0.09710760414600372
32,4,128,91,0.6118857860565186,0.17991946637630463
32,4,128,92,0.523640513420105,0.22182703018188477
32,4,128,93,0.628709614276886,0.1596979796886444
32,4,128,94,0.6582109332084656,0.119666188955307
32,4,128,95,0.4511473774909973,0.17257222533226013
32,4,128,96,0.6163049936294556,0.06954590976238251
32,4,128,97,0.6106415390968323,0.13796798884868622
32,4,128,98,0.6711079478263855,0.13693368434906006
32,4,128,99,0.5704188346862793,0.22962889075279236
32,4,128,100,0.42942655086517334,0.16286449134349823
32,4,128,101,0.5496199131011963,0.2615264356136322
32,4,128,102,0.543774425983429,0.27768969535827637
32,4,128,103,0.5247547030448914,0.24234639108181
32,4,128,104,0.5619015693664551,0.1534603089094162
32,4,128,105,0.7596915364265442,0.07262694090604782
32,4,128,106,0.5429889559745789,0.3372339904308319
32,4,128,107,0.7362179756164551,0.07391241937875748
32,4,128,108,0.6037195324897766,0.29323601722717285
32,4,128,109,0.6966024041175842,0.04767103120684624
32,4,128,110,0.6292742490768433,0.08502756059169769
32,4,128,111,0.6173639297485352,0.23637035489082336
32,4,128,112,0.5223203897476196,0.17932933568954468
32,4,128,113,0.5166286826133728,0.17182619869709015
32,4,128,114,0.6222715973854065,0.050506629049777985
32,4,128,115,0.5413824319839478,0.20936539769172668
32,4,128,116,0.45742130279541016,0.07938414812088013
32,4,128,117,0.5803260803222656,0.22254937887191772
32,4,128,118,0.5651649832725525,0.14754018187522888
32,4,128,119,0.615849494934082,0.09302356839179993
32,4,128,120,0.5121235847473145,0.11452338844537735
32,4,128,121,0.4058151841163635,0.17495203018188477
32,4,128,122,0.5841347575187683,0.1521843820810318
32,4,128,123,0.49243706464767456,0.15069657564163208
32,4,128,124,0.5744629502296448,0.18403026461601257
32,4,128,125,0.5772768259048462,0.12895607948303223
32,4,128,126,0.6336104869842529,0.23986311256885529
32,4,128,127,0.475484162569046,0.1902151256799698
32,5,128,0,0.5319085717201233,0.1932189017534256
32,5,128,1,0.4963654577732086,0.2589587867259979
32,5,128,2,0.6438840627670288,0.15288656949996948
32,5,128,3,0.9081595540046692,0.06372445821762085
32,5,128,4,0.885089099407196,0.10918135195970535
32,5,128,5,0.6462020874023438,0.3190215229988098
32,5,128,6,0.4655003249645233,0.34406083822250366
32,5,128,7,0.6650533080101013,0.189761683344841
32,5,128,8,0.6882750391960144,0.21999575197696686
32,5,128,9,0.9204883575439453,0.044441502541303635
32,5,128,10,0.5744578838348389,0.22775717079639435
32,5,128,11,0.7055408954620361,0.1126813068985939
32,5,128,12,0.8106876015663147,0.15547722578048706
32,5,128,13,0.9042843580245972,0.0669674351811409
32,5,128,14,0.784045934677124,0.13583561778068542
32,5,128,15,0.8949201703071594,0.06214561685919762
32,5,128,16,0.8055469989776611,0.08368254452943802
32,5,128,17,0.618966281414032,0.2546035647392273
32,5,128,18,0.7485455870628357,0.08436225354671478
32,5,128,19,0.7861378788948059,0.19514130055904388
32,5,128,20,0.446732759475708,0.17960886657238007
32,5,128,21,0.8404297828674316,0.0770026445388794
32,5,128,22,0.7604005336761475,0.15212063491344452
32,5,128,23,0.7147091627120972,0.2716401517391205
32,5,128,24,0.6233628392219543,0.1241036131978035
32,5,128,25,0.5581681728363037,0.21050935983657837
32,5,128,26,0.5933651328086853,0.2135957032442093
32,5,128,27,0.7698721289634705,0.24713236093521118
32,5,128,28,0.8337898850440979,0.1363859921693802
32,5,128,29,0.6438388228416443,0.14731089770793915
32,5,128,30,0.8159276843070984,0.07160048931837082
32,5,128,31,0.7801435589790344,0.1959555596113205
32,5,128,32,0.8389275074005127,0.10171952843666077
32,5,128,33,0.8841234445571899,0.08841831982135773
32,5,128,34,0.8777778148651123,0.07766695320606232
32,5,128,35,0.7088404893875122,0.17257140576839447
32,5,128,36,0.8823343515396118,0.1320687234401703
32,5,128,37,0.6200925707817078,0.21366311609745026
32,5,128,38,0.8254442811012268,0.1189030259847641
32,5,128,39,0.7899733781814575,0.07065035402774811
32,5,128,40,0.8469930291175842,0.11101507395505905
32,5,128,41,0.5464369654655457,0.11575429141521454
32,5,128,42,0.723259687423706,0.09678854793310165
32,5,128,43,0.8378828763961792,0.17100749909877777
32,5,128,44,0.8470079302787781,0.10709791630506516
32,5,128,45,0.7785754799842834,0.0827227532863617
32,5,128,46,0.7513293623924255,0.14603693783283234
32,5,128,47,0.6705699563026428,0.30957287549972534
32,5,128,48,0.6119028925895691,0.22892746329307556
32,5,128,49,0.6891127228736877,0.27049267292022705
32,5,128,50,0.7392578721046448,0.10614579916000366
32,5,128,51,0.7960876226425171,0.0790473073720932
32,5,128,52,0.6330466270446777,0.28095629811286926
32,5,128,53,0.9032064080238342,0.06160436198115349
32,5,128,54,0.66544508934021,0.21903467178344727
32,5,128,55,0.7973458170890808,0.15315291285514832
32,5,128,56,0.8628881573677063,0.07013559341430664
32,5,128,57,0.8170929551124573,0.2286238968372345
32,5,128,58,0.8873390555381775,0.05897672474384308
32,5,128,59,0.5356149673461914,0.32147881388664246
32,5,128,60,0.9277114272117615,0.05073992535471916
32,5,128,61,0.7483296990394592,0.12234386056661606
32,5,128,62,0.6744468212127686,0.1629476547241211
32,5,128,63,0.8062723875045776,0.11968255043029785
32,5,128,64,0.8855780959129333,0.048025671392679214
32,5,128,65,0.7296431064605713,0.1050073429942131
32,5,128,66,0.920586347579956,0.042175810784101486
32,5,128,67,0.700577437877655,0.10798098891973495
32,5,128,68,0.898868203163147,0.046256810426712036
32,5,128,69,0.691419243812561,0.10239128023386002
32,5,128,70,0.6192252039909363,0.27050551772117615
32,5,128,71,0.7998312711715698,0.11065565049648285
32,5,128,72,0.6087192893028259,0.20207646489143372
32,5,128,73,0.7670015096664429,0.148435577750206
32,5,128,74,0.8986240029335022,0.06022720783948898
32,5,128,75,0.8932139277458191,0.04800821468234062
32,5,128,76,0.8355263471603394,0.07647021114826202
32,5,128,77,0.8916588425636292,0.1286037415266037
32,5,128,78,0.7901172041893005,0.24942649900913239
32,5,128,79,0.7421547770500183,0.12366405129432678
32,5,128,80,0.40633150935173035,0.24125032126903534
32,5,128,81,0.736875057220459,0.15781401097774506
32,5,128,82,0.871623158454895,0.05073332041501999
32,5,128,83,0.7111564874649048,0.1399526447057724
32,5,128,84,0.6251965165138245,0.19757020473480225
32,5,128,85,0.9107586145401001,0.057320158928632736
32,5,128,86,0.48391643166542053,0.22848324477672577
32,5,128,87,0.8395364284515381,0.057296786457300186
32,5,128,88,0.7253640294075012,0.09517202526330948
32,5,128,89,0.8392951488494873,0.21927157044410706
32,5,128,90,0.517734944820404,0.1398639678955078
32,5,128,91,0.7391082644462585,0.11780571937561035
32,5,128,92,0.3958927392959595,0.335737019777298
32,5,128,93,0.6894132494926453,0.26601642370224
32,5,128,94,0.5974681377410889,0.22402112185955048
32,5,128,95,0.41132819652557373,0.27720269560813904
32,5,128,96,0.6428132057189941,0.19728884100914001
32,5,128,97,0.691413164138794,0.14388824999332428
32,5,128,98,0.7180736660957336,0.1225384771823883
32,5,128,99,0.8025038242340088,0.15820862352848053
32,5,128,100,0.4700517952442169,0.2214885652065277
32,5,128,101,0.614330530166626,0.18553169071674347
32,5,128,102,0.7174078822135925,0.14420528709888458
32,5,128,103,0.5140736103057861,0.23848699033260345
32,5,128,104,0.8938299417495728,0.0647776871919632
32,5,128,105,0.8546128273010254,0.09270297735929489
32,5,128,106,0.8437880873680115,0.08271530270576477
32,5,128,107,0.8800886869430542,0.05995705723762512
32,5,128,108,0.7983015179634094,0.2417544722557068
32,5,128,109,0.7281607389450073,0.10941296815872192
32,5,128,110,0.8083096742630005,0.09047476947307587
32,5,128,111,0.7295372486114502,0.12179183959960938
32,5,128,112,0.8701022267341614,0.058908089995384216
32,5,128,113,0.8012729287147522,0.11226972192525864
32,5,128,114,0.8436971306800842,0.1665642261505127
32,5,128,115,0.6938214302062988,0.08653431385755539
32,5,128,116,0.791057825088501,0.08210538327693939
32,5,128,117,0.8299030065536499,0.1485871970653534
32,5,128,118,0.7650139331817627,0.19785374402999878
32,5,128,119,0.8722372055053711,0.09751840680837631
32,5,128,120,0.7165833711624146,0.09374214708805084
32,5,128,121,0.38564059138298035,0.26184189319610596
32,5,128,122,0.6954342722892761,0.3147619664669037
32,5,128,123,0.773317277431488,0.0899101048707962
32,5,128,124,0.659447431564331,0.10110323876142502
32,5,128,125,0.7904269099235535,0.17176829278469086
32,5,128,126,0.8444980978965759,0.1077420562505722
32,5,128,127,0.7671298980712891,0.18638813495635986
33,0,32,0,0.39854273200035095,0.2043774425983429
33,0,32,1,0.5955999493598938,0.057415422052145004
33,0,32,2,0.3932614326477051,0.1647171974182129
33,0,32,3,0.4755252003669739,0.12989342212677002
33,0,32,4,0.47319915890693665,0.1602255254983902
33,0,32,5,0.4597875475883484,0.09221502393484116
33,0,32,6,0.3583917021751404,0.1368432492017746
33,0,32,7,0.5170653462409973,0.05040203779935837
33,0,32,8,0.498049259185791,0.1755252331495285
33,0,32,9,0.3961748778820038,0.05776020139455795
33,0,32,10,0.3358359932899475,0.1637469381093979
33,0,32,11,0.340810090303421,0.13268662989139557
33,0,32,12,0.4821639358997345,0.02802855893969536
33,0,32,13,0.3709498643875122,0.1748112589120865
33,0,32,14,0.5126649737358093,0.2087414562702179
33,0,32,15,0.59467613697052,0.12823337316513062
33,0,32,16,0.5851990580558777,0.1647893339395523
33,0,32,17,0.5906888246536255,0.05965809524059296
33,0,32,18,0.3797691762447357,0.03885366767644882
33,0,32,19,0.5563766360282898,0.18904952704906464
33,0,32,20,0.49138399958610535,0.13404768705368042
33,0,32,21,0.4325137138366699,0.11234571039676666
33,0,32,22,0.5845097899436951,0.08995166420936584
33,0,32,23,0.7033646702766418,0.10106338560581207
33,0,32,24,0.5601087212562561,0.10538972169160843
33,0,32,25,0.5802660584449768,0.2040204554796219
33,0,32,26,0.5655555129051208,0.11456183344125748
33,0,32,27,0.4034822881221771,0.211626335978508
33,0,32,28,0.4849313199520111,0.22523140907287598
33,0,32,29,0.6420541405677795,0.045834071934223175
33,0,32,30,0.6717299222946167,0.12504468858242035
33,0,32,31,0.2794543504714966,0.09636518359184265
33,1,32,0,0.4389187693595886,0.09022851288318634
33,1,32,1,0.5549098253250122,0.11578254401683807
33,1,32,2,0.6635417938232422,0.09369870275259018
33,1,32,3,0.5771704912185669,0.12638361752033234
33,1,32,4,0.3422057032585144,0.1312725841999054
33,1,32,5,0.43108049035072327,0.12773162126541138
33,1,32,6,0.42777106165885925,0.17090240120887756
33,1,32,7,0.32131561636924744,0.07699158787727356
33,1,32,8,0.6286695599555969,0.20374062657356262
33,1,32,9,0.597412645816803,0.054730936884880066
33,1,32,10,0.6474795937538147,0.23718154430389404
33,1,32,11,0.3983388841152191,0.15909354388713837
33,1,32,12,0.597227931022644,0.2889409065246582
33,1,32,13,0.6550987362861633,0.21404431760311127
33,1,32,14,0.4683867394924164,0.0728718489408493
33,1,32,15,0.6213003396987915,0.17984120547771454
33,1,32,16,0.5477068424224854,0.1391775906085968
33,1,32,17,0.6225654482841492,0.10273833572864532
33,1,32,18,0.6162563562393188,0.07649217545986176
33,1,32,19,0.6318438649177551,0.09667182713747025
33,1,32,20,0.3855331540107727,0.13658449053764343
33,1,32,21,0.47020071744918823,0.14476719498634338
33,1,32,22,0.29243606328964233,0.1406671702861786
33,1,32,23,0.4302510619163513,0.10081704705953598
33,1,32,24,0.5031589865684509,0.12117184698581696
33,1,32,25,0.5933321118354797,0.1165582612156868
33,1,32,26,0.5168685913085938,0.17534174025058746
33,1,32,27,0.37425580620765686,0.11464086920022964
33,1,32,28,0.45838838815689087,0.07340265065431595
33,1,32,29,0.36979061365127563,0.1503675878047943
33,1,32,30,0.3630644381046295,0.08058586716651917
33,1,32,31,0.39657631516456604,0.06243611499667168
33,2,64,0,0.5116539001464844,0.07855000346899033
33,2,64,1,0.39215657114982605,0.06313485652208328
33,2,64,2,0.5970979332923889,0.12664306163787842
33,2,64,3,0.7403761744499207,0.17633776366710663
33,2,64,4,0.6020529270172119,0.05707744508981705
33,2,64,5,0.5359614491462708,0.13977603614330292
33,2,64,6,0.3643910884857178,0.2756202518939972
33,2,64,7,0.6989455819129944,0.11647818982601166
33,2,64,8,0.3581169545650482,0.23844300210475922
33,2,64,9,0.48203036189079285,0.17223313450813293
33,2,64,10,0.6366433501243591,0.1164747029542923
33,2,64,11,0.6912064552307129,0.2707354426383972
33,2,64,12,0.469471275806427,0.11862208694219589
33,2,64,13,0.6405893564224243,0.1272355318069458
33,2,64,14,0.6252862811088562,0.24048955738544464
33,2,64,15,0.4627632200717926,0.18036118149757385
33,2,64,16,0.6101324558258057,0.3017498552799225
33,2,64,17,0.5830946564674377,0.18799136579036713
33,2,64,18,0.7001752853393555,0.18395914137363434
33,2,64,19,0.30376502871513367,0.2024751603603363
33,2,64,20,0.7363555431365967,0.14035268127918243
33,2,64,21,0.4952767491340637,0.06557660549879074
33,2,64,22,0.45618611574172974,0.07938168942928314
33,2,64,23,0.461071252822876,0.18606993556022644
33,2,64,24,0.5858991146087646,0.12080436944961548
33,2,64,25,0.6804795265197754,0.11825952678918839
33,2,64,26,0.4272664785385132,0.18166854977607727
33,2,64,27,0.6057928800582886,0.2969580888748169
33,2,64,28,0.5574710965156555,0.23305390775203705
33,2,64,29,0.2914107143878937,0.1252160221338272
33,2,64,30,0.44633162021636963,0.1473141461610794
33,2,64,31,0.4382007122039795,0.1930357664823532
33,2,64,32,0.36704233288764954,0.07831913977861404
33,2,64,33,0.7097081542015076,0.10047051310539246
33,2,64,34,0.603915810585022,0.16494408249855042
33,2,64,35,0.34223493933677673,0.2640061378479004
33,2,64,36,0.4725884795188904,0.12149521708488464
33,2,64,37,0.5532586574554443,0.16938330233097076
33,2,64,38,0.3802647292613983,0.20902065932750702
33,2,64,39,0.6316894292831421,0.0843018889427185
33,2,64,40,0.35834601521492004,0.236837238073349
33,2,64,41,0.3833402395248413,0.1849975734949112
33,2,64,42,0.5808269381523132,0.10871323198080063
33,2,64,43,0.3591372072696686,0.15669074654579163
33,2,64,44,0.7425501942634583,0.1319597214460373
33,2,64,45,0.5043584704399109,0.07565295696258545
33,2,64,46,0.5609434247016907,0.17594148218631744
33,2,64,47,0.3686653673648834,0.22684761881828308
33,2,64,48,0.4506613612174988,0.22107556462287903
33,2,64,49,0.5202208161354065,0.1210145354270935
33,2,64,50,0.2951636016368866,0.18257394433021545
33,2,64,51,0.5949254035949707,0.19844511151313782
33,2,64,52,0.5819194316864014,0.1934383064508438
33,2,64,53,0.3832327723503113,0.17678311467170715
33,2,64,54,0.4432776868343353,0.11014814674854279
33,2,64,55,0.5437018275260925,0.20452193915843964
33,2,64,56,0.7369645237922668,0.12364408373832703
33,2,64,57,0.4261935353279114,0.2048778086900711
33,2,64,58,0.33662086725234985,0.08546732366085052
33,2,64,59,0.5433996915817261,0.17489497363567352
33,2,64,60,0.5389383435249329,0.0867224931716919
33,2,64,61,0.34789979457855225,0.27584102749824524
33,2,64,62,0.6468441486358643,0.2784304618835449
33,2,64,63,0.5993341207504272,0.17364831268787384
33,3,64,0,0.38390037417411804,0.16330969333648682
33,3,64,1,0.542826235294342,0.1245669350028038
33,3,64,2,0.5289193987846375,0.1943930685520172
33,3,64,3,0.4423944056034088,0.18444141745567322
33,3,64,4,0.5489458441734314,0.10831941664218903
33,3,64,5,0.38613954186439514,0.14527387917041779
33,3,64,6,0.485840380191803,0.1332206428050995
33,3,64,7,0.48139289021492004,0.06625736504793167
33,3,64,8,0.49683085083961487,0.10719436407089233
33,3,64,9,0.5720061659812927,0.14563101530075073
33,3,64,10,0.465406209230423,0.14754921197891235
33,3,64,11,0.32225048542022705,0.15924373269081116
33,3,64,12,0.45496702194213867,0.07890256494283676
33,3,64,13,0.37209054827690125,0.13878114521503448
33,3,64,14,0.3475092947483063,0.14885689318180084
33,3,64,15,0.5891218185424805,0.18504591286182404
33,3,64,16,0.37883260846138,0.1438150405883789
33,3,64,17,0.37277817726135254,0.17893676459789276
33,3,64,18,0.4868393838405609,0.10909923911094666
33,3,64,19,0.43701472878456116,0.14367614686489105
33,3,64,20,0.6158936619758606,0.09866415709257126
33,3,64,21,0.4483846426010132,0.07818599790334702
33,3,64,22,0.4680989384651184,0.11570625007152557
33,3,64,23,0.49004045128822327,0.1442064493894577
33,3,64,24,0.4214358925819397,0.20499788224697113
33,3,64,25,0.42320436239242554,0.17820003628730774
33,3,64,26,0.4366244375705719,0.12201759964227676
33,3,64,27,0.4786304533481598,0.13877806067466736
33,3,64,28,0.47579413652420044,0.19712957739830017
33,3,64,29,0.5997450947761536,0.10933572798967361
33,3,64,30,0.6444003582000732,0.14675650000572205
33,3,64,31,0.5209338068962097,0.09942714869976044
33,3,64,32,0.31868109107017517,0.16287478804588318
33,3,64,33,0.49309292435646057,0.1227552518248558
33,3,64,34,0.3314749300479889,0.21276889741420746
33,3,64,35,0.5748189687728882,0.11863063275814056
33,3,64,36,0.3723510503768921,0.20983096957206726
33,3,64,37,0.5970375537872314,0.17813722789287567
33,3,64,38,0.5800380706787109,0.20808227360248566
33,3,64,39,0.5181211829185486,0.15677328407764435
33,3,64,40,0.5755705237388611,0.17471325397491455
33,3,64,41,0.3860250413417816,0.1077570840716362
33,3,64,42,0.4249376654624939,0.15400473773479462
33,3,64,43,0.5969218015670776,0.11039707064628601
33,3,64,44,0.5460987687110901,0.1896098256111145
33,3,64,45,0.6489735245704651,0.1110246554017067
33,3,64,46,0.4942147135734558,0.1490151733160019
33,3,64,47,0.504269003868103,0.14440584182739258
33,3,64,48,0.5262728333473206,0.14241133630275726
33,3,64,49,0.40225687623023987,0.14091071486473083
33,3,64,50,0.6174454092979431,0.13843807578086853
33,3,64,51,0.3828957676887512,0.1955786794424057
33,3,64,52,0.4802183508872986,0.19228851795196533
33,3,64,53,0.5126050114631653,0.1292969435453415
33,3,64,54,0.5808969140052795,0.14891240000724792
33,3,64,55,0.3866872489452362,0.11150254309177399
33,3,64,56,0.6383815407752991,0.11853869259357452
33,3,64,57,0.5736820101737976,0.11294214427471161
33,3,64,58,0.2940515875816345,0.13570213317871094
33,3,64,59,0.5025829076766968,0.1473783403635025
33,3,64,60,0.4429723620414734,0.09765449166297913
33,3,64,61,0.5775394439697266,0.10648779571056366
33,3,64,62,0.503576397895813,0.1565295308828354
33,3,64,63,0.6347557902336121,0.14227977395057678
33,4,128,0,0.7151781916618347,0.21296970546245575
33,4,128,1,0.4708769619464874,0.3046039342880249
33,4,128,2,0.6143144369125366,0.08406882733106613
33,4,128,3,0.28911295533180237,0.13683825731277466
33,4,128,4,0.4380035698413849,0.2943357229232788
33,4,128,5,0.3660416007041931,0.264478474855423
33,4,128,6,0.3086169362068176,0.12763778865337372
33,4,128,7,0.33105039596557617,0.2809009850025177
33,4,128,8,0.29181110858917236,0.10310214757919312
33,4,128,9,0.5884857773780823,0.2628449499607086
33,4,128,10,0.6503003239631653,0.22374112904071808
33,4,128,11,0.6689081788063049,0.23828372359275818
33,4,128,12,0.6786143779754639,0.1277802288532257
33,4,128,13,0.41600191593170166,0.2981605529785156
33,4,128,14,0.7277656197547913,0.0930660143494606
33,4,128,15,0.7674022316932678,0.1920398473739624
33,4,128,16,0.5755468606948853,0.2737080156803131
33,4,128,17,0.6301443576812744,0.08269429206848145
33,4,128,18,0.7229242920875549,0.31883227825164795
33,4,128,19,0.4168793261051178,0.2800251543521881
33,4,128,20,0.6802949905395508,0.33122092485427856
33,4,128,21,0.3203226327896118,0.26544344425201416
33,4,128,22,0.41459912061691284,0.18607759475708008
33,4,128,23,0.4174380302429199,0.09980518370866776
33,4,128,24,0.6917205452919006,0.13098464906215668
33,4,128,25,0.6551401019096375,0.26961275935173035
33,4,128,26,0.6814295649528503,0.10134901106357574
33,4,128,27,0.6020017266273499,0.1718858927488327
33,4,128,28,0.3951132893562317,0.2556568682193756
33,4,128,29,0.5303426384925842,0.08972808718681335
33,4,128,30,0.42918992042541504,0.057272493839263916
33,4,128,31,0.43884918093681335,0.11761341989040375
33,4,128,32,0.6871920228004456,0.1252640187740326
33,4,128,33,0.76237952709198,0.16712060570716858
33,4,128,34,0.6568053960800171,0.14009025692939758
33,4,128,35,0.646915853023529,0.23730915784835815
33,4,128,36,0.6278694868087769,0.2072109878063202
33,4,128,37,0.7918157577514648,0.18917976319789886
33,4,128,38,0.26318487524986267,0.1399116814136505
33,4,128,39,0.5522062182426453,0.043119482696056366
33,4,128,40,0.49563661217689514,0.18600639700889587
33,4,128,41,0.5844176411628723,0.14445866644382477
33,4,128,42,0.6655352115631104,0.2309868335723877
33,4,128,43,0.6690071225166321,0.11725801229476929
33,4,128,44,0.6272653341293335,0.253351628780365
33,4,128,45,0.40322333574295044,0.07148079574108124
33,4,128,46,0.35318100452423096,0.08090194314718246
33,4,128,47,0.6957235336303711,0.31487032771110535
33,4,128,48,0.5394835472106934,0.0888923853635788
33,4,128,49,0.4001089036464691,0.0963488444685936
33,4,128,50,0.7020552754402161,0.25471025705337524
33,4,128,51,0.6573889851570129,0.34868323802948
33,4,128,52,0.5451957583427429,0.12710276246070862
33,4,128,53,0.34177497029304504,0.264118492603302
33,4,128,54,0.6648149490356445,0.30605337023735046
33,4,128,55,0.5459921360015869,0.12671542167663574
33,4,128,56,0.7080365419387817,0.2393287569284439
33,4,128,57,0.5489977598190308,0.11429134756326675
33,4,128,58,0.37401965260505676,0.23982587456703186
33,4,128,59,0.7544469833374023,0.17833265662193298
33,4,128,60,0.3349749743938446,0.19541208446025848
33,4,128,61,0.6988440752029419,0.07798805087804794
33,4,128,62,0.637170135974884,0.15260469913482666
33,4,128,63,0.7357708215713501,0.12505003809928894
33,4,128,64,0.6889935731887817,0.24398735165596008
33,4,128,65,0.7824026942253113,0.10822801291942596
33,4,128,66,0.3877961337566376,0.14361406862735748
33,4,128,67,0.42072299122810364,0.3020031154155731
33,4,128,68,0.7599968910217285,0.17811982333660126
33,4,128,69,0.34609711170196533,0.1252463012933731
33,4,128,70,0.5921464562416077,0.24383124709129333
33,4,128,71,0.34957626461982727,0.16007912158966064
33,4,128,72,0.5755608677864075,0.09019061177968979
33,4,128,73,0.5111819505691528,0.09026573598384857
33,4,128,74,0.43350493907928467,0.10502557456493378
33,4,128,75,0.3368135094642639,0.2956024408340454
33,4,128,76,0.4037030041217804,0.2743736803531647
33,4,128,77,0.5909561514854431,0.2705746293067932
33,4,128,78,0.5974056720733643,0.18015030026435852
33,4,128,79,0.6061925292015076,0.3088114261627197
33,4,128,80,0.31215545535087585,0.11243196576833725
33,4,128,81,0.6571020483970642,0.19676777720451355
33,4,128,82,0.4343200922012329,0.2946167588233948
33,4,128,83,0.46371662616729736,0.2718847990036011
33,4,128,84,0.6576348543167114,0.2751603126525879
33,4,128,85,0.7220767736434937,0.12302622944116592
33,4,128,86,0.5757537484169006,0.19808277487754822
33,4,128,87,0.6107595562934875,0.09738103300333023
33,4,128,88,0.4655696153640747,0.20377150177955627
33,4,128,89,0.6136484146118164,0.21755321323871613
33,4,128,90,0.768923282623291,0.10076979547739029
33,4,128,91,0.815874457359314,0.10509084165096283
33,4,128,92,0.43343502283096313,0.1783735752105713
33,4,128,93,0.5911030173301697,0.11601708829402924
33,4,128,94,0.6692890524864197,0.06335170567035675
33,4,128,95,0.5915142893791199,0.13305318355560303
33,4,128,96,0.7343404293060303,0.08856131136417389
33,4,128,97,0.7137812972068787,0.17178188264369965
33,4,128,98,0.27182120084762573,0.1086258739233017
33,4,128,99,0.3719785809516907,0.25829410552978516
33,4,128,100,0.5206516981124878,0.23692741990089417
33,4,128,101,0.2946621775627136,0.1816524714231491
33,4,128,102,0.6239446997642517,0.061570167541503906
33,4,128,103,0.5666683912277222,0.17674894630908966
33,4,128,104,0.4199499785900116,0.3153919577598572
33,4,128,105,0.6375765800476074,0.14268071949481964
33,4,128,106,0.6782420873641968,0.31394195556640625
33,4,128,107,0.3528428375720978,0.29315897822380066
33,4,128,108,0.7834472060203552,0.09050362557172775
33,4,128,109,0.7190108895301819,0.08908706903457642
33,4,128,110,0.6589322686195374,0.3659871816635132
33,4,128,111,0.6859012842178345,0.23343972861766815
33,4,128,112,0.6571254730224609,0.10222894698381424
33,4,128,113,0.6392958760261536,0.06721112132072449
33,4,128,114,0.6384212970733643,0.32006973028182983
33,4,128,115,0.6062214970588684,0.18262165784835815
33,4,128,116,0.5093387961387634,0.17865318059921265
33,4,128,117,0.6342301964759827,0.08090294152498245
33,4,128,118,0.3008989691734314,0.1822948455810547
33,4,128,119,0.6276658177375793,0.2729928195476532
33,4,128,120,0.7100900411605835,0.2688082158565521
33,4,128,121,0.5038173198699951,0.04386449605226517
33,4,128,122,0.39443621039390564,0.11989863216876984
33,4,128,123,0.628947377204895,0.06332595646381378
33,4,128,124,0.37437739968299866,0.27635735273361206
33,4,128,125,0.6938620209693909,0.28443026542663574
33,4,128,126,0.3528931140899658,0.18627873063087463
33,4,128,127,0.5999497175216675,0.2089153230190277
33,5,128,0,0.6711699366569519,0.0990276038646698
33,5,128,1,0.9014102220535278,0.08150997012853622
33,5,128,2,0.6820621490478516,0.2682838439941406
33,5,128,3,0.4546935558319092,0.20100224018096924
33,5,128,4,0.6836309432983398,0.15483996272087097
33,5,128,5,0.4359513223171234,0.3537624180316925
33,5,128,6,0.6774876713752747,0.1428421437740326
33,5,128,7,0.6466655135154724,0.23443952202796936
33,5,128,8,0.4259524941444397,0.26983028650283813
33,5,128,9,0.4929746985435486,0.2787037491798401
33,5,128,10,0.46801888942718506,0.2856356203556061
33,5,128,11,0.8387677669525146,0.14616279304027557
33,5,128,12,0.7111249566078186,0.09191009402275085
33,5,128,13,0.6811100244522095,0.07538405060768127
33,5,128,14,0.8390160799026489,0.0845855250954628
33,5,128,15,0.6892696022987366,0.31429433822631836
33,5,128,16,0.8130601048469543,0.1068439930677414
33,5,128,17,0.7094025611877441,0.13537681102752686
33,5,128,18,0.8716508150100708,0.14211858808994293
33,5,128,19,0.3940591514110565,0.3316033184528351
33,5,128,20,0.4148452877998352,0.27670782804489136
33,5,128,21,0.708218514919281,0.09815657138824463
33,5,128,22,0.8673115372657776,0.11306928843259811
33,5,128,23,0.6826640367507935,0.06733261793851852
33,5,128,24,0.8441392183303833,0.11640336364507675
33,5,128,25,0.8186057209968567,0.15817393362522125
33,5,128,26,0.8785665035247803,0.07299134135246277
33,5,128,27,0.8443243503570557,0.0894596055150032
33,5,128,28,0.5212410092353821,0.17045247554779053
33,5,128,29,0.6601388454437256,0.07002171874046326
33,5,128,30,0.4136832058429718,0.2731430232524872
33,5,128,31,0.7341178059577942,0.16064652800559998
33,5,128,32,0.8590620756149292,0.10432562232017517
33,5,128,33,0.6381025910377502,0.16747641563415527
33,5,128,34,0.5957499742507935,0.18253503739833832
33,5,128,35,0.7062022686004639,0.27172261476516724
33,5,128,36,0.8426476716995239,0.1307109296321869
33,5,128,37,0.7372484803199768,0.12576106190681458
33,5,128,38,0.37164413928985596,0.18806679546833038
33,5,128,39,0.4797191321849823,0.32170218229293823
33,5,128,40,0.5877325534820557,0.15240409970283508
33,5,128,41,0.7076830267906189,0.13758820295333862
33,5,128,42,0.8295321464538574,0.12452367693185806
33,5,128,43,0.7650496363639832,0.11900307983160019
33,5,128,44,0.26338499784469604,0.24941188097000122
33,5,128,45,0.7628626227378845,0.07964129000902176
33,5,128,46,0.43487945199012756,0.3198910355567932
33,5,128,47,0.7864365577697754,0.15931612253189087
33,5,128,48,0.6587669253349304,0.1107429713010788
33,5,128,49,0.5313389897346497,0.19235649704933167
33,5,128,50,0.4326739013195038,0.21410144865512848
33,5,128,51,0.577568531036377,0.2301761358976364
33,5,128,52,0.4956924319267273,0.1071716845035553
33,5,128,53,0.5404074192047119,0.1969626098871231
33,5,128,54,0.49952754378318787,0.3214518129825592
33,5,128,55,0.3142209053039551,0.28374937176704407
33,5,128,56,0.8703732490539551,0.12002388387918472
33,5,128,57,0.6215884685516357,0.05025283619761467
33,5,128,58,0.6578674912452698,0.19686995446681976
33,5,128,59,0.78451007604599,0.14143085479736328
33,5,128,60,0.5846104621887207,0.13348320126533508
33,5,128,61,0.6464625597000122,0.14870694279670715
33,5,128,62,0.7010742425918579,0.23315010964870453
33,5,128,63,0.3439072072505951,0.23313894867897034
33,5,128,64,0.7267090082168579,0.12142148613929749
33,5,128,65,0.8117901682853699,0.11156345903873444
33,5,128,66,0.6583038568496704,0.14120449125766754
33,5,128,67,0.7088713645935059,0.1564817875623703
33,5,128,68,0.8583782315254211,0.13635052740573883
33,5,128,69,0.5475298762321472,0.1601569652557373
33,5,128,70,0.6534861922264099,0.11757755279541016
33,5,128,71,0.408269464969635,0.34639957547187805
33,5,128,72,0.5295453667640686,0.08650857955217361
33,5,128,73,0.5408262014389038,0.24533481895923615
33,5,128,74,0.715329647064209,0.09385144710540771
33,5,128,75,0.4247020184993744,0.24501653015613556
33,5,128,76,0.6184676289558411,0.05952446535229683
33,5,128,77,0.6953890323638916,0.11297941207885742
33,5,128,78,0.5320637822151184,0.20982913672924042
33,5,128,79,0.4070603847503662,0.32790955901145935
33,5,128,80,0.7384852766990662,0.20313026010990143
33,5,128,81,0.46889522671699524,0.31046631932258606
33,5,128,82,0.7526698708534241,0.22357214987277985
33,5,128,83,0.6655455231666565,0.17580974102020264
33,5,128,84,0.8264629244804382,0.10612556338310242
33,5,128,85,0.7057114839553833,0.23143985867500305
33,5,128,86,0.6691336035728455,0.2827717959880829
33,5,128,87,0.7253196835517883,0.18192093074321747
33,5,128,88,0.5032164454460144,0.18151980638504028
33,5,128,89,0.8022657036781311,0.1389005333185196
33,5,128,90,0.6772739887237549,0.07814537733793259
33,5,128,91,0.8442239165306091,0.0925556868314743
33,5,128,92,0.6129463911056519,0.1859571635723114
33,5,128,93,0.746304988861084,0.15062326192855835
33,5,128,94,0.7551996111869812,0.07835433632135391
33,5,128,95,0.7776623964309692,0.21540896594524384
33,5,128,96,0.5103104710578918,0.14947155117988586
33,5,128,97,0.7571326494216919,0.0797257125377655
33,5,128,98,0.7592223882675171,0.216323584318161
33,5,128,99,0.518610954284668,0.18662936985492706
33,5,128,100,0.7221619486808777,0.13827325403690338
33,5,128,101,0.6012693047523499,0.15558584034442902
33,5,128,102,0.5387547612190247,0.2139994353055954
33,5,128,103,0.7794213891029358,0.1971742957830429
33,5,128,104,0.7836880683898926,0.08177775144577026
33,5,128,105,0.7323104739189148,0.20560866594314575
33,5,128,106,0.763336718082428,0.1263311505317688
33,5,128,107,0.5288720726966858,0.2496369630098343
33,5,128,108,0.8571473956108093,0.06955969333648682
33,5,128,109,0.6914888620376587,0.261665403842926
33,5,128,110,0.8519752025604248,0.07429590076208115
33,5,128,111,0.8039141297340393,0.10454559326171875
33,5,128,112,0.7572699785232544,0.22870881855487823
33,5,128,113,0.603908121585846,0.1651402860879898
33,5,128,114,0.5990838408470154,0.18088901042938232
33,5,128,115,0.8067653179168701,0.09279070794582367
33,5,128,116,0.7608933448791504,0.17443402111530304
33,5,128,117,0.7391689419746399,0.0739680603146553
33,5,128,118,0.5469659566879272,0.1532767415046692
33,5,128,119,0.5248220562934875,0.263913094997406
33,5,128,120,0.7903608083724976,0.20257128775119781
33,5,128,121,0.6466839909553528,0.23744186758995056
33,5,128,122,0.5396561622619629,0.15304946899414062
33,5,128,123,0.7841691970825195,0.12163501977920532
33,5,128,124,0.815341055393219,0.08279002457857132
33,5,128,125,0.7655760645866394,0.1742447316646576
33,5,128,126,0.6982042789459229,0.0825214758515358
33,5,128,127,0.6293134093284607,0.21327421069145203
34,0,32,0,0.539655327796936,0.07264238595962524
34,0,32,1,0.6434335708618164,0.04840637370944023
34,0,32,2,0.5148522853851318,0.1758604794740677
34,0,32,3,0.539517343044281,0.07254761457443237
34,0,32,4,0.690152108669281,0.10091196000576019
34,0,32,5,0.4683697521686554,0.13593986630439758
34,0,32,6,0.5609028935432434,0.15733638405799866
34,0,32,7,0.3463556170463562,0.10670571774244308
34,0,32,8,0.5568132996559143,0.07321810722351074
34,0,32,9,0.4443223178386688,0.11781439930200577
34,0,32,10,0.5033496022224426,0.15492567420005798
34,0,32,11,0.5410855412483215,0.10901147872209549
34,0,32,12,0.6265705823898315,0.2369585782289505
34,0,32,13,0.48299771547317505,0.16367769241333008
34,0,32,14,0.4749503433704376,0.1294221580028534
34,0,32,15,0.605923056602478,0.06734137237071991
34,0,32,16,0.42497438192367554,0.13797122240066528
34,0,32,17,0.6299340724945068,0.09455914050340652
34,0,32,18,0.48381227254867554,0.24691684544086456
34,0,32,19,0.672669529914856,0.10370694845914841
34,0,32,20,0.5558273792266846,0.09333093464374542
34,0,32,21,0.4243757426738739,0.11685511469841003
34,0,32,22,0.4035137891769409,0.11353713274002075
34,0,32,23,0.4861169159412384,0.11340335011482239
34,0,32,24,0.46375080943107605,0.15289920568466187
34,0,32,25,0.5206919312477112,0.09953563660383224
34,0,32,26,0.40237852931022644,0.16222767531871796
34,0,32,27,0.3400278091430664,0.12065224349498749
34,0,32,28,0.3060680329799652,0.0787467285990715
34,0,32,29,0.27855703234672546,0.0732334777712822
34,0,32,30,0.5129706263542175,0.04415767267346382
34,0,32,31,0.318401575088501,0.09213732928037643
34,1,32,0,0.5688185691833496,0.0662401020526886
34,1,32,1,0.5914026498794556,0.08912032842636108
34,1,32,2,0.5192988514900208,0.18431179225444794
34,1,32,3,0.5128581523895264,0.11526726931333542
34,1,32,4,0.5089728236198425,0.11584816128015518
34,1,32,5,0.4554872214794159,0.18318107724189758
34,1,32,6,0.537214457988739,0.08174824714660645
34,1,32,7,0.5335955619812012,0.16536936163902283
34,1,32,8,0.5491651296615601,0.10674981027841568
34,1,32,9,0.5295930504798889,0.16440914571285248
34,1,32,10,0.4452390670776367,0.19199293851852417
34,1,32,11,0.6187976598739624,0.07855477929115295
34,1,32,12,0.548102080821991,0.10709305107593536
34,1,32,13,0.5492568016052246,0.09839624166488647
34,1,32,14,0.5844331979751587,0.13219501078128815
34,1,32,15,0.547491729259491,0.0985051691532135
34,1,32,16,0.6159742474555969,0.1288178712129593
34,1,32,17,0.6129656434059143,0.08990585803985596
34,1,32,18,0.5354620814323425,0.11440274864435196
34,1,32,19,0.5539247393608093,0.07697238773107529
34,1,32,20,0.5664005279541016,0.10408951342105865
34,1,32,21,0.5733441710472107,0.1349906325340271
34,1,32,22,0.4687049984931946,0.04505787044763565
34,1,32,23,0.4517180919647217,0.13520748913288116
34,1,32,24,0.5123571753501892,0.08560938388109207
34,1,32,25,0.49060308933258057,0.08260232955217361
34,1,32,26,0.46354177594184875,0.10410579293966293
34,1,32,27,0.3702225685119629,0.0878765881061554
34,1,32,28,0.5218072533607483,0.17561720311641693
34,1,32,29,0.3367827832698822,0.08939026296138763
34,1,32,30,0.5441651344299316,0.1456499844789505
34,1,32,31,0.5380839109420776,0.12537065148353577
34,2,64,0,0.47301459312438965,0.04814524203538895
34,2,64,1,0.5042274594306946,0.22806388139724731
34,2,64,2,0.2992475926876068,0.11309066414833069
34,2,64,3,0.5257970094680786,0.13411955535411835
34,2,64,4,0.5288314819335938,0.09293122589588165
34,2,64,5,0.5689846277236938,0.06139872968196869
34,2,64,6,0.6247599124908447,0.08258658647537231
34,2,64,7,0.3966890871524811,0.1816648542881012
34,2,64,8,0.7122406959533691,0.13881206512451172
34,2,64,9,0.44922009110450745,0.08298990875482559
34,2,64,10,0.5011345744132996,0.1987401396036148
34,2,64,11,0.44446858763694763,0.09323286265134811
34,2,64,12,0.6530512571334839,0.17785808444023132
34,2,64,13,0.5272559523582458,0.2628271281719208
34,2,64,14,0.46274620294570923,0.11381898075342178
34,2,64,15,0.4019775092601776,0.07977902144193649
34,2,64,16,0.5137830376625061,0.23501017689704895
34,2,64,17,0.43748390674591064,0.17707866430282593
34,2,64,18,0.5243144035339355,0.08088194578886032
34,2,64,19,0.5073522925376892,0.25789371132850647
34,2,64,20,0.5210265517234802,0.11946819722652435
34,2,64,21,0.4845331311225891,0.09819244593381882
34,2,64,22,0.6401011347770691,0.08112776279449463
34,2,64,23,0.5266544818878174,0.24526646733283997
34,2,64,24,0.5160268545150757,0.12246537953615189
34,2,64,25,0.5457241535186768,0.1179128885269165
34,2,64,26,0.5733106136322021,0.13358569145202637
34,2,64,27,0.6248216032981873,0.07844562083482742
34,2,64,28,0.4081870913505554,0.13233919441699982
34,2,64,29,0.5238803625106812,0.10921403765678406
34,2,64,30,0.517147421836853,0.0910751223564148
34,2,64,31,0.4193258285522461,0.06665161997079849
34,2,64,32,0.4510723054409027,0.09994835406541824
34,2,64,33,0.49421271681785583,0.06842070817947388
34,2,64,34,0.5779401659965515,0.08775463700294495
34,2,64,35,0.5339919924736023,0.25864386558532715
34,2,64,36,0.5100423097610474,0.20137272775173187
34,2,64,37,0.4737701416015625,0.09597056359052658
34,2,64,38,0.46077799797058105,0.12253217399120331
34,2,64,39,0.5133931040763855,0.2450031042098999
34,2,64,40,0.33008480072021484,0.10433761030435562
34,2,64,41,0.5236849784851074,0.24047301709651947
34,2,64,42,0.567377507686615,0.14234882593154907
34,2,64,43,0.4369913339614868,0.18513721227645874
34,2,64,44,0.5124181509017944,0.21344496309757233
34,2,64,45,0.41179120540618896,0.05474065616726875
34,2,64,46,0.720169723033905,0.0947071760892868
34,2,64,47,0.3481905460357666,0.12285277247428894
34,2,64,48,0.4568532109260559,0.15896527469158173
34,2,64,49,0.45182448625564575,0.13225378096103668
34,2,64,50,0.5475741028785706,0.08087685704231262
34,2,64,51,0.5414451360702515,0.10531530529260635
34,2,64,52,0.41129544377326965,0.24720896780490875
34,2,64,53,0.5825751423835754,0.17011865973472595
34,2,64,54,0.41554898023605347,0.15962792932987213
34,2,64,55,0.5261775851249695,0.13095355033874512
34,2,64,56,0.5025299787521362,0.12305968999862671
34,2,64,57,0.49488380551338196,0.31840723752975464
34,2,64,58,0.6676692962646484,0.09037069231271744
34,2,64,59,0.3472902774810791,0.11158142238855362
34,2,64,60,0.5149306654930115,0.1839754283428192
34,2,64,61,0.48445168137550354,0.10618016123771667
34,2,64,62,0.40206581354141235,0.12583862245082855
34,2,64,63,0.4706716537475586,0.1934908926486969
34,3,64,0,0.5733280181884766,0.14769673347473145
34,3,64,1,0.5939913392066956,0.21018506586551666
34,3,64,2,0.5432605147361755,0.13898666203022003
34,3,64,3,0.5296432971954346,0.08590856939554214
34,3,64,4,0.4551129937171936,0.12002253532409668
34,3,64,5,0.6286546587944031,0.08351003378629684
34,3,64,6,0.5357903838157654,0.09777010232210159
34,3,64,7,0.44888952374458313,0.17759722471237183
34,3,64,8,0.6046101450920105,0.10487441718578339
34,3,64,9,0.32035571336746216,0.11378408968448639
34,3,64,10,0.5668268203735352,0.09418375045061111
34,3,64,11,0.5593907237052917,0.04971335455775261
34,3,64,12,0.4312383830547333,0.10065645724534988
34,3,64,13,0.5754607319831848,0.10563918948173523
34,3,64,14,0.4878424108028412,0.06566362082958221
34,3,64,15,0.4795434772968292,0.06200990080833435
34,3,64,16,0.5033531785011292,0.0706690177321434
34,3,64,17,0.42515408992767334,0.1672363579273224
34,3,64,18,0.6006799936294556,0.1226707398891449
34,3,64,19,0.42839184403419495,0.10955258458852768
34,3,64,20,0.45109978318214417,0.1554415076971054
34,3,64,21,0.502578616142273,0.11389421671628952
34,3,64,22,0.5700933337211609,0.09746111929416656
34,3,64,23,0.5737224817276001,0.13415464758872986
34,3,64,24,0.6689987182617188,0.11679966002702713
34,3,64,25,0.4813048839569092,0.14645397663116455
34,3,64,26,0.41458550095558167,0.09425140917301178
34,3,64,27,0.5486922860145569,0.27677014470100403
34,3,64,28,0.42892196774482727,0.12433810532093048
34,3,64,29,0.5713934302330017,0.23841555416584015
34,3,64,30,0.4200628399848938,0.049353983253240585
34,3,64,31,0.48264434933662415,0.11574287712574005
34,3,64,32,0.5271442532539368,0.061223890632390976
34,3,64,33,0.4066958427429199,0.12097562104463577
34,3,64,34,0.46297338604927063,0.2172200232744217
34,3,64,35,0.5943009853363037,0.10016225278377533
34,3,64,36,0.5588662624359131,0.11086433380842209
34,3,64,37,0.5296850204467773,0.1707271933555603
34,3,64,38,0.5491030812263489,0.13138316571712494
34,3,64,39,0.6030800938606262,0.22041961550712585
34,3,64,40,0.5243992805480957,0.12080258131027222
34,3,64,41,0.4840843677520752,0.1731496900320053
34,3,64,42,0.4788742959499359,0.06907602399587631
34,3,64,43,0.4642992615699768,0.14393949508666992
34,3,64,44,0.5366384983062744,0.15347892045974731
34,3,64,45,0.38282516598701477,0.07067858427762985
34,3,64,46,0.49085572361946106,0.0860421359539032
34,3,64,47,0.6808651089668274,0.1658324897289276
34,3,64,48,0.4274788498878479,0.056014254689216614
34,3,64,49,0.6126986742019653,0.10227715969085693
34,3,64,50,0.48914915323257446,0.08677805215120316
34,3,64,51,0.4993603527545929,0.08588545024394989
34,3,64,52,0.618922233581543,0.08893944323062897
34,3,64,53,0.6703746318817139,0.11776705831289291
34,3,64,54,0.49308833479881287,0.19898661971092224
34,3,64,55,0.49936559796333313,0.15401160717010498
34,3,64,56,0.4808267652988434,0.1582845151424408
34,3,64,57,0.4902876019477844,0.13982343673706055
34,3,64,58,0.42681363224983215,0.16492949426174164
34,3,64,59,0.5257335305213928,0.12244268506765366
34,3,64,60,0.3423890769481659,0.177462637424469
34,3,64,61,0.4271600544452667,0.08768270909786224
34,3,64,62,0.5068856477737427,0.14023931324481964
34,3,64,63,0.5510801672935486,0.2516792416572571
34,4,128,0,0.6365872025489807,0.24732457101345062
34,4,128,1,0.6197367906570435,0.17112354934215546
34,4,128,2,0.6435030102729797,0.25965601205825806
34,4,128,3,0.6292378306388855,0.34671518206596375
34,4,128,4,0.7599197626113892,0.1382596343755722
34,4,128,5,0.7242322564125061,0.10385265946388245
34,4,128,6,0.6437244415283203,0.260415643453598
34,4,128,7,0.3971908986568451,0.1663874238729477
34,4,128,8,0.43051064014434814,0.16170832514762878
34,4,128,9,0.6438132524490356,0.1735634058713913
34,4,128,10,0.43565860390663147,0.1539873480796814
34,4,128,11,0.4042142927646637,0.19827011227607727
34,4,128,12,0.5856173038482666,0.3019150197505951
34,4,128,13,0.6120971441268921,0.2958953380584717
34,4,128,14,0.5678922533988953,0.2465427666902542
34,4,128,15,0.7203248143196106,0.14356257021427155
34,4,128,16,0.36803603172302246,0.2338399440050125
34,4,128,17,0.4816315174102783,0.05799482390284538
34,4,128,18,0.7481040358543396,0.07277578860521317
34,4,128,19,0.7519764304161072,0.1097511574625969
34,4,128,20,0.5985963344573975,0.11239491403102875
34,4,128,21,0.5010461807250977,0.1485181748867035
34,4,128,22,0.6172658205032349,0.270047128200531
34,4,128,23,0.704032301902771,0.19868606328964233
34,4,128,24,0.6996527314186096,0.2097257524728775
34,4,128,25,0.2731073498725891,0.178253173828125
34,4,128,26,0.30423370003700256,0.10765163600444794
34,4,128,27,0.6431811451911926,0.2016208916902542
34,4,128,28,0.8057782053947449,0.0715143084526062
34,4,128,29,0.33902329206466675,0.24435219168663025
34,4,128,30,0.7065974473953247,0.11713855713605881
34,4,128,31,0.3686051368713379,0.3171658217906952
34,4,128,32,0.4435136616230011,0.2612987458705902
34,4,128,33,0.5807961821556091,0.14421793818473816
34,4,128,34,0.6213619112968445,0.29953768849372864
34,4,128,35,0.7279953956604004,0.1737373173236847
34,4,128,36,0.4498480260372162,0.3081456422805786
34,4,128,37,0.5533427596092224,0.25352656841278076
34,4,128,38,0.7074001431465149,0.30218932032585144
34,4,128,39,0.6851207613945007,0.142150416970253
34,4,128,40,0.4230317771434784,0.28235310316085815
34,4,128,41,0.7298689484596252,0.11921553313732147
34,4,128,42,0.6515849828720093,0.30010277032852173
34,4,128,43,0.7653535008430481,0.10582586377859116
34,4,128,44,0.3710784912109375,0.26917871832847595
34,4,128,45,0.700497567653656,0.13008467853069305
34,4,128,46,0.8344534635543823,0.08234965801239014
34,4,128,47,0.746692419052124,0.11018867790699005
34,4,128,48,0.6588616967201233,0.20542311668395996
34,4,128,49,0.5925325751304626,0.36438316106796265
34,4,128,50,0.7688177227973938,0.12908650934696198
34,4,128,51,0.44024908542633057,0.2637031674385071
34,4,128,52,0.6207280158996582,0.16451382637023926
34,4,128,53,0.5751072764396667,0.2365889549255371
34,4,128,54,0.6858124136924744,0.13625076413154602
34,4,128,55,0.5186201930046082,0.11560150235891342
34,4,128,56,0.5114080905914307,0.17129158973693848
34,4,128,57,0.5462279915809631,0.24441976845264435
34,4,128,58,0.6761115193367004,0.26548269391059875
34,4,128,59,0.4003179371356964,0.09568324685096741
34,4,128,60,0.6320891380310059,0.347836434841156
34,4,128,61,0.6886576414108276,0.12348441034555435
34,4,128,62,0.71442711353302,0.17529277503490448
34,4,128,63,0.6190018653869629,0.08890078216791153
34,4,128,64,0.3294011354446411,0.2206784188747406
34,4,128,65,0.33275118470191956,0.27584904432296753
34,4,128,66,0.6685634851455688,0.3002392649650574
34,4,128,67,0.5857707858085632,0.20586009323596954
34,4,128,68,0.7268149256706238,0.09265784919261932
34,4,128,69,0.59030681848526,0.15472613275051117
34,4,128,70,0.5925116539001465,0.37601450085639954
34,4,128,71,0.6272407174110413,0.1266099363565445
34,4,128,72,0.543071448802948,0.20277798175811768
34,4,128,73,0.6591538190841675,0.24042323231697083
34,4,128,74,0.5232906341552734,0.20180168747901917
34,4,128,75,0.34903061389923096,0.1849616914987564
34,4,128,76,0.6756268739700317,0.21864692866802216
34,4,128,77,0.5328366160392761,0.26860901713371277
34,4,128,78,0.6192734241485596,0.28878551721572876
34,4,128,79,0.5537534952163696,0.2601621448993683
34,4,128,80,0.5076665282249451,0.14845959842205048
34,4,128,81,0.5830919742584229,0.24879758059978485
34,4,128,82,0.4919635057449341,0.22630847990512848
34,4,128,83,0.6435889005661011,0.24723674356937408
34,4,128,84,0.45435574650764465,0.15153050422668457
34,4,128,85,0.6929933428764343,0.3065325915813446
34,4,128,86,0.62340247631073,0.16269168257713318
34,4,128,87,0.6140308380126953,0.22385142743587494
34,4,128,88,0.7032011151313782,0.3328898251056671
34,4,128,89,0.6610605716705322,0.15036669373512268
34,4,128,90,0.782792329788208,0.12977106869220734
34,4,128,91,0.7150682806968689,0.09936381131410599
34,4,128,92,0.6872206330299377,0.183562770485878
34,4,128,93,0.6488893628120422,0.25215280055999756
34,4,128,94,0.6546778678894043,0.09082695096731186
34,4,128,95,0.7332271337509155,0.12830011546611786
34,4,128,96,0.6967260241508484,0.09016261994838715
34,4,128,97,0.599455714225769,0.3066701889038086
34,4,128,98,0.8197425007820129,0.08834777027368546
34,4,128,99,0.40131044387817383,0.12155856192111969
34,4,128,100,0.7028670310974121,0.12511344254016876
34,4,128,101,0.461631715297699,0.15040162205696106
34,4,128,102,0.4336344599723816,0.2317083179950714
34,4,128,103,0.5960825085639954,0.23323652148246765
34,4,128,104,0.808853805065155,0.07540705800056458
34,4,128,105,0.42483144998550415,0.26343920826911926
34,4,128,106,0.5370246171951294,0.21846824884414673
34,4,128,107,0.5990304350852966,0.1180882677435875
34,4,128,108,0.6888952851295471,0.19615857303142548
34,4,128,109,0.7576493620872498,0.12224620580673218
34,4,128,110,0.45641690492630005,0.1983642727136612
34,4,128,111,0.5972514152526855,0.18672285974025726
34,4,128,112,0.38708361983299255,0.29664555191993713
34,4,128,113,0.5411490797996521,0.08432994782924652
34,4,128,114,0.5170753598213196,0.266356885433197
34,4,128,115,0.6613515615463257,0.2530229687690735
34,4,128,116,0.8177368640899658,0.0885472297668457
34,4,128,117,0.6009424924850464,0.1103220283985138
34,4,128,118,0.5903685092926025,0.3199317753314972
34,4,128,119,0.7378093600273132,0.08819125592708588
34,4,128,120,0.5285506844520569,0.09619075059890747
34,4,128,121,0.4855211079120636,0.2404448240995407
34,4,128,122,0.4310218095779419,0.12860409915447235
34,4,128,123,0.6210761666297913,0.28859809041023254
34,4,128,124,0.551776647567749,0.13192223012447357
34,4,128,125,0.35824054479599,0.19694969058036804
34,4,128,126,0.565696656703949,0.20622341334819794
34,4,128,127,0.6038571000099182,0.32319173216819763
34,5,128,0,0.8210847973823547,0.15001778304576874
34,5,128,1,0.5964624881744385,0.19639912247657776
34,5,128,2,0.7877540588378906,0.2010437250137329
34,5,128,3,0.8447102308273315,0.1742267906665802
34,5,128,4,0.8440671563148499,0.13132262229919434
34,5,128,5,0.8339468836784363,0.08625718206167221
34,5,128,6,0.7780154347419739,0.2688533365726471
34,5,128,7,0.49753227829933167,0.1993810385465622
34,5,128,8,0.6024393439292908,0.23828928172588348
34,5,128,9,0.868720531463623,0.0877065360546112
34,5,128,10,0.8915574550628662,0.08822105824947357
34,5,128,11,0.6534389853477478,0.28631916642189026
34,5,128,12,0.6919602155685425,0.24742111563682556
34,5,128,13,0.8480604290962219,0.10293231159448624
34,5,128,14,0.7852884531021118,0.13737286627292633
34,5,128,15,0.8524515628814697,0.08473999798297882
34,5,128,16,0.8839358687400818,0.0789518728852272
34,5,128,17,0.4988459348678589,0.28131213784217834
34,5,128,18,0.7329748868942261,0.10720642656087875
34,5,128,19,0.8433459997177124,0.0891120433807373
34,5,128,20,0.7793453335762024,0.066286101937294
34,5,128,21,0.4463340640068054,0.13197563588619232
34,5,128,22,0.2670145034790039,0.21870678663253784
34,5,128,23,0.7762433290481567,0.2208976000547409
34,5,128,24,0.8572996854782104,0.10769255459308624
34,5,128,25,0.6637305617332458,0.2100982666015625
34,5,128,26,0.4504557251930237,0.22213615477085114
34,5,128,27,0.7967045307159424,0.15079164505004883
34,5,128,28,0.7632994055747986,0.23776498436927795
34,5,128,29,0.7308211326599121,0.1061825156211853
34,5,128,30,0.5371624231338501,0.25726962089538574
34,5,128,31,0.7704247832298279,0.12497488409280777
34,5,128,32,0.8824988007545471,0.08759206533432007
34,5,128,33,0.8770837783813477,0.08727099001407623
34,5,128,34,0.7571450471878052,0.16091682016849518
34,5,128,35,0.7527440786361694,0.20908872783184052
34,5,128,36,0.43642595410346985,0.3684822618961334
34,5,128,37,0.42033302783966064,0.29934704303741455
34,5,128,38,0.7946704030036926,0.1152254119515419
34,5,128,39,0.8830568194389343,0.08156908303499222
34,5,128,40,0.6652501821517944,0.15220177173614502
34,5,128,41,0.8672488927841187,0.09981579333543777
34,5,128,42,0.8219319581985474,0.11931287497282028
34,5,128,43,0.8471407294273376,0.11161874234676361
34,5,128,44,0.5377206802368164,0.131950244307518
34,5,128,45,0.7883593440055847,0.06322598457336426
34,5,128,46,0.8233798146247864,0.15526412427425385
34,5,128,47,0.6497258543968201,0.18581491708755493
34,5,128,48,0.7486442923545837,0.14782485365867615
34,5,128,49,0.6645885705947876,0.24032318592071533
34,5,128,50,0.47948914766311646,0.25988948345184326
34,5,128,51,0.7719082236289978,0.1624145805835724
34,5,128,52,0.8381531834602356,0.142255961894989
34,5,128,53,0.3155800402164459,0.22801391780376434
34,5,128,54,0.7084000706672668,0.24564048647880554
34,5,128,55,0.49317386746406555,0.10852933675050735
34,5,128,56,0.7843071818351746,0.06963934749364853
34,5,128,57,0.575140118598938,0.1964769959449768
34,5,128,58,0.7705801725387573,0.17781779170036316
34,5,128,59,0.7910731434822083,0.09202265739440918
34,5,128,60,0.8352629542350769,0.1010839119553566
34,5,128,61,0.8456767797470093,0.1118071973323822
34,5,128,62,0.7784659266471863,0.1548224687576294
34,5,128,63,0.7968010902404785,0.22774794697761536
34,5,128,64,0.8619099855422974,0.13223658502101898
34,5,128,65,0.6163162589073181,0.16626453399658203
34,5,128,66,0.8404935002326965,0.1238778606057167
34,5,128,67,0.5858944654464722,0.20690029859542847
34,5,128,68,0.8679550886154175,0.0916881263256073
34,5,128,69,0.41010379791259766,0.25155532360076904
34,5,128,70,0.7005100250244141,0.24688798189163208
34,5,128,71,0.5363802313804626,0.24717994034290314
34,5,128,72,0.8393344283103943,0.08510436117649078
34,5,128,73,0.885209858417511,0.08192384988069534
34,5,128,74,0.8181345462799072,0.15191210806369781
34,5,128,75,0.4638325572013855,0.16402184963226318
34,5,128,76,0.6016758680343628,0.16360539197921753
34,5,128,77,0.5266584753990173,0.22228692471981049
34,5,128,78,0.6541975736618042,0.15411928296089172
34,5,128,79,0.5684868097305298,0.24487479031085968
34,5,128,80,0.2700865864753723,0.1562824696302414
34,5,128,81,0.64662766456604,0.14295527338981628
34,5,128,82,0.5236753821372986,0.2485310286283493
34,5,128,83,0.7560666799545288,0.18324972689151764
34,5,128,84,0.6914212703704834,0.1551874279975891
34,5,128,85,0.8359834551811218,0.08313131332397461
34,5,128,86,0.8366705179214478,0.15450824797153473
34,5,128,87,0.8527288436889648,0.08673257380723953
34,5,128,88,0.7183008790016174,0.28039833903312683
34,5,128,89,0.8015410900115967,0.08138666301965714
34,5,128,90,0.8418379426002502,0.06936991214752197
34,5,128,91,0.531434178352356,0.14594191312789917
34,5,128,92,0.7847674489021301,0.20154717564582825
34,5,128,93,0.7374919652938843,0.2634360194206238
34,5,128,94,0.7450026273727417,0.21103696525096893
34,5,128,95,0.78915935754776,0.1807958036661148
34,5,128,96,0.8319088220596313,0.15289582312107086
34,5,128,97,0.8335132598876953,0.15083085000514984
34,5,128,98,0.9007933139801025,0.06724514812231064
34,5,128,99,0.8131852149963379,0.12399685382843018
34,5,128,100,0.49018594622612,0.23339033126831055
34,5,128,101,0.6614899039268494,0.12661948800086975
34,5,128,102,0.5006532073020935,0.1634272336959839
34,5,128,103,0.6567909717559814,0.18540701270103455
34,5,128,104,0.8687071204185486,0.07939591258764267
34,5,128,105,0.8769302368164062,0.09299278259277344
34,5,128,106,0.8315550684928894,0.09505932778120041
34,5,128,107,0.7732665538787842,0.25425463914871216
34,5,128,108,0.8829009532928467,0.0784667506814003
34,5,128,109,0.670721709728241,0.1367022544145584
34,5,128,110,0.3339156210422516,0.08321795612573624
34,5,128,111,0.7161151170730591,0.09049651026725769
34,5,128,112,0.8193726539611816,0.13204491138458252
34,5,128,113,0.6942394971847534,0.11689764261245728
34,5,128,114,0.6663081645965576,0.2196989357471466
34,5,128,115,0.8257527351379395,0.10854065418243408
34,5,128,116,0.7296320796012878,0.09622558206319809
34,5,128,117,0.7510998249053955,0.21166148781776428
34,5,128,118,0.43344646692276,0.23038248717784882
34,5,128,119,0.7962768077850342,0.23705732822418213
34,5,128,120,0.7128317356109619,0.12517715990543365
34,5,128,121,0.6504523158073425,0.13060787320137024
34,5,128,122,0.742918848991394,0.09305177628993988
34,5,128,123,0.6215816736221313,0.3127889931201935
34,5,128,124,0.7177048921585083,0.0701335072517395
34,5,128,125,0.3415472209453583,0.1631203144788742
34,5,128,126,0.3244379758834839,0.28694719076156616
34,5,128,127,0.795344889163971,0.08175536245107651
35,0,32,0,0.5079849362373352,0.04818609729409218
35,0,32,1,0.5747149586677551,0.053470514714717865
35,0,32,2,0.5177187323570251,0.06800147145986557
35,0,32,3,0.5038193464279175,0.030380848795175552
35,0,32,4,0.33247748017311096,0.0766587033867836
35,0,32,5,0.44327133893966675,0.04951605200767517
35,0,32,6,0.47064676880836487,0.06850967556238174
35,0,32,7,0.34169289469718933,0.07007645070552826
35,0,32,8,0.5432321429252625,0.04535992443561554
35,0,32,9,0.5429286360740662,0.0879940539598465
35,0,32,10,0.5897011756896973,0.04765800014138222
35,0,32,11,0.613582968711853,0.06151584908366203
35,0,32,12,0.37095847725868225,0.04218146204948425
35,0,32,13,0.48376643657684326,0.06939225643873215
35,0,32,14,0.48017066717147827,0.05207204446196556
35,0,32,15,0.4991832375526428,0.07069996744394302
35,0,32,16,0.5786200761795044,0.020226798951625824
35,0,32,17,0.5248616337776184,0.043517109006643295
35,0,32,18,0.526119589805603,0.0381796732544899
35,0,32,19,0.44353145360946655,0.04587068781256676
35,0,32,20,0.4827837646007538,0.07629108428955078
35,0,32,21,0.4344421625137329,0.07513345032930374
35,0,32,22,0.5558329820632935,0.05167505890130997
35,0,32,23,0.5462220907211304,0.056717269122600555
35,0,32,24,0.5705376863479614,0.06948298215866089
35,0,32,25,0.40918755531311035,0.050370436161756516
35,0,32,26,0.44612351059913635,0.04617460444569588
35,0,32,27,0.5723283290863037,0.0831540897488594
35,0,32,28,0.5462170839309692,0.06520212441682816
35,0,32,29,0.5292836427688599,0.06344248354434967
35,0,32,30,0.4330199956893921,0.0635877251625061
35,0,32,31,0.40958622097969055,0.0382552444934845
35,1,32,0,0.5247294902801514,0.01206947397440672
35,1,32,1,0.3615967631340027,0.05563317611813545
35,1,32,2,0.5589361190795898,0.045728836208581924
35,1,32,3,0.47266915440559387,0.11141403019428253
35,1,32,4,0.4962817132472992,0.0476982519030571
35,1,32,5,0.5101777911186218,0.0367903858423233
35,1,32,6,0.34875258803367615,0.04094249755144119
35,1,32,7,0.5874311327934265,0.04453485086560249
35,1,32,8,0.46136343479156494,0.06109403446316719
35,1,32,9,0.4394545555114746,0.08430732041597366
35,1,32,10,0.511509120464325,0.09487726539373398
35,1,32,11,0.6166555285453796,0.06490138173103333
35,1,32,12,0.6686356067657471,0.0619075670838356
35,1,32,13,0.4666006565093994,0.050333019345998764
35,1,32,14,0.6216444373130798,0.06295658648014069
35,1,32,15,0.6226187944412231,0.053824689239263535
35,1,32,16,0.4281987249851227,0.022218897938728333
35,1,32,17,0.47873932123184204,0.07357003539800644
35,1,32,18,0.4616396129131317,0.02075400948524475
35,1,32,19,0.5156592130661011,0.08978358656167984
35,1,32,20,0.3741644322872162,0.061970435082912445
35,1,32,21,0.4761457145214081,0.03498317301273346
35,1,32,22,0.46925801038742065,0.07336649298667908
35,1,32,23,0.5264896750450134,0.031973306089639664
35,1,32,24,0.3878404200077057,0.07063285261392593
35,1,32,25,0.521196186542511,0.09960329532623291
35,1,32,26,0.40210556983947754,0.07665380090475082
35,1,32,27,0.6013131141662598,0.03488767147064209
35,1,32,28,0.4376909136772156,0.07026734948158264
35,1,32,29,0.4749821424484253,0.052460577338933945
35,1,32,30,0.6014233231544495,0.07494604587554932
35,1,32,31,0.45390990376472473,0.01867741532623768
35,2,64,0,0.5375608801841736,0.07226051390171051
35,2,64,1,0.39797213673591614,0.1329227089881897
35,2,64,2,0.6371063590049744,0.1389598697423935
35,2,64,3,0.4938346743583679,0.07305427640676498
35,2,64,4,0.5821759104728699,0.17842145264148712
35,2,64,5,0.5596380233764648,0.07685335725545883
35,2,64,6,0.650545597076416,0.1406567543745041
35,2,64,7,0.454756498336792,0.2525925636291504
35,2,64,8,0.4209190011024475,0.12637518346309662
35,2,64,9,0.5995888113975525,0.15611755847930908
35,2,64,10,0.5024418830871582,0.17540672421455383
35,2,64,11,0.5164833664894104,0.1204514428973198
35,2,64,12,0.5443555116653442,0.10045252740383148
35,2,64,13,0.5098435878753662,0.16706892848014832
35,2,64,14,0.4955675005912781,0.2546613812446594
35,2,64,15,0.5420383810997009,0.19416913390159607
35,2,64,16,0.47253382205963135,0.14257116615772247
35,2,64,17,0.6009150147438049,0.1787268966436386
35,2,64,18,0.4706968665122986,0.18123772740364075
35,2,64,19,0.6597357392311096,0.1355518400669098
35,2,64,20,0.5337293744087219,0.15774574875831604
35,2,64,21,0.4399712383747101,0.18843767046928406
35,2,64,22,0.4476095139980316,0.15317901968955994
35,2,64,23,0.5358572006225586,0.07088453322649002
35,2,64,24,0.6336520910263062,0.11669205874204636
35,2,64,25,0.44768574833869934,0.17017534375190735
35,2,64,26,0.5429776906967163,0.17202845215797424
35,2,64,27,0.4790477752685547,0.10913384705781937
35,2,64,28,0.5797446966171265,0.14936915040016174
35,2,64,29,0.48470160365104675,0.15597933530807495
35,2,64,30,0.5105155110359192,0.20529329776763916
35,2,64,31,0.4838773310184479,0.1559642255306244
35,2,64,32,0.692696750164032,0.1431402862071991
35,2,64,33,0.513647735118866,0.14823590219020844
35,2,64,34,0.3984540104866028,0.10192012041807175
35,2,64,35,0.32826292514801025,0.095406174659729
35,2,64,36,0.5589890480041504,0.15802790224552155
35,2,64,37,0.3381720781326294,0.06915076076984406
35,2,64,38,0.4922679364681244,0.15329976379871368
35,2,64,39,0.3306724429130554,0.09244566410779953
35,2,64,40,0.6145036220550537,0.1328694224357605
35,2,64,41,0.5106415152549744,0.14684315025806427
35,2,64,42,0.3910934627056122,0.16666202247142792
35,2,64,43,0.534130871295929,0.1621577888727188
35,2,64,44,0.5117641091346741,0.1504932940006256
35,2,64,45,0.43981051445007324,0.10289859026670456
35,2,64,46,0.5594978928565979,0.12181161344051361
35,2,64,47,0.4055216908454895,0.13140138983726501
35,2,64,48,0.6638724207878113,0.12764276564121246
35,2,64,49,0.46798092126846313,0.2200048863887787
35,2,64,50,0.5021370053291321,0.14119292795658112
35,2,64,51,0.4264245629310608,0.15943214297294617
35,2,64,52,0.4048357605934143,0.09597398340702057
35,2,64,53,0.5257335305213928,0.15187522768974304
35,2,64,54,0.5192219018936157,0.0873594805598259
35,2,64,55,0.5166786313056946,0.16401658952236176
35,2,64,56,0.5297950506210327,0.14455407857894897
35,2,64,57,0.5087488293647766,0.10936295241117477
35,2,64,58,0.5000817179679871,0.15997233986854553
35,2,64,59,0.5931552052497864,0.09364872425794601
35,2,64,60,0.5097305774688721,0.12559187412261963
35,2,64,61,0.609854519367218,0.08190485090017319
35,2,64,62,0.5061811804771423,0.09982599318027496
35,2,64,63,0.5289748907089233,0.22230015695095062
35,3,64,0,0.5234590172767639,0.16773132979869843
35,3,64,1,0.531894862651825,0.2609562277793884
35,3,64,2,0.5258041024208069,0.08068214356899261
35,3,64,3,0.4850134253501892,0.1073240265250206
35,3,64,4,0.5006193518638611,0.32556581497192383
35,3,64,5,0.43011409044265747,0.20286107063293457
35,3,64,6,0.4520697295665741,0.17586393654346466
35,3,64,7,0.34293627738952637,0.12792269885540009
35,3,64,8,0.6115889549255371,0.1993892788887024
35,3,64,9,0.43412888050079346,0.13241350650787354
35,3,64,10,0.27695074677467346,0.1173936054110527
35,3,64,11,0.4332607090473175,0.1823054999113083
35,3,64,12,0.5695071220397949,0.028193796053528786
35,3,64,13,0.49434372782707214,0.059479016810655594
35,3,64,14,0.6026030778884888,0.23933923244476318
35,3,64,15,0.2817873954772949,0.09740400314331055
35,3,64,16,0.630008339881897,0.12523293495178223
35,3,64,17,0.39571893215179443,0.1684771627187729
35,3,64,18,0.4202830493450165,0.2053576558828354
35,3,64,19,0.6031596064567566,0.07577898353338242
35,3,64,20,0.6485527157783508,0.12864895164966583
35,3,64,21,0.3481268584728241,0.1044110581278801
35,3,64,22,0.46176040172576904,0.23457413911819458
35,3,64,23,0.49162980914115906,0.0658547505736351
35,3,64,24,0.28192010521888733,0.15728512406349182
35,3,64,25,0.4698556661605835,0.22583718597888947
35,3,64,26,0.4200892150402069,0.09174054861068726
35,3,64,27,0.6104131937026978,0.15900754928588867
35,3,64,28,0.6126388311386108,0.19735577702522278
35,3,64,29,0.6795642971992493,0.11856617033481598
35,3,64,30,0.5837308168411255,0.10255444794893265
35,3,64,31,0.3240107595920563,0.2175687849521637
35,3,64,32,0.5984811186790466,0.2462635338306427
35,3,64,33,0.3540981411933899,0.06327872723340988
35,3,64,34,0.49212852120399475,0.1543516367673874
35,3,64,35,0.31247690320014954,0.11771418899297714
35,3,64,36,0.5922378897666931,0.1622188538312912
35,3,64,37,0.552879810333252,0.12828589975833893
35,3,64,38,0.5495355725288391,0.18933667242527008
35,3,64,39,0.7110779881477356,0.15202167630195618
35,3,64,40,0.5654976963996887,0.06488777697086334
35,3,64,41,0.27131351828575134,0.08581829816102982
35,3,64,42,0.6797429919242859,0.0803794413805008
35,3,64,43,0.6168723702430725,0.2407241016626358
35,3,64,44,0.5289542078971863,0.2666480243206024
35,3,64,45,0.36343351006507874,0.14733384549617767
35,3,64,46,0.5905939936637878,0.11544957756996155
35,3,64,47,0.39372140169143677,0.04386219009757042
35,3,64,48,0.41184842586517334,0.08813045173883438
35,3,64,49,0.7373705506324768,0.1139264702796936
35,3,64,50,0.5394923686981201,0.17467308044433594
35,3,64,51,0.6707384586334229,0.10038789361715317
35,3,64,52,0.5933139324188232,0.11158127337694168
35,3,64,53,0.6595831513404846,0.10331973433494568
35,3,64,54,0.4534662067890167,0.08412524312734604
35,3,64,55,0.5048794746398926,0.16028456389904022
35,3,64,56,0.5461743474006653,0.17140890657901764
35,3,64,57,0.429799348115921,0.083106629550457
35,3,64,58,0.4141016900539398,0.31453490257263184
35,3,64,59,0.40035688877105713,0.10418709367513657
35,3,64,60,0.46703654527664185,0.1987622231245041
35,3,64,61,0.4904234707355499,0.286446213722229
35,3,64,62,0.5439069867134094,0.12015142291784286
35,3,64,63,0.4618605375289917,0.25940626859664917
35,4,128,0,0.565270185470581,0.08854010701179504
35,4,128,1,0.7012962102890015,0.33197522163391113
35,4,128,2,0.35704126954078674,0.1338111013174057
35,4,128,3,0.3593795597553253,0.33370354771614075
35,4,128,4,0.6512736082077026,0.24406448006629944
35,4,128,5,0.3879404067993164,0.25021257996559143
35,4,128,6,0.28379514813423157,0.10438763350248337
35,4,128,7,0.6686060428619385,0.2861752510070801
35,4,128,8,0.7553816437721252,0.14507213234901428
35,4,128,9,0.6968596577644348,0.21760506927967072
35,4,128,10,0.6505700349807739,0.3378143608570099
35,4,128,11,0.5370457768440247,0.04497283697128296
35,4,128,12,0.6794131994247437,0.3415088653564453
35,4,128,13,0.6287291646003723,0.2720562517642975
35,4,128,14,0.5363054275512695,0.17292828857898712
35,4,128,15,0.6026827692985535,0.128418430685997
35,4,128,16,0.5688251852989197,0.1871553361415863
35,4,128,17,0.5870295166969299,0.17014631628990173
35,4,128,18,0.8515251278877258,0.08354352414608002
35,4,128,19,0.6653522849082947,0.1629607081413269
35,4,128,20,0.6162676811218262,0.16942018270492554
35,4,128,21,0.26980721950531006,0.1297096312046051
35,4,128,22,0.6221352219581604,0.2174934297800064
35,4,128,23,0.3761638104915619,0.16406525671482086
35,4,128,24,0.4971613883972168,0.29955872893333435
35,4,128,25,0.697090744972229,0.1072850301861763
35,4,128,26,0.7792137861251831,0.11745386570692062
35,4,128,27,0.686259388923645,0.08392307907342911
35,4,128,28,0.5976211428642273,0.22419020533561707
35,4,128,29,0.6694562435150146,0.2750775218009949
35,4,128,30,0.5467385053634644,0.3698737621307373
35,4,128,31,0.5244758725166321,0.12420779466629028
35,4,128,32,0.47109493613243103,0.3088090419769287
35,4,128,33,0.7086870670318604,0.2922108471393585
35,4,128,34,0.3558919131755829,0.2629656195640564
35,4,128,35,0.45392754673957825,0.21927529573440552
35,4,128,36,0.5675643682479858,0.22899730503559113
35,4,128,37,0.5494873523712158,0.26964813470840454
35,4,128,38,0.37277963757514954,0.20437578856945038
35,4,128,39,0.4136238396167755,0.24822522699832916
35,4,128,40,0.7123952507972717,0.26972317695617676
35,4,128,41,0.7851409912109375,0.27000758051872253
35,4,128,42,0.6093242764472961,0.11725162714719772
35,4,128,43,0.7166679501533508,0.2398456633090973
35,4,128,44,0.593908965587616,0.2329212874174118
35,4,128,45,0.592620849609375,0.33751222491264343
35,4,128,46,0.2479557991027832,0.09755701571702957
35,4,128,47,0.42289969325065613,0.22955799102783203
35,4,128,48,0.5010913014411926,0.19120670855045319
35,4,128,49,0.6570371985435486,0.18677587807178497
35,4,128,50,0.8172582983970642,0.07506892085075378
35,4,128,51,0.6629065275192261,0.22189655900001526
35,4,128,52,0.40639713406562805,0.3451137840747833
35,4,128,53,0.6444740295410156,0.2692667245864868
35,4,128,54,0.4959079623222351,0.19494707882404327
35,4,128,55,0.6651821732521057,0.2918951213359833
35,4,128,56,0.6055313348770142,0.2737584412097931
35,4,128,57,0.6926719546318054,0.12922720611095428
35,4,128,58,0.7016720771789551,0.2762555778026581
35,4,128,59,0.616762638092041,0.2847166061401367
35,4,128,60,0.6363011598587036,0.24483858048915863
35,4,128,61,0.7205607891082764,0.13983352482318878
35,4,128,62,0.6280747056007385,0.16916102170944214
35,4,128,63,0.8177141547203064,0.0875457152724266
35,4,128,64,0.6055081486701965,0.29580244421958923
35,4,128,65,0.5567921996116638,0.2756817936897278
35,4,128,66,0.37510260939598083,0.2470184713602066
35,4,128,67,0.5290143489837646,0.10013463348150253
35,4,128,68,0.3540286123752594,0.24236318469047546
35,4,128,69,0.7135146856307983,0.33241400122642517
35,4,128,70,0.5171321630477905,0.25969672203063965
35,4,128,71,0.39788612723350525,0.29797089099884033
35,4,128,72,0.7416015863418579,0.1365712583065033
35,4,128,73,0.6723724603652954,0.2650010883808136
35,4,128,74,0.4285203814506531,0.1388695240020752
35,4,128,75,0.5866246223449707,0.2509004771709442
35,4,128,76,0.2643137276172638,0.09317468106746674
35,4,128,77,0.32755953073501587,0.15737757086753845
35,4,128,78,0.3945402503013611,0.15492618083953857
35,4,128,79,0.5933650732040405,0.27996861934661865
35,4,128,80,0.41187527775764465,0.3110581636428833
35,4,128,81,0.4577750265598297,0.17954055964946747
35,4,128,82,0.404816597700119,0.20990677177906036
35,4,128,83,0.44512730836868286,0.34105050563812256
35,4,128,84,0.7519292235374451,0.16994135081768036
35,4,128,85,0.6651688814163208,0.24947550892829895
35,4,128,86,0.7113994359970093,0.09208480268716812
35,4,128,87,0.5266982316970825,0.24462056159973145
35,4,128,88,0.6212778091430664,0.11740569770336151
35,4,128,89,0.5890325903892517,0.07246782630681992
35,4,128,90,0.769825279712677,0.13181178271770477
35,4,128,91,0.7917618751525879,0.09371796250343323
35,4,128,92,0.6331953406333923,0.20963461697101593
35,4,128,93,0.39807718992233276,0.2958284020423889
35,4,128,94,0.7118232250213623,0.09573674947023392
35,4,128,95,0.6709027290344238,0.13627322018146515
35,4,128,96,0.6757161021232605,0.17425698041915894
35,4,128,97,0.6028437614440918,0.3276081681251526
35,4,128,98,0.626899778842926,0.2432042360305786
35,4,128,99,0.3094152808189392,0.18580259382724762
35,4,128,100,0.6000152230262756,0.35764244198799133
35,4,128,101,0.7225193381309509,0.3159439265727997
35,4,128,102,0.7389456629753113,0.10489586740732193
35,4,128,103,0.3649633824825287,0.14184458553791046
35,4,128,104,0.8177812099456787,0.07959691435098648
35,4,128,105,0.4557758867740631,0.1797409951686859
35,4,128,106,0.7159324884414673,0.30693966150283813
35,4,128,107,0.6110301613807678,0.2902505695819855
35,4,128,108,0.711606502532959,0.21829091012477875
35,4,128,109,0.6790488958358765,0.2187313735485077
35,4,128,110,0.5820204019546509,0.31271156668663025
35,4,128,111,0.7929693460464478,0.09153835475444794
35,4,128,112,0.46453195810317993,0.1830093264579773
35,4,128,113,0.556900680065155,0.07621206343173981
35,4,128,114,0.6820042133331299,0.198227196931839
35,4,128,115,0.5745077133178711,0.2647784352302551
35,4,128,116,0.4342021048069,0.1596476286649704
35,4,128,117,0.49204060435295105,0.1941375583410263
35,4,128,118,0.70625901222229,0.28271397948265076
35,4,128,119,0.6942979693412781,0.13827115297317505
35,4,128,120,0.5119863748550415,0.25366950035095215
35,4,128,121,0.6698979735374451,0.25010716915130615
35,4,128,122,0.6068231463432312,0.20897440612316132
35,4,128,123,0.6406159996986389,0.27438315749168396
35,4,128,124,0.49019238352775574,0.2231023907661438
35,4,128,125,0.5874771475791931,0.12140022963285446
35,4,128,126,0.7150700092315674,0.29452282190322876
35,4,128,127,0.5565397143363953,0.3344723582267761
35,5,128,0,0.6491604447364807,0.15723590552806854
35,5,128,1,0.811867356300354,0.18875867128372192
35,5,128,2,0.6393792033195496,0.2920383810997009
35,5,128,3,0.5126845836639404,0.21405674517154694
35,5,128,4,0.8294637799263,0.08861812204122543
35,5,128,5,0.7792962193489075,0.1767798662185669
35,5,128,6,0.468736857175827,0.09980431944131851
35,5,128,7,0.8340312242507935,0.18298904597759247
35,5,128,8,0.7644805312156677,0.1342964619398117
35,5,128,9,0.7656431794166565,0.20814839005470276
35,5,128,10,0.7693033218383789,0.250717431306839
35,5,128,11,0.8037649989128113,0.14126352965831757
35,5,128,12,0.8834643959999084,0.1407056599855423
35,5,128,13,0.4638826847076416,0.1610134392976761
35,5,128,14,0.6307893395423889,0.31302809715270996
35,5,128,15,0.40256306529045105,0.23314130306243896
35,5,128,16,0.7232124209403992,0.2078929990530014
35,5,128,17,0.4155525267124176,0.13939502835273743
35,5,128,18,0.844661295413971,0.13358528912067413
35,5,128,19,0.7877424359321594,0.134483203291893
35,5,128,20,0.7984494566917419,0.1782607138156891
35,5,128,21,0.47116437554359436,0.22370749711990356
35,5,128,22,0.65104079246521,0.20437121391296387
35,5,128,23,0.8102872371673584,0.14450925588607788
35,5,128,24,0.3451836109161377,0.24094714224338531
35,5,128,25,0.7137683033943176,0.20911721885204315
35,5,128,26,0.8103282451629639,0.14110900461673737
35,5,128,27,0.8367066979408264,0.10992273688316345
35,5,128,28,0.43742847442626953,0.18230420351028442
35,5,128,29,0.7386776804924011,0.3028991222381592
35,5,128,30,0.8575183153152466,0.156962588429451
35,5,128,31,0.6651120185852051,0.07610248774290085
35,5,128,32,0.7405937314033508,0.22314675152301788
35,5,128,33,0.756259560585022,0.25204116106033325
35,5,128,34,0.6695738434791565,0.2935049831867218
35,5,128,35,0.2672610878944397,0.25439009070396423
35,5,128,36,0.7219564318656921,0.18534749746322632
35,5,128,37,0.3367505967617035,0.1983748823404312
35,5,128,38,0.28096526861190796,0.17474354803562164
35,5,128,39,0.7353819608688354,0.08201941102743149
35,5,128,40,0.7453042268753052,0.1352308690547943
35,5,128,41,0.7789914011955261,0.24558621644973755
35,5,128,42,0.5976621508598328,0.1965865194797516
35,5,128,43,0.4604853689670563,0.044976383447647095
35,5,128,44,0.697273313999176,0.14409175515174866
35,5,128,45,0.7590948939323425,0.24882374703884125
35,5,128,46,0.3560108542442322,0.088560551404953
35,5,128,47,0.6953398585319519,0.18506483733654022
35,5,128,48,0.7887029647827148,0.1808966100215912
35,5,128,49,0.3194156587123871,0.23983962833881378
35,5,128,50,0.7809115052223206,0.155488058924675
35,5,128,51,0.49281662702560425,0.18152150511741638
35,5,128,52,0.5445176362991333,0.1799515336751938
35,5,128,53,0.7264277338981628,0.15974310040473938
35,5,128,54,0.5453206896781921,0.1735621988773346
35,5,128,55,0.44424042105674744,0.3144592046737671
35,5,128,56,0.7922717928886414,0.13324008882045746
35,5,128,57,0.7267579436302185,0.12412792444229126
35,5,128,58,0.7197749614715576,0.2964881360530853
35,5,128,59,0.8410244584083557,0.11425323784351349
35,5,128,60,0.8286449313163757,0.11608850955963135
35,5,128,61,0.7810712456703186,0.13316287100315094
35,5,128,62,0.7696903347969055,0.16254708170890808
35,5,128,63,0.7672353982925415,0.23989535868167877
35,5,128,64,0.287027508020401,0.18661430478096008
35,5,128,65,0.41992050409317017,0.18179790675640106
35,5,128,66,0.6604884266853333,0.28223395347595215
35,5,128,67,0.5026361346244812,0.12429029494524002
35,5,128,68,0.817560613155365,0.14033381640911102
35,5,128,69,0.8100758790969849,0.17439837753772736
35,5,128,70,0.6885496377944946,0.2438298612833023
35,5,128,71,0.7214205265045166,0.08376077562570572
35,5,128,72,0.7463347911834717,0.1832965463399887
35,5,128,73,0.45927131175994873,0.2513194978237152
35,5,128,74,0.7298941612243652,0.2510085999965668
35,5,128,75,0.655426025390625,0.20829610526561737
35,5,128,76,0.6505662798881531,0.09814859181642532
35,5,128,77,0.5286056995391846,0.1311376541852951
35,5,128,78,0.5006106495857239,0.0938858762383461
35,5,128,79,0.6415345072746277,0.2961220145225525
35,5,128,80,0.7656508088111877,0.20253825187683105
35,5,128,81,0.7176569104194641,0.269970178604126
35,5,128,82,0.8771044015884399,0.11445903778076172
35,5,128,83,0.34400272369384766,0.12831634283065796
35,5,128,84,0.783831000328064,0.08792553097009659
35,5,128,85,0.7081287503242493,0.1425519585609436
35,5,128,86,0.7436805963516235,0.22134597599506378
35,5,128,87,0.7184030413627625,0.21625135838985443
35,5,128,88,0.7280045747756958,0.28933972120285034
35,5,128,89,0.8036566972732544,0.1821005493402481
35,5,128,90,0.7895830273628235,0.18242524564266205
35,5,128,91,0.8453209400177002,0.13418686389923096
35,5,128,92,0.8182017207145691,0.11454569548368454
35,5,128,93,0.469682514667511,0.24957308173179626
35,5,128,94,0.8141313195228577,0.11054517328739166
35,5,128,95,0.44560137391090393,0.2631710469722748
35,5,128,96,0.5163301825523376,0.1850392371416092
35,5,128,97,0.7234089970588684,0.21175211668014526
35,5,128,98,0.7459128499031067,0.19131559133529663
35,5,128,99,0.6275347471237183,0.16620966792106628
35,5,128,100,0.7980315685272217,0.21094168722629547
35,5,128,101,0.7617351412773132,0.22448064386844635
35,5,128,102,0.8185026049613953,0.13780784606933594
35,5,128,103,0.48248013854026794,0.174073725938797
35,5,128,104,0.7385503649711609,0.27276328206062317
35,5,128,105,0.6060517430305481,0.2329813838005066
35,5,128,106,0.8123529553413391,0.2081461250782013
35,5,128,107,0.4264662265777588,0.20411153137683868
35,5,128,108,0.7313079833984375,0.27631253004074097
35,5,128,109,0.7853553891181946,0.16802166402339935
35,5,128,110,0.7429596781730652,0.23927438259124756
35,5,128,111,0.8028386831283569,0.14655666053295135
35,5,128,112,0.4168490767478943,0.21297931671142578
35,5,128,113,0.4066803753376007,0.17115095257759094
35,5,128,114,0.7772815823554993,0.21592003107070923
35,5,128,115,0.6329869627952576,0.3305297791957855
35,5,128,116,0.4158896803855896,0.13820257782936096
35,5,128,117,0.7046268582344055,0.2512166500091553
35,5,128,118,0.5198896527290344,0.08055996894836426
35,5,128,119,0.7071750164031982,0.2941005229949951
35,5,128,120,0.7591038346290588,0.2027246206998825
35,5,128,121,0.6229414939880371,0.1379159837961197
35,5,128,122,0.3028396964073181,0.19722995162010193
35,5,128,123,0.8107975125312805,0.1814941167831421
35,5,128,124,0.8274818658828735,0.1323089897632599
35,5,128,125,0.7481735944747925,0.23790696263313293
35,5,128,126,0.7349366545677185,0.21271374821662903
35,5,128,127,0.3014681041240692,0.2541868984699249
36,0,32,0,0.4282959997653961,0.1046893373131752
36,0,32,1,0.484513521194458,0.221825510263443
36,0,32,2,0.4528995752334595,0.13973678648471832
36,0,32,3,0.3600679337978363,0.19846437871456146
36,0,32,4,0.43699678778648376,0.10259149968624115
36,0,32,5,0.5054777264595032,0.29563459753990173
36,0,32,6,0.49735957384109497,0.08024647831916809
36,0,32,7,0.4745050072669983,0.06000576913356781
36,0,32,8,0.4928216338157654,0.24906067550182343
36,0,32,9,0.5949787497520447,0.22511272132396698
36,0,32,10,0.6969858407974243,0.11706003546714783
36,0,32,11,0.4643159806728363,0.12454619258642197
36,0,32,12,0.6069872379302979,0.10166701674461365
36,0,32,13,0.48027515411376953,0.1940806657075882
36,0,32,14,0.47282588481903076,0.10376261919736862
36,0,32,15,0.4879993200302124,0.15580573678016663
36,0,32,16,0.5240581035614014,0.2598937451839447
36,0,32,17,0.5348688960075378,0.02667013555765152
36,0,32,18,0.559506893157959,0.2299521416425705
36,0,32,19,0.4912661612033844,0.11471179872751236
36,0,32,20,0.39936473965644836,0.20267808437347412
36,0,32,21,0.6174439191818237,0.07691127061843872
36,0,32,22,0.48370614647865295,0.16748058795928955
36,0,32,23,0.5645971298217773,0.17314371466636658
36,0,32,24,0.3796652853488922,0.17575190961360931
36,0,32,25,0.7227638363838196,0.0672139897942543
36,0,32,26,0.528485119342804,0.12547524273395538
36,0,32,27,0.5290479063987732,0.12353646755218506
36,0,32,28,0.4703933000564575,0.10126996785402298
36,0,32,29,0.3968229293823242,0.16775764524936676
36,0,32,30,0.30500364303588867,0.12463071942329407
36,0,32,31,0.45078644156455994,0.05122067779302597
36,1,32,0,0.483518123626709,0.11799174547195435
36,1,32,1,0.6029173731803894,0.08899998664855957
36,1,32,2,0.49381616711616516,0.14920516312122345
36,1,32,3,0.6126164197921753,0.07239174842834473
36,1,32,4,0.6918035745620728,0.059688348323106766
36,1,32,5,0.4883914291858673,0.10107040405273438
36,1,32,6,0.5499377250671387,0.04213285073637962
36,1,32,7,0.4545091986656189,0.15107209980487823
36,1,32,8,0.41676899790763855,0.07131066173315048
36,1,32,9,0.6389442682266235,0.07292021811008453
36,1,32,10,0.43407779932022095,0.08846641331911087
36,1,32,11,0.6047887802124023,0.06351669877767563
36,1,32,12,0.5368509292602539,0.10925991833209991
36,1,32,13,0.4613720774650574,0.13557903468608856
36,1,32,14,0.5357800126075745,0.06687123328447342
36,1,32,15,0.43051207065582275,0.04203548654913902
36,1,32,16,0.48835861682891846,0.11877331137657166
36,1,32,17,0.6554372310638428,0.06171688437461853
36,1,32,18,0.5171592235565186,0.0860479399561882
36,1,32,19,0.6600821018218994,0.06309739500284195
36,1,32,20,0.4029933512210846,0.089676633477211
36,1,32,21,0.5546408891677856,0.10231873393058777
36,1,32,22,0.5214172005653381,0.04478175565600395
36,1,32,23,0.6452686190605164,0.11483389139175415
36,1,32,24,0.523566722869873,0.14195922017097473
36,1,32,25,0.6277255415916443,0.08029168099164963
36,1,32,26,0.6173349618911743,0.08259082585573196
36,1,32,27,0.48846685886383057,0.14284475147724152
36,1,32,28,0.38764816522598267,0.0656823217868805
36,1,32,29,0.43803277611732483,0.04017901420593262
36,1,32,30,0.6071460247039795,0.1391305923461914
36,1,32,31,0.5213125944137573,0.0695686787366867
36,2,64,0,0.590120792388916,0.09793653339147568
36,2,64,1,0.45904475450515747,0.17697805166244507
36,2,64,2,0.48728764057159424,0.16823244094848633
36,2,64,3,0.562951385974884,0.17333102226257324
36,2,64,4,0.4830573797225952,0.12870661914348602
36,2,64,5,0.3778272271156311,0.17277657985687256
36,2,64,6,0.5056666135787964,0.13910910487174988
36,2,64,7,0.4791377782821655,0.16360044479370117
36,2,64,8,0.4251561760902405,0.14634621143341064
36,2,64,9,0.4897785186767578,0.14452917873859406
36,2,64,10,0.389356404542923,0.16491574048995972
36,2,64,11,0.6432422399520874,0.11496852338314056
36,2,64,12,0.3914782404899597,0.13515961170196533
36,2,64,13,0.36161237955093384,0.1353880763053894
36,2,64,14,0.5062245726585388,0.09942427277565002
36,2,64,15,0.6527647376060486,0.1177266463637352
36,2,64,16,0.5393400192260742,0.13132566213607788
36,2,64,17,0.4602537155151367,0.1346510797739029
36,2,64,18,0.5277490615844727,0.10869216918945312
36,2,64,19,0.44422832131385803,0.16167095303535461
36,2,64,20,0.41088610887527466,0.07656902074813843
36,2,64,21,0.44135481119155884,0.19813518226146698
36,2,64,22,0.5424643158912659,0.19521528482437134
36,2,64,23,0.5367805361747742,0.17189781367778778
36,2,64,24,0.3607744872570038,0.08890590071678162
36,2,64,25,0.6384981870651245,0.1122366264462471
36,2,64,26,0.5127411484718323,0.22738733887672424
36,2,64,27,0.4857655167579651,0.1706009805202484
36,2,64,28,0.4670642018318176,0.08103208988904953
36,2,64,29,0.5011272430419922,0.20265260338783264
36,2,64,30,0.5817909240722656,0.16984252631664276
36,2,64,31,0.3318057060241699,0.1221974641084671
36,2,64,32,0.6484405994415283,0.1092519611120224
36,2,64,33,0.561896800994873,0.14615151286125183
36,2,64,34,0.43717437982559204,0.10193656384944916
36,2,64,35,0.4975403845310211,0.15133461356163025
36,2,64,36,0.530309796333313,0.15559899806976318
36,2,64,37,0.6063539385795593,0.16666871309280396
36,2,64,38,0.5979553461074829,0.12692490220069885
36,2,64,39,0.4692397713661194,0.145242840051651
36,2,64,40,0.4491139054298401,0.11177176982164383
36,2,64,41,0.4792088270187378,0.18586356937885284
36,2,64,42,0.5417551398277283,0.10672389715909958
36,2,64,43,0.36020389199256897,0.1254028081893921
36,2,64,44,0.5082327723503113,0.1733865588903427
36,2,64,45,0.5953657031059265,0.10227368026971817
36,2,64,46,0.44537413120269775,0.1337142139673233
36,2,64,47,0.41972196102142334,0.13198503851890564
36,2,64,48,0.4664576053619385,0.19020085036754608
36,2,64,49,0.6084408164024353,0.15336227416992188
36,2,64,50,0.4740775227546692,0.20178809762001038
36,2,64,51,0.5230180025100708,0.1013018861413002
36,2,64,52,0.4671795070171356,0.1575666218996048
36,2,64,53,0.4822029173374176,0.18085865676403046
36,2,64,54,0.508065938949585,0.17104604840278625
36,2,64,55,0.4490072429180145,0.22683168947696686
36,2,64,56,0.5867472290992737,0.15626469254493713
36,2,64,57,0.4896518886089325,0.22691644728183746
36,2,64,58,0.4238071143627167,0.0821336880326271
36,2,64,59,0.51088547706604,0.10407644510269165
36,2,64,60,0.5181494951248169,0.21465669572353363
36,2,64,61,0.500701904296875,0.21787409484386444
36,2,64,62,0.4077771306037903,0.11658583581447601
36,2,64,63,0.5902549624443054,0.2505265474319458
36,3,64,0,0.3806169927120209,0.167793869972229
36,3,64,1,0.5421268343925476,0.07613760977983475
36,3,64,2,0.623608410358429,0.12273422628641129
36,3,64,3,0.45732560753822327,0.165483295917511
36,3,64,4,0.4408147633075714,0.1010543555021286
36,3,64,5,0.45134010910987854,0.11460363119840622
36,3,64,6,0.5392305254936218,0.08744888007640839
36,3,64,7,0.4459182322025299,0.15633277595043182
36,3,64,8,0.6630577445030212,0.10208392888307571
36,3,64,9,0.5374236702919006,0.20536324381828308
36,3,64,10,0.5260715484619141,0.10788926482200623
36,3,64,11,0.6000237464904785,0.12875844538211823
36,3,64,12,0.31170031428337097,0.11606165021657944
36,3,64,13,0.5419722199440002,0.04454759880900383
36,3,64,14,0.49040740728378296,0.13258619606494904
36,3,64,15,0.48251593112945557,0.12000798434019089
36,3,64,16,0.540593683719635,0.23080596327781677
36,3,64,17,0.5409979224205017,0.09180580824613571
36,3,64,18,0.6641956567764282,0.13383686542510986
36,3,64,19,0.5135987997055054,0.10534045845270157
36,3,64,20,0.5602423548698425,0.1248311772942543
36,3,64,21,0.4650576114654541,0.19098664820194244
36,3,64,22,0.500253438949585,0.05623819679021835
36,3,64,23,0.5311843752861023,0.16101764142513275
36,3,64,24,0.4023262858390808,0.17146892845630646
36,3,64,25,0.6635119318962097,0.24928729236125946
36,3,64,26,0.41796013712882996,0.18593215942382812
36,3,64,27,0.5290045738220215,0.04161281883716583
36,3,64,28,0.45756563544273376,0.07740223407745361
36,3,64,29,0.4236079454421997,0.06268156319856644
36,3,64,30,0.39700013399124146,0.15705132484436035
36,3,64,31,0.5638206601142883,0.18632036447525024
36,3,64,32,0.6240699887275696,0.14661477506160736
36,3,64,33,0.5276075601577759,0.14943069219589233
36,3,64,34,0.46153977513313293,0.06229456141591072
36,3,64,35,0.49956727027893066,0.14533983170986176
36,3,64,36,0.5295673608779907,0.07807313650846481
36,3,64,37,0.4892197251319885,0.13488712906837463
36,3,64,38,0.41887545585632324,0.11630433797836304
36,3,64,39,0.6339755654335022,0.19560006260871887
36,3,64,40,0.6202457547187805,0.07851483672857285
36,3,64,41,0.5201036334037781,0.0978618860244751
36,3,64,42,0.5524033904075623,0.09213133156299591
36,3,64,43,0.38364994525909424,0.0548616461455822
36,3,64,44,0.3859003782272339,0.12760166823863983
36,3,64,45,0.5042375326156616,0.11247613281011581
36,3,64,46,0.360332190990448,0.13242381811141968
36,3,64,47,0.4880301356315613,0.18754826486110687
36,3,64,48,0.4295034110546112,0.15935197472572327
36,3,64,49,0.6087793707847595,0.16210941970348358
36,3,64,50,0.5285617709159851,0.08728785067796707
36,3,64,51,0.3400793671607971,0.11136413365602493
36,3,64,52,0.579069197177887,0.09768747538328171
36,3,64,53,0.5204042196273804,0.18860971927642822
36,3,64,54,0.2977859079837799,0.08321388810873032
36,3,64,55,0.6151735186576843,0.10995019972324371
36,3,64,56,0.6683779358863831,0.15432864427566528
36,3,64,57,0.5897938013076782,0.1071777269244194
36,3,64,58,0.5410360097885132,0.05519776791334152
36,3,64,59,0.66633540391922,0.06672196090221405
36,3,64,60,0.49879929423332214,0.21834388375282288
36,3,64,61,0.6165720224380493,0.22846324741840363
36,3,64,62,0.42330268025398254,0.17387184500694275
36,3,64,63,0.4911581873893738,0.07525616884231567
36,4,128,0,0.42585721611976624,0.04875875264406204
36,4,128,1,0.5271433591842651,0.2554904520511627
36,4,128,2,0.5793704986572266,0.09120208024978638
36,4,128,3,0.26938995718955994,0.11418892443180084
36,4,128,4,0.44848552346229553,0.048207126557826996
36,4,128,5,0.38859525322914124,0.28384992480278015
36,4,128,6,0.8439570665359497,0.09577831625938416
36,4,128,7,0.7889843583106995,0.08588193356990814
36,4,128,8,0.3851448893547058,0.07815656065940857
36,4,128,9,0.5312085747718811,0.2848949432373047
36,4,128,10,0.5227167010307312,0.19353200495243073
36,4,128,11,0.6101395487785339,0.06515765190124512
36,4,128,12,0.5978897213935852,0.3436516523361206
36,4,128,13,0.40383732318878174,0.2309933304786682
36,4,128,14,0.5052037835121155,0.24804791808128357
36,4,128,15,0.556382954120636,0.23154586553573608
36,4,128,16,0.4410972595214844,0.33572420477867126
36,4,128,17,0.6009505391120911,0.25455647706985474
36,4,128,18,0.6218777298927307,0.16703981161117554
36,4,128,19,0.8119784593582153,0.10145600140094757
36,4,128,20,0.6092011332511902,0.2874327600002289
36,4,128,21,0.5624072551727295,0.16187074780464172
36,4,128,22,0.7139067649841309,0.07850789278745651
36,4,128,23,0.7485671043395996,0.10236629843711853
36,4,128,24,0.6684687733650208,0.05764010548591614
36,4,128,25,0.5670961737632751,0.09354428201913834
36,4,128,26,0.6186553239822388,0.22867728769779205
36,4,128,27,0.5524993538856506,0.34784454107284546
36,4,128,28,0.7697306275367737,0.09175508469343185
36,4,128,29,0.5792763829231262,0.3269587755203247
36,4,128,30,0.6518272757530212,0.17602625489234924
36,4,128,31,0.6411946415901184,0.07803195714950562
36,4,128,32,0.6038446426391602,0.0987648293375969
36,4,128,33,0.43211427330970764,0.18336714804172516
36,4,128,34,0.49162450432777405,0.3221314251422882
36,4,128,35,0.6368616819381714,0.1326705664396286
36,4,128,36,0.7268847227096558,0.06512074172496796
36,4,128,37,0.7107391953468323,0.07494307309389114
36,4,128,38,0.5628901720046997,0.13289128243923187
36,4,128,39,0.713128924369812,0.1373361200094223
36,4,128,40,0.6252183318138123,0.31084468960762024
36,4,128,41,0.45165374875068665,0.3234643340110779
36,4,128,42,0.6954289078712463,0.08089329302310944
36,4,128,43,0.7792333364486694,0.09060603380203247
36,4,128,44,0.6129007935523987,0.24904631078243256
36,4,128,45,0.555631160736084,0.37042471766471863
36,4,128,46,0.48508840799331665,0.04332999140024185
36,4,128,47,0.7080334424972534,0.1397653967142105
36,4,128,48,0.6870082020759583,0.1172751858830452
36,4,128,49,0.6127395033836365,0.08514243364334106
36,4,128,50,0.5918622612953186,0.18952475488185883
36,4,128,51,0.5435409545898438,0.2064836025238037
36,4,128,52,0.56521075963974,0.209473118185997
36,4,128,53,0.6864202618598938,0.09957275539636612
36,4,128,54,0.379285603761673,0.27310794591903687
36,4,128,55,0.4815489947795868,0.274768203496933
36,4,128,56,0.782458484172821,0.0953555628657341
36,4,128,57,0.5282449126243591,0.11194838583469391
36,4,128,58,0.38792145252227783,0.051544930785894394
36,4,128,59,0.681566596031189,0.10566438734531403
36,4,128,60,0.5967621207237244,0.036704692989587784
36,4,128,61,0.38509151339530945,0.1845473200082779
36,4,128,62,0.44286322593688965,0.35438093543052673
36,4,128,63,0.5471916794776917,0.22986313700675964
36,4,128,64,0.41748785972595215,0.14892661571502686
36,4,128,65,0.6424671411514282,0.13041159510612488
36,4,128,66,0.4709998071193695,0.20773868262767792
36,4,128,67,0.5627105236053467,0.3217320144176483
36,4,128,68,0.505073070526123,0.17799730598926544
36,4,128,69,0.6508260369300842,0.12439846247434616
36,4,128,70,0.7874779105186462,0.09447070956230164
36,4,128,71,0.5065404772758484,0.1698565036058426
36,4,128,72,0.563269853591919,0.06287212669849396
36,4,128,73,0.5789335370063782,0.28648558259010315
36,4,128,74,0.6489543318748474,0.109598807990551
36,4,128,75,0.4827440083026886,0.15776166319847107
36,4,128,76,0.8231285810470581,0.08487500995397568
36,4,128,77,0.5066941380500793,0.08818238973617554
36,4,128,78,0.41418954730033875,0.36980703473091125
36,4,128,79,0.6781982183456421,0.19611632823944092
36,4,128,80,0.6447365283966064,0.049831364303827286
36,4,128,81,0.617405891418457,0.05196386203169823
36,4,128,82,0.5240011215209961,0.2767397165298462
36,4,128,83,0.5147914886474609,0.10416591912508011
36,4,128,84,0.503951907157898,0.18110820651054382
36,4,128,85,0.5956851840019226,0.12324594706296921
36,4,128,86,0.5083035826683044,0.04944755136966705
36,4,128,87,0.638918936252594,0.3074720501899719
36,4,128,88,0.5255061388015747,0.2985420525074005
36,4,128,89,0.46997109055519104,0.23908306658267975
36,4,128,90,0.7137904167175293,0.14796191453933716
36,4,128,91,0.5207980871200562,0.27937179803848267
36,4,128,92,0.7508589625358582,0.0978822410106659
36,4,128,93,0.5267516374588013,0.24296340346336365
36,4,128,94,0.6493041515350342,0.19698022305965424
36,4,128,95,0.34253954887390137,0.13485166430473328
36,4,128,96,0.705956220626831,0.1486358493566513
36,4,128,97,0.7828630208969116,0.08131886273622513
36,4,128,98,0.48245230317115784,0.12072155624628067
36,4,128,99,0.3870588541030884,0.2288028597831726
36,4,128,100,0.6384049654006958,0.10671080648899078
36,4,128,101,0.4538500905036926,0.3158368468284607
36,4,128,102,0.380342960357666,0.136484295129776
36,4,128,103,0.6469282507896423,0.08616910129785538
36,4,128,104,0.2829039692878723,0.10803116112947464
36,4,128,105,0.6073718070983887,0.2482084035873413
36,4,128,106,0.5071778893470764,0.03629565238952637
36,4,128,107,0.5514475107192993,0.12906065583229065
36,4,128,108,0.5192568302154541,0.13173533976078033
36,4,128,109,0.6117566823959351,0.3288456201553345
36,4,128,110,0.5584065318107605,0.20340649783611298
36,4,128,111,0.574622631072998,0.18124622106552124
36,4,128,112,0.37295082211494446,0.2522042393684387
36,4,128,113,0.5168554186820984,0.25364282727241516
36,4,128,114,0.6143462061882019,0.18232940137386322
36,4,128,115,0.5916492938995361,0.05776983126997948
36,4,128,116,0.45663967728614807,0.3458975553512573
36,4,128,117,0.5625304579734802,0.12863236665725708
36,4,128,118,0.6577789783477783,0.08396174758672714
36,4,128,119,0.5018994808197021,0.034550152719020844
36,4,128,120,0.4291043281555176,0.226121187210083
36,4,128,121,0.6665458083152771,0.1004776805639267
36,4,128,122,0.5376498103141785,0.11088697612285614
36,4,128,123,0.7519365549087524,0.1077447235584259
36,4,128,124,0.5482073426246643,0.18247497081756592
36,4,128,125,0.5870196223258972,0.23200692236423492
36,4,128,126,0.5620933771133423,0.1741182655096054
36,4,128,127,0.6549555659294128,0.11443706601858139
36,5,128,0,0.7637994885444641,0.0662902221083641
36,5,128,1,0.8533669710159302,0.13080371916294098
36,5,128,2,0.8805897235870361,0.0998903214931488
36,5,128,3,0.6027818918228149,0.19485412538051605
36,5,128,4,0.8039124011993408,0.1772860586643219
36,5,128,5,0.7674959897994995,0.17971985042095184
36,5,128,6,0.7118455171585083,0.3096960783004761
36,5,128,7,0.8304881453514099,0.14898265898227692
36,5,128,8,0.30952557921409607,0.2197973132133484
36,5,128,9,0.7061014771461487,0.16997134685516357
36,5,128,10,0.6793550252914429,0.16500486433506012
36,5,128,11,0.7059080600738525,0.28722047805786133
36,5,128,12,0.4801485538482666,0.15448109805583954
36,5,128,13,0.4429382085800171,0.12287291884422302
36,5,128,14,0.5555459260940552,0.17613621056079865
36,5,128,15,0.8618829250335693,0.08261531591415405
36,5,128,16,0.5186191201210022,0.2109057754278183
36,5,128,17,0.7381319999694824,0.1513814479112625
36,5,128,18,0.8225257992744446,0.14969177544116974
36,5,128,19,0.7764444351196289,0.20976734161376953
36,5,128,20,0.786903977394104,0.06540925800800323
36,5,128,21,0.645392119884491,0.17171207070350647
36,5,128,22,0.47667360305786133,0.24338175356388092
36,5,128,23,0.7286965847015381,0.1738000214099884
36,5,128,24,0.5348108410835266,0.15786567330360413
36,5,128,25,0.3703431487083435,0.24500030279159546
36,5,128,26,0.8181039094924927,0.1613643765449524
36,5,128,27,0.7984548211097717,0.14813083410263062
36,5,128,28,0.7573124170303345,0.22210873663425446
36,5,128,29,0.7781131863594055,0.1350189745426178
36,5,128,30,0.5075061321258545,0.23008611798286438
36,5,128,31,0.36601975560188293,0.2080339789390564
36,5,128,32,0.4061594009399414,0.3504774868488312
36,5,128,33,0.573880672454834,0.13241377472877502
36,5,128,34,0.8525453209877014,0.14162687957286835
36,5,128,35,0.7653427124023438,0.05663919448852539
36,5,128,36,0.4271474778652191,0.10568808764219284
36,5,128,37,0.8056674003601074,0.17935609817504883
36,5,128,38,0.7409328818321228,0.15627221763134003
36,5,128,39,0.8224409818649292,0.17807120084762573
36,5,128,40,0.798220157623291,0.19612008333206177
36,5,128,41,0.6745373010635376,0.07415929436683655
36,5,128,42,0.7323833107948303,0.08682579547166824
36,5,128,43,0.7920972108840942,0.15276631712913513
36,5,128,44,0.5592086911201477,0.11697454005479813
36,5,128,45,0.6764214634895325,0.10131411254405975
36,5,128,46,0.6657729744911194,0.15419375896453857
36,5,128,47,0.7404530644416809,0.23854906857013702
36,5,128,48,0.8534732460975647,0.10081522911787033
36,5,128,49,0.7767989039421082,0.12252485752105713
36,5,128,50,0.34276247024536133,0.11784839630126953
36,5,128,51,0.40193572640419006,0.21390925347805023
36,5,128,52,0.8351404070854187,0.15108563005924225
36,5,128,53,0.6776019930839539,0.20092029869556427
36,5,128,54,0.683377206325531,0.14034713804721832
36,5,128,55,0.7439544200897217,0.19147713482379913
36,5,128,56,0.6454436779022217,0.14160002768039703
36,5,128,57,0.8274619579315186,0.13159282505512238
36,5,128,58,0.7054637670516968,0.2140064686536789
36,5,128,59,0.712874174118042,0.28678098320961
36,5,128,60,0.7138999700546265,0.07907475531101227
36,5,128,61,0.6980692148208618,0.20668929815292358
36,5,128,62,0.48278743028640747,0.29402923583984375
36,5,128,63,0.8107113242149353,0.1905827820301056
36,5,128,64,0.7174592614173889,0.16477975249290466
36,5,128,65,0.730678379535675,0.2756359577178955
36,5,128,66,0.633582592010498,0.20476612448692322
36,5,128,67,0.7792678475379944,0.19379845261573792
36,5,128,68,0.6791688799858093,0.114420086145401
36,5,128,69,0.8191652894020081,0.1477854698896408
36,5,128,70,0.6619871854782104,0.1304175853729248
36,5,128,71,0.35517722368240356,0.15124565362930298
36,5,128,72,0.3108278214931488,0.12178225070238113
36,5,128,73,0.7461150288581848,0.2352944165468216
36,5,128,74,0.43444088101387024,0.21379871666431427
36,5,128,75,0.6664004921913147,0.1687609851360321
36,5,128,76,0.8004178404808044,0.1454397588968277
36,5,128,77,0.5413154363632202,0.1723271757364273
36,5,128,78,0.4080766439437866,0.18974648416042328
36,5,128,79,0.7170862555503845,0.2592339813709259
36,5,128,80,0.7839545011520386,0.11093974858522415
36,5,128,81,0.67166668176651,0.29704487323760986
36,5,128,82,0.6609290838241577,0.3262024521827698
36,5,128,83,0.6741141676902771,0.09501282870769501
36,5,128,84,0.770639181137085,0.13575379550457
36,5,128,85,0.7669543027877808,0.19554956257343292
36,5,128,86,0.811525285243988,0.18519659340381622
36,5,128,87,0.7764785885810852,0.2600407004356384
36,5,128,88,0.8330113291740417,0.07350865751504898
36,5,128,89,0.5235961675643921,0.1948949694633484
36,5,128,90,0.8364071249961853,0.15098924934864044
36,5,128,91,0.6402909755706787,0.19375720620155334
36,5,128,92,0.8431156277656555,0.09567365795373917
36,5,128,93,0.3792155385017395,0.29575037956237793
36,5,128,94,0.803842306137085,0.12316525727510452
36,5,128,95,0.5425494313240051,0.23614810407161713
36,5,128,96,0.7319869995117188,0.24846649169921875
36,5,128,97,0.8398423194885254,0.1640830934047699
36,5,128,98,0.7997525334358215,0.12467527389526367
36,5,128,99,0.43317797780036926,0.18146897852420807
36,5,128,100,0.7450931668281555,0.1591803878545761
36,5,128,101,0.7256447076797485,0.08117783814668655
36,5,128,102,0.4700218141078949,0.13869257271289825
36,5,128,103,0.398192435503006,0.20730341970920563
36,5,128,104,0.5773798823356628,0.12093199044466019
36,5,128,105,0.8071526885032654,0.1253315508365631
36,5,128,106,0.6235402822494507,0.09223270416259766
36,5,128,107,0.7233293056488037,0.28408318758010864
36,5,128,108,0.7069024443626404,0.2942269444465637
36,5,128,109,0.8204144239425659,0.12861619889736176
36,5,128,110,0.728406548500061,0.2819974720478058
36,5,128,111,0.5108861923217773,0.1265357881784439
36,5,128,112,0.7453791499137878,0.2834666669368744
36,5,128,113,0.7196946144104004,0.24370087683200836
36,5,128,114,0.8055034279823303,0.19795140624046326
36,5,128,115,0.5333977341651917,0.16202916204929352
36,5,128,116,0.758744478225708,0.16883163154125214
36,5,128,117,0.5147476196289062,0.23472115397453308
36,5,128,118,0.7384458780288696,0.19491544365882874
36,5,128,119,0.4562176764011383,0.14567425847053528
36,5,128,120,0.6958877444267273,0.1322188675403595
36,5,128,121,0.7937735319137573,0.18960916996002197
36,5,128,122,0.7775689363479614,0.14956656098365784
36,5,128,123,0.7743557691574097,0.21163088083267212
36,5,128,124,0.28200653195381165,0.22390538454055786
36,5,128,125,0.7511548399925232,0.1385376900434494
36,5,128,126,0.6427746415138245,0.23503322899341583
36,5,128,127,0.7059351205825806,0.2487071007490158
37,0,32,0,0.5205355286598206,0.09118552505970001
37,0,32,1,0.5965916514396667,0.06411733478307724
37,0,32,2,0.5087862610816956,0.07685738801956177
37,0,32,3,0.48350656032562256,0.03494955226778984
37,0,32,4,0.3272913694381714,0.0885779857635498
37,0,32,5,0.4357185959815979,0.06993865966796875
37,0,32,6,0.4503653645515442,0.08108256757259369
37,0,32,7,0.32728636264801025,0.08414571732282639
37,0,32,8,0.5134172439575195,0.06228804588317871
37,0,32,9,0.5225640535354614,0.08280379325151443
37,0,32,10,0.5704212188720703,0.08189903199672699
37,0,32,11,0.6223050355911255,0.08484092354774475
37,0,32,12,0.3686170279979706,0.05510881170630455
37,0,32,13,0.49381017684936523,0.09054408222436905
37,0,32,14,0.4866028428077698,0.09365849196910858
37,0,32,15,0.49634528160095215,0.11431095749139786
37,0,32,16,0.5908526182174683,0.019825518131256104
37,0,32,17,0.5140967965126038,0.03347580134868622
37,0,32,18,0.5552614331245422,0.052646342664957047
37,0,32,19,0.4373056888580322,0.059427425265312195
37,0,32,20,0.4732193350791931,0.1104031428694725
37,0,32,21,0.44289425015449524,0.11270067095756531
37,0,32,22,0.5622719526290894,0.09778635948896408
37,0,32,23,0.5656002163887024,0.0627981424331665
37,0,32,24,0.5599015355110168,0.06280237436294556
37,0,32,25,0.41601139307022095,0.08443593978881836
37,0,32,26,0.4266479015350342,0.07902951538562775
37,0,32,27,0.5968050956726074,0.10261183232069016
37,0,32,28,0.5513561367988586,0.0904989168047905
37,0,32,29,0.49787580966949463,0.10718955844640732
37,0,32,30,0.4358453154563904,0.03351112827658653
37,0,32,31,0.3969825804233551,0.04554362967610359
37,1,32,0,0.5827953815460205,0.12071646004915237
37,1,32,1,0.3805067539215088,0.12183593958616257
37,1,32,2,0.592423677444458,0.06753090023994446
37,1,32,3,0.5041598081588745,0.11272919178009033
37,1,32,4,0.5410305857658386,0.08343734592199326
37,1,32,5,0.47135046124458313,0.05646514520049095
37,1,32,6,0.32428210973739624,0.08056653290987015
37,1,32,7,0.6641830205917358,0.0490785613656044
37,1,32,8,0.4304330348968506,0.10256361216306686
37,1,32,9,0.5063735842704773,0.11798024922609329
37,1,32,10,0.4078086316585541,0.10283995419740677
37,1,32,11,0.5924549102783203,0.13448846340179443
37,1,32,12,0.6665512323379517,0.05624750629067421
37,1,32,13,0.477670818567276,0.1002570390701294
37,1,32,14,0.6557378172874451,0.0804208517074585
37,1,32,15,0.6235721111297607,0.06306540220975876
37,1,32,16,0.5049614310264587,0.04538533836603165
37,1,32,17,0.4859078824520111,0.11266414821147919
37,1,32,18,0.4558543860912323,0.03723480924963951
37,1,32,19,0.5010364055633545,0.1008249819278717
37,1,32,20,0.4392068386077881,0.04454407840967178
37,1,32,21,0.48496195673942566,0.05339011177420616
37,1,32,22,0.4836764633655548,0.10885512828826904
37,1,32,23,0.5832995176315308,0.04977703094482422
37,1,32,24,0.35865384340286255,0.06030438095331192
37,1,32,25,0.5173431038856506,0.12383850663900375
37,1,32,26,0.39635899662971497,0.09844895452260971
37,1,32,27,0.5742584466934204,0.04140191152691841
37,1,32,28,0.39981451630592346,0.06708347052335739
37,1,32,29,0.4911215007305145,0.06463448703289032
37,1,32,30,0.5712472200393677,0.11251720041036606
37,1,32,31,0.4700932800769806,0.03779899328947067
37,2,64,0,0.45048436522483826,0.16587883234024048
37,2,64,1,0.4876292943954468,0.17221717536449432
37,2,64,2,0.6144835352897644,0.08657264709472656
37,2,64,3,0.5234364867210388,0.09405422955751419
37,2,64,4,0.5836387872695923,0.09178262948989868
37,2,64,5,0.5452852249145508,0.08810267597436905
37,2,64,6,0.6078005433082581,0.1383638083934784
37,2,64,7,0.43478187918663025,0.1810559630393982
37,2,64,8,0.5020933151245117,0.0816320925951004
37,2,64,9,0.6787511706352234,0.09084910154342651
37,2,64,10,0.6503850817680359,0.13831958174705505
37,2,64,11,0.5707087516784668,0.15975342690944672
37,2,64,12,0.5197089910507202,0.11437715590000153
37,2,64,13,0.4156131446361542,0.23069557547569275
37,2,64,14,0.5810524225234985,0.20359046757221222
37,2,64,15,0.457913875579834,0.14952833950519562
37,2,64,16,0.5576640367507935,0.22714918851852417
37,2,64,17,0.5976648926734924,0.06738441437482834
37,2,64,18,0.5709441304206848,0.2493147999048233
37,2,64,19,0.7394428849220276,0.09487573802471161
37,2,64,20,0.5682075023651123,0.07865636050701141
37,2,64,21,0.3485570251941681,0.042724259197711945
37,2,64,22,0.3778232932090759,0.1175050362944603
37,2,64,23,0.3510189652442932,0.09269239753484726
37,2,64,24,0.6120314598083496,0.10932859033346176
37,2,64,25,0.4597074091434479,0.21972399950027466
37,2,64,26,0.4746135175228119,0.1648530811071396
37,2,64,27,0.5208096504211426,0.1436714082956314
37,2,64,28,0.5389005541801453,0.05268305540084839
37,2,64,29,0.5056402087211609,0.19504395127296448
37,2,64,30,0.4594039022922516,0.13886165618896484
37,2,64,31,0.4949708878993988,0.1519152820110321
37,2,64,32,0.6917113065719604,0.12209346145391464
37,2,64,33,0.5032552480697632,0.17092032730579376
37,2,64,34,0.4703587591648102,0.06998953968286514
37,2,64,35,0.3759344220161438,0.08809343725442886
37,2,64,36,0.5564184784889221,0.1766851246356964
37,2,64,37,0.42608192563056946,0.17142896354198456
37,2,64,38,0.5082964897155762,0.13617564737796783
37,2,64,39,0.3713437616825104,0.13418620824813843
37,2,64,40,0.6065158843994141,0.08047473430633545
37,2,64,41,0.3839755356311798,0.20805102586746216
37,2,64,42,0.47745540738105774,0.19410015642642975
37,2,64,43,0.583311915397644,0.20352639257907867
37,2,64,44,0.4435916244983673,0.15859487652778625
37,2,64,45,0.3483928143978119,0.060035545378923416
37,2,64,46,0.5842869281768799,0.09452538192272186
37,2,64,47,0.5215714573860168,0.18394982814788818
37,2,64,48,0.7281183004379272,0.06914365291595459
37,2,64,49,0.4774206578731537,0.1472281515598297
37,2,64,50,0.5260806679725647,0.1557983011007309
37,2,64,51,0.3489372730255127,0.06323496997356415
37,2,64,52,0.4464685022830963,0.18165968358516693
37,2,64,53,0.5345984101295471,0.1516595184803009
37,2,64,54,0.5254020690917969,0.16896562278270721
37,2,64,55,0.5854348540306091,0.17417944967746735
37,2,64,56,0.5214823484420776,0.10478776693344116
37,2,64,57,0.5061832070350647,0.16076058149337769
37,2,64,58,0.4788578748703003,0.17246772348880768
37,2,64,59,0.6011168956756592,0.18490470945835114
37,2,64,60,0.6192367672920227,0.11273259669542313
37,2,64,61,0.6184641122817993,0.21364910900592804
37,2,64,62,0.505466639995575,0.12316954880952835
37,2,64,63,0.5616384744644165,0.08279440551996231
37,3,64,0,0.621854305267334,0.13885968923568726
37,3,64,1,0.6271848082542419,0.26463159918785095
37,3,64,2,0.4563930332660675,0.0667448490858078
37,3,64,3,0.6315871477127075,0.14606456458568573
37,3,64,4,0.534864068031311,0.26482823491096497
37,3,64,5,0.4444277286529541,0.135894313454628
37,3,64,6,0.5339093208312988,0.2517733871936798
37,3,64,7,0.3686935603618622,0.1267147660255432
37,3,64,8,0.7054382562637329,0.19575095176696777
37,3,64,9,0.4931977689266205,0.20977765321731567
37,3,64,10,0.3633328676223755,0.13568921387195587
37,3,64,11,0.519364058971405,0.15442721545696259
37,3,64,12,0.3711874485015869,0.18647566437721252
37,3,64,13,0.4997974932193756,0.24552401900291443
37,3,64,14,0.6927233338356018,0.24949564039707184
37,3,64,15,0.29940953850746155,0.12565280497074127
37,3,64,16,0.575364351272583,0.08941182494163513
37,3,64,17,0.4152675271034241,0.1224699318408966
37,3,64,18,0.4806356430053711,0.1780157834291458
37,3,64,19,0.5507438778877258,0.10975629836320877
37,3,64,20,0.4105364680290222,0.21169942617416382
37,3,64,21,0.3889862596988678,0.1279139667749405
37,3,64,22,0.4841170907020569,0.13879606127738953
37,3,64,23,0.4920419454574585,0.09554129838943481
37,3,64,24,0.3206693232059479,0.10452129691839218
37,3,64,25,0.6094154715538025,0.27673736214637756
37,3,64,26,0.49314266443252563,0.05130443722009659
37,3,64,27,0.5648248791694641,0.12008190155029297
37,3,64,28,0.6383775472640991,0.1323668658733368
37,3,64,29,0.6346359252929688,0.11928101629018784
37,3,64,30,0.6493802070617676,0.242238387465477
37,3,64,31,0.24734336137771606,0.1064155176281929
37,3,64,32,0.6550594568252563,0.17591427266597748
37,3,64,33,0.4223824143409729,0.13990969955921173
37,3,64,34,0.4518512487411499,0.08648140728473663
37,3,64,35,0.2939970791339874,0.0830220952630043
37,3,64,36,0.5526377558708191,0.20368382334709167
37,3,64,37,0.6604946255683899,0.05426941066980362
37,3,64,38,0.5389881134033203,0.16906093060970306
37,3,64,39,0.7644103169441223,0.1031540110707283
37,3,64,40,0.5595535635948181,0.06217058748006821
37,3,64,41,0.31010833382606506,0.08311901241540909
37,3,64,42,0.5976787209510803,0.0882270559668541
37,3,64,43,0.7060843706130981,0.2642182409763336
37,3,64,44,0.42583581805229187,0.3013240694999695
37,3,64,45,0.3397447466850281,0.08953876793384552
37,3,64,46,0.539542555809021,0.05928605794906616
37,3,64,47,0.45322495698928833,0.1383606195449829
37,3,64,48,0.46804678440093994,0.08042458444833755
37,3,64,49,0.7204291224479675,0.0910114198923111
37,3,64,50,0.3675326704978943,0.14767272770404816
37,3,64,51,0.60188227891922,0.12076019495725632
37,3,64,52,0.5192129015922546,0.11704905331134796
37,3,64,53,0.6295450329780579,0.15105460584163666
37,3,64,54,0.4442128837108612,0.09575368463993073
37,3,64,55,0.43097853660583496,0.07781559228897095
37,3,64,56,0.5687506198883057,0.08636423200368881
37,3,64,57,0.49091407656669617,0.13659211993217468
37,3,64,58,0.46064865589141846,0.23756219446659088
37,3,64,59,0.5085951685905457,0.12947745621204376
37,3,64,60,0.5213407874107361,0.04950127750635147
37,3,64,61,0.6232649683952332,0.34145039319992065
37,3,64,62,0.45909127593040466,0.0899464413523674
37,3,64,63,0.4064423441886902,0.18453584611415863
37,4,128,0,0.6638501882553101,0.17153023183345795
37,4,128,1,0.6769497394561768,0.2824428379535675
37,4,128,2,0.4029967784881592,0.22370143234729767
37,4,128,3,0.3942185044288635,0.2565101087093353
37,4,128,4,0.6112589836120605,0.1147359237074852
37,4,128,5,0.36626437306404114,0.30992695689201355
37,4,128,6,0.26861247420310974,0.0964413732290268
37,4,128,7,0.6502004265785217,0.21089090406894684
37,4,128,8,0.6038229465484619,0.14023056626319885
37,4,128,9,0.3114640414714813,0.23589898645877838
37,4,128,10,0.6867293119430542,0.34469830989837646
37,4,128,11,0.38436996936798096,0.08866561949253082
37,4,128,12,0.5494347214698792,0.22033874690532684
37,4,128,13,0.4850226938724518,0.25854870676994324
37,4,128,14,0.34164905548095703,0.3367670774459839
37,4,128,15,0.6972150206565857,0.0638803020119667
37,4,128,16,0.5640642642974854,0.27280259132385254
37,4,128,17,0.5434064269065857,0.13139207661151886
37,4,128,18,0.7667934894561768,0.0678136870265007
37,4,128,19,0.7127165198326111,0.25633177161216736
37,4,128,20,0.7276322841644287,0.1854076385498047
37,4,128,21,0.2604246437549591,0.2924237847328186
37,4,128,22,0.4100705683231354,0.31821954250335693
37,4,128,23,0.6295575499534607,0.13201120495796204
37,4,128,24,0.38664403557777405,0.1256963163614273
37,4,128,25,0.7379136681556702,0.09838367998600006
37,4,128,26,0.6196653246879578,0.11671146005392075
37,4,128,27,0.5129001140594482,0.15275231003761292
37,4,128,28,0.527385413646698,0.14888274669647217
37,4,128,29,0.4942927062511444,0.13210760056972504
37,4,128,30,0.6662660837173462,0.38022908568382263
37,4,128,31,0.533343493938446,0.14402000606060028
37,4,128,32,0.35145384073257446,0.3234035074710846
37,4,128,33,0.4641519784927368,0.23181335628032684
37,4,128,34,0.46901437640190125,0.19588853418827057
37,4,128,35,0.5783067941665649,0.2684846520423889
37,4,128,36,0.5743246674537659,0.1161811351776123
37,4,128,37,0.6823976635932922,0.3296835720539093
37,4,128,38,0.688908576965332,0.15988591313362122
37,4,128,39,0.43596190214157104,0.1420668065547943
37,4,128,40,0.3733383119106293,0.24006587266921997
37,4,128,41,0.7855696082115173,0.24569101631641388
37,4,128,42,0.5491809844970703,0.15228763222694397
37,4,128,43,0.45651575922966003,0.23198820650577545
37,4,128,44,0.6621485948562622,0.25264060497283936
37,4,128,45,0.5384658575057983,0.24169862270355225
37,4,128,46,0.6021783947944641,0.18290570378303528
37,4,128,47,0.36260396242141724,0.30429205298423767
37,4,128,48,0.6848710179328918,0.16339993476867676
37,4,128,49,0.4401325583457947,0.20205575227737427
37,4,128,50,0.6686732769012451,0.27157580852508545
37,4,128,51,0.712817907333374,0.24456462264060974
37,4,128,52,0.3315232992172241,0.3845517039299011
37,4,128,53,0.5294053554534912,0.1329323947429657
37,4,128,54,0.4149753749370575,0.1312953382730484
37,4,128,55,0.3604203760623932,0.11157895624637604
37,4,128,56,0.716651976108551,0.2831278443336487
37,4,128,57,0.7042281031608582,0.13919302821159363
37,4,128,58,0.6254856586456299,0.14524440467357635
37,4,128,59,0.6647024750709534,0.16200149059295654
37,4,128,60,0.22663648426532745,0.20683401823043823
37,4,128,61,0.8128765225410461,0.06262867897748947
37,4,128,62,0.6334142684936523,0.24577274918556213
37,4,128,63,0.8544158935546875,0.07694309949874878
37,4,128,64,0.6603497862815857,0.3262830674648285
37,4,128,65,0.3042503893375397,0.2890533208847046
37,4,128,66,0.36619600653648376,0.1888696402311325
37,4,128,67,0.6014919281005859,0.11736375093460083
37,4,128,68,0.7438195943832397,0.08994586765766144
37,4,128,69,0.5924631357192993,0.23116078972816467
37,4,128,70,0.6631105542182922,0.3072807788848877
37,4,128,71,0.6058050990104675,0.12757496535778046
37,4,128,72,0.5061872005462646,0.27369216084480286
37,4,128,73,0.49997347593307495,0.1963467299938202
37,4,128,74,0.6757102608680725,0.19187000393867493
37,4,128,75,0.6849076151847839,0.13489247858524323
37,4,128,76,0.2985345125198364,0.21934694051742554
37,4,128,77,0.6079902052879333,0.15441659092903137
37,4,128,78,0.5372718572616577,0.16399353742599487
37,4,128,79,0.5988679528236389,0.265061616897583
37,4,128,80,0.34612515568733215,0.36726468801498413
37,4,128,81,0.609112560749054,0.2840634882450104
37,4,128,82,0.26855286955833435,0.3192920386791229
37,4,128,83,0.31655415892601013,0.33077141642570496
37,4,128,84,0.7258594036102295,0.1981445997953415
37,4,128,85,0.6936662793159485,0.10990659892559052
37,4,128,86,0.6724881529808044,0.0545530766248703
37,4,128,87,0.4853133261203766,0.1866471767425537
37,4,128,88,0.59726881980896,0.14783768355846405
37,4,128,89,0.3680689334869385,0.09517954289913177
37,4,128,90,0.7168634533882141,0.07002393901348114
37,4,128,91,0.7360169887542725,0.14715337753295898
37,4,128,92,0.7105625867843628,0.09306148439645767
37,4,128,93,0.49134859442710876,0.13672329485416412
37,4,128,94,0.7161788940429688,0.1506604552268982
37,4,128,95,0.617534339427948,0.14645537734031677
37,4,128,96,0.5388655066490173,0.14317436516284943
37,4,128,97,0.7341026067733765,0.26834675669670105
37,4,128,98,0.6603671312332153,0.2735239863395691
37,4,128,99,0.45707038044929504,0.17827174067497253
37,4,128,100,0.6950327157974243,0.3320178687572479
37,4,128,101,0.47278061509132385,0.22262682020664215
37,4,128,102,0.6888588666915894,0.108855240046978
37,4,128,103,0.5585352182388306,0.13301357626914978
37,4,128,104,0.7689216136932373,0.05407791584730148
37,4,128,105,0.6602954268455505,0.0957052931189537
37,4,128,106,0.6869492530822754,0.2403523474931717
37,4,128,107,0.3810970187187195,0.14494389295578003
37,4,128,108,0.39073890447616577,0.1354018598794937
37,4,128,109,0.7164523601531982,0.24282412230968475
37,4,128,110,0.5629657506942749,0.2352484166622162
37,4,128,111,0.7318091988563538,0.200667604804039
37,4,128,112,0.5598492622375488,0.10696897655725479
37,4,128,113,0.44166556000709534,0.16599760949611664
37,4,128,114,0.5880511999130249,0.14028282463550568
37,4,128,115,0.7231400012969971,0.13991133868694305
37,4,128,116,0.40869849920272827,0.09343697130680084
37,4,128,117,0.7198372483253479,0.21595509350299835
37,4,128,118,0.4005371630191803,0.2434571385383606
37,4,128,119,0.44256606698036194,0.20019519329071045
37,4,128,120,0.47983047366142273,0.20986148715019226
37,4,128,121,0.6597387790679932,0.24856795370578766
37,4,128,122,0.48155948519706726,0.07930600643157959
37,4,128,123,0.7167433500289917,0.24185465276241302
37,4,128,124,0.6833592057228088,0.18747983872890472
37,4,128,125,0.5212521553039551,0.1326562464237213
37,4,128,126,0.5622290372848511,0.17610454559326172
37,4,128,127,0.5929297208786011,0.30767109990119934
37,5,128,0,0.5870630741119385,0.1805051863193512
37,5,128,1,0.8559488654136658,0.07794030755758286
37,5,128,2,0.7379428744316101,0.17588016390800476
37,5,128,3,0.6230806112289429,0.14715571701526642
37,5,128,4,0.6999884843826294,0.13535746932029724
37,5,128,5,0.861786961555481,0.06590252369642258
37,5,128,6,0.6014851927757263,0.12456728518009186
37,5,128,7,0.8611446619033813,0.09349256008863449
37,5,128,8,0.8653049468994141,0.0697038397192955
37,5,128,9,0.7591845393180847,0.21159961819648743
37,5,128,10,0.9008306264877319,0.059029240161180496
37,5,128,11,0.5745863914489746,0.16914373636245728
37,5,128,12,0.8936180472373962,0.07964129745960236
37,5,128,13,0.47861507534980774,0.12368319928646088
37,5,128,14,0.7525726556777954,0.20757341384887695
37,5,128,15,0.5051242709159851,0.14949427545070648
37,5,128,16,0.7168190479278564,0.2876347303390503
37,5,128,17,0.5726744532585144,0.12663431465625763
37,5,128,18,0.829314112663269,0.05896693468093872
37,5,128,19,0.8159744143486023,0.15619409084320068
37,5,128,20,0.8380419611930847,0.07222940027713776
37,5,128,21,0.3932957053184509,0.2323782593011856
37,5,128,22,0.6477932929992676,0.15759186446666718
37,5,128,23,0.6927880048751831,0.10798531025648117
37,5,128,24,0.5693429112434387,0.1355748325586319
37,5,128,25,0.8116874098777771,0.16666027903556824
37,5,128,26,0.8877275586128235,0.06189519912004471
37,5,128,27,0.8542399406433105,0.05862128734588623
37,5,128,28,0.5651431083679199,0.2510310411453247
37,5,128,29,0.8406655788421631,0.18021386861801147
37,5,128,30,0.8567671775817871,0.1033429428935051
37,5,128,31,0.840917706489563,0.06380891799926758
37,5,128,32,0.7454738616943359,0.217771977186203
37,5,128,33,0.8144309520721436,0.13311007618904114
37,5,128,34,0.8299879431724548,0.05718410760164261
37,5,128,35,0.28138917684555054,0.18860891461372375
37,5,128,36,0.7750105857849121,0.11497906595468521
37,5,128,37,0.8302662372589111,0.07424414902925491
37,5,128,38,0.6178194880485535,0.1184140145778656
37,5,128,39,0.6996047496795654,0.16965846717357635
37,5,128,40,0.4849702715873718,0.24177628755569458
37,5,128,41,0.8363093733787537,0.1757008284330368
37,5,128,42,0.7611751556396484,0.15574172139167786
37,5,128,43,0.6177853941917419,0.0848931297659874
37,5,128,44,0.7993346452713013,0.06679777801036835
37,5,128,45,0.8271234035491943,0.1575738489627838
37,5,128,46,0.551230251789093,0.121018186211586
37,5,128,47,0.6238304376602173,0.10545171797275543
37,5,128,48,0.7201005220413208,0.10517110675573349
37,5,128,49,0.30493637919425964,0.21721111238002777
37,5,128,50,0.7938688397407532,0.12152925878763199
37,5,128,51,0.7061120271682739,0.19471128284931183
37,5,128,52,0.46882256865501404,0.16484804451465607
37,5,128,53,0.7720864415168762,0.10745660960674286
37,5,128,54,0.43872159719467163,0.30178141593933105
37,5,128,55,0.38939329981803894,0.25037503242492676
37,5,128,56,0.8325432538986206,0.06332909315824509
37,5,128,57,0.7364118099212646,0.21100391447544098
37,5,128,58,0.7959637641906738,0.1645062267780304
37,5,128,59,0.82632976770401,0.06080304831266403
37,5,128,60,0.46095284819602966,0.2555118203163147
37,5,128,61,0.7565119862556458,0.07727668434381485
37,5,128,62,0.7898785471916199,0.16631896793842316
37,5,128,63,0.7860231399536133,0.1730099618434906
37,5,128,64,0.5149048566818237,0.16417370736598969
37,5,128,65,0.428182989358902,0.175761878490448
37,5,128,66,0.7592118978500366,0.12344145774841309
37,5,128,67,0.8097701072692871,0.12172577530145645
37,5,128,68,0.8392136693000793,0.0790129005908966
37,5,128,69,0.8271626234054565,0.11917904019355774
37,5,128,70,0.8089439868927002,0.11478658020496368
37,5,128,71,0.7948118448257446,0.09020121395587921
37,5,128,72,0.44358912110328674,0.238163024187088
37,5,128,73,0.45064225792884827,0.2773321568965912
37,5,128,74,0.79310142993927,0.15693189203739166
37,5,128,75,0.7240872383117676,0.12600094079971313
37,5,128,76,0.497243732213974,0.1861668825149536
37,5,128,77,0.7906204462051392,0.14079967141151428
37,5,128,78,0.712809681892395,0.1329651027917862
37,5,128,79,0.712878942489624,0.19151878356933594
37,5,128,80,0.8135015964508057,0.12094928324222565
37,5,128,81,0.8172715306282043,0.18457864224910736
37,5,128,82,0.8723130822181702,0.06131535768508911
37,5,128,83,0.7577060461044312,0.1711452603340149
37,5,128,84,0.6054874062538147,0.1836807280778885
37,5,128,85,0.8635450601577759,0.057780858129262924
37,5,128,86,0.7950078845024109,0.19087596237659454
37,5,128,87,0.7933750152587891,0.22546696662902832
37,5,128,88,0.8610143065452576,0.15592342615127563
37,5,128,89,0.8775806427001953,0.08219370990991592
37,5,128,90,0.7776274085044861,0.10128417611122131
37,5,128,91,0.8590018153190613,0.06703423708677292
37,5,128,92,0.8318036198616028,0.08112587779760361
37,5,128,93,0.4589765965938568,0.21573284268379211
37,5,128,94,0.8615424633026123,0.051707081496715546
37,5,128,95,0.37073493003845215,0.27658727765083313
37,5,128,96,0.4190966784954071,0.2544107437133789
37,5,128,97,0.777599573135376,0.2128157764673233
37,5,128,98,0.8006268739700317,0.13396796584129333
37,5,128,99,0.7906228303909302,0.17691844701766968
37,5,128,100,0.8689367771148682,0.11756997555494308
37,5,128,101,0.7811318635940552,0.11463887244462967
37,5,128,102,0.8900132179260254,0.05213402956724167
37,5,128,103,0.7550488710403442,0.0936511754989624
37,5,128,104,0.8493369817733765,0.18342284858226776
37,5,128,105,0.35081756114959717,0.2657138705253601
37,5,128,106,0.8433735370635986,0.09157872945070267
37,5,128,107,0.8013763427734375,0.10196679085493088
37,5,128,108,0.8285768628120422,0.12309148907661438
37,5,128,109,0.8110671043395996,0.1511041522026062
37,5,128,110,0.768897533416748,0.15801656246185303
37,5,128,111,0.8188740611076355,0.1185774952173233
37,5,128,112,0.5898975133895874,0.20739160478115082
37,5,128,113,0.5257710814476013,0.22396524250507355
37,5,128,114,0.8039999604225159,0.1348656713962555
37,5,128,115,0.7451738715171814,0.21589295566082
37,5,128,116,0.7814405560493469,0.16183845698833466
37,5,128,117,0.7600184082984924,0.16679514944553375
37,5,128,118,0.6643023490905762,0.10641258209943771
37,5,128,119,0.8578647375106812,0.16340182721614838
37,5,128,120,0.8690266609191895,0.07683298736810684
37,5,128,121,0.77077716588974,0.07821366935968399
37,5,128,122,0.3572116196155548,0.2348288893699646
37,5,128,123,0.670145571231842,0.16652695834636688
37,5,128,124,0.8518763184547424,0.07705982029438019
37,5,128,125,0.8056484460830688,0.18718062341213226
37,5,128,126,0.7604845762252808,0.21657483279705048
37,5,128,127,0.733648955821991,0.23288318514823914
38,0,32,0,0.45014628767967224,0.13452079892158508
38,0,32,1,0.5869287848472595,0.08164501935243607
38,0,32,2,0.4791252017021179,0.07949309796094894
38,0,32,3,0.5025313496589661,0.0692344382405281
38,0,32,4,0.28107282519340515,0.09514681249856949
38,0,32,5,0.4580436944961548,0.041708119213581085
38,0,32,6,0.4857677221298218,0.08243977278470993
38,0,32,7,0.30565452575683594,0.08417803049087524
38,0,32,8,0.5322024822235107,0.0950210765004158
38,0,32,9,0.5065658092498779,0.0632556676864624
38,0,32,10,0.6128589510917664,0.08548921346664429
38,0,32,11,0.6484611630439758,0.08303597569465637
38,0,32,12,0.3665773272514343,0.09563909471035004
38,0,32,13,0.4689222276210785,0.10865337401628494
38,0,32,14,0.48147761821746826,0.10067982971668243
38,0,32,15,0.4917186498641968,0.10191593319177628
38,0,32,16,0.5965785384178162,0.053477782756090164
38,0,32,17,0.5512728691101074,0.06906202435493469
38,0,32,18,0.5774819254875183,0.06706717610359192
38,0,32,19,0.413493812084198,0.0833202451467514
38,0,32,20,0.4664720594882965,0.10742621123790741
38,0,32,21,0.46667253971099854,0.1216944009065628
38,0,32,22,0.5731880068778992,0.11995954066514969
38,0,32,23,0.59962397813797,0.0620887465775013
38,0,32,24,0.5703779458999634,0.03667533025145531
38,0,32,25,0.409013956785202,0.08903821557760239
38,0,32,26,0.44172051548957825,0.10726132988929749
38,0,32,27,0.6249608993530273,0.10377895832061768
38,0,32,28,0.601193368434906,0.10251032561063766
38,0,32,29,0.4788365364074707,0.11637613922357559
38,0,32,30,0.5156016945838928,0.07869470119476318
38,0,32,31,0.41875478625297546,0.04588640108704567
38,1,32,0,0.5208969712257385,0.044233180582523346
38,1,32,1,0.3719194829463959,0.04368976131081581
38,1,32,2,0.5827971696853638,0.05252900347113609
38,1,32,3,0.409544438123703,0.1251019686460495
38,1,32,4,0.4319286048412323,0.10385825484991074
38,1,32,5,0.42257869243621826,0.0660625472664833
38,1,32,6,0.31536006927490234,0.05539359152317047
38,1,32,7,0.7067638039588928,0.09331192076206207
38,1,32,8,0.4857509732246399,0.0858975350856781
38,1,32,9,0.48111429810523987,0.029813451692461967
38,1,32,10,0.3541957437992096,0.09422679990530014
38,1,32,11,0.6689911484718323,0.12287293374538422
38,1,32,12,0.7220062613487244,0.10662246495485306
38,1,32,13,0.4742411673069,0.026188131421804428
38,1,32,14,0.7091671228408813,0.10971136391162872
38,1,32,15,0.518717885017395,0.059515345841646194
38,1,32,16,0.5753450989723206,0.10968895256519318
38,1,32,17,0.4302768409252167,0.03409232199192047
38,1,32,18,0.43481653928756714,0.007588179782032967
38,1,32,19,0.6097363233566284,0.03123028762638569
38,1,32,20,0.4395022392272949,0.021965932101011276
38,1,32,21,0.5467554926872253,0.03662118315696716
38,1,32,22,0.5227960348129272,0.09255293011665344
38,1,32,23,0.6043009161949158,0.05990038439631462
38,1,32,24,0.45325517654418945,0.07557041943073273
38,1,32,25,0.6169517040252686,0.13282716274261475
38,1,32,26,0.3879826068878174,0.07151292264461517
38,1,32,27,0.6066877245903015,0.036109715700149536
38,1,32,28,0.354417622089386,0.08663594722747803
38,1,32,29,0.38059359788894653,0.06975235044956207
38,1,32,30,0.5492793321609497,0.031444817781448364
38,1,32,31,0.5412619709968567,0.09051477909088135
38,2,64,0,0.5310117602348328,0.1307942420244217
38,2,64,1,0.4317578673362732,0.23752303421497345
38,2,64,2,0.6580374240875244,0.1153736412525177
38,2,64,3,0.42098841071128845,0.27321457862854004
38,2,64,4,0.5224209427833557,0.23469139635562897
38,2,64,5,0.5904956459999084,0.18570451438426971
38,2,64,6,0.7402199506759644,0.11000924557447433
38,2,64,7,0.38978514075279236,0.32539358735084534
38,2,64,8,0.42998212575912476,0.20344893634319305
38,2,64,9,0.5526918768882751,0.2620895206928253
38,2,64,10,0.6741976737976074,0.09598425030708313
38,2,64,11,0.609667956829071,0.16931909322738647
38,2,64,12,0.5308414697647095,0.09897500276565552
38,2,64,13,0.6824660897254944,0.12346532195806503
38,2,64,14,0.4919796884059906,0.24977442622184753
38,2,64,15,0.5726569890975952,0.19224876165390015
38,2,64,16,0.5245243310928345,0.2711234390735626
38,2,64,17,0.5876920819282532,0.2012893259525299
38,2,64,18,0.6045163869857788,0.31025275588035583
38,2,64,19,0.6407247185707092,0.18331031501293182
38,2,64,20,0.5980003476142883,0.10002998262643814
38,2,64,21,0.450196772813797,0.14953885972499847
38,2,64,22,0.38257408142089844,0.044384609907865524
38,2,64,23,0.5018056631088257,0.15038999915122986
38,2,64,24,0.5987933874130249,0.19363507628440857
38,2,64,25,0.4541919231414795,0.15897005796432495
38,2,64,26,0.6347349882125854,0.10200928896665573
38,2,64,27,0.5406790971755981,0.14314930140972137
38,2,64,28,0.6740138530731201,0.2146913856267929
38,2,64,29,0.4450189173221588,0.11694019287824631
38,2,64,30,0.535024106502533,0.2930773198604584
38,2,64,31,0.5014440417289734,0.1320466250181198
38,2,64,32,0.7625223994255066,0.10074026882648468
38,2,64,33,0.6499251127243042,0.2801574766635895
38,2,64,34,0.3494165241718292,0.12576134502887726
38,2,64,35,0.3672798275947571,0.12368771433830261
38,2,64,36,0.6468237638473511,0.1277499943971634
38,2,64,37,0.41027164459228516,0.10983363538980484
38,2,64,38,0.5777862668037415,0.28459522128105164
38,2,64,39,0.31300273537635803,0.11160213500261307
38,2,64,40,0.6924099326133728,0.2903975546360016
38,2,64,41,0.6166678667068481,0.10701128840446472
38,2,64,42,0.34394609928131104,0.12030456215143204
38,2,64,43,0.560353696346283,0.17253725230693817
38,2,64,44,0.6128904819488525,0.34746813774108887
38,2,64,45,0.4098314642906189,0.11372259259223938
38,2,64,46,0.504976212978363,0.11384623497724533
38,2,64,47,0.5591076612472534,0.2528682053089142
38,2,64,48,0.7026086449623108,0.1701854169368744
38,2,64,49,0.45306891202926636,0.1658954918384552
38,2,64,50,0.6069415807723999,0.16289213299751282
38,2,64,51,0.4801519215106964,0.11752258241176605
38,2,64,52,0.2977105379104614,0.06026484817266464
38,2,64,53,0.47768259048461914,0.18530820310115814
38,2,64,54,0.540545642375946,0.07596317678689957
38,2,64,55,0.5658130645751953,0.12454327940940857
38,2,64,56,0.43146201968193054,0.274438738822937
38,2,64,57,0.5402914881706238,0.21680472791194916
38,2,64,58,0.4742523431777954,0.2634943425655365
38,2,64,59,0.5968722701072693,0.136177197098732
38,2,64,60,0.4577803313732147,0.2097192406654358
38,2,64,61,0.5638678073883057,0.1723162680864334
38,2,64,62,0.47822192311286926,0.1798863559961319
38,2,64,63,0.4403226375579834,0.31261691451072693
38,3,64,0,0.4781855642795563,0.1716744601726532
38,3,64,1,0.5579549670219421,0.18390601873397827
38,3,64,2,0.46256619691848755,0.06051678955554962
38,3,64,3,0.4750414788722992,0.11874955892562866
38,3,64,4,0.537920355796814,0.17555586993694305
38,3,64,5,0.4384632706642151,0.08030682057142258
38,3,64,6,0.5265089273452759,0.1169101819396019
38,3,64,7,0.3718510866165161,0.0853552594780922
38,3,64,8,0.647207498550415,0.1815148890018463
38,3,64,9,0.4493689239025116,0.05331926420331001
38,3,64,10,0.4595096707344055,0.09608256071805954
38,3,64,11,0.5110327005386353,0.06805364787578583
38,3,64,12,0.4897995889186859,0.09071594476699829
38,3,64,13,0.5585178136825562,0.13936954736709595
38,3,64,14,0.681540310382843,0.09413951635360718
38,3,64,15,0.3775029182434082,0.0629749745130539
38,3,64,16,0.5450822114944458,0.07274651527404785
38,3,64,17,0.37577128410339355,0.10060890018939972
38,3,64,18,0.4400709271430969,0.10674560070037842
38,3,64,19,0.5939754247665405,0.05634171888232231
38,3,64,20,0.5849939584732056,0.09128076583147049
38,3,64,21,0.37411850690841675,0.13320523500442505
38,3,64,22,0.46810075640678406,0.06876443326473236
38,3,64,23,0.49146148562431335,0.02701529487967491
38,3,64,24,0.37520700693130493,0.06676200032234192
38,3,64,25,0.5749414563179016,0.12579043209552765
38,3,64,26,0.5327498912811279,0.09308227151632309
38,3,64,27,0.5677024722099304,0.11155953258275986
38,3,64,28,0.6545822620391846,0.09568201005458832
38,3,64,29,0.7051693201065063,0.12022840976715088
38,3,64,30,0.6090219616889954,0.08455802500247955
38,3,64,31,0.35265427827835083,0.07870738953351974
38,3,64,32,0.5564699172973633,0.09631828218698502
38,3,64,33,0.2984635829925537,0.07003414630889893
38,3,64,34,0.5628474950790405,0.12120652943849564
38,3,64,35,0.4880950450897217,0.12020855396986008
38,3,64,36,0.4621504843235016,0.137809619307518
38,3,64,37,0.4779839515686035,0.08372996002435684
38,3,64,38,0.39408808946609497,0.1427415907382965
38,3,64,39,0.7066572904586792,0.07180798798799515
38,3,64,40,0.5481113195419312,0.04446383938193321
38,3,64,41,0.32840752601623535,0.06973454356193542
38,3,64,42,0.6654378771781921,0.051274608820676804
38,3,64,43,0.6064404845237732,0.11982302367687225
38,3,64,44,0.4968339800834656,0.10052402317523956
38,3,64,45,0.430783212184906,0.07319776713848114
38,3,64,46,0.5196149349212646,0.02556714415550232
38,3,64,47,0.4708966016769409,0.09856164455413818
38,3,64,48,0.46736371517181396,0.060838691890239716
38,3,64,49,0.6380615234375,0.08637551963329315
38,3,64,50,0.43424490094184875,0.1390475183725357
38,3,64,51,0.6943458318710327,0.15294049680233002
38,3,64,52,0.5632816553115845,0.13416677713394165
38,3,64,53,0.5851019024848938,0.0841454342007637
38,3,64,54,0.4554516673088074,0.06871438026428223
38,3,64,55,0.347025990486145,0.16947762668132782
38,3,64,56,0.44541874527931213,0.15824046730995178
38,3,64,57,0.5707682371139526,0.14206089079380035
38,3,64,58,0.3436802923679352,0.11513812094926834
38,3,64,59,0.3970864415168762,0.0982867032289505
38,3,64,60,0.5426151752471924,0.06926051527261734
38,3,64,61,0.5337077975273132,0.11396173387765884
38,3,64,62,0.45693638920783997,0.14747801423072815
38,3,64,63,0.50948166847229,0.03147584944963455
38,4,128,0,0.6523558497428894,0.1280854493379593
38,4,128,1,0.7353519201278687,0.24864515662193298
38,4,128,2,0.36649778485298157,0.11103062331676483
38,4,128,3,0.37203726172447205,0.2608881890773773
38,4,128,4,0.5778115391731262,0.15519647300243378
38,4,128,5,0.3588292896747589,0.27090367674827576
38,4,128,6,0.4165531098842621,0.12509018182754517
38,4,128,7,0.6200151443481445,0.2679564952850342
38,4,128,8,0.4294435381889343,0.18486323952674866
38,4,128,9,0.5451033711433411,0.1559503674507141
38,4,128,10,0.6872214078903198,0.2772740423679352
38,4,128,11,0.3879954516887665,0.11488143354654312
38,4,128,12,0.6053799986839294,0.21559272706508636
38,4,128,13,0.4318990111351013,0.18976566195487976
38,4,128,14,0.6455007195472717,0.13284283876419067
38,4,128,15,0.5175125598907471,0.1293579638004303
38,4,128,16,0.42686641216278076,0.09106769412755966
38,4,128,17,0.48983660340309143,0.13930702209472656
38,4,128,18,0.7513527274131775,0.14219219982624054
38,4,128,19,0.6957550048828125,0.10787760466337204
38,4,128,20,0.6241572499275208,0.09166359156370163
38,4,128,21,0.339542031288147,0.09948816895484924
38,4,128,22,0.6774880290031433,0.13805918395519257
38,4,128,23,0.6336488723754883,0.2381223887205124
38,4,128,24,0.39462852478027344,0.06681104004383087
38,4,128,25,0.6198405623435974,0.18630148470401764
38,4,128,26,0.6481407880783081,0.09277641773223877
38,4,128,27,0.7031344771385193,0.08956967294216156
38,4,128,28,0.6485997438430786,0.2648388743400574
38,4,128,29,0.5644205808639526,0.10603348910808563
38,4,128,30,0.6806067824363708,0.28435301780700684
38,4,128,31,0.6273667216300964,0.16430580615997314
38,4,128,32,0.3661903440952301,0.2482481300830841
38,4,128,33,0.5911192297935486,0.18296977877616882
38,4,128,34,0.6111664175987244,0.17623738944530487
38,4,128,35,0.5673295259475708,0.05670716613531113
38,4,128,36,0.5062995553016663,0.10172251611948013
38,4,128,37,0.41072335839271545,0.2040160596370697
38,4,128,38,0.558737576007843,0.1767353117465973
38,4,128,39,0.39571210741996765,0.14757570624351501
38,4,128,40,0.6396937370300293,0.25318363308906555
38,4,128,41,0.748148500919342,0.2138117253780365
38,4,128,42,0.45019909739494324,0.18556246161460876
38,4,128,43,0.5052229166030884,0.18003863096237183
38,4,128,44,0.6809710264205933,0.11117833852767944
38,4,128,45,0.6409190893173218,0.23551923036575317
38,4,128,46,0.3150644302368164,0.07318621873855591
38,4,128,47,0.41348838806152344,0.2684250771999359
38,4,128,48,0.642266035079956,0.08358992636203766
38,4,128,49,0.3943370580673218,0.13105688989162445
38,4,128,50,0.7328294515609741,0.10495773702859879
38,4,128,51,0.6863139271736145,0.1874522864818573
38,4,128,52,0.36272183060646057,0.17485542595386505
38,4,128,53,0.63032066822052,0.25828543305397034
38,4,128,54,0.5732346773147583,0.20833076536655426
38,4,128,55,0.6378089785575867,0.1536315679550171
38,4,128,56,0.5967817902565002,0.17131036520004272
38,4,128,57,0.6832187175750732,0.21949400007724762
38,4,128,58,0.6227954626083374,0.23874594271183014
38,4,128,59,0.6911617517471313,0.12432722747325897
38,4,128,60,0.31151238083839417,0.26074981689453125
38,4,128,61,0.5822411179542542,0.160556361079216
38,4,128,62,0.5999606847763062,0.20996975898742676
38,4,128,63,0.7907920479774475,0.06909729540348053
38,4,128,64,0.6135778427124023,0.2491883486509323
38,4,128,65,0.3773674964904785,0.24680928885936737
38,4,128,66,0.35240229964256287,0.1580025851726532
38,4,128,67,0.5763497948646545,0.11317545920610428
38,4,128,68,0.4750588536262512,0.06110379844903946
38,4,128,69,0.6498441100120544,0.27961015701293945
38,4,128,70,0.6685611009597778,0.21924105286598206
38,4,128,71,0.3983651399612427,0.1561494767665863
38,4,128,72,0.5706955194473267,0.13867978751659393
38,4,128,73,0.3952799141407013,0.17804107069969177
38,4,128,74,0.381153404712677,0.11756695061922073
38,4,128,75,0.6525145769119263,0.19739185273647308
38,4,128,76,0.3337620198726654,0.10792079567909241
38,4,128,77,0.3732011914253235,0.12489615380764008
38,4,128,78,0.36558279395103455,0.14791378378868103
38,4,128,79,0.5790320038795471,0.23557759821414948
38,4,128,80,0.4159659147262573,0.23357924818992615
38,4,128,81,0.6938068866729736,0.26267972588539124
38,4,128,82,0.4192706048488617,0.1613835245370865
38,4,128,83,0.30139827728271484,0.19831688702106476
38,4,128,84,0.7361788749694824,0.09856344014406204
38,4,128,85,0.6747449636459351,0.20092162489891052
38,4,128,86,0.6574051976203918,0.08531106263399124
38,4,128,87,0.6903930306434631,0.3145952820777893
38,4,128,88,0.5275260210037231,0.09836497157812119
38,4,128,89,0.5092382431030273,0.18650110065937042
38,4,128,90,0.6215721368789673,0.07283294200897217
38,4,128,91,0.7355901598930359,0.0782623365521431
38,4,128,92,0.7392523884773254,0.14795947074890137
38,4,128,93,0.6932607889175415,0.13411955535411835
38,4,128,94,0.5817572474479675,0.1581604778766632
38,4,128,95,0.6353810429573059,0.24837994575500488
38,4,128,96,0.4022408723831177,0.14939410984516144
38,4,128,97,0.7204772233963013,0.2596680521965027
38,4,128,98,0.6469956040382385,0.23402422666549683
38,4,128,99,0.4263722598552704,0.21656234562397003
38,4,128,100,0.7613414525985718,0.2644307017326355
38,4,128,101,0.6728219985961914,0.28319570422172546
38,4,128,102,0.429542601108551,0.19339075684547424
38,4,128,103,0.40086472034454346,0.12021274864673615
38,4,128,104,0.733819842338562,0.07519056648015976
38,4,128,105,0.5473345518112183,0.12811163067817688
38,4,128,106,0.6901025176048279,0.20596857368946075
38,4,128,107,0.40385302901268005,0.20399107038974762
38,4,128,108,0.5140070915222168,0.16991224884986877
38,4,128,109,0.6465234756469727,0.2532569169998169
38,4,128,110,0.6279335021972656,0.21845582127571106
38,4,128,111,0.44723865389823914,0.1390710473060608
38,4,128,112,0.4667941927909851,0.16824136674404144
38,4,128,113,0.49174588918685913,0.14614947140216827
38,4,128,114,0.6898263692855835,0.2886395752429962
38,4,128,115,0.610768735408783,0.2112862914800644
38,4,128,116,0.46829068660736084,0.1264532059431076
38,4,128,117,0.3756854832172394,0.2539735734462738
38,4,128,118,0.565703272819519,0.14355939626693726
38,4,128,119,0.617205023765564,0.12145420163869858
38,4,128,120,0.5770117044448853,0.14331521093845367
38,4,128,121,0.6293041110038757,0.15534715354442596
38,4,128,122,0.5638421177864075,0.17800751328468323
38,4,128,123,0.7019728422164917,0.2292799949645996
38,4,128,124,0.4202025830745697,0.042261797934770584
38,4,128,125,0.6192882061004639,0.0652642548084259
38,4,128,126,0.44241300225257874,0.12619246542453766
38,4,128,127,0.6349011063575745,0.19891966879367828
38,5,128,0,0.5312188267707825,0.13665589690208435
38,5,128,1,0.8221935629844666,0.14348573982715607
38,5,128,2,0.5755277872085571,0.1494866907596588
38,5,128,3,0.5405811071395874,0.2200671285390854
38,5,128,4,0.3442196846008301,0.31912845373153687
38,5,128,5,0.8228896260261536,0.16312000155448914
38,5,128,6,0.7694187164306641,0.20412559807300568
38,5,128,7,0.7718337774276733,0.15385691821575165
38,5,128,8,0.7713370323181152,0.14962564408779144
38,5,128,9,0.7976548075675964,0.23186790943145752
38,5,128,10,0.8286433815956116,0.20550251007080078
38,5,128,11,0.7648442983627319,0.09822523593902588
38,5,128,12,0.9291397333145142,0.08245667070150375
38,5,128,13,0.47529104351997375,0.20354872941970825
38,5,128,14,0.7572329640388489,0.25822627544403076
38,5,128,15,0.3726731538772583,0.2795409560203552
38,5,128,16,0.7895644307136536,0.18227368593215942
38,5,128,17,0.3195936977863312,0.1346026510000229
38,5,128,18,0.7908087968826294,0.1503806710243225
38,5,128,19,0.8346498608589172,0.12461555749177933
38,5,128,20,0.8281055092811584,0.17516832053661346
38,5,128,21,0.32803767919540405,0.37737226486206055
38,5,128,22,0.7792122960090637,0.26174914836883545
38,5,128,23,0.8327128291130066,0.09704089909791946
38,5,128,24,0.3593900203704834,0.20461151003837585
38,5,128,25,0.8324578404426575,0.12278962880373001
38,5,128,26,0.8935452103614807,0.08433163166046143
38,5,128,27,0.657463788986206,0.1551952362060547
38,5,128,28,0.8312255144119263,0.06485173851251602
38,5,128,29,0.7787478566169739,0.2747969925403595
38,5,128,30,0.866701066493988,0.1359841525554657
38,5,128,31,0.8376781344413757,0.08439216762781143
38,5,128,32,0.766717791557312,0.24020926654338837
38,5,128,33,0.7826902866363525,0.20205242931842804
38,5,128,34,0.657027542591095,0.16345539689064026
38,5,128,35,0.5602116584777832,0.05825929716229439
38,5,128,36,0.8090198040008545,0.1349414438009262
38,5,128,37,0.837749183177948,0.13827836513519287
38,5,128,38,0.4499538540840149,0.1561594009399414
38,5,128,39,0.8566122055053711,0.06944463402032852
38,5,128,40,0.7050296664237976,0.07792109996080399
38,5,128,41,0.7981902956962585,0.24267807602882385
38,5,128,42,0.6984080076217651,0.2110670953989029
38,5,128,43,0.6689589619636536,0.12289204448461533
38,5,128,44,0.7362706065177917,0.15481527149677277
38,5,128,45,0.8041753768920898,0.204029843211174
38,5,128,46,0.582585871219635,0.20634320378303528
38,5,128,47,0.26551833748817444,0.12651406228542328
38,5,128,48,0.8257030844688416,0.14485743641853333
38,5,128,49,0.29821425676345825,0.2659498453140259
38,5,128,50,0.7944390773773193,0.18083034455776215
38,5,128,51,0.6709945797920227,0.24999020993709564
38,5,128,52,0.2798488736152649,0.10740488767623901
38,5,128,53,0.7409666180610657,0.25169503688812256
38,5,128,54,0.6427193284034729,0.13362303376197815
38,5,128,55,0.3226073980331421,0.34197837114334106
38,5,128,56,0.8653867244720459,0.11536979675292969
38,5,128,57,0.7256578207015991,0.1309768706560135
38,5,128,58,0.8086731433868408,0.21468155086040497
38,5,128,59,0.8981553316116333,0.08666146546602249
38,5,128,60,0.5661475658416748,0.20849987864494324
38,5,128,61,0.7313474416732788,0.07466814666986465
38,5,128,62,0.8474920392036438,0.13604183495044708
38,5,128,63,0.7789351940155029,0.24351733922958374
38,5,128,64,0.4213336408138275,0.1838071197271347
38,5,128,65,0.476508229970932,0.1813707947731018
38,5,128,66,0.7367430925369263,0.28828027844429016
38,5,128,67,0.7538298964500427,0.07809228450059891
38,5,128,68,0.8341635465621948,0.12008944153785706
38,5,128,69,0.831320583820343,0.1276947259902954
38,5,128,70,0.8196696043014526,0.13272221386432648
38,5,128,71,0.8256375789642334,0.07555194944143295
38,5,128,72,0.5557060241699219,0.15552259981632233
38,5,128,73,0.35996079444885254,0.34357139468193054
38,5,128,74,0.758603036403656,0.28647634387016296
38,5,128,75,0.7498269081115723,0.18456006050109863
38,5,128,76,0.6899808645248413,0.1066964790225029
38,5,128,77,0.8170631527900696,0.08489081263542175
38,5,128,78,0.48423224687576294,0.14825503528118134
38,5,128,79,0.6838114261627197,0.31195151805877686
38,5,128,80,0.7587411999702454,0.25155526399612427
38,5,128,81,0.814475953578949,0.12921762466430664
38,5,128,82,0.8787169456481934,0.07805086672306061
38,5,128,83,0.313850075006485,0.16086627542972565
38,5,128,84,0.7772216796875,0.08333263546228409
38,5,128,85,0.8388034105300903,0.07601147890090942
38,5,128,86,0.7516202926635742,0.16376283764839172
38,5,128,87,0.7543362379074097,0.293740838766098
38,5,128,88,0.8205764889717102,0.23022259771823883
38,5,128,89,0.7806882262229919,0.2489127516746521
38,5,128,90,0.7790526151657104,0.11290646344423294
38,5,128,91,0.898690402507782,0.09517647325992584
38,5,128,92,0.8698540329933167,0.11670447885990143
38,5,128,93,0.49222102761268616,0.2723601460456848
38,5,128,94,0.8227800130844116,0.07187511771917343
38,5,128,95,0.3181009888648987,0.3300184905529022
38,5,128,96,0.7995349764823914,0.082878977060318
38,5,128,97,0.7738422751426697,0.15803150832653046
38,5,128,98,0.7165475487709045,0.10536475479602814
38,5,128,99,0.7379850149154663,0.29861995577812195
38,5,128,100,0.8344959616661072,0.17348693311214447
38,5,128,101,0.7753880620002747,0.15243762731552124
38,5,128,102,0.8952046632766724,0.11591093242168427
38,5,128,103,0.5524206161499023,0.18106278777122498
38,5,128,104,0.7805622220039368,0.25201284885406494
38,5,128,105,0.717749297618866,0.14876504242420197
38,5,128,106,0.8532480001449585,0.15943962335586548
38,5,128,107,0.8262693881988525,0.08337833732366562
38,5,128,108,0.7638834714889526,0.19558902084827423
38,5,128,109,0.7953317761421204,0.17019493877887726
38,5,128,110,0.7674189209938049,0.2580368220806122
38,5,128,111,0.8018156886100769,0.1812969148159027
38,5,128,112,0.6339465379714966,0.159647598862648
38,5,128,113,0.35659170150756836,0.20939813554286957
38,5,128,114,0.8521637320518494,0.15137194097042084
38,5,128,115,0.6997076272964478,0.3050956130027771
38,5,128,116,0.7342093586921692,0.3021136522293091
38,5,128,117,0.7872589826583862,0.20004664361476898
38,5,128,118,0.7586426138877869,0.08949495106935501
38,5,128,119,0.797457218170166,0.1839965432882309
38,5,128,120,0.8825713396072388,0.09052585810422897
38,5,128,121,0.7781552076339722,0.10432843863964081
38,5,128,122,0.2894587814807892,0.26255765557289124
38,5,128,123,0.3608459234237671,0.3496871590614319
38,5,128,124,0.830759584903717,0.15606865286827087
38,5,128,125,0.7569872736930847,0.2836635708808899
38,5,128,126,0.7808481454849243,0.23662635684013367
38,5,128,127,0.6546505093574524,0.286824494600296
39,0,32,0,0.5527397394180298,0.13994872570037842
39,0,32,1,0.4588906764984131,0.11061374098062515
39,0,32,2,0.4385228157043457,0.19586898386478424
39,0,32,3,0.4819415211677551,0.088590107858181
39,0,32,4,0.4212048351764679,0.08579467236995697
39,0,32,5,0.4419165849685669,0.192681223154068
39,0,32,6,0.43635109066963196,0.06983761489391327
39,0,32,7,0.4341888725757599,0.13442817330360413
39,0,32,8,0.40049150586128235,0.14060448110103607
39,0,32,9,0.4463235139846802,0.1632852852344513
39,0,32,10,0.5039746761322021,0.09882150590419769
39,0,32,11,0.39207223057746887,0.03899284824728966
39,0,32,12,0.41722866892814636,0.11901145428419113
39,0,32,13,0.4770176112651825,0.07968665659427643
39,0,32,14,0.4596998393535614,0.07738880813121796
39,0,32,15,0.44144752621650696,0.09297210723161697
39,0,32,16,0.3729386627674103,0.14275088906288147
39,0,32,17,0.45367440581321716,0.043621353805065155
39,0,32,18,0.4194784164428711,0.10968528687953949
39,0,32,19,0.4073222577571869,0.035003408789634705
39,0,32,20,0.5738610625267029,0.0982728973031044
39,0,32,21,0.6383039951324463,0.08848315477371216
39,0,32,22,0.5399373769760132,0.057973798364400864
39,0,32,23,0.5194316506385803,0.10019213706254959
39,0,32,24,0.3789367377758026,0.08157964795827866
39,0,32,25,0.6257020235061646,0.068891242146492
39,0,32,26,0.4973585307598114,0.1639637053012848
39,0,32,27,0.6532349586486816,0.11767309159040451
39,0,32,28,0.6662819981575012,0.0444025881588459
39,0,32,29,0.4070298969745636,0.1091955304145813
39,0,32,30,0.5625393986701965,0.16880425810813904
39,0,32,31,0.572961688041687,0.07016950845718384
39,1,32,0,0.4700082242488861,0.06314719468355179
39,1,32,1,0.5806785821914673,0.0820661187171936
39,1,32,2,0.4293520748615265,0.08015027642250061
39,1,32,3,0.544058084487915,0.03140874579548836
39,1,32,4,0.5567718148231506,0.07915209233760834
39,1,32,5,0.5071268677711487,0.10353707522153854
39,1,32,6,0.44679006934165955,0.07217488437891006
39,1,32,7,0.566277027130127,0.06449787318706512
39,1,32,8,0.5254608988761902,0.05827878788113594
39,1,32,9,0.4548976719379425,0.06942712515592575
39,1,32,10,0.524679958820343,0.07247582823038101
39,1,32,11,0.5024670362472534,0.08010663092136383
39,1,32,12,0.5029699802398682,0.04315078258514404
39,1,32,13,0.442705899477005,0.10956457257270813
39,1,32,14,0.6145675182342529,0.06629462540149689
39,1,32,15,0.6304059624671936,0.07649685442447662
39,1,32,16,0.5036323666572571,0.047484107315540314
39,1,32,17,0.5745019912719727,0.0696130320429802
39,1,32,18,0.4392811059951782,0.025869138538837433
39,1,32,19,0.611690878868103,0.04985330253839493
39,1,32,20,0.47490671277046204,0.030679142102599144
39,1,32,21,0.5225457549095154,0.04884211719036102
39,1,32,22,0.3610595762729645,0.06938935816287994
39,1,32,23,0.5293047428131104,0.030039077624678612
39,1,32,24,0.5357453227043152,0.08361124247312546
39,1,32,25,0.5318219661712646,0.032490234822034836
39,1,32,26,0.5411138534545898,0.03122689016163349
39,1,32,27,0.5653200745582581,0.026533856987953186
39,1,32,28,0.499970942735672,0.051769524812698364
39,1,32,29,0.33798807859420776,0.05856713652610779
39,1,32,30,0.42958468198776245,0.01472881343215704
39,1,32,31,0.540180504322052,0.14214520156383514
39,2,64,0,0.6464845538139343,0.11395704001188278
39,2,64,1,0.4583205580711365,0.15038178861141205
39,2,64,2,0.4608277976512909,0.1117139682173729
39,2,64,3,0.5803256034851074,0.11444934457540512
39,2,64,4,0.6042495369911194,0.09083732962608337
39,2,64,5,0.4953177273273468,0.1854771226644516
39,2,64,6,0.6102821826934814,0.11305098235607147
39,2,64,7,0.4691627621650696,0.15933911502361298
39,2,64,8,0.559019148349762,0.17067542672157288
39,2,64,9,0.48341473937034607,0.176303431391716
39,2,64,10,0.568305253982544,0.17669348418712616
39,2,64,11,0.5946387648582458,0.1968703418970108
39,2,64,12,0.48995456099510193,0.05523170158267021
39,2,64,13,0.5062741637229919,0.16330640017986298
39,2,64,14,0.6025563478469849,0.11277010291814804
39,2,64,15,0.4007609784603119,0.08571804314851761
39,2,64,16,0.6596708297729492,0.0955749899148941
39,2,64,17,0.5588340163230896,0.1323002129793167
39,2,64,18,0.6011093854904175,0.07004701346158981
39,2,64,19,0.46211937069892883,0.11676373332738876
39,2,64,20,0.5046363472938538,0.07416196167469025
39,2,64,21,0.5905779004096985,0.19204290211200714
39,2,64,22,0.457407683134079,0.03599971532821655
39,2,64,23,0.48708757758140564,0.14314475655555725
39,2,64,24,0.5413102507591248,0.24166008830070496
39,2,64,25,0.5285872220993042,0.08574423938989639
39,2,64,26,0.6618683338165283,0.07161236554384232
39,2,64,27,0.4153982400894165,0.14196953177452087
39,2,64,28,0.509238600730896,0.2331731766462326
39,2,64,29,0.5119904279708862,0.1400468945503235
39,2,64,30,0.5481244325637817,0.173895925283432
39,2,64,31,0.5280655026435852,0.2788303792476654
39,2,64,32,0.40110546350479126,0.16386191546916962
39,2,64,33,0.5214912295341492,0.15191806852817535
39,2,64,34,0.49773651361465454,0.14873459935188293
39,2,64,35,0.4171801507472992,0.08753685653209686
39,2,64,36,0.5325462818145752,0.13096529245376587
39,2,64,37,0.4121077060699463,0.21636971831321716
39,2,64,38,0.5099901556968689,0.15757623314857483
39,2,64,39,0.3682425022125244,0.17193810641765594
39,2,64,40,0.5931926965713501,0.09876085817813873
39,2,64,41,0.4410790503025055,0.06569632142782211
39,2,64,42,0.52452152967453,0.21253792941570282
39,2,64,43,0.35445141792297363,0.10141634941101074
39,2,64,44,0.49343153834342957,0.1107640191912651
39,2,64,45,0.5316989421844482,0.19563229382038116
39,2,64,46,0.5312942862510681,0.21485257148742676
39,2,64,47,0.3591657280921936,0.06298334151506424
39,2,64,48,0.44970306754112244,0.17613159120082855
39,2,64,49,0.5483954548835754,0.16152966022491455
39,2,64,50,0.611008882522583,0.10314416140317917
39,2,64,51,0.34787970781326294,0.11527924239635468
39,2,64,52,0.4867963194847107,0.12222765386104584
39,2,64,53,0.3601914346218109,0.1205046996474266
39,2,64,54,0.5879929065704346,0.15904997289180756
39,2,64,55,0.4524807333946228,0.20471835136413574
39,2,64,56,0.6030468344688416,0.16059653460979462
39,2,64,57,0.3945293426513672,0.16710878908634186
39,2,64,58,0.49664103984832764,0.10418744385242462
39,2,64,59,0.5219133496284485,0.18381614983081818
39,2,64,60,0.43386590480804443,0.14022983610630035
39,2,64,61,0.5986318588256836,0.16929028928279877
39,2,64,62,0.49789661169052124,0.23334424197673798
39,2,64,63,0.5636071562767029,0.1668906807899475
39,3,64,0,0.5509597063064575,0.20189832150936127
39,3,64,1,0.4955372214317322,0.22113823890686035
39,3,64,2,0.5621211528778076,0.1695621907711029
39,3,64,3,0.5309615731239319,0.13002140820026398
39,3,64,4,0.40062543749809265,0.10663705319166183
39,3,64,5,0.48715338110923767,0.09440160542726517
39,3,64,6,0.540031909942627,0.055154453963041306
39,3,64,7,0.4581955373287201,0.23523396253585815
39,3,64,8,0.4451179802417755,0.12644651532173157
39,3,64,9,0.7231764793395996,0.08350757509469986
39,3,64,10,0.5658142566680908,0.10806050896644592
39,3,64,11,0.3818301260471344,0.13877584040164948
39,3,64,12,0.5093249678611755,0.1712489277124405
39,3,64,13,0.5413392782211304,0.1171099990606308
39,3,64,14,0.4951818883419037,0.16763810813426971
39,3,64,15,0.463828444480896,0.0862225890159607
39,3,64,16,0.37432509660720825,0.12667006254196167
39,3,64,17,0.6273093223571777,0.12309183180332184
39,3,64,18,0.36376988887786865,0.10908187180757523
39,3,64,19,0.4690799117088318,0.23714041709899902
39,3,64,20,0.41971471905708313,0.1579774022102356
39,3,64,21,0.5394056439399719,0.22231462597846985
39,3,64,22,0.3831683099269867,0.16554543375968933
39,3,64,23,0.4840219020843506,0.12935656309127808
39,3,64,24,0.6048591732978821,0.1592247486114502
39,3,64,25,0.42573338747024536,0.16792075335979462
39,3,64,26,0.4439021348953247,0.20783959329128265
39,3,64,27,0.5341967940330505,0.13749919831752777
39,3,64,28,0.623089611530304,0.14970333874225616
39,3,64,29,0.513443648815155,0.11157923191785812
39,3,64,30,0.49791449308395386,0.061736639589071274
39,3,64,31,0.5769596099853516,0.11264565587043762
39,3,64,32,0.45077672600746155,0.12768392264842987
39,3,64,33,0.4454330801963806,0.1399008333683014
39,3,64,34,0.4061020016670227,0.05283179506659508
39,3,64,35,0.4356686770915985,0.09615900367498398
39,3,64,36,0.48949456214904785,0.13276515901088715
39,3,64,37,0.40889519453048706,0.20190154016017914
39,3,64,38,0.5453065633773804,0.1268107295036316
39,3,64,39,0.4177556037902832,0.12461283802986145
39,3,64,40,0.5804593563079834,0.08723700046539307
39,3,64,41,0.6229421496391296,0.08767816424369812
39,3,64,42,0.4972728490829468,0.07037553936243057
39,3,64,43,0.3451472818851471,0.0488167330622673
39,3,64,44,0.6466330289840698,0.1513838917016983
39,3,64,45,0.449301540851593,0.11604980379343033
39,3,64,46,0.5693080425262451,0.1837015450000763
39,3,64,47,0.4310741424560547,0.1390925496816635
39,3,64,48,0.5843704342842102,0.059714533388614655
39,3,64,49,0.5367968678474426,0.2169158160686493
39,3,64,50,0.5235341191291809,0.08170256018638611
39,3,64,51,0.5832141041755676,0.0988980233669281
39,3,64,52,0.6582406163215637,0.10988220572471619
39,3,64,53,0.4780822992324829,0.09413012117147446
39,3,64,54,0.5901198387145996,0.18762661516666412
39,3,64,55,0.5104939937591553,0.09664086252450943
39,3,64,56,0.40309664607048035,0.13534213602542877
39,3,64,57,0.44774138927459717,0.026614682748913765
39,3,64,58,0.5967259407043457,0.1686650663614273
39,3,64,59,0.31065574288368225,0.1751517504453659
39,3,64,60,0.6084126234054565,0.06600616872310638
39,3,64,61,0.605431318283081,0.09827055037021637
39,3,64,62,0.5035700798034668,0.034912705421447754
39,3,64,63,0.5155512094497681,0.25448915362358093
39,4,128,0,0.7304127216339111,0.2582167983055115
39,4,128,1,0.7899768948554993,0.13586010038852692
39,4,128,2,0.38821709156036377,0.2033219039440155
39,4,128,3,0.32294484972953796,0.25899362564086914
39,4,128,4,0.6590158939361572,0.22988386452198029
39,4,128,5,0.5034865140914917,0.12094535678625107
39,4,128,6,0.6304012537002563,0.1745462566614151
39,4,128,7,0.6915444135665894,0.15025575459003448
39,4,128,8,0.3449917137622833,0.16365879774093628
39,4,128,9,0.4957890510559082,0.1633560061454773
39,4,128,10,0.43993642926216125,0.1419801265001297
39,4,128,11,0.5021202564239502,0.13133762776851654
39,4,128,12,0.5249631404876709,0.2314552664756775
39,4,128,13,0.6676357984542847,0.21077819168567657
39,4,128,14,0.6732304096221924,0.1595592051744461
39,4,128,15,0.5587695240974426,0.051102448254823685
39,4,128,16,0.6276471614837646,0.2211226522922516
39,4,128,17,0.6581248044967651,0.32016128301620483
39,4,128,18,0.7374086380004883,0.2473132312297821
39,4,128,19,0.6438760161399841,0.08600752800703049
39,4,128,20,0.7721441388130188,0.14243483543395996
39,4,128,21,0.3758586645126343,0.0913563072681427
39,4,128,22,0.6931518912315369,0.2908356189727783
39,4,128,23,0.49807655811309814,0.09681984782218933
39,4,128,24,0.6726927757263184,0.18309427797794342
39,4,128,25,0.45562949776649475,0.04970596358180046
39,4,128,26,0.745121955871582,0.1581825166940689
39,4,128,27,0.7018325328826904,0.07021451741456985
39,4,128,28,0.6962711811065674,0.17180605232715607
39,4,128,29,0.6794946789741516,0.24316835403442383
39,4,128,30,0.7368790507316589,0.1305796056985855
39,4,128,31,0.7166478633880615,0.21895119547843933
39,4,128,32,0.5499974489212036,0.15374717116355896
39,4,128,33,0.712988018989563,0.06490647047758102
39,4,128,34,0.3004900813102722,0.3168293833732605
39,4,128,35,0.5344071984291077,0.14764805138111115
39,4,128,36,0.6535324454307556,0.07094819843769073
39,4,128,37,0.724403440952301,0.24483001232147217
39,4,128,38,0.7742440700531006,0.2048325538635254
39,4,128,39,0.4416680634021759,0.18464289605617523
39,4,128,40,0.36991119384765625,0.28244879841804504
39,4,128,41,0.6630427837371826,0.32183393836021423
39,4,128,42,0.6520059704780579,0.08124002069234848
39,4,128,43,0.7457166314125061,0.25075003504753113
39,4,128,44,0.42819368839263916,0.09671914577484131
39,4,128,45,0.5730826258659363,0.20660018920898438
39,4,128,46,0.6919769644737244,0.20646211504936218
39,4,128,47,0.5484444499015808,0.22733868658542633
39,4,128,48,0.39271944761276245,0.2780423164367676
39,4,128,49,0.7531319856643677,0.2567383646965027
39,4,128,50,0.5539565682411194,0.10294534265995026
39,4,128,51,0.7602666020393372,0.11545714735984802
39,4,128,52,0.41155505180358887,0.12491313368082047
39,4,128,53,0.7045266032218933,0.2443503588438034
39,4,128,54,0.5149345993995667,0.08002834767103195
39,4,128,55,0.5797796249389648,0.13548699021339417
39,4,128,56,0.3701297342777252,0.17317059636116028
39,4,128,57,0.6774153113365173,0.32327643036842346
39,4,128,58,0.5639615654945374,0.09833800047636032
39,4,128,59,0.580615222454071,0.11692223697900772
39,4,128,60,0.577428936958313,0.19534480571746826
39,4,128,61,0.763817548751831,0.14588117599487305
39,4,128,62,0.7513246536254883,0.05728093162178993
39,4,128,63,0.6562538146972656,0.14289051294326782
39,4,128,64,0.5001335144042969,0.16677898168563843
39,4,128,65,0.703145444393158,0.06877590715885162
39,4,128,66,0.34010520577430725,0.19341275095939636
39,4,128,67,0.3967974781990051,0.08309885859489441
39,4,128,68,0.7109156250953674,0.17154733836650848
39,4,128,69,0.7370684146881104,0.09082241356372833
39,4,128,70,0.691290557384491,0.2785476744174957
39,4,128,71,0.4783393144607544,0.17724744975566864
39,4,128,72,0.45372578501701355,0.08433802425861359
39,4,128,73,0.8285404443740845,0.0726502314209938
39,4,128,74,0.6367078423500061,0.27718737721443176
39,4,128,75,0.7365992069244385,0.218908429145813
39,4,128,76,0.7458269000053406,0.14082472026348114
39,4,128,77,0.36064961552619934,0.1765303760766983
39,4,128,78,0.3018328845500946,0.17703038454055786
39,4,128,79,0.2777211666107178,0.1409197747707367
39,4,128,80,0.41393280029296875,0.21831727027893066
39,4,128,81,0.5394071936607361,0.1090189665555954
39,4,128,82,0.6785667538642883,0.06859991699457169
39,4,128,83,0.7231476306915283,0.07530104368925095
39,4,128,84,0.35566091537475586,0.12859447300434113
39,4,128,85,0.5254316329956055,0.24356824159622192
39,4,128,86,0.6729755401611328,0.12378419190645218
39,4,128,87,0.7810401916503906,0.13439136743545532
39,4,128,88,0.34236112236976624,0.24146082997322083
39,4,128,89,0.5348560214042664,0.22292545437812805
39,4,128,90,0.43383336067199707,0.2341565489768982
39,4,128,91,0.7308896780014038,0.13487079739570618
39,4,128,92,0.3801809549331665,0.31738218665122986
39,4,128,93,0.5768106579780579,0.21589861810207367
39,4,128,94,0.7894393801689148,0.1334720253944397
39,4,128,95,0.3619341552257538,0.22925610840320587
39,4,128,96,0.7885326743125916,0.06817564368247986
39,4,128,97,0.4144442677497864,0.18021182715892792
39,4,128,98,0.5430967807769775,0.060047365725040436
39,4,128,99,0.6943868398666382,0.15275266766548157
39,4,128,100,0.6692561507225037,0.14181111752986908
39,4,128,101,0.18236671388149261,0.08522891253232956
39,4,128,102,0.6983500123023987,0.10003691166639328
39,4,128,103,0.7862510681152344,0.059135597199201584
39,4,128,104,0.3365974724292755,0.12967084348201752
39,4,128,105,0.3873201608657837,0.32764121890068054
39,4,128,106,0.5731301307678223,0.09842650592327118
39,4,128,107,0.4007163345813751,0.24168874323368073
39,4,128,108,0.6458280682563782,0.19497212767601013
39,4,128,109,0.7042728662490845,0.07370705157518387
39,4,128,110,0.6866662502288818,0.2761131227016449
39,4,128,111,0.654863178730011,0.083864226937294
39,4,128,112,0.6125486493110657,0.12708459794521332
39,4,128,113,0.5033023357391357,0.13793613016605377
39,4,128,114,0.8055222630500793,0.07860876619815826
39,4,128,115,0.7150571346282959,0.07498355209827423
39,4,128,116,0.5395652055740356,0.04817541688680649
39,4,128,117,0.6718643307685852,0.09627728164196014
39,4,128,118,0.6480398178100586,0.19953610002994537
39,4,128,119,0.6776253581047058,0.17741577327251434
39,4,128,120,0.7327184081077576,0.233128160238266
39,4,128,121,0.6362023949623108,0.2495507448911667
39,4,128,122,0.6817150712013245,0.3024462163448334
39,4,128,123,0.39903321862220764,0.28030288219451904
39,4,128,124,0.40797218680381775,0.2317323237657547
39,4,128,125,0.45366111397743225,0.24724777042865753
39,4,128,126,0.6542367935180664,0.2212139517068863
39,4,128,127,0.6947733163833618,0.2177460640668869
39,5,128,0,0.7880535125732422,0.2671625018119812
39,5,128,1,0.8485238552093506,0.07746800780296326
39,5,128,2,0.900795042514801,0.09272431582212448
39,5,128,3,0.46473756432533264,0.21836616098880768
39,5,128,4,0.865498423576355,0.10483488440513611
39,5,128,5,0.7369061708450317,0.13748790323734283
39,5,128,6,0.8749570250511169,0.08112558722496033
39,5,128,7,0.8843240141868591,0.10172080248594284
39,5,128,8,0.6019587516784668,0.14164896309375763
39,5,128,9,0.3958032429218292,0.31959712505340576
39,5,128,10,0.8911139965057373,0.10547559708356857
39,5,128,11,0.7418729066848755,0.2308763861656189
39,5,128,12,0.8380858898162842,0.0680803656578064
39,5,128,13,0.6248667240142822,0.176463782787323
39,5,128,14,0.6670638918876648,0.14901523292064667
39,5,128,15,0.7917943596839905,0.15624558925628662
39,5,128,16,0.7431274056434631,0.14417392015457153
39,5,128,17,0.8457428216934204,0.1077570840716362
39,5,128,18,0.3792858421802521,0.2205311805009842
39,5,128,19,0.8673883080482483,0.10992205142974854
39,5,128,20,0.8488523960113525,0.1026950553059578
39,5,128,21,0.7462123036384583,0.2458236664533615
39,5,128,22,0.7868407368659973,0.23911525309085846
39,5,128,23,0.8491238951683044,0.1260049045085907
39,5,128,24,0.8426246643066406,0.1746470183134079
39,5,128,25,0.4396844208240509,0.2780589461326599
39,5,128,26,0.3591061234474182,0.38622725009918213
39,5,128,27,0.7319650650024414,0.25401735305786133
39,5,128,28,0.7762880325317383,0.2504233121871948
39,5,128,29,0.7371903657913208,0.06659901142120361
39,5,128,30,0.8845458030700684,0.1046939268708229
39,5,128,31,0.884034276008606,0.11366844922304153
39,5,128,32,0.8174502849578857,0.06849773973226547
39,5,128,33,0.8038546442985535,0.1836634874343872
39,5,128,34,0.6802268624305725,0.16909676790237427
39,5,128,35,0.29755109548568726,0.230445995926857
39,5,128,36,0.4636611044406891,0.29886510968208313
39,5,128,37,0.7302640676498413,0.28157249093055725
39,5,128,38,0.8928266763687134,0.09571389108896255
39,5,128,39,0.5312649607658386,0.24261614680290222
39,5,128,40,0.8866473436355591,0.06476041674613953
39,5,128,41,0.763221263885498,0.2419721782207489
39,5,128,42,0.8632162809371948,0.1554201990365982
39,5,128,43,0.7904417514801025,0.09055531769990921
39,5,128,44,0.25052812695503235,0.24091260135173798
39,5,128,45,0.7409875988960266,0.17409032583236694
39,5,128,46,0.7544463872909546,0.25758060812950134
39,5,128,47,0.584997832775116,0.2507200837135315
39,5,128,48,0.7735528945922852,0.14170901477336884
39,5,128,49,0.8170512914657593,0.21159324049949646
39,5,128,50,0.3987977206707001,0.09661547094583511
39,5,128,51,0.8826561570167542,0.09001723676919937
39,5,128,52,0.650097131729126,0.21660177409648895
39,5,128,53,0.8592953681945801,0.16460676491260529
39,5,128,54,0.7141557335853577,0.10775910317897797
39,5,128,55,0.7723153233528137,0.07235991954803467
39,5,128,56,0.6300070881843567,0.1637762188911438
39,5,128,57,0.7929558753967285,0.24865849316120148
39,5,128,58,0.6240332126617432,0.12244755774736404
39,5,128,59,0.35291796922683716,0.30267569422721863
39,5,128,60,0.6450003981590271,0.16720348596572876
39,5,128,61,0.5586902499198914,0.1899307817220688
39,5,128,62,0.8849247097969055,0.09578140079975128
39,5,128,63,0.7533605694770813,0.25039681792259216
39,5,128,64,0.6786218881607056,0.2298009693622589
39,5,128,65,0.6976592540740967,0.31360191106796265
39,5,128,66,0.41197994351387024,0.21309755742549896
39,5,128,67,0.6583468317985535,0.12733103334903717
39,5,128,68,0.6304765343666077,0.13158896565437317
39,5,128,69,0.6516345143318176,0.13805148005485535
39,5,128,70,0.7241734266281128,0.31061843037605286
39,5,128,71,0.8974281549453735,0.0977112278342247
39,5,128,72,0.3697225749492645,0.339925080537796
39,5,128,73,0.8175155520439148,0.08787768334150314
39,5,128,74,0.8574125170707703,0.11764755100011826
39,5,128,75,0.6836965084075928,0.09793578833341599
39,5,128,76,0.7250126004219055,0.2858152985572815
39,5,128,77,0.6440459489822388,0.1331169456243515
39,5,128,78,0.7476071119308472,0.12800778448581696
39,5,128,79,0.6762419939041138,0.25160104036331177
39,5,128,80,0.7890731692314148,0.11011301726102829
39,5,128,81,0.7539622783660889,0.25708264112472534
39,5,128,82,0.757735550403595,0.24783416092395782
39,5,128,83,0.8667283058166504,0.14220470190048218
39,5,128,84,0.7527497410774231,0.07822874933481216
39,5,128,85,0.6625996232032776,0.12314680963754654
39,5,128,86,0.8358235955238342,0.14429371058940887
39,5,128,87,0.6724379658699036,0.0863175317645073
39,5,128,88,0.24765364825725555,0.19278892874717712
39,5,128,89,0.8567517399787903,0.07918903231620789
39,5,128,90,0.6174115538597107,0.1810126006603241
39,5,128,91,0.6818088293075562,0.13996629416942596
39,5,128,92,0.6701062321662903,0.2642250657081604
39,5,128,93,0.886093258857727,0.05832143500447273
39,5,128,94,0.721068799495697,0.1364821195602417
39,5,128,95,0.35325416922569275,0.38885220885276794
39,5,128,96,0.6983159184455872,0.10001681745052338
39,5,128,97,0.8301416039466858,0.06732267141342163
39,5,128,98,0.8137581944465637,0.14326903223991394
39,5,128,99,0.7360920906066895,0.04315108805894852
39,5,128,100,0.7571461200714111,0.2744395136833191
39,5,128,101,0.8314270377159119,0.08510502427816391
39,5,128,102,0.7778182625770569,0.18244719505310059
39,5,128,103,0.9001424312591553,0.07505610585212708
39,5,128,104,0.893459141254425,0.0879308432340622
39,5,128,105,0.3671204149723053,0.32108554244041443
39,5,128,106,0.8123945593833923,0.1781560778617859
39,5,128,107,0.8765004873275757,0.07710108906030655
39,5,128,108,0.7265636324882507,0.1496330350637436
39,5,128,109,0.799785315990448,0.1928010880947113
39,5,128,110,0.6950647234916687,0.28465157747268677
39,5,128,111,0.7649997472763062,0.12448670715093613
39,5,128,112,0.8585756421089172,0.07904685288667679
39,5,128,113,0.32944777607917786,0.2565253674983978
39,5,128,114,0.7257180213928223,0.07736193388700485
39,5,128,115,0.4807320535182953,0.25671663880348206
39,5,128,116,0.8460795283317566,0.11615122109651566
39,5,128,117,0.6257048845291138,0.16404719650745392
39,5,128,118,0.6860833168029785,0.2692701518535614
39,5,128,119,0.7125597596168518,0.2491593360900879
39,5,128,120,0.3753093481063843,0.31179213523864746
39,5,128,121,0.7673884034156799,0.2468130737543106
39,5,128,122,0.668591320514679,0.25854358077049255
39,5,128,123,0.8139926791191101,0.07625504583120346
39,5,128,124,0.8495177030563354,0.07010083645582199
39,5,128,125,0.5236001014709473,0.29712074995040894
39,5,128,126,0.7235120534896851,0.32159513235092163
39,5,128,127,0.6564930081367493,0.26160261034965515
40,0,32,0,0.5907700061798096,0.09513051062822342
40,0,32,1,0.4549053907394409,0.0611911416053772
40,0,32,2,0.3790683448314667,0.16468141973018646
40,0,32,3,0.43421661853790283,0.05401143431663513
40,0,32,4,0.46226972341537476,0.07343249022960663
40,0,32,5,0.4958813190460205,0.15754206478595734
40,0,32,6,0.5039582848548889,0.030766312032938004
40,0,32,7,0.48475492000579834,0.12649381160736084
40,0,32,8,0.42651912569999695,0.1190473884344101
40,0,32,9,0.3873893916606903,0.15551643073558807
40,0,32,10,0.5335779786109924,0.10955683141946793
40,0,32,11,0.4358569383621216,0.05971242114901543
40,0,32,12,0.4071108400821686,0.1364165097475052
40,0,32,13,0.4522518217563629,0.16715538501739502
40,0,32,14,0.5326175689697266,0.0838012620806694
40,0,32,15,0.4711654484272003,0.07698562741279602
40,0,32,16,0.3316015601158142,0.12905648350715637
40,0,32,17,0.5008901953697205,0.06780371814966202
40,0,32,18,0.4278271496295929,0.10314062982797623
40,0,32,19,0.45438581705093384,0.09786605834960938
40,0,32,20,0.5856470465660095,0.05661779269576073
40,0,32,21,0.6182753443717957,0.06752563267946243
40,0,32,22,0.5494334101676941,0.08398803323507309
40,0,32,23,0.5637763142585754,0.07956647127866745
40,0,32,24,0.39084458351135254,0.08276550471782684
40,0,32,25,0.5241209864616394,0.06748874485492706
40,0,32,26,0.4363648295402527,0.12021324038505554
40,0,32,27,0.6186791658401489,0.1328052133321762
40,0,32,28,0.5976213216781616,0.035104189068078995
40,0,32,29,0.5199739336967468,0.10760947316884995
40,0,32,30,0.5313172340393066,0.1345740556716919
40,0,32,31,0.5406908392906189,0.06299664825201035
40,1,32,0,0.5198819637298584,0.037419501692056656
40,1,32,1,0.5959388613700867,0.11583247035741806
40,1,32,2,0.49291402101516724,0.17130975425243378
40,1,32,3,0.5830908417701721,0.09182631969451904
40,1,32,4,0.498684823513031,0.21136948466300964
40,1,32,5,0.5466343760490417,0.1319483369588852
40,1,32,6,0.4162755310535431,0.12432819604873657
40,1,32,7,0.631011962890625,0.12233187258243561
40,1,32,8,0.4824332594871521,0.11386851221323013
40,1,32,9,0.3759984076023102,0.06245812401175499
40,1,32,10,0.5395780801773071,0.10634894669055939
40,1,32,11,0.5521573424339294,0.05586584284901619
40,1,32,12,0.4687260687351227,0.10085386782884598
40,1,32,13,0.39734870195388794,0.1403181552886963
40,1,32,14,0.6147643327713013,0.1351475715637207
40,1,32,15,0.6568871140480042,0.0794731080532074
40,1,32,16,0.48071086406707764,0.10400087386369705
40,1,32,17,0.673767626285553,0.055727243423461914
40,1,32,18,0.40635940432548523,0.07940444350242615
40,1,32,19,0.6535529494285583,0.06909265369176865
40,1,32,20,0.5482643246650696,0.10520921647548676
40,1,32,21,0.5284290313720703,0.04901903495192528
40,1,32,22,0.3175889849662781,0.08531070500612259
40,1,32,23,0.5108295679092407,0.040063925087451935
40,1,32,24,0.5491744875907898,0.1250624805688858
40,1,32,25,0.5307363867759705,0.07861169427633286
40,1,32,26,0.5831376910209656,0.06422227621078491
40,1,32,27,0.5760273933410645,0.09025456011295319
40,1,32,28,0.5940517783164978,0.09084715694189072
40,1,32,29,0.33557820320129395,0.15471670031547546
40,1,32,30,0.44459742307662964,0.10869428515434265
40,1,32,31,0.5361324548721313,0.2068118155002594
40,2,64,0,0.6385923624038696,0.10121473670005798
40,2,64,1,0.4459000527858734,0.10592631995677948
40,2,64,2,0.5338218808174133,0.06759526580572128
40,2,64,3,0.4959154427051544,0.10137740522623062
40,2,64,4,0.6011579036712646,0.1283024698495865
40,2,64,5,0.5503121018409729,0.13961680233478546
40,2,64,6,0.5938369631767273,0.07875605672597885
40,2,64,7,0.4910244941711426,0.10839368402957916
40,2,64,8,0.6427403092384338,0.17062218487262726
40,2,64,9,0.432220458984375,0.16034384071826935
40,2,64,10,0.5014891028404236,0.07997487485408783
40,2,64,11,0.6558820009231567,0.13122688233852386
40,2,64,12,0.5075465440750122,0.06317480653524399
40,2,64,13,0.6083568334579468,0.09613636136054993
40,2,64,14,0.5790140628814697,0.06941106915473938
40,2,64,15,0.4580863118171692,0.16091738641262054
40,2,64,16,0.5900025367736816,0.10960158705711365
40,2,64,17,0.4848451018333435,0.11976396292448044
40,2,64,18,0.6287404298782349,0.06113089993596077
40,2,64,19,0.4909558594226837,0.16882698237895966
40,2,64,20,0.5278191566467285,0.026569794863462448
40,2,64,21,0.640379011631012,0.1519990861415863
40,2,64,22,0.4416203498840332,0.07847923040390015
40,2,64,23,0.5127767324447632,0.10848703980445862
40,2,64,24,0.5138687491416931,0.1971418410539627
40,2,64,25,0.4963282346725464,0.12014596164226532
40,2,64,26,0.5945659875869751,0.09139575064182281
40,2,64,27,0.5261993408203125,0.12411175668239594
40,2,64,28,0.5104566216468811,0.16600672900676727
40,2,64,29,0.5154708027839661,0.14095641672611237
40,2,64,30,0.5661836862564087,0.16732971370220184
40,2,64,31,0.4756214916706085,0.22400079667568207
40,2,64,32,0.3843314051628113,0.09617039561271667
40,2,64,33,0.44987788796424866,0.14907211065292358
40,2,64,34,0.5047460198402405,0.11114943027496338
40,2,64,35,0.5220244526863098,0.1542585790157318
40,2,64,36,0.47156354784965515,0.17583705484867096
40,2,64,37,0.31555959582328796,0.07485788315534592
40,2,64,38,0.48376399278640747,0.11557824909687042
40,2,64,39,0.3622434735298157,0.14470842480659485
40,2,64,40,0.6372146606445312,0.11819814145565033
40,2,64,41,0.40767255425453186,0.11215414851903915
40,2,64,42,0.5776593089103699,0.13295480608940125
40,2,64,43,0.4321182072162628,0.1332065761089325
40,2,64,44,0.5233311057090759,0.09778231382369995
40,2,64,45,0.5421286821365356,0.1816858947277069
40,2,64,46,0.46094417572021484,0.23781827092170715
40,2,64,47,0.3869766891002655,0.07972105592489243
40,2,64,48,0.40889668464660645,0.10668272525072098
40,2,64,49,0.5248411297798157,0.11805691570043564
40,2,64,50,0.5130596160888672,0.13397566974163055
40,2,64,51,0.3264562785625458,0.12329552322626114
40,2,64,52,0.542514443397522,0.056231122463941574
40,2,64,53,0.4377557337284088,0.054738543927669525
40,2,64,54,0.5241324305534363,0.19666780531406403
40,2,64,55,0.44578590989112854,0.1757964789867401
40,2,64,56,0.5643792748451233,0.057459812611341476
40,2,64,57,0.40760642290115356,0.13554593920707703
40,2,64,58,0.44141608476638794,0.1602908968925476
40,2,64,59,0.48785343766212463,0.12187699973583221
40,2,64,60,0.5468288660049438,0.0959245041012764
40,2,64,61,0.605141818523407,0.09261295944452286
40,2,64,62,0.46341875195503235,0.1734386533498764
40,2,64,63,0.5433580875396729,0.09402032941579819
40,3,64,0,0.5976060628890991,0.11324553936719894
40,3,64,1,0.4812440276145935,0.1633700132369995
40,3,64,2,0.5429926514625549,0.14250564575195312
40,3,64,3,0.585369348526001,0.05625775083899498
40,3,64,4,0.41810908913612366,0.14963935315608978
40,3,64,5,0.5338616371154785,0.07222133129835129
40,3,64,6,0.5298709869384766,0.11686009913682938
40,3,64,7,0.45180875062942505,0.1336982250213623
40,3,64,8,0.407406747341156,0.13310261070728302
40,3,64,9,0.6303025484085083,0.11372073739767075
40,3,64,10,0.4697796404361725,0.0719972550868988
40,3,64,11,0.38554897904396057,0.12010165303945541
40,3,64,12,0.535294234752655,0.058412689715623856
40,3,64,13,0.46376538276672363,0.061967264860868454
40,3,64,14,0.512531042098999,0.1256348192691803
40,3,64,15,0.438934326171875,0.09187612682580948
40,3,64,16,0.3944115936756134,0.11258368194103241
40,3,64,17,0.5149980783462524,0.10242213308811188
40,3,64,18,0.3948272168636322,0.10854869335889816
40,3,64,19,0.395071804523468,0.09388452768325806
40,3,64,20,0.40372729301452637,0.09430225193500519
40,3,64,21,0.4775495231151581,0.14653481543064117
40,3,64,22,0.3811817765235901,0.10094348341226578
40,3,64,23,0.5025252103805542,0.17564061284065247
40,3,64,24,0.5405725240707397,0.08674424886703491
40,3,64,25,0.42179954051971436,0.14348971843719482
40,3,64,26,0.5151137113571167,0.0658264011144638
40,3,64,27,0.4987562298774719,0.08141890913248062
40,3,64,28,0.5449709892272949,0.10848411172628403
40,3,64,29,0.4913483262062073,0.1909245103597641
40,3,64,30,0.4667315185070038,0.06768421828746796
40,3,64,31,0.5157821774482727,0.171668142080307
40,3,64,32,0.484658807516098,0.0191609226167202
40,3,64,33,0.5113484859466553,0.10026565194129944
40,3,64,34,0.4417226314544678,0.0898934155702591
40,3,64,35,0.49737995862960815,0.14653417468070984
40,3,64,36,0.5048513412475586,0.11822720617055893
40,3,64,37,0.40343257784843445,0.13243229687213898
40,3,64,38,0.5676843523979187,0.15930156409740448
40,3,64,39,0.44355472922325134,0.06134207174181938
40,3,64,40,0.5804274082183838,0.0865529403090477
40,3,64,41,0.5166037082672119,0.060838352888822556
40,3,64,42,0.4521282911300659,0.11427594721317291
40,3,64,43,0.4151396155357361,0.11149594932794571
40,3,64,44,0.5770702362060547,0.11344146728515625
40,3,64,45,0.4764845073223114,0.10659363120794296
40,3,64,46,0.43900519609451294,0.04740656167268753
40,3,64,47,0.47806718945503235,0.1662321537733078
40,3,64,48,0.49791911244392395,0.2100919932126999
40,3,64,49,0.5038002133369446,0.0960678979754448
40,3,64,50,0.48970332741737366,0.03963073343038559
40,3,64,51,0.5830920338630676,0.1007891297340393
40,3,64,52,0.5593889951705933,0.09108202159404755
40,3,64,53,0.46158120036125183,0.13563396036624908
40,3,64,54,0.5739030241966248,0.09898839145898819
40,3,64,55,0.48282963037490845,0.16870178282260895
40,3,64,56,0.42592188715934753,0.13388152420520782
40,3,64,57,0.4216078817844391,0.10057207196950912
40,3,64,58,0.5476064682006836,0.13985614478588104
40,3,64,59,0.41769716143608093,0.16839134693145752
40,3,64,60,0.564407467842102,0.08159556239843369
40,3,64,61,0.4892660677433014,0.12141579389572144
40,3,64,62,0.6042436957359314,0.11119342595338821
40,3,64,63,0.4669090509414673,0.13490450382232666
40,4,128,0,0.7865594625473022,0.2291543334722519
40,4,128,1,0.6487477421760559,0.17211009562015533
40,4,128,2,0.34840404987335205,0.26395362615585327
40,4,128,3,0.30515801906585693,0.30259931087493896
40,4,128,4,0.29328927397727966,0.1498853862285614
40,4,128,5,0.6444770097732544,0.09911919385194778
40,4,128,6,0.5678340792655945,0.11902870237827301
40,4,128,7,0.6899386048316956,0.24292831122875214
40,4,128,8,0.24393126368522644,0.0726809874176979
40,4,128,9,0.4556513726711273,0.10681156069040298
40,4,128,10,0.27250850200653076,0.23518072068691254
40,4,128,11,0.3945963978767395,0.06602495908737183
40,4,128,12,0.65250563621521,0.16909772157669067
40,4,128,13,0.6669005155563354,0.36328160762786865
40,4,128,14,0.558427631855011,0.10235573351383209
40,4,128,15,0.5036165714263916,0.15145613253116608
40,4,128,16,0.6885911226272583,0.27201026678085327
40,4,128,17,0.6877062916755676,0.34419140219688416
40,4,128,18,0.6651837229728699,0.2765445411205292
40,4,128,19,0.5615996718406677,0.12446878105401993
40,4,128,20,0.7639024257659912,0.12399286031723022
40,4,128,21,0.2606828510761261,0.22072678804397583
40,4,128,22,0.6696511507034302,0.37721922993659973
40,4,128,23,0.3313649594783783,0.2537127435207367
40,4,128,24,0.7394495010375977,0.26721498370170593
40,4,128,25,0.4159312844276428,0.11491557955741882
40,4,128,26,0.43471235036849976,0.3012543320655823
40,4,128,27,0.384003221988678,0.29454880952835083
40,4,128,28,0.6658602356910706,0.23886896669864655
40,4,128,29,0.6931480169296265,0.31692641973495483
40,4,128,30,0.7381606101989746,0.2889634668827057
40,4,128,31,0.7530604004859924,0.2165674865245819
40,4,128,32,0.42379242181777954,0.1975821852684021
40,4,128,33,0.7505723237991333,0.22158482670783997
40,4,128,34,0.2934519946575165,0.3365280032157898
40,4,128,35,0.6361512541770935,0.32426637411117554
40,4,128,36,0.4673328995704651,0.08855500817298889
40,4,128,37,0.6852756142616272,0.30103418231010437
40,4,128,38,0.7114430665969849,0.30257266759872437
40,4,128,39,0.39783114194869995,0.18272665143013
40,4,128,40,0.3570510149002075,0.31740590929985046
40,4,128,41,0.6776814460754395,0.3789881765842438
40,4,128,42,0.6257789731025696,0.07965140044689178
40,4,128,43,0.7043198943138123,0.22376041114330292
40,4,128,44,0.5803519487380981,0.18770481646060944
40,4,128,45,0.673419713973999,0.3432562053203583
40,4,128,46,0.6634677648544312,0.32661983370780945
40,4,128,47,0.6394751071929932,0.34975793957710266
40,4,128,48,0.34381771087646484,0.32286378741264343
40,4,128,49,0.7469180822372437,0.294004887342453
40,4,128,50,0.6091311573982239,0.10279008746147156
40,4,128,51,0.7462267279624939,0.15462419390678406
40,4,128,52,0.48200535774230957,0.0813080444931984
40,4,128,53,0.7016439437866211,0.32708826661109924
40,4,128,54,0.5766436457633972,0.0795641615986824
40,4,128,55,0.756138801574707,0.0528942234814167
40,4,128,56,0.49611541628837585,0.1550484001636505
40,4,128,57,0.6532629728317261,0.38864076137542725
40,4,128,58,0.5573389530181885,0.10974432528018951
40,4,128,59,0.6740733981132507,0.24110263586044312
40,4,128,60,0.6446666717529297,0.1892520934343338
40,4,128,61,0.7230468392372131,0.2122359722852707
40,4,128,62,0.7182357907295227,0.06919144093990326
40,4,128,63,0.6304060816764832,0.06012614443898201
40,4,128,64,0.6918095946311951,0.12549975514411926
40,4,128,65,0.5498420596122742,0.05160188674926758
40,4,128,66,0.3170068860054016,0.18551005423069
40,4,128,67,0.7041070461273193,0.2559202015399933
40,4,128,68,0.8020970821380615,0.1361227035522461
40,4,128,69,0.7592127323150635,0.09364085644483566
40,4,128,70,0.6455903053283691,0.29518309235572815
40,4,128,71,0.33704352378845215,0.21467480063438416
40,4,128,72,0.6789159774780273,0.2788250148296356
40,4,128,73,0.8972699046134949,0.0640842616558075
40,4,128,74,0.6428394317626953,0.34952858090400696
40,4,128,75,0.6937906742095947,0.34789177775382996
40,4,128,76,0.6914734840393066,0.22246648371219635
40,4,128,77,0.44853827357292175,0.15041843056678772
40,4,128,78,0.22528740763664246,0.16781647503376007
40,4,128,79,0.5055098533630371,0.22348208725452423
40,4,128,80,0.5727497935295105,0.07186520844697952
40,4,128,81,0.5547024011611938,0.05591311305761337
40,4,128,82,0.5698404908180237,0.12359669804573059
40,4,128,83,0.7008119821548462,0.15052935481071472
40,4,128,84,0.5471683740615845,0.21088463068008423
40,4,128,85,0.7557811737060547,0.08279645442962646
40,4,128,86,0.7621498107910156,0.10917355865240097
40,4,128,87,0.8086869716644287,0.13760077953338623
40,4,128,88,0.3388315737247467,0.28021711111068726
40,4,128,89,0.6433724164962769,0.13877974450588226
40,4,128,90,0.34472087025642395,0.298463374376297
40,4,128,91,0.7980577349662781,0.18024954199790955
40,4,128,92,0.3374336063861847,0.3245725929737091
40,4,128,93,0.2865479588508606,0.25174957513809204
40,4,128,94,0.8995404839515686,0.0863756537437439
40,4,128,95,0.6670862436294556,0.3063041567802429
40,4,128,96,0.8357574343681335,0.0665324479341507
40,4,128,97,0.46161019802093506,0.2354443073272705
40,4,128,98,0.4944346845149994,0.12356884032487869
40,4,128,99,0.6462735533714294,0.14199034869670868
40,4,128,100,0.656657338142395,0.11379124224185944
40,4,128,101,0.21588799357414246,0.07028096914291382
40,4,128,102,0.515656590461731,0.10404478758573532
40,4,128,103,0.539190411567688,0.18420247733592987
40,4,128,104,0.6582586765289307,0.2226334512233734
40,4,128,105,0.7554320693016052,0.11101977527141571
40,4,128,106,0.7429993152618408,0.19244341552257538
40,4,128,107,0.4527376890182495,0.24727356433868408
40,4,128,108,0.6228604316711426,0.0875454917550087
40,4,128,109,0.6299296021461487,0.06453970819711685
40,4,128,110,0.7416304349899292,0.25286251306533813
40,4,128,111,0.591140627861023,0.14939315617084503
40,4,128,112,0.7218821048736572,0.07661303877830505
40,4,128,113,0.551708996295929,0.18441855907440186
40,4,128,114,0.7743142247200012,0.14196406304836273
40,4,128,115,0.7629057765007019,0.05669952929019928
40,4,128,116,0.6774491667747498,0.20236457884311676
40,4,128,117,0.6862923502922058,0.08599388599395752
40,4,128,118,0.7049673795700073,0.23300237953662872
40,4,128,119,0.6440430879592896,0.17738723754882812
40,4,128,120,0.7025697231292725,0.16929109394550323
40,4,128,121,0.680912971496582,0.24249286949634552
40,4,128,122,0.7288837432861328,0.2988879978656769
40,4,128,123,0.6124795079231262,0.1545129120349884
40,4,128,124,0.374379962682724,0.2390540987253189
40,4,128,125,0.4440724849700928,0.08629529923200607
40,4,128,126,0.7181270718574524,0.29035958647727966
40,4,128,127,0.6750059127807617,0.33053353428840637
40,5,128,0,0.7515197396278381,0.2936617136001587
40,5,128,1,0.8197572231292725,0.1489521861076355
40,5,128,2,0.8313096761703491,0.08536729216575623
40,5,128,3,0.3652411699295044,0.32758474349975586
40,5,128,4,0.8067922592163086,0.1061769500374794
40,5,128,5,0.5330472588539124,0.1870354413986206
40,5,128,6,0.7851799726486206,0.10548949241638184
40,5,128,7,0.7416341304779053,0.1427488774061203
40,5,128,8,0.5267617702484131,0.05599701404571533
40,5,128,9,0.42187410593032837,0.1598590612411499
40,5,128,10,0.8503206968307495,0.10054851323366165
40,5,128,11,0.6932576298713684,0.18841110169887543
40,5,128,12,0.6743802428245544,0.06819410622119904
40,5,128,13,0.5380902886390686,0.14107008278369904
40,5,128,14,0.599514365196228,0.1380709409713745
40,5,128,15,0.7654379606246948,0.1847631335258484
40,5,128,16,0.6777732968330383,0.2538917064666748
40,5,128,17,0.7703308463096619,0.15468908846378326
40,5,128,18,0.2582155764102936,0.1107863262295723
40,5,128,19,0.7701337933540344,0.2437697798013687
40,5,128,20,0.7587332129478455,0.0852036252617836
40,5,128,21,0.7349516153335571,0.2686126232147217
40,5,128,22,0.7571448087692261,0.2670038938522339
40,5,128,23,0.7539442777633667,0.14804621040821075
40,5,128,24,0.8074595928192139,0.21629464626312256
40,5,128,25,0.3367086946964264,0.30260908603668213
40,5,128,26,0.3277231752872467,0.34190720319747925
40,5,128,27,0.8124052286148071,0.08242423087358475
40,5,128,28,0.7569013833999634,0.2414461374282837
40,5,128,29,0.7875660061836243,0.10806796699762344
40,5,128,30,0.7870051860809326,0.0838225930929184
40,5,128,31,0.8071639537811279,0.15531803667545319
40,5,128,32,0.7625974416732788,0.08116037398576736
40,5,128,33,0.8155338764190674,0.11855418235063553
40,5,128,34,0.674665629863739,0.19875390827655792
40,5,128,35,0.3062184453010559,0.2473774254322052
40,5,128,36,0.669256865978241,0.06502671539783478
40,5,128,37,0.7320288419723511,0.19556774199008942
40,5,128,38,0.8135693669319153,0.09093311429023743
40,5,128,39,0.4765702784061432,0.2152204066514969
40,5,128,40,0.763931155204773,0.18516655266284943
40,5,128,41,0.7327868342399597,0.30484429001808167
40,5,128,42,0.8265543580055237,0.16884975135326385
40,5,128,43,0.813466489315033,0.08525218069553375
40,5,128,44,0.4768012762069702,0.11316020041704178
40,5,128,45,0.6750917434692383,0.17345362901687622
40,5,128,46,0.7712495923042297,0.14768077433109283
40,5,128,47,0.4788123667240143,0.08143094927072525
40,5,128,48,0.6677919626235962,0.2629668712615967
40,5,128,49,0.7582826614379883,0.2603223919868469
40,5,128,50,0.26668447256088257,0.0918864756822586
40,5,128,51,0.7746879458427429,0.14376215636730194
40,5,128,52,0.3189542293548584,0.14063780009746552
40,5,128,53,0.7866167426109314,0.24970607459545135
40,5,128,54,0.5718585848808289,0.14925231039524078
40,5,128,55,0.8005360960960388,0.0811455026268959
40,5,128,56,0.5708174705505371,0.16134315729141235
40,5,128,57,0.7710767388343811,0.2658073306083679
40,5,128,58,0.5928677320480347,0.1254374384880066
40,5,128,59,0.3419439494609833,0.27894437313079834
40,5,128,60,0.6837982535362244,0.18864408135414124
40,5,128,61,0.40628594160079956,0.11292212456464767
40,5,128,62,0.8105239868164062,0.1371455043554306
40,5,128,63,0.6525751948356628,0.2831548750400543
40,5,128,64,0.6604399085044861,0.21403609216213226
40,5,128,65,0.6747661828994751,0.244106262922287
40,5,128,66,0.29861727356910706,0.23334985971450806
40,5,128,67,0.4480365216732025,0.04864109307527542
40,5,128,68,0.3914687931537628,0.13528235256671906
40,5,128,69,0.7310078740119934,0.1004081442952156
40,5,128,70,0.7417794466018677,0.2824106216430664
40,5,128,71,0.73875892162323,0.08905847370624542
40,5,128,72,0.6686051487922668,0.209040567278862
40,5,128,73,0.47332924604415894,0.211548313498497
40,5,128,74,0.7866663932800293,0.11404949426651001
40,5,128,75,0.3687730133533478,0.1530180275440216
40,5,128,76,0.7439125180244446,0.19431358575820923
40,5,128,77,0.3873412609100342,0.2671535015106201
40,5,128,78,0.6757633686065674,0.23225630819797516
40,5,128,79,0.49816328287124634,0.09368227422237396
40,5,128,80,0.6221423745155334,0.09640120714902878
40,5,128,81,0.7269831299781799,0.2594706118106842
40,5,128,82,0.6799594759941101,0.1180608719587326
40,5,128,83,0.7197480201721191,0.2574503421783447
40,5,128,84,0.3840160667896271,0.16654632985591888
40,5,128,85,0.5741702318191528,0.060401976108551025
40,5,128,86,0.6949332356452942,0.17953883111476898
40,5,128,87,0.6657964587211609,0.20353953540325165
40,5,128,88,0.5210299491882324,0.11236628144979477
40,5,128,89,0.8017910718917847,0.0756608098745346
40,5,128,90,0.7449867129325867,0.20115675032138824
40,5,128,91,0.6727851033210754,0.2123914211988449
40,5,128,92,0.6554539203643799,0.1163165420293808
40,5,128,93,0.8213381171226501,0.12456892430782318
40,5,128,94,0.8141085505485535,0.1269168108701706
40,5,128,95,0.3585091233253479,0.25837305188179016
40,5,128,96,0.7415974736213684,0.10169710963964462
40,5,128,97,0.7710707783699036,0.15326306223869324
40,5,128,98,0.6911094188690186,0.2023918181657791
40,5,128,99,0.7317031025886536,0.21421125531196594
40,5,128,100,0.7506799101829529,0.2703537046909332
40,5,128,101,0.7701875567436218,0.1249801367521286
40,5,128,102,0.7059572339057922,0.1479552537202835
40,5,128,103,0.8069847822189331,0.08680066466331482
40,5,128,104,0.8007532954216003,0.19827544689178467
40,5,128,105,0.3148978054523468,0.32037150859832764
40,5,128,106,0.7128949165344238,0.05970416218042374
40,5,128,107,0.7179115414619446,0.07355807721614838
40,5,128,108,0.6515167951583862,0.1297764778137207
40,5,128,109,0.755294680595398,0.22885067760944366
40,5,128,110,0.7800483107566833,0.08739982545375824
40,5,128,111,0.7110040187835693,0.2962748408317566
40,5,128,112,0.8301222324371338,0.13936036825180054
40,5,128,113,0.2564161419868469,0.23789751529693604
40,5,128,114,0.6821036338806152,0.06763159483671188
40,5,128,115,0.5062736868858337,0.15090858936309814
40,5,128,116,0.8178683519363403,0.1359165459871292
40,5,128,117,0.34487998485565186,0.29818785190582275
40,5,128,118,0.6730744242668152,0.26079466938972473
40,5,128,119,0.5807809829711914,0.18222469091415405
40,5,128,120,0.3189830183982849,0.32259365916252136
40,5,128,121,0.7747670412063599,0.1572457253932953
40,5,128,122,0.657585620880127,0.26407647132873535
40,5,128,123,0.6778807640075684,0.11657648533582687
40,5,128,124,0.6041306853294373,0.1385972499847412
40,5,128,125,0.5979841947555542,0.170522540807724
40,5,128,126,0.7330272197723389,0.2284540832042694
40,5,128,127,0.6730299592018127,0.19081999361515045
