model,f1_macro_mean,bal_acc_mean,acc_mean,f1_macro_sd,bal_acc_sd
SVM,0.714681354254551,0.7311304787540681,0.803971344991863,0.06175564879278329,0.0564008955040885
