model,f1_macro_mean,bal_acc_mean,acc_mean,f1_macro_sd,bal_acc_sd
RF,0.7136542511507039,0.7186809517365914,0.8103133900495012,0.08100152251026627,0.07717390928010974
