subject,block,block_width,feature_channel,gate_mean,gate_sd
1,0,32,0,0.3583351671695709,0.08230885118246078
1,0,32,1,0.4282302260398865,0.0842590406537056
1,0,32,2,0.469918429851532,0.03633798658847809
1,0,32,3,0.6481425166130066,0.07262606918811798
1,0,32,4,0.5601688623428345,0.06267567723989487
1,0,32,5,0.43555498123168945,0.07647673785686493
1,0,32,6,0.29643869400024414,0.11256294697523117
1,0,32,7,0.511856198310852,0.07853028178215027
1,0,32,8,0.5788483023643494,0.06015550717711449
1,0,32,9,0.4563138782978058,0.05984948202967644
1,0,32,10,0.5089083313941956,0.02609524130821228
1,0,32,11,0.5014239549636841,0.07480492442846298
1,0,32,12,0.30765339732170105,0.09844955801963806
1,0,32,13,0.5867484211921692,0.0989668220281601
1,0,32,14,0.3461036682128906,0.09667394310235977
1,0,32,15,0.491600900888443,0.04596545919775963
1,0,32,16,0.44825801253318787,0.0797676295042038
1,0,32,17,0.6717121601104736,0.12177573144435883
1,0,32,18,0.49256184697151184,0.09471457451581955
1,0,32,19,0.4454024136066437,0.0761805921792984
1,0,32,20,0.5382012128829956,0.12499123066663742
1,0,32,21,0.6648198366165161,0.12190911173820496
1,0,32,22,0.42266106605529785,0.054460685700178146
1,0,32,23,0.41471782326698303,0.050502657890319824
1,0,32,24,0.4717737138271332,0.06891828030347824
1,0,32,25,0.4780192971229553,0.06502514332532883
1,0,32,26,0.5574225187301636,0.10224372893571854
1,0,32,27,0.49989622831344604,0.060402754694223404
1,0,32,28,0.5381124019622803,0.06114829704165459
1,0,32,29,0.5435975790023804,0.09411419928073883
1,0,32,30,0.638489842414856,0.07203558832406998
1,0,32,31,0.4667612314224243,0.11010871082544327
1,1,32,0,0.4597768187522888,0.10813970863819122
1,1,32,1,0.32683971524238586,0.08836238831281662
1,1,32,2,0.5052430033683777,0.04605887457728386
1,1,32,3,0.5405951738357544,0.04331497102975845
1,1,32,4,0.6313919425010681,0.08213037252426147
1,1,32,5,0.5389435291290283,0.08502959460020065
1,1,32,6,0.4607715606689453,0.09746123850345612
1,1,32,7,0.5637086629867554,0.04711976274847984
1,1,32,8,0.44079434871673584,0.12393099814653397
1,1,32,9,0.5831027030944824,0.16597318649291992
1,1,32,10,0.5536643266677856,0.13184593617916107
1,1,32,11,0.5009163022041321,0.12113679945468903
1,1,32,12,0.4974519610404968,0.08465500175952911
1,1,32,13,0.436665415763855,0.13139742612838745
1,1,32,14,0.5206672549247742,0.016284028068184853
1,1,32,15,0.5456820726394653,0.07856453955173492
1,1,32,16,0.3559207618236542,0.11860422044992447
1,1,32,17,0.5877888202667236,0.044461678713560104
1,1,32,18,0.6524286270141602,0.08383191376924515
1,1,32,19,0.55214923620224,0.12472117692232132
1,1,32,20,0.5079383850097656,0.06226332485675812
1,1,32,21,0.4349336624145508,0.033570051193237305
1,1,32,22,0.45744258165359497,0.10391278564929962
1,1,32,23,0.49910539388656616,0.06216786801815033
1,1,32,24,0.5703398585319519,0.0366639569401741
1,1,32,25,0.5688698887825012,0.05575719475746155
1,1,32,26,0.49329501390457153,0.11414475739002228
1,1,32,27,0.5699347257614136,0.0810670554637909
1,1,32,28,0.4234420955181122,0.13537412881851196
1,1,32,29,0.5535153746604919,0.09861607849597931
1,1,32,30,0.42301565408706665,0.05593310669064522
1,1,32,31,0.5113265514373779,0.034353431314229965
1,2,64,0,0.43657541275024414,0.10342319309711456
1,2,64,1,0.48285287618637085,0.1948942393064499
1,2,64,2,0.44562262296676636,0.26727497577667236
1,2,64,3,0.5948869585990906,0.13502998650074005
1,2,64,4,0.42280128598213196,0.1123882532119751
1,2,64,5,0.5386886596679688,0.2027905285358429
1,2,64,6,0.33840858936309814,0.17842255532741547
1,2,64,7,0.5821278691291809,0.0961112529039383
1,2,64,8,0.5353075265884399,0.25546953082084656
1,2,64,9,0.4879847466945648,0.11200162768363953
1,2,64,10,0.4377322494983673,0.1063452810049057
1,2,64,11,0.5127118229866028,0.08438136428594589
1,2,64,12,0.5457966327667236,0.056758005172014236
1,2,64,13,0.5100202560424805,0.25845250487327576
1,2,64,14,0.3411290943622589,0.2378625124692917
1,2,64,15,0.3554700016975403,0.09548874199390411
1,2,64,16,0.485848069190979,0.1826464980840683
1,2,64,17,0.5519390106201172,0.21796883642673492
1,2,64,18,0.4284050464630127,0.12515978515148163
1,2,64,19,0.5015996694564819,0.1603732705116272
1,2,64,20,0.39379024505615234,0.13084571063518524
1,2,64,21,0.47791969776153564,0.24482959508895874
1,2,64,22,0.5867097973823547,0.16088207066059113
1,2,64,23,0.7029750943183899,0.1317601501941681
1,2,64,24,0.39431023597717285,0.1640673279762268
1,2,64,25,0.5378751158714294,0.16568884253501892
1,2,64,26,0.40012601017951965,0.10352673381567001
1,2,64,27,0.44611015915870667,0.1224387139081955
1,2,64,28,0.6486063003540039,0.10851948708295822
1,2,64,29,0.42195191979408264,0.12295277416706085
1,2,64,30,0.41927358508110046,0.1405450850725174
1,2,64,31,0.45674315094947815,0.18817158043384552
1,2,64,32,0.4713619649410248,0.12661318480968475
1,2,64,33,0.5240662097930908,0.1322421133518219
1,2,64,34,0.4039251208305359,0.12246952205896378
1,2,64,35,0.43946826457977295,0.07534421235322952
1,2,64,36,0.5631073713302612,0.13595688343048096
1,2,64,37,0.494306743144989,0.10182628035545349
1,2,64,38,0.4064149856567383,0.13841967284679413
1,2,64,39,0.45627927780151367,0.10928335785865784
1,2,64,40,0.6775924563407898,0.10278681665658951
1,2,64,41,0.39878755807876587,0.2460821270942688
1,2,64,42,0.5224632024765015,0.2758738398551941
1,2,64,43,0.5227903723716736,0.11042344570159912
1,2,64,44,0.5237683057785034,0.12770792841911316
1,2,64,45,0.34616997838020325,0.11861439049243927
1,2,64,46,0.6001539826393127,0.19802135229110718
1,2,64,47,0.3939628303050995,0.16913190484046936
1,2,64,48,0.44871729612350464,0.14217998087406158
1,2,64,49,0.5818203091621399,0.0833541676402092
1,2,64,50,0.49883076548576355,0.27079764008522034
1,2,64,51,0.474449098110199,0.15388286113739014
1,2,64,52,0.5207914113998413,0.18545109033584595
1,2,64,53,0.5432853102684021,0.1271314024925232
1,2,64,54,0.4608060419559479,0.2494141161441803
1,2,64,55,0.4737854301929474,0.1467873454093933
1,2,64,56,0.5765214562416077,0.17033056914806366
1,2,64,57,0.5745471715927124,0.09657211601734161
1,2,64,58,0.6719310283660889,0.15353970229625702
1,2,64,59,0.6718474626541138,0.1559857726097107
1,2,64,60,0.42389172315597534,0.13891811668872833
1,2,64,61,0.3256666660308838,0.12003657966852188
1,2,64,62,0.5275751352310181,0.17286598682403564
1,2,64,63,0.4183541536331177,0.2247343510389328
1,3,64,0,0.3239453434944153,0.10772938281297684
1,3,64,1,0.500372052192688,0.07013122737407684
1,3,64,2,0.6776687502861023,0.24057723581790924
1,3,64,3,0.6447411775588989,0.1114095002412796
1,3,64,4,0.5388292670249939,0.04220965504646301
1,3,64,5,0.6161707043647766,0.2200869470834732
1,3,64,6,0.4298330545425415,0.22725512087345123
1,3,64,7,0.5558985471725464,0.1780865490436554
1,3,64,8,0.4371972680091858,0.1597895473241806
1,3,64,9,0.5496826171875,0.10591006278991699
1,3,64,10,0.5736177563667297,0.17206907272338867
1,3,64,11,0.3995906114578247,0.11222755908966064
1,3,64,12,0.4383925795555115,0.12518928945064545
1,3,64,13,0.5159080624580383,0.24537862837314606
1,3,64,14,0.6607174277305603,0.1637716442346573
1,3,64,15,0.6008447408676147,0.2818864583969116
1,3,64,16,0.714158296585083,0.14083413779735565
1,3,64,17,0.6649911999702454,0.09400440007448196
1,3,64,18,0.6106842756271362,0.07051382958889008
1,3,64,19,0.5098050236701965,0.35308802127838135
1,3,64,20,0.2650231122970581,0.16933247447013855
1,3,64,21,0.439292848110199,0.12101369351148605
1,3,64,22,0.396748423576355,0.09389960765838623
1,3,64,23,0.45277541875839233,0.267196923494339
1,3,64,24,0.7874231338500977,0.12916500866413116
1,3,64,25,0.4797919690608978,0.24831552803516388
1,3,64,26,0.530968427658081,0.31195858120918274
1,3,64,27,0.5245380997657776,0.14623525738716125
1,3,64,28,0.6746375560760498,0.17726550996303558
1,3,64,29,0.33838656544685364,0.11170992255210876
1,3,64,30,0.6319771409034729,0.10151709616184235
1,3,64,31,0.48581862449645996,0.10315439105033875
1,3,64,32,0.5435511469841003,0.10557727515697479
1,3,64,33,0.6170974373817444,0.26328790187835693
1,3,64,34,0.59832763671875,0.18138821423053741
1,3,64,35,0.5687057971954346,0.15763069689273834
1,3,64,36,0.5394009947776794,0.10732864588499069
1,3,64,37,0.2839648127555847,0.15654753148555756
1,3,64,38,0.5668808817863464,0.07685483247041702
1,3,64,39,0.6199851036071777,0.2898176312446594
1,3,64,40,0.5858289003372192,0.2001713216304779
1,3,64,41,0.5255722403526306,0.3396456837654114
1,3,64,42,0.4005451500415802,0.13263288140296936
1,3,64,43,0.5580843687057495,0.16394740343093872
1,3,64,44,0.3633299767971039,0.07979928702116013
1,3,64,45,0.7215942740440369,0.16817262768745422
1,3,64,46,0.4226008653640747,0.2885259687900543
1,3,64,47,0.6595137715339661,0.20012129843235016
1,3,64,48,0.3595520853996277,0.24506776034832
1,3,64,49,0.5874999761581421,0.1147630587220192
1,3,64,50,0.36078163981437683,0.1042591780424118
1,3,64,51,0.5190409421920776,0.2042185515165329
1,3,64,52,0.41771766543388367,0.18009434640407562
1,3,64,53,0.4126380383968353,0.08720559626817703
1,3,64,54,0.2540096640586853,0.16008484363555908
1,3,64,55,0.5933470129966736,0.315163254737854
1,3,64,56,0.24889697134494781,0.09734518080949783
1,3,64,57,0.48061367869377136,0.230240136384964
1,3,64,58,0.3094407320022583,0.23332007229328156
1,3,64,59,0.48892414569854736,0.16760683059692383
1,3,64,60,0.4096219837665558,0.2242450714111328
1,3,64,61,0.3781050145626068,0.07678962498903275
1,3,64,62,0.5338407158851624,0.09308218210935593
1,3,64,63,0.655802845954895,0.11267463862895966
1,4,128,0,0.7278451323509216,0.07753369957208633
1,4,128,1,0.6369655728340149,0.21067222952842712
1,4,128,2,0.675855278968811,0.2169228047132492
1,4,128,3,0.6361978054046631,0.32151398062705994
1,4,128,4,0.5743181109428406,0.2464141696691513
1,4,128,5,0.5084496736526489,0.19267816841602325
1,4,128,6,0.5910646915435791,0.2689080834388733
1,4,128,7,0.6419060826301575,0.2538053095340729
1,4,128,8,0.5990705490112305,0.16709525883197784
1,4,128,9,0.42992231249809265,0.32312309741973877
1,4,128,10,0.36189427971839905,0.07126947492361069
1,4,128,11,0.5538516640663147,0.16932083666324615
1,4,128,12,0.30670037865638733,0.2287818044424057
1,4,128,13,0.5371360182762146,0.17418625950813293
1,4,128,14,0.6520828008651733,0.10136926174163818
1,4,128,15,0.6099573969841003,0.23042818903923035
1,4,128,16,0.5712761282920837,0.2435503751039505
1,4,128,17,0.48545005917549133,0.1682874858379364
1,4,128,18,0.5138967037200928,0.21616829931735992
1,4,128,19,0.5354107618331909,0.20629531145095825
1,4,128,20,0.5511242151260376,0.19785569608211517
1,4,128,21,0.6271508932113647,0.10726169496774673
1,4,128,22,0.5886154174804688,0.23467010259628296
1,4,128,23,0.6157447099685669,0.20776581764221191
1,4,128,24,0.6968645453453064,0.08450321108102798
1,4,128,25,0.48943066596984863,0.29188501834869385
1,4,128,26,0.37867972254753113,0.18461553752422333
1,4,128,27,0.6952802538871765,0.10112365335226059
1,4,128,28,0.4073893129825592,0.08604511618614197
1,4,128,29,0.6104908585548401,0.2964175045490265
1,4,128,30,0.5424032807350159,0.16622626781463623
1,4,128,31,0.6721974611282349,0.15978308022022247
1,4,128,32,0.39529693126678467,0.2674650251865387
1,4,128,33,0.7209811210632324,0.11180614680051804
1,4,128,34,0.6848515868186951,0.3028448224067688
1,4,128,35,0.4627297520637512,0.1888737827539444
1,4,128,36,0.6545402407646179,0.1698131114244461
1,4,128,37,0.6193900108337402,0.28446146845817566
1,4,128,38,0.6616417169570923,0.1960882544517517
1,4,128,39,0.5425223708152771,0.1211736723780632
1,4,128,40,0.5018361210823059,0.2257312536239624
1,4,128,41,0.37362247705459595,0.11060826480388641
1,4,128,42,0.42958974838256836,0.12735077738761902
1,4,128,43,0.40031614899635315,0.18028834462165833
1,4,128,44,0.379008412361145,0.1877267062664032
1,4,128,45,0.7150975465774536,0.12295817583799362
1,4,128,46,0.495962917804718,0.1836879551410675
1,4,128,47,0.43332573771476746,0.29679664969444275
1,4,128,48,0.5245355367660522,0.21031996607780457
1,4,128,49,0.5851718187332153,0.3683050572872162
1,4,128,50,0.41721802949905396,0.145032599568367
1,4,128,51,0.5883671045303345,0.15175919234752655
1,4,128,52,0.5666458606719971,0.13522149622440338
1,4,128,53,0.5159518122673035,0.1858207732439041
1,4,128,54,0.4890928864479065,0.2730547785758972
1,4,128,55,0.460358202457428,0.15706351399421692
1,4,128,56,0.6504260301589966,0.2427387237548828
1,4,128,57,0.6354415416717529,0.21222490072250366
1,4,128,58,0.453247606754303,0.2612687051296234
1,4,128,59,0.720348060131073,0.08090710639953613
1,4,128,60,0.5832523703575134,0.12635043263435364
1,4,128,61,0.4838443398475647,0.07689174264669418
1,4,128,62,0.6977912783622742,0.21436955034732819
1,4,128,63,0.5388320684432983,0.22110021114349365
1,4,128,64,0.7187104821205139,0.1075672060251236
1,4,128,65,0.7911108732223511,0.09643171727657318
1,4,128,66,0.4852491617202759,0.22917525470256805
1,4,128,67,0.5935601592063904,0.22193790972232819
1,4,128,68,0.546373188495636,0.25814008712768555
1,4,128,69,0.6510753035545349,0.15273432433605194
1,4,128,70,0.5744569897651672,0.17177078127861023
1,4,128,71,0.6331522464752197,0.16705434024333954
1,4,128,72,0.6389080286026001,0.19507333636283875
1,4,128,73,0.41071203351020813,0.25118616223335266
1,4,128,74,0.6766259074211121,0.19594523310661316
1,4,128,75,0.5902626514434814,0.22240014374256134
1,4,128,76,0.7079847455024719,0.17208506166934967
1,4,128,77,0.5379604697227478,0.14772818982601166
1,4,128,78,0.6079234480857849,0.13151322305202484
1,4,128,79,0.523199200630188,0.20096199214458466
1,4,128,80,0.45348337292671204,0.2509397864341736
1,4,128,81,0.6441656351089478,0.25167137384414673
1,4,128,82,0.5887385010719299,0.21101908385753632
1,4,128,83,0.4389651417732239,0.20371265709400177
1,4,128,84,0.787198007106781,0.1051214337348938
1,4,128,85,0.6765864491462708,0.1217348724603653
1,4,128,86,0.41257721185684204,0.2997561991214752
1,4,128,87,0.4347127377986908,0.3069359064102173
1,4,128,88,0.7205442786216736,0.24657146632671356
1,4,128,89,0.5600399971008301,0.05138641223311424
1,4,128,90,0.5726112127304077,0.08734946697950363
1,4,128,91,0.39722922444343567,0.18945331871509552
1,4,128,92,0.4722314476966858,0.15664221346378326
1,4,128,93,0.5484011173248291,0.2392408549785614
1,4,128,94,0.3812887370586395,0.20495010912418365
1,4,128,95,0.37695935368537903,0.30266356468200684
1,4,128,96,0.3047289550304413,0.16170786321163177
1,4,128,97,0.4153105318546295,0.20167207717895508
1,4,128,98,0.6591161489486694,0.23920829594135284
1,4,128,99,0.6909422874450684,0.26227742433547974
1,4,128,100,0.6336219310760498,0.16419415175914764
1,4,128,101,0.3328624665737152,0.13822433352470398
1,4,128,102,0.600058376789093,0.1618153154850006
1,4,128,103,0.752813994884491,0.08626614511013031
1,4,128,104,0.6609767079353333,0.12147295475006104
1,4,128,105,0.7108691930770874,0.18268316984176636
1,4,128,106,0.3714255392551422,0.1740611344575882
1,4,128,107,0.6997222304344177,0.08758058398962021
1,4,128,108,0.789652407169342,0.10369112342596054
1,4,128,109,0.6320494413375854,0.29867130517959595
1,4,128,110,0.5959650874137878,0.24569962918758392
1,4,128,111,0.31554633378982544,0.11167999356985092
1,4,128,112,0.6552961468696594,0.2080570012331009
1,4,128,113,0.6715620160102844,0.14613474905490875
1,4,128,114,0.6691918969154358,0.08940403163433075
1,4,128,115,0.6152716279029846,0.21924251317977905
1,4,128,116,0.6453130841255188,0.10399501770734787
1,4,128,117,0.34159305691719055,0.1543089747428894
1,4,128,118,0.7443335652351379,0.17135049402713776
1,4,128,119,0.5160720348358154,0.1828736960887909
1,4,128,120,0.6104163527488708,0.18516799807548523
1,4,128,121,0.48247697949409485,0.3230435252189636
1,4,128,122,0.4673800766468048,0.2330712080001831
1,4,128,123,0.5194522738456726,0.2824922502040863
1,4,128,124,0.4975584149360657,0.11431997269392014
1,4,128,125,0.44874298572540283,0.09106291085481644
1,4,128,126,0.675674557685852,0.09789709001779556
1,4,128,127,0.5265630483627319,0.1751556396484375
1,5,128,0,0.4638216197490692,0.1671864092350006
1,5,128,1,0.5447329878807068,0.229343980550766
1,5,128,2,0.5626052021980286,0.08579245954751968
1,5,128,3,0.843298077583313,0.12928812205791473
1,5,128,4,0.7612017393112183,0.1917603462934494
1,5,128,5,0.7995992302894592,0.10577573627233505
1,5,128,6,0.6011115312576294,0.15294937789440155
1,5,128,7,0.4102296233177185,0.1455232948064804
1,5,128,8,0.5539320707321167,0.2320517599582672
1,5,128,9,0.3684174120426178,0.2148626297712326
1,5,128,10,0.6801415681838989,0.2197016328573227
1,5,128,11,0.5478089451789856,0.14761009812355042
1,5,128,12,0.7663252353668213,0.08801714330911636
1,5,128,13,0.5963712334632874,0.10640226304531097
1,5,128,14,0.6822479963302612,0.1535731852054596
1,5,128,15,0.8377115726470947,0.09830287843942642
1,5,128,16,0.5234938263893127,0.2246108502149582
1,5,128,17,0.6983498334884644,0.08293885737657547
1,5,128,18,0.45753201842308044,0.12296385318040848
1,5,128,19,0.6471195220947266,0.04526204988360405
1,5,128,20,0.888083815574646,0.07926083356142044
1,5,128,21,0.7833904027938843,0.08796520531177521
1,5,128,22,0.7239826917648315,0.19904129207134247
1,5,128,23,0.5915138125419617,0.14620722830295563
1,5,128,24,0.6329852342605591,0.11513268947601318
1,5,128,25,0.7713207006454468,0.1409272700548172
1,5,128,26,0.6610369682312012,0.13874417543411255
1,5,128,27,0.8106009364128113,0.0944899246096611
1,5,128,28,0.8148677945137024,0.11698807775974274
1,5,128,29,0.4253697395324707,0.10198143869638443
1,5,128,30,0.7616869211196899,0.1553034633398056
1,5,128,31,0.8447011113166809,0.10562579333782196
1,5,128,32,0.7001268267631531,0.20079642534255981
1,5,128,33,0.7087753415107727,0.11173150688409805
1,5,128,34,0.4426303505897522,0.2946923077106476
1,5,128,35,0.8028472661972046,0.14077429473400116
1,5,128,36,0.819807231426239,0.08045748621225357
1,5,128,37,0.8399069905281067,0.08595960587263107
1,5,128,38,0.769913911819458,0.10113296657800674
1,5,128,39,0.7739612460136414,0.12911438941955566
1,5,128,40,0.8110319972038269,0.10830677300691605
1,5,128,41,0.44366124272346497,0.06746283918619156
1,5,128,42,0.6509087085723877,0.1265234351158142
1,5,128,43,0.4530564844608307,0.19361387193202972
1,5,128,44,0.6006102561950684,0.11162121593952179
1,5,128,45,0.7886226773262024,0.13577893376350403
1,5,128,46,0.6924326419830322,0.10071980953216553
1,5,128,47,0.7632389664649963,0.08769334852695465
1,5,128,48,0.7111832499504089,0.07993447780609131
1,5,128,49,0.840954601764679,0.0989401638507843
1,5,128,50,0.45353299379348755,0.2737492620944977
1,5,128,51,0.4808385968208313,0.2966155409812927
1,5,128,52,0.7766033411026001,0.11347434669733047
1,5,128,53,0.8437586426734924,0.070697121322155
1,5,128,54,0.562415599822998,0.0697794109582901
1,5,128,55,0.46228721737861633,0.19424980878829956
1,5,128,56,0.6674184799194336,0.2110166847705841
1,5,128,57,0.8016842007637024,0.09153711795806885
1,5,128,58,0.7267633676528931,0.10338904708623886
1,5,128,59,0.6199434399604797,0.15641306340694427
1,5,128,60,0.4537462890148163,0.21761035919189453
1,5,128,61,0.6462196707725525,0.17706021666526794
1,5,128,62,0.5307465195655823,0.07840653508901596
1,5,128,63,0.7585734128952026,0.11191432923078537
1,5,128,64,0.8251151442527771,0.09993061423301697
1,5,128,65,0.6814740896224976,0.2803122103214264
1,5,128,66,0.454502671957016,0.18878068029880524
1,5,128,67,0.5752860307693481,0.09853849560022354
1,5,128,68,0.7032260298728943,0.23212319612503052
1,5,128,69,0.7605571150779724,0.15049251914024353
1,5,128,70,0.6281310319900513,0.21124102175235748
1,5,128,71,0.6385983824729919,0.14850066602230072
1,5,128,72,0.7868936061859131,0.10791803896427155
1,5,128,73,0.8041776418685913,0.07550105452537537
1,5,128,74,0.6041466593742371,0.11793416738510132
1,5,128,75,0.8215702772140503,0.07046502083539963
1,5,128,76,0.666925311088562,0.20504264533519745
1,5,128,77,0.8726474046707153,0.07813863456249237
1,5,128,78,0.7077178955078125,0.09362617880105972
1,5,128,79,0.5609426498413086,0.08301816135644913
1,5,128,80,0.7541783452033997,0.14122267067432404
1,5,128,81,0.824269711971283,0.10054447501897812
1,5,128,82,0.868305504322052,0.08026701956987381
1,5,128,83,0.5256505012512207,0.23289282619953156
1,5,128,84,0.7403351068496704,0.2225228250026703
1,5,128,85,0.8363361954689026,0.09355095028877258
1,5,128,86,0.7144466042518616,0.07697887718677521
1,5,128,87,0.6375094652175903,0.13065262138843536
1,5,128,88,0.6978776454925537,0.24595458805561066
1,5,128,89,0.806731641292572,0.08106917887926102
1,5,128,90,0.7596848607063293,0.17826123535633087
1,5,128,91,0.7528406977653503,0.11159446090459824
1,5,128,92,0.38780584931373596,0.08071808516979218
1,5,128,93,0.7094907164573669,0.18086615204811096
1,5,128,94,0.6918963193893433,0.2234419584274292
1,5,128,95,0.3538496494293213,0.15187610685825348
1,5,128,96,0.7815370559692383,0.18301351368427277
1,5,128,97,0.6378099322319031,0.17768776416778564
1,5,128,98,0.7680135369300842,0.13475877046585083
1,5,128,99,0.7685239911079407,0.14742906391620636
1,5,128,100,0.6767053604125977,0.10911323130130768
1,5,128,101,0.7581263184547424,0.10421217232942581
1,5,128,102,0.7250463366508484,0.12555277347564697
1,5,128,103,0.7086954116821289,0.2162180095911026
1,5,128,104,0.7767302393913269,0.1468384563922882
1,5,128,105,0.5866580009460449,0.1802891194820404
1,5,128,106,0.539110004901886,0.16520628333091736
1,5,128,107,0.6759960055351257,0.09659837931394577
1,5,128,108,0.8231510519981384,0.09816468507051468
1,5,128,109,0.8928777575492859,0.07685723155736923
1,5,128,110,0.4077520966529846,0.1368892937898636
1,5,128,111,0.5750812292098999,0.20114804804325104
1,5,128,112,0.7118921875953674,0.16677649319171906
1,5,128,113,0.8149803876876831,0.07815723121166229
1,5,128,114,0.5192687511444092,0.06870665401220322
1,5,128,115,0.8358941674232483,0.10181549936532974
1,5,128,116,0.4630378484725952,0.09212784469127655
1,5,128,117,0.6809186339378357,0.13751374185085297
1,5,128,118,0.4387977123260498,0.16617269814014435
1,5,128,119,0.8890475630760193,0.0663750022649765
1,5,128,120,0.7931047677993774,0.13128414750099182
1,5,128,121,0.40089207887649536,0.19194601476192474
1,5,128,122,0.5217589735984802,0.1048237532377243
1,5,128,123,0.7867002487182617,0.07139170914888382
1,5,128,124,0.8079141974449158,0.06890256702899933
1,5,128,125,0.5991837382316589,0.06299892067909241
1,5,128,126,0.810718297958374,0.07668586820363998
1,5,128,127,0.7182083129882812,0.21122267842292786
2,0,32,0,0.5687808990478516,0.07099238783121109
2,0,32,1,0.5843423008918762,0.09298443794250488
2,0,32,2,0.5447288751602173,0.181402325630188
2,0,32,3,0.5223284363746643,0.12881092727184296
2,0,32,4,0.774786651134491,0.07187239080667496
2,0,32,5,0.47728535532951355,0.1335260570049286
2,0,32,6,0.5856199264526367,0.19118152558803558
2,0,32,7,0.353389173746109,0.12592259049415588
2,0,32,8,0.537962019443512,0.0686437264084816
2,0,32,9,0.5088574886322021,0.1113479807972908
2,0,32,10,0.5404196977615356,0.19266505539417267
2,0,32,11,0.5253534913063049,0.11162258684635162
2,0,32,12,0.6231972575187683,0.26868557929992676
2,0,32,13,0.42563751339912415,0.12739557027816772
2,0,32,14,0.5286368727684021,0.14390245079994202
2,0,32,15,0.5798274278640747,0.06951281428337097
2,0,32,16,0.38147857785224915,0.2193116545677185
2,0,32,17,0.6196836233139038,0.09433813393115997
2,0,32,18,0.464944452047348,0.2339668720960617
2,0,32,19,0.7195267677307129,0.11591850966215134
2,0,32,20,0.5571625828742981,0.051129620522260666
2,0,32,21,0.4653843343257904,0.09694860875606537
2,0,32,22,0.40064501762390137,0.09842152893543243
2,0,32,23,0.4970712661743164,0.09595295041799545
2,0,32,24,0.4165363609790802,0.11127937585115433
2,0,32,25,0.5081106424331665,0.1063234806060791
2,0,32,26,0.4095730185508728,0.13753606379032135
2,0,32,27,0.3018924295902252,0.10804207623004913
2,0,32,28,0.3230351209640503,0.11623106896877289
2,0,32,29,0.2789771556854248,0.08175276964902878
2,0,32,30,0.48661282658576965,0.04588726907968521
2,0,32,31,0.3303351402282715,0.0759689211845398
2,1,32,0,0.4888949394226074,0.03080349788069725
2,1,32,1,0.5321002006530762,0.06624584645032883
2,1,32,2,0.545981228351593,0.09514858573675156
2,1,32,3,0.5282185673713684,0.029885869473218918
2,1,32,4,0.45972445607185364,0.03443554416298866
2,1,32,5,0.4514622688293457,0.07051766663789749
2,1,32,6,0.5695893168449402,0.04657357186079025
2,1,32,7,0.5837059020996094,0.03605376183986664
2,1,32,8,0.5877732038497925,0.04755624756217003
2,1,32,9,0.5727246403694153,0.0827019065618515
2,1,32,10,0.46061229705810547,0.0628405213356018
2,1,32,11,0.5559675693511963,0.03860962763428688
2,1,32,12,0.4240659773349762,0.04746357351541519
2,1,32,13,0.597084105014801,0.046726495027542114
2,1,32,14,0.5365878343582153,0.052638452500104904
2,1,32,15,0.5340173244476318,0.042101938277482986
2,1,32,16,0.5569385290145874,0.09596597403287888
2,1,32,17,0.5557079911231995,0.08470488339662552
2,1,32,18,0.4838862419128418,0.058314766734838486
2,1,32,19,0.5779080986976624,0.05133140832185745
2,1,32,20,0.5649319291114807,0.049495939165353775
2,1,32,21,0.5427976846694946,0.07129327207803726
2,1,32,22,0.5232450366020203,0.044052086770534515
2,1,32,23,0.5427634119987488,0.07041732966899872
2,1,32,24,0.5110606551170349,0.058870017528533936
2,1,32,25,0.47061625123023987,0.06970756500959396
2,1,32,26,0.4445435702800751,0.06687438488006592
2,1,32,27,0.4104173183441162,0.07131295651197433
2,1,32,28,0.47818902134895325,0.1062466949224472
2,1,32,29,0.3981637954711914,0.0437612384557724
2,1,32,30,0.49749767780303955,0.08454416692256927
2,1,32,31,0.4966020882129669,0.0740479975938797
2,2,64,0,0.47190746665000916,0.10000087320804596
2,2,64,1,0.542748749256134,0.10747793316841125
2,2,64,2,0.39204928278923035,0.1250903457403183
2,2,64,3,0.49498337507247925,0.08463271707296371
2,2,64,4,0.5521414875984192,0.11526896804571152
2,2,64,5,0.5849048495292664,0.11596331745386124
2,2,64,6,0.586557149887085,0.07298187911510468
2,2,64,7,0.3180665671825409,0.16632190346717834
2,2,64,8,0.6286579966545105,0.12663424015045166
2,2,64,9,0.5112051963806152,0.12909094989299774
2,2,64,10,0.38249680399894714,0.1347200870513916
2,2,64,11,0.5163536071777344,0.04111962020397186
2,2,64,12,0.49772027134895325,0.1960405856370926
2,2,64,13,0.5913280248641968,0.15254800021648407
2,2,64,14,0.5299513936042786,0.0697704330086708
2,2,64,15,0.5014271140098572,0.11134006083011627
2,2,64,16,0.5265148878097534,0.1419474482536316
2,2,64,17,0.47391271591186523,0.08929210156202316
2,2,64,18,0.5971714854240417,0.07633937895298004
2,2,64,19,0.5311659574508667,0.2604909837245941
2,2,64,20,0.5216749310493469,0.06983885914087296
2,2,64,21,0.44753357768058777,0.08780505508184433
2,2,64,22,0.5363651514053345,0.08011596649885178
2,2,64,23,0.45540571212768555,0.22656072676181793
2,2,64,24,0.45016705989837646,0.11264192312955856
2,2,64,25,0.44573524594306946,0.060798559337854385
2,2,64,26,0.5739110708236694,0.12501473724842072
2,2,64,27,0.5354180932044983,0.06337418407201767
2,2,64,28,0.49486243724823,0.0991344228386879
2,2,64,29,0.4132388234138489,0.155732199549675
2,2,64,30,0.5329451560974121,0.14209340512752533
2,2,64,31,0.4555400311946869,0.12173977494239807
2,2,64,32,0.4838121831417084,0.079704649746418
2,2,64,33,0.4639754593372345,0.07555574178695679
2,2,64,34,0.4202885031700134,0.12116267532110214
2,2,64,35,0.5533658266067505,0.13041430711746216
2,2,64,36,0.4936997592449188,0.1981312781572342
2,2,64,37,0.4330378472805023,0.10867336392402649
2,2,64,38,0.48240625858306885,0.10825096815824509
2,2,64,39,0.6074163317680359,0.188681498169899
2,2,64,40,0.5099190473556519,0.17002485692501068
2,2,64,41,0.5212165117263794,0.09999474138021469
2,2,64,42,0.5403587222099304,0.1405990570783615
2,2,64,43,0.5077511072158813,0.10147556662559509
2,2,64,44,0.5022136569023132,0.05768648907542229
2,2,64,45,0.52556973695755,0.10181368142366409
2,2,64,46,0.5931352972984314,0.12484284490346909
2,2,64,47,0.37985411286354065,0.14488337934017181
2,2,64,48,0.4332544207572937,0.07333151996135712
2,2,64,49,0.5070315599441528,0.06287787109613419
2,2,64,50,0.5580745935440063,0.09602203220129013
2,2,64,51,0.4745749235153198,0.12834620475769043
2,2,64,52,0.47739192843437195,0.24055656790733337
2,2,64,53,0.6129360198974609,0.1140671819448471
2,2,64,54,0.45455247163772583,0.13041500747203827
2,2,64,55,0.5157606601715088,0.062192488461732864
2,2,64,56,0.5305245518684387,0.11534565687179565
2,2,64,57,0.520285427570343,0.2160574346780777
2,2,64,58,0.5600237846374512,0.15360713005065918
2,2,64,59,0.4679545760154724,0.06604994088411331
2,2,64,60,0.5463499426841736,0.1255778819322586
2,2,64,61,0.5647966265678406,0.11546279489994049
2,2,64,62,0.4155942499637604,0.11749756336212158
2,2,64,63,0.4532416760921478,0.15208621323108673
2,3,64,0,0.5783566832542419,0.14459024369716644
2,3,64,1,0.5642772316932678,0.2040855884552002
2,3,64,2,0.5515438318252563,0.14045538008213043
2,3,64,3,0.5938510298728943,0.09241049736738205
2,3,64,4,0.46322721242904663,0.1265271157026291
2,3,64,5,0.5767406225204468,0.14935122430324554
2,3,64,6,0.5997810959815979,0.0667061135172844
2,3,64,7,0.41768911480903625,0.18309102952480316
2,3,64,8,0.5969836711883545,0.2196279913187027
2,3,64,9,0.4448806345462799,0.2343958467245102
2,3,64,10,0.5406903624534607,0.08005066961050034
2,3,64,11,0.5452094078063965,0.10086078196763992
2,3,64,12,0.46000951528549194,0.11864794790744781
2,3,64,13,0.5616363286972046,0.12888185679912567
2,3,64,14,0.46368807554244995,0.08943943679332733
2,3,64,15,0.47695738077163696,0.10199816524982452
2,3,64,16,0.5262508392333984,0.06384103745222092
2,3,64,17,0.4493706226348877,0.16411174833774567
2,3,64,18,0.5753419399261475,0.19086410105228424
2,3,64,19,0.4002276659011841,0.16418568789958954
2,3,64,20,0.44344907999038696,0.06961352378129959
2,3,64,21,0.4372294843196869,0.20450378954410553
2,3,64,22,0.511795699596405,0.16020427644252777
2,3,64,23,0.49856361746788025,0.19651183485984802
2,3,64,24,0.6572232246398926,0.0999738946557045
2,3,64,25,0.47290971875190735,0.13730116188526154
2,3,64,26,0.4243253767490387,0.1168925017118454
2,3,64,27,0.4928271472454071,0.28471845388412476
2,3,64,28,0.33976051211357117,0.09006603062152863
2,3,64,29,0.5191775560379028,0.22092454135417938
2,3,64,30,0.3551550507545471,0.10790865123271942
2,3,64,31,0.5154204964637756,0.1208159402012825
2,3,64,32,0.525960385799408,0.0830894336104393
2,3,64,33,0.4104914367198944,0.14402391016483307
2,3,64,34,0.5001164674758911,0.2593781650066376
2,3,64,35,0.504900336265564,0.19313031435012817
2,3,64,36,0.601693868637085,0.1067044660449028
2,3,64,37,0.5240388512611389,0.09291581064462662
2,3,64,38,0.5774990916252136,0.15075460076332092
2,3,64,39,0.5867887139320374,0.15721245110034943
2,3,64,40,0.5355907678604126,0.14812374114990234
2,3,64,41,0.4339883625507355,0.09566836059093475
2,3,64,42,0.47974956035614014,0.15291310846805573
2,3,64,43,0.4282732605934143,0.17143839597702026
2,3,64,44,0.4841800630092621,0.16676147282123566
2,3,64,45,0.4168853461742401,0.1627850979566574
2,3,64,46,0.5019339919090271,0.16132299602031708
2,3,64,47,0.6680214405059814,0.07728983461856842
2,3,64,48,0.4605478346347809,0.08590292185544968
2,3,64,49,0.6219669580459595,0.07644258439540863
2,3,64,50,0.530259370803833,0.08353012055158615
2,3,64,51,0.4579766094684601,0.10468653589487076
2,3,64,52,0.590843677520752,0.19956764578819275
2,3,64,53,0.6351765990257263,0.042131174355745316
2,3,64,54,0.5097468495368958,0.20203931629657745
2,3,64,55,0.46231719851493835,0.10605616122484207
2,3,64,56,0.5163280367851257,0.08423904329538345
2,3,64,57,0.5476395487785339,0.1426144689321518
2,3,64,58,0.4139730632305145,0.12737198173999786
2,3,64,59,0.5891196727752686,0.09285816550254822
2,3,64,60,0.42718154191970825,0.219711571931839
2,3,64,61,0.5519965887069702,0.19477249681949615
2,3,64,62,0.5624809861183167,0.17378386855125427
2,3,64,63,0.5484741926193237,0.22340184450149536
2,4,128,0,0.5911517143249512,0.17600475251674652
2,4,128,1,0.6430299878120422,0.163244366645813
2,4,128,2,0.5958026647567749,0.23178042471408844
2,4,128,3,0.6675249934196472,0.28866714239120483
2,4,128,4,0.7653974890708923,0.08800078183412552
2,4,128,5,0.7259798645973206,0.08111957460641861
2,4,128,6,0.7176315188407898,0.27359506487846375
2,4,128,7,0.41259676218032837,0.1524251103401184
2,4,128,8,0.2807917892932892,0.19761879742145538
2,4,128,9,0.6286706328392029,0.20522981882095337
2,4,128,10,0.39847174286842346,0.2160797417163849
2,4,128,11,0.45399439334869385,0.08793852478265762
2,4,128,12,0.5410218238830566,0.1952076405286789
2,4,128,13,0.7092317938804626,0.10883309692144394
2,4,128,14,0.6986675262451172,0.2485005259513855
2,4,128,15,0.6553020477294922,0.10519147664308548
2,4,128,16,0.41817358136177063,0.20687608420848846
2,4,128,17,0.47204363346099854,0.16847550868988037
2,4,128,18,0.5454970002174377,0.06673254817724228
2,4,128,19,0.7851674556732178,0.0767153948545456
2,4,128,20,0.5551168918609619,0.14959196746349335
2,4,128,21,0.6240308284759521,0.12638044357299805
2,4,128,22,0.7036844491958618,0.14776358008384705
2,4,128,23,0.6813681721687317,0.2257804423570633
2,4,128,24,0.7721161246299744,0.21515342593193054
2,4,128,25,0.35274362564086914,0.17284700274467468
2,4,128,26,0.2996201515197754,0.19065850973129272
2,4,128,27,0.6969035267829895,0.09534763544797897
2,4,128,28,0.8136513233184814,0.07735329866409302
2,4,128,29,0.6700038313865662,0.2386888861656189
2,4,128,30,0.725055456161499,0.1418672651052475
2,4,128,31,0.32531121373176575,0.21205513179302216
2,4,128,32,0.39113306999206543,0.31970223784446716
2,4,128,33,0.6334086060523987,0.043774042278528214
2,4,128,34,0.6813343167304993,0.23615796864032745
2,4,128,35,0.6257246136665344,0.22844752669334412
2,4,128,36,0.4087965488433838,0.2700624465942383
2,4,128,37,0.6329630613327026,0.25495240092277527
2,4,128,38,0.6649977564811707,0.29971903562545776
2,4,128,39,0.6279484629631042,0.23266065120697021
2,4,128,40,0.354380339384079,0.24586063623428345
2,4,128,41,0.4989081621170044,0.15305572748184204
2,4,128,42,0.7477529048919678,0.2209930270910263
2,4,128,43,0.6868119239807129,0.18801945447921753
2,4,128,44,0.3633050322532654,0.26231056451797485
2,4,128,45,0.6870313882827759,0.07823339849710464
2,4,128,46,0.7663422226905823,0.10379967093467712
2,4,128,47,0.636101245880127,0.13252337276935577
2,4,128,48,0.706092357635498,0.1302269846200943
2,4,128,49,0.6452852487564087,0.26765263080596924
2,4,128,50,0.6173312067985535,0.19744938611984253
2,4,128,51,0.35259905457496643,0.27173343300819397
2,4,128,52,0.6636989712715149,0.1578652262687683
2,4,128,53,0.6592515707015991,0.17282386124134064
2,4,128,54,0.44454020261764526,0.20527683198451996
2,4,128,55,0.5420984625816345,0.07025881856679916
2,4,128,56,0.4571577310562134,0.19602526724338531
2,4,128,57,0.600602388381958,0.23442550003528595
2,4,128,58,0.7092799544334412,0.15916289389133453
2,4,128,59,0.5850353240966797,0.17685699462890625
2,4,128,60,0.5596609711647034,0.32958394289016724
2,4,128,61,0.6913158297538757,0.12039020657539368
2,4,128,62,0.6676111817359924,0.09599295258522034
2,4,128,63,0.7199552655220032,0.10515394806861877
2,4,128,64,0.7304608225822449,0.12138894200325012
2,4,128,65,0.4435422122478485,0.14248615503311157
2,4,128,66,0.6312233209609985,0.2894487977027893
2,4,128,67,0.6759271025657654,0.2566874921321869
2,4,128,68,0.7777636647224426,0.08819500356912613
2,4,128,69,0.47416719794273376,0.16993741691112518
2,4,128,70,0.26287123560905457,0.08927593380212784
2,4,128,71,0.5706163048744202,0.16358818113803864
2,4,128,72,0.5626702904701233,0.11695898324251175
2,4,128,73,0.700459897518158,0.21376186609268188
2,4,128,74,0.5595682859420776,0.17069187760353088
2,4,128,75,0.5052138566970825,0.21471624076366425
2,4,128,76,0.5867131352424622,0.17475451529026031
2,4,128,77,0.7184691429138184,0.2006574273109436
2,4,128,78,0.5292223691940308,0.16763155162334442
2,4,128,79,0.2673369348049164,0.165012389421463
2,4,128,80,0.6454313397407532,0.09107190370559692
2,4,128,81,0.5724155306816101,0.25255823135375977
2,4,128,82,0.4595462679862976,0.15737608075141907
2,4,128,83,0.6531713008880615,0.21248182654380798
2,4,128,84,0.4318091869354248,0.12423066049814224
2,4,128,85,0.630775511264801,0.34398624300956726
2,4,128,86,0.4928564727306366,0.20028530061244965
2,4,128,87,0.2771264910697937,0.2003657966852188
2,4,128,88,0.6784433126449585,0.3100512623786926
2,4,128,89,0.7121425867080688,0.08953451365232468
2,4,128,90,0.8168021440505981,0.12533441185951233
2,4,128,91,0.5835758447647095,0.17372773587703705
2,4,128,92,0.6118366122245789,0.31362080574035645
2,4,128,93,0.5242530703544617,0.16676464676856995
2,4,128,94,0.7162976861000061,0.06616227328777313
2,4,128,95,0.6786363124847412,0.18437087535858154
2,4,128,96,0.4852665066719055,0.1658923178911209
2,4,128,97,0.6549022793769836,0.24659790098667145
2,4,128,98,0.8097690343856812,0.08162059634923935
2,4,128,99,0.5339259505271912,0.1364896595478058
2,4,128,100,0.7333588600158691,0.2679208219051361
2,4,128,101,0.4257429838180542,0.1810106635093689
2,4,128,102,0.45125630497932434,0.14932624995708466
2,4,128,103,0.7326669692993164,0.07890085875988007
2,4,128,104,0.7702507376670837,0.11388283967971802
2,4,128,105,0.26698389649391174,0.21799403429031372
2,4,128,106,0.6667798757553101,0.14221706986427307
2,4,128,107,0.5646303296089172,0.1675398051738739
2,4,128,108,0.7311670780181885,0.2161678820848465
2,4,128,109,0.7532342672348022,0.10524634271860123
2,4,128,110,0.28272244334220886,0.2229999452829361
2,4,128,111,0.6479683518409729,0.15806835889816284
2,4,128,112,0.30155840516090393,0.30032414197921753
2,4,128,113,0.5283794403076172,0.15594619512557983
2,4,128,114,0.39232754707336426,0.23861074447631836
2,4,128,115,0.5494515895843506,0.23985004425048828
2,4,128,116,0.7868136763572693,0.14485985040664673
2,4,128,117,0.4864400625228882,0.13398700952529907
2,4,128,118,0.5870416164398193,0.27671927213668823
2,4,128,119,0.7589530944824219,0.15837666392326355
2,4,128,120,0.5434914827346802,0.10643822699785233
2,4,128,121,0.5768792033195496,0.1604725420475006
2,4,128,122,0.39589056372642517,0.19689473509788513
2,4,128,123,0.28328439593315125,0.11280038207769394
2,4,128,124,0.6473520994186401,0.13598570227622986
2,4,128,125,0.26133668422698975,0.1140972226858139
2,4,128,126,0.6494317650794983,0.15224377810955048
2,4,128,127,0.6438145041465759,0.30256059765815735
2,5,128,0,0.7126641273498535,0.27863603830337524
2,5,128,1,0.6867587566375732,0.09533873945474625
2,5,128,2,0.6914697885513306,0.31992679834365845
2,5,128,3,0.8807966113090515,0.1245175451040268
2,5,128,4,0.7932194471359253,0.17651815712451935
2,5,128,5,0.8447621464729309,0.08566804230213165
2,5,128,6,0.8769384622573853,0.11411963403224945
2,5,128,7,0.4010215997695923,0.18710626661777496
2,5,128,8,0.6229297518730164,0.2004929631948471
2,5,128,9,0.8699573278427124,0.09152918308973312
2,5,128,10,0.8786087036132812,0.11769774556159973
2,5,128,11,0.8045970797538757,0.16512595117092133
2,5,128,12,0.8102054595947266,0.18845517933368683
2,5,128,13,0.8595596551895142,0.09709277749061584
2,5,128,14,0.7436560392379761,0.0835917741060257
2,5,128,15,0.7160152196884155,0.1853650063276291
2,5,128,16,0.7746942043304443,0.2179548442363739
2,5,128,17,0.8292105793952942,0.11950790137052536
2,5,128,18,0.8149477243423462,0.050498802214860916
2,5,128,19,0.7819284796714783,0.1148548498749733
2,5,128,20,0.7959347367286682,0.18237020075321198
2,5,128,21,0.32227450609207153,0.2314811497926712
2,5,128,22,0.3010596036911011,0.22820058465003967
2,5,128,23,0.7262427806854248,0.269971638917923
2,5,128,24,0.842366099357605,0.09070894122123718
2,5,128,25,0.6265779137611389,0.15598033368587494
2,5,128,26,0.43937012553215027,0.18827486038208008
2,5,128,27,0.7630007863044739,0.1616666167974472
2,5,128,28,0.7191635370254517,0.2679891884326935
2,5,128,29,0.6349201202392578,0.1613430380821228
2,5,128,30,0.49020111560821533,0.35016798973083496
2,5,128,31,0.7927379012107849,0.07435675710439682
2,5,128,32,0.8488144874572754,0.05912650004029274
2,5,128,33,0.8976052403450012,0.07808908075094223
2,5,128,34,0.569391667842865,0.15734754502773285
2,5,128,35,0.6673566699028015,0.3392409384250641
2,5,128,36,0.5176836252212524,0.21989089250564575
2,5,128,37,0.4401739835739136,0.25730082392692566
2,5,128,38,0.7837673425674438,0.08903803676366806
2,5,128,39,0.8767390847206116,0.11756794154644012
2,5,128,40,0.5833530426025391,0.15416094660758972
2,5,128,41,0.7946241497993469,0.17071883380413055
2,5,128,42,0.8463941812515259,0.11516152322292328
2,5,128,43,0.8819589018821716,0.07843950390815735
2,5,128,44,0.41215604543685913,0.27478721737861633
2,5,128,45,0.8714466094970703,0.07576895505189896
2,5,128,46,0.8908916115760803,0.0694160908460617
2,5,128,47,0.32724475860595703,0.16748934984207153
2,5,128,48,0.6424127817153931,0.13429240882396698
2,5,128,49,0.82808917760849,0.09384851157665253
2,5,128,50,0.5573551654815674,0.21624475717544556
2,5,128,51,0.7496936917304993,0.1796780526638031
2,5,128,52,0.6285447478294373,0.11891912668943405
2,5,128,53,0.47897520661354065,0.24893726408481598
2,5,128,54,0.4548703134059906,0.27078676223754883
2,5,128,55,0.5765849947929382,0.07990975677967072
2,5,128,56,0.473775714635849,0.2385254204273224
2,5,128,57,0.4954959452152252,0.1891123503446579
2,5,128,58,0.7134918570518494,0.2684248387813568
2,5,128,59,0.7840920090675354,0.07621145248413086
2,5,128,60,0.8742831349372864,0.11898127943277359
2,5,128,61,0.7961952686309814,0.16005319356918335
2,5,128,62,0.8536545038223267,0.09654419124126434
2,5,128,63,0.8499336242675781,0.15579621493816376
2,5,128,64,0.8516345024108887,0.11959213763475418
2,5,128,65,0.6888695359230042,0.09671958535909653
2,5,128,66,0.8692295551300049,0.1132160946726799
2,5,128,67,0.7245475649833679,0.15886324644088745
2,5,128,68,0.8874173164367676,0.07381269335746765
2,5,128,69,0.4179360270500183,0.34683993458747864
2,5,128,70,0.5254418849945068,0.1483813226222992
2,5,128,71,0.7933676242828369,0.07248171418905258
2,5,128,72,0.713749349117279,0.09848251193761826
2,5,128,73,0.9022331833839417,0.0771159902215004
2,5,128,74,0.7776761054992676,0.19937875866889954
2,5,128,75,0.435000479221344,0.228667750954628
2,5,128,76,0.81710284948349,0.09048599749803543
2,5,128,77,0.4059213697910309,0.27449819445610046
2,5,128,78,0.7996959686279297,0.18775849044322968
2,5,128,79,0.47286128997802734,0.2541806101799011
2,5,128,80,0.37263813614845276,0.32476183772087097
2,5,128,81,0.7984174489974976,0.15456891059875488
2,5,128,82,0.3886301517486572,0.34411028027534485
2,5,128,83,0.8064958453178406,0.09674610197544098
2,5,128,84,0.7330169677734375,0.2889406681060791
2,5,128,85,0.8557307720184326,0.13484042882919312
2,5,128,86,0.8850806951522827,0.06568219512701035
2,5,128,87,0.5502044558525085,0.2139519304037094
2,5,128,88,0.8178405165672302,0.17563293874263763
2,5,128,89,0.8844165802001953,0.08378461003303528
2,5,128,90,0.9002732038497925,0.08659086376428604
2,5,128,91,0.3582143187522888,0.14356555044651031
2,5,128,92,0.7568067312240601,0.16533833742141724
2,5,128,93,0.7482377886772156,0.2420855462551117
2,5,128,94,0.7480887770652771,0.23178265988826752
2,5,128,95,0.734050452709198,0.2639572322368622
2,5,128,96,0.8107678890228271,0.19064487516880035
2,5,128,97,0.8846498727798462,0.09332036972045898
2,5,128,98,0.8672240972518921,0.12582729756832123
2,5,128,99,0.8133676052093506,0.10439149290323257
2,5,128,100,0.44360023736953735,0.09263759106397629
2,5,128,101,0.6477164626121521,0.06331980973482132
2,5,128,102,0.4588053524494171,0.1951296478509903
2,5,128,103,0.7053045630455017,0.22489804029464722
2,5,128,104,0.8882758021354675,0.08169592171907425
2,5,128,105,0.892638087272644,0.06877075880765915
2,5,128,106,0.773564875125885,0.15599705278873444
2,5,128,107,0.8038226366043091,0.1989448219537735
2,5,128,108,0.8926377296447754,0.0845387801527977
2,5,128,109,0.7491568922996521,0.1437961906194687
2,5,128,110,0.35907110571861267,0.3244354724884033
2,5,128,111,0.6625882983207703,0.08072372525930405
2,5,128,112,0.8422545790672302,0.12827864289283752
2,5,128,113,0.34608444571495056,0.29218190908432007
2,5,128,114,0.7403232455253601,0.12796728312969208
2,5,128,115,0.8645200133323669,0.09080769121646881
2,5,128,116,0.7679149508476257,0.08896738290786743
2,5,128,117,0.7642214894294739,0.17631500959396362
2,5,128,118,0.3729354441165924,0.20584265887737274
2,5,128,119,0.8690640330314636,0.12597641348838806
2,5,128,120,0.651346743106842,0.16758786141872406
2,5,128,121,0.5796319842338562,0.12119004130363464
2,5,128,122,0.6827777028083801,0.10329010337591171
2,5,128,123,0.7149843573570251,0.28038087487220764
2,5,128,124,0.8765757083892822,0.09363352507352829
2,5,128,125,0.33911389112472534,0.30259448289871216
2,5,128,126,0.3380885720252991,0.2964393198490143
2,5,128,127,0.5496625304222107,0.2308969646692276
3,0,32,0,0.6060085296630859,0.08947563171386719
3,0,32,1,0.6093348860740662,0.08097292482852936
3,0,32,2,0.611874520778656,0.08905470371246338
3,0,32,3,0.4434089958667755,0.1297132521867752
3,0,32,4,0.6791569590568542,0.08045494556427002
3,0,32,5,0.5289703011512756,0.1382320523262024
3,0,32,6,0.5298766493797302,0.07293355464935303
3,0,32,7,0.4358460307121277,0.12096055597066879
3,0,32,8,0.45650726556777954,0.1388915628194809
3,0,32,9,0.3112744688987732,0.10114795714616776
3,0,32,10,0.44514572620391846,0.07822088897228241
3,0,32,11,0.3878825306892395,0.13746289908885956
3,0,32,12,0.4384020268917084,0.08625827729701996
3,0,32,13,0.44203242659568787,0.11328427493572235
3,0,32,14,0.3764899969100952,0.11781352758407593
3,0,32,15,0.4814789593219757,0.045716751366853714
3,0,32,16,0.5355858206748962,0.1410970687866211
3,0,32,17,0.42839470505714417,0.17232857644557953
3,0,32,18,0.5215479135513306,0.10265076160430908
3,0,32,19,0.5403470396995544,0.08554889261722565
3,0,32,20,0.5233145952224731,0.06380586326122284
3,0,32,21,0.4975475072860718,0.05525030195713043
3,0,32,22,0.4153420627117157,0.17023609578609467
3,0,32,23,0.4650905728340149,0.0968378335237503
3,0,32,24,0.3964952528476715,0.09575799852609634
3,0,32,25,0.4152054190635681,0.07226163148880005
3,0,32,26,0.6706920862197876,0.10238543897867203
3,0,32,27,0.5713774561882019,0.066562719643116
3,0,32,28,0.6625082492828369,0.09401955455541611
3,0,32,29,0.6482542157173157,0.07994629442691803
3,0,32,30,0.38858649134635925,0.09324222803115845
3,0,32,31,0.46901392936706543,0.14940838515758514
3,1,32,0,0.4717201590538025,0.10380104184150696
3,1,32,1,0.4505104422569275,0.1204412654042244
3,1,32,2,0.4936831593513489,0.13313646614551544
3,1,32,3,0.4160540699958801,0.08959703892469406
3,1,32,4,0.5668336153030396,0.11368812620639801
3,1,32,5,0.6313058733940125,0.04951465129852295
3,1,32,6,0.4067994952201843,0.09802593290805817
3,1,32,7,0.4670604467391968,0.10798152536153793
3,1,32,8,0.49600276350975037,0.10823839902877808
3,1,32,9,0.5208667516708374,0.14428745210170746
3,1,32,10,0.42777687311172485,0.10104643553495407
3,1,32,11,0.4171189069747925,0.16067194938659668
3,1,32,12,0.5565817356109619,0.08062735944986343
3,1,32,13,0.5206766128540039,0.15309123694896698
3,1,32,14,0.4553128778934479,0.07228007167577744
3,1,32,15,0.5464670658111572,0.15378530323505402
3,1,32,16,0.5090698003768921,0.17515204846858978
3,1,32,17,0.517761766910553,0.05553364008665085
3,1,32,18,0.5235871076583862,0.12434307485818863
3,1,32,19,0.4799310863018036,0.07552243769168854
3,1,32,20,0.5739591121673584,0.07986319065093994
3,1,32,21,0.5974677205085754,0.09664871543645859
3,1,32,22,0.6501098275184631,0.07711658626794815
3,1,32,23,0.4052486717700958,0.04709648713469505
3,1,32,24,0.3465036153793335,0.06529052555561066
3,1,32,25,0.5549593567848206,0.08171892911195755
3,1,32,26,0.5244815945625305,0.14852477610111237
3,1,32,27,0.47704049944877625,0.07173699140548706
3,1,32,28,0.5114736557006836,0.10904444009065628
3,1,32,29,0.5281134843826294,0.12064594030380249
3,1,32,30,0.49222680926322937,0.11214911937713623
3,1,32,31,0.5469671487808228,0.0646471306681633
3,2,64,0,0.604784369468689,0.16983190178871155
3,2,64,1,0.5566821694374084,0.15027453005313873
3,2,64,2,0.42179688811302185,0.11645381897687912
3,2,64,3,0.5063685774803162,0.14062315225601196
3,2,64,4,0.4997752904891968,0.13527336716651917
3,2,64,5,0.6153127551078796,0.17100949585437775
3,2,64,6,0.5411374568939209,0.1530437171459198
3,2,64,7,0.5578644275665283,0.136366605758667
3,2,64,8,0.5062552690505981,0.1263808012008667
3,2,64,9,0.5330366492271423,0.11823756247758865
3,2,64,10,0.43584296107292175,0.16335077583789825
3,2,64,11,0.6216007471084595,0.06587367504835129
3,2,64,12,0.5091134309768677,0.14059418439865112
3,2,64,13,0.4523863196372986,0.11113456636667252
3,2,64,14,0.4816933572292328,0.24751459062099457
3,2,64,15,0.5067402720451355,0.12539860606193542
3,2,64,16,0.45750123262405396,0.10922549664974213
3,2,64,17,0.637483537197113,0.12743349373340607
3,2,64,18,0.39652588963508606,0.11295492947101593
3,2,64,19,0.5841779708862305,0.14997409284114838
3,2,64,20,0.47556519508361816,0.13515479862689972
3,2,64,21,0.5432898998260498,0.16360707581043243
3,2,64,22,0.6992530822753906,0.14228467643260956
3,2,64,23,0.5449634194374084,0.10760627686977386
3,2,64,24,0.5322391986846924,0.12610939145088196
3,2,64,25,0.4441389739513397,0.15314389765262604
3,2,64,26,0.4780416786670685,0.12657485902309418
3,2,64,27,0.5945329666137695,0.0978628471493721
3,2,64,28,0.42449072003364563,0.18531058728694916
3,2,64,29,0.5470232963562012,0.08268573880195618
3,2,64,30,0.5316829085350037,0.18973828852176666
3,2,64,31,0.35613328218460083,0.13370871543884277
3,2,64,32,0.476982444524765,0.18642865121364594
3,2,64,33,0.4095049500465393,0.12207384407520294
3,2,64,34,0.5015830397605896,0.2055646777153015
3,2,64,35,0.6709140539169312,0.13304439187049866
3,2,64,36,0.5661596059799194,0.1107230857014656
3,2,64,37,0.5025510191917419,0.1886282116174698
3,2,64,38,0.4826068878173828,0.17409232258796692
3,2,64,39,0.43772149085998535,0.16187357902526855
3,2,64,40,0.41415804624557495,0.12698224186897278
3,2,64,41,0.46597835421562195,0.15440633893013
3,2,64,42,0.4486595690250397,0.12896136939525604
3,2,64,43,0.41994011402130127,0.20562265813350677
3,2,64,44,0.26311391592025757,0.10351019352674484
3,2,64,45,0.5784381031990051,0.20700210332870483
3,2,64,46,0.6376771330833435,0.12910021841526031
3,2,64,47,0.487336128950119,0.14310236275196075
3,2,64,48,0.5406908392906189,0.17053990066051483
3,2,64,49,0.4377657175064087,0.19877101480960846
3,2,64,50,0.5956192016601562,0.13674740493297577
3,2,64,51,0.443405419588089,0.11555017530918121
3,2,64,52,0.5572202801704407,0.19992737472057343
3,2,64,53,0.31418973207473755,0.07359880208969116
3,2,64,54,0.4428352415561676,0.16867496073246002
3,2,64,55,0.42507204413414,0.13845863938331604
3,2,64,56,0.41914209723472595,0.17052456736564636
3,2,64,57,0.4755586087703705,0.2502993643283844
3,2,64,58,0.6749138236045837,0.15797823667526245
3,2,64,59,0.445351243019104,0.09197676926851273
3,2,64,60,0.45523256063461304,0.15247802436351776
3,2,64,61,0.4815939962863922,0.2411269098520279
3,2,64,62,0.5935091376304626,0.15630130469799042
3,2,64,63,0.4093630611896515,0.17102697491645813
3,3,64,0,0.5054978728294373,0.18508070707321167
3,3,64,1,0.3634352385997772,0.23746414482593536
3,3,64,2,0.579953134059906,0.3334585130214691
3,3,64,3,0.42136654257774353,0.07139422744512558
3,3,64,4,0.49189212918281555,0.062403202056884766
3,3,64,5,0.36714968085289,0.1038517951965332
3,3,64,6,0.5849269032478333,0.20655366778373718
3,3,64,7,0.38590678572654724,0.22278812527656555
3,3,64,8,0.4129874110221863,0.2487102448940277
3,3,64,9,0.5266660451889038,0.10912668704986572
3,3,64,10,0.642704427242279,0.10041327774524689
3,3,64,11,0.36343225836753845,0.06298644840717316
3,3,64,12,0.4469175934791565,0.10488811135292053
3,3,64,13,0.4317431151866913,0.1203349307179451
3,3,64,14,0.5721510052680969,0.19148097932338715
3,3,64,15,0.474181205034256,0.12841500341892242
3,3,64,16,0.3867208957672119,0.296616792678833
3,3,64,17,0.559057891368866,0.2380930632352829
3,3,64,18,0.6816758513450623,0.07741855829954147
3,3,64,19,0.31090807914733887,0.08612452447414398
3,3,64,20,0.39152422547340393,0.2544618248939514
3,3,64,21,0.6207641959190369,0.06477239727973938
3,3,64,22,0.5481022596359253,0.26813119649887085
3,3,64,23,0.3575311601161957,0.12885074317455292
3,3,64,24,0.5895770192146301,0.22145184874534607
3,3,64,25,0.6275746822357178,0.29755833745002747
3,3,64,26,0.3018297255039215,0.18532820045948029
3,3,64,27,0.4794606566429138,0.14399832487106323
3,3,64,28,0.4286401867866516,0.21208560466766357
3,3,64,29,0.7237358689308167,0.09413927048444748
3,3,64,30,0.48390844464302063,0.16058945655822754
3,3,64,31,0.5977324843406677,0.18957705795764923
3,3,64,32,0.5939273834228516,0.09427894651889801
3,3,64,33,0.2990863621234894,0.09481646120548248
3,3,64,34,0.6446442604064941,0.1809685379266739
3,3,64,35,0.35917675495147705,0.08968962728977203
3,3,64,36,0.5977020859718323,0.08126815408468246
3,3,64,37,0.3313063681125641,0.21861116588115692
3,3,64,38,0.6016469597816467,0.3310158848762512
3,3,64,39,0.5704519748687744,0.13233688473701477
3,3,64,40,0.56334388256073,0.15604953467845917
3,3,64,41,0.7279881834983826,0.1794556975364685
3,3,64,42,0.5259073972702026,0.09760501980781555
3,3,64,43,0.25553980469703674,0.08729658275842667
3,3,64,44,0.4445834755897522,0.07952546328306198
3,3,64,45,0.5854640603065491,0.10618718713521957
3,3,64,46,0.6468485593795776,0.22860804200172424
3,3,64,47,0.4806861877441406,0.13043099641799927
3,3,64,48,0.5826391577720642,0.09050393104553223
3,3,64,49,0.49826744198799133,0.12745743989944458
3,3,64,50,0.45247596502304077,0.2287217229604721
3,3,64,51,0.5751586556434631,0.06741978973150253
3,3,64,52,0.5414257645606995,0.2194894403219223
3,3,64,53,0.6108707785606384,0.08422756940126419
3,3,64,54,0.3929644227027893,0.1742439866065979
3,3,64,55,0.6096391677856445,0.1549139767885208
3,3,64,56,0.47174492478370667,0.15087483823299408
3,3,64,57,0.38407018780708313,0.09690747410058975
3,3,64,58,0.5408374667167664,0.17309844493865967
3,3,64,59,0.40626177191734314,0.30493396520614624
3,3,64,60,0.6298159956932068,0.16894693672657013
3,3,64,61,0.4703388810157776,0.12468995153903961
3,3,64,62,0.4983242154121399,0.11681582033634186
3,3,64,63,0.371957391500473,0.23702691495418549
3,4,128,0,0.7246694564819336,0.09506753087043762
3,4,128,1,0.6438093185424805,0.070696160197258
3,4,128,2,0.6622219085693359,0.10596709698438644
3,4,128,3,0.746349036693573,0.25899606943130493
3,4,128,4,0.7851068377494812,0.1293581873178482
3,4,128,5,0.512980043888092,0.2101210355758667
3,4,128,6,0.7588064670562744,0.2938736081123352
3,4,128,7,0.31603145599365234,0.07060979306697845
3,4,128,8,0.6080431342124939,0.20051288604736328
3,4,128,9,0.2812304198741913,0.12098594009876251
3,4,128,10,0.4100099802017212,0.17341560125350952
3,4,128,11,0.40724432468414307,0.10515490919351578
3,4,128,12,0.6126390695571899,0.2269558161497116
3,4,128,13,0.6941126585006714,0.16298329830169678
3,4,128,14,0.6836527585983276,0.13125912845134735
3,4,128,15,0.637839674949646,0.1474330872297287
3,4,128,16,0.47829166054725647,0.22779874503612518
3,4,128,17,0.41332122683525085,0.2305656224489212
3,4,128,18,0.5137335062026978,0.0685025006532669
3,4,128,19,0.6421812176704407,0.10035564005374908
3,4,128,20,0.4907030761241913,0.113021120429039
3,4,128,21,0.6251397728919983,0.25633078813552856
3,4,128,22,0.46058839559555054,0.31481197476387024
3,4,128,23,0.6572835445404053,0.24199387431144714
3,4,128,24,0.6037837266921997,0.21497106552124023
3,4,128,25,0.42836102843284607,0.1799999177455902
3,4,128,26,0.8114763498306274,0.0995868369936943
3,4,128,27,0.4753423035144806,0.2529814541339874
3,4,128,28,0.7314664721488953,0.3219296932220459
3,4,128,29,0.30388393998146057,0.2546113431453705
3,4,128,30,0.725319504737854,0.3245238959789276
3,4,128,31,0.44086483120918274,0.1883203238248825
3,4,128,32,0.30497750639915466,0.10318396985530853
3,4,128,33,0.6661677956581116,0.12070774286985397
3,4,128,34,0.6189417243003845,0.26863595843315125
3,4,128,35,0.31346726417541504,0.07493450492620468
3,4,128,36,0.5508592128753662,0.23301802575588226
3,4,128,37,0.5880812406539917,0.18049398064613342
3,4,128,38,0.719641923904419,0.09991718083620071
3,4,128,39,0.6362512111663818,0.10307525843381882
3,4,128,40,0.43356558680534363,0.23847895860671997
3,4,128,41,0.5499821901321411,0.17946843802928925
3,4,128,42,0.6612130403518677,0.10919700562953949
3,4,128,43,0.7425631284713745,0.12148641794919968
3,4,128,44,0.8110948204994202,0.1292683631181717
3,4,128,45,0.5230588316917419,0.26395830512046814
3,4,128,46,0.5742862224578857,0.18780530989170074
3,4,128,47,0.5521445274353027,0.20759010314941406
3,4,128,48,0.6495705842971802,0.2482416182756424
3,4,128,49,0.43622103333473206,0.2202916294336319
3,4,128,50,0.33652740716934204,0.2583240270614624
3,4,128,51,0.6048585176467896,0.12342587858438492
3,4,128,52,0.5284243226051331,0.21298466622829437
3,4,128,53,0.30107247829437256,0.0899442806839943
3,4,128,54,0.736598014831543,0.09403201937675476
3,4,128,55,0.5351716876029968,0.20063599944114685
3,4,128,56,0.5964676141738892,0.16242031753063202
3,4,128,57,0.2916288375854492,0.1740720272064209
3,4,128,58,0.5843570828437805,0.17109398543834686
3,4,128,59,0.7087666392326355,0.2860521376132965
3,4,128,60,0.5378205180168152,0.30859366059303284
3,4,128,61,0.3578420579433441,0.07757513225078583
3,4,128,62,0.7091635465621948,0.12836572527885437
3,4,128,63,0.5611366033554077,0.3142281472682953
3,4,128,64,0.6108829975128174,0.11319907009601593
3,4,128,65,0.3272150158882141,0.20521211624145508
3,4,128,66,0.40497756004333496,0.09141209721565247
3,4,128,67,0.5160912871360779,0.2424541413784027
3,4,128,68,0.8645622730255127,0.09284404665231705
3,4,128,69,0.6273402571678162,0.2123047411441803
3,4,128,70,0.4228704869747162,0.24039649963378906
3,4,128,71,0.4472968578338623,0.08632849901914597
3,4,128,72,0.5191490054130554,0.30065271258354187
3,4,128,73,0.76130211353302,0.17913298308849335
3,4,128,74,0.603137731552124,0.2781140208244324
3,4,128,75,0.5091494917869568,0.19981755316257477
3,4,128,76,0.5466862916946411,0.14172354340553284
3,4,128,77,0.5337242484092712,0.2615099549293518
3,4,128,78,0.3360865116119385,0.3042187988758087
3,4,128,79,0.6703538298606873,0.129616379737854
3,4,128,80,0.6034485697746277,0.19741429388523102
3,4,128,81,0.6656917333602905,0.05766826122999191
3,4,128,82,0.5781769156455994,0.17350076138973236
3,4,128,83,0.5296342968940735,0.08937408775091171
3,4,128,84,0.5507773160934448,0.11623619496822357
3,4,128,85,0.53825443983078,0.22746938467025757
3,4,128,86,0.5738441944122314,0.07102572172880173
3,4,128,87,0.7682165503501892,0.2138279676437378
3,4,128,88,0.42346668243408203,0.2134227305650711
3,4,128,89,0.5149438977241516,0.20835381746292114
3,4,128,90,0.5376653075218201,0.16500157117843628
3,4,128,91,0.8348007202148438,0.12883448600769043
3,4,128,92,0.6661937832832336,0.24039262533187866
3,4,128,93,0.6525481939315796,0.0861070305109024
3,4,128,94,0.49855709075927734,0.16449029743671417
3,4,128,95,0.7369573712348938,0.06629166752099991
3,4,128,96,0.4138243496417999,0.2780055105686188
3,4,128,97,0.637387216091156,0.24963581562042236
3,4,128,98,0.4097635746002197,0.2431534230709076
3,4,128,99,0.6116469502449036,0.09978421777486801
3,4,128,100,0.5807972550392151,0.06525719910860062
3,4,128,101,0.5123798847198486,0.22307266294956207
3,4,128,102,0.5004538297653198,0.1406678706407547
3,4,128,103,0.7630086541175842,0.10628760606050491
3,4,128,104,0.440165251493454,0.24544449150562286
3,4,128,105,0.6988347172737122,0.1298217475414276
3,4,128,106,0.7048682570457458,0.27017056941986084
3,4,128,107,0.7085078954696655,0.07823003083467484
3,4,128,108,0.2855917513370514,0.14253059029579163
3,4,128,109,0.6105706095695496,0.23004433512687683
3,4,128,110,0.8320501446723938,0.11728250235319138
3,4,128,111,0.4108281433582306,0.2800275683403015
3,4,128,112,0.536065399646759,0.1579943597316742
3,4,128,113,0.3327934145927429,0.11001748591661453
3,4,128,114,0.4391445517539978,0.134048730134964
3,4,128,115,0.697823166847229,0.2504289746284485
3,4,128,116,0.6357591152191162,0.24098865687847137
3,4,128,117,0.44764944911003113,0.22381725907325745
3,4,128,118,0.7246429920196533,0.16550704836845398
3,4,128,119,0.5923363566398621,0.2442978322505951
3,4,128,120,0.7805646657943726,0.12579552829265594
3,4,128,121,0.6135901808738708,0.11562834680080414
3,4,128,122,0.7079170942306519,0.13968756794929504
3,4,128,123,0.3271007835865021,0.13986557722091675
3,4,128,124,0.6021552085876465,0.056604497134685516
3,4,128,125,0.4420972764492035,0.26215216517448425
3,4,128,126,0.5976812839508057,0.32863762974739075
3,4,128,127,0.6713235974311829,0.1284937709569931
3,5,128,0,0.8171284794807434,0.1398913562297821
3,5,128,1,0.8484431505203247,0.12393258512020111
3,5,128,2,0.8756976127624512,0.09976111352443695
3,5,128,3,0.8408395051956177,0.17403589189052582
3,5,128,4,0.8881621360778809,0.08099478483200073
3,5,128,5,0.365280419588089,0.21803225576877594
3,5,128,6,0.8882434964179993,0.09573493152856827
3,5,128,7,0.8357762098312378,0.1359139382839203
3,5,128,8,0.8410710692405701,0.08629968017339706
3,5,128,9,0.391333669424057,0.33316534757614136
3,5,128,10,0.8202025294303894,0.10609783232212067
3,5,128,11,0.5988696813583374,0.21296796202659607
3,5,128,12,0.7856793999671936,0.1916511356830597
3,5,128,13,0.8762097954750061,0.10003679245710373
3,5,128,14,0.7373015284538269,0.22221480309963226
3,5,128,15,0.6513205170631409,0.17883525788784027
3,5,128,16,0.8780786991119385,0.06685519218444824
3,5,128,17,0.3106231987476349,0.18361632525920868
3,5,128,18,0.41819605231285095,0.23654459416866302
3,5,128,19,0.3765689730644226,0.31790080666542053
3,5,128,20,0.5633957386016846,0.1051158681511879
3,5,128,21,0.7007367014884949,0.14610502123832703
3,5,128,22,0.5875304341316223,0.2510027587413788
3,5,128,23,0.8507551550865173,0.11046617478132248
3,5,128,24,0.7964028716087341,0.1559230536222458
3,5,128,25,0.7561280131340027,0.13634954392910004
3,5,128,26,0.8380143642425537,0.13127848505973816
3,5,128,27,0.8482998013496399,0.09856493771076202
3,5,128,28,0.8514140248298645,0.08662522584199905
3,5,128,29,0.5158388018608093,0.18907880783081055
3,5,128,30,0.9054226279258728,0.08302665501832962
3,5,128,31,0.288632333278656,0.22110435366630554
3,5,128,32,0.5981248617172241,0.1330064833164215
3,5,128,33,0.7557415962219238,0.15663763880729675
3,5,128,34,0.7911500334739685,0.17982053756713867
3,5,128,35,0.7415251135826111,0.21237634122371674
3,5,128,36,0.8560071587562561,0.11337276548147202
3,5,128,37,0.8898904323577881,0.07492078840732574
3,5,128,38,0.8803720474243164,0.08177383244037628
3,5,128,39,0.8568029999732971,0.08823339641094208
3,5,128,40,0.4389001727104187,0.17724886536598206
3,5,128,41,0.6518828272819519,0.05325598642230034
3,5,128,42,0.8133503198623657,0.06490178406238556
3,5,128,43,0.7607866525650024,0.20794770121574402
3,5,128,44,0.8707191348075867,0.07011818140745163
3,5,128,45,0.7397790551185608,0.10572988539934158
3,5,128,46,0.6589560508728027,0.1655346006155014
3,5,128,47,0.7566307783126831,0.25921255350112915
3,5,128,48,0.7725659608840942,0.21613453328609467
3,5,128,49,0.7817213535308838,0.19351723790168762
3,5,128,50,0.2180263102054596,0.1803213357925415
3,5,128,51,0.728935718536377,0.24604979157447815
3,5,128,52,0.7387607097625732,0.10839971899986267
3,5,128,53,0.2474856972694397,0.21116787195205688
3,5,128,54,0.8136596083641052,0.10097476094961166
3,5,128,55,0.8158876299858093,0.16140441596508026
3,5,128,56,0.7667939066886902,0.12136906385421753
3,5,128,57,0.5314409136772156,0.22468899190425873
3,5,128,58,0.653632640838623,0.0704529657959938
3,5,128,59,0.8146936297416687,0.1812431514263153
3,5,128,60,0.6009405255317688,0.19681155681610107
3,5,128,61,0.8118270635604858,0.08974040299654007
3,5,128,62,0.8468937873840332,0.10505768656730652
3,5,128,63,0.7744956612586975,0.20359504222869873
3,5,128,64,0.4865689277648926,0.18070407211780548
3,5,128,65,0.23965053260326385,0.22578179836273193
3,5,128,66,0.29633304476737976,0.21485576033592224
3,5,128,67,0.3110126852989197,0.2493867427110672
3,5,128,68,0.8100497126579285,0.22062651813030243
3,5,128,69,0.8093023300170898,0.16122311353683472
3,5,128,70,0.35274213552474976,0.29909780621528625
3,5,128,71,0.795136570930481,0.1821882724761963
3,5,128,72,0.4293694496154785,0.2363525629043579
3,5,128,73,0.7590338587760925,0.183096781373024
3,5,128,74,0.7317023873329163,0.18947365880012512
3,5,128,75,0.8279256820678711,0.12034722417593002
3,5,128,76,0.6320140361785889,0.06434347480535507
3,5,128,77,0.8042548894882202,0.09294306486845016
3,5,128,78,0.7902763485908508,0.10240497440099716
3,5,128,79,0.65071040391922,0.14032958447933197
3,5,128,80,0.8017085790634155,0.1665353775024414
3,5,128,81,0.8086845874786377,0.11028333008289337
3,5,128,82,0.7799085378646851,0.2172679454088211
3,5,128,83,0.7317598462104797,0.12448715418577194
3,5,128,84,0.6668232679367065,0.23365819454193115
3,5,128,85,0.7066762447357178,0.0822409838438034
3,5,128,86,0.7859134078025818,0.1843104064464569
3,5,128,87,0.8077349662780762,0.23354081809520721
3,5,128,88,0.8166703581809998,0.13254480063915253
3,5,128,89,0.8197638988494873,0.08569145947694778
3,5,128,90,0.3887767791748047,0.228785440325737
3,5,128,91,0.7472514510154724,0.16147133708000183
3,5,128,92,0.7839608192443848,0.18778680264949799
3,5,128,93,0.7544980049133301,0.209572434425354
3,5,128,94,0.8125787973403931,0.07773126661777496
3,5,128,95,0.7986623048782349,0.16004817187786102
3,5,128,96,0.6401292681694031,0.09749969094991684
3,5,128,97,0.7725108861923218,0.2236875295639038
3,5,128,98,0.21687154471874237,0.16353119909763336
3,5,128,99,0.6370542645454407,0.03556224703788757
3,5,128,100,0.8325591683387756,0.18553844094276428
3,5,128,101,0.6509671807289124,0.16381607949733734
3,5,128,102,0.7915022373199463,0.19394108653068542
3,5,128,103,0.856785237789154,0.08590278029441833
3,5,128,104,0.8764205574989319,0.06657329201698303
3,5,128,105,0.49984094500541687,0.11977991461753845
3,5,128,106,0.7740439176559448,0.22123999893665314
3,5,128,107,0.8373647332191467,0.1867266595363617
3,5,128,108,0.6462430953979492,0.09316433221101761
3,5,128,109,0.8819664120674133,0.06312603503465652
3,5,128,110,0.8997631072998047,0.06576881557703018
3,5,128,111,0.7178800702095032,0.12064152956008911
3,5,128,112,0.8087646961212158,0.16715475916862488
3,5,128,113,0.4946092367172241,0.19801171123981476
3,5,128,114,0.6226547360420227,0.0893683061003685
3,5,128,115,0.8419653177261353,0.1698729544878006
3,5,128,116,0.7544558644294739,0.21834170818328857
3,5,128,117,0.44856375455856323,0.08231991529464722
3,5,128,118,0.8694776296615601,0.10626422613859177
3,5,128,119,0.4074857234954834,0.13697919249534607
3,5,128,120,0.8818569779396057,0.10759276151657104
3,5,128,121,0.7754161357879639,0.11617545038461685
3,5,128,122,0.7981272339820862,0.0811552181839943
3,5,128,123,0.7793675661087036,0.1421050727367401
3,5,128,124,0.6245903968811035,0.09627208858728409
3,5,128,125,0.5228939652442932,0.22012388706207275
3,5,128,126,0.37898680567741394,0.24474844336509705
3,5,128,127,0.8414637446403503,0.14029544591903687
4,0,32,0,0.5219562649726868,0.22262471914291382
4,0,32,1,0.5568920373916626,0.16208656132221222
4,0,32,2,0.6489668488502502,0.07654178142547607
4,0,32,3,0.5773725509643555,0.11865165084600449
4,0,32,4,0.5483705997467041,0.10254113376140594
4,0,32,5,0.3923575282096863,0.13859599828720093
4,0,32,6,0.5961853265762329,0.0927310511469841
4,0,32,7,0.4469955861568451,0.15456677973270416
4,0,32,8,0.6965389251708984,0.057358380407094955
4,0,32,9,0.4616106450557709,0.12735801935195923
4,0,32,10,0.6044654250144958,0.17342370748519897
4,0,32,11,0.5322414040565491,0.14167003333568573
4,0,32,12,0.5503973364830017,0.16838765144348145
4,0,32,13,0.45712751150131226,0.21247291564941406
4,0,32,14,0.5339547991752625,0.12270786613225937
4,0,32,15,0.3776392936706543,0.10297349095344543
4,0,32,16,0.5011804699897766,0.06443627178668976
4,0,32,17,0.3999005854129791,0.1278540939092636
4,0,32,18,0.2931053042411804,0.0969976931810379
4,0,32,19,0.4709831476211548,0.17171907424926758
4,0,32,20,0.32424652576446533,0.12248414754867554
4,0,32,21,0.510235071182251,0.02097373828291893
4,0,32,22,0.5519145131111145,0.17318110167980194
4,0,32,23,0.49349474906921387,0.11861847341060638
4,0,32,24,0.49918684363365173,0.06221897155046463
4,0,32,25,0.6076301336288452,0.11849323660135269
4,0,32,26,0.5619135499000549,0.11644221842288971
4,0,32,27,0.4953216314315796,0.11048206686973572
4,0,32,28,0.6223465204238892,0.09823960810899734
4,0,32,29,0.5321446061134338,0.08819623291492462
4,0,32,30,0.43334051966667175,0.10309113562107086
4,0,32,31,0.5060754418373108,0.12075275927782059
4,1,32,0,0.5875094532966614,0.08506350219249725
4,1,32,1,0.5891302824020386,0.19874602556228638
4,1,32,2,0.6379061937332153,0.07105317711830139
4,1,32,3,0.4517457187175751,0.09069345146417618
4,1,32,4,0.5323203206062317,0.09428303688764572
4,1,32,5,0.6023804545402527,0.10215489566326141
4,1,32,6,0.5214949250221252,0.07224828749895096
4,1,32,7,0.5052472352981567,0.14370478689670563
4,1,32,8,0.6273089647293091,0.10684061050415039
4,1,32,9,0.42504796385765076,0.11598586291074753
4,1,32,10,0.6292312145233154,0.11054243892431259
4,1,32,11,0.6050536632537842,0.13072587549686432
4,1,32,12,0.4638160467147827,0.19923830032348633
4,1,32,13,0.44851601123809814,0.08387181907892227
4,1,32,14,0.5176824331283569,0.18865914642810822
4,1,32,15,0.525543749332428,0.1332661360502243
4,1,32,16,0.40542760491371155,0.03399021551012993
4,1,32,17,0.5723155736923218,0.1086658462882042
4,1,32,18,0.4175858497619629,0.14749984443187714
4,1,32,19,0.4754326343536377,0.22362111508846283
4,1,32,20,0.5273341536521912,0.05090327560901642
4,1,32,21,0.5223421454429626,0.18763503432273865
4,1,32,22,0.5795612931251526,0.22632305324077606
4,1,32,23,0.6387009620666504,0.10042194277048111
4,1,32,24,0.4882977604866028,0.03720831125974655
4,1,32,25,0.5598866939544678,0.0597330667078495
4,1,32,26,0.48608168959617615,0.1720951348543167
4,1,32,27,0.4501933455467224,0.05386318266391754
4,1,32,28,0.6031292080879211,0.05781598016619682
4,1,32,29,0.40785476565361023,0.12095027416944504
4,1,32,30,0.4048515558242798,0.11602460592985153
4,1,32,31,0.46968787908554077,0.1769624948501587
4,2,64,0,0.6353851556777954,0.11545222252607346
4,2,64,1,0.47623729705810547,0.08303051441907883
4,2,64,2,0.442457914352417,0.08003968000411987
4,2,64,3,0.6543234586715698,0.08542955666780472
4,2,64,4,0.3942893147468567,0.09849141538143158
4,2,64,5,0.4535355269908905,0.05087814852595329
4,2,64,6,0.4140017330646515,0.16439485549926758
4,2,64,7,0.6085595488548279,0.10493335872888565
4,2,64,8,0.518492579460144,0.10892694443464279
4,2,64,9,0.5207454562187195,0.07071402668952942
4,2,64,10,0.5051376819610596,0.10009486973285675
4,2,64,11,0.5224130749702454,0.20805923640727997
4,2,64,12,0.39324474334716797,0.17305997014045715
4,2,64,13,0.5313880443572998,0.10252299159765244
4,2,64,14,0.6043357849121094,0.11486484855413437
4,2,64,15,0.5539106726646423,0.06351373344659805
4,2,64,16,0.48442018032073975,0.05298400670289993
4,2,64,17,0.5017842650413513,0.17197595536708832
4,2,64,18,0.4741518795490265,0.14956937730312347
4,2,64,19,0.48226988315582275,0.11111725121736526
4,2,64,20,0.5437595248222351,0.10295699536800385
4,2,64,21,0.44147971272468567,0.1122841089963913
4,2,64,22,0.6116564869880676,0.15120907127857208
4,2,64,23,0.4551803469657898,0.13803942501544952
4,2,64,24,0.5656882524490356,0.17418821156024933
4,2,64,25,0.5629853010177612,0.08324011415243149
4,2,64,26,0.42297619581222534,0.02699892409145832
4,2,64,27,0.47309622168540955,0.14832942187786102
4,2,64,28,0.49656370282173157,0.08355118334293365
4,2,64,29,0.47540712356567383,0.13468866050243378
4,2,64,30,0.5625271797180176,0.08769948780536652
4,2,64,31,0.5904513597488403,0.1256180852651596
4,2,64,32,0.4927217364311218,0.0843588337302208
4,2,64,33,0.5691400766372681,0.07997669279575348
4,2,64,34,0.4739610552787781,0.2080167680978775
4,2,64,35,0.5706612467765808,0.1089497059583664
4,2,64,36,0.5163670778274536,0.18984737992286682
4,2,64,37,0.5782083868980408,0.17551560699939728
4,2,64,38,0.5436583757400513,0.14765696227550507
4,2,64,39,0.4373592138290405,0.1090325266122818
4,2,64,40,0.5571998357772827,0.15036162734031677
4,2,64,41,0.6062668561935425,0.11984105408191681
4,2,64,42,0.4406903088092804,0.08239798992872238
4,2,64,43,0.5284870266914368,0.09540772438049316
4,2,64,44,0.46895632147789,0.036444783210754395
4,2,64,45,0.5106741786003113,0.11792325973510742
4,2,64,46,0.5958724617958069,0.1397217959165573
4,2,64,47,0.442195326089859,0.10512113571166992
4,2,64,48,0.6025745868682861,0.143400639295578
4,2,64,49,0.5126348733901978,0.17917273938655853
4,2,64,50,0.5162939429283142,0.04441086947917938
4,2,64,51,0.5081598162651062,0.04819110408425331
4,2,64,52,0.47581711411476135,0.12249177694320679
4,2,64,53,0.6447569727897644,0.14849522709846497
4,2,64,54,0.4762818515300751,0.12988479435443878
4,2,64,55,0.49492260813713074,0.18706725537776947
4,2,64,56,0.5461320281028748,0.0947812870144844
4,2,64,57,0.426384299993515,0.09771941602230072
4,2,64,58,0.5359058380126953,0.06847404688596725
4,2,64,59,0.5151869058609009,0.14129650592803955
4,2,64,60,0.5774136185646057,0.21189343929290771
4,2,64,61,0.5777355432510376,0.06432653963565826
4,2,64,62,0.5437859892845154,0.08373728394508362
4,2,64,63,0.3958970010280609,0.04819493740797043
4,3,64,0,0.6788249015808105,0.08535746484994888
4,3,64,1,0.46695056557655334,0.16967462003231049
4,3,64,2,0.5947482585906982,0.08562559634447098
4,3,64,3,0.4867417514324188,0.16865438222885132
4,3,64,4,0.4931739866733551,0.12683193385601044
4,3,64,5,0.3966771364212036,0.0941321924328804
4,3,64,6,0.5287843346595764,0.24364136159420013
4,3,64,7,0.5884184241294861,0.16698062419891357
4,3,64,8,0.3907874524593353,0.10961257666349411
4,3,64,9,0.6312410831451416,0.09265254437923431
4,3,64,10,0.35444676876068115,0.15893355011940002
4,3,64,11,0.5571972131729126,0.1091897189617157
4,3,64,12,0.49588924646377563,0.2807057201862335
4,3,64,13,0.5341933965682983,0.1891687512397766
4,3,64,14,0.46957579255104065,0.15646494925022125
4,3,64,15,0.4249691367149353,0.17267341911792755
4,3,64,16,0.505903422832489,0.27048009634017944
4,3,64,17,0.5989714860916138,0.2944626808166504
4,3,64,18,0.4475238025188446,0.11869073659181595
4,3,64,19,0.4599097669124603,0.10342179983854294
4,3,64,20,0.4306125342845917,0.17645323276519775
4,3,64,21,0.6327371001243591,0.18123798072338104
4,3,64,22,0.3113998770713806,0.11189877241849899
4,3,64,23,0.3884861469268799,0.14974163472652435
4,3,64,24,0.43048009276390076,0.09382952749729156
4,3,64,25,0.5906956195831299,0.0795077458024025
4,3,64,26,0.3729029893875122,0.1195012629032135
4,3,64,27,0.5472394824028015,0.2664279639720917
4,3,64,28,0.46991124749183655,0.2379545420408249
4,3,64,29,0.41498520970344543,0.21330216526985168
4,3,64,30,0.5340244770050049,0.08211642503738403
4,3,64,31,0.5642684698104858,0.16653387248516083
4,3,64,32,0.5525464415550232,0.09044426679611206
4,3,64,33,0.5038359761238098,0.20768269896507263
4,3,64,34,0.6159967184066772,0.11272235214710236
4,3,64,35,0.5392140746116638,0.25684109330177307
4,3,64,36,0.38569989800453186,0.15863631665706635
4,3,64,37,0.5541001558303833,0.09435002505779266
4,3,64,38,0.49091169238090515,0.28582021594047546
4,3,64,39,0.4915817081928253,0.17888715863227844
4,3,64,40,0.4657234251499176,0.14115433394908905
4,3,64,41,0.5048633813858032,0.21770794689655304
4,3,64,42,0.7260741591453552,0.12487219274044037
4,3,64,43,0.5077605247497559,0.1850745975971222
4,3,64,44,0.6575834155082703,0.11666735261678696
4,3,64,45,0.4466591775417328,0.12604421377182007
4,3,64,46,0.2954854965209961,0.11141863465309143
4,3,64,47,0.5922256112098694,0.12123404443264008
4,3,64,48,0.4764500856399536,0.07263345271348953
4,3,64,49,0.5165926814079285,0.16557319462299347
4,3,64,50,0.4084024429321289,0.13051080703735352
4,3,64,51,0.49025848507881165,0.22448644042015076
4,3,64,52,0.5512220859527588,0.2001553177833557
4,3,64,53,0.4622400403022766,0.12493996322154999
4,3,64,54,0.5887833833694458,0.1802607923746109
4,3,64,55,0.601212203502655,0.15429756045341492
4,3,64,56,0.6540437936782837,0.08195630460977554
4,3,64,57,0.4626893401145935,0.23008768260478973
4,3,64,58,0.6336312890052795,0.12596766650676727
4,3,64,59,0.5254220366477966,0.1301378607749939
4,3,64,60,0.41492000222206116,0.12226331233978271
4,3,64,61,0.5146487951278687,0.11978557705879211
4,3,64,62,0.44451937079429626,0.13390885293483734
4,3,64,63,0.5114101767539978,0.18270991742610931
4,4,128,0,0.5820020437240601,0.1745651662349701
4,4,128,1,0.6384784579277039,0.20433175563812256
4,4,128,2,0.5490189790725708,0.1280413120985031
4,4,128,3,0.6001145243644714,0.09118318557739258
4,4,128,4,0.3059697449207306,0.23436231911182404
4,4,128,5,0.484676331281662,0.11126761883497238
4,4,128,6,0.6826165318489075,0.2754170894622803
4,4,128,7,0.703874409198761,0.09859183430671692
4,4,128,8,0.3360060751438141,0.0901750922203064
4,4,128,9,0.3640914559364319,0.24951022863388062
4,4,128,10,0.7536854147911072,0.13784760236740112
4,4,128,11,0.4570879340171814,0.07448884844779968
4,4,128,12,0.6963876485824585,0.2715492844581604
4,4,128,13,0.6712707877159119,0.3397049605846405
4,4,128,14,0.41269543766975403,0.27447327971458435
4,4,128,15,0.7529017329216003,0.09898585826158524
4,4,128,16,0.5191746354103088,0.19173751771450043
4,4,128,17,0.6290601491928101,0.09072726219892502
4,4,128,18,0.5153769850730896,0.15256065130233765
4,4,128,19,0.5756003260612488,0.09615892916917801
4,4,128,20,0.4125710427761078,0.23328353464603424
4,4,128,21,0.37645354866981506,0.3190865218639374
4,4,128,22,0.7311831116676331,0.16650667786598206
4,4,128,23,0.4973839521408081,0.056972358375787735
4,4,128,24,0.32633253931999207,0.09345251321792603
4,4,128,25,0.7117246985435486,0.19036367535591125
4,4,128,26,0.6425741910934448,0.11427614092826843
4,4,128,27,0.6610631346702576,0.21709132194519043
4,4,128,28,0.8001203536987305,0.10076658427715302
4,4,128,29,0.34216681122779846,0.21023061871528625
4,4,128,30,0.6512020826339722,0.2796456813812256
4,4,128,31,0.5798850059509277,0.08161336183547974
4,4,128,32,0.7143529057502747,0.07497859746217728
4,4,128,33,0.3530387580394745,0.3065072000026703
4,4,128,34,0.4995242953300476,0.1823379397392273
4,4,128,35,0.4311961531639099,0.14043283462524414
4,4,128,36,0.660167932510376,0.09656212478876114
4,4,128,37,0.7889506816864014,0.0818779319524765
4,4,128,38,0.5560641288757324,0.06371694803237915
4,4,128,39,0.38803914189338684,0.2753567397594452
4,4,128,40,0.3950680196285248,0.1329556405544281
4,4,128,41,0.6842976212501526,0.08600178360939026
4,4,128,42,0.34590375423431396,0.10809740424156189
4,4,128,43,0.5486350655555725,0.16881775856018066
4,4,128,44,0.6080379486083984,0.10679013282060623
4,4,128,45,0.4707140028476715,0.23425902426242828
4,4,128,46,0.770118236541748,0.219893679022789
4,4,128,47,0.6113693714141846,0.20587140321731567
4,4,128,48,0.30615636706352234,0.10519435256719589
4,4,128,49,0.5809242129325867,0.17354309558868408
4,4,128,50,0.5695441365242004,0.04232439771294594
4,4,128,51,0.7069997787475586,0.2505057454109192
4,4,128,52,0.7122783064842224,0.2347259223461151
4,4,128,53,0.6603750586509705,0.23070456087589264
4,4,128,54,0.6690111756324768,0.17344580590724945
4,4,128,55,0.5167716145515442,0.10504461824893951
4,4,128,56,0.6445457339286804,0.2350216805934906
4,4,128,57,0.678918182849884,0.07271755486726761
4,4,128,58,0.6157574653625488,0.3039698600769043
4,4,128,59,0.3872321844100952,0.06609239429235458
4,4,128,60,0.4928716719150543,0.15636052191257477
4,4,128,61,0.6295750141143799,0.2879810035228729
4,4,128,62,0.44927653670310974,0.17145492136478424
4,4,128,63,0.6165560483932495,0.1965484321117401
4,4,128,64,0.38537004590034485,0.0781191736459732
4,4,128,65,0.40449562668800354,0.045134350657463074
4,4,128,66,0.6559206247329712,0.10194095969200134
4,4,128,67,0.650031328201294,0.2567089796066284
4,4,128,68,0.6743246912956238,0.16519282758235931
4,4,128,69,0.45639753341674805,0.2555910646915436
4,4,128,70,0.7229770421981812,0.1539323478937149
4,4,128,71,0.6842828989028931,0.2725585401058197
4,4,128,72,0.6917863488197327,0.3477906286716461
4,4,128,73,0.5203915238380432,0.12500286102294922
4,4,128,74,0.41660064458847046,0.10519371181726456
4,4,128,75,0.7405160665512085,0.09186877310276031
4,4,128,76,0.4152677059173584,0.05538630113005638
4,4,128,77,0.4939318895339966,0.12456484138965607
4,4,128,78,0.6164523959159851,0.1208239421248436
4,4,128,79,0.6999121904373169,0.30293500423431396
4,4,128,80,0.5941859483718872,0.29954808950424194
4,4,128,81,0.48000192642211914,0.07573553174734116
4,4,128,82,0.596709668636322,0.13830462098121643
4,4,128,83,0.7267162799835205,0.28957632184028625
4,4,128,84,0.43393224477767944,0.20131675899028778
4,4,128,85,0.46851661801338196,0.170126810669899
4,4,128,86,0.5728434324264526,0.1903170496225357
4,4,128,87,0.36482250690460205,0.2784769535064697
4,4,128,88,0.5837148427963257,0.14117343723773956
4,4,128,89,0.5380239486694336,0.19049721956253052
4,4,128,90,0.5535977482795715,0.1179838702082634
4,4,128,91,0.7536166906356812,0.2064068764448166
4,4,128,92,0.7679826021194458,0.09190808236598969
4,4,128,93,0.7770240902900696,0.08406224846839905
4,4,128,94,0.3742053508758545,0.297112375497818
4,4,128,95,0.5045564770698547,0.12073717266321182
4,4,128,96,0.6778655648231506,0.1197248250246048
4,4,128,97,0.4718247652053833,0.07734972983598709
4,4,128,98,0.7173218131065369,0.10886888951063156
4,4,128,99,0.6886788606643677,0.1747065633535385
4,4,128,100,0.5770312547683716,0.16848471760749817
4,4,128,101,0.7050361037254333,0.11990347504615784
4,4,128,102,0.4033178687095642,0.2771168351173401
4,4,128,103,0.34779122471809387,0.28128671646118164
4,4,128,104,0.7769553661346436,0.08386865258216858
4,4,128,105,0.6769163012504578,0.09230517596006393
4,4,128,106,0.6986606121063232,0.14707782864570618
4,4,128,107,0.7357311844825745,0.11607646197080612
4,4,128,108,0.5955727100372314,0.22730083763599396
4,4,128,109,0.5796997547149658,0.2224147766828537
4,4,128,110,0.49048250913619995,0.16484662890434265
4,4,128,111,0.6567860245704651,0.18320541083812714
4,4,128,112,0.5223366022109985,0.15832950174808502
4,4,128,113,0.6414955854415894,0.20514033734798431
4,4,128,114,0.6727348566055298,0.12647601962089539
4,4,128,115,0.3702727258205414,0.3271361291408539
4,4,128,116,0.6145948171615601,0.22812685370445251
4,4,128,117,0.6196503043174744,0.2511824369430542
4,4,128,118,0.6269403100013733,0.15775662660598755
4,4,128,119,0.6468660235404968,0.12965843081474304
4,4,128,120,0.36965739727020264,0.2757749855518341
4,4,128,121,0.6268532276153564,0.24294380843639374
4,4,128,122,0.39584213495254517,0.24135957658290863
4,4,128,123,0.4755038917064667,0.052274592220783234
4,4,128,124,0.6779267191886902,0.31101834774017334
4,4,128,125,0.6391995549201965,0.3100591003894806
4,4,128,126,0.4170753061771393,0.16993162035942078
4,4,128,127,0.3529876172542572,0.10953725129365921
4,5,128,0,0.4456992447376251,0.31691738963127136
4,5,128,1,0.6003879308700562,0.24607186019420624
4,5,128,2,0.7885087132453918,0.07678347826004028
4,5,128,3,0.8999722599983215,0.07179857045412064
4,5,128,4,0.8537911176681519,0.06324724853038788
4,5,128,5,0.76883465051651,0.15749134123325348
4,5,128,6,0.7058191895484924,0.14704330265522003
4,5,128,7,0.8642966151237488,0.09404300153255463
4,5,128,8,0.5767831802368164,0.2785227298736572
4,5,128,9,0.7929084300994873,0.10405346006155014
4,5,128,10,0.8348802328109741,0.06243622303009033
4,5,128,11,0.7824532389640808,0.08566465973854065
4,5,128,12,0.7224177122116089,0.11754017323255539
4,5,128,13,0.7260164022445679,0.165039524435997
4,5,128,14,0.7169309258460999,0.17826256155967712
4,5,128,15,0.616972804069519,0.19083639979362488
4,5,128,16,0.877427875995636,0.06147732585668564
4,5,128,17,0.5993138551712036,0.09361515939235687
4,5,128,18,0.4690990447998047,0.2750729024410248
4,5,128,19,0.5014558434486389,0.19729401171207428
4,5,128,20,0.4071836471557617,0.21800532937049866
4,5,128,21,0.4396637976169586,0.30387061834335327
4,5,128,22,0.6273933053016663,0.2876925766468048
4,5,128,23,0.4966234266757965,0.32280269265174866
4,5,128,24,0.6607456207275391,0.3001890778541565
4,5,128,25,0.7189457416534424,0.16356970369815826
4,5,128,26,0.8180676102638245,0.11888834089040756
4,5,128,27,0.849622905254364,0.09890297800302505
4,5,128,28,0.838103175163269,0.12276054918766022
4,5,128,29,0.33110126852989197,0.2418447732925415
4,5,128,30,0.7431561946868896,0.23763678967952728
4,5,128,31,0.7738973498344421,0.09518276154994965
4,5,128,32,0.8679182529449463,0.06105070188641548
4,5,128,33,0.4920026957988739,0.3519051671028137
4,5,128,34,0.5975263118743896,0.10552240163087845
4,5,128,35,0.5230516195297241,0.26111429929733276
4,5,128,36,0.6797245144844055,0.20641890168190002
4,5,128,37,0.8717268109321594,0.06738387793302536
4,5,128,38,0.7836847901344299,0.1005747988820076
4,5,128,39,0.7075991034507751,0.14488482475280762
4,5,128,40,0.844519317150116,0.06789000332355499
4,5,128,41,0.6229220628738403,0.31271088123321533
4,5,128,42,0.7026991844177246,0.20176838338375092
4,5,128,43,0.6231558918952942,0.08440952748060226
4,5,128,44,0.7194045186042786,0.09891165047883987
4,5,128,45,0.48943284153938293,0.2988010048866272
4,5,128,46,0.3616245985031128,0.25283828377723694
4,5,128,47,0.8494869470596313,0.08347894251346588
4,5,128,48,0.7772791385650635,0.14033527672290802
4,5,128,49,0.7822583913803101,0.17867980897426605
4,5,128,50,0.8657774925231934,0.07249823957681656
4,5,128,51,0.7515528202056885,0.15451402962207794
4,5,128,52,0.7337700724601746,0.20021013915538788
4,5,128,53,0.7590168714523315,0.0812324807047844
4,5,128,54,0.777563750743866,0.1885925680398941
4,5,128,55,0.5258620381355286,0.13155008852481842
4,5,128,56,0.4827178716659546,0.2355913519859314
4,5,128,57,0.7287819981575012,0.13556788861751556
4,5,128,58,0.8525716066360474,0.0875825360417366
4,5,128,59,0.7472720742225647,0.08438661694526672
4,5,128,60,0.7455990314483643,0.12122775614261627
4,5,128,61,0.8681037425994873,0.0702083483338356
4,5,128,62,0.8528857231140137,0.07834524661302567
4,5,128,63,0.8644675016403198,0.0637306272983551
4,5,128,64,0.513143002986908,0.19030626118183136
4,5,128,65,0.5824850797653198,0.1337118148803711
4,5,128,66,0.7769871354103088,0.09388545155525208
4,5,128,67,0.6315127611160278,0.3090440630912781
4,5,128,68,0.8746458888053894,0.07290717959403992
4,5,128,69,0.7708770632743835,0.09762784838676453
4,5,128,70,0.7932872176170349,0.1591971218585968
4,5,128,71,0.8589134812355042,0.08003214746713638
4,5,128,72,0.7806519269943237,0.167711079120636
4,5,128,73,0.689289391040802,0.17612816393375397
4,5,128,74,0.457527220249176,0.2899913787841797
4,5,128,75,0.4660060405731201,0.37294456362724304
4,5,128,76,0.6479226350784302,0.18024785816669464
4,5,128,77,0.7414050698280334,0.16854283213615417
4,5,128,78,0.7918539047241211,0.10756857693195343
4,5,128,79,0.8763757944107056,0.0671628937125206
4,5,128,80,0.7044873833656311,0.13426867127418518
4,5,128,81,0.8367922902107239,0.0763934999704361
4,5,128,82,0.4627150893211365,0.26792094111442566
4,5,128,83,0.7883384227752686,0.18614935874938965
4,5,128,84,0.6893727779388428,0.1360761523246765
4,5,128,85,0.6757379174232483,0.1628330647945404
4,5,128,86,0.5656949877738953,0.23404544591903687
4,5,128,87,0.7402417063713074,0.2410167157649994
4,5,128,88,0.6446000933647156,0.09743582457304001
4,5,128,89,0.39428770542144775,0.21179553866386414
4,5,128,90,0.38546597957611084,0.2803077697753906
4,5,128,91,0.8045340180397034,0.06706015020608902
4,5,128,92,0.843599259853363,0.07412951439619064
4,5,128,93,0.47390154004096985,0.1560785472393036
4,5,128,94,0.6748945713043213,0.1275448501110077
4,5,128,95,0.8091338872909546,0.1126314178109169
4,5,128,96,0.7048706412315369,0.10955148935317993
4,5,128,97,0.6062923073768616,0.23384985327720642
4,5,128,98,0.6336840987205505,0.2803867757320404
4,5,128,99,0.7188107371330261,0.144662544131279
4,5,128,100,0.6718935966491699,0.093011274933815
4,5,128,101,0.8501370549201965,0.06620126217603683
4,5,128,102,0.5321738123893738,0.1742493361234665
4,5,128,103,0.7986088395118713,0.09910114109516144
4,5,128,104,0.8326812982559204,0.0916629508137703
4,5,128,105,0.4700142741203308,0.363628625869751
4,5,128,106,0.6895129680633545,0.26097801327705383
4,5,128,107,0.45177245140075684,0.3329612612724304
4,5,128,108,0.6340259313583374,0.18139012157917023
4,5,128,109,0.8425315022468567,0.07150999456644058
4,5,128,110,0.636258065700531,0.10121147334575653
4,5,128,111,0.8047000765800476,0.11489151418209076
4,5,128,112,0.8502457141876221,0.06706459820270538
4,5,128,113,0.784361720085144,0.11759166419506073
4,5,128,114,0.5276194214820862,0.30205219984054565
4,5,128,115,0.5102181434631348,0.2708037793636322
4,5,128,116,0.6674941182136536,0.2004295289516449
4,5,128,117,0.6934103965759277,0.1991634964942932
4,5,128,118,0.7505985498428345,0.12977375090122223
4,5,128,119,0.6671587824821472,0.1508207619190216
4,5,128,120,0.6187290549278259,0.2533097267150879
4,5,128,121,0.6781572103500366,0.2626279294490814
4,5,128,122,0.7441002130508423,0.11488679051399231
4,5,128,123,0.8321694731712341,0.09511007368564606
4,5,128,124,0.6669327616691589,0.21304191648960114
4,5,128,125,0.6621716022491455,0.18539448082447052
4,5,128,126,0.819543182849884,0.08346040546894073
4,5,128,127,0.708116352558136,0.17254868149757385
5,0,32,0,0.5359829664230347,0.04565831646323204
5,0,32,1,0.5574621558189392,0.11726858466863632
5,0,32,2,0.543594479560852,0.055111661553382874
5,0,32,3,0.4947841763496399,0.03159627318382263
5,0,32,4,0.30350449681282043,0.08309616148471832
5,0,32,5,0.4603661894798279,0.03983742743730545
5,0,32,6,0.5261225700378418,0.050453200936317444
5,0,32,7,0.3039812743663788,0.09512429684400558
5,0,32,8,0.5785404443740845,0.07795660197734833
5,0,32,9,0.5139986872673035,0.06343390047550201
5,0,32,10,0.5286877751350403,0.09546498209238052
5,0,32,11,0.6466459035873413,0.07610492408275604
5,0,32,12,0.3622165024280548,0.0840219110250473
5,0,32,13,0.507361650466919,0.03581893816590309
5,0,32,14,0.49974164366722107,0.07435046136379242
5,0,32,15,0.49234238266944885,0.06539937108755112
5,0,32,16,0.5865607261657715,0.024380763992667198
5,0,32,17,0.523013174533844,0.08454973995685577
5,0,32,18,0.5831830501556396,0.06696529686450958
5,0,32,19,0.4194401800632477,0.05692080035805702
5,0,32,20,0.46138355135917664,0.1370115429162979
5,0,32,21,0.49501287937164307,0.1207965835928917
5,0,32,22,0.5877772569656372,0.08161339908838272
5,0,32,23,0.5201916098594666,0.030709173530340195
5,0,32,24,0.6162640452384949,0.05794820562005043
5,0,32,25,0.4287821352481842,0.11987408250570297
5,0,32,26,0.40326979756355286,0.05557991564273834
5,0,32,27,0.5849602222442627,0.11860104650259018
5,0,32,28,0.5702645182609558,0.08564560115337372
5,0,32,29,0.5058019757270813,0.09496614336967468
5,0,32,30,0.43233150243759155,0.05520317330956459
5,0,32,31,0.38878825306892395,0.027954265475273132
5,1,32,0,0.5072950124740601,0.06664258986711502
5,1,32,1,0.4676879644393921,0.09281860291957855
5,1,32,2,0.6047068238258362,0.09765581786632538
5,1,32,3,0.46193987131118774,0.13069111108779907
5,1,32,4,0.5001980662345886,0.07212193310260773
5,1,32,5,0.3963642120361328,0.09895208477973938
5,1,32,6,0.30054065585136414,0.062370143830776215
5,1,32,7,0.7069758176803589,0.08855941146612167
5,1,32,8,0.4286338984966278,0.08413082361221313
5,1,32,9,0.6114072203636169,0.12480475008487701
5,1,32,10,0.3553553521633148,0.10435888916254044
5,1,32,11,0.6352320313453674,0.14222368597984314
5,1,32,12,0.7177521586418152,0.1107679009437561
5,1,32,13,0.49946585297584534,0.037567369639873505
5,1,32,14,0.6957235336303711,0.10886431485414505
5,1,32,15,0.5841556787490845,0.04651439189910889
5,1,32,16,0.5173303484916687,0.07180850207805634
5,1,32,17,0.46131861209869385,0.0668337345123291
5,1,32,18,0.48633477091789246,0.05279260501265526
5,1,32,19,0.4768396019935608,0.12965644896030426
5,1,32,20,0.3925798535346985,0.07136140018701553
5,1,32,21,0.47303298115730286,0.0669330433011055
5,1,32,22,0.4811049699783325,0.08508778363466263
5,1,32,23,0.5283229351043701,0.04357663542032242
5,1,32,24,0.40219733119010925,0.07502297312021255
5,1,32,25,0.5752020478248596,0.14723655581474304
5,1,32,26,0.3618135154247284,0.14232754707336426
5,1,32,27,0.5922206044197083,0.03570591285824776
5,1,32,28,0.3330124616622925,0.13436663150787354
5,1,32,29,0.4454423785209656,0.05377405509352684
5,1,32,30,0.5274114608764648,0.04822768643498421
5,1,32,31,0.5943257808685303,0.13696981966495514
5,2,64,0,0.39729076623916626,0.11496561765670776
5,2,64,1,0.45645076036453247,0.2228715717792511
5,2,64,2,0.6293169260025024,0.15153685212135315
5,2,64,3,0.5299889445304871,0.20145632326602936
5,2,64,4,0.6596851944923401,0.13529321551322937
5,2,64,5,0.49851953983306885,0.21217751502990723
5,2,64,6,0.587074875831604,0.22155624628067017
5,2,64,7,0.5192998051643372,0.21135929226875305
5,2,64,8,0.41241583228111267,0.1665697991847992
5,2,64,9,0.5779777765274048,0.2544296085834503
5,2,64,10,0.5496255159378052,0.2789250612258911
5,2,64,11,0.5688830614089966,0.27256491780281067
5,2,64,12,0.5064652562141418,0.04247867316007614
5,2,64,13,0.3750711977481842,0.2878933250904083
5,2,64,14,0.5998423099517822,0.13516288995742798
5,2,64,15,0.44759881496429443,0.11863525956869125
5,2,64,16,0.4872343838214874,0.23684467375278473
5,2,64,17,0.5992417335510254,0.15458591282367706
5,2,64,18,0.5479825735092163,0.2876647710800171
5,2,64,19,0.7144516110420227,0.07277259230613708
5,2,64,20,0.5125293731689453,0.11683284491300583
5,2,64,21,0.4104504883289337,0.1522493064403534
5,2,64,22,0.5231207013130188,0.15010419487953186
5,2,64,23,0.456030935049057,0.09218382090330124
5,2,64,24,0.6557655334472656,0.11097855120897293
5,2,64,25,0.46006327867507935,0.16280558705329895
5,2,64,26,0.5067119002342224,0.1874319612979889
5,2,64,27,0.4269583225250244,0.12404011189937592
5,2,64,28,0.5314217209815979,0.13519532978534698
5,2,64,29,0.5404049754142761,0.20938090980052948
5,2,64,30,0.5393599271774292,0.20287515223026276
5,2,64,31,0.46490052342414856,0.16466961801052094
5,2,64,32,0.6497905850410461,0.16324059665203094
5,2,64,33,0.4812036156654358,0.20844244956970215
5,2,64,34,0.5128383040428162,0.08935695886611938
5,2,64,35,0.31011295318603516,0.10974133759737015
5,2,64,36,0.566244900226593,0.21101179718971252
5,2,64,37,0.4256595969200134,0.19538521766662598
5,2,64,38,0.5491245985031128,0.15557432174682617
5,2,64,39,0.33376917243003845,0.13903015851974487
5,2,64,40,0.6354760527610779,0.1508217304944992
5,2,64,41,0.4293745756149292,0.22772438824176788
5,2,64,42,0.4696968197822571,0.12387973070144653
5,2,64,43,0.5208349823951721,0.27895021438598633
5,2,64,44,0.4387294054031372,0.2558555006980896
5,2,64,45,0.3815611004829407,0.13187488913536072
5,2,64,46,0.48143360018730164,0.1664075404405594
5,2,64,47,0.48852598667144775,0.33945295214653015
5,2,64,48,0.7231889963150024,0.05319619178771973
5,2,64,49,0.3863289952278137,0.19708563387393951
5,2,64,50,0.5218492746353149,0.2120022475719452
5,2,64,51,0.3815758526325226,0.15354309976100922
5,2,64,52,0.4051349461078644,0.11394466459751129
5,2,64,53,0.6062501072883606,0.15390169620513916
5,2,64,54,0.5231720805168152,0.06162489578127861
5,2,64,55,0.5352755784988403,0.21698524057865143
5,2,64,56,0.6180301904678345,0.15118348598480225
5,2,64,57,0.5804244875907898,0.3072180151939392
5,2,64,58,0.431980162858963,0.09559739381074905
5,2,64,59,0.559791624546051,0.19101430475711823
5,2,64,60,0.6921125650405884,0.16855785250663757
5,2,64,61,0.6096656322479248,0.25845208764076233
5,2,64,62,0.46217551827430725,0.13335762917995453
5,2,64,63,0.6315736770629883,0.10187463462352753
5,3,64,0,0.5487254858016968,0.04874398931860924
5,3,64,1,0.5577820539474487,0.17206181585788727
5,3,64,2,0.5458171963691711,0.05913921073079109
5,3,64,3,0.4112859070301056,0.1700427085161209
5,3,64,4,0.3737378418445587,0.2532814145088196
5,3,64,5,0.3206375539302826,0.16235730051994324
5,3,64,6,0.4006292521953583,0.08464033901691437
5,3,64,7,0.36473461985588074,0.09994954615831375
5,3,64,8,0.7094887495040894,0.1755353957414627
5,3,64,9,0.378312885761261,0.11089996993541718
5,3,64,10,0.46877798438072205,0.16474799811840057
5,3,64,11,0.6873257756233215,0.19838465750217438
5,3,64,12,0.4374111592769623,0.16377398371696472
5,3,64,13,0.34172478318214417,0.1313198059797287
5,3,64,14,0.5599033236503601,0.15211457014083862
5,3,64,15,0.3763403594493866,0.12143343687057495
5,3,64,16,0.5647934675216675,0.0980139672756195
5,3,64,17,0.4216025769710541,0.20219145715236664
5,3,64,18,0.28274503350257874,0.15432967245578766
5,3,64,19,0.49878960847854614,0.13771246373653412
5,3,64,20,0.4636797606945038,0.1616595834493637
5,3,64,21,0.3561112582683563,0.13642343878746033
5,3,64,22,0.4574075937271118,0.07842709869146347
5,3,64,23,0.44225844740867615,0.0936853289604187
5,3,64,24,0.39329105615615845,0.1426202654838562
5,3,64,25,0.4964819848537445,0.16425758600234985
5,3,64,26,0.5549888014793396,0.09793448448181152
5,3,64,27,0.6105127930641174,0.16190804541110992
5,3,64,28,0.535912811756134,0.12744782865047455
5,3,64,29,0.6518980264663696,0.10418923944234848
5,3,64,30,0.43109259009361267,0.20700262486934662
5,3,64,31,0.3025345802307129,0.09264674037694931
5,3,64,32,0.5595787763595581,0.1695069968700409
5,3,64,33,0.3037448525428772,0.11783694475889206
5,3,64,34,0.583748459815979,0.1867857724428177
5,3,64,35,0.39004456996917725,0.11693772673606873
5,3,64,36,0.5827661752700806,0.12475751340389252
5,3,64,37,0.4655210077762604,0.1582801342010498
5,3,64,38,0.5097712874412537,0.17352044582366943
5,3,64,39,0.6837418675422668,0.10348223149776459
5,3,64,40,0.6069923043251038,0.12670722603797913
5,3,64,41,0.25305038690567017,0.13286888599395752
5,3,64,42,0.5653048753738403,0.10540025681257248
5,3,64,43,0.5831466317176819,0.15220962464809418
5,3,64,44,0.5882065892219543,0.17448949813842773
5,3,64,45,0.42699548602104187,0.1337856501340866
5,3,64,46,0.6211819052696228,0.15528564155101776
5,3,64,47,0.5540465116500854,0.18889601528644562
5,3,64,48,0.47781112790107727,0.08144047111272812
5,3,64,49,0.7326828837394714,0.17318420112133026
5,3,64,50,0.4275919198989868,0.15196499228477478
5,3,64,51,0.6445497274398804,0.07509765028953552
5,3,64,52,0.4027736186981201,0.11644624918699265
5,3,64,53,0.48929858207702637,0.15793874859809875
5,3,64,54,0.31378576159477234,0.16805054247379303
5,3,64,55,0.4465950131416321,0.15516027808189392
5,3,64,56,0.46025750041007996,0.15713892877101898
5,3,64,57,0.4458911716938019,0.09381008893251419
5,3,64,58,0.48621997237205505,0.1397661566734314
5,3,64,59,0.5188599824905396,0.12262913584709167
5,3,64,60,0.5013965964317322,0.15101414918899536
5,3,64,61,0.561496376991272,0.2001093626022339
5,3,64,62,0.4301092326641083,0.1417098343372345
5,3,64,63,0.5178126692771912,0.06724265217781067
5,4,128,0,0.672549307346344,0.062364451587200165
5,4,128,1,0.6187094449996948,0.33300185203552246
5,4,128,2,0.35474297404289246,0.1616014987230301
5,4,128,3,0.4408583641052246,0.32409921288490295
5,4,128,4,0.6380507349967957,0.18657496571540833
5,4,128,5,0.5576715469360352,0.2707596719264984
5,4,128,6,0.38594353199005127,0.14931762218475342
5,4,128,7,0.580321729183197,0.32922837138175964
5,4,128,8,0.7023088932037354,0.12296465784311295
5,4,128,9,0.4752635955810547,0.10287781804800034
5,4,128,10,0.6455329656600952,0.3056977391242981
5,4,128,11,0.5342161655426025,0.1317516714334488
5,4,128,12,0.5688520669937134,0.226456418633461
5,4,128,13,0.49191176891326904,0.3025045394897461
5,4,128,14,0.502098798751831,0.22604858875274658
5,4,128,15,0.6885799169540405,0.08693581819534302
5,4,128,16,0.5775148868560791,0.07235205173492432
5,4,128,17,0.562578558921814,0.16319814324378967
5,4,128,18,0.6943097114562988,0.12364435195922852
5,4,128,19,0.6706399917602539,0.19347204267978668
5,4,128,20,0.5193251967430115,0.25237035751342773
5,4,128,21,0.3174223005771637,0.11284003406763077
5,4,128,22,0.5645985007286072,0.23627975583076477
5,4,128,23,0.5469972491264343,0.25858747959136963
5,4,128,24,0.5231484770774841,0.16814054548740387
5,4,128,25,0.7181805968284607,0.1628108024597168
5,4,128,26,0.622222363948822,0.20148144662380219
5,4,128,27,0.7268568277359009,0.08854708075523376
5,4,128,28,0.5549988746643066,0.25984930992126465
5,4,128,29,0.5918743014335632,0.21374018490314484
5,4,128,30,0.5416302680969238,0.35653916001319885
5,4,128,31,0.517322838306427,0.1376955658197403
5,4,128,32,0.4264659881591797,0.3199659585952759
5,4,128,33,0.5588624477386475,0.27940741181373596
5,4,128,34,0.5821785926818848,0.17193900048732758
5,4,128,35,0.5418563485145569,0.26692497730255127
5,4,128,36,0.5133645534515381,0.1948050558567047
5,4,128,37,0.6730678677558899,0.2791915237903595
5,4,128,38,0.5571969151496887,0.20355114340782166
5,4,128,39,0.34091582894325256,0.15056978166103363
5,4,128,40,0.5791348218917847,0.33483290672302246
5,4,128,41,0.7367439270019531,0.2430267333984375
5,4,128,42,0.4570441246032715,0.21317757666110992
5,4,128,43,0.5656736493110657,0.2404583990573883
5,4,128,44,0.5571534037590027,0.20923349261283875
5,4,128,45,0.6300649642944336,0.34211495518684387
5,4,128,46,0.30329370498657227,0.1362711489200592
5,4,128,47,0.4423774778842926,0.22641117870807648
5,4,128,48,0.6655341982841492,0.17419351637363434
5,4,128,49,0.48881542682647705,0.2188330441713333
5,4,128,50,0.588388979434967,0.269483745098114
5,4,128,51,0.6984784603118896,0.14907406270503998
5,4,128,52,0.3722887933254242,0.29941117763519287
5,4,128,53,0.6006081700325012,0.24348357319831848
5,4,128,54,0.40570104122161865,0.13948601484298706
5,4,128,55,0.4132334291934967,0.21484553813934326
5,4,128,56,0.5622942447662354,0.28314629197120667
5,4,128,57,0.6567786335945129,0.25691547989845276
5,4,128,58,0.5811898708343506,0.27829697728157043
5,4,128,59,0.7571339011192322,0.13178694248199463
5,4,128,60,0.37169572710990906,0.22875262796878815
5,4,128,61,0.6848449110984802,0.15822003781795502
5,4,128,62,0.580242395401001,0.18859592080116272
5,4,128,63,0.7741376757621765,0.09008888155221939
5,4,128,64,0.5832175612449646,0.24303512275218964
5,4,128,65,0.512973964214325,0.2777208387851715
5,4,128,66,0.3494536876678467,0.2207193523645401
5,4,128,67,0.6623485088348389,0.09768710285425186
5,4,128,68,0.564894437789917,0.09941896796226501
5,4,128,69,0.6322945952415466,0.30965766310691833
5,4,128,70,0.4725325405597687,0.32061848044395447
5,4,128,71,0.5550640225410461,0.07670795917510986
5,4,128,72,0.6021125316619873,0.22607208788394928
5,4,128,73,0.6691641807556152,0.15013036131858826
5,4,128,74,0.5647925138473511,0.15178412199020386
5,4,128,75,0.720818281173706,0.08617165684700012
5,4,128,76,0.3506121337413788,0.2228570431470871
5,4,128,77,0.47650906443595886,0.120643250644207
5,4,128,78,0.5596523880958557,0.27926453948020935
5,4,128,79,0.5174365043640137,0.2454984039068222
5,4,128,80,0.6848101615905762,0.10596051812171936
5,4,128,81,0.5153475999832153,0.23419073224067688
5,4,128,82,0.44086021184921265,0.25220245122909546
5,4,128,83,0.4839117228984833,0.24459634721279144
5,4,128,84,0.769474446773529,0.0898672565817833
5,4,128,85,0.6427279710769653,0.2692488133907318
5,4,128,86,0.7193736433982849,0.07988482713699341
5,4,128,87,0.4221797585487366,0.20961567759513855
5,4,128,88,0.6547693610191345,0.11787361651659012
5,4,128,89,0.6044885516166687,0.16175396740436554
5,4,128,90,0.6311191320419312,0.20440244674682617
5,4,128,91,0.7712056636810303,0.10130732506513596
5,4,128,92,0.5562250018119812,0.2649443447589874
5,4,128,93,0.5105944871902466,0.19939322769641876
5,4,128,94,0.6796446442604065,0.13625916838645935
5,4,128,95,0.5558174848556519,0.2912575602531433
5,4,128,96,0.5432350635528564,0.22329092025756836
5,4,128,97,0.5451647043228149,0.31648769974708557
5,4,128,98,0.612925112247467,0.2819164991378784
5,4,128,99,0.3156105875968933,0.13979771733283997
5,4,128,100,0.645695686340332,0.32654276490211487
5,4,128,101,0.6132434010505676,0.3176383674144745
5,4,128,102,0.6852338314056396,0.13168218731880188
5,4,128,103,0.404404878616333,0.1023498997092247
5,4,128,104,0.7277826070785522,0.14132985472679138
5,4,128,105,0.5842704772949219,0.1413860023021698
5,4,128,106,0.6615722179412842,0.27328717708587646
5,4,128,107,0.42573249340057373,0.1677137315273285
5,4,128,108,0.46959567070007324,0.2463039606809616
5,4,128,109,0.7068979144096375,0.12930437922477722
5,4,128,110,0.5556582808494568,0.2449149638414383
5,4,128,111,0.6289623975753784,0.1523268222808838
5,4,128,112,0.5145949721336365,0.16878682374954224
5,4,128,113,0.42503732442855835,0.12789830565452576
5,4,128,114,0.5506301522254944,0.1548449844121933
5,4,128,115,0.5048763751983643,0.25876620411872864
5,4,128,116,0.40907859802246094,0.27207091450691223
5,4,128,117,0.43371909856796265,0.30252528190612793
5,4,128,118,0.6177551746368408,0.25595274567604065
5,4,128,119,0.6370895504951477,0.24040769040584564
5,4,128,120,0.3358897268772125,0.16577638685703278
5,4,128,121,0.67564857006073,0.1862531155347824
5,4,128,122,0.4170644283294678,0.19451642036437988
5,4,128,123,0.6186743378639221,0.2500799298286438
5,4,128,124,0.5875601172447205,0.12522168457508087
5,4,128,125,0.460313081741333,0.20647431910037994
5,4,128,126,0.6010288000106812,0.2606530785560608
5,4,128,127,0.6239059567451477,0.26908132433891296
5,5,128,0,0.788160502910614,0.13291732966899872
5,5,128,1,0.8498531579971313,0.12626272439956665
5,5,128,2,0.7215309739112854,0.15568561851978302
5,5,128,3,0.8765519261360168,0.08138209581375122
5,5,128,4,0.8197941184043884,0.11104894429445267
5,5,128,5,0.8687431216239929,0.10806156694889069
5,5,128,6,0.7383214831352234,0.2517620623111725
5,5,128,7,0.8510354161262512,0.08348361402750015
5,5,128,8,0.6511257886886597,0.22203807532787323
5,5,128,9,0.7683433294296265,0.14323511719703674
5,5,128,10,0.8498087525367737,0.1388801783323288
5,5,128,11,0.8436244130134583,0.08037116378545761
5,5,128,12,0.931641161441803,0.06295279413461685
5,5,128,13,0.40799903869628906,0.25832870602607727
5,5,128,14,0.7586584687232971,0.18180148303508759
5,5,128,15,0.41587182879447937,0.29767054319381714
5,5,128,16,0.7661091685295105,0.1675538867712021
5,5,128,17,0.39613625407218933,0.15779340267181396
5,5,128,18,0.8171591758728027,0.11319513618946075
5,5,128,19,0.7837984561920166,0.16288799047470093
5,5,128,20,0.599348783493042,0.1897108405828476
5,5,128,21,0.6435458660125732,0.14044122397899628
5,5,128,22,0.5152423977851868,0.17431588470935822
5,5,128,23,0.693303108215332,0.15007290244102478
5,5,128,24,0.7747476100921631,0.20138345658779144
5,5,128,25,0.8228949308395386,0.10786575824022293
5,5,128,26,0.8604371547698975,0.09740251302719116
5,5,128,27,0.8033152222633362,0.102348193526268
5,5,128,28,0.8335574865341187,0.0916333943605423
5,5,128,29,0.828503429889679,0.17617352306842804
5,5,128,30,0.8680068254470825,0.10815581679344177
5,5,128,31,0.7290031909942627,0.11379004269838333
5,5,128,32,0.7273381352424622,0.18630920350551605
5,5,128,33,0.7553743720054626,0.15990257263183594
5,5,128,34,0.810476541519165,0.13815133273601532
5,5,128,35,0.42821455001831055,0.16938543319702148
5,5,128,36,0.8278781175613403,0.12415584176778793
5,5,128,37,0.8798847794532776,0.11272545903921127
5,5,128,38,0.42699724435806274,0.1766226887702942
5,5,128,39,0.8526986241340637,0.11900856345891953
5,5,128,40,0.3985788822174072,0.29225578904151917
5,5,128,41,0.8884393572807312,0.1114049181342125
5,5,128,42,0.7173008918762207,0.0880509614944458
5,5,128,43,0.4069703221321106,0.2209872305393219
5,5,128,44,0.7645207047462463,0.08755742758512497
5,5,128,45,0.798244833946228,0.14585816860198975
5,5,128,46,0.5580354332923889,0.1735849678516388
5,5,128,47,0.3539297878742218,0.2112954556941986
5,5,128,48,0.7619990706443787,0.20463751256465912
5,5,128,49,0.27682772278785706,0.20751270651817322
5,5,128,50,0.6461730599403381,0.1622249037027359
5,5,128,51,0.7700439095497131,0.2227412909269333
5,5,128,52,0.4490565061569214,0.18395940959453583
5,5,128,53,0.7136971354484558,0.22722944617271423
5,5,128,54,0.6483751535415649,0.14916148781776428
5,5,128,55,0.3881537616252899,0.2791856527328491
5,5,128,56,0.7575385570526123,0.23207643628120422
5,5,128,57,0.7948569655418396,0.11996811628341675
5,5,128,58,0.7941108345985413,0.23152515292167664
5,5,128,59,0.8156535029411316,0.09582920372486115
5,5,128,60,0.8279480934143066,0.08579988032579422
5,5,128,61,0.8518211841583252,0.08934568613767624
5,5,128,62,0.8364988565444946,0.09694325923919678
5,5,128,63,0.7784895300865173,0.14325788617134094
5,5,128,64,0.7248212695121765,0.22354920208454132
5,5,128,65,0.3553210198879242,0.2569616734981537
5,5,128,66,0.700197696685791,0.28996962308883667
5,5,128,67,0.8441160321235657,0.11212500929832458
5,5,128,68,0.7996484637260437,0.15068911015987396
5,5,128,69,0.784400463104248,0.2168174833059311
5,5,128,70,0.8055294752120972,0.13505013287067413
5,5,128,71,0.6726770401000977,0.18774856626987457
5,5,128,72,0.4999941885471344,0.30149561166763306
5,5,128,73,0.3648865222930908,0.30319836735725403
5,5,128,74,0.7800986170768738,0.21639974415302277
5,5,128,75,0.7589480876922607,0.15633462369441986
5,5,128,76,0.7966415286064148,0.10430310666561127
5,5,128,77,0.8056308627128601,0.14396663010120392
5,5,128,78,0.5197080969810486,0.1158423200249672
5,5,128,79,0.7058045268058777,0.26855549216270447
5,5,128,80,0.6199868321418762,0.09893733263015747
5,5,128,81,0.7987958788871765,0.14681176841259003
5,5,128,82,0.8764806389808655,0.08438321948051453
5,5,128,83,0.5418978333473206,0.21781505644321442
5,5,128,84,0.6961239576339722,0.15033896267414093
5,5,128,85,0.7032625079154968,0.12414137274026871
5,5,128,86,0.7377057075500488,0.11197880655527115
5,5,128,87,0.7578310370445251,0.1934880167245865
5,5,128,88,0.7767874598503113,0.24188430607318878
5,5,128,89,0.8786109089851379,0.09687583148479462
5,5,128,90,0.8567078113555908,0.09032926708459854
5,5,128,91,0.8299447894096375,0.12357468158006668
5,5,128,92,0.8173977136611938,0.0874374732375145
5,5,128,93,0.493599534034729,0.26129770278930664
5,5,128,94,0.830671489238739,0.10079970955848694
5,5,128,95,0.49784278869628906,0.23510685563087463
5,5,128,96,0.5310800075531006,0.2684020698070526
5,5,128,97,0.7853860855102539,0.19709575176239014
5,5,128,98,0.7844367027282715,0.16261115670204163
5,5,128,99,0.4476234018802643,0.24747611582279205
5,5,128,100,0.8835124373435974,0.10669166594743729
5,5,128,101,0.8131412863731384,0.1432379186153412
5,5,128,102,0.8617419004440308,0.09972681105136871
5,5,128,103,0.555070698261261,0.12323010712862015
5,5,128,104,0.8096033930778503,0.20160265266895294
5,5,128,105,0.6539821028709412,0.23995794355869293
5,5,128,106,0.8684883713722229,0.09697462618350983
5,5,128,107,0.561821699142456,0.2664356231689453
5,5,128,108,0.7948534488677979,0.1426258683204651
5,5,128,109,0.7597730159759521,0.1865084022283554
5,5,128,110,0.7330341339111328,0.24675610661506653
5,5,128,111,0.8382792472839355,0.09845971316099167
5,5,128,112,0.7608720064163208,0.19727723300457
5,5,128,113,0.6278246641159058,0.18756461143493652
5,5,128,114,0.8422797918319702,0.10613871365785599
5,5,128,115,0.7352912425994873,0.23343999683856964
5,5,128,116,0.773681104183197,0.10555078089237213
5,5,128,117,0.778140127658844,0.24036909639835358
5,5,128,118,0.6701923608779907,0.12910692393779755
5,5,128,119,0.7810468673706055,0.1478961557149887
5,5,128,120,0.8827671408653259,0.08103058487176895
5,5,128,121,0.5683891177177429,0.06764724850654602
5,5,128,122,0.40305307507514954,0.2673667073249817
5,5,128,123,0.8342815041542053,0.11488839983940125
5,5,128,124,0.7620954513549805,0.14544811844825745
5,5,128,125,0.8148500323295593,0.14912495017051697
5,5,128,126,0.8118179440498352,0.13897454738616943
5,5,128,127,0.49127396941185,0.11783604323863983
6,0,32,0,0.5576379299163818,0.05583859235048294
6,0,32,1,0.5654564499855042,0.10025055706501007
6,0,32,2,0.5066930055618286,0.04942838102579117
6,0,32,3,0.5085356831550598,0.031967394053936005
6,0,32,4,0.3267398178577423,0.04788153991103172
6,0,32,5,0.4467056691646576,0.04682619124650955
6,0,32,6,0.4571780264377594,0.06563723087310791
6,0,32,7,0.3281966745853424,0.07872293889522552
6,0,32,8,0.502016544342041,0.09237631410360336
6,0,32,9,0.5061330199241638,0.10928895324468613
6,0,32,10,0.5616408586502075,0.035083163529634476
6,0,32,11,0.5836408734321594,0.09252899140119553
6,0,32,12,0.3498011827468872,0.0706525519490242
6,0,32,13,0.49992382526397705,0.05326966568827629
6,0,32,14,0.47619572281837463,0.059196896851062775
6,0,32,15,0.523247241973877,0.044697355479002
6,0,32,16,0.6037185192108154,0.029098747298121452
6,0,32,17,0.5374176502227783,0.09212764352560043
6,0,32,18,0.5529228448867798,0.06151052191853523
6,0,32,19,0.43701159954071045,0.050031986087560654
6,0,32,20,0.44494691491127014,0.061211295425891876
6,0,32,21,0.4319116473197937,0.0704948678612709
6,0,32,22,0.6016035676002502,0.07835176587104797
6,0,32,23,0.5524425506591797,0.03760717809200287
6,0,32,24,0.5965557098388672,0.0828285813331604
6,0,32,25,0.4559909403324127,0.05332012474536896
6,0,32,26,0.40474817156791687,0.05520695075392723
6,0,32,27,0.5826112627983093,0.08780670911073685
6,0,32,28,0.5430857539176941,0.06213333457708359
6,0,32,29,0.5065659284591675,0.06019655987620354
6,0,32,30,0.42622998356819153,0.07393224537372589
6,0,32,31,0.408555269241333,0.028547173365950584
6,1,32,0,0.5407912135124207,0.07271134853363037
6,1,32,1,0.3949532210826874,0.113865926861763
6,1,32,2,0.5563019514083862,0.06570877879858017
6,1,32,3,0.5380046963691711,0.1187019795179367
6,1,32,4,0.5728710293769836,0.10216537863016129
6,1,32,5,0.4856744706630707,0.06466094404459
6,1,32,6,0.35598769783973694,0.1007930338382721
6,1,32,7,0.6242767572402954,0.10285914689302444
6,1,32,8,0.43251413106918335,0.14627453684806824
6,1,32,9,0.5290555953979492,0.0894290879368782
6,1,32,10,0.43955832719802856,0.1312044858932495
6,1,32,11,0.5745319724082947,0.15867558121681213
6,1,32,12,0.6551012396812439,0.07271504402160645
6,1,32,13,0.4618977904319763,0.08841721713542938
6,1,32,14,0.6410142183303833,0.07504376769065857
6,1,32,15,0.5772165656089783,0.0864427462220192
6,1,32,16,0.464819997549057,0.06976790726184845
6,1,32,17,0.45457613468170166,0.11728658527135849
6,1,32,18,0.4206358790397644,0.070563405752182
6,1,32,19,0.5229699611663818,0.1139751598238945
6,1,32,20,0.4355056583881378,0.08133623749017715
6,1,32,21,0.512944221496582,0.045169707387685776
6,1,32,22,0.4337904751300812,0.07398852705955505
6,1,32,23,0.5444583296775818,0.11279552429914474
6,1,32,24,0.34980177879333496,0.08695100992918015
6,1,32,25,0.49971482157707214,0.110247902572155
6,1,32,26,0.4335033893585205,0.09037358313798904
6,1,32,27,0.581821084022522,0.015150250867009163
6,1,32,28,0.4365363121032715,0.03555469214916229
6,1,32,29,0.46424511075019836,0.08428117632865906
6,1,32,30,0.5616822838783264,0.08385416865348816
6,1,32,31,0.4448671340942383,0.040457215160131454
6,2,64,0,0.4978196918964386,0.1601252555847168
6,2,64,1,0.3563600778579712,0.0789894089102745
6,2,64,2,0.6417226791381836,0.15098151564598083
6,2,64,3,0.4449354410171509,0.16679036617279053
6,2,64,4,0.6879610419273376,0.12293669581413269
6,2,64,5,0.45333656668663025,0.1192462369799614
6,2,64,6,0.6441919803619385,0.12562322616577148
6,2,64,7,0.5465953946113586,0.1614006608724594
6,2,64,8,0.5247998237609863,0.09390238672494888
6,2,64,9,0.5586231350898743,0.17039334774017334
6,2,64,10,0.6232696175575256,0.12765318155288696
6,2,64,11,0.5647084712982178,0.060134489089250565
6,2,64,12,0.5004503130912781,0.13344062864780426
6,2,64,13,0.4353283941745758,0.14366580545902252
6,2,64,14,0.5123969912528992,0.18395832180976868
6,2,64,15,0.538699746131897,0.1622328907251358
6,2,64,16,0.4213103950023651,0.14962807297706604
6,2,64,17,0.5964175462722778,0.14708217978477478
6,2,64,18,0.46044376492500305,0.16882795095443726
6,2,64,19,0.6894537806510925,0.11871491372585297
6,2,64,20,0.5686507821083069,0.2608729898929596
6,2,64,21,0.4305206835269928,0.1381099820137024
6,2,64,22,0.40930575132369995,0.0996856838464737
6,2,64,23,0.5245394706726074,0.09435255080461502
6,2,64,24,0.6789060831069946,0.11836543679237366
6,2,64,25,0.4391387403011322,0.1907297968864441
6,2,64,26,0.6603348255157471,0.11502227932214737
6,2,64,27,0.4045411944389343,0.14906039834022522
6,2,64,28,0.5848916172981262,0.10414692014455795
6,2,64,29,0.5030795931816101,0.2665061056613922
6,2,64,30,0.515285313129425,0.20491473376750946
6,2,64,31,0.4187200963497162,0.1429566740989685
6,2,64,32,0.6829352378845215,0.05187380686402321
6,2,64,33,0.4774990677833557,0.17761699855327606
6,2,64,34,0.45787009596824646,0.14060543477535248
6,2,64,35,0.302585244178772,0.10027366131544113
6,2,64,36,0.46823474764823914,0.20386409759521484
6,2,64,37,0.40601077675819397,0.14915895462036133
6,2,64,38,0.4889441132545471,0.20809420943260193
6,2,64,39,0.3424709439277649,0.13293062150478363
6,2,64,40,0.497317910194397,0.12387968599796295
6,2,64,41,0.393763929605484,0.1168740838766098
6,2,64,42,0.4547845721244812,0.16159579157829285
6,2,64,43,0.6159425973892212,0.16142043471336365
6,2,64,44,0.44797343015670776,0.19425486028194427
6,2,64,45,0.4532526135444641,0.1474611908197403
6,2,64,46,0.49122846126556396,0.10247576236724854
6,2,64,47,0.40472412109375,0.1424056589603424
6,2,64,48,0.6435024738311768,0.11504329741001129
6,2,64,49,0.49452802538871765,0.25562039017677307
6,2,64,50,0.4911402761936188,0.11109747737646103
6,2,64,51,0.3834559917449951,0.10607942193746567
6,2,64,52,0.4431810975074768,0.1773977428674698
6,2,64,53,0.5264906883239746,0.15849089622497559
6,2,64,54,0.513407289981842,0.08514674752950668
6,2,64,55,0.4977051019668579,0.18606609106063843
6,2,64,56,0.45264971256256104,0.19834020733833313
6,2,64,57,0.5366539359092712,0.14613358676433563
6,2,64,58,0.4634193778038025,0.09630467742681503
6,2,64,59,0.5601006746292114,0.15343067049980164
6,2,64,60,0.4706293046474457,0.15118849277496338
6,2,64,61,0.6658328175544739,0.09361840039491653
6,2,64,62,0.43566185235977173,0.11251132190227509
6,2,64,63,0.4941791892051697,0.20876924693584442
6,3,64,0,0.4556593596935272,0.11985170841217041
6,3,64,1,0.521271288394928,0.21681219339370728
6,3,64,2,0.4691128134727478,0.07635176926851273
6,3,64,3,0.4966937303543091,0.20876917243003845
6,3,64,4,0.43680593371391296,0.2597283720970154
6,3,64,5,0.3956149220466614,0.15062245726585388
6,3,64,6,0.5114375352859497,0.23116709291934967
6,3,64,7,0.4192527234554291,0.0642656534910202
6,3,64,8,0.5974109768867493,0.15440568327903748
6,3,64,9,0.4821504056453705,0.1739385575056076
6,3,64,10,0.33679553866386414,0.11714854091405869
6,3,64,11,0.5309944748878479,0.07656735926866531
6,3,64,12,0.4732136130332947,0.10128761827945709
6,3,64,13,0.5289502739906311,0.2323170155286789
6,3,64,14,0.6642534732818604,0.17033705115318298
6,3,64,15,0.38808566331863403,0.10182712227106094
6,3,64,16,0.628206729888916,0.12251265347003937
6,3,64,17,0.41745415329933167,0.15179915726184845
6,3,64,18,0.32994958758354187,0.11111458390951157
6,3,64,19,0.5170094966888428,0.07393533736467361
6,3,64,20,0.46672800183296204,0.15774641931056976
6,3,64,21,0.4343045949935913,0.10933652520179749
6,3,64,22,0.48208969831466675,0.14526931941509247
6,3,64,23,0.4979098439216614,0.08064183592796326
6,3,64,24,0.43432918190956116,0.1064797192811966
6,3,64,25,0.5130934715270996,0.26404160261154175
6,3,64,26,0.4881051480770111,0.1436978429555893
6,3,64,27,0.5231626033782959,0.18468540906906128
6,3,64,28,0.5654134750366211,0.13587959110736847
6,3,64,29,0.6265045404434204,0.06314721703529358
6,3,64,30,0.5639739036560059,0.16246575117111206
6,3,64,31,0.35882535576820374,0.14493009448051453
6,3,64,32,0.5052350759506226,0.209303617477417
6,3,64,33,0.347513884305954,0.1188756674528122
6,3,64,34,0.48485109210014343,0.14830996096134186
6,3,64,35,0.3815023601055145,0.12736870348453522
6,3,64,36,0.5400023460388184,0.17060598731040955
6,3,64,37,0.533706784248352,0.18420864641666412
6,3,64,38,0.48402994871139526,0.06415141373872757
6,3,64,39,0.6199014186859131,0.14415211975574493
6,3,64,40,0.5370604991912842,0.0690760388970375
6,3,64,41,0.309021532535553,0.0985637679696083
6,3,64,42,0.5284954309463501,0.11847281455993652
6,3,64,43,0.5654081106185913,0.22316406667232513
6,3,64,44,0.501713216304779,0.21911196410655975
6,3,64,45,0.443236768245697,0.12341076135635376
6,3,64,46,0.5929026007652283,0.1543520987033844
6,3,64,47,0.5514384508132935,0.168183833360672
6,3,64,48,0.5256966352462769,0.08220957964658737
6,3,64,49,0.6152637004852295,0.11163017898797989
6,3,64,50,0.5417683720588684,0.10674408823251724
6,3,64,51,0.6615225076675415,0.07959852367639542
6,3,64,52,0.49035632610321045,0.16430436074733734
6,3,64,53,0.5964421629905701,0.14371278882026672
6,3,64,54,0.36396175622940063,0.08253418654203415
6,3,64,55,0.5354734659194946,0.10497415065765381
6,3,64,56,0.5218564867973328,0.1345357447862625
6,3,64,57,0.5025621056556702,0.1404675394296646
6,3,64,58,0.4435568153858185,0.2187003493309021
6,3,64,59,0.432677298784256,0.09532876312732697
6,3,64,60,0.47724947333335876,0.17631950974464417
6,3,64,61,0.5541496276855469,0.2732754349708557
6,3,64,62,0.5106635689735413,0.12848082184791565
6,3,64,63,0.5132362246513367,0.21386808156967163
6,4,128,0,0.7874304056167603,0.10597634315490723
6,4,128,1,0.6510428190231323,0.32662031054496765
6,4,128,2,0.5147575736045837,0.1467374712228775
6,4,128,3,0.35380110144615173,0.31773144006729126
6,4,128,4,0.6560303568840027,0.2474563717842102
6,4,128,5,0.5006445646286011,0.30807608366012573
6,4,128,6,0.3272518217563629,0.099101722240448
6,4,128,7,0.587811291217804,0.2521030604839325
6,4,128,8,0.6677528619766235,0.12186145037412643
6,4,128,9,0.5247493982315063,0.21202605962753296
6,4,128,10,0.6803892254829407,0.34580549597740173
6,4,128,11,0.4120335280895233,0.2738928496837616
6,4,128,12,0.6359716057777405,0.28322431445121765
6,4,128,13,0.5597175359725952,0.2414170354604721
6,4,128,14,0.37923604249954224,0.22984178364276886
6,4,128,15,0.7092816829681396,0.11567552387714386
6,4,128,16,0.6138975620269775,0.11100233346223831
6,4,128,17,0.48634660243988037,0.18983127176761627
6,4,128,18,0.7396430373191833,0.14623451232910156
6,4,128,19,0.7474651336669922,0.09850544482469559
6,4,128,20,0.5767504572868347,0.15207044780254364
6,4,128,21,0.2951756715774536,0.16501642763614655
6,4,128,22,0.4063645899295807,0.2658170759677887
6,4,128,23,0.6697390675544739,0.1573251336812973
6,4,128,24,0.5752218961715698,0.1565498262643814
6,4,128,25,0.6815292239189148,0.14703907072544098
6,4,128,26,0.545174777507782,0.11074329912662506
6,4,128,27,0.7534946799278259,0.09794651716947556
6,4,128,28,0.673911988735199,0.2890874147415161
6,4,128,29,0.6616193652153015,0.16868601739406586
6,4,128,30,0.5564953088760376,0.37731674313545227
6,4,128,31,0.5098233819007874,0.10184239596128464
6,4,128,32,0.42530250549316406,0.33402538299560547
6,4,128,33,0.670768678188324,0.25779157876968384
6,4,128,34,0.5826035737991333,0.13194061815738678
6,4,128,35,0.5201072692871094,0.2210855484008789
6,4,128,36,0.5207676291465759,0.10949792712926865
6,4,128,37,0.6952449679374695,0.2740476131439209
6,4,128,38,0.6239602565765381,0.23243489861488342
6,4,128,39,0.3901486396789551,0.17729593813419342
6,4,128,40,0.6646315455436707,0.2594439387321472
6,4,128,41,0.7773288488388062,0.233376607298851
6,4,128,42,0.5221804976463318,0.14390622079372406
6,4,128,43,0.4782608151435852,0.3000870943069458
6,4,128,44,0.5760582685470581,0.18630562722682953
6,4,128,45,0.6361426711082458,0.3095569610595703
6,4,128,46,0.36742809414863586,0.1727580428123474
6,4,128,47,0.4289918541908264,0.27721595764160156
6,4,128,48,0.6040169596672058,0.2230217158794403
6,4,128,49,0.5062378644943237,0.2094808965921402
6,4,128,50,0.7586036324501038,0.10685715079307556
6,4,128,51,0.637054443359375,0.2086901068687439
6,4,128,52,0.3807196617126465,0.3426395654678345
6,4,128,53,0.6824254393577576,0.19971387088298798
6,4,128,54,0.6379404067993164,0.269013375043869
6,4,128,55,0.4734550416469574,0.23477108776569366
6,4,128,56,0.587157130241394,0.24835018813610077
6,4,128,57,0.7598630785942078,0.11271349340677261
6,4,128,58,0.6580912470817566,0.17357558012008667
6,4,128,59,0.6752482652664185,0.20457060635089874
6,4,128,60,0.36363181471824646,0.18261294066905975
6,4,128,61,0.5872392058372498,0.2165195345878601
6,4,128,62,0.6170800924301147,0.21296639740467072
6,4,128,63,0.7811256647109985,0.10326366871595383
6,4,128,64,0.6112479567527771,0.2688562273979187
6,4,128,65,0.4705358147621155,0.25658342242240906
6,4,128,66,0.35428500175476074,0.23792098462581635
6,4,128,67,0.4853779375553131,0.15630479156970978
6,4,128,68,0.7065156102180481,0.1515297293663025
6,4,128,69,0.6484020352363586,0.2842470109462738
6,4,128,70,0.4811079502105713,0.17322763800621033
6,4,128,71,0.5525620579719543,0.04850028082728386
6,4,128,72,0.5818772912025452,0.13583149015903473
6,4,128,73,0.5567356944084167,0.18227669596672058
6,4,128,74,0.6618946194648743,0.14560002088546753
6,4,128,75,0.6149725317955017,0.19236962497234344
6,4,128,76,0.2786245346069336,0.19768546521663666
6,4,128,77,0.36879676580429077,0.2253522127866745
6,4,128,78,0.6740580201148987,0.22559525072574615
6,4,128,79,0.5426850914955139,0.2486395686864853
6,4,128,80,0.6808595061302185,0.07585807889699936
6,4,128,81,0.6322665810585022,0.25792816281318665
6,4,128,82,0.4530288875102997,0.21297705173492432
6,4,128,83,0.5212141871452332,0.23909738659858704
6,4,128,84,0.6787089705467224,0.13554741442203522
6,4,128,85,0.5867159962654114,0.20322829484939575
6,4,128,86,0.6935054063796997,0.08793850988149643
6,4,128,87,0.39301201701164246,0.08958126604557037
6,4,128,88,0.6836643218994141,0.10469748079776764
6,4,128,89,0.6363799571990967,0.0942203477025032
6,4,128,90,0.7244777679443359,0.13867637515068054
6,4,128,91,0.5894342064857483,0.1222013384103775
6,4,128,92,0.6798654198646545,0.17912524938583374
6,4,128,93,0.5353173613548279,0.1100345328450203
6,4,128,94,0.7595706582069397,0.11127546429634094
6,4,128,95,0.5105581879615784,0.27073100209236145
6,4,128,96,0.48194724321365356,0.15511497855186462
6,4,128,97,0.6383144855499268,0.3396165370941162
6,4,128,98,0.5291355848312378,0.30701762437820435
6,4,128,99,0.3860016465187073,0.26278960704803467
6,4,128,100,0.6769781112670898,0.3355279564857483
6,4,128,101,0.5880097150802612,0.2304280400276184
6,4,128,102,0.6725070476531982,0.16040106117725372
6,4,128,103,0.35584211349487305,0.1663936823606491
6,4,128,104,0.8452633619308472,0.1021820455789566
6,4,128,105,0.655920684337616,0.14018909633159637
6,4,128,106,0.6714974641799927,0.29181790351867676
6,4,128,107,0.60087651014328,0.1688939481973648
6,4,128,108,0.47510284185409546,0.15858924388885498
6,4,128,109,0.7333865761756897,0.17291590571403503
6,4,128,110,0.584074854850769,0.30797287821769714
6,4,128,111,0.6777262091636658,0.19749054312705994
6,4,128,112,0.4772805869579315,0.16749055683612823
6,4,128,113,0.4758153557777405,0.09683108329772949
6,4,128,114,0.621537983417511,0.08304953575134277
6,4,128,115,0.5636806488037109,0.234195739030838
6,4,128,116,0.3406113088130951,0.2540857791900635
6,4,128,117,0.39267900586128235,0.2431986778974533
6,4,128,118,0.545315682888031,0.1984500288963318
6,4,128,119,0.6186367273330688,0.13328953087329865
6,4,128,120,0.5247820615768433,0.17078296840190887
6,4,128,121,0.6736482381820679,0.23201115429401398
6,4,128,122,0.6193206310272217,0.2466244250535965
6,4,128,123,0.6550299525260925,0.29263341426849365
6,4,128,124,0.6674858927726746,0.1557551920413971
6,4,128,125,0.5936373472213745,0.18943378329277039
6,4,128,126,0.5556411147117615,0.17251604795455933
6,4,128,127,0.21909616887569427,0.0973813608288765
6,5,128,0,0.7460076808929443,0.12841112911701202
6,5,128,1,0.8396416902542114,0.12131975591182709
6,5,128,2,0.49087220430374146,0.12402137368917465
6,5,128,3,0.8463595509529114,0.07479874044656754
6,5,128,4,0.4859190285205841,0.2935745120048523
6,5,128,5,0.8188628554344177,0.10556510835886002
6,5,128,6,0.5617741942405701,0.21315966546535492
6,5,128,7,0.7668354511260986,0.16813842952251434
6,5,128,8,0.7476089596748352,0.15601779520511627
6,5,128,9,0.7169225215911865,0.17204676568508148
6,5,128,10,0.8272587060928345,0.20459361374378204
6,5,128,11,0.8156382441520691,0.09071427583694458
6,5,128,12,0.8972986936569214,0.08687649667263031
6,5,128,13,0.4105852246284485,0.1877889335155487
6,5,128,14,0.5006870031356812,0.09338413923978806
6,5,128,15,0.7543776035308838,0.09644342958927155
6,5,128,16,0.7546926140785217,0.14476549625396729
6,5,128,17,0.6118567585945129,0.17893452942371368
6,5,128,18,0.8052656054496765,0.13800731301307678
6,5,128,19,0.7849180102348328,0.13487346470355988
6,5,128,20,0.7762346863746643,0.16211649775505066
6,5,128,21,0.5076294541358948,0.13358889520168304
6,5,128,22,0.5158145427703857,0.0999959409236908
6,5,128,23,0.7824258804321289,0.0981552004814148
6,5,128,24,0.766106128692627,0.15476945042610168
6,5,128,25,0.7866684794425964,0.1295202374458313
6,5,128,26,0.7719303369522095,0.17725032567977905
6,5,128,27,0.7952768802642822,0.09379904717206955
6,5,128,28,0.7855453491210938,0.105956070125103
6,5,128,29,0.7886050939559937,0.19437502324581146
6,5,128,30,0.862713098526001,0.1048286035656929
6,5,128,31,0.8213897347450256,0.11309178173542023
6,5,128,32,0.6558902263641357,0.19431187212467194
6,5,128,33,0.7372551560401917,0.2122059315443039
6,5,128,34,0.7850807309150696,0.11385679990053177
6,5,128,35,0.317753404378891,0.21862436830997467
6,5,128,36,0.7247520685195923,0.19776900112628937
6,5,128,37,0.861091136932373,0.09870327264070511
6,5,128,38,0.4581521153450012,0.21513362228870392
6,5,128,39,0.769893229007721,0.11196397989988327
6,5,128,40,0.7518640756607056,0.08679930865764618
6,5,128,41,0.8286052346229553,0.18256649374961853
6,5,128,42,0.5701887607574463,0.17407581210136414
6,5,128,43,0.5076407790184021,0.1637439876794815
6,5,128,44,0.6888763904571533,0.14476251602172852
6,5,128,45,0.37658435106277466,0.19638854265213013
6,5,128,46,0.6458743214607239,0.2047176957130432
6,5,128,47,0.38986700773239136,0.1681862324476242
6,5,128,48,0.7690030932426453,0.17468027770519257
6,5,128,49,0.3188757002353668,0.20010527968406677
6,5,128,50,0.7546412348747253,0.16843602061271667
6,5,128,51,0.6778396964073181,0.20495180785655975
6,5,128,52,0.3289792239665985,0.17893321812152863
6,5,128,53,0.7017530202865601,0.19549070298671722
6,5,128,54,0.633482813835144,0.1290559619665146
6,5,128,55,0.5326403975486755,0.1638222634792328
6,5,128,56,0.7161364555358887,0.2521144151687622
6,5,128,57,0.7262828946113586,0.15664483606815338
6,5,128,58,0.8484194278717041,0.11599559336900711
6,5,128,59,0.7876796722412109,0.1332436054944992
6,5,128,60,0.7785392999649048,0.08646248281002045
6,5,128,61,0.741935670375824,0.12287390977144241
6,5,128,62,0.7490291595458984,0.1342705488204956
6,5,128,63,0.7623567581176758,0.19154386222362518
6,5,128,64,0.654758870601654,0.26680344343185425
6,5,128,65,0.4484451413154602,0.12677808105945587
6,5,128,66,0.7018874287605286,0.20069071650505066
6,5,128,67,0.7521994113922119,0.15017393231391907
6,5,128,68,0.805470883846283,0.1332511454820633
6,5,128,69,0.802155613899231,0.1867782473564148
6,5,128,70,0.8064411878585815,0.11656032502651215
6,5,128,71,0.6328924894332886,0.19698980450630188
6,5,128,72,0.4283285439014435,0.20564749836921692
6,5,128,73,0.5435543656349182,0.1335696280002594
6,5,128,74,0.7454049587249756,0.20932041108608246
6,5,128,75,0.7337082624435425,0.13253092765808105
6,5,128,76,0.5928031206130981,0.16684095561504364
6,5,128,77,0.7849111557006836,0.12230034172534943
6,5,128,78,0.33465462923049927,0.1889585256576538
6,5,128,79,0.7226137518882751,0.19341051578521729
6,5,128,80,0.7501794695854187,0.09516485780477524
6,5,128,81,0.7961808443069458,0.18564125895500183
6,5,128,82,0.8155128359794617,0.1398364156484604
6,5,128,83,0.624087929725647,0.18875323235988617
6,5,128,84,0.7862709164619446,0.08185946196317673
6,5,128,85,0.7589426636695862,0.08995737880468369
6,5,128,86,0.7573864459991455,0.14021997153759003
6,5,128,87,0.804898738861084,0.1550765186548233
6,5,128,88,0.8741230368614197,0.10223932564258575
6,5,128,89,0.7758207321166992,0.1897953450679779
6,5,128,90,0.7934297919273376,0.11494044959545135
6,5,128,91,0.7877405285835266,0.19009986519813538
6,5,128,92,0.798780620098114,0.08730050176382065
6,5,128,93,0.6412506699562073,0.11610151082277298
6,5,128,94,0.8229180574417114,0.09016081690788269
6,5,128,95,0.39029785990715027,0.2188706248998642
6,5,128,96,0.775851309299469,0.09556812047958374
6,5,128,97,0.7650774717330933,0.14443695545196533
6,5,128,98,0.7842305302619934,0.14694508910179138
6,5,128,99,0.764214813709259,0.1967405080795288
6,5,128,100,0.8950149416923523,0.09056748449802399
6,5,128,101,0.5347333550453186,0.16235066950321198
6,5,128,102,0.7948329448699951,0.14595739543437958
6,5,128,103,0.5859887599945068,0.12455794960260391
6,5,128,104,0.8489436507225037,0.14990293979644775
6,5,128,105,0.4127577245235443,0.17063328623771667
6,5,128,106,0.8253751993179321,0.13991035521030426
6,5,128,107,0.6544395089149475,0.11475227773189545
6,5,128,108,0.7254022359848022,0.1785375028848648
6,5,128,109,0.7500331997871399,0.18364334106445312
6,5,128,110,0.700412929058075,0.26692911982536316
6,5,128,111,0.7413078546524048,0.13265123963356018
6,5,128,112,0.7064905166625977,0.18706107139587402
6,5,128,113,0.4980047345161438,0.23642747104167938
6,5,128,114,0.8264122009277344,0.13762369751930237
6,5,128,115,0.7191762924194336,0.17275115847587585
6,5,128,116,0.5386751294136047,0.2204848974943161
6,5,128,117,0.6451010704040527,0.3023340106010437
6,5,128,118,0.6925084590911865,0.13298875093460083
6,5,128,119,0.8140348792076111,0.15313711762428284
6,5,128,120,0.7842783331871033,0.160828098654747
6,5,128,121,0.6842618584632874,0.14209102094173431
6,5,128,122,0.3830731213092804,0.2467721849679947
6,5,128,123,0.8260096907615662,0.11665676534175873
6,5,128,124,0.7861235737800598,0.14917533099651337
6,5,128,125,0.8232027292251587,0.12646609544754028
6,5,128,126,0.7303228378295898,0.1920098513364792
6,5,128,127,0.49322509765625,0.15232634544372559
7,0,32,0,0.6094653606414795,0.07321147620677948
7,0,32,1,0.43420344591140747,0.05229431390762329
7,0,32,2,0.7045539021492004,0.05951205641031265
7,0,32,3,0.4128318130970001,0.10522821545600891
7,0,32,4,0.5460172295570374,0.11799595504999161
7,0,32,5,0.6750876903533936,0.0856369361281395
7,0,32,6,0.6176406741142273,0.10281901061534882
7,0,32,7,0.4282086193561554,0.09594736993312836
7,0,32,8,0.5523357391357422,0.11116930842399597
7,0,32,9,0.5549362897872925,0.07375174015760422
7,0,32,10,0.46097102761268616,0.11771135777235031
7,0,32,11,0.4606081247329712,0.159906268119812
7,0,32,12,0.3688149154186249,0.14786270260810852
7,0,32,13,0.46652576327323914,0.20094969868659973
7,0,32,14,0.3497982323169708,0.06386971473693848
7,0,32,15,0.5089737176895142,0.15550638735294342
7,0,32,16,0.5111242532730103,0.18955527245998383
7,0,32,17,0.40881431102752686,0.09424113482236862
7,0,32,18,0.40233224630355835,0.10625358670949936
7,0,32,19,0.506696343421936,0.084494948387146
7,0,32,20,0.5492410659790039,0.11041377484798431
7,0,32,21,0.41009756922721863,0.12359580397605896
7,0,32,22,0.5584453344345093,0.18834704160690308
7,0,32,23,0.5449753999710083,0.09543032199144363
7,0,32,24,0.46246856451034546,0.09212671220302582
7,0,32,25,0.53985196352005,0.042134154587984085
7,0,32,26,0.5116999745368958,0.1060967817902565
7,0,32,27,0.4368796646595001,0.0940541997551918
7,0,32,28,0.3815695345401764,0.07795567065477371
7,0,32,29,0.4149375259876251,0.09825815260410309
7,0,32,30,0.5545774698257446,0.1728469431400299
7,0,32,31,0.5605344176292419,0.16612392663955688
7,1,32,0,0.5927004814147949,0.11009259521961212
7,1,32,1,0.5654709935188293,0.08113393932580948
7,1,32,2,0.5390592813491821,0.05484221130609512
7,1,32,3,0.5683172941207886,0.15187940001487732
7,1,32,4,0.4697040319442749,0.14415881037712097
7,1,32,5,0.4659367799758911,0.06460011005401611
7,1,32,6,0.5067857503890991,0.15675681829452515
7,1,32,7,0.46832457184791565,0.08333394676446915
7,1,32,8,0.6000186204910278,0.08691783994436264
7,1,32,9,0.5669081807136536,0.08706294745206833
7,1,32,10,0.4357137680053711,0.09498146176338196
7,1,32,11,0.6413149237632751,0.05831300467252731
7,1,32,12,0.3614131510257721,0.08694716542959213
7,1,32,13,0.4685189723968506,0.1320173293352127
7,1,32,14,0.5235111713409424,0.07760003209114075
7,1,32,15,0.3348795175552368,0.14567705988883972
7,1,32,16,0.5755373239517212,0.06424988061189651
7,1,32,17,0.5490821003913879,0.05190802738070488
7,1,32,18,0.5542579293251038,0.12005258351564407
7,1,32,19,0.42730894684791565,0.08440014719963074
7,1,32,20,0.45966577529907227,0.08056272566318512
7,1,32,21,0.507025957107544,0.13690729439258575
7,1,32,22,0.4453562796115875,0.11313983798027039
7,1,32,23,0.6467131972312927,0.16492246091365814
7,1,32,24,0.4315001964569092,0.03747183829545975
7,1,32,25,0.6348958611488342,0.10464988648891449
7,1,32,26,0.517500638961792,0.10260835289955139
7,1,32,27,0.5224088430404663,0.06924305856227875
7,1,32,28,0.41622498631477356,0.16415782272815704
7,1,32,29,0.4039555490016937,0.057517360895872116
7,1,32,30,0.5039680004119873,0.06603673100471497
7,1,32,31,0.551462709903717,0.07870945334434509
7,2,64,0,0.6907292604446411,0.1854744851589203
7,2,64,1,0.47069600224494934,0.14761635661125183
7,2,64,2,0.44755157828330994,0.09125439822673798
7,2,64,3,0.5894429683685303,0.14520004391670227
7,2,64,4,0.5327276587486267,0.14267456531524658
7,2,64,5,0.3541359603404999,0.10463361442089081
7,2,64,6,0.401561439037323,0.14162452518939972
7,2,64,7,0.630932092666626,0.15586575865745544
7,2,64,8,0.6445176005363464,0.1174979880452156
7,2,64,9,0.44962605834007263,0.08301545679569244
7,2,64,10,0.44684168696403503,0.09088460355997086
7,2,64,11,0.5239617228507996,0.21552401781082153
7,2,64,12,0.40951502323150635,0.08715614676475525
7,2,64,13,0.4783850610256195,0.1534748524427414
7,2,64,14,0.5787160992622375,0.13190168142318726
7,2,64,15,0.6309143304824829,0.1302281767129898
7,2,64,16,0.5434232950210571,0.19867266714572906
7,2,64,17,0.6590439677238464,0.11745203286409378
7,2,64,18,0.386087566614151,0.11089266836643219
7,2,64,19,0.556775689125061,0.06529741734266281
7,2,64,20,0.32592591643333435,0.11942680925130844
7,2,64,21,0.499484658241272,0.04529932141304016
7,2,64,22,0.544741690158844,0.17036490142345428
7,2,64,23,0.43607163429260254,0.0734206810593605
7,2,64,24,0.7055677771568298,0.11722996830940247
7,2,64,25,0.41876956820487976,0.12161754071712494
7,2,64,26,0.3884156346321106,0.15051886439323425
7,2,64,27,0.4931373596191406,0.1428752839565277
7,2,64,28,0.4533364772796631,0.10219388455152512
7,2,64,29,0.5877739191055298,0.08364833891391754
7,2,64,30,0.5766842365264893,0.1695099174976349
7,2,64,31,0.44195547699928284,0.17723944783210754
7,2,64,32,0.46626532077789307,0.1468784511089325
7,2,64,33,0.4586152732372284,0.17631028592586517
7,2,64,34,0.5036674737930298,0.0913490355014801
7,2,64,35,0.4570765197277069,0.04969334974884987
7,2,64,36,0.47715112566947937,0.19398921728134155
7,2,64,37,0.5443210005760193,0.14382384717464447
7,2,64,38,0.47015437483787537,0.12248444557189941
7,2,64,39,0.4738210439682007,0.13045300543308258
7,2,64,40,0.5041576027870178,0.21427926421165466
7,2,64,41,0.5518068671226501,0.1787695735692978
7,2,64,42,0.46006205677986145,0.08872784674167633
7,2,64,43,0.5651200413703918,0.18635176122188568
7,2,64,44,0.4262576401233673,0.1371382772922516
7,2,64,45,0.46965932846069336,0.1427709013223648
7,2,64,46,0.2895950973033905,0.1372663527727127
7,2,64,47,0.6010827422142029,0.1763821691274643
7,2,64,48,0.5819664001464844,0.1361745148897171
7,2,64,49,0.4342999756336212,0.11911804229021072
7,2,64,50,0.48830559849739075,0.10840879380702972
7,2,64,51,0.4448259472846985,0.17824861407279968
7,2,64,52,0.5762899518013,0.11592981219291687
7,2,64,53,0.5264612436294556,0.19422486424446106
7,2,64,54,0.48346373438835144,0.1913047730922699
7,2,64,55,0.432811439037323,0.10224626213312149
7,2,64,56,0.40181201696395874,0.12862840294837952
7,2,64,57,0.4356306493282318,0.22498756647109985
7,2,64,58,0.5125212669372559,0.14626063406467438
7,2,64,59,0.5166509747505188,0.1413702517747879
7,2,64,60,0.48802313208580017,0.11914759129285812
7,2,64,61,0.3678422272205353,0.06059011071920395
7,2,64,62,0.4046502709388733,0.09738913178443909
7,2,64,63,0.427115797996521,0.11169940233230591
7,3,64,0,0.6336649656295776,0.08244571089744568
7,3,64,1,0.5532631874084473,0.23398907482624054
7,3,64,2,0.33643293380737305,0.16906853020191193
7,3,64,3,0.6024588942527771,0.12877094745635986
7,3,64,4,0.3673626780509949,0.09196873754262924
7,3,64,5,0.6850017309188843,0.08000960201025009
7,3,64,6,0.5577630400657654,0.1385139375925064
7,3,64,7,0.518062174320221,0.27365297079086304
7,3,64,8,0.5907442569732666,0.16133524477481842
7,3,64,9,0.5178511142730713,0.0941321924328804
7,3,64,10,0.6086873412132263,0.10254043340682983
7,3,64,11,0.5668819546699524,0.05420200526714325
7,3,64,12,0.6334121823310852,0.1164071261882782
7,3,64,13,0.46895936131477356,0.08430929481983185
7,3,64,14,0.33411040902137756,0.15200065076351166
7,3,64,15,0.5210966467857361,0.19244174659252167
7,3,64,16,0.4535738229751587,0.047839853912591934
7,3,64,17,0.6198084950447083,0.28521227836608887
7,3,64,18,0.4404166042804718,0.15975692868232727
7,3,64,19,0.5869907736778259,0.08862058818340302
7,3,64,20,0.6155756115913391,0.1397644281387329
7,3,64,21,0.4293283224105835,0.19032169878482819
7,3,64,22,0.34467047452926636,0.16187508404254913
7,3,64,23,0.49454009532928467,0.21634526550769806
7,3,64,24,0.4155988097190857,0.14653010666370392
7,3,64,25,0.48009583353996277,0.1362527459859848
7,3,64,26,0.45073339343070984,0.06328994780778885
7,3,64,27,0.5756725668907166,0.044715456664562225
7,3,64,28,0.3912164270877838,0.25091642141342163
7,3,64,29,0.5692576169967651,0.33381208777427673
7,3,64,30,0.5794990062713623,0.08396301418542862
7,3,64,31,0.6015356183052063,0.19437435269355774
7,3,64,32,0.5490124225616455,0.07491879165172577
7,3,64,33,0.6774032711982727,0.0854361280798912
7,3,64,34,0.6025261878967285,0.040451258420944214
7,3,64,35,0.3345476984977722,0.21865098178386688
7,3,64,36,0.5820492506027222,0.33338305354118347
7,3,64,37,0.4842325747013092,0.21505071222782135
7,3,64,38,0.4481799304485321,0.23411467671394348
7,3,64,39,0.5443515777587891,0.04630309343338013
7,3,64,40,0.2660762667655945,0.07408710569143295
7,3,64,41,0.5950208306312561,0.2965589165687561
7,3,64,42,0.5251352787017822,0.19424591958522797
7,3,64,43,0.5665900111198425,0.25153422355651855
7,3,64,44,0.44031789898872375,0.2322058528661728
7,3,64,45,0.38692647218704224,0.08626828342676163
7,3,64,46,0.34272313117980957,0.09026828408241272
7,3,64,47,0.6176766753196716,0.19150570034980774
7,3,64,48,0.4658319056034088,0.10164736956357956
7,3,64,49,0.6590039134025574,0.09538689255714417
7,3,64,50,0.5602269768714905,0.11826938390731812
7,3,64,51,0.5670473575592041,0.11453528702259064
7,3,64,52,0.5793638825416565,0.1588827520608902
7,3,64,53,0.5582983493804932,0.09679045528173447
7,3,64,54,0.4379357397556305,0.24428829550743103
7,3,64,55,0.6833611130714417,0.08664070069789886
7,3,64,56,0.47569265961647034,0.07981394231319427
7,3,64,57,0.7033073306083679,0.10928356647491455
7,3,64,58,0.45479974150657654,0.11986024677753448
7,3,64,59,0.30892229080200195,0.11273082345724106
7,3,64,60,0.49463337659835815,0.14033864438533783
7,3,64,61,0.5709070563316345,0.14436501264572144
7,3,64,62,0.2956918478012085,0.14289002120494843
7,3,64,63,0.5671051740646362,0.14259186387062073
7,4,128,0,0.5244007110595703,0.17417120933532715
7,4,128,1,0.7573885917663574,0.1428704410791397
7,4,128,2,0.6470376253128052,0.21342527866363525
7,4,128,3,0.43318140506744385,0.13518767058849335
7,4,128,4,0.44373589754104614,0.20764613151550293
7,4,128,5,0.5893914103507996,0.20715418457984924
7,4,128,6,0.45310333371162415,0.24600045382976532
7,4,128,7,0.5610276460647583,0.3549978733062744
7,4,128,8,0.28246474266052246,0.16059653460979462
7,4,128,9,0.4350678622722626,0.11402519047260284
7,4,128,10,0.5809802412986755,0.1645207554101944
7,4,128,11,0.2092452496290207,0.11014486849308014
7,4,128,12,0.3980139195919037,0.29361388087272644
7,4,128,13,0.4039230942726135,0.27568915486335754
7,4,128,14,0.5011175870895386,0.20229555666446686
7,4,128,15,0.4785727560520172,0.11364635825157166
7,4,128,16,0.6249613165855408,0.25918665528297424
7,4,128,17,0.6436640620231628,0.18083758652210236
7,4,128,18,0.5966235995292664,0.07549257576465607
7,4,128,19,0.5997593402862549,0.18737100064754486
7,4,128,20,0.6833698749542236,0.0860026478767395
7,4,128,21,0.5754626989364624,0.2993639409542084
7,4,128,22,0.5288723707199097,0.19455714523792267
7,4,128,23,0.2561843991279602,0.13706345856189728
7,4,128,24,0.6795447468757629,0.24729496240615845
7,4,128,25,0.5584511756896973,0.1723833531141281
7,4,128,26,0.5760507583618164,0.15394560992717743
7,4,128,27,0.5575737953186035,0.09809723496437073
7,4,128,28,0.6099956631660461,0.25641921162605286
7,4,128,29,0.3775506019592285,0.2052963227033615
7,4,128,30,0.6846204400062561,0.10861209779977798
7,4,128,31,0.774605393409729,0.10073042660951614
7,4,128,32,0.6332475543022156,0.25276413559913635
7,4,128,33,0.30187174677848816,0.27174192667007446
7,4,128,34,0.4887944459915161,0.24391888082027435
7,4,128,35,0.47479644417762756,0.2847355902194977
7,4,128,36,0.42622020840644836,0.2128257304430008
7,4,128,37,0.42598506808280945,0.19120457768440247
7,4,128,38,0.4837552309036255,0.24128273129463196
7,4,128,39,0.6028360724449158,0.3146178424358368
7,4,128,40,0.6696143746376038,0.2861349880695343
7,4,128,41,0.4896712303161621,0.09563379734754562
7,4,128,42,0.5440948605537415,0.11191575974225998
7,4,128,43,0.6340216994285583,0.31439122557640076
7,4,128,44,0.8515035510063171,0.08320321142673492
7,4,128,45,0.4278408885002136,0.1778491884469986
7,4,128,46,0.5513295531272888,0.043086979538202286
7,4,128,47,0.548123300075531,0.22985149919986725
7,4,128,48,0.6479904055595398,0.08142098784446716
7,4,128,49,0.4181196391582489,0.26117143034935
7,4,128,50,0.6693235635757446,0.13073226809501648
7,4,128,51,0.4770871102809906,0.16606909036636353
7,4,128,52,0.5897988080978394,0.28384700417518616
7,4,128,53,0.5455318093299866,0.05883800610899925
7,4,128,54,0.461602121591568,0.24506650865077972
7,4,128,55,0.6575009226799011,0.22034025192260742
7,4,128,56,0.507053017616272,0.2550191879272461
7,4,128,57,0.4656502306461334,0.17438821494579315
7,4,128,58,0.4443453550338745,0.09842981398105621
7,4,128,59,0.6800369024276733,0.10890817642211914
7,4,128,60,0.4343620240688324,0.2459004819393158
7,4,128,61,0.6219629049301147,0.26665863394737244
7,4,128,62,0.6048673987388611,0.24415181577205658
7,4,128,63,0.7589052319526672,0.10512650012969971
7,4,128,64,0.44487616419792175,0.18835821747779846
7,4,128,65,0.7243075966835022,0.12140753120183945
7,4,128,66,0.6206420660018921,0.10379348695278168
7,4,128,67,0.4007779061794281,0.23134198784828186
7,4,128,68,0.39428970217704773,0.22126583755016327
7,4,128,69,0.5865482687950134,0.3899573087692261
7,4,128,70,0.7177487015724182,0.0886768326163292
7,4,128,71,0.4593973755836487,0.13670900464057922
7,4,128,72,0.5618431568145752,0.1771976202726364
7,4,128,73,0.6699546575546265,0.2557600438594818
7,4,128,74,0.5409490466117859,0.15542249381542206
7,4,128,75,0.7297614216804504,0.0913669541478157
7,4,128,76,0.6762086749076843,0.11556843668222427
7,4,128,77,0.6697177886962891,0.3220846652984619
7,4,128,78,0.5553383231163025,0.3866679072380066
7,4,128,79,0.40821829438209534,0.204220250248909
7,4,128,80,0.686444103717804,0.20507875084877014
7,4,128,81,0.285190612077713,0.1866227090358734
7,4,128,82,0.6090338826179504,0.06830338388681412
7,4,128,83,0.36798331141471863,0.30042901635169983
7,4,128,84,0.5738587379455566,0.19304196536540985
7,4,128,85,0.5767651796340942,0.3080947995185852
7,4,128,86,0.7923433184623718,0.08489019423723221
7,4,128,87,0.6780202984809875,0.2736303508281708
7,4,128,88,0.5701104998588562,0.2295738160610199
7,4,128,89,0.7687683701515198,0.06133386865258217
7,4,128,90,0.6568518280982971,0.07694416493177414
7,4,128,91,0.49612951278686523,0.3508343994617462
7,4,128,92,0.737504243850708,0.10754735767841339
7,4,128,93,0.7853618860244751,0.08234363794326782
7,4,128,94,0.6104090213775635,0.3008629381656647
7,4,128,95,0.7356671690940857,0.12637946009635925
7,4,128,96,0.48368027806282043,0.20497892796993256
7,4,128,97,0.44888514280319214,0.23038724064826965
7,4,128,98,0.8205574750900269,0.09531564265489578
7,4,128,99,0.6648401618003845,0.2876390516757965
7,4,128,100,0.5227249264717102,0.2515108585357666
7,4,128,101,0.5332563519477844,0.2808527648448944
7,4,128,102,0.5498366355895996,0.11229582875967026
7,4,128,103,0.3315609097480774,0.07374564558267593
7,4,128,104,0.6144840717315674,0.37274911999702454
7,4,128,105,0.48923274874687195,0.1043681651353836
7,4,128,106,0.5884081125259399,0.17348982393741608
7,4,128,107,0.6507793068885803,0.10586108267307281
7,4,128,108,0.6444485187530518,0.3278459906578064
7,4,128,109,0.6162319779396057,0.14561137557029724
7,4,128,110,0.589545488357544,0.2801985740661621
7,4,128,111,0.6319532990455627,0.18296946585178375
7,4,128,112,0.3296431601047516,0.1093217208981514
7,4,128,113,0.6027880311012268,0.24455441534519196
7,4,128,114,0.739288866519928,0.08717125654220581
7,4,128,115,0.6180516481399536,0.163808673620224
7,4,128,116,0.5062925815582275,0.19118376076221466
7,4,128,117,0.5347924828529358,0.0997907817363739
7,4,128,118,0.592972993850708,0.2769113779067993
7,4,128,119,0.46790602803230286,0.0894043892621994
7,4,128,120,0.5608420372009277,0.07165321707725525
7,4,128,121,0.7214277386665344,0.17357973754405975
7,4,128,122,0.5585219264030457,0.13349467515945435
7,4,128,123,0.5525522828102112,0.33786243200302124
7,4,128,124,0.61911541223526,0.16099010407924652
7,4,128,125,0.6882269382476807,0.1641313135623932
7,4,128,126,0.34135720133781433,0.1658627986907959
7,4,128,127,0.673227846622467,0.08564376831054688
7,5,128,0,0.7504590749740601,0.12819238007068634
7,5,128,1,0.7628490924835205,0.1405058652162552
7,5,128,2,0.5080832839012146,0.12595219910144806
7,5,128,3,0.8115288019180298,0.06226575747132301
7,5,128,4,0.7653713226318359,0.07083424925804138
7,5,128,5,0.7090467214584351,0.13170892000198364
7,5,128,6,0.5956577062606812,0.16289618611335754
7,5,128,7,0.564437747001648,0.18093879520893097
7,5,128,8,0.6787599921226501,0.06483837962150574
7,5,128,9,0.643743634223938,0.1023126021027565
7,5,128,10,0.5351012945175171,0.17809650301933289
7,5,128,11,0.7055229544639587,0.14902913570404053
7,5,128,12,0.647229015827179,0.12195248901844025
7,5,128,13,0.594158947467804,0.12720784544944763
7,5,128,14,0.719531238079071,0.07072167098522186
7,5,128,15,0.6818095445632935,0.21533162891864777
7,5,128,16,0.6941912770271301,0.1625112146139145
7,5,128,17,0.45597270131111145,0.2707768380641937
7,5,128,18,0.7109594941139221,0.15725676715373993
7,5,128,19,0.6197684407234192,0.17675219476222992
7,5,128,20,0.7853265404701233,0.07089270651340485
7,5,128,21,0.7549214363098145,0.10994184017181396
7,5,128,22,0.6958023309707642,0.08027394115924835
7,5,128,23,0.24305886030197144,0.11001680791378021
7,5,128,24,0.7681638598442078,0.1491713523864746
7,5,128,25,0.6805106401443481,0.10658352077007294
7,5,128,26,0.6419076323509216,0.10365498811006546
7,5,128,27,0.455715537071228,0.20719696581363678
7,5,128,28,0.7395002841949463,0.07887925952672958
7,5,128,29,0.7150945663452148,0.12343699485063553
7,5,128,30,0.6840070486068726,0.19434979557991028
7,5,128,31,0.7974695563316345,0.11015384644269943
7,5,128,32,0.6942152380943298,0.11357801407575607
7,5,128,33,0.5055731534957886,0.11852823197841644
7,5,128,34,0.6524293422698975,0.1087823361158371
7,5,128,35,0.6174866557121277,0.18406379222869873
7,5,128,36,0.774980902671814,0.1586708277463913
7,5,128,37,0.6288462281227112,0.11228859424591064
7,5,128,38,0.5871323347091675,0.08072296530008316
7,5,128,39,0.5178510546684265,0.11728057265281677
7,5,128,40,0.5382347106933594,0.03837855905294418
7,5,128,41,0.7046718597412109,0.22452957928180695
7,5,128,42,0.5829282999038696,0.09663695842027664
7,5,128,43,0.7696832418441772,0.11932358890771866
7,5,128,44,0.7344033122062683,0.12655778229236603
7,5,128,45,0.6859328150749207,0.21405456960201263
7,5,128,46,0.6689721345901489,0.2162373661994934
7,5,128,47,0.8290918469429016,0.0769667774438858
7,5,128,48,0.8405535817146301,0.05301690474152565
7,5,128,49,0.5280640721321106,0.16501139104366302
7,5,128,50,0.6200528144836426,0.20595574378967285
7,5,128,51,0.5285071730613708,0.13269628584384918
7,5,128,52,0.757274866104126,0.15565328299999237
7,5,128,53,0.4567404091358185,0.12118334323167801
7,5,128,54,0.5581009387969971,0.17188908159732819
7,5,128,55,0.7702953219413757,0.12342923879623413
7,5,128,56,0.8296715021133423,0.0792025625705719
7,5,128,57,0.7434903979301453,0.11032944172620773
7,5,128,58,0.6283397674560547,0.12890209257602692
7,5,128,59,0.41846588253974915,0.3019730746746063
7,5,128,60,0.7143548727035522,0.12757882475852966
7,5,128,61,0.6770352125167847,0.21412403881549835
7,5,128,62,0.7855196595191956,0.145607590675354
7,5,128,63,0.7354242205619812,0.07898980379104614
7,5,128,64,0.6829732060432434,0.21528631448745728
7,5,128,65,0.7468687891960144,0.1678784340620041
7,5,128,66,0.7049097418785095,0.09293154627084732
7,5,128,67,0.6370941400527954,0.1422736942768097
7,5,128,68,0.34459829330444336,0.2679648995399475
7,5,128,69,0.7105027437210083,0.12482205778360367
7,5,128,70,0.7929550409317017,0.08381275087594986
7,5,128,71,0.5163935422897339,0.12600937485694885
7,5,128,72,0.6516838073730469,0.23409618437290192
7,5,128,73,0.7746847867965698,0.13769470155239105
7,5,128,74,0.6213393807411194,0.09978421777486801
7,5,128,75,0.6919847130775452,0.20374992489814758
7,5,128,76,0.7222416996955872,0.05358503386378288
7,5,128,77,0.712540864944458,0.16838043928146362
7,5,128,78,0.7087060809135437,0.10025376081466675
7,5,128,79,0.6716217398643494,0.10205229371786118
7,5,128,80,0.48246750235557556,0.12435973435640335
7,5,128,81,0.6734526753425598,0.10254064947366714
7,5,128,82,0.7531329393386841,0.11320149153470993
7,5,128,83,0.3663301169872284,0.09488290548324585
7,5,128,84,0.5630937814712524,0.21174918115139008
7,5,128,85,0.501311182975769,0.1317351907491684
7,5,128,86,0.7136330008506775,0.12774208188056946
7,5,128,87,0.6386083960533142,0.15671925246715546
7,5,128,88,0.5104796290397644,0.16442492604255676
7,5,128,89,0.751026451587677,0.12600144743919373
7,5,128,90,0.5182768702507019,0.15079772472381592
7,5,128,91,0.6233276724815369,0.09539363533258438
7,5,128,92,0.5010871887207031,0.2486090213060379
7,5,128,93,0.6961477398872375,0.1297423094511032
7,5,128,94,0.6889169216156006,0.1096239686012268
7,5,128,95,0.6678512096405029,0.10657863318920135
7,5,128,96,0.7120857834815979,0.10163117945194244
7,5,128,97,0.5931408405303955,0.15625329315662384
7,5,128,98,0.7372317910194397,0.15788677334785461
7,5,128,99,0.36170631647109985,0.2539568245410919
7,5,128,100,0.49998122453689575,0.09020335227251053
7,5,128,101,0.6380916237831116,0.05156868323683739
7,5,128,102,0.6052403450012207,0.1480388343334198
7,5,128,103,0.4245508313179016,0.30760565400123596
7,5,128,104,0.7672428488731384,0.10410374402999878
7,5,128,105,0.7824130058288574,0.09750974923372269
7,5,128,106,0.7676136493682861,0.13519640266895294
7,5,128,107,0.6443309783935547,0.15582510828971863
7,5,128,108,0.6058827638626099,0.12062115222215652
7,5,128,109,0.6497814655303955,0.09621895104646683
7,5,128,110,0.6540952920913696,0.22063706815242767
7,5,128,111,0.6344077587127686,0.10264772921800613
7,5,128,112,0.7757299542427063,0.15042023360729218
7,5,128,113,0.6017253398895264,0.11285316944122314
7,5,128,114,0.6391947269439697,0.07220707833766937
7,5,128,115,0.6352229118347168,0.2506848871707916
7,5,128,116,0.4978872537612915,0.1419372260570526
7,5,128,117,0.6672750115394592,0.15630237758159637
7,5,128,118,0.71136474609375,0.15208375453948975
7,5,128,119,0.6377901434898376,0.22196735441684723
7,5,128,120,0.6648034453392029,0.1000763326883316
7,5,128,121,0.668042004108429,0.06788880378007889
7,5,128,122,0.7759249210357666,0.07076894491910934
7,5,128,123,0.5780502557754517,0.17363111674785614
7,5,128,124,0.7629115581512451,0.08038900047540665
7,5,128,125,0.7176804542541504,0.11448006331920624
7,5,128,126,0.6460533738136292,0.15759490430355072
7,5,128,127,0.8136065006256104,0.09648217260837555
8,0,32,0,0.5513753890991211,0.1443089246749878
8,0,32,1,0.4783152937889099,0.057691652327775955
8,0,32,2,0.6214165091514587,0.1415042281150818
8,0,32,3,0.37581005692481995,0.11306308209896088
8,0,32,4,0.4830852746963501,0.16822628676891327
8,0,32,5,0.40318554639816284,0.11436194181442261
8,0,32,6,0.6458838582038879,0.06874153763055801
8,0,32,7,0.509660542011261,0.21596452593803406
8,0,32,8,0.5541677474975586,0.2145921289920807
8,0,32,9,0.4218054413795471,0.13792487978935242
8,0,32,10,0.4608173370361328,0.1253364533185959
8,0,32,11,0.5767472982406616,0.08901028335094452
8,0,32,12,0.5299495458602905,0.10418524593114853
8,0,32,13,0.4179849922657013,0.14650100469589233
8,0,32,14,0.5684019923210144,0.07477138191461563
8,0,32,15,0.6235294938087463,0.1838643103837967
8,0,32,16,0.48198026418685913,0.15737472474575043
8,0,32,17,0.39059174060821533,0.12305421382188797
8,0,32,18,0.49118727445602417,0.09939803183078766
8,0,32,19,0.3971186876296997,0.1209646463394165
8,0,32,20,0.5425947904586792,0.08724427223205566
8,0,32,21,0.5919445157051086,0.07673454284667969
8,0,32,22,0.4571889340877533,0.10898668318986893
8,0,32,23,0.31143200397491455,0.0846298411488533
8,0,32,24,0.41030651330947876,0.10421864688396454
8,0,32,25,0.4043029844760895,0.12471180409193039
8,0,32,26,0.5956481695175171,0.16456852853298187
8,0,32,27,0.4820656478404999,0.09191026538610458
8,0,32,28,0.5478595495223999,0.0821031853556633
8,0,32,29,0.5646533370018005,0.05898471176624298
8,0,32,30,0.4916112422943115,0.11716017872095108
8,0,32,31,0.5308743715286255,0.13390572369098663
8,1,32,0,0.4142189919948578,0.06827844679355621
8,1,32,1,0.559844970703125,0.03959514945745468
8,1,32,2,0.4616542458534241,0.08056425303220749
8,1,32,3,0.5645231604576111,0.0709569975733757
8,1,32,4,0.5471279621124268,0.023472649976611137
8,1,32,5,0.5222759246826172,0.04278215393424034
8,1,32,6,0.45502927899360657,0.04575743526220322
8,1,32,7,0.6022356748580933,0.12233248353004456
8,1,32,8,0.5611410140991211,0.11855877190828323
8,1,32,9,0.40592455863952637,0.03254866227507591
8,1,32,10,0.43882811069488525,0.10626719146966934
8,1,32,11,0.43121063709259033,0.04572047293186188
8,1,32,12,0.5611280798912048,0.09714512526988983
8,1,32,13,0.545650064945221,0.07888994365930557
8,1,32,14,0.5563756823539734,0.10821231454610825
8,1,32,15,0.4577697217464447,0.06224610283970833
8,1,32,16,0.4870748519897461,0.056759387254714966
8,1,32,17,0.4828519821166992,0.12617813050746918
8,1,32,18,0.5359503626823425,0.0355345793068409
8,1,32,19,0.5200523734092712,0.060450080782175064
8,1,32,20,0.5025848746299744,0.08645894378423691
8,1,32,21,0.4170675277709961,0.09966586530208588
8,1,32,22,0.5058658719062805,0.10107382386922836
8,1,32,23,0.4511151909828186,0.09106171131134033
8,1,32,24,0.5126208066940308,0.03406335785984993
8,1,32,25,0.40731921792030334,0.14809395372867584
8,1,32,26,0.5919929146766663,0.03547902777791023
8,1,32,27,0.5714622735977173,0.14586390554904938
8,1,32,28,0.5473095774650574,0.04215429723262787
8,1,32,29,0.5636734962463379,0.14147043228149414
8,1,32,30,0.35910096764564514,0.08518025279045105
8,1,32,31,0.5678948163986206,0.1152120903134346
8,2,64,0,0.3581394851207733,0.19200080633163452
8,2,64,1,0.34670743346214294,0.16283485293388367
8,2,64,2,0.47594767808914185,0.26331210136413574
8,2,64,3,0.6177228093147278,0.19635581970214844
8,2,64,4,0.3924214243888855,0.15764698386192322
8,2,64,5,0.498058944940567,0.24120931327342987
8,2,64,6,0.6674598455429077,0.08960357308387756
8,2,64,7,0.36700549721717834,0.14031563699245453
8,2,64,8,0.47187474370002747,0.10271661728620529
8,2,64,9,0.48993563652038574,0.12780287861824036
8,2,64,10,0.5856852531433105,0.1298552006483078
8,2,64,11,0.4534763693809509,0.21945029497146606
8,2,64,12,0.5425291657447815,0.1793348342180252
8,2,64,13,0.42547744512557983,0.14928895235061646
8,2,64,14,0.5751296281814575,0.1524059921503067
8,2,64,15,0.514940083026886,0.14409291744232178
8,2,64,16,0.4427432417869568,0.2105696201324463
8,2,64,17,0.6071290373802185,0.19039711356163025
8,2,64,18,0.5904389023780823,0.11168581992387772
8,2,64,19,0.4202771484851837,0.18951992690563202
8,2,64,20,0.6341342329978943,0.1299232393503189
8,2,64,21,0.44324541091918945,0.2500450909137726
8,2,64,22,0.4643755257129669,0.10268345475196838
8,2,64,23,0.44239017367362976,0.20584402978420258
8,2,64,24,0.5192335247993469,0.17370502650737762
8,2,64,25,0.4666661322116852,0.2526807487010956
8,2,64,26,0.608984649181366,0.048029664903879166
8,2,64,27,0.6510583758354187,0.2198677957057953
8,2,64,28,0.5686831474304199,0.20092560350894928
8,2,64,29,0.4421113133430481,0.16990409791469574
8,2,64,30,0.3551696538925171,0.19370685517787933
8,2,64,31,0.4398312568664551,0.15217190980911255
8,2,64,32,0.6398967504501343,0.133897066116333
8,2,64,33,0.4344019591808319,0.21293175220489502
8,2,64,34,0.4639098346233368,0.20311518013477325
8,2,64,35,0.5388031005859375,0.10338684171438217
8,2,64,36,0.42675039172172546,0.2218107283115387
8,2,64,37,0.45577672123908997,0.20896393060684204
8,2,64,38,0.48102864623069763,0.16387689113616943
8,2,64,39,0.47082552313804626,0.13951049745082855
8,2,64,40,0.5988458395004272,0.16205842792987823
8,2,64,41,0.47712254524230957,0.22770465910434723
8,2,64,42,0.5190830230712891,0.20749862492084503
8,2,64,43,0.34625232219696045,0.12623445689678192
8,2,64,44,0.5209910273551941,0.1848158836364746
8,2,64,45,0.29899337887763977,0.13788698613643646
8,2,64,46,0.5970728397369385,0.14129549264907837
8,2,64,47,0.40306153893470764,0.07998698949813843
8,2,64,48,0.6065787672996521,0.26496031880378723
8,2,64,49,0.4186199903488159,0.20067334175109863
8,2,64,50,0.507637619972229,0.3163752257823944
8,2,64,51,0.5271943807601929,0.16229881346225739
8,2,64,52,0.3821486234664917,0.21515952050685883
8,2,64,53,0.46122491359710693,0.13296166062355042
8,2,64,54,0.5706630945205688,0.25425392389297485
8,2,64,55,0.5227841138839722,0.21633274853229523
8,2,64,56,0.5776233673095703,0.2233290821313858
8,2,64,57,0.3697091341018677,0.1790473610162735
8,2,64,58,0.5166769623756409,0.15753266215324402
8,2,64,59,0.549144446849823,0.17798735201358795
8,2,64,60,0.49830856919288635,0.1575067639350891
8,2,64,61,0.4465121030807495,0.19301928579807281
8,2,64,62,0.7114971280097961,0.11281374841928482
8,2,64,63,0.398907870054245,0.13031889498233795
8,3,64,0,0.6109686493873596,0.19424644112586975
8,3,64,1,0.6268205046653748,0.09540551900863647
8,3,64,2,0.3720383048057556,0.11468696594238281
8,3,64,3,0.727398157119751,0.10731615126132965
8,3,64,4,0.48159465193748474,0.2154344916343689
8,3,64,5,0.3273279666900635,0.12173480540513992
8,3,64,6,0.5541566610336304,0.2009011209011078
8,3,64,7,0.2949104309082031,0.10855302214622498
8,3,64,8,0.6196823120117188,0.09215916693210602
8,3,64,9,0.24711677432060242,0.1043226420879364
8,3,64,10,0.2912611961364746,0.09235510230064392
8,3,64,11,0.6163508892059326,0.08037181198596954
8,3,64,12,0.4133167266845703,0.22896072268486023
8,3,64,13,0.4573555588722229,0.19207821786403656
8,3,64,14,0.46349257230758667,0.057330768555402756
8,3,64,15,0.5025755763053894,0.14994928240776062
8,3,64,16,0.4278738498687744,0.13959048688411713
8,3,64,17,0.36535224318504333,0.12156705558300018
8,3,64,18,0.4384267330169678,0.07280505448579788
8,3,64,19,0.4018605053424835,0.21562813222408295
8,3,64,20,0.7465137243270874,0.10073241591453552
8,3,64,21,0.4224901497364044,0.11773736029863358
8,3,64,22,0.40255898237228394,0.08696797490119934
8,3,64,23,0.55661541223526,0.24848337471485138
8,3,64,24,0.4431057572364807,0.1852247565984726
8,3,64,25,0.3465788662433624,0.1155838891863823
8,3,64,26,0.3829127550125122,0.15062709152698517
8,3,64,27,0.6157872080802917,0.16360589861869812
8,3,64,28,0.5031478404998779,0.11498329788446426
8,3,64,29,0.4295726418495178,0.0636834129691124
8,3,64,30,0.6684331297874451,0.1068287193775177
8,3,64,31,0.3520355522632599,0.18190471827983856
8,3,64,32,0.5065129399299622,0.2400560826063156
8,3,64,33,0.40205106139183044,0.17748741805553436
8,3,64,34,0.5962273478507996,0.19934658706188202
8,3,64,35,0.6599251627922058,0.1824123114347458
8,3,64,36,0.6036651730537415,0.08405866473913193
8,3,64,37,0.627009391784668,0.057641979306936264
8,3,64,38,0.4404073655605316,0.23268145322799683
8,3,64,39,0.5006750226020813,0.09013864398002625
8,3,64,40,0.2761131525039673,0.115702323615551
8,3,64,41,0.5249898433685303,0.25508618354797363
8,3,64,42,0.38586995005607605,0.1248556450009346
8,3,64,43,0.408810019493103,0.2020147442817688
8,3,64,44,0.7117820382118225,0.1260189712047577
8,3,64,45,0.4698752760887146,0.30066704750061035
8,3,64,46,0.5121066570281982,0.1763572096824646
8,3,64,47,0.44101977348327637,0.1355970948934555
8,3,64,48,0.6118312478065491,0.11789347231388092
8,3,64,49,0.5277928709983826,0.27523767948150635
8,3,64,50,0.643829345703125,0.13848935067653656
8,3,64,51,0.5543596148490906,0.1628071665763855
8,3,64,52,0.5762700438499451,0.16069597005844116
8,3,64,53,0.32274124026298523,0.12648598849773407
8,3,64,54,0.6235206127166748,0.06694573163986206
8,3,64,55,0.4000109136104584,0.05356237292289734
8,3,64,56,0.5720841884613037,0.04427884519100189
8,3,64,57,0.6044918298721313,0.10561180114746094
8,3,64,58,0.7347458004951477,0.11708914488554001
8,3,64,59,0.5680962204933167,0.15003782510757446
8,3,64,60,0.76935875415802,0.0927249863743782
8,3,64,61,0.5811669230461121,0.17125549912452698
8,3,64,62,0.5915443301200867,0.04613349214196205
8,3,64,63,0.3592122793197632,0.059624411165714264
8,4,128,0,0.4865155518054962,0.21139200031757355
8,4,128,1,0.6548710465431213,0.1612800806760788
8,4,128,2,0.47381091117858887,0.3246670663356781
8,4,128,3,0.6736026406288147,0.09634087979793549
8,4,128,4,0.6753348708152771,0.08562406152486801
8,4,128,5,0.4064583480358124,0.11605090647935867
8,4,128,6,0.5454692840576172,0.2320670485496521
8,4,128,7,0.4293268024921417,0.1408350020647049
8,4,128,8,0.37059909105300903,0.11621716618537903
8,4,128,9,0.40754014253616333,0.09771471470594406
8,4,128,10,0.5714312791824341,0.13071027398109436
8,4,128,11,0.6334434747695923,0.1192503422498703
8,4,128,12,0.5101498961448669,0.12985771894454956
8,4,128,13,0.5597488284111023,0.29844826459884644
8,4,128,14,0.6434401273727417,0.16317911446094513
8,4,128,15,0.6676608920097351,0.09351085871458054
8,4,128,16,0.4972146451473236,0.10002787411212921
8,4,128,17,0.5645193457603455,0.18346406519412994
8,4,128,18,0.6162235736846924,0.19385184347629547
8,4,128,19,0.5574835538864136,0.12877993285655975
8,4,128,20,0.4903765320777893,0.06301669776439667
8,4,128,21,0.6423647403717041,0.19087563455104828
8,4,128,22,0.5547993779182434,0.23087847232818604
8,4,128,23,0.573525607585907,0.3282473087310791
8,4,128,24,0.4004848599433899,0.24424052238464355
8,4,128,25,0.5496297478675842,0.20096948742866516
8,4,128,26,0.6071208715438843,0.23173335194587708
8,4,128,27,0.7101720571517944,0.1788608878850937
8,4,128,28,0.5089591145515442,0.222711980342865
8,4,128,29,0.7242782711982727,0.19414955377578735
8,4,128,30,0.4845481216907501,0.35009634494781494
8,4,128,31,0.44142791628837585,0.34797289967536926
8,4,128,32,0.45656684041023254,0.21552948653697968
8,4,128,33,0.7376132011413574,0.11705339699983597
8,4,128,34,0.5079665780067444,0.13816241919994354
8,4,128,35,0.5123736262321472,0.23726075887680054
8,4,128,36,0.5425905585289001,0.12202291190624237
8,4,128,37,0.5545284152030945,0.1357426643371582
8,4,128,38,0.6687720417976379,0.2835436463356018
8,4,128,39,0.4847395718097687,0.30193930864334106
8,4,128,40,0.5612416863441467,0.2580762505531311
8,4,128,41,0.6045364141464233,0.07201007753610611
8,4,128,42,0.4763115644454956,0.12410891056060791
8,4,128,43,0.516902506351471,0.1851220279932022
8,4,128,44,0.737861156463623,0.06871459633111954
8,4,128,45,0.5903651118278503,0.16370342671871185
8,4,128,46,0.6780800819396973,0.06988704949617386
8,4,128,47,0.6884768605232239,0.08005011081695557
8,4,128,48,0.4353005886077881,0.3707631528377533
8,4,128,49,0.6108080744743347,0.13066866993904114
8,4,128,50,0.45430460572242737,0.22007696330547333
8,4,128,51,0.4292493760585785,0.10214883834123611
8,4,128,52,0.5942135453224182,0.11404019594192505
8,4,128,53,0.6846886873245239,0.12986698746681213
8,4,128,54,0.6335556507110596,0.15815822780132294
8,4,128,55,0.6547186970710754,0.1326950639486313
8,4,128,56,0.5631411075592041,0.09530121833086014
8,4,128,57,0.5694626569747925,0.07766252756118774
8,4,128,58,0.6150468587875366,0.26898354291915894
8,4,128,59,0.47466275095939636,0.24586711823940277
8,4,128,60,0.5676459074020386,0.1824515163898468
8,4,128,61,0.5065336227416992,0.28568750619888306
8,4,128,62,0.5526516437530518,0.1075800359249115
8,4,128,63,0.539661169052124,0.21244139969348907
8,4,128,64,0.6034965515136719,0.1012517660856247
8,4,128,65,0.6152282357215881,0.09385611861944199
8,4,128,66,0.6263774037361145,0.19896487891674042
8,4,128,67,0.7187255620956421,0.15462477505207062
8,4,128,68,0.7259008884429932,0.1428905427455902
8,4,128,69,0.5032170414924622,0.20755591988563538
8,4,128,70,0.441517174243927,0.36363667249679565
8,4,128,71,0.5846845507621765,0.1476062685251236
8,4,128,72,0.6117850542068481,0.04938889294862747
8,4,128,73,0.5094844698905945,0.2748197317123413
8,4,128,74,0.38763052225112915,0.13182705640792847
8,4,128,75,0.6011287569999695,0.11294963955879211
8,4,128,76,0.7241179943084717,0.08153648674488068
8,4,128,77,0.45584121346473694,0.09880362451076508
8,4,128,78,0.5051554441452026,0.16252578794956207
8,4,128,79,0.5683795809745789,0.2680288255214691
8,4,128,80,0.6789275407791138,0.15472091734409332
8,4,128,81,0.6091335415840149,0.09391827881336212
8,4,128,82,0.5035894513130188,0.08675099164247513
8,4,128,83,0.3677811622619629,0.08382385224103928
8,4,128,84,0.6427904963493347,0.12036996334791183
8,4,128,85,0.6118115186691284,0.13526716828346252
8,4,128,86,0.6429077386856079,0.1536215841770172
8,4,128,87,0.611297070980072,0.07024428993463516
8,4,128,88,0.7120748162269592,0.09056730568408966
8,4,128,89,0.720973551273346,0.12011006474494934
8,4,128,90,0.7167890071868896,0.0953751653432846
8,4,128,91,0.7162455916404724,0.14574933052062988
8,4,128,92,0.5849137306213379,0.3344952464103699
8,4,128,93,0.6443026065826416,0.11917988210916519
8,4,128,94,0.6764838695526123,0.13221482932567596
8,4,128,95,0.388668417930603,0.20056097209453583
8,4,128,96,0.5921521186828613,0.2678806781768799
8,4,128,97,0.6211693286895752,0.20324936509132385
8,4,128,98,0.4688917398452759,0.14133121073246002
8,4,128,99,0.6035850644111633,0.24833081662654877
8,4,128,100,0.4418387711048126,0.18556681275367737
8,4,128,101,0.518773078918457,0.3017561733722687
8,4,128,102,0.6394190788269043,0.11627896875143051
8,4,128,103,0.552399218082428,0.14867131412029266
8,4,128,104,0.2908893823623657,0.14515036344528198
8,4,128,105,0.4752257764339447,0.28092312812805176
8,4,128,106,0.481238454580307,0.10371289402246475
8,4,128,107,0.3321422040462494,0.1706324815750122
8,4,128,108,0.7077739834785461,0.1809462606906891
8,4,128,109,0.4737236797809601,0.1780875325202942
8,4,128,110,0.6475703120231628,0.15731066465377808
8,4,128,111,0.5686623454093933,0.17210134863853455
8,4,128,112,0.4644205570220947,0.1512741893529892
8,4,128,113,0.5209802389144897,0.2476765662431717
8,4,128,114,0.3549683094024658,0.1256215125322342
8,4,128,115,0.5696751475334167,0.3311769664287567
8,4,128,116,0.5079147815704346,0.20819661021232605
8,4,128,117,0.5457552075386047,0.23475705087184906
8,4,128,118,0.5739176273345947,0.19521664083003998
8,4,128,119,0.6769288182258606,0.11424534767866135
8,4,128,120,0.5234432816505432,0.11700018495321274
8,4,128,121,0.348625510931015,0.09640713036060333
8,4,128,122,0.6800643801689148,0.08769247680902481
8,4,128,123,0.6281326413154602,0.2105773538351059
8,4,128,124,0.5740737318992615,0.08907296508550644
8,4,128,125,0.5500234961509705,0.2509429156780243
8,4,128,126,0.5085373520851135,0.10610266774892807
8,4,128,127,0.5364301800727844,0.11445344239473343
8,5,128,0,0.624894917011261,0.23897290229797363
8,5,128,1,0.8126117587089539,0.07236451655626297
8,5,128,2,0.862368106842041,0.062072351574897766
8,5,128,3,0.7278134822845459,0.1567366123199463
8,5,128,4,0.7884306907653809,0.1339513659477234
8,5,128,5,0.8765330910682678,0.07414358854293823
8,5,128,6,0.7416192293167114,0.2242436558008194
8,5,128,7,0.7024645209312439,0.11874964833259583
8,5,128,8,0.6662570238113403,0.08115141093730927
8,5,128,9,0.6584612727165222,0.06121836230158806
8,5,128,10,0.7363560199737549,0.12790949642658234
8,5,128,11,0.7559137344360352,0.15711335837841034
8,5,128,12,0.4513334333896637,0.37261444330215454
8,5,128,13,0.47080695629119873,0.3159714341163635
8,5,128,14,0.8291395306587219,0.0921270027756691
8,5,128,15,0.7871355414390564,0.16946543753147125
8,5,128,16,0.7847356200218201,0.17349062860012054
8,5,128,17,0.7050309181213379,0.09514511376619339
8,5,128,18,0.41541793942451477,0.2902128994464874
8,5,128,19,0.4156621992588043,0.29876846075057983
8,5,128,20,0.5136544108390808,0.26659151911735535
8,5,128,21,0.7770289778709412,0.18611502647399902
8,5,128,22,0.7173227071762085,0.13746196031570435
8,5,128,23,0.8080865740776062,0.12252064794301987
8,5,128,24,0.7897776961326599,0.1558220088481903
8,5,128,25,0.8128300309181213,0.126549631357193
8,5,128,26,0.539454996585846,0.20573845505714417
8,5,128,27,0.6916422247886658,0.12881019711494446
8,5,128,28,0.764422595500946,0.1611473709344864
8,5,128,29,0.8440078496932983,0.10145354270935059
8,5,128,30,0.701750636100769,0.21174554526805878
8,5,128,31,0.7777274250984192,0.19140325486660004
8,5,128,32,0.5689153671264648,0.09799513220787048
8,5,128,33,0.7481194138526917,0.10188159346580505
8,5,128,34,0.7352789044380188,0.10786707699298859
8,5,128,35,0.27925214171409607,0.15386086702346802
8,5,128,36,0.46084025502204895,0.3482701778411865
8,5,128,37,0.6456121802330017,0.19095976650714874
8,5,128,38,0.6642599701881409,0.11740484833717346
8,5,128,39,0.45439696311950684,0.2703494429588318
8,5,128,40,0.7066096663475037,0.2287302315235138
8,5,128,41,0.700190544128418,0.14686241745948792
8,5,128,42,0.645157516002655,0.26132965087890625
8,5,128,43,0.7266861796379089,0.14916656911373138
8,5,128,44,0.7815178632736206,0.25637221336364746
8,5,128,45,0.7679766416549683,0.21357211470603943
8,5,128,46,0.770389199256897,0.13953229784965515
8,5,128,47,0.5456761121749878,0.0806504413485527
8,5,128,48,0.8046372532844543,0.17533114552497864
8,5,128,49,0.6151774525642395,0.27222198247909546
8,5,128,50,0.7816148996353149,0.1074390634894371
8,5,128,51,0.4890356957912445,0.38308417797088623
8,5,128,52,0.7438758611679077,0.08327562361955643
8,5,128,53,0.5418892502784729,0.17235995829105377
8,5,128,54,0.681880533695221,0.1941630244255066
8,5,128,55,0.7707827091217041,0.16843868792057037
8,5,128,56,0.5869256258010864,0.2265310138463974
8,5,128,57,0.48611706495285034,0.3215545415878296
8,5,128,58,0.8514342904090881,0.09325548261404037
8,5,128,59,0.36630484461784363,0.3152259588241577
8,5,128,60,0.7587860822677612,0.11235082149505615
8,5,128,61,0.5002403259277344,0.11492405831813812
8,5,128,62,0.8098589181900024,0.06801936030387878
8,5,128,63,0.7016940116882324,0.12310457974672318
8,5,128,64,0.6933571696281433,0.29673320055007935
8,5,128,65,0.8589706420898438,0.07645481824874878
8,5,128,66,0.6022223234176636,0.3101174831390381
8,5,128,67,0.7568023204803467,0.21008449792861938
8,5,128,68,0.5413185954093933,0.14490781724452972
8,5,128,69,0.6985307931900024,0.24717453122138977
8,5,128,70,0.7595024108886719,0.2167687714099884
8,5,128,71,0.7823614478111267,0.08351455628871918
8,5,128,72,0.9001447558403015,0.06768167018890381
8,5,128,73,0.5521695017814636,0.0559292808175087
8,5,128,74,0.4113248884677887,0.35034412145614624
8,5,128,75,0.5992136597633362,0.12194995582103729
8,5,128,76,0.6832594275474548,0.2345694601535797
8,5,128,77,0.5720573663711548,0.14137442409992218
8,5,128,78,0.8511819243431091,0.07990636676549911
8,5,128,79,0.8500469923019409,0.0938001275062561
8,5,128,80,0.8314167261123657,0.08091267198324203
8,5,128,81,0.7629874348640442,0.15103089809417725
8,5,128,82,0.38236740231513977,0.19666706025600433
8,5,128,83,0.7990090250968933,0.08722051978111267
8,5,128,84,0.6469226479530334,0.23734204471111298
8,5,128,85,0.5744258761405945,0.34557273983955383
8,5,128,86,0.7587489485740662,0.1864967793226242
8,5,128,87,0.7495185136795044,0.14900800585746765
8,5,128,88,0.8135005235671997,0.07707352936267853
8,5,128,89,0.76242595911026,0.20997191965579987
8,5,128,90,0.7093806862831116,0.2559627592563629
8,5,128,91,0.8133013844490051,0.10943201184272766
8,5,128,92,0.6846468448638916,0.21715453267097473
8,5,128,93,0.8031309843063354,0.16242805123329163
8,5,128,94,0.7502354979515076,0.13198846578598022
8,5,128,95,0.6822808980941772,0.0813428983092308
8,5,128,96,0.8612422347068787,0.07966922223567963
8,5,128,97,0.7408705353736877,0.2546858489513397
8,5,128,98,0.6831893920898438,0.23654469847679138
8,5,128,99,0.7562567591667175,0.11097309738397598
8,5,128,100,0.6405120491981506,0.2020738422870636
8,5,128,101,0.739637553691864,0.23543065786361694
8,5,128,102,0.6371968388557434,0.14187902212142944
8,5,128,103,0.5113569498062134,0.18081672489643097
8,5,128,104,0.5995379686355591,0.19307006895542145
8,5,128,105,0.674979031085968,0.33099544048309326
8,5,128,106,0.611689567565918,0.17740409076213837
8,5,128,107,0.3835422694683075,0.17294925451278687
8,5,128,108,0.38654983043670654,0.2572751045227051
8,5,128,109,0.6303303837776184,0.32801422476768494
8,5,128,110,0.7789923548698425,0.20238560438156128
8,5,128,111,0.4074540436267853,0.24949540197849274
8,5,128,112,0.4425419270992279,0.32382041215896606
8,5,128,113,0.767334520816803,0.11452561616897583
8,5,128,114,0.6169244647026062,0.19611813127994537
8,5,128,115,0.7518504858016968,0.10790359228849411
8,5,128,116,0.5947346687316895,0.23253728449344635
8,5,128,117,0.8171866536140442,0.07828384637832642
8,5,128,118,0.773624837398529,0.19618786871433258
8,5,128,119,0.8359262347221375,0.1324799656867981
8,5,128,120,0.4254075288772583,0.3407406806945801
8,5,128,121,0.4479619562625885,0.24940113723278046
8,5,128,122,0.6414743661880493,0.19349630177021027
8,5,128,123,0.6266714930534363,0.24443872272968292
8,5,128,124,0.6985478401184082,0.2024107128381729
8,5,128,125,0.3765484690666199,0.19154343008995056
8,5,128,126,0.6789587140083313,0.24807780981063843
8,5,128,127,0.7503846883773804,0.14988960325717926
9,0,32,0,0.5499631762504578,0.172937273979187
9,0,32,1,0.5388522744178772,0.10834640264511108
9,0,32,2,0.6467635035514832,0.06507804989814758
9,0,32,3,0.5533764362335205,0.1249784603714943
9,0,32,4,0.5707966685295105,0.09041253477334976
9,0,32,5,0.3536600172519684,0.0806143581867218
9,0,32,6,0.5991788506507874,0.10212726891040802
9,0,32,7,0.4752293825149536,0.08303073048591614
9,0,32,8,0.6482282876968384,0.07702182233333588
9,0,32,9,0.4668711721897125,0.12085908651351929
9,0,32,10,0.5591538548469543,0.11685989797115326
9,0,32,11,0.5335813760757446,0.12158261239528656
9,0,32,12,0.5557476282119751,0.12544655799865723
9,0,32,13,0.44288843870162964,0.15364816784858704
9,0,32,14,0.5554047226905823,0.07739782333374023
9,0,32,15,0.4248139560222626,0.11291138827800751
9,0,32,16,0.5145910978317261,0.0830683782696724
9,0,32,17,0.42817628383636475,0.12439854443073273
9,0,32,18,0.31021586060523987,0.07812768220901489
9,0,32,19,0.48467496037483215,0.14346322417259216
9,0,32,20,0.3432992696762085,0.11348655819892883
9,0,32,21,0.5439958572387695,0.05715860053896904
9,0,32,22,0.5851351618766785,0.13067704439163208
9,0,32,23,0.4506472945213318,0.10452009737491608
9,0,32,24,0.5523603558540344,0.08889716118574142
9,0,32,25,0.6033971905708313,0.08299057185649872
9,0,32,26,0.536251425743103,0.07381533831357956
9,0,32,27,0.4768996834754944,0.07322314381599426
9,0,32,28,0.6115477085113525,0.08062410354614258
9,0,32,29,0.5496529936790466,0.0769704133272171
9,0,32,30,0.4675334692001343,0.09092088788747787
9,0,32,31,0.5485562682151794,0.07304339855909348
9,1,32,0,0.6112849712371826,0.1338074803352356
9,1,32,1,0.4590134918689728,0.2224360555410385
9,1,32,2,0.6547825932502747,0.09967213124036789
9,1,32,3,0.4526539742946625,0.16000321507453918
9,1,32,4,0.5384752750396729,0.09052977710962296
9,1,32,5,0.5471625924110413,0.10233175754547119
9,1,32,6,0.466747909784317,0.11367229372262955
9,1,32,7,0.4356004595756531,0.11610400676727295
9,1,32,8,0.6528577208518982,0.19231992959976196
9,1,32,9,0.5067712068557739,0.1357835829257965
9,1,32,10,0.641383171081543,0.18759818375110626
9,1,32,11,0.5893040299415588,0.14333119988441467
9,1,32,12,0.40032950043678284,0.19753512740135193
9,1,32,13,0.3095555305480957,0.10592722147703171
9,1,32,14,0.5993890166282654,0.14449723064899445
9,1,32,15,0.571682870388031,0.1675928831100464
9,1,32,16,0.3508109450340271,0.06770311295986176
9,1,32,17,0.5659691691398621,0.11650944501161575
9,1,32,18,0.52127605676651,0.17514477670192719
9,1,32,19,0.3563503921031952,0.24075472354888916
9,1,32,20,0.5772965550422668,0.06928750872612
9,1,32,21,0.4639476239681244,0.18889474868774414
9,1,32,22,0.5043359398841858,0.23922425508499146
9,1,32,23,0.6070361733436584,0.05648981034755707
9,1,32,24,0.45429614186286926,0.1444418728351593
9,1,32,25,0.5261040925979614,0.12970095872879028
9,1,32,26,0.40352892875671387,0.17460335791110992
9,1,32,27,0.47350621223449707,0.10147804766893387
9,1,32,28,0.587117612361908,0.06180945783853531
9,1,32,29,0.37268805503845215,0.09126591682434082
9,1,32,30,0.4384111762046814,0.06843386590480804
9,1,32,31,0.5107472538948059,0.149307981133461
9,2,64,0,0.7096494436264038,0.18302717804908752
9,2,64,1,0.4987861216068268,0.09478548169136047
9,2,64,2,0.3887411653995514,0.08689907193183899
9,2,64,3,0.7001082301139832,0.0886554941534996
9,2,64,4,0.4177986681461334,0.18599316477775574
9,2,64,5,0.4361404478549957,0.09139186143875122
9,2,64,6,0.39983269572257996,0.1306082159280777
9,2,64,7,0.59951251745224,0.12947699427604675
9,2,64,8,0.5588790774345398,0.08181574940681458
9,2,64,9,0.4507945477962494,0.12844882905483246
9,2,64,10,0.46665865182876587,0.12387387454509735
9,2,64,11,0.4759266972541809,0.07715786248445511
9,2,64,12,0.41669565439224243,0.20602186024188995
9,2,64,13,0.45350968837738037,0.08835012465715408
9,2,64,14,0.6805754899978638,0.09622084349393845
9,2,64,15,0.572346568107605,0.174109548330307
9,2,64,16,0.4105691909790039,0.06573071330785751
9,2,64,17,0.5053433179855347,0.2106126993894577
9,2,64,18,0.49278193712234497,0.20122426748275757
9,2,64,19,0.4578845500946045,0.18058983981609344
9,2,64,20,0.5586526989936829,0.12394583970308304
9,2,64,21,0.37606436014175415,0.1307135820388794
9,2,64,22,0.6033870577812195,0.17612677812576294
9,2,64,23,0.4776243567466736,0.17028199136257172
9,2,64,24,0.6541333794593811,0.08679088950157166
9,2,64,25,0.6297129392623901,0.1769634634256363
9,2,64,26,0.3770642876625061,0.060624536126852036
9,2,64,27,0.5620195865631104,0.2929956614971161
9,2,64,28,0.48912763595581055,0.1774824857711792
9,2,64,29,0.5049830675125122,0.18344636261463165
9,2,64,30,0.6608587503433228,0.08265165984630585
9,2,64,31,0.46590134501457214,0.23499339818954468
9,2,64,32,0.5336934328079224,0.06730245053768158
9,2,64,33,0.5480460524559021,0.19767461717128754
9,2,64,34,0.4691930413246155,0.2726268470287323
9,2,64,35,0.5398070812225342,0.11600764840841293
9,2,64,36,0.48943963646888733,0.16210924088954926
9,2,64,37,0.5815404653549194,0.1594906747341156
9,2,64,38,0.5762546062469482,0.1297077238559723
9,2,64,39,0.43499380350112915,0.20644307136535645
9,2,64,40,0.4527699947357178,0.14363889396190643
9,2,64,41,0.7141109704971313,0.09541679173707962
9,2,64,42,0.5546347498893738,0.12338010221719742
9,2,64,43,0.4341791570186615,0.1565275639295578
9,2,64,44,0.45450809597969055,0.0584876649081707
9,2,64,45,0.4373013973236084,0.07184232771396637
9,2,64,46,0.5319101810455322,0.2638823688030243
9,2,64,47,0.3334279954433441,0.11542890220880508
9,2,64,48,0.6101704835891724,0.14635156095027924
9,2,64,49,0.43838536739349365,0.1391654908657074
9,2,64,50,0.44028356671333313,0.13895699381828308
9,2,64,51,0.4698120355606079,0.05933672934770584
9,2,64,52,0.4700055718421936,0.1149558573961258
9,2,64,53,0.6793566942214966,0.06872701644897461
9,2,64,54,0.4292045831680298,0.1628967523574829
9,2,64,55,0.5290637016296387,0.08929764479398727
9,2,64,56,0.5116353034973145,0.2259281575679779
9,2,64,57,0.4614924490451813,0.14232227206230164
9,2,64,58,0.5650234222412109,0.14196161925792694
9,2,64,59,0.44503024220466614,0.1850125789642334
9,2,64,60,0.5569190979003906,0.2560095489025116
9,2,64,61,0.6236416101455688,0.045802220702171326
9,2,64,62,0.5251325368881226,0.14736950397491455
9,2,64,63,0.31079113483428955,0.04491443932056427
9,3,64,0,0.7127251029014587,0.10894982516765594
9,3,64,1,0.46271419525146484,0.11784393340349197
9,3,64,2,0.4561719596385956,0.12578003108501434
9,3,64,3,0.54119473695755,0.13072186708450317
9,3,64,4,0.4947953224182129,0.08504683524370193
9,3,64,5,0.4453370273113251,0.034902025014162064
9,3,64,6,0.5355314016342163,0.14350000023841858
9,3,64,7,0.5800164937973022,0.0981271043419838
9,3,64,8,0.3734448254108429,0.13043031096458435
9,3,64,9,0.606820821762085,0.11389155685901642
9,3,64,10,0.3326042592525482,0.11763930320739746
9,3,64,11,0.6115944385528564,0.1238151416182518
9,3,64,12,0.5003243684768677,0.2363821417093277
9,3,64,13,0.49432697892189026,0.16403193771839142
9,3,64,14,0.44776004552841187,0.14110346138477325
9,3,64,15,0.4300777316093445,0.16023705899715424
9,3,64,16,0.44706445932388306,0.2270624190568924
9,3,64,17,0.6648167967796326,0.27110159397125244
9,3,64,18,0.45081639289855957,0.10623850673437119
9,3,64,19,0.49729466438293457,0.1527235358953476
9,3,64,20,0.43553686141967773,0.16483962535858154
9,3,64,21,0.6481232643127441,0.21275797486305237
9,3,64,22,0.29545828700065613,0.14872802793979645
9,3,64,23,0.4131205976009369,0.16348078846931458
9,3,64,24,0.4941249191761017,0.12193988263607025
9,3,64,25,0.44678714871406555,0.17262521386146545
9,3,64,26,0.3275623321533203,0.11512451618909836
9,3,64,27,0.5059775114059448,0.10812687873840332
9,3,64,28,0.4561290442943573,0.23282849788665771
9,3,64,29,0.3922036588191986,0.1849454641342163
9,3,64,30,0.4567534029483795,0.1428208351135254
9,3,64,31,0.5539799332618713,0.15476346015930176
9,3,64,32,0.5951507687568665,0.140422984957695
9,3,64,33,0.5564886331558228,0.15115967392921448
9,3,64,34,0.6437937617301941,0.11078502982854843
9,3,64,35,0.5860381722450256,0.20302394032478333
9,3,64,36,0.31661736965179443,0.12654933333396912
9,3,64,37,0.5386350750923157,0.12636467814445496
9,3,64,38,0.4804358184337616,0.20001915097236633
9,3,64,39,0.431341290473938,0.1939477026462555
9,3,64,40,0.4834730625152588,0.14359697699546814
9,3,64,41,0.39600393176078796,0.20964236557483673
9,3,64,42,0.6914909482002258,0.1009460911154747
9,3,64,43,0.4017658531665802,0.1619190275669098
9,3,64,44,0.6194263696670532,0.1181580051779747
9,3,64,45,0.4074976444244385,0.05566615238785744
9,3,64,46,0.2859596610069275,0.1316167563199997
9,3,64,47,0.5628107190132141,0.10747535526752472
9,3,64,48,0.4789640009403229,0.05528249591588974
9,3,64,49,0.4764305055141449,0.2103610336780548
9,3,64,50,0.43579840660095215,0.11709509789943695
9,3,64,51,0.555749773979187,0.060391902923583984
9,3,64,52,0.5018320083618164,0.10916217416524887
9,3,64,53,0.5492702722549438,0.18534943461418152
9,3,64,54,0.5696058869361877,0.16358855366706848
9,3,64,55,0.5536383390426636,0.07384579628705978
9,3,64,56,0.6713548302650452,0.09822104871273041
9,3,64,57,0.4708869457244873,0.15261481702327728
9,3,64,58,0.6688225269317627,0.1423596888780594
9,3,64,59,0.44563668966293335,0.1178993210196495
9,3,64,60,0.3560453951358795,0.1718340963125229
9,3,64,61,0.5842519402503967,0.1929810345172882
9,3,64,62,0.5061408877372742,0.14727844297885895
9,3,64,63,0.49056708812713623,0.21358710527420044
9,4,128,0,0.5463507175445557,0.19804921746253967
9,4,128,1,0.5715481638908386,0.20707613229751587
9,4,128,2,0.5791497230529785,0.2175605744123459
9,4,128,3,0.7805690169334412,0.092784084379673
9,4,128,4,0.6559172868728638,0.08270888030529022
9,4,128,5,0.6462405920028687,0.10669536143541336
9,4,128,6,0.28501760959625244,0.10671759396791458
9,4,128,7,0.6897671818733215,0.15016289055347443
9,4,128,8,0.35426586866378784,0.1928265392780304
9,4,128,9,0.4222036600112915,0.1726696789264679
9,4,128,10,0.7713412642478943,0.11362231522798538
9,4,128,11,0.4562673270702362,0.19898198544979095
9,4,128,12,0.60615473985672,0.34514185786247253
9,4,128,13,0.6049903035163879,0.3930535614490509
9,4,128,14,0.5095970034599304,0.30684441328048706
9,4,128,15,0.740982174873352,0.09396553039550781
9,4,128,16,0.504679799079895,0.2749265134334564
9,4,128,17,0.48188453912734985,0.06473803520202637
9,4,128,18,0.356278657913208,0.29365676641464233
9,4,128,19,0.3505024313926697,0.2525390386581421
9,4,128,20,0.5672796964645386,0.14560650289058685
9,4,128,21,0.4601843059062958,0.33472225069999695
9,4,128,22,0.6083547472953796,0.22655098140239716
9,4,128,23,0.25495314598083496,0.08987458795309067
9,4,128,24,0.4895455241203308,0.1225123330950737
9,4,128,25,0.6341564059257507,0.059381239116191864
9,4,128,26,0.6177956461906433,0.3461301028728485
9,4,128,27,0.6617169976234436,0.2686915397644043
9,4,128,28,0.8352898359298706,0.1199437826871872
9,4,128,29,0.40656277537345886,0.12025482952594757
9,4,128,30,0.5860281586647034,0.3722698986530304
9,4,128,31,0.6928403973579407,0.1256418228149414
9,4,128,32,0.5203210115432739,0.10966190695762634
9,4,128,33,0.3726782500743866,0.31037503480911255
9,4,128,34,0.4270789325237274,0.3332768678665161
9,4,128,35,0.5668237209320068,0.10252941399812698
9,4,128,36,0.6289367079734802,0.1520363986492157
9,4,128,37,0.47045716643333435,0.26809582114219666
9,4,128,38,0.5391932725906372,0.19023199379444122
9,4,128,39,0.5616201758384705,0.22387079894542694
9,4,128,40,0.48492658138275146,0.2150464802980423
9,4,128,41,0.6219272613525391,0.11230669915676117
9,4,128,42,0.41333603858947754,0.11622638255357742
9,4,128,43,0.6877795457839966,0.10596311837434769
9,4,128,44,0.3340218663215637,0.19740420579910278
9,4,128,45,0.4810604155063629,0.29436513781547546
9,4,128,46,0.5539942383766174,0.24021852016448975
9,4,128,47,0.5825031399726868,0.27388879656791687
9,4,128,48,0.5728601813316345,0.32391709089279175
9,4,128,49,0.5900242924690247,0.11446309089660645
9,4,128,50,0.5084493160247803,0.196811705827713
9,4,128,51,0.6304894685745239,0.23344336450099945
9,4,128,52,0.6593228578567505,0.08326108753681183
9,4,128,53,0.6353474855422974,0.14400258660316467
9,4,128,54,0.6925997734069824,0.1545342653989792
9,4,128,55,0.475371390581131,0.20602738857269287
9,4,128,56,0.5859423279762268,0.35250160098075867
9,4,128,57,0.45906153321266174,0.0602855384349823
9,4,128,58,0.5424628257751465,0.18696527183055878
9,4,128,59,0.5950881242752075,0.04741119220852852
9,4,128,60,0.6695901155471802,0.13655535876750946
9,4,128,61,0.6024927496910095,0.3066321611404419
9,4,128,62,0.48921388387680054,0.20689500868320465
9,4,128,63,0.732102632522583,0.09397728741168976
9,4,128,64,0.3669731616973877,0.10057524591684341
9,4,128,65,0.4342520236968994,0.09057210385799408
9,4,128,66,0.626227080821991,0.07360933721065521
9,4,128,67,0.6222562193870544,0.2646164298057556
9,4,128,68,0.699808657169342,0.15872523188591003
9,4,128,69,0.6490213871002197,0.16431276500225067
9,4,128,70,0.7625924348831177,0.10402075946331024
9,4,128,71,0.6031625866889954,0.29291003942489624
9,4,128,72,0.5893927216529846,0.38269996643066406
9,4,128,73,0.46419140696525574,0.11018826067447662
9,4,128,74,0.3349073529243469,0.10487311333417892
9,4,128,75,0.6750480532646179,0.12807835638523102
9,4,128,76,0.6450965404510498,0.17382320761680603
9,4,128,77,0.45390430092811584,0.2092932015657425
9,4,128,78,0.675718367099762,0.12589237093925476
9,4,128,79,0.5785759091377258,0.3253708481788635
9,4,128,80,0.6015933752059937,0.3413630425930023
9,4,128,81,0.4592297077178955,0.17530791461467743
9,4,128,82,0.5335821509361267,0.25622695684432983
9,4,128,83,0.6149662733078003,0.3310270309448242
9,4,128,84,0.5658149123191833,0.13702872395515442
9,4,128,85,0.6692873239517212,0.1285964995622635
9,4,128,86,0.44576358795166016,0.24704153835773468
9,4,128,87,0.4145708382129669,0.2980223596096039
9,4,128,88,0.5104923248291016,0.2887660562992096
9,4,128,89,0.6547431945800781,0.1269448846578598
9,4,128,90,0.5867486596107483,0.14032451808452606
9,4,128,91,0.44201990962028503,0.06914635747671127
9,4,128,92,0.7745541334152222,0.12531381845474243
9,4,128,93,0.6203349232673645,0.21033503115177155
9,4,128,94,0.4452957808971405,0.3174944221973419
9,4,128,95,0.7326544523239136,0.11311043053865433
9,4,128,96,0.5070324540138245,0.20883513987064362
9,4,128,97,0.6554604768753052,0.15356560051441193
9,4,128,98,0.569303035736084,0.06509937345981598
9,4,128,99,0.6325969696044922,0.23467616736888885
9,4,128,100,0.45675596594810486,0.2641146779060364
9,4,128,101,0.8097415566444397,0.10555378347635269
9,4,128,102,0.4083128571510315,0.35916581749916077
9,4,128,103,0.428526371717453,0.321050226688385
9,4,128,104,0.7981368899345398,0.09625396132469177
9,4,128,105,0.6451394557952881,0.21471260488033295
9,4,128,106,0.6528067588806152,0.17494767904281616
9,4,128,107,0.7651087045669556,0.09321928024291992
9,4,128,108,0.5743595361709595,0.2592805325984955
9,4,128,109,0.5492883920669556,0.2431606948375702
9,4,128,110,0.5013681054115295,0.2081611007452011
9,4,128,111,0.5660317540168762,0.17399407923221588
9,4,128,112,0.511422872543335,0.06436128169298172
9,4,128,113,0.6017467379570007,0.23188123106956482
9,4,128,114,0.5654953718185425,0.06532728672027588
9,4,128,115,0.4200194180011749,0.35465502738952637
9,4,128,116,0.5282057523727417,0.12449866533279419
9,4,128,117,0.6260822415351868,0.1243916004896164
9,4,128,118,0.6267114877700806,0.20762799680233002
9,4,128,119,0.7644733786582947,0.09757710248231888
9,4,128,120,0.4693867862224579,0.26383060216903687
9,4,128,121,0.5444486141204834,0.21509136259555817
9,4,128,122,0.4703483283519745,0.2662024199962616
9,4,128,123,0.445970356464386,0.09692191332578659
9,4,128,124,0.6167612075805664,0.32424041628837585
9,4,128,125,0.5737193822860718,0.3778088390827179
9,4,128,126,0.4303567111492157,0.26741114258766174
9,4,128,127,0.41084587574005127,0.08840902149677277
9,5,128,0,0.5448448657989502,0.3702787160873413
9,5,128,1,0.6156642436981201,0.21432779729366302
9,5,128,2,0.614015519618988,0.25145459175109863
9,5,128,3,0.8988295197486877,0.06315051019191742
9,5,128,4,0.786937415599823,0.11963286995887756
9,5,128,5,0.7753915786743164,0.11846307665109634
9,5,128,6,0.7490783929824829,0.10043499618768692
9,5,128,7,0.8896409869194031,0.08186043053865433
9,5,128,8,0.734958291053772,0.17922891676425934
9,5,128,9,0.863152265548706,0.07507766783237457
9,5,128,10,0.7908302545547485,0.14207306504249573
9,5,128,11,0.7053895592689514,0.17929832637310028
9,5,128,12,0.8075168132781982,0.09578104317188263
9,5,128,13,0.5450236201286316,0.3675484359264374
9,5,128,14,0.8373839855194092,0.09049361199140549
9,5,128,15,0.7806888818740845,0.1278132200241089
9,5,128,16,0.8696978092193604,0.07292322814464569
9,5,128,17,0.5174956917762756,0.12731298804283142
9,5,128,18,0.5345839858055115,0.238623708486557
9,5,128,19,0.7670446634292603,0.12626950442790985
9,5,128,20,0.5505380630493164,0.2725186347961426
9,5,128,21,0.6088176369667053,0.15124259889125824
9,5,128,22,0.6698391437530518,0.22411379218101501
9,5,128,23,0.5852227210998535,0.2641160786151886
9,5,128,24,0.6727820038795471,0.20002664625644684
9,5,128,25,0.8012968897819519,0.08866868168115616
9,5,128,26,0.7899317741394043,0.11149611324071884
9,5,128,27,0.8785402178764343,0.06562009453773499
9,5,128,28,0.8748669624328613,0.07255874574184418
9,5,128,29,0.5155277252197266,0.10497592389583588
9,5,128,30,0.7636305689811707,0.1595831662416458
9,5,128,31,0.7917076945304871,0.10503228008747101
9,5,128,32,0.8265820741653442,0.08303134888410568
9,5,128,33,0.5447524785995483,0.3599996566772461
9,5,128,34,0.6909334063529968,0.08811189234256744
9,5,128,35,0.5333462357521057,0.313285231590271
9,5,128,36,0.6975492238998413,0.18287132680416107
9,5,128,37,0.8641916513442993,0.07993939518928528
9,5,128,38,0.6576223373413086,0.191765695810318
9,5,128,39,0.5990583896636963,0.08408424258232117
9,5,128,40,0.8350356817245483,0.08984711766242981
9,5,128,41,0.4465174973011017,0.3141320049762726
9,5,128,42,0.675498902797699,0.15468516945838928
9,5,128,43,0.5636403560638428,0.3096714913845062
9,5,128,44,0.7004455327987671,0.14493346214294434
9,5,128,45,0.6067330241203308,0.31130173802375793
9,5,128,46,0.4589110016822815,0.106814444065094
9,5,128,47,0.8511894941329956,0.07639063149690628
9,5,128,48,0.817676842212677,0.1167062297463417
9,5,128,49,0.6851049065589905,0.21549779176712036
9,5,128,50,0.856653094291687,0.08015543222427368
9,5,128,51,0.7085821032524109,0.20505277812480927
9,5,128,52,0.6812264919281006,0.24640069901943207
9,5,128,53,0.7552706003189087,0.14123480021953583
9,5,128,54,0.7445669174194336,0.20335431396961212
9,5,128,55,0.5112752318382263,0.19170084595680237
9,5,128,56,0.5144469738006592,0.33453604578971863
9,5,128,57,0.817838728427887,0.1167861670255661
9,5,128,58,0.866479754447937,0.07862866669893265
9,5,128,59,0.8376957178115845,0.09755261987447739
9,5,128,60,0.8324514031410217,0.08717399090528488
9,5,128,61,0.8812962174415588,0.07084478437900543
9,5,128,62,0.8350820541381836,0.08067121356725693
9,5,128,63,0.8353473544120789,0.10106363892555237
9,5,128,64,0.535409688949585,0.11231864988803864
9,5,128,65,0.5544701218605042,0.15392525494098663
9,5,128,66,0.623154878616333,0.2483164668083191
9,5,128,67,0.6896512508392334,0.17817437648773193
9,5,128,68,0.8708451390266418,0.06940791755914688
9,5,128,69,0.8451140522956848,0.08983524143695831
9,5,128,70,0.7944766283035278,0.10212986171245575
9,5,128,71,0.863193154335022,0.07821820676326752
9,5,128,72,0.6829985976219177,0.2513124942779541
9,5,128,73,0.6923562288284302,0.16872656345367432
9,5,128,74,0.41668787598609924,0.12851037085056305
9,5,128,75,0.5537161231040955,0.3881123960018158
9,5,128,76,0.748421847820282,0.1677987277507782
9,5,128,77,0.7836572527885437,0.13775354623794556
9,5,128,78,0.7243665456771851,0.17402081191539764
9,5,128,79,0.8059897422790527,0.10569464415311813
9,5,128,80,0.7231833934783936,0.09898628294467926
9,5,128,81,0.6673499941825867,0.1475813090801239
9,5,128,82,0.5817502737045288,0.2994239330291748
9,5,128,83,0.7712345719337463,0.16091616451740265
9,5,128,84,0.7047056555747986,0.198076069355011
9,5,128,85,0.6766542196273804,0.19681599736213684
9,5,128,86,0.6077503561973572,0.25920847058296204
9,5,128,87,0.6801388263702393,0.2558194100856781
9,5,128,88,0.5999956130981445,0.12335871160030365
9,5,128,89,0.34965482354164124,0.19535373151302338
9,5,128,90,0.49637383222579956,0.15288130939006805
9,5,128,91,0.7182621359825134,0.11488019675016403
9,5,128,92,0.8924397230148315,0.0755067840218544
9,5,128,93,0.49939796328544617,0.16096137464046478
9,5,128,94,0.6301229000091553,0.20859263837337494
9,5,128,95,0.741960346698761,0.199647456407547
9,5,128,96,0.5824405550956726,0.33865466713905334
9,5,128,97,0.799018383026123,0.08597680926322937
9,5,128,98,0.7104110717773438,0.1924280822277069
9,5,128,99,0.5738760828971863,0.187526673078537
9,5,128,100,0.7030696272850037,0.09884653985500336
9,5,128,101,0.8742464184761047,0.07113491743803024
9,5,128,102,0.6639599204063416,0.1523721069097519
9,5,128,103,0.7069703936576843,0.07371053844690323
9,5,128,104,0.8647640347480774,0.07822202891111374
9,5,128,105,0.5363463759422302,0.36234986782073975
9,5,128,106,0.6309043765068054,0.27177512645721436
9,5,128,107,0.5191953182220459,0.3619551956653595
9,5,128,108,0.5868976712226868,0.05520669370889664
9,5,128,109,0.7561894655227661,0.08498497307300568
9,5,128,110,0.6021604537963867,0.15504316985607147
9,5,128,111,0.6893337368965149,0.18043620884418488
9,5,128,112,0.8580368757247925,0.07890266925096512
9,5,128,113,0.7690474390983582,0.10561462491750717
9,5,128,114,0.6662194728851318,0.23393163084983826
9,5,128,115,0.5631691813468933,0.26522156596183777
9,5,128,116,0.6842606663703918,0.2011374831199646
9,5,128,117,0.7268610000610352,0.11801531165838242
9,5,128,118,0.6889955401420593,0.11935210973024368
9,5,128,119,0.821340024471283,0.09359721839427948
9,5,128,120,0.6301186680793762,0.1632286012172699
9,5,128,121,0.6424422264099121,0.21525050699710846
9,5,128,122,0.7188820838928223,0.06323542445898056
9,5,128,123,0.7937209010124207,0.10114847868680954
9,5,128,124,0.561057448387146,0.05472084507346153
9,5,128,125,0.5741287469863892,0.15358799695968628
9,5,128,126,0.7995515465736389,0.07410726696252823
9,5,128,127,0.7282429337501526,0.10283785313367844
10,0,32,0,0.5977088809013367,0.040417157113552094
10,0,32,1,0.43304768204689026,0.10877589136362076
10,0,32,2,0.6480239033699036,0.09316466003656387
10,0,32,3,0.41620633006095886,0.12719279527664185
10,0,32,4,0.4894571006298065,0.08732374012470245
10,0,32,5,0.6706314086914062,0.082438163459301
10,0,32,6,0.5890934467315674,0.10837285220623016
10,0,32,7,0.4101124405860901,0.13553589582443237
10,0,32,8,0.5656408667564392,0.08613374829292297
10,0,32,9,0.5271154642105103,0.12777316570281982
10,0,32,10,0.4889436364173889,0.12118448317050934
10,0,32,11,0.4526684284210205,0.14630576968193054
10,0,32,12,0.3582395017147064,0.08741406351327896
10,0,32,13,0.42432713508605957,0.14219382405281067
10,0,32,14,0.4062144458293915,0.04862702637910843
10,0,32,15,0.53125,0.14392857253551483
10,0,32,16,0.5051094889640808,0.11990316957235336
10,0,32,17,0.41558265686035156,0.07393258810043335
10,0,32,18,0.44998493790626526,0.12791098654270172
10,0,32,19,0.550900936126709,0.08253701776266098
10,0,32,20,0.5361289978027344,0.10852701961994171
10,0,32,21,0.45274588465690613,0.08420273661613464
10,0,32,22,0.5830795168876648,0.10384844988584518
10,0,32,23,0.557548463344574,0.06823699921369553
10,0,32,24,0.49849846959114075,0.06910815089941025
10,0,32,25,0.517737865447998,0.05777016282081604
10,0,32,26,0.4714127480983734,0.11487800627946854
10,0,32,27,0.41149476170539856,0.10841837525367737
10,0,32,28,0.406837522983551,0.0768933892250061
10,0,32,29,0.4370109438896179,0.07300148159265518
10,0,32,30,0.6042224764823914,0.12330051511526108
10,0,32,31,0.5707350969314575,0.11381129175424576
10,1,32,0,0.5137295722961426,0.044860199093818665
10,1,32,1,0.5051272511482239,0.06829235702753067
10,1,32,2,0.599371612071991,0.06280189007520676
10,1,32,3,0.50308758020401,0.04082631319761276
10,1,32,4,0.5002767443656921,0.12578287720680237
10,1,32,5,0.4497060775756836,0.09639136493206024
10,1,32,6,0.47274139523506165,0.11615308374166489
10,1,32,7,0.4886314868927002,0.046281471848487854
10,1,32,8,0.6305296421051025,0.1004243791103363
10,1,32,9,0.5674900412559509,0.07702962309122086
10,1,32,10,0.4365099370479584,0.11048911511898041
10,1,32,11,0.6139008402824402,0.06563391536474228
10,1,32,12,0.43516087532043457,0.09756597131490707
10,1,32,13,0.47977548837661743,0.1413399875164032
10,1,32,14,0.5583001971244812,0.020507898181676865
10,1,32,15,0.3755803108215332,0.10003738105297089
10,1,32,16,0.5858209133148193,0.07781708240509033
10,1,32,17,0.5002625584602356,0.0682874470949173
10,1,32,18,0.5058205723762512,0.04364268109202385
10,1,32,19,0.46331116557121277,0.02942834049463272
10,1,32,20,0.39254412055015564,0.11325061321258545
10,1,32,21,0.45130395889282227,0.04312990605831146
10,1,32,22,0.49267223477363586,0.06098043546080589
10,1,32,23,0.5828670859336853,0.08214276283979416
10,1,32,24,0.4097817540168762,0.05010299012064934
10,1,32,25,0.6238805055618286,0.0833905041217804
10,1,32,26,0.48087602853775024,0.037468139082193375
10,1,32,27,0.5275400280952454,0.045832958072423935
10,1,32,28,0.48735612630844116,0.046645816415548325
10,1,32,29,0.43339961767196655,0.026476116850972176
10,1,32,30,0.5378286242485046,0.08817481249570847
10,1,32,31,0.5776164531707764,0.049503255635499954
10,2,64,0,0.4950141906738281,0.20830728113651276
10,2,64,1,0.4387035071849823,0.06238049641251564
10,2,64,2,0.4802500605583191,0.1656998246908188
10,2,64,3,0.6255027651786804,0.08682367205619812
10,2,64,4,0.4799661934375763,0.1512717753648758
10,2,64,5,0.38673368096351624,0.11408881098031998
10,2,64,6,0.3977203667163849,0.053273651748895645
10,2,64,7,0.6226497292518616,0.1323981136083603
10,2,64,8,0.5885562896728516,0.1402786523103714
10,2,64,9,0.47732946276664734,0.07290420681238174
10,2,64,10,0.41463807225227356,0.11708363890647888
10,2,64,11,0.5748673677444458,0.0939292386174202
10,2,64,12,0.4231121242046356,0.08578642457723618
10,2,64,13,0.581849217414856,0.08020516484975815
10,2,64,14,0.5827075839042664,0.18178732693195343
10,2,64,15,0.4960108995437622,0.07354812324047089
10,2,64,16,0.5025409460067749,0.17272615432739258
10,2,64,17,0.5873371362686157,0.10830376297235489
10,2,64,18,0.5115751028060913,0.17703698575496674
10,2,64,19,0.5632472634315491,0.08800137042999268
10,2,64,20,0.41039448976516724,0.1643357127904892
10,2,64,21,0.5348783731460571,0.07266638427972794
10,2,64,22,0.521273136138916,0.09779808670282364
10,2,64,23,0.5208938717842102,0.06828975677490234
10,2,64,24,0.5565240979194641,0.2152857631444931
10,2,64,25,0.5337305665016174,0.11042075604200363
10,2,64,26,0.5138704776763916,0.15863125026226044
10,2,64,27,0.43468430638313293,0.09444454312324524
10,2,64,28,0.4720781445503235,0.08308043330907822
10,2,64,29,0.5207801461219788,0.08205527067184448
10,2,64,30,0.5793827772140503,0.11725205928087234
10,2,64,31,0.4197459816932678,0.11517645418643951
10,2,64,32,0.528457760810852,0.12114041298627853
10,2,64,33,0.5089458227157593,0.12132982164621353
10,2,64,34,0.5834073424339294,0.14240173995494843
10,2,64,35,0.48341456055641174,0.0803665891289711
10,2,64,36,0.559707760810852,0.10592775046825409
10,2,64,37,0.6238759756088257,0.16726185381412506
10,2,64,38,0.49166539311408997,0.08705265820026398
10,2,64,39,0.3936748504638672,0.11560799181461334
10,2,64,40,0.5290694236755371,0.19657544791698456
10,2,64,41,0.6283054947853088,0.2096046805381775
10,2,64,42,0.41630586981773376,0.15297405421733856
10,2,64,43,0.6440190672874451,0.06487320363521576
10,2,64,44,0.43395209312438965,0.09617848694324493
10,2,64,45,0.5693802833557129,0.19187767803668976
10,2,64,46,0.4470253586769104,0.13774685561656952
10,2,64,47,0.5703499913215637,0.09958469122648239
10,2,64,48,0.5318107008934021,0.15151062607765198
10,2,64,49,0.44867029786109924,0.12088404595851898
10,2,64,50,0.5059913396835327,0.06413683295249939
10,2,64,51,0.5507681965827942,0.2232716679573059
10,2,64,52,0.6031786799430847,0.08365777134895325
10,2,64,53,0.6569451689720154,0.13721953332424164
10,2,64,54,0.4696302115917206,0.11733667552471161
10,2,64,55,0.4087293744087219,0.12028040736913681
10,2,64,56,0.46422284841537476,0.09305792301893234
10,2,64,57,0.4488091468811035,0.11534997075796127
10,2,64,58,0.39878031611442566,0.12935735285282135
10,2,64,59,0.517882227897644,0.21251347661018372
10,2,64,60,0.5946339964866638,0.07909423112869263
10,2,64,61,0.4207230806350708,0.045983199030160904
10,2,64,62,0.5070817470550537,0.08034124970436096
10,2,64,63,0.44514814019203186,0.13715329766273499
10,3,64,0,0.5765039920806885,0.1174318939447403
10,3,64,1,0.5717721581459045,0.26763877272605896
10,3,64,2,0.3627661466598511,0.21224980056285858
10,3,64,3,0.527585506439209,0.2575729191303253
10,3,64,4,0.263419508934021,0.09498815983533859
10,3,64,5,0.7085306644439697,0.10300248116254807
10,3,64,6,0.6080247163772583,0.07711058855056763
10,3,64,7,0.5174350738525391,0.20910313725471497
10,3,64,8,0.5800890922546387,0.28253862261772156
10,3,64,9,0.5291250944137573,0.10207418352365494
10,3,64,10,0.6154778003692627,0.0653083547949791
10,3,64,11,0.4771836996078491,0.19532327353954315
10,3,64,12,0.6078091859817505,0.11146357655525208
10,3,64,13,0.3935624361038208,0.11393558979034424
10,3,64,14,0.33969876170158386,0.18730707466602325
10,3,64,15,0.48010483384132385,0.23130637407302856
10,3,64,16,0.501674234867096,0.0999944880604744
10,3,64,17,0.5909988284111023,0.2913890779018402
10,3,64,18,0.46998125314712524,0.22508035600185394
10,3,64,19,0.5941457152366638,0.0269017294049263
10,3,64,20,0.6355820298194885,0.11214026063680649
10,3,64,21,0.4400390386581421,0.217800572514534
10,3,64,22,0.5926399827003479,0.17576061189174652
10,3,64,23,0.5176510214805603,0.07545176148414612
10,3,64,24,0.3667190670967102,0.17384490370750427
10,3,64,25,0.4850846230983734,0.14727914333343506
10,3,64,26,0.35464441776275635,0.057313621044158936
10,3,64,27,0.5888708829879761,0.19106897711753845
10,3,64,28,0.38164135813713074,0.2697005867958069
10,3,64,29,0.5846940875053406,0.3018377423286438
10,3,64,30,0.7051500678062439,0.0820014625787735
10,3,64,31,0.5776684284210205,0.2023835927248001
10,3,64,32,0.43833982944488525,0.11441164463758469
10,3,64,33,0.5145143866539001,0.1451949179172516
10,3,64,34,0.642582893371582,0.2446700632572174
10,3,64,35,0.35138967633247375,0.2470536231994629
10,3,64,36,0.5956361889839172,0.3369460999965668
10,3,64,37,0.4528638422489166,0.13555729389190674
10,3,64,38,0.4797016978263855,0.2687963843345642
10,3,64,39,0.42718812823295593,0.20849040150642395
10,3,64,40,0.3176822364330292,0.07433370500802994
10,3,64,41,0.56339430809021,0.34471964836120605
10,3,64,42,0.5187742710113525,0.2133927047252655
10,3,64,43,0.5899258852005005,0.30498382449150085
10,3,64,44,0.4306469261646271,0.30228355526924133
10,3,64,45,0.31227588653564453,0.1787971705198288
10,3,64,46,0.4712458550930023,0.2258995771408081
10,3,64,47,0.6089112162590027,0.13672925531864166
10,3,64,48,0.46530014276504517,0.16791804134845734
10,3,64,49,0.6054779291152954,0.07446587085723877
10,3,64,50,0.5819624066352844,0.22775223851203918
10,3,64,51,0.4653284549713135,0.2748887836933136
10,3,64,52,0.6224137544631958,0.10477700084447861
10,3,64,53,0.605112612247467,0.1251474916934967
10,3,64,54,0.36606350541114807,0.16237184405326843
10,3,64,55,0.6817542314529419,0.13127762079238892
10,3,64,56,0.519710898399353,0.03667376935482025
10,3,64,57,0.7212108969688416,0.11210312694311142
10,3,64,58,0.5108822584152222,0.23497821390628815
10,3,64,59,0.35464367270469666,0.07630905508995056
10,3,64,60,0.42414289712905884,0.05333021283149719
10,3,64,61,0.497518390417099,0.2218860685825348
10,3,64,62,0.3106096386909485,0.23073510825634003
10,3,64,63,0.4751969873905182,0.19160227477550507
10,4,128,0,0.4917394518852234,0.129783034324646
10,4,128,1,0.7725476622581482,0.08743728697299957
10,4,128,2,0.5282490849494934,0.27884402871131897
10,4,128,3,0.5298750400543213,0.15499776601791382
10,4,128,4,0.36121097207069397,0.09410776942968369
10,4,128,5,0.5888421535491943,0.1581055074930191
10,4,128,6,0.6502005457878113,0.06304344534873962
10,4,128,7,0.5273935198783875,0.2665243446826935
10,4,128,8,0.2670457661151886,0.12426933646202087
10,4,128,9,0.42217281460762024,0.1925962120294571
10,4,128,10,0.4832276999950409,0.11854148656129837
10,4,128,11,0.2158510833978653,0.09250815212726593
10,4,128,12,0.47997918725013733,0.27350765466690063
10,4,128,13,0.5049700140953064,0.2686835527420044
10,4,128,14,0.33039170503616333,0.12176980078220367
10,4,128,15,0.49610447883605957,0.14124594628810883
10,4,128,16,0.5751251578330994,0.30392977595329285
10,4,128,17,0.6268991827964783,0.20487727224826813
10,4,128,18,0.38936305046081543,0.0854567140340805
10,4,128,19,0.6601386070251465,0.0801592543721199
10,4,128,20,0.6763118505477905,0.05771509185433388
10,4,128,21,0.6107178330421448,0.23493295907974243
10,4,128,22,0.4137532711029053,0.21651417016983032
10,4,128,23,0.3243447244167328,0.2104499638080597
10,4,128,24,0.6997645497322083,0.14519158005714417
10,4,128,25,0.5859112739562988,0.13680216670036316
10,4,128,26,0.612959623336792,0.15507537126541138
10,4,128,27,0.448120653629303,0.15197426080703735
10,4,128,28,0.5310733318328857,0.34145793318748474
10,4,128,29,0.4609855115413666,0.21522624790668488
10,4,128,30,0.723975419998169,0.06112059950828552
10,4,128,31,0.7604802846908569,0.1265464574098587
10,4,128,32,0.6250933408737183,0.10095676779747009
10,4,128,33,0.40255817770957947,0.2966464161872864
10,4,128,34,0.528635561466217,0.21996328234672546
10,4,128,35,0.5027461647987366,0.25149005651474
10,4,128,36,0.3723057806491852,0.18857690691947937
10,4,128,37,0.4524018466472626,0.09848397970199585
10,4,128,38,0.38513311743736267,0.1349550485610962
10,4,128,39,0.6630074977874756,0.17598696053028107
10,4,128,40,0.5386030077934265,0.1759638786315918
10,4,128,41,0.5050005912780762,0.18738627433776855
10,4,128,42,0.6340810060501099,0.08688964694738388
10,4,128,43,0.6943353414535522,0.17931172251701355
10,4,128,44,0.7838747501373291,0.09971744567155838
10,4,128,45,0.4069855511188507,0.14201469719409943
10,4,128,46,0.5319165587425232,0.1111987978219986
10,4,128,47,0.578666627407074,0.2640836834907532
10,4,128,48,0.6124640107154846,0.05588112026453018
10,4,128,49,0.4305054247379303,0.254224956035614
10,4,128,50,0.4886152446269989,0.05266406014561653
10,4,128,51,0.44837552309036255,0.22516612708568573
10,4,128,52,0.5500267148017883,0.3238239586353302
10,4,128,53,0.5209780335426331,0.06207151710987091
10,4,128,54,0.38703393936157227,0.05122124403715134
10,4,128,55,0.6492788195610046,0.19134019315242767
10,4,128,56,0.5034656524658203,0.21001310646533966
10,4,128,57,0.6869698762893677,0.12593750655651093
10,4,128,58,0.43945276737213135,0.1545436978340149
10,4,128,59,0.6065595149993896,0.16268008947372437
10,4,128,60,0.3258541226387024,0.11873479932546616
10,4,128,61,0.606589674949646,0.23478728532791138
10,4,128,62,0.5785431265830994,0.23240266740322113
10,4,128,63,0.7646644115447998,0.0929221585392952
10,4,128,64,0.5385220050811768,0.1282867044210434
10,4,128,65,0.7282068729400635,0.10484106093645096
10,4,128,66,0.5098878145217896,0.2320534586906433
10,4,128,67,0.4087148606777191,0.076186902821064
10,4,128,68,0.28845831751823425,0.10202489793300629
10,4,128,69,0.5561667084693909,0.39517611265182495
10,4,128,70,0.6976470351219177,0.1369430124759674
10,4,128,71,0.3602004945278168,0.14436760544776917
10,4,128,72,0.5297813415527344,0.2135145664215088
10,4,128,73,0.5564862489700317,0.17183098196983337
10,4,128,74,0.561248242855072,0.10533612966537476
10,4,128,75,0.7353335618972778,0.08828969299793243
10,4,128,76,0.6454212069511414,0.10363452881574631
10,4,128,77,0.7088234424591064,0.27103710174560547
10,4,128,78,0.49125733971595764,0.291644811630249
10,4,128,79,0.32496219873428345,0.12742754817008972
10,4,128,80,0.6436127424240112,0.130454421043396
10,4,128,81,0.34095701575279236,0.24510198831558228
10,4,128,82,0.4169497787952423,0.11957678943872452
10,4,128,83,0.3799680173397064,0.3005297780036926
10,4,128,84,0.3787878155708313,0.2035885900259018
10,4,128,85,0.4805290699005127,0.16433824598789215
10,4,128,86,0.7175264954566956,0.129150390625
10,4,128,87,0.698569118976593,0.06958004087209702
10,4,128,88,0.6906801462173462,0.08705031871795654
10,4,128,89,0.6289586424827576,0.20839622616767883
10,4,128,90,0.6237043142318726,0.15260787308216095
10,4,128,91,0.5574434399604797,0.3212001621723175
10,4,128,92,0.7316080331802368,0.1231701597571373
10,4,128,93,0.6977041363716125,0.07115074247121811
10,4,128,94,0.5810085535049438,0.3657692074775696
10,4,128,95,0.722728431224823,0.15972162783145905
10,4,128,96,0.47905227541923523,0.2606998682022095
10,4,128,97,0.6088051795959473,0.1042298749089241
10,4,128,98,0.8053995966911316,0.11428124457597733
10,4,128,99,0.7051135897636414,0.20820462703704834
10,4,128,100,0.5034176707267761,0.1887761503458023
10,4,128,101,0.6778814792633057,0.13928356766700745
10,4,128,102,0.4579960107803345,0.21510253846645355
10,4,128,103,0.31429556012153625,0.07151436805725098
10,4,128,104,0.6870752573013306,0.1906599998474121
10,4,128,105,0.6343329548835754,0.06907379627227783
10,4,128,106,0.7124685645103455,0.11968379467725754
10,4,128,107,0.6773611307144165,0.10754063725471497
10,4,128,108,0.4186108112335205,0.14146749675273895
10,4,128,109,0.6416857242584229,0.08585114032030106
10,4,128,110,0.517388105392456,0.08395765721797943
10,4,128,111,0.6772619485855103,0.14825506508350372
10,4,128,112,0.39769282937049866,0.17432260513305664
10,4,128,113,0.5485838651657104,0.2841774523258209
10,4,128,114,0.7409452199935913,0.06180849298834801
10,4,128,115,0.5162519812583923,0.09627679735422134
10,4,128,116,0.4772505462169647,0.1286081075668335
10,4,128,117,0.5326085090637207,0.1556740403175354
10,4,128,118,0.6479354500770569,0.17349229753017426
10,4,128,119,0.5802485942840576,0.08315166085958481
10,4,128,120,0.4910115897655487,0.160745769739151
10,4,128,121,0.6773247718811035,0.07142256200313568
10,4,128,122,0.5879660248756409,0.09739098697900772
10,4,128,123,0.5317482948303223,0.2171463817358017
10,4,128,124,0.6441577076911926,0.11366564780473709
10,4,128,125,0.7478251457214355,0.09168024361133575
10,4,128,126,0.3275519907474518,0.12440419942140579
10,4,128,127,0.6150916814804077,0.2355574518442154
10,5,128,0,0.7015932202339172,0.20334549248218536
10,5,128,1,0.7168445587158203,0.1459207534790039
10,5,128,2,0.5302467942237854,0.16875961422920227
10,5,128,3,0.8320253491401672,0.061511680483818054
10,5,128,4,0.7048757076263428,0.07247966527938843
10,5,128,5,0.7370274662971497,0.10135426372289658
10,5,128,6,0.7049710750579834,0.10102763026952744
10,5,128,7,0.7813722491264343,0.07411088794469833
10,5,128,8,0.6085067391395569,0.1474313735961914
10,5,128,9,0.3801017999649048,0.10543496906757355
10,5,128,10,0.6503039598464966,0.12027594447135925
10,5,128,11,0.5914801955223083,0.17095337808132172
10,5,128,12,0.7144155502319336,0.16106274724006653
10,5,128,13,0.5182929039001465,0.17015089094638824
10,5,128,14,0.7017396688461304,0.05641034618020058
10,5,128,15,0.6549038290977478,0.23987333476543427
10,5,128,16,0.6597305536270142,0.17871792614459991
10,5,128,17,0.46555620431900024,0.175623819231987
10,5,128,18,0.680690348148346,0.0734982118010521
10,5,128,19,0.5715794563293457,0.1504606157541275
10,5,128,20,0.7052183151245117,0.062492743134498596
10,5,128,21,0.8101835250854492,0.11637746542692184
10,5,128,22,0.70448899269104,0.05567710101604462
10,5,128,23,0.4261170029640198,0.17123277485370636
10,5,128,24,0.7354487776756287,0.14407026767730713
10,5,128,25,0.6243042945861816,0.20977801084518433
10,5,128,26,0.7628498673439026,0.1068105697631836
10,5,128,27,0.5144637227058411,0.11228002607822418
10,5,128,28,0.7784483432769775,0.06979338079690933
10,5,128,29,0.5864435434341431,0.16523849964141846
10,5,128,30,0.6292150616645813,0.18247118592262268
10,5,128,31,0.8144928216934204,0.0907810851931572
10,5,128,32,0.5513548851013184,0.12583404779434204
10,5,128,33,0.4146142601966858,0.20988912880420685
10,5,128,34,0.7246876955032349,0.07313139736652374
10,5,128,35,0.5867066979408264,0.12784625589847565
10,5,128,36,0.6950023174285889,0.05688969045877457
10,5,128,37,0.6247366666793823,0.04685336723923683
10,5,128,38,0.623145341873169,0.12221626192331314
10,5,128,39,0.5152440667152405,0.18029357492923737
10,5,128,40,0.4401417672634125,0.27044063806533813
10,5,128,41,0.6676552295684814,0.25940874218940735
10,5,128,42,0.5030739903450012,0.18586793541908264
10,5,128,43,0.7471497058868408,0.0874568372964859
10,5,128,44,0.7387632727622986,0.09844278544187546
10,5,128,45,0.6806395053863525,0.1850115954875946
10,5,128,46,0.6433931589126587,0.20978951454162598
10,5,128,47,0.7737953662872314,0.06267069280147552
10,5,128,48,0.8595548868179321,0.07312294840812683
10,5,128,49,0.70299232006073,0.0739997997879982
10,5,128,50,0.6772691011428833,0.0847010686993599
10,5,128,51,0.6929998993873596,0.05571896582841873
10,5,128,52,0.7250887155532837,0.08630068600177765
10,5,128,53,0.4160759747028351,0.057278022170066833
10,5,128,54,0.7607813477516174,0.09315389394760132
10,5,128,55,0.813833475112915,0.07577796280384064
10,5,128,56,0.8264086842536926,0.0858415886759758
10,5,128,57,0.7364842295646667,0.11543363332748413
10,5,128,58,0.5599300265312195,0.13981327414512634
10,5,128,59,0.4080975353717804,0.26255783438682556
10,5,128,60,0.6385666131973267,0.10388237237930298
10,5,128,61,0.6775898933410645,0.11017905920743942
10,5,128,62,0.7824246287345886,0.10376756638288498
10,5,128,63,0.7581657767295837,0.09139753133058548
10,5,128,64,0.5809863209724426,0.17723678052425385
10,5,128,65,0.7656058073043823,0.12204980850219727
10,5,128,66,0.7284349203109741,0.08810291439294815
10,5,128,67,0.5751973390579224,0.21554754674434662
10,5,128,68,0.46798843145370483,0.19322310388088226
10,5,128,69,0.746462345123291,0.10713965445756912
10,5,128,70,0.8188047409057617,0.06884009391069412
10,5,128,71,0.5336161255836487,0.15599481761455536
10,5,128,72,0.6937939524650574,0.171673983335495
10,5,128,73,0.7395908236503601,0.15257011353969574
10,5,128,74,0.4988619089126587,0.08286768198013306
10,5,128,75,0.6890020370483398,0.0674530565738678
10,5,128,76,0.7500471472740173,0.11099032312631607
10,5,128,77,0.796332597732544,0.09192132949829102
10,5,128,78,0.5798988938331604,0.12791535258293152
10,5,128,79,0.6652211546897888,0.05823098495602608
10,5,128,80,0.6828903555870056,0.058747515082359314
10,5,128,81,0.758228600025177,0.1599465012550354
10,5,128,82,0.6317611932754517,0.23031531274318695
10,5,128,83,0.3301749527454376,0.05451451241970062
10,5,128,84,0.6244291067123413,0.19092245399951935
10,5,128,85,0.4535112679004669,0.22312194108963013
10,5,128,86,0.7983447313308716,0.08926580846309662
10,5,128,87,0.7730952501296997,0.09469052404165268
10,5,128,88,0.4627877473831177,0.0865110233426094
10,5,128,89,0.6419795155525208,0.18602125346660614
10,5,128,90,0.5609049797058105,0.09868156164884567
10,5,128,91,0.7146703004837036,0.0790877491235733
10,5,128,92,0.5605809092521667,0.050928518176078796
10,5,128,93,0.5978245735168457,0.2058057337999344
10,5,128,94,0.6512544751167297,0.1546015739440918
10,5,128,95,0.7771829962730408,0.06532129645347595
10,5,128,96,0.6867566704750061,0.14266996085643768
10,5,128,97,0.5915859341621399,0.08926088362932205
10,5,128,98,0.6702197790145874,0.11581135541200638
10,5,128,99,0.3554590344429016,0.2825571298599243
10,5,128,100,0.5813080668449402,0.22291341423988342
10,5,128,101,0.5915682315826416,0.11052380502223969
10,5,128,102,0.6542315483093262,0.23430617153644562
10,5,128,103,0.617650032043457,0.059813935309648514
10,5,128,104,0.7909025549888611,0.06970666348934174
10,5,128,105,0.7669637203216553,0.156225323677063
10,5,128,106,0.7676275372505188,0.07589758187532425
10,5,128,107,0.5214757919311523,0.11297252029180527
10,5,128,108,0.6755696535110474,0.11773804575204849
10,5,128,109,0.6469420790672302,0.09772875159978867
10,5,128,110,0.626306414604187,0.299505352973938
10,5,128,111,0.6471830010414124,0.17890426516532898
10,5,128,112,0.7577511072158813,0.07665970176458359
10,5,128,113,0.6938058137893677,0.07659797370433807
10,5,128,114,0.6829296350479126,0.07966470718383789
10,5,128,115,0.6285863518714905,0.2587536573410034
10,5,128,116,0.3561558425426483,0.09715196490287781
10,5,128,117,0.6582576632499695,0.10876213014125824
10,5,128,118,0.7903363108634949,0.07390579581260681
10,5,128,119,0.6652347445487976,0.13840577006340027
10,5,128,120,0.6861643195152283,0.08824950456619263
10,5,128,121,0.578161358833313,0.0925227478146553
10,5,128,122,0.793429434299469,0.06979317963123322
10,5,128,123,0.5607842206954956,0.2137467861175537
10,5,128,124,0.7028353810310364,0.12761211395263672
10,5,128,125,0.7093700170516968,0.0934615209698677
10,5,128,126,0.5778748393058777,0.15704606473445892
10,5,128,127,0.794304609298706,0.0822761133313179
11,0,32,0,0.5488123893737793,0.09890111535787582
11,0,32,1,0.5855076909065247,0.0838170051574707
11,0,32,2,0.5058366656303406,0.16779446601867676
11,0,32,3,0.5432924032211304,0.13797540962696075
11,0,32,4,0.7140854597091675,0.10272142291069031
11,0,32,5,0.4738944470882416,0.11896289885044098
11,0,32,6,0.5611761808395386,0.1869976818561554
11,0,32,7,0.4365173578262329,0.06455446034669876
11,0,32,8,0.5303999185562134,0.07321811467409134
11,0,32,9,0.5105050206184387,0.13334928452968597
11,0,32,10,0.49537551403045654,0.17794866859912872
11,0,32,11,0.5364450812339783,0.15098193287849426
11,0,32,12,0.5814064145088196,0.2516999840736389
11,0,32,13,0.39689427614212036,0.10662835836410522
11,0,32,14,0.49157950282096863,0.0960950031876564
11,0,32,15,0.570167601108551,0.09837383031845093
11,0,32,16,0.43033647537231445,0.15631556510925293
11,0,32,17,0.6854859590530396,0.10195150971412659
11,0,32,18,0.4586004316806793,0.22608870267868042
11,0,32,19,0.6937048435211182,0.15523339807987213
11,0,32,20,0.5417084097862244,0.11870077252388
11,0,32,21,0.4543648958206177,0.12595392763614655
11,0,32,22,0.3540568947792053,0.12856511771678925
11,0,32,23,0.46940991282463074,0.16218815743923187
11,0,32,24,0.42178890109062195,0.11714709550142288
11,0,32,25,0.4756161868572235,0.10334764420986176
11,0,32,26,0.4424939453601837,0.1912185400724411
11,0,32,27,0.3249013423919678,0.15768399834632874
11,0,32,28,0.3479722738265991,0.13823652267456055
11,0,32,29,0.30509519577026367,0.10082537680864334
11,0,32,30,0.418910950422287,0.07036762684583664
11,0,32,31,0.3781771957874298,0.09754854440689087
11,1,32,0,0.513325572013855,0.04627274349331856
11,1,32,1,0.5585684180259705,0.11012759804725647
11,1,32,2,0.5274792909622192,0.23271676898002625
11,1,32,3,0.558214008808136,0.0940469428896904
11,1,32,4,0.4592765271663666,0.11098511517047882
11,1,32,5,0.4783214330673218,0.2033868283033371
11,1,32,6,0.5089283585548401,0.10692250728607178
11,1,32,7,0.5803393721580505,0.11444123089313507
11,1,32,8,0.6283875703811646,0.09877032786607742
11,1,32,9,0.5566546320915222,0.1704491376876831
11,1,32,10,0.4844915270805359,0.18525968492031097
11,1,32,11,0.6367918848991394,0.08955535292625427
11,1,32,12,0.4691457748413086,0.09498581290245056
11,1,32,13,0.6095816493034363,0.05643146485090256
11,1,32,14,0.5434364676475525,0.16546431183815002
11,1,32,15,0.5650462508201599,0.08991289883852005
11,1,32,16,0.602121889591217,0.1612556129693985
11,1,32,17,0.5705357789993286,0.14716434478759766
11,1,32,18,0.4905705153942108,0.06383359432220459
11,1,32,19,0.6151044368743896,0.0466591939330101
11,1,32,20,0.6321213841438293,0.08635429292917252
11,1,32,21,0.5565117001533508,0.08950123190879822
11,1,32,22,0.4603051245212555,0.05533523112535477
11,1,32,23,0.4798811078071594,0.14072321355342865
11,1,32,24,0.5230140089988708,0.10466104000806808
11,1,32,25,0.470308780670166,0.07778811454772949
11,1,32,26,0.4299651086330414,0.06885211914777756
11,1,32,27,0.41927120089530945,0.10985981673002243
11,1,32,28,0.49237871170043945,0.22985191643238068
11,1,32,29,0.36427009105682373,0.13929955661296844
11,1,32,30,0.5535736083984375,0.19118663668632507
11,1,32,31,0.5066946744918823,0.24018514156341553
11,2,64,0,0.4730724096298218,0.08752455562353134
11,2,64,1,0.5284652709960938,0.20826002955436707
11,2,64,2,0.3113514184951782,0.12389523535966873
11,2,64,3,0.5451991558074951,0.036908525973558426
11,2,64,4,0.6273507475852966,0.09739978611469269
11,2,64,5,0.5795207023620605,0.09005382657051086
11,2,64,6,0.6195717453956604,0.09113656729459763
11,2,64,7,0.34758061170578003,0.20362156629562378
11,2,64,8,0.706229567527771,0.12629473209381104
11,2,64,9,0.5098476409912109,0.17371098697185516
11,2,64,10,0.35243865847587585,0.13184359669685364
11,2,64,11,0.4790453314781189,0.07573510706424713
11,2,64,12,0.5424275398254395,0.18576183915138245
11,2,64,13,0.5555762648582458,0.224969282746315
11,2,64,14,0.45073458552360535,0.08267658948898315
11,2,64,15,0.5412155389785767,0.08010820299386978
11,2,64,16,0.4661145806312561,0.13132339715957642
11,2,64,17,0.47958841919898987,0.08918753266334534
11,2,64,18,0.5788260102272034,0.12893669307231903
11,2,64,19,0.5178799033164978,0.2937809228897095
11,2,64,20,0.5167944431304932,0.08081088960170746
11,2,64,21,0.4253831207752228,0.15650674700737
11,2,64,22,0.5133506655693054,0.09561226516962051
11,2,64,23,0.46232789754867554,0.24983540177345276
11,2,64,24,0.472656786441803,0.11496828496456146
11,2,64,25,0.44795429706573486,0.04144418239593506
11,2,64,26,0.5448217391967773,0.2263876348733902
11,2,64,27,0.5880847573280334,0.08300530910491943
11,2,64,28,0.4667412340641022,0.16093432903289795
11,2,64,29,0.49772873520851135,0.22569172084331512
11,2,64,30,0.5275564193725586,0.07349496334791183
11,2,64,31,0.4445013403892517,0.17399713397026062
11,2,64,32,0.4985731542110443,0.08014929294586182
11,2,64,33,0.46280327439308167,0.11407153308391571
11,2,64,34,0.4660557806491852,0.13985326886177063
11,2,64,35,0.568111777305603,0.1520196497440338
11,2,64,36,0.5031121373176575,0.18428955972194672
11,2,64,37,0.4388658404350281,0.11102523654699326
11,2,64,38,0.4622824192047119,0.09720522910356522
11,2,64,39,0.582084596157074,0.2208191603422165
11,2,64,40,0.3741063177585602,0.1470564752817154
11,2,64,41,0.5592927932739258,0.18957023322582245
11,2,64,42,0.6113660931587219,0.11979928612709045
11,2,64,43,0.494927316904068,0.11190337687730789
11,2,64,44,0.5624911785125732,0.1300414800643921
11,2,64,45,0.49821990728378296,0.05951297655701637
11,2,64,46,0.6646193861961365,0.09104437381029129
11,2,64,47,0.4414694905281067,0.20199362933635712
11,2,64,48,0.42808523774147034,0.06059178709983826
11,2,64,49,0.4537542760372162,0.09756694734096527
11,2,64,50,0.5682883858680725,0.10404995083808899
11,2,64,51,0.4636344909667969,0.11948288977146149
11,2,64,52,0.46390411257743835,0.2283075898885727
11,2,64,53,0.642105758190155,0.13552097976207733
11,2,64,54,0.4717864692211151,0.12074826657772064
11,2,64,55,0.46492481231689453,0.0666634663939476
11,2,64,56,0.5223407745361328,0.08971977978944778
11,2,64,57,0.4825214147567749,0.2863599359989166
11,2,64,58,0.6550993919372559,0.10592096298933029
11,2,64,59,0.4565736949443817,0.12572136521339417
11,2,64,60,0.5302113890647888,0.22750836610794067
11,2,64,61,0.5839868783950806,0.09514378011226654
11,2,64,62,0.4535931348800659,0.2323295921087265
11,2,64,63,0.5037489533424377,0.07368388772010803
11,3,64,0,0.6121866703033447,0.09245660156011581
11,3,64,1,0.4437054991722107,0.06832818686962128
11,3,64,2,0.4105450510978699,0.1260794997215271
11,3,64,3,0.5100083351135254,0.07242583483457565
11,3,64,4,0.2827151119709015,0.08291924744844437
11,3,64,5,0.5829866528511047,0.10675881803035736
11,3,64,6,0.422991007566452,0.043227408081293106
11,3,64,7,0.389135479927063,0.08627026528120041
11,3,64,8,0.635161280632019,0.1296631395816803
11,3,64,9,0.45829057693481445,0.17034310102462769
11,3,64,10,0.5175999402999878,0.06513640284538269
11,3,64,11,0.5230250358581543,0.048616886138916016
11,3,64,12,0.41807642579078674,0.13039559125900269
11,3,64,13,0.48792946338653564,0.1499474197626114
11,3,64,14,0.5765045881271362,0.18290232121944427
11,3,64,15,0.3780877888202667,0.07377775013446808
11,3,64,16,0.5899534821510315,0.107970230281353
11,3,64,17,0.6356048583984375,0.09844814985990524
11,3,64,18,0.6093580722808838,0.20539481937885284
11,3,64,19,0.3869190216064453,0.05655990540981293
11,3,64,20,0.5762351155281067,0.04846888408064842
11,3,64,21,0.5794622898101807,0.09007062762975693
11,3,64,22,0.44413068890571594,0.1648188680410385
11,3,64,23,0.3552042245864868,0.12584291398525238
11,3,64,24,0.4754195809364319,0.1778600960969925
11,3,64,25,0.5405973196029663,0.1050785630941391
11,3,64,26,0.3076735734939575,0.1593366265296936
11,3,64,27,0.566524088382721,0.30582737922668457
11,3,64,28,0.28158873319625854,0.16087648272514343
11,3,64,29,0.6075901389122009,0.25384920835494995
11,3,64,30,0.3039506673812866,0.11632436513900757
11,3,64,31,0.4209752678871155,0.10045302659273148
11,3,64,32,0.6559730768203735,0.13129639625549316
11,3,64,33,0.4960552155971527,0.1878468245267868
11,3,64,34,0.40370312333106995,0.2994365990161896
11,3,64,35,0.6367555856704712,0.15879519283771515
11,3,64,36,0.5332137942314148,0.15571370720863342
11,3,64,37,0.6186713576316833,0.2176969349384308
11,3,64,38,0.542251467704773,0.11871366947889328
11,3,64,39,0.6545363664627075,0.2073594182729721
11,3,64,40,0.5241641402244568,0.09159311652183533
11,3,64,41,0.47952377796173096,0.16949006915092468
11,3,64,42,0.5851138234138489,0.0787229984998703
11,3,64,43,0.3198097050189972,0.18686360120773315
11,3,64,44,0.5869094729423523,0.17172983288764954
11,3,64,45,0.4933317303657532,0.18923109769821167
11,3,64,46,0.470671683549881,0.12929491698741913
11,3,64,47,0.5772319436073303,0.07654440402984619
11,3,64,48,0.4214288592338562,0.0775277242064476
11,3,64,49,0.5865781307220459,0.0734250545501709
11,3,64,50,0.42389044165611267,0.16747094690799713
11,3,64,51,0.41515791416168213,0.08550453186035156
11,3,64,52,0.6929928064346313,0.08186400681734085
11,3,64,53,0.5343146920204163,0.04396383464336395
11,3,64,54,0.6580826044082642,0.11473815143108368
11,3,64,55,0.44726133346557617,0.14132936298847198
11,3,64,56,0.497247576713562,0.1119515597820282
11,3,64,57,0.6485115885734558,0.24465204775333405
11,3,64,58,0.3901482820510864,0.18160606920719147
11,3,64,59,0.6183986663818359,0.11617598682641983
11,3,64,60,0.4206012785434723,0.1907382756471634
11,3,64,61,0.5364628434181213,0.03933239355683327
11,3,64,62,0.416184663772583,0.2683839499950409
11,3,64,63,0.5721944570541382,0.260932058095932
11,4,128,0,0.595280647277832,0.09864578396081924
11,4,128,1,0.48862069845199585,0.20018629729747772
11,4,128,2,0.6241352558135986,0.23078425228595734
11,4,128,3,0.6554228663444519,0.20829364657402039
11,4,128,4,0.7697710394859314,0.07415742427110672
11,4,128,5,0.5345134139060974,0.1770600825548172
11,4,128,6,0.49718672037124634,0.08264406770467758
11,4,128,7,0.5010130405426025,0.1884344071149826
11,4,128,8,0.31146636605262756,0.09509330242872238
11,4,128,9,0.6605647802352905,0.20516087114810944
11,4,128,10,0.4013293385505676,0.3028944432735443
11,4,128,11,0.3264499008655548,0.1059025451540947
11,4,128,12,0.6793858408927917,0.16003866493701935
11,4,128,13,0.7045756578445435,0.09652328491210938
11,4,128,14,0.6243089437484741,0.168145090341568
11,4,128,15,0.6452377438545227,0.14324353635311127
11,4,128,16,0.47105205059051514,0.18204717338085175
11,4,128,17,0.3905177414417267,0.14593981206417084
11,4,128,18,0.5151298642158508,0.1498458981513977
11,4,128,19,0.7302722930908203,0.13709847629070282
11,4,128,20,0.6460854411125183,0.07259787619113922
11,4,128,21,0.5726346373558044,0.16021859645843506
11,4,128,22,0.7076491117477417,0.142147958278656
11,4,128,23,0.676322877407074,0.19986984133720398
11,4,128,24,0.7002161145210266,0.17450390756130219
11,4,128,25,0.2988743185997009,0.1736481785774231
11,4,128,26,0.31948423385620117,0.07237876951694489
11,4,128,27,0.6390293836593628,0.2363680899143219
11,4,128,28,0.7665150165557861,0.06652843952178955
11,4,128,29,0.5342411398887634,0.22970882058143616
11,4,128,30,0.6637207269668579,0.20964135229587555
11,4,128,31,0.3041377365589142,0.2074325978755951
11,4,128,32,0.4355523884296417,0.3534030318260193
11,4,128,33,0.5452958941459656,0.15355561673641205
11,4,128,34,0.6062459349632263,0.29317569732666016
11,4,128,35,0.6223902106285095,0.2522091567516327
11,4,128,36,0.5122199654579163,0.20666803419589996
11,4,128,37,0.5827757716178894,0.2539653182029724
11,4,128,38,0.6280556321144104,0.34097209572792053
11,4,128,39,0.706133246421814,0.15872296690940857
11,4,128,40,0.48994946479797363,0.09297392517328262
11,4,128,41,0.5160462856292725,0.22688232362270355
11,4,128,42,0.6577818393707275,0.20868171751499176
11,4,128,43,0.7361813187599182,0.13141341507434845
11,4,128,44,0.2941339313983917,0.08128726482391357
11,4,128,45,0.5867182016372681,0.18641959130764008
11,4,128,46,0.7619629502296448,0.10904505103826523
11,4,128,47,0.5949376821517944,0.1456208974123001
11,4,128,48,0.6439779996871948,0.12792204320430756
11,4,128,49,0.534833550453186,0.1378248631954193
11,4,128,50,0.6244982481002808,0.13078424334526062
11,4,128,51,0.28783005475997925,0.1898510754108429
11,4,128,52,0.6126739978790283,0.24586360156536102
11,4,128,53,0.6547061204910278,0.14347822964191437
11,4,128,54,0.4797248840332031,0.12876683473587036
11,4,128,55,0.5171380043029785,0.04444374144077301
11,4,128,56,0.35889002680778503,0.2270975410938263
11,4,128,57,0.31169700622558594,0.1325244903564453
11,4,128,58,0.6602657437324524,0.21735237538814545
11,4,128,59,0.4202112555503845,0.10456722229719162
11,4,128,60,0.5585955381393433,0.31292563676834106
11,4,128,61,0.7625526785850525,0.07215023040771484
11,4,128,62,0.6912496089935303,0.11191220581531525
11,4,128,63,0.6234326958656311,0.1430390179157257
11,4,128,64,0.46192118525505066,0.18512195348739624
11,4,128,65,0.4344751238822937,0.12608203291893005
11,4,128,66,0.7125536799430847,0.1872124969959259
11,4,128,67,0.6127297878265381,0.0992380902171135
11,4,128,68,0.7192831039428711,0.07402905821800232
11,4,128,69,0.39480912685394287,0.09417133033275604
11,4,128,70,0.4995347559452057,0.22590523958206177
11,4,128,71,0.5593751072883606,0.0765761286020279
11,4,128,72,0.6489341259002686,0.1294410079717636
11,4,128,73,0.72007155418396,0.1202368289232254
11,4,128,74,0.5567677617073059,0.17748641967773438
11,4,128,75,0.40685489773750305,0.13639982044696808
11,4,128,76,0.4442201554775238,0.058646056801080704
11,4,128,77,0.6212676763534546,0.20539885759353638
11,4,128,78,0.6561890840530396,0.14463922381401062
11,4,128,79,0.27364102005958557,0.11840448528528214
11,4,128,80,0.6089915037155151,0.17006967961788177
11,4,128,81,0.6156469583511353,0.3194213807582855
11,4,128,82,0.6142908334732056,0.2010589838027954
11,4,128,83,0.6395113468170166,0.2566329836845398
11,4,128,84,0.4689193069934845,0.03380666300654411
11,4,128,85,0.6432759165763855,0.29364854097366333
11,4,128,86,0.5246068835258484,0.157566100358963
11,4,128,87,0.3275216519832611,0.1090012639760971
11,4,128,88,0.6269406676292419,0.28027260303497314
11,4,128,89,0.6281283497810364,0.08067737519741058
11,4,128,90,0.7285110354423523,0.14319786429405212
11,4,128,91,0.5732991099357605,0.1846609115600586
11,4,128,92,0.6108598113059998,0.26482269167900085
11,4,128,93,0.6364923119544983,0.05246696621179581
11,4,128,94,0.6647135019302368,0.14451450109481812
11,4,128,95,0.5807134509086609,0.12461358308792114
11,4,128,96,0.7192872762680054,0.08361466228961945
11,4,128,97,0.6538767218589783,0.21627047657966614
11,4,128,98,0.6611375212669373,0.13796380162239075
11,4,128,99,0.46890100836753845,0.22220252454280853
11,4,128,100,0.6479056477546692,0.21156218647956848
11,4,128,101,0.5657391548156738,0.07368568331003189
11,4,128,102,0.4563872218132019,0.21396999061107635
11,4,128,103,0.6888524293899536,0.1607874035835266
11,4,128,104,0.687505841255188,0.18125006556510925
11,4,128,105,0.37425631284713745,0.19388967752456665
11,4,128,106,0.7106663584709167,0.08981466293334961
11,4,128,107,0.5723716616630554,0.09967269003391266
11,4,128,108,0.46440041065216064,0.22627834975719452
11,4,128,109,0.737987756729126,0.22407257556915283
11,4,128,110,0.37088635563850403,0.26337793469429016
11,4,128,111,0.6466423273086548,0.20777520537376404
11,4,128,112,0.4269518256187439,0.3136370778083801
11,4,128,113,0.5378989577293396,0.1345428079366684
11,4,128,114,0.4202249050140381,0.2179180085659027
11,4,128,115,0.6134039163589478,0.24839630722999573
11,4,128,116,0.7908907532691956,0.10998302698135376
11,4,128,117,0.5391221642494202,0.07117395848035812
11,4,128,118,0.5943540930747986,0.2687055170536041
11,4,128,119,0.6924399137496948,0.16693517565727234
11,4,128,120,0.5312475562095642,0.11139565706253052
11,4,128,121,0.5652573704719543,0.12063255161046982
11,4,128,122,0.4446379542350769,0.17510424554347992
11,4,128,123,0.5505294799804688,0.27220237255096436
11,4,128,124,0.5536762475967407,0.1442802995443344
11,4,128,125,0.25895386934280396,0.13827349245548248
11,4,128,126,0.5934035778045654,0.08898402005434036
11,4,128,127,0.6281583309173584,0.2740795910358429
11,5,128,0,0.6655901670455933,0.20547133684158325
11,5,128,1,0.7629370093345642,0.10598102957010269
11,5,128,2,0.6374720931053162,0.28418105840682983
11,5,128,3,0.769920825958252,0.18380221724510193
11,5,128,4,0.7031412124633789,0.12984587252140045
11,5,128,5,0.7978456616401672,0.08365057408809662
11,5,128,6,0.7869470715522766,0.17358414828777313
11,5,128,7,0.3346063196659088,0.09973496943712234
11,5,128,8,0.5807990431785583,0.12187109142541885
11,5,128,9,0.6343986988067627,0.20570096373558044
11,5,128,10,0.824785590171814,0.085943304002285
11,5,128,11,0.625186562538147,0.25436931848526
11,5,128,12,0.5945742726325989,0.24498730897903442
11,5,128,13,0.8202778697013855,0.0873507484793663
11,5,128,14,0.7923034429550171,0.09376344829797745
11,5,128,15,0.7132779359817505,0.14238612353801727
11,5,128,16,0.7801693677902222,0.10619957000017166
11,5,128,17,0.698872983455658,0.1042599007487297
11,5,128,18,0.6695738434791565,0.10162854194641113
11,5,128,19,0.5236867070198059,0.2516575753688812
11,5,128,20,0.6972479224205017,0.13480843603610992
11,5,128,21,0.40052664279937744,0.1787576526403427
11,5,128,22,0.2888011634349823,0.1531265377998352
11,5,128,23,0.7337799668312073,0.18019378185272217
11,5,128,24,0.7606406807899475,0.12664824724197388
11,5,128,25,0.6702711582183838,0.1309489607810974
11,5,128,26,0.4437159299850464,0.09341458976268768
11,5,128,27,0.5828397870063782,0.1535179316997528
11,5,128,28,0.6458974480628967,0.24262875318527222
11,5,128,29,0.6325706839561462,0.1873852163553238
11,5,128,30,0.47375696897506714,0.26386553049087524
11,5,128,31,0.6536176800727844,0.07652662694454193
11,5,128,32,0.7490078210830688,0.07700120657682419
11,5,128,33,0.7845314145088196,0.09280284494161606
11,5,128,34,0.5705060958862305,0.14110229909420013
11,5,128,35,0.5972574949264526,0.3240432143211365
11,5,128,36,0.5571467876434326,0.11284098029136658
11,5,128,37,0.5061390399932861,0.048459842801094055
11,5,128,38,0.7118613123893738,0.13378363847732544
11,5,128,39,0.7895745038986206,0.13715724647045135
11,5,128,40,0.49376997351646423,0.08901635557413101
11,5,128,41,0.769982635974884,0.08024890720844269
11,5,128,42,0.7939261198043823,0.13518351316452026
11,5,128,43,0.7674021124839783,0.08539622277021408
11,5,128,44,0.39476409554481506,0.16921040415763855
11,5,128,45,0.7977781891822815,0.08348804712295532
11,5,128,46,0.7706563472747803,0.08620745688676834
11,5,128,47,0.48670727014541626,0.16218633949756622
11,5,128,48,0.6071745157241821,0.18350040912628174
11,5,128,49,0.6560478806495667,0.1254016011953354
11,5,128,50,0.6454209685325623,0.10375610738992691
11,5,128,51,0.5485925674438477,0.1360437422990799
11,5,128,52,0.7462983131408691,0.1408001333475113
11,5,128,53,0.5509688258171082,0.1157294511795044
11,5,128,54,0.5634258985519409,0.24591460824012756
11,5,128,55,0.509467601776123,0.14983445405960083
11,5,128,56,0.492559015750885,0.2200140506029129
11,5,128,57,0.5209676027297974,0.1279294192790985
11,5,128,58,0.6242525577545166,0.2440609633922577
11,5,128,59,0.6451191306114197,0.14969247579574585
11,5,128,60,0.7446694374084473,0.08892321586608887
11,5,128,61,0.7297199964523315,0.15065206587314606
11,5,128,62,0.8154188394546509,0.10679025948047638
11,5,128,63,0.7890006303787231,0.13975004851818085
11,5,128,64,0.7067407965660095,0.12847325205802917
11,5,128,65,0.7159762978553772,0.14091788232326508
11,5,128,66,0.7530611753463745,0.13018377125263214
11,5,128,67,0.6714046001434326,0.1263924390077591
11,5,128,68,0.7419211864471436,0.05910511687397957
11,5,128,69,0.4894765615463257,0.10053814947605133
11,5,128,70,0.7159257531166077,0.13244619965553284
11,5,128,71,0.6058621406555176,0.16481919586658478
11,5,128,72,0.6155372262001038,0.1838383972644806
11,5,128,73,0.8047164082527161,0.08775010704994202
11,5,128,74,0.7222706079483032,0.16528823971748352
11,5,128,75,0.4083215892314911,0.10521095991134644
11,5,128,76,0.7375586032867432,0.08844232559204102
11,5,128,77,0.4950981140136719,0.26295775175094604
11,5,128,78,0.7793129682540894,0.1130760908126831
11,5,128,79,0.720906138420105,0.06157271936535835
11,5,128,80,0.38669082522392273,0.1636420488357544
11,5,128,81,0.7253677845001221,0.1626405566930771
11,5,128,82,0.4172735810279846,0.22539936006069183
11,5,128,83,0.6733750104904175,0.06413149833679199
11,5,128,84,0.5148797631263733,0.24086248874664307
11,5,128,85,0.7771041989326477,0.13909600675106049
11,5,128,86,0.6940454840660095,0.08954755961894989
11,5,128,87,0.7091033458709717,0.0999700278043747
11,5,128,88,0.7133951187133789,0.18434324860572815
11,5,128,89,0.7240848541259766,0.07081947475671768
11,5,128,90,0.8372966647148132,0.08599653840065002
11,5,128,91,0.5391460657119751,0.1620689481496811
11,5,128,92,0.6480856537818909,0.13534913957118988
11,5,128,93,0.6707523465156555,0.1972995549440384
11,5,128,94,0.6397359371185303,0.2503913342952728
11,5,128,95,0.6534371972084045,0.11881975084543228
11,5,128,96,0.7333426475524902,0.17985758185386658
11,5,128,97,0.6964163780212402,0.1810207962989807
11,5,128,98,0.8321160078048706,0.09728841483592987
11,5,128,99,0.5956645011901855,0.13766269385814667
11,5,128,100,0.5037354230880737,0.08675619214773178
11,5,128,101,0.512774646282196,0.10506997257471085
11,5,128,102,0.46634534001350403,0.16762365400791168
11,5,128,103,0.601401150226593,0.18825332820415497
11,5,128,104,0.797845721244812,0.08064442127943039
11,5,128,105,0.7861953377723694,0.08016236871480942
11,5,128,106,0.7598814368247986,0.18871751427650452
11,5,128,107,0.7632985711097717,0.13888481259346008
11,5,128,108,0.6949491500854492,0.15356191992759705
11,5,128,109,0.7409170866012573,0.09839414805173874
11,5,128,110,0.3427276909351349,0.14746718108654022
11,5,128,111,0.6259615421295166,0.10324511677026749
11,5,128,112,0.7781447172164917,0.10543259233236313
11,5,128,113,0.5487464666366577,0.08729393035173416
11,5,128,114,0.6870020627975464,0.15055672824382782
11,5,128,115,0.7945103049278259,0.10538400709629059
11,5,128,116,0.7642897367477417,0.10725359618663788
11,5,128,117,0.7363975048065186,0.12550762295722961
11,5,128,118,0.512196958065033,0.17924922704696655
11,5,128,119,0.8003467321395874,0.11462117731571198
11,5,128,120,0.6403635144233704,0.10896997153759003
11,5,128,121,0.6501628756523132,0.11374936997890472
11,5,128,122,0.6812517642974854,0.06456755846738815
11,5,128,123,0.5828446745872498,0.2523404061794281
11,5,128,124,0.6202365756034851,0.11393463611602783
11,5,128,125,0.41385719180107117,0.17810867726802826
11,5,128,126,0.4962501525878906,0.07148420810699463
11,5,128,127,0.5177899599075317,0.16486231982707977
12,0,32,0,0.6157421469688416,0.07768868654966354
12,0,32,1,0.6062418818473816,0.1474953442811966
12,0,32,2,0.6103748083114624,0.1396922618150711
12,0,32,3,0.6343291401863098,0.14358530938625336
12,0,32,4,0.4235183000564575,0.1689632385969162
12,0,32,5,0.5378633737564087,0.04723309352993965
12,0,32,6,0.44128674268722534,0.12816572189331055
12,0,32,7,0.5888409614562988,0.17080296576023102
12,0,32,8,0.6691710352897644,0.11246761679649353
12,0,32,9,0.4853333830833435,0.17862027883529663
12,0,32,10,0.3940633237361908,0.11226268112659454
12,0,32,11,0.5178425908088684,0.12308133393526077
12,0,32,12,0.6260744333267212,0.08638706058263779
12,0,32,13,0.4036771059036255,0.15111659467220306
12,0,32,14,0.5039845108985901,0.08204231411218643
12,0,32,15,0.45375901460647583,0.13849987089633942
12,0,32,16,0.6177263855934143,0.15428924560546875
12,0,32,17,0.3532540798187256,0.10490097105503082
12,0,32,18,0.5000326633453369,0.11304349452257156
12,0,32,19,0.3882030248641968,0.1381744146347046
12,0,32,20,0.4944792091846466,0.15706093609333038
12,0,32,21,0.4606855809688568,0.15298287570476532
12,0,32,22,0.5103404521942139,0.13879325985908508
12,0,32,23,0.4520047903060913,0.12711162865161896
12,0,32,24,0.45701107382774353,0.14253628253936768
12,0,32,25,0.45494017004966736,0.19821830093860626
12,0,32,26,0.4613073170185089,0.1476830691099167
12,0,32,27,0.5591588616371155,0.0479467511177063
12,0,32,28,0.46758005023002625,0.15223151445388794
12,0,32,29,0.41480106115341187,0.1696677803993225
12,0,32,30,0.5491788983345032,0.0850871205329895
12,0,32,31,0.41107597947120667,0.1433841437101364
12,1,32,0,0.47978389263153076,0.13008780777454376
12,1,32,1,0.6305931210517883,0.10842350125312805
12,1,32,2,0.5147917866706848,0.08720546960830688
12,1,32,3,0.4835384786128998,0.07401876151561737
12,1,32,4,0.5334146618843079,0.12377768009901047
12,1,32,5,0.516067624092102,0.11399219185113907
12,1,32,6,0.44344040751457214,0.06531044095754623
12,1,32,7,0.517108678817749,0.17149116098880768
12,1,32,8,0.6270959973335266,0.07527773082256317
12,1,32,9,0.5995078682899475,0.1346384584903717
12,1,32,10,0.574966549873352,0.10676135122776031
12,1,32,11,0.5304975509643555,0.14271250367164612
12,1,32,12,0.47175732254981995,0.13303110003471375
12,1,32,13,0.5174558162689209,0.07592377811670303
12,1,32,14,0.6092818379402161,0.0862933099269867
12,1,32,15,0.41172847151756287,0.06657620519399643
12,1,32,16,0.5731057524681091,0.11207566410303116
12,1,32,17,0.46246734261512756,0.2135702669620514
12,1,32,18,0.47885483503341675,0.11174650490283966
12,1,32,19,0.44683411717414856,0.08871123939752579
12,1,32,20,0.5001748204231262,0.07937996089458466
12,1,32,21,0.48638424277305603,0.16609890758991241
12,1,32,22,0.45333531498908997,0.08421053737401962
12,1,32,23,0.3784720301628113,0.09930644929409027
12,1,32,24,0.573775589466095,0.06606805324554443
12,1,32,25,0.5028460621833801,0.12104621529579163
12,1,32,26,0.4470733106136322,0.10163692384958267
12,1,32,27,0.5525774359703064,0.11832015216350555
12,1,32,28,0.48565003275871277,0.11768195778131485
12,1,32,29,0.6071945428848267,0.059210702776908875
12,1,32,30,0.5434268712997437,0.12988127768039703
12,1,32,31,0.5039260387420654,0.1753898561000824
12,2,64,0,0.43038496375083923,0.25481289625167847
12,2,64,1,0.46556732058525085,0.19222484529018402
12,2,64,2,0.3967764973640442,0.08638890832662582
12,2,64,3,0.4876428544521332,0.13193005323410034
12,2,64,4,0.554311990737915,0.06364880502223969
12,2,64,5,0.4071879982948303,0.13703525066375732
12,2,64,6,0.5841953754425049,0.08179444074630737
12,2,64,7,0.4152839779853821,0.20803534984588623
12,2,64,8,0.5190759897232056,0.07460694760084152
12,2,64,9,0.4385150671005249,0.07227132469415665
12,2,64,10,0.5212474465370178,0.1568082571029663
12,2,64,11,0.5765569806098938,0.15900588035583496
12,2,64,12,0.5185675621032715,0.10389021039009094
12,2,64,13,0.4616539776325226,0.12686072289943695
12,2,64,14,0.5953347086906433,0.07851152122020721
12,2,64,15,0.513566792011261,0.15535534918308258
12,2,64,16,0.45012810826301575,0.25562775135040283
12,2,64,17,0.5269585847854614,0.17743119597434998
12,2,64,18,0.5293919444084167,0.08884532004594803
12,2,64,19,0.4852016568183899,0.09796783328056335
12,2,64,20,0.4457346796989441,0.12285877764225006
12,2,64,21,0.5483794212341309,0.14907896518707275
12,2,64,22,0.3730282187461853,0.0806770995259285
12,2,64,23,0.5831548571586609,0.14604294300079346
12,2,64,24,0.45700255036354065,0.16015353798866272
12,2,64,25,0.47152724862098694,0.15007223188877106
12,2,64,26,0.49615028500556946,0.18393632769584656
12,2,64,27,0.6263161897659302,0.1219136118888855
12,2,64,28,0.5995856523513794,0.18992945551872253
12,2,64,29,0.4581669569015503,0.2164466381072998
12,2,64,30,0.4813535213470459,0.11145873367786407
12,2,64,31,0.6004630923271179,0.07133937627077103
12,2,64,32,0.5463221073150635,0.16625161468982697
12,2,64,33,0.6009126901626587,0.13894237577915192
12,2,64,34,0.5481567978858948,0.1880488246679306
12,2,64,35,0.45002418756484985,0.1975143551826477
12,2,64,36,0.4286542236804962,0.17423692345619202
12,2,64,37,0.5454561710357666,0.1119309812784195
12,2,64,38,0.46914154291152954,0.11287707090377808
12,2,64,39,0.34890255331993103,0.07255689054727554
12,2,64,40,0.5106651782989502,0.05684586241841316
12,2,64,41,0.5258371233940125,0.11239880323410034
12,2,64,42,0.493937224149704,0.10817461460828781
12,2,64,43,0.46569734811782837,0.16252942383289337
12,2,64,44,0.5216213464736938,0.20474258065223694
12,2,64,45,0.3598300516605377,0.1190604493021965
12,2,64,46,0.45985397696495056,0.1781456172466278
12,2,64,47,0.5813367962837219,0.13421253859996796
12,2,64,48,0.5642032027244568,0.178580641746521
12,2,64,49,0.4890735149383545,0.17824769020080566
12,2,64,50,0.30182480812072754,0.10839225351810455
12,2,64,51,0.5058208703994751,0.1789960414171219
12,2,64,52,0.5257549285888672,0.08504239469766617
12,2,64,53,0.4455438256263733,0.2547665536403656
12,2,64,54,0.6261368989944458,0.09414064139127731
12,2,64,55,0.5144444704055786,0.1105247512459755
12,2,64,56,0.5335711240768433,0.11712747067213058
12,2,64,57,0.3978922665119171,0.2003255933523178
12,2,64,58,0.5697101950645447,0.12779664993286133
12,2,64,59,0.46070438623428345,0.09272922575473785
12,2,64,60,0.5370093584060669,0.0682750716805458
12,2,64,61,0.44880786538124084,0.08612117171287537
12,2,64,62,0.4919746220111847,0.13811367750167847
12,2,64,63,0.47645872831344604,0.13682295382022858
12,3,64,0,0.49492624402046204,0.12456592917442322
12,3,64,1,0.47940513491630554,0.05546441301703453
12,3,64,2,0.5151304602622986,0.06045380234718323
12,3,64,3,0.4934532344341278,0.09966415166854858
12,3,64,4,0.47476229071617126,0.07217001169919968
12,3,64,5,0.41514018177986145,0.14282108843326569
12,3,64,6,0.594046413898468,0.08070749044418335
12,3,64,7,0.36016783118247986,0.08742935210466385
12,3,64,8,0.555673360824585,0.049082718789577484
12,3,64,9,0.573114275932312,0.060847386717796326
12,3,64,10,0.4890020489692688,0.04923784360289574
12,3,64,11,0.4481869339942932,0.15066708624362946
12,3,64,12,0.5455828309059143,0.07144269347190857
12,3,64,13,0.4038167893886566,0.04587161913514137
12,3,64,14,0.42546820640563965,0.023851623758673668
12,3,64,15,0.3771354556083679,0.13519258797168732
12,3,64,16,0.5424900054931641,0.09899371862411499
12,3,64,17,0.38995346426963806,0.0442194938659668
12,3,64,18,0.40921536087989807,0.135494202375412
12,3,64,19,0.5618884563446045,0.11262912303209305
12,3,64,20,0.5268474221229553,0.05960962921380997
12,3,64,21,0.3676396310329437,0.08004332333803177
12,3,64,22,0.44134220480918884,0.07117997854948044
12,3,64,23,0.5682457089424133,0.08718566596508026
12,3,64,24,0.6277908086776733,0.09049377590417862
12,3,64,25,0.41579514741897583,0.11179380118846893
12,3,64,26,0.43745678663253784,0.07546994090080261
12,3,64,27,0.50370854139328,0.1394011676311493
12,3,64,28,0.5451146364212036,0.06544792652130127
12,3,64,29,0.45426738262176514,0.15042170882225037
12,3,64,30,0.5938675999641418,0.047078054398298264
12,3,64,31,0.6598248481750488,0.05393635481595993
12,3,64,32,0.40443745255470276,0.08951733261346817
12,3,64,33,0.4641735553741455,0.10678233951330185
12,3,64,34,0.4679090976715088,0.1273481696844101
12,3,64,35,0.7227874398231506,0.06809119880199432
12,3,64,36,0.44986283779144287,0.042235974222421646
12,3,64,37,0.49889397621154785,0.0235883966088295
12,3,64,38,0.5311548709869385,0.12519177794456482
12,3,64,39,0.46561771631240845,0.08689213544130325
12,3,64,40,0.5293871760368347,0.03495078161358833
12,3,64,41,0.4465735852718353,0.0615532323718071
12,3,64,42,0.5467811226844788,0.0644029751420021
12,3,64,43,0.4094764292240143,0.08400987833738327
12,3,64,44,0.48291853070259094,0.15563900768756866
12,3,64,45,0.5708603858947754,0.060243673622608185
12,3,64,46,0.46608492732048035,0.08736322820186615
12,3,64,47,0.6380844712257385,0.07957452535629272
12,3,64,48,0.444920152425766,0.1268519163131714
12,3,64,49,0.4812987446784973,0.07752086967229843
12,3,64,50,0.4779770076274872,0.06634589284658432
12,3,64,51,0.4495376944541931,0.04504002630710602
12,3,64,52,0.529334306716919,0.06633053719997406
12,3,64,53,0.45198091864585876,0.13118329644203186
12,3,64,54,0.6380898356437683,0.04357578977942467
12,3,64,55,0.6495001316070557,0.06400563567876816
12,3,64,56,0.3899669647216797,0.06040103733539581
12,3,64,57,0.6569042801856995,0.04996839165687561
12,3,64,58,0.5247300863265991,0.12127896398305893
12,3,64,59,0.6142885088920593,0.050602760165929794
12,3,64,60,0.4032343029975891,0.09462670981884003
12,3,64,61,0.46526089310646057,0.11565481871366501
12,3,64,62,0.426773339509964,0.08856421709060669
12,3,64,63,0.5247653722763062,0.22521713376045227
12,4,128,0,0.6142882704734802,0.08058205991983414
12,4,128,1,0.6463186144828796,0.18890851736068726
12,4,128,2,0.6016982793807983,0.16318990290164948
12,4,128,3,0.5407130718231201,0.15018151700496674
12,4,128,4,0.6754264831542969,0.21001365780830383
12,4,128,5,0.5069501399993896,0.15905337035655975
12,4,128,6,0.38176611065864563,0.09134572744369507
12,4,128,7,0.6466314792633057,0.08350303769111633
12,4,128,8,0.6156118512153625,0.06834795325994492
12,4,128,9,0.6190279126167297,0.31944894790649414
12,4,128,10,0.42274996638298035,0.1874443143606186
12,4,128,11,0.5630173087120056,0.12607233226299286
12,4,128,12,0.5849125385284424,0.08645129948854446
12,4,128,13,0.35963985323905945,0.26753050088882446
12,4,128,14,0.6279064416885376,0.09186884015798569
12,4,128,15,0.6703163981437683,0.09697158634662628
12,4,128,16,0.6670730113983154,0.05708113685250282
12,4,128,17,0.6364272832870483,0.07576432824134827
12,4,128,18,0.7085919976234436,0.16012755036354065
12,4,128,19,0.3665389120578766,0.20725467801094055
12,4,128,20,0.3851996660232544,0.2705560326576233
12,4,128,21,0.6221578121185303,0.2529039680957794
12,4,128,22,0.6222578287124634,0.26693055033683777
12,4,128,23,0.6258318424224854,0.33696720004081726
12,4,128,24,0.6179074645042419,0.23714996874332428
12,4,128,25,0.29136934876441956,0.07852647453546524
12,4,128,26,0.6795893907546997,0.09274798631668091
12,4,128,27,0.8721674680709839,0.0790083184838295
12,4,128,28,0.48318788409233093,0.19425949454307556
12,4,128,29,0.5372841954231262,0.08297068625688553
12,4,128,30,0.66912841796875,0.16894012689590454
12,4,128,31,0.6249945759773254,0.33023127913475037
12,4,128,32,0.3755468726158142,0.2898232936859131
12,4,128,33,0.6160646677017212,0.24439309537410736
12,4,128,34,0.7379883527755737,0.08008276671171188
12,4,128,35,0.6353679895401001,0.07342888414859772
12,4,128,36,0.565179169178009,0.10886341333389282
12,4,128,37,0.6996078491210938,0.16150811314582825
12,4,128,38,0.36730873584747314,0.1909433752298355
12,4,128,39,0.6788280606269836,0.11383632570505142
12,4,128,40,0.47373148798942566,0.20446732640266418
12,4,128,41,0.5941687226295471,0.2576676905155182
12,4,128,42,0.5743035674095154,0.21733495593070984
12,4,128,43,0.3587990701198578,0.22828148305416107
12,4,128,44,0.6709591150283813,0.18684761226177216
12,4,128,45,0.581828236579895,0.0784137174487114
12,4,128,46,0.7096532583236694,0.14196200668811798
12,4,128,47,0.43814048171043396,0.115514375269413
12,4,128,48,0.607465386390686,0.20788024365901947
12,4,128,49,0.6608405113220215,0.18910743296146393
12,4,128,50,0.5936757326126099,0.09982938319444656
12,4,128,51,0.6720979809761047,0.26510241627693176
12,4,128,52,0.642337441444397,0.21494123339653015
12,4,128,53,0.6044631600379944,0.11098600924015045
12,4,128,54,0.6956269145011902,0.2668350338935852
12,4,128,55,0.6092676520347595,0.23867981135845184
12,4,128,56,0.3847380578517914,0.1919536143541336
12,4,128,57,0.4464431405067444,0.11697741597890854
12,4,128,58,0.39681345224380493,0.28879013657569885
12,4,128,59,0.7253810167312622,0.15535904467105865
12,4,128,60,0.39559367299079895,0.2226215898990631
12,4,128,61,0.7780141234397888,0.09456371515989304
12,4,128,62,0.3888210356235504,0.15028177201747894
12,4,128,63,0.6263042092323303,0.07070780545473099
12,4,128,64,0.2982470989227295,0.19926290214061737
12,4,128,65,0.7030258774757385,0.0913369208574295
12,4,128,66,0.5509201884269714,0.15067344903945923
12,4,128,67,0.41881829500198364,0.278029203414917
12,4,128,68,0.4722966253757477,0.2782492935657501
12,4,128,69,0.6123039722442627,0.12208599597215652
12,4,128,70,0.6265830397605896,0.31646856665611267
12,4,128,71,0.717132031917572,0.20649529993534088
12,4,128,72,0.5007140040397644,0.09162949025630951
12,4,128,73,0.6095600128173828,0.34224942326545715
12,4,128,74,0.6420303583145142,0.0702880397439003
12,4,128,75,0.6155926585197449,0.2696099281311035
12,4,128,76,0.6849837303161621,0.3000447750091553
12,4,128,77,0.5926318764686584,0.13481394946575165
12,4,128,78,0.6631025671958923,0.2951616048812866
12,4,128,79,0.5402728319168091,0.1449962705373764
12,4,128,80,0.3890637159347534,0.22203665971755981
12,4,128,81,0.4171057343482971,0.3119431436061859
12,4,128,82,0.5640120506286621,0.22352664172649384
12,4,128,83,0.3269999325275421,0.10158105194568634
12,4,128,84,0.6600388288497925,0.11034400016069412
12,4,128,85,0.6081473231315613,0.21275675296783447
12,4,128,86,0.4855554699897766,0.03268764913082123
12,4,128,87,0.6632834672927856,0.0897180512547493
12,4,128,88,0.3889068365097046,0.27994653582572937
12,4,128,89,0.6588121652603149,0.230870321393013
12,4,128,90,0.718979001045227,0.10126525163650513
12,4,128,91,0.6307538151741028,0.1616724282503128
12,4,128,92,0.7434260249137878,0.06227808818221092
12,4,128,93,0.45188701152801514,0.314689964056015
12,4,128,94,0.6463556885719299,0.1976834088563919
12,4,128,95,0.6677882671356201,0.09695591032505035
12,4,128,96,0.5765725374221802,0.10606531798839569
12,4,128,97,0.6519293785095215,0.0748094916343689
12,4,128,98,0.58527010679245,0.11142522096633911
12,4,128,99,0.6179187297821045,0.09319906681776047
12,4,128,100,0.6932755708694458,0.11569611728191376
12,4,128,101,0.5656983256340027,0.12748296558856964
12,4,128,102,0.653099775314331,0.14357005059719086
12,4,128,103,0.7204989790916443,0.23894834518432617
12,4,128,104,0.4879045784473419,0.15696854889392853
12,4,128,105,0.41223257780075073,0.33055901527404785
12,4,128,106,0.6589865684509277,0.18268735706806183
12,4,128,107,0.6563981771469116,0.2845459282398224
12,4,128,108,0.6649590134620667,0.11681728810071945
12,4,128,109,0.6086724400520325,0.05822068080306053
12,4,128,110,0.40710726380348206,0.18735332787036896
12,4,128,111,0.6330614686012268,0.2910243272781372
12,4,128,112,0.5112215280532837,0.11079542338848114
12,4,128,113,0.522540271282196,0.09364226460456848
12,4,128,114,0.5367271304130554,0.13905838131904602
12,4,128,115,0.6620099544525146,0.11682409793138504
12,4,128,116,0.7463242411613464,0.12236224859952927
12,4,128,117,0.5313122272491455,0.18484729528427124
12,4,128,118,0.44017061591148376,0.10170166194438934
12,4,128,119,0.7168205380439758,0.1849393993616104
12,4,128,120,0.42332857847213745,0.1657840460538864
12,4,128,121,0.6388790607452393,0.1374395340681076
12,4,128,122,0.6282382607460022,0.24910017848014832
12,4,128,123,0.6838713884353638,0.12976227700710297
12,4,128,124,0.6165425777435303,0.15165747702121735
12,4,128,125,0.6149594783782959,0.36236608028411865
12,4,128,126,0.6049255132675171,0.280050128698349
12,4,128,127,0.6074983477592468,0.21544454991817474
12,5,128,0,0.8151224851608276,0.15608081221580505
12,5,128,1,0.8703786730766296,0.08064232021570206
12,5,128,2,0.7490502595901489,0.08163098990917206
12,5,128,3,0.790953516960144,0.13011959195137024
12,5,128,4,0.6993646025657654,0.2602080702781677
12,5,128,5,0.7515720129013062,0.1381240040063858
12,5,128,6,0.5905844569206238,0.13969968259334564
12,5,128,7,0.8393547534942627,0.08731251955032349
12,5,128,8,0.4974292516708374,0.3038123548030853
12,5,128,9,0.5304233431816101,0.2271399050951004
12,5,128,10,0.7385429739952087,0.13639748096466064
12,5,128,11,0.7327249050140381,0.10947786271572113
12,5,128,12,0.7078604698181152,0.1632339358329773
12,5,128,13,0.6692699790000916,0.11960913985967636
12,5,128,14,0.6222774982452393,0.11029006540775299
12,5,128,15,0.7638387680053711,0.07762420922517776
12,5,128,16,0.8414834141731262,0.12115202099084854
12,5,128,17,0.6465147733688354,0.08747570961713791
12,5,128,18,0.6434454917907715,0.18851338326931
12,5,128,19,0.531243622303009,0.06441906839609146
12,5,128,20,0.817718505859375,0.09418462216854095
12,5,128,21,0.8281827569007874,0.06974548101425171
12,5,128,22,0.7121333479881287,0.23928502202033997
12,5,128,23,0.7380478382110596,0.15502671897411346
12,5,128,24,0.3671645522117615,0.23537078499794006
12,5,128,25,0.588546633720398,0.1305399388074875
12,5,128,26,0.5148225426673889,0.144531711935997
12,5,128,27,0.8386896252632141,0.12521466612815857
12,5,128,28,0.598016619682312,0.14130257070064545
12,5,128,29,0.7686430215835571,0.10329173505306244
12,5,128,30,0.779546320438385,0.10086693614721298
12,5,128,31,0.8697270750999451,0.08722326904535294
12,5,128,32,0.614042341709137,0.11124350130558014
12,5,128,33,0.7214515805244446,0.09651576727628708
12,5,128,34,0.8528320789337158,0.09309053421020508
12,5,128,35,0.8272746205329895,0.0922519713640213
12,5,128,36,0.6721216440200806,0.17549322545528412
12,5,128,37,0.6270081996917725,0.24867364764213562
12,5,128,38,0.7164073586463928,0.12387129664421082
12,5,128,39,0.7304440140724182,0.1257743537425995
12,5,128,40,0.5749767422676086,0.16787147521972656
12,5,128,41,0.43325379490852356,0.09085511416196823
12,5,128,42,0.3766023516654968,0.34630274772644043
12,5,128,43,0.7617459297180176,0.17992037534713745
12,5,128,44,0.37172913551330566,0.20870999991893768
12,5,128,45,0.6457021832466125,0.20399822294712067
12,5,128,46,0.8421677947044373,0.11449915915727615
12,5,128,47,0.6197481155395508,0.09955968707799911
12,5,128,48,0.5597954392433167,0.2096148431301117
12,5,128,49,0.7331764698028564,0.18541529774665833
12,5,128,50,0.792404294013977,0.13817894458770752
12,5,128,51,0.7360455989837646,0.20567278563976288
12,5,128,52,0.8735926747322083,0.08232928067445755
12,5,128,53,0.33542266488075256,0.10143230110406876
12,5,128,54,0.7984744310379028,0.1905200481414795
12,5,128,55,0.6794432401657104,0.167911097407341
12,5,128,56,0.8068692088127136,0.07603169232606888
12,5,128,57,0.3872408866882324,0.3229439854621887
12,5,128,58,0.5497184991836548,0.17511555552482605
12,5,128,59,0.5547433495521545,0.26025688648223877
12,5,128,60,0.815753161907196,0.13436684012413025
12,5,128,61,0.8562952876091003,0.07971704751253128
12,5,128,62,0.6477711200714111,0.33926573395729065
12,5,128,63,0.5061946511268616,0.27632299065589905
12,5,128,64,0.8463197350502014,0.0872655063867569
12,5,128,65,0.4283723831176758,0.21131160855293274
12,5,128,66,0.7338385581970215,0.23048900067806244
12,5,128,67,0.6461600661277771,0.2235933542251587
12,5,128,68,0.5216220021247864,0.20199641585350037
12,5,128,69,0.44916000962257385,0.24299897253513336
12,5,128,70,0.305258184671402,0.09697236120700836
12,5,128,71,0.7601699829101562,0.20447185635566711
12,5,128,72,0.7278308272361755,0.26571187376976013
12,5,128,73,0.7695159316062927,0.10739757865667343
12,5,128,74,0.8067803382873535,0.10431811213493347
12,5,128,75,0.6258220076560974,0.11813739687204361
12,5,128,76,0.7555465698242188,0.19079528748989105
12,5,128,77,0.8247391581535339,0.07263918220996857
12,5,128,78,0.8513649702072144,0.13952936232089996
12,5,128,79,0.43778395652770996,0.23625876009464264
12,5,128,80,0.6332502365112305,0.1626855432987213
12,5,128,81,0.527891218662262,0.2049182802438736
12,5,128,82,0.6775586009025574,0.24998638033866882
12,5,128,83,0.6153817176818848,0.19368062913417816
12,5,128,84,0.8432270288467407,0.08007683604955673
12,5,128,85,0.8553454875946045,0.09614723920822144
12,5,128,86,0.8906987905502319,0.06940030306577682
12,5,128,87,0.6460983753204346,0.19000430405139923
12,5,128,88,0.5657137036323547,0.11014274507761002
12,5,128,89,0.49510452151298523,0.14754468202590942
12,5,128,90,0.8561106324195862,0.06869928538799286
12,5,128,91,0.7325559854507446,0.17389005422592163
12,5,128,92,0.8525802493095398,0.10671712458133698
12,5,128,93,0.8423030972480774,0.0754365399479866
12,5,128,94,0.4485146999359131,0.33329927921295166
12,5,128,95,0.7547785639762878,0.23509719967842102
12,5,128,96,0.8600620627403259,0.08518144488334656
12,5,128,97,0.5642398595809937,0.09463410079479218
12,5,128,98,0.45512160658836365,0.354205459356308
12,5,128,99,0.5416081547737122,0.18291008472442627
12,5,128,100,0.6752029061317444,0.10693074017763138
12,5,128,101,0.2853124737739563,0.14980079233646393
12,5,128,102,0.44273850321769714,0.1423475295305252
12,5,128,103,0.8305118680000305,0.08705172687768936
12,5,128,104,0.5297147035598755,0.14761163294315338
12,5,128,105,0.7071017026901245,0.10900907963514328
12,5,128,106,0.7100329399108887,0.14401300251483917
12,5,128,107,0.8213145732879639,0.13773933053016663
12,5,128,108,0.6116479635238647,0.07163842767477036
12,5,128,109,0.43471086025238037,0.18244218826293945
12,5,128,110,0.6281200647354126,0.12341365218162537
12,5,128,111,0.7378770112991333,0.19028863310813904
12,5,128,112,0.5065225958824158,0.11228789389133453
12,5,128,113,0.3451157808303833,0.09285695850849152
12,5,128,114,0.6778282523155212,0.0665743350982666
12,5,128,115,0.7333768606185913,0.18957631289958954
12,5,128,116,0.8470239043235779,0.1024366170167923
12,5,128,117,0.7810978293418884,0.1737448126077652
12,5,128,118,0.44381576776504517,0.21426072716712952
12,5,128,119,0.8186355233192444,0.1473505198955536
12,5,128,120,0.6392541527748108,0.08447426557540894
12,5,128,121,0.5205586552619934,0.29431211948394775
12,5,128,122,0.6772067546844482,0.24750658869743347
12,5,128,123,0.6770796775817871,0.16109459102153778
12,5,128,124,0.6753064393997192,0.15243005752563477
12,5,128,125,0.7861055135726929,0.07819747179746628
12,5,128,126,0.5749123692512512,0.16047634184360504
12,5,128,127,0.3956419825553894,0.25058314204216003
13,0,32,0,0.4759036600589752,0.09168322384357452
13,0,32,1,0.5493431091308594,0.0880332738161087
13,0,32,2,0.6563754081726074,0.14959366619586945
13,0,32,3,0.42195478081703186,0.1344306915998459
13,0,32,4,0.5550247430801392,0.09828600287437439
13,0,32,5,0.41736549139022827,0.12119653820991516
13,0,32,6,0.6477074027061462,0.05952778086066246
13,0,32,7,0.5333280563354492,0.1419065147638321
13,0,32,8,0.6051169633865356,0.10590415447950363
13,0,32,9,0.44889694452285767,0.10720717906951904
13,0,32,10,0.48038479685783386,0.05137220397591591
13,0,32,11,0.5885889530181885,0.09944477677345276
13,0,32,12,0.46007972955703735,0.12962476909160614
13,0,32,13,0.4252195954322815,0.041269101202487946
13,0,32,14,0.536063015460968,0.07995825260877609
13,0,32,15,0.6737339496612549,0.06943976879119873
13,0,32,16,0.5298084616661072,0.07931271195411682
13,0,32,17,0.4804804027080536,0.10379959642887115
13,0,32,18,0.5279054045677185,0.08703354746103287
13,0,32,19,0.48944419622421265,0.1137668639421463
13,0,32,20,0.5408812165260315,0.05608630180358887
13,0,32,21,0.5143178701400757,0.1355549842119217
13,0,32,22,0.5113511681556702,0.12948592007160187
13,0,32,23,0.3694610595703125,0.09676327556371689
13,0,32,24,0.4482470452785492,0.07051144540309906
13,0,32,25,0.35437753796577454,0.07038476318120956
13,0,32,26,0.6315400004386902,0.08246994018554688
13,0,32,27,0.48148390650749207,0.12345776706933975
13,0,32,28,0.503905177116394,0.0994819775223732
13,0,32,29,0.5918012857437134,0.09547097980976105
13,0,32,30,0.5041713118553162,0.07580944895744324
13,0,32,31,0.5797786116600037,0.05975645035505295
13,1,32,0,0.5147318840026855,0.09521066397428513
13,1,32,1,0.6039926409721375,0.09608025848865509
13,1,32,2,0.5340922474861145,0.12464168667793274
13,1,32,3,0.6026161909103394,0.11997467279434204
13,1,32,4,0.5022459030151367,0.08569581806659698
13,1,32,5,0.5512978434562683,0.12022405117750168
13,1,32,6,0.4819941520690918,0.095499686896801
13,1,32,7,0.6186395883560181,0.08081799745559692
13,1,32,8,0.5153365731239319,0.10392752289772034
13,1,32,9,0.5090802907943726,0.08343654870986938
13,1,32,10,0.42994412779808044,0.06776002794504166
13,1,32,11,0.4749687612056732,0.08345475792884827
13,1,32,12,0.5768322944641113,0.05816812813282013
13,1,32,13,0.5837737321853638,0.09541305154561996
13,1,32,14,0.5553949475288391,0.11503519117832184
13,1,32,15,0.49019938707351685,0.06342233717441559
13,1,32,16,0.43438372015953064,0.0876738429069519
13,1,32,17,0.4293622672557831,0.07320811599493027
13,1,32,18,0.4857524335384369,0.062245044857263565
13,1,32,19,0.58189857006073,0.07002381235361099
13,1,32,20,0.5100833177566528,0.10884370654821396
13,1,32,21,0.4123290181159973,0.09431920200586319
13,1,32,22,0.4655110239982605,0.2009131908416748
13,1,32,23,0.5637837052345276,0.12543587386608124
13,1,32,24,0.4557453393936157,0.08964934945106506
13,1,32,25,0.5283113718032837,0.21397140622138977
13,1,32,26,0.663727343082428,0.06929036229848862
13,1,32,27,0.556583046913147,0.08754271268844604
13,1,32,28,0.5119969844818115,0.14032936096191406
13,1,32,29,0.5995742082595825,0.11404999345541
13,1,32,30,0.48289254307746887,0.19304265081882477
13,1,32,31,0.5313190817832947,0.1781613975763321
13,2,64,0,0.46586865186691284,0.1879206895828247
13,2,64,1,0.34439849853515625,0.20290321111679077
13,2,64,2,0.4462336301803589,0.11792443692684174
13,2,64,3,0.46408942341804504,0.3005107641220093
13,2,64,4,0.4732486605644226,0.17584261298179626
13,2,64,5,0.5695313811302185,0.17017216980457306
13,2,64,6,0.6356964707374573,0.16459813714027405
13,2,64,7,0.41858571767807007,0.23678496479988098
13,2,64,8,0.493784099817276,0.10370972007513046
13,2,64,9,0.4607468545436859,0.2086302489042282
13,2,64,10,0.6502048373222351,0.15247388184070587
13,2,64,11,0.42309415340423584,0.17869679629802704
13,2,64,12,0.568699061870575,0.14697115123271942
13,2,64,13,0.4308427572250366,0.070582315325737
13,2,64,14,0.6046962738037109,0.1824374496936798
13,2,64,15,0.3871591091156006,0.11284821480512619
13,2,64,16,0.4629317820072174,0.25783050060272217
13,2,64,17,0.5401198863983154,0.14277110993862152
13,2,64,18,0.5522721409797668,0.11554214358329773
13,2,64,19,0.38649454712867737,0.22073771059513092
13,2,64,20,0.6198513507843018,0.1415693759918213
13,2,64,21,0.5971188545227051,0.16456277668476105
13,2,64,22,0.4400772750377655,0.13817723095417023
13,2,64,23,0.38007333874702454,0.19781914353370667
13,2,64,24,0.5220531821250916,0.06834734976291656
13,2,64,25,0.43744197487831116,0.1383090615272522
13,2,64,26,0.6780151724815369,0.16778528690338135
13,2,64,27,0.6983041763305664,0.16183120012283325
13,2,64,28,0.67088782787323,0.1479191780090332
13,2,64,29,0.44341176748275757,0.2107122540473938
13,2,64,30,0.45114076137542725,0.18817193806171417
13,2,64,31,0.5593128800392151,0.06031109020113945
13,2,64,32,0.5864782333374023,0.13487063348293304
13,2,64,33,0.4020024240016937,0.16282880306243896
13,2,64,34,0.44067755341529846,0.185292050242424
13,2,64,35,0.5155022144317627,0.07439938932657242
13,2,64,36,0.5643444657325745,0.1513402909040451
13,2,64,37,0.4238663911819458,0.17899754643440247
13,2,64,38,0.40486234426498413,0.1189875453710556
13,2,64,39,0.43806061148643494,0.20094996690750122
13,2,64,40,0.57697993516922,0.2073543816804886
13,2,64,41,0.5352531671524048,0.27551403641700745
13,2,64,42,0.4571608006954193,0.2282188981771469
13,2,64,43,0.42615175247192383,0.1520426869392395
13,2,64,44,0.4881613850593567,0.1834978312253952
13,2,64,45,0.32962027192115784,0.12717267870903015
13,2,64,46,0.5675720572471619,0.13461370766162872
13,2,64,47,0.4198865592479706,0.17787116765975952
13,2,64,48,0.5946449637413025,0.14575093984603882
13,2,64,49,0.38766375184059143,0.18700219690799713
13,2,64,50,0.4833146035671234,0.2086784541606903
13,2,64,51,0.5310633182525635,0.24147440493106842
13,2,64,52,0.510092556476593,0.23055894672870636
13,2,64,53,0.49118390679359436,0.10157980024814606
13,2,64,54,0.5351285934448242,0.17739418148994446
13,2,64,55,0.5562378168106079,0.10937818139791489
13,2,64,56,0.5946020483970642,0.21440020203590393
13,2,64,57,0.4194711446762085,0.236934095621109
13,2,64,58,0.4508090019226074,0.1546132117509842
13,2,64,59,0.5492888689041138,0.14730098843574524
13,2,64,60,0.5541698336601257,0.10088787227869034
13,2,64,61,0.4726056456565857,0.21451060473918915
13,2,64,62,0.6190782189369202,0.1563543826341629
13,2,64,63,0.4372694194316864,0.10541586577892303
13,3,64,0,0.5237235426902771,0.17689689993858337
13,3,64,1,0.5394545197486877,0.1552061140537262
13,3,64,2,0.5872786641120911,0.2223440706729889
13,3,64,3,0.7155826687812805,0.12623393535614014
13,3,64,4,0.4857749938964844,0.24821071326732635
13,3,64,5,0.37030476331710815,0.20237092673778534
13,3,64,6,0.6126329898834229,0.12787912786006927
13,3,64,7,0.3815421760082245,0.1329072117805481
13,3,64,8,0.6515290141105652,0.1380101591348648
13,3,64,9,0.42234697937965393,0.1355615258216858
13,3,64,10,0.2922118306159973,0.11738839000463486
13,3,64,11,0.49907705187797546,0.18042774498462677
13,3,64,12,0.4487808644771576,0.18901975452899933
13,3,64,13,0.437371164560318,0.08796356618404388
13,3,64,14,0.5347536206245422,0.061990153044462204
13,3,64,15,0.5166042447090149,0.1833754926919937
13,3,64,16,0.5507028698921204,0.09622728079557419
13,3,64,17,0.45537906885147095,0.14804768562316895
13,3,64,18,0.453522264957428,0.12905773520469666
13,3,64,19,0.4399610459804535,0.13057813048362732
13,3,64,20,0.5064165592193604,0.12050142884254456
13,3,64,21,0.5239075422286987,0.17294231057167053
13,3,64,22,0.4285467565059662,0.1856347918510437
13,3,64,23,0.5611655116081238,0.2921094298362732
13,3,64,24,0.3791098892688751,0.11771437525749207
13,3,64,25,0.3816206455230713,0.1718718707561493
13,3,64,26,0.5439015030860901,0.28836342692375183
13,3,64,27,0.5124197006225586,0.25328096747398376
13,3,64,28,0.40095776319503784,0.2092563360929489
13,3,64,29,0.4581315815448761,0.12300824373960495
13,3,64,30,0.5124948024749756,0.15182803571224213
13,3,64,31,0.285341739654541,0.11630894988775253
13,3,64,32,0.5480311512947083,0.22414055466651917
13,3,64,33,0.4855387806892395,0.12095411121845245
13,3,64,34,0.5893278121948242,0.22497884929180145
13,3,64,35,0.42574548721313477,0.1779598444700241
13,3,64,36,0.5453746318817139,0.10730022192001343
13,3,64,37,0.5373086929321289,0.07801248133182526
13,3,64,38,0.43252038955688477,0.22192056477069855
13,3,64,39,0.5689582228660583,0.16110722720623016
13,3,64,40,0.3698285222053528,0.14925110340118408
13,3,64,41,0.5674726366996765,0.297152042388916
13,3,64,42,0.4300292730331421,0.17405883967876434
13,3,64,43,0.3828143775463104,0.15130937099456787
13,3,64,44,0.5695469975471497,0.1340952217578888
13,3,64,45,0.5245363116264343,0.2639675736427307
13,3,64,46,0.5932983756065369,0.12426859140396118
13,3,64,47,0.49655014276504517,0.19415201246738434
13,3,64,48,0.5445553660392761,0.1372433602809906
13,3,64,49,0.5750700235366821,0.24361184239387512
13,3,64,50,0.6417314410209656,0.13645461201667786
13,3,64,51,0.5706086754798889,0.04786670580506325
13,3,64,52,0.5644062757492065,0.07431331276893616
13,3,64,53,0.5332524180412292,0.11112692952156067
13,3,64,54,0.5897560119628906,0.06843873858451843
13,3,64,55,0.4697331488132477,0.15267665684223175
13,3,64,56,0.5693061947822571,0.19288067519664764
13,3,64,57,0.5429972410202026,0.19946721196174622
13,3,64,58,0.6734257936477661,0.12184211611747742
13,3,64,59,0.42805176973342896,0.09129910171031952
13,3,64,60,0.710914134979248,0.14304764568805695
13,3,64,61,0.5862758159637451,0.11395398527383804
13,3,64,62,0.5520086288452148,0.18688511848449707
13,3,64,63,0.3912715017795563,0.07649487257003784
13,4,128,0,0.39683035016059875,0.2911403775215149
13,4,128,1,0.33687999844551086,0.22560343146324158
13,4,128,2,0.5603150129318237,0.08863005042076111
13,4,128,3,0.6994027495384216,0.16925209760665894
13,4,128,4,0.679527997970581,0.07903999835252762
13,4,128,5,0.5096657276153564,0.10927951335906982
13,4,128,6,0.666029155254364,0.1811438351869583
13,4,128,7,0.38926777243614197,0.1228087842464447
13,4,128,8,0.5049673318862915,0.14906232059001923
13,4,128,9,0.5759449601173401,0.27598777413368225
13,4,128,10,0.6085721254348755,0.2274218648672104
13,4,128,11,0.5603945255279541,0.14133216440677643
13,4,128,12,0.5168717503547668,0.1316031515598297
13,4,128,13,0.39596426486968994,0.3405405580997467
13,4,128,14,0.5319812297821045,0.2781824767589569
13,4,128,15,0.6081426739692688,0.29330605268478394
13,4,128,16,0.48621246218681335,0.146639883518219
13,4,128,17,0.773459255695343,0.08268652856349945
13,4,128,18,0.5882328152656555,0.20800112187862396
13,4,128,19,0.6951664686203003,0.12876389920711517
13,4,128,20,0.7234387397766113,0.059673767536878586
13,4,128,21,0.7709723711013794,0.17623724043369293
13,4,128,22,0.5214076638221741,0.28175970911979675
13,4,128,23,0.7867698073387146,0.08816654980182648
13,4,128,24,0.4173795282840729,0.21260325610637665
13,4,128,25,0.5946606397628784,0.2828240990638733
13,4,128,26,0.49473556876182556,0.26228195428848267
13,4,128,27,0.6153948307037354,0.10651429742574692
13,4,128,28,0.6427966952323914,0.20583286881446838
13,4,128,29,0.760545551776886,0.1394411325454712
13,4,128,30,0.6291369199752808,0.32265281677246094
13,4,128,31,0.6500082015991211,0.3055119216442108
13,4,128,32,0.6472952365875244,0.325191855430603
13,4,128,33,0.799868643283844,0.07979550957679749
13,4,128,34,0.3760613799095154,0.1670747995376587
13,4,128,35,0.5724644064903259,0.23768189549446106
13,4,128,36,0.6260921359062195,0.212293803691864
13,4,128,37,0.32238584756851196,0.25872498750686646
13,4,128,38,0.4627946615219116,0.28802862763404846
13,4,128,39,0.60606449842453,0.37632349133491516
13,4,128,40,0.5999055504798889,0.3313051164150238
13,4,128,41,0.5973322987556458,0.09149309992790222
13,4,128,42,0.546696126461029,0.14837312698364258
13,4,128,43,0.540892481803894,0.2863819897174835
13,4,128,44,0.7524288892745972,0.07644988596439362
13,4,128,45,0.6946213245391846,0.23199746012687683
13,4,128,46,0.7293463349342346,0.13935837149620056
13,4,128,47,0.6738535165786743,0.06414248049259186
13,4,128,48,0.6568107008934021,0.3393733501434326
13,4,128,49,0.6329396367073059,0.1554213911294937
13,4,128,50,0.560452938079834,0.24012614786624908
13,4,128,51,0.34589824080467224,0.21953967213630676
13,4,128,52,0.5161370038986206,0.16724517941474915
13,4,128,53,0.6623696684837341,0.1488317847251892
13,4,128,54,0.6757683157920837,0.07420189678668976
13,4,128,55,0.6672542691230774,0.17179477214813232
13,4,128,56,0.6149901747703552,0.19152048230171204
13,4,128,57,0.44594863057136536,0.26837021112442017
13,4,128,58,0.6554863452911377,0.16904184222221375
13,4,128,59,0.3558432459831238,0.27649572491645813
13,4,128,60,0.6729924082756042,0.2402733415365219
13,4,128,61,0.6879115700721741,0.23376168310642242
13,4,128,62,0.6559340953826904,0.12813374400138855
13,4,128,63,0.4030688405036926,0.3365989923477173
13,4,128,64,0.7080719470977783,0.20697590708732605
13,4,128,65,0.6484403014183044,0.19997814297676086
13,4,128,66,0.814501166343689,0.09074974060058594
13,4,128,67,0.6798685193061829,0.11107276380062103
13,4,128,68,0.7752167582511902,0.07653725892305374
13,4,128,69,0.5879522562026978,0.341675728559494
13,4,128,70,0.5877379775047302,0.39765894412994385
13,4,128,71,0.604351818561554,0.1301150768995285
13,4,128,72,0.7120305299758911,0.059800341725349426
13,4,128,73,0.5304386019706726,0.17873945832252502
13,4,128,74,0.5902706384658813,0.2800506055355072
13,4,128,75,0.4563867747783661,0.21909907460212708
13,4,128,76,0.8048104047775269,0.1228371113538742
13,4,128,77,0.376787394285202,0.15890665352344513
13,4,128,78,0.4251900613307953,0.2299966663122177
13,4,128,79,0.7319859266281128,0.2355581521987915
13,4,128,80,0.7550491690635681,0.16096751391887665
13,4,128,81,0.691348135471344,0.14361251890659332
13,4,128,82,0.3868755102157593,0.09234419465065002
13,4,128,83,0.5419495701789856,0.14560894668102264
13,4,128,84,0.45717695355415344,0.2397955358028412
13,4,128,85,0.622544527053833,0.2098894864320755
13,4,128,86,0.6584451198577881,0.2602357566356659
13,4,128,87,0.45719999074935913,0.2509225010871887
13,4,128,88,0.7340184450149536,0.17357182502746582
13,4,128,89,0.7222500443458557,0.11839700490236282
13,4,128,90,0.7372193932533264,0.11111117899417877
13,4,128,91,0.6981807351112366,0.18014998733997345
13,4,128,92,0.45559296011924744,0.38436561822891235
13,4,128,93,0.5720195174217224,0.08161905407905579
13,4,128,94,0.8564291596412659,0.07832770049571991
13,4,128,95,0.4123938977718353,0.16760697960853577
13,4,128,96,0.41799840331077576,0.33146342635154724
13,4,128,97,0.7609129548072815,0.2049126774072647
13,4,128,98,0.49991729855537415,0.1562749296426773
13,4,128,99,0.735694408416748,0.09846609830856323
13,4,128,100,0.4260607063770294,0.22342531383037567
13,4,128,101,0.7543548941612244,0.18340428173542023
13,4,128,102,0.6707711219787598,0.10374127328395844
13,4,128,103,0.5400239825248718,0.105411596596241
13,4,128,104,0.258017361164093,0.07524833083152771
13,4,128,105,0.6596384048461914,0.26439857482910156
13,4,128,106,0.5781897306442261,0.06326804310083389
13,4,128,107,0.33109739422798157,0.2214561402797699
13,4,128,108,0.5643686056137085,0.24473904073238373
13,4,128,109,0.574367880821228,0.13528117537498474
13,4,128,110,0.81733638048172,0.07094846665859222
13,4,128,111,0.6886239647865295,0.181432843208313
13,4,128,112,0.3891717493534088,0.2184770405292511
13,4,128,113,0.6105411648750305,0.27856287360191345
13,4,128,114,0.5425621867179871,0.1337641030550003
13,4,128,115,0.5892783403396606,0.21041648089885712
13,4,128,116,0.4103466272354126,0.15521225333213806
13,4,128,117,0.6728637218475342,0.08118060976266861
13,4,128,118,0.6367290019989014,0.14329499006271362
13,4,128,119,0.8064571022987366,0.07160073518753052
13,4,128,120,0.4662548899650574,0.07166987657546997
13,4,128,121,0.3321555256843567,0.14262345433235168
13,4,128,122,0.6780123710632324,0.16236627101898193
13,4,128,123,0.4952390491962433,0.23700107634067535
13,4,128,124,0.5756295919418335,0.27748364210128784
13,4,128,125,0.5019374489784241,0.16315092146396637
13,4,128,126,0.5224133729934692,0.13546209037303925
13,4,128,127,0.5007519721984863,0.16913200914859772
13,5,128,0,0.6251650452613831,0.1980544924736023
13,5,128,1,0.8146546483039856,0.09817685186862946
13,5,128,2,0.580440878868103,0.255260169506073
13,5,128,3,0.7075352668762207,0.12409653514623642
13,5,128,4,0.7107362747192383,0.203741192817688
13,5,128,5,0.8798912763595581,0.0767647996544838
13,5,128,6,0.7381187081336975,0.2958926260471344
13,5,128,7,0.35427117347717285,0.2860179841518402
13,5,128,8,0.684941291809082,0.14276565611362457
13,5,128,9,0.5391682386398315,0.26834696531295776
13,5,128,10,0.7953683733940125,0.09879383444786072
13,5,128,11,0.573305070400238,0.09366756677627563
13,5,128,12,0.43148893117904663,0.38306617736816406
13,5,128,13,0.5141790509223938,0.2038712352514267
13,5,128,14,0.8775495290756226,0.10239514708518982
13,5,128,15,0.8664823770523071,0.09894951432943344
13,5,128,16,0.8397185206413269,0.16267986595630646
13,5,128,17,0.6309516429901123,0.07020098716020584
13,5,128,18,0.5147085785865784,0.2862476408481598
13,5,128,19,0.445351243019104,0.3342815935611725
13,5,128,20,0.6540489792823792,0.14900928735733032
13,5,128,21,0.8767298460006714,0.10191516578197479
13,5,128,22,0.5958303213119507,0.18880359828472137
13,5,128,23,0.862987756729126,0.10524109750986099
13,5,128,24,0.7550917863845825,0.12694278359413147
13,5,128,25,0.8183459639549255,0.1299179196357727
13,5,128,26,0.5876070261001587,0.23625428974628448
13,5,128,27,0.7068140506744385,0.12322844564914703
13,5,128,28,0.7325867414474487,0.19358745217323303
13,5,128,29,0.8677577376365662,0.12035907804965973
13,5,128,30,0.8158422708511353,0.13227778673171997
13,5,128,31,0.8020126819610596,0.14805078506469727
13,5,128,32,0.680375874042511,0.15452085435390472
13,5,128,33,0.7712326049804688,0.07554450631141663
13,5,128,34,0.6419904828071594,0.12686863541603088
13,5,128,35,0.6674500107765198,0.20297221839427948
13,5,128,36,0.3858705163002014,0.2920265793800354
13,5,128,37,0.7748691439628601,0.1942172646522522
13,5,128,38,0.5497424006462097,0.2037225365638733
13,5,128,39,0.7675747871398926,0.17987845838069916
13,5,128,40,0.6535191535949707,0.3221244215965271
13,5,128,41,0.7570406198501587,0.07233338803052902
13,5,128,42,0.7791481614112854,0.1505177617073059
13,5,128,43,0.7744999527931213,0.1140536367893219
13,5,128,44,0.8403151631355286,0.11959009617567062
13,5,128,45,0.8569673299789429,0.1493389904499054
13,5,128,46,0.8697717785835266,0.08932769298553467
13,5,128,47,0.4457009434700012,0.15274356305599213
13,5,128,48,0.8588867783546448,0.12908099591732025
13,5,128,49,0.6653240323066711,0.2837761342525482
13,5,128,50,0.7308924198150635,0.21303552389144897
13,5,128,51,0.4308156669139862,0.33417999744415283
13,5,128,52,0.7372375130653381,0.07307790964841843
13,5,128,53,0.4651238024234772,0.23001286387443542
13,5,128,54,0.655122697353363,0.2961443066596985
13,5,128,55,0.8384466171264648,0.11027524620294571
13,5,128,56,0.7922676801681519,0.10045866668224335
13,5,128,57,0.5321691632270813,0.268877238035202
13,5,128,58,0.8958154320716858,0.08026758581399918
13,5,128,59,0.43382424116134644,0.28839609026908875
13,5,128,60,0.6503273844718933,0.1601104438304901
13,5,128,61,0.3517950773239136,0.2955615222454071
13,5,128,62,0.7106172442436218,0.17661739885807037
13,5,128,63,0.687508761882782,0.12232574820518494
13,5,128,64,0.7481962442398071,0.13657063245773315
13,5,128,65,0.8771250247955322,0.08849760890007019
13,5,128,66,0.6975768208503723,0.2667753994464874
13,5,128,67,0.8695659041404724,0.08192190527915955
13,5,128,68,0.8510602712631226,0.10747400671243668
13,5,128,69,0.7319971323013306,0.0985264852643013
13,5,128,70,0.7415269613265991,0.1762552559375763
13,5,128,71,0.6977050304412842,0.11521045863628387
13,5,128,72,0.8936179280281067,0.10105011612176895
13,5,128,73,0.5553670525550842,0.1386086493730545
13,5,128,74,0.36202555894851685,0.3211047053337097
13,5,128,75,0.6431036591529846,0.12762451171875
13,5,128,76,0.866765022277832,0.09038815647363663
13,5,128,77,0.5618327260017395,0.19012895226478577
13,5,128,78,0.8343526124954224,0.1092444434762001
13,5,128,79,0.8846514821052551,0.08955894410610199
13,5,128,80,0.869920015335083,0.09043732285499573
13,5,128,81,0.7156868577003479,0.1797594279050827
13,5,128,82,0.417853981256485,0.17985820770263672
13,5,128,83,0.8562714457511902,0.11231356859207153
13,5,128,84,0.6660569310188293,0.1681402176618576
13,5,128,85,0.6406217813491821,0.353701114654541
13,5,128,86,0.8321151733398438,0.15267014503479004
13,5,128,87,0.855364203453064,0.09151092171669006
13,5,128,88,0.8030009865760803,0.07803642749786377
13,5,128,89,0.7654898762702942,0.2251029908657074
13,5,128,90,0.7338932156562805,0.23095887899398804
13,5,128,91,0.642725944519043,0.14561286568641663
13,5,128,92,0.7788800001144409,0.15645931661128998
13,5,128,93,0.8553247451782227,0.11878401041030884
13,5,128,94,0.8800279498100281,0.08719772845506668
13,5,128,95,0.6712214946746826,0.18794165551662445
13,5,128,96,0.8479226231575012,0.08589260280132294
13,5,128,97,0.8594292402267456,0.13563139736652374
13,5,128,98,0.7021211385726929,0.20691043138504028
13,5,128,99,0.8260118365287781,0.0818287581205368
13,5,128,100,0.5223713517189026,0.11140871047973633
13,5,128,101,0.7508464455604553,0.25029951333999634
13,5,128,102,0.49766805768013,0.17312616109848022
13,5,128,103,0.5405880808830261,0.21659409999847412
13,5,128,104,0.7235441207885742,0.11668189615011215
13,5,128,105,0.6469002366065979,0.3186226487159729
13,5,128,106,0.7539451122283936,0.11137537658214569
13,5,128,107,0.6004611849784851,0.15495868027210236
13,5,128,108,0.7376285195350647,0.1629161536693573
13,5,128,109,0.6744189262390137,0.26779815554618835
13,5,128,110,0.884130597114563,0.10432859510183334
13,5,128,111,0.6093884110450745,0.09844373166561127
13,5,128,112,0.4022146165370941,0.3328763544559479
13,5,128,113,0.8042622208595276,0.0913262739777565
13,5,128,114,0.6807475686073303,0.1890387386083603
13,5,128,115,0.8253364562988281,0.08853720873594284
13,5,128,116,0.7227871417999268,0.14351710677146912
13,5,128,117,0.8149391412734985,0.12029211223125458
13,5,128,118,0.7311210036277771,0.12197363376617432
13,5,128,119,0.8925114870071411,0.09610402584075928
13,5,128,120,0.41767099499702454,0.3292386829853058
13,5,128,121,0.4780694544315338,0.29055866599082947
13,5,128,122,0.7947804927825928,0.09848751872777939
13,5,128,123,0.798313558101654,0.15115702152252197
13,5,128,124,0.7434903979301453,0.16091595590114594
13,5,128,125,0.47912970185279846,0.2845839262008667
13,5,128,126,0.8102814555168152,0.12415843456983566
13,5,128,127,0.8279603123664856,0.08665823936462402
14,0,32,0,0.5483688712120056,0.0738568976521492
14,0,32,1,0.5659575462341309,0.10026087611913681
14,0,32,2,0.49510324001312256,0.10823850333690643
14,0,32,3,0.4926619529724121,0.05636059492826462
14,0,32,4,0.26679161190986633,0.06652379781007767
14,0,32,5,0.4726361632347107,0.01583706960082054
14,0,32,6,0.5142887830734253,0.12497813999652863
14,0,32,7,0.28461337089538574,0.071071557700634
14,0,32,8,0.5422071218490601,0.07993143051862717
14,0,32,9,0.49190694093704224,0.054263051599264145
14,0,32,10,0.5329384207725525,0.0665188655257225
14,0,32,11,0.6502840518951416,0.0730677992105484
14,0,32,12,0.3611198961734772,0.09882920980453491
14,0,32,13,0.5121886134147644,0.1095665693283081
14,0,32,14,0.491550087928772,0.0866459310054779
14,0,32,15,0.5491942763328552,0.08242335915565491
14,0,32,16,0.609184980392456,0.023906806483864784
14,0,32,17,0.5016211867332458,0.05825076624751091
14,0,32,18,0.5361379981040955,0.039595261216163635
14,0,32,19,0.4066595733165741,0.05191069841384888
14,0,32,20,0.45814162492752075,0.09000527858734131
14,0,32,21,0.4871876537799835,0.07633787393569946
14,0,32,22,0.6091198325157166,0.1262005865573883
14,0,32,23,0.5715151429176331,0.06505685299634933
14,0,32,24,0.5882270336151123,0.027481351047754288
14,0,32,25,0.4296797513961792,0.08288443833589554
14,0,32,26,0.3817724585533142,0.131011500954628
14,0,32,27,0.6741707921028137,0.08056645840406418
14,0,32,28,0.5940597653388977,0.0653107762336731
14,0,32,29,0.5174846649169922,0.06776250898838043
14,0,32,30,0.40592896938323975,0.03411703556776047
14,0,32,31,0.41285625100135803,0.05133013799786568
14,1,32,0,0.556941568851471,0.055951572954654694
14,1,32,1,0.382980614900589,0.044074080884456635
14,1,32,2,0.5527285933494568,0.03350193053483963
14,1,32,3,0.5308671593666077,0.08117680996656418
14,1,32,4,0.5461070537567139,0.067534439265728
14,1,32,5,0.4871610701084137,0.05436542630195618
14,1,32,6,0.35430413484573364,0.04242120683193207
14,1,32,7,0.6210403442382812,0.07618969678878784
14,1,32,8,0.4181462228298187,0.0714665874838829
14,1,32,9,0.5007038712501526,0.055224716663360596
14,1,32,10,0.4368652403354645,0.10925178229808807
14,1,32,11,0.563736617565155,0.1016896441578865
14,1,32,12,0.6573940515518188,0.05380822718143463
14,1,32,13,0.46061602234840393,0.03616206720471382
14,1,32,14,0.6419817805290222,0.04756398871541023
14,1,32,15,0.5785858035087585,0.05466994643211365
14,1,32,16,0.464136004447937,0.05457407981157303
14,1,32,17,0.4258682429790497,0.05873706564307213
14,1,32,18,0.43736839294433594,0.03675484284758568
14,1,32,19,0.5476455688476562,0.06580795347690582
14,1,32,20,0.41467902064323425,0.03337639197707176
14,1,32,21,0.5119755864143372,0.04289422929286957
14,1,32,22,0.4535342752933502,0.08227453380823135
14,1,32,23,0.5458046197891235,0.045662060379981995
14,1,32,24,0.35999420285224915,0.06653756648302078
14,1,32,25,0.5111652612686157,0.08421138674020767
14,1,32,26,0.45750346779823303,0.06490965932607651
14,1,32,27,0.574465811252594,0.01755676604807377
14,1,32,28,0.4277583956718445,0.035623881965875626
14,1,32,29,0.4424975514411926,0.044049542397260666
14,1,32,30,0.5881627798080444,0.02657005377113819
14,1,32,31,0.46073758602142334,0.0224263034760952
14,2,64,0,0.6301825046539307,0.20480118691921234
14,2,64,1,0.4264463484287262,0.21002578735351562
14,2,64,2,0.6029958128929138,0.11174020916223526
14,2,64,3,0.5366442203521729,0.13762350380420685
14,2,64,4,0.6240149140357971,0.1809353083372116
14,2,64,5,0.5505623817443848,0.05514708533883095
14,2,64,6,0.7362719178199768,0.10025887936353683
14,2,64,7,0.4033795893192291,0.17768537998199463
14,2,64,8,0.5382386445999146,0.19365543127059937
14,2,64,9,0.5092307329177856,0.09321928769350052
14,2,64,10,0.5415146350860596,0.13459116220474243
14,2,64,11,0.41047096252441406,0.1758193075656891
14,2,64,12,0.5196197628974915,0.15802808105945587
14,2,64,13,0.46245577931404114,0.12801207602024078
14,2,64,14,0.5274474620819092,0.1890907734632492
14,2,64,15,0.5609337091445923,0.10336191952228546
14,2,64,16,0.34234029054641724,0.162399560213089
14,2,64,17,0.6307418942451477,0.1600378453731537
14,2,64,18,0.47961169481277466,0.2487211376428604
14,2,64,19,0.7196383476257324,0.14482881128787994
14,2,64,20,0.5753986835479736,0.12475879490375519
14,2,64,21,0.41002190113067627,0.07857291400432587
14,2,64,22,0.4324040710926056,0.20221909880638123
14,2,64,23,0.498100221157074,0.159593865275383
14,2,64,24,0.623064398765564,0.17250031232833862
14,2,64,25,0.3944443166255951,0.18242961168289185
14,2,64,26,0.5917273163795471,0.15343022346496582
14,2,64,27,0.5341178178787231,0.08971458673477173
14,2,64,28,0.5456874370574951,0.13554170727729797
14,2,64,29,0.4237174689769745,0.16041402518749237
14,2,64,30,0.5582404136657715,0.16138681769371033
14,2,64,31,0.4138641655445099,0.06316617876291275
14,2,64,32,0.7281871438026428,0.1150289848446846
14,2,64,33,0.44698238372802734,0.12277428805828094
14,2,64,34,0.45364266633987427,0.09959125518798828
14,2,64,35,0.2584511935710907,0.12367459386587143
14,2,64,36,0.48584458231925964,0.17109008133411407
14,2,64,37,0.32330870628356934,0.11796340346336365
14,2,64,38,0.4262116849422455,0.17429852485656738
14,2,64,39,0.34578338265419006,0.11824633926153183
14,2,64,40,0.5694252252578735,0.17001911997795105
14,2,64,41,0.462063729763031,0.12945252656936646
14,2,64,42,0.3642570674419403,0.15851208567619324
14,2,64,43,0.6201971769332886,0.1675117462873459
14,2,64,44,0.4965648949146271,0.2370421588420868
14,2,64,45,0.5088663101196289,0.1463923305273056
14,2,64,46,0.5606369972229004,0.10923730581998825
14,2,64,47,0.5335167050361633,0.14396296441555023
14,2,64,48,0.6418787240982056,0.2137250155210495
14,2,64,49,0.5383835434913635,0.2153259515762329
14,2,64,50,0.507439136505127,0.1618717461824417
14,2,64,51,0.3627018630504608,0.145887553691864
14,2,64,52,0.40229180455207825,0.09846264868974686
14,2,64,53,0.4918098747730255,0.1201150193810463
14,2,64,54,0.5264776945114136,0.12185505032539368
14,2,64,55,0.38781848549842834,0.1617475152015686
14,2,64,56,0.5917279124259949,0.16187705099582672
14,2,64,57,0.474283367395401,0.12339047342538834
14,2,64,58,0.46206822991371155,0.14663267135620117
14,2,64,59,0.5860315561294556,0.1634884923696518
14,2,64,60,0.44329530000686646,0.1502676159143448
14,2,64,61,0.6394666433334351,0.13028916716575623
14,2,64,62,0.36189237236976624,0.13789938390254974
14,2,64,63,0.6304054856300354,0.21701528131961823
14,3,64,0,0.6179205775260925,0.07369247823953629
14,3,64,1,0.5191652178764343,0.24072690308094025
14,3,64,2,0.46329957246780396,0.06044138967990875
14,3,64,3,0.5517852306365967,0.13337400555610657
14,3,64,4,0.4292334020137787,0.17364630103111267
14,3,64,5,0.41738900542259216,0.1273086667060852
14,3,64,6,0.3896687626838684,0.13258910179138184
14,3,64,7,0.3823290169239044,0.07928549498319626
14,3,64,8,0.5049250721931458,0.1321399062871933
14,3,64,9,0.4653147757053375,0.1526731252670288
14,3,64,10,0.42347392439842224,0.17737069725990295
14,3,64,11,0.5193349719047546,0.09201665222644806
14,3,64,12,0.5238683819770813,0.1366819590330124
14,3,64,13,0.4597915709018707,0.12449602782726288
14,3,64,14,0.6353619694709778,0.17395323514938354
14,3,64,15,0.3817138969898224,0.07085932791233063
14,3,64,16,0.5624507069587708,0.1426028609275818
14,3,64,17,0.43798092007637024,0.14736433327198029
14,3,64,18,0.3218080401420593,0.12098632007837296
14,3,64,19,0.5824330449104309,0.07396484911441803
14,3,64,20,0.49950164556503296,0.14880695939064026
14,3,64,21,0.47884777188301086,0.14632126688957214
14,3,64,22,0.4528394341468811,0.15530118346214294
14,3,64,23,0.5072394013404846,0.07383090257644653
14,3,64,24,0.3788173794746399,0.10319826751947403
14,3,64,25,0.5152345895767212,0.20851513743400574
14,3,64,26,0.44027918577194214,0.10220012068748474
14,3,64,27,0.5863914489746094,0.17208215594291687
14,3,64,28,0.5030839443206787,0.07203815877437592
14,3,64,29,0.5924082398414612,0.07224977016448975
14,3,64,30,0.521622359752655,0.08609713613986969
14,3,64,31,0.36715230345726013,0.13196808099746704
14,3,64,32,0.554645836353302,0.2052830457687378
14,3,64,33,0.3110955059528351,0.08709120005369186
14,3,64,34,0.48333314061164856,0.1258108913898468
14,3,64,35,0.36143818497657776,0.09770756959915161
14,3,64,36,0.597123384475708,0.14035345613956451
14,3,64,37,0.5106110572814941,0.14916843175888062
14,3,64,38,0.5439209938049316,0.19814369082450867
14,3,64,39,0.6317857503890991,0.11710093915462494
14,3,64,40,0.5338239669799805,0.07374162971973419
14,3,64,41,0.32442784309387207,0.1308918446302414
14,3,64,42,0.586969256401062,0.07388803362846375
14,3,64,43,0.5860573649406433,0.1985017955303192
14,3,64,44,0.5519953966140747,0.15013487637043
14,3,64,45,0.4821823835372925,0.17265675961971283
14,3,64,46,0.5903828144073486,0.09887325018644333
14,3,64,47,0.4782777428627014,0.1719842255115509
14,3,64,48,0.5080602765083313,0.06624877452850342
14,3,64,49,0.6706621050834656,0.14610882103443146
14,3,64,50,0.46467941999435425,0.22672274708747864
14,3,64,51,0.5889155864715576,0.10743452608585358
14,3,64,52,0.3993070721626282,0.21441957354545593
14,3,64,53,0.5923780202865601,0.13072769343852997
14,3,64,54,0.3943910598754883,0.07395107299089432
14,3,64,55,0.44639143347740173,0.10258669406175613
14,3,64,56,0.5977683663368225,0.11937415599822998
14,3,64,57,0.49661460518836975,0.13696859776973724
14,3,64,58,0.45269975066185,0.21234963834285736
14,3,64,59,0.5329195857048035,0.12453125417232513
14,3,64,60,0.5156040191650391,0.05222193896770477
14,3,64,61,0.5337985754013062,0.2637762725353241
14,3,64,62,0.4868764579296112,0.1606709361076355
14,3,64,63,0.4990292191505432,0.18189524114131927
14,4,128,0,0.6523957848548889,0.11292323470115662
14,4,128,1,0.5761898756027222,0.2670263350009918
14,4,128,2,0.41392239928245544,0.19008001685142517
14,4,128,3,0.4398265779018402,0.2858392000198364
14,4,128,4,0.6364196538925171,0.18542535603046417
14,4,128,5,0.4806734621524811,0.21735259890556335
14,4,128,6,0.3551067113876343,0.10181983560323715
14,4,128,7,0.48599106073379517,0.29481056332588196
14,4,128,8,0.4435291588306427,0.24937845766544342
14,4,128,9,0.3367180824279785,0.15235602855682373
14,4,128,10,0.5506893992424011,0.31516793370246887
14,4,128,11,0.582617998123169,0.09036668390035629
14,4,128,12,0.5186720490455627,0.22605526447296143
14,4,128,13,0.6383833289146423,0.19735628366470337
14,4,128,14,0.5540046691894531,0.1649348884820938
14,4,128,15,0.7166045308113098,0.09653836488723755
14,4,128,16,0.5446056127548218,0.20362092554569244
14,4,128,17,0.32447120547294617,0.1261359006166458
14,4,128,18,0.7387829422950745,0.1077917218208313
14,4,128,19,0.7124335169792175,0.1495925337076187
14,4,128,20,0.5121493935585022,0.07499832659959793
14,4,128,21,0.33647724986076355,0.1933864951133728
14,4,128,22,0.4707372784614563,0.18299022316932678
14,4,128,23,0.5602856278419495,0.1748351752758026
14,4,128,24,0.4072563350200653,0.19899100065231323
14,4,128,25,0.7566770911216736,0.14402645826339722
14,4,128,26,0.691428005695343,0.17530399560928345
14,4,128,27,0.7216328978538513,0.09850462526082993
14,4,128,28,0.4785366952419281,0.19017121195793152
14,4,128,29,0.4382689893245697,0.22284278273582458
14,4,128,30,0.6065118312835693,0.3181110620498657
14,4,128,31,0.42273956537246704,0.08991173654794693
14,4,128,32,0.35280701518058777,0.27714794874191284
14,4,128,33,0.4871271252632141,0.26499634981155396
14,4,128,34,0.695192813873291,0.07607296109199524
14,4,128,35,0.3986501097679138,0.11001504212617874
14,4,128,36,0.48883551359176636,0.11644202470779419
14,4,128,37,0.6339537501335144,0.1686287373304367
14,4,128,38,0.5846716165542603,0.2143307328224182
14,4,128,39,0.5000923871994019,0.24421273171901703
14,4,128,40,0.382228821516037,0.29223841428756714
14,4,128,41,0.6336737871170044,0.22193941473960876
14,4,128,42,0.6234148740768433,0.16835634410381317
14,4,128,43,0.3576371371746063,0.255198210477829
14,4,128,44,0.6125946640968323,0.11280204355716705
14,4,128,45,0.5380090475082397,0.29170629382133484
14,4,128,46,0.33158841729164124,0.12747716903686523
14,4,128,47,0.2710486352443695,0.18402206897735596
14,4,128,48,0.5478971004486084,0.11073846369981766
14,4,128,49,0.42917442321777344,0.18965063989162445
14,4,128,50,0.674877941608429,0.13478846848011017
14,4,128,51,0.7145518064498901,0.15422622859477997
14,4,128,52,0.4717990756034851,0.2680055499076843
14,4,128,53,0.47690507769584656,0.17932215332984924
14,4,128,54,0.3911292254924774,0.25280892848968506
14,4,128,55,0.4118053913116455,0.19857829809188843
14,4,128,56,0.6236159205436707,0.17914342880249023
14,4,128,57,0.6490926742553711,0.13012062013149261
14,4,128,58,0.6552254557609558,0.1410251408815384
14,4,128,59,0.7412896752357483,0.16801869869232178
14,4,128,60,0.33615514636039734,0.15511499345302582
14,4,128,61,0.673737108707428,0.09467731416225433
14,4,128,62,0.6666840314865112,0.20303396880626678
14,4,128,63,0.7013776898384094,0.1361282467842102
14,4,128,64,0.5457245111465454,0.2519131600856781
14,4,128,65,0.3115397095680237,0.2547917366027832
14,4,128,66,0.3981615900993347,0.2353571504354477
14,4,128,67,0.6730770468711853,0.1503174901008606
14,4,128,68,0.4655858874320984,0.22036641836166382
14,4,128,69,0.45249906182289124,0.26256507635116577
14,4,128,70,0.5999959707260132,0.2464054822921753
14,4,128,71,0.40766069293022156,0.11512456834316254
14,4,128,72,0.7074243426322937,0.08847261965274811
14,4,128,73,0.543585479259491,0.18166548013687134
14,4,128,74,0.5056091547012329,0.2261510044336319
14,4,128,75,0.6830446720123291,0.1790219098329544
14,4,128,76,0.34027934074401855,0.23732240498065948
14,4,128,77,0.4442272186279297,0.06956571340560913
14,4,128,78,0.5607805252075195,0.27372103929519653
14,4,128,79,0.5746428966522217,0.14683596789836884
14,4,128,80,0.7260088324546814,0.11171677708625793
14,4,128,81,0.5178800821304321,0.18110039830207825
14,4,128,82,0.3688812553882599,0.1305936723947525
14,4,128,83,0.3770947754383087,0.19996924698352814
14,4,128,84,0.7591973543167114,0.09334880113601685
14,4,128,85,0.7156862616539001,0.1944679468870163
14,4,128,86,0.71381014585495,0.0840473473072052
14,4,128,87,0.47044819593429565,0.26200732588768005
14,4,128,88,0.6680096983909607,0.19407016038894653
14,4,128,89,0.6530268788337708,0.11433075368404388
14,4,128,90,0.7116954326629639,0.08895880728960037
14,4,128,91,0.7808033227920532,0.10179362446069717
14,4,128,92,0.6446129083633423,0.190873920917511
14,4,128,93,0.5205996036529541,0.10418422520160675
14,4,128,94,0.4959804117679596,0.21350409090518951
14,4,128,95,0.5757759213447571,0.17554447054862976
14,4,128,96,0.563148558139801,0.08430006355047226
14,4,128,97,0.5529404878616333,0.26873114705085754
14,4,128,98,0.741274893283844,0.27456939220428467
14,4,128,99,0.3904401957988739,0.17156124114990234
14,4,128,100,0.5200705528259277,0.29974374175071716
14,4,128,101,0.5078117251396179,0.20861168205738068
14,4,128,102,0.6269212961196899,0.11195299029350281
14,4,128,103,0.4210183322429657,0.1256936639547348
14,4,128,104,0.6622858047485352,0.11871963739395142
14,4,128,105,0.5754008889198303,0.07642681151628494
14,4,128,106,0.6263682246208191,0.19649022817611694
14,4,128,107,0.5348036289215088,0.23151910305023193
14,4,128,108,0.5086856484413147,0.23283353447914124
14,4,128,109,0.7306832671165466,0.1996137946844101
14,4,128,110,0.49354317784309387,0.24141930043697357
14,4,128,111,0.7301386594772339,0.14406710863113403
14,4,128,112,0.5821194052696228,0.12814383208751678
14,4,128,113,0.46950817108154297,0.09452982246875763
14,4,128,114,0.6472107172012329,0.23058480024337769
14,4,128,115,0.679224967956543,0.15612266957759857
14,4,128,116,0.5275802612304688,0.2194150984287262
14,4,128,117,0.5617905855178833,0.1819237917661667
14,4,128,118,0.38238880038261414,0.23348376154899597
14,4,128,119,0.7319691181182861,0.14398981630802155
14,4,128,120,0.42050302028656006,0.2201690375804901
14,4,128,121,0.6213093996047974,0.21502718329429626
14,4,128,122,0.42579132318496704,0.2143600881099701
14,4,128,123,0.674294650554657,0.2921692728996277
14,4,128,124,0.6033165454864502,0.06812626123428345
14,4,128,125,0.42348116636276245,0.21191227436065674
14,4,128,126,0.5073317289352417,0.2409047931432724
14,4,128,127,0.4249924421310425,0.20362961292266846
14,5,128,0,0.7220474481582642,0.08284754306077957
14,5,128,1,0.8116106986999512,0.19453300535678864
14,5,128,2,0.7688836455345154,0.23898227512836456
14,5,128,3,0.6510770320892334,0.140622079372406
14,5,128,4,0.8490487933158875,0.11532627046108246
14,5,128,5,0.8827002644538879,0.07568094879388809
14,5,128,6,0.5819080471992493,0.18860936164855957
14,5,128,7,0.8034361600875854,0.19292190670967102
14,5,128,8,0.8456330299377441,0.11609798669815063
14,5,128,9,0.8197702765464783,0.19814500212669373
14,5,128,10,0.8737165331840515,0.13025957345962524
14,5,128,11,0.850581705570221,0.1389853060245514
14,5,128,12,0.9159761071205139,0.09438725560903549
14,5,128,13,0.5014259219169617,0.180953711271286
14,5,128,14,0.7783687710762024,0.21534104645252228
14,5,128,15,0.7530868053436279,0.08278276771306992
14,5,128,16,0.8390289545059204,0.12831225991249084
14,5,128,17,0.48082467913627625,0.11664680391550064
14,5,128,18,0.8609736561775208,0.11786100268363953
14,5,128,19,0.8744566440582275,0.09282448142766953
14,5,128,20,0.8549983501434326,0.131072536110878
14,5,128,21,0.4424796402454376,0.2474486380815506
14,5,128,22,0.5337061285972595,0.08353090286254883
14,5,128,23,0.7469971776008606,0.19434043765068054
14,5,128,24,0.8023176789283752,0.13558590412139893
14,5,128,25,0.8690235018730164,0.0954904556274414
14,5,128,26,0.8871408104896545,0.0995337963104248
14,5,128,27,0.8518333435058594,0.0913006067276001
14,5,128,28,0.7203747034072876,0.1502465009689331
14,5,128,29,0.8276761770248413,0.2090618908405304
14,5,128,30,0.8408994078636169,0.18113750219345093
14,5,128,31,0.7933884263038635,0.10809266567230225
14,5,128,32,0.4904400408267975,0.11876899749040604
14,5,128,33,0.8026160597801208,0.21713699400424957
14,5,128,34,0.7761261463165283,0.2057110220193863
14,5,128,35,0.6763550639152527,0.21911051869392395
14,5,128,36,0.827595591545105,0.10520599782466888
14,5,128,37,0.8478853702545166,0.1448608785867691
14,5,128,38,0.5679919719696045,0.04657072573900223
14,5,128,39,0.8795164227485657,0.07415236532688141
14,5,128,40,0.38297393918037415,0.2167053371667862
14,5,128,41,0.8117548227310181,0.2289445847272873
14,5,128,42,0.7973495721817017,0.13490083813667297
14,5,128,43,0.5033844113349915,0.1049940288066864
14,5,128,44,0.7204016447067261,0.08258490264415741
14,5,128,45,0.7959398031234741,0.22552865743637085
14,5,128,46,0.708698034286499,0.24165739119052887
14,5,128,47,0.31882035732269287,0.09053368121385574
14,5,128,48,0.6746569275856018,0.12531469762325287
14,5,128,49,0.24443607032299042,0.26638028025627136
14,5,128,50,0.850050151348114,0.12961529195308685
14,5,128,51,0.7155752778053284,0.24138143658638
14,5,128,52,0.40976062417030334,0.09021329879760742
14,5,128,53,0.8083155751228333,0.1440238207578659
14,5,128,54,0.6220599412918091,0.12972648441791534
14,5,128,55,0.41196784377098083,0.2882579565048218
14,5,128,56,0.8323342800140381,0.1829594522714615
14,5,128,57,0.6562403440475464,0.12843681871891022
14,5,128,58,0.7992904186248779,0.2519855797290802
14,5,128,59,0.8928022384643555,0.08568268269300461
14,5,128,60,0.880213737487793,0.08215242624282837
14,5,128,61,0.7624121904373169,0.09474783390760422
14,5,128,62,0.8571833968162537,0.10757265239953995
14,5,128,63,0.7931704521179199,0.20280809700489044
14,5,128,64,0.7493257522583008,0.20887267589569092
14,5,128,65,0.41787680983543396,0.17377761006355286
14,5,128,66,0.7952979803085327,0.2239958643913269
14,5,128,67,0.7758055925369263,0.17303456366062164
14,5,128,68,0.814556896686554,0.2163902223110199
14,5,128,69,0.8346877098083496,0.17663247883319855
14,5,128,70,0.8341304659843445,0.13581643998622894
14,5,128,71,0.5342233180999756,0.17808814346790314
14,5,128,72,0.3739708662033081,0.2439475804567337
14,5,128,73,0.43401044607162476,0.2722194194793701
14,5,128,74,0.7854210734367371,0.2667277157306671
14,5,128,75,0.7893632054328918,0.1175813153386116
14,5,128,76,0.7269437313079834,0.1294565200805664
14,5,128,77,0.7840456366539001,0.12643711268901825
14,5,128,78,0.3608112037181854,0.22512011229991913
14,5,128,79,0.7291549444198608,0.233145073056221
14,5,128,80,0.31630194187164307,0.18643683195114136
14,5,128,81,0.8120587468147278,0.20007380843162537
14,5,128,82,0.8936784267425537,0.08639106899499893
14,5,128,83,0.228947713971138,0.1864650547504425
14,5,128,84,0.8298025727272034,0.0903424620628357
14,5,128,85,0.8067466020584106,0.09987272322177887
14,5,128,86,0.782703161239624,0.19519588351249695
14,5,128,87,0.7839028835296631,0.23862169682979584
14,5,128,88,0.8547475934028625,0.15770043432712555
14,5,128,89,0.8252345323562622,0.17971304059028625
14,5,128,90,0.8569762706756592,0.12170927971601486
14,5,128,91,0.8861561417579651,0.11978216469287872
14,5,128,92,0.6413290500640869,0.13194067776203156
14,5,128,93,0.4117279350757599,0.3012295961380005
14,5,128,94,0.8407244086265564,0.06925150752067566
14,5,128,95,0.21680721640586853,0.20008639991283417
14,5,128,96,0.41228416562080383,0.2520561218261719
14,5,128,97,0.7904922962188721,0.22207111120224
14,5,128,98,0.8601643443107605,0.09774431586265564
14,5,128,99,0.7640875577926636,0.1456001102924347
14,5,128,100,0.8313920497894287,0.19716876745224
14,5,128,101,0.751345157623291,0.16729076206684113
14,5,128,102,0.879763662815094,0.12432949990034103
14,5,128,103,0.6714591979980469,0.08288959413766861
14,5,128,104,0.8265696167945862,0.19183231890201569
14,5,128,105,0.7064648270606995,0.21118982136249542
14,5,128,106,0.847737193107605,0.17874357104301453
14,5,128,107,0.44574353098869324,0.20510059595108032
14,5,128,108,0.8374090194702148,0.13895587623119354
14,5,128,109,0.8608346581459045,0.12758973240852356
14,5,128,110,0.7961112260818481,0.22519564628601074
14,5,128,111,0.8501579165458679,0.12548591196537018
14,5,128,112,0.7826403379440308,0.12264404445886612
14,5,128,113,0.4532955586910248,0.10319784283638
14,5,128,114,0.8406469821929932,0.15826405584812164
14,5,128,115,0.8004750609397888,0.1598021239042282
14,5,128,116,0.44918909668922424,0.17987188696861267
14,5,128,117,0.42351534962654114,0.11794207990169525
14,5,128,118,0.48665571212768555,0.10797370970249176
14,5,128,119,0.8038160800933838,0.21904076635837555
14,5,128,120,0.8450872898101807,0.1574280709028244
14,5,128,121,0.7610442042350769,0.09357718378305435
14,5,128,122,0.3029029965400696,0.28049662709236145
14,5,128,123,0.8532362580299377,0.12536366283893585
14,5,128,124,0.8704819679260254,0.1265229731798172
14,5,128,125,0.8245002031326294,0.18357472121715546
14,5,128,126,0.771591305732727,0.223960280418396
14,5,128,127,0.27461567521095276,0.17832167446613312
15,0,32,0,0.559894323348999,0.09544327855110168
15,0,32,1,0.4906187355518341,0.12342086434364319
15,0,32,2,0.4466843903064728,0.08909276872873306
15,0,32,3,0.5613096952438354,0.06127490475773811
15,0,32,4,0.5451633930206299,0.1045827567577362
15,0,32,5,0.5178669691085815,0.10442868620157242
15,0,32,6,0.31287920475006104,0.09227441251277924
15,0,32,7,0.6411172747612,0.06311344355344772
15,0,32,8,0.3868309557437897,0.02507077530026436
15,0,32,9,0.5804614424705505,0.07722566276788712
15,0,32,10,0.5536175966262817,0.11487575620412827
15,0,32,11,0.4228091835975647,0.06823855638504028
15,0,32,12,0.41392332315444946,0.06339343637228012
15,0,32,13,0.5416275858879089,0.0658036321401596
15,0,32,14,0.5256157517433167,0.15613436698913574
15,0,32,15,0.40803661942481995,0.13765186071395874
15,0,32,16,0.5169684290885925,0.126763254404068
15,0,32,17,0.4322173595428467,0.06824205815792084
15,0,32,18,0.5208299160003662,0.04794980213046074
15,0,32,19,0.4313078820705414,0.19257354736328125
15,0,32,20,0.4450313448905945,0.15750652551651
15,0,32,21,0.41052955389022827,0.07439427077770233
15,0,32,22,0.44706225395202637,0.15138594806194305
15,0,32,23,0.4563923180103302,0.12280535697937012
15,0,32,24,0.4942331314086914,0.04948854446411133
15,0,32,25,0.5679472088813782,0.11955622583627701
15,0,32,26,0.48395130038261414,0.14608299732208252
15,0,32,27,0.40537673234939575,0.06973587721586227
15,0,32,28,0.5484088063240051,0.1495070457458496
15,0,32,29,0.6374483704566956,0.08093977719545364
15,0,32,30,0.49770987033843994,0.11566177755594254
15,0,32,31,0.7007567882537842,0.11277922242879868
15,1,32,0,0.44582390785217285,0.10831418633460999
15,1,32,1,0.5590243935585022,0.1266912817955017
15,1,32,2,0.546944797039032,0.11452062427997589
15,1,32,3,0.5315220355987549,0.06310173124074936
15,1,32,4,0.48805710673332214,0.10833415389060974
15,1,32,5,0.6298791170120239,0.10136887431144714
15,1,32,6,0.43038755655288696,0.062373872846364975
15,1,32,7,0.39012080430984497,0.11736664175987244
15,1,32,8,0.6693366169929504,0.10417207330465317
15,1,32,9,0.4741113483905792,0.12289492040872574
15,1,32,10,0.4229990839958191,0.08873879909515381
15,1,32,11,0.4957941174507141,0.1212916150689125
15,1,32,12,0.4416199326515198,0.12063691020011902
15,1,32,13,0.3892786204814911,0.06393454223871231
15,1,32,14,0.3824790418148041,0.08564947545528412
15,1,32,15,0.41325291991233826,0.05174073576927185
15,1,32,16,0.5206927061080933,0.15047648549079895
15,1,32,17,0.4482702612876892,0.12494566291570663
15,1,32,18,0.5255231857299805,0.17837963998317719
15,1,32,19,0.6245778799057007,0.15932302176952362
15,1,32,20,0.5172392725944519,0.044610172510147095
15,1,32,21,0.6043863892555237,0.0856141671538353
15,1,32,22,0.5578886270523071,0.124752938747406
15,1,32,23,0.4792955815792084,0.13320155441761017
15,1,32,24,0.5545210242271423,0.10047942399978638
15,1,32,25,0.6430267691612244,0.09537253528833389
15,1,32,26,0.4419354498386383,0.11513277143239975
15,1,32,27,0.5030881762504578,0.10137862712144852
15,1,32,28,0.43797463178634644,0.14135585725307465
15,1,32,29,0.510399341583252,0.09356866031885147
15,1,32,30,0.5331774950027466,0.10064997524023056
15,1,32,31,0.4653291404247284,0.13540445268154144
15,2,64,0,0.5385643243789673,0.08480452001094818
15,2,64,1,0.48200473189353943,0.09525157511234283
15,2,64,2,0.7142139673233032,0.096696637570858
15,2,64,3,0.46815556287765503,0.18831028044223785
15,2,64,4,0.41943344473838806,0.10181350260972977
15,2,64,5,0.40334552526474,0.07847582548856735
15,2,64,6,0.5759715437889099,0.1357136070728302
15,2,64,7,0.47099700570106506,0.15086425840854645
15,2,64,8,0.5165787935256958,0.12041774392127991
15,2,64,9,0.46944090723991394,0.1827874332666397
15,2,64,10,0.5712758302688599,0.1460314393043518
15,2,64,11,0.47740933299064636,0.09896326810121536
15,2,64,12,0.6142592430114746,0.16696147620677948
15,2,64,13,0.5368016958236694,0.08209120482206345
15,2,64,14,0.4790988564491272,0.16049103438854218
15,2,64,15,0.40655049681663513,0.14299781620502472
15,2,64,16,0.5513728857040405,0.11277757585048676
15,2,64,17,0.5205955505371094,0.12865868210792542
15,2,64,18,0.5871650576591492,0.14935918152332306
15,2,64,19,0.4757135212421417,0.18983745574951172
15,2,64,20,0.47645139694213867,0.07361282408237457
15,2,64,21,0.5029208660125732,0.1636059731245041
15,2,64,22,0.4532144069671631,0.046598587185144424
15,2,64,23,0.6871128678321838,0.12440291792154312
15,2,64,24,0.6954877376556396,0.06402740627527237
15,2,64,25,0.4858379065990448,0.054793860763311386
15,2,64,26,0.5606966018676758,0.12572960555553436
15,2,64,27,0.5289878249168396,0.1381184458732605
15,2,64,28,0.6845632195472717,0.09642688184976578
15,2,64,29,0.5227998495101929,0.21368396282196045
15,2,64,30,0.46917834877967834,0.10861609876155853
15,2,64,31,0.5060644149780273,0.10502166301012039
15,2,64,32,0.55074143409729,0.09606344997882843
15,2,64,33,0.4336111545562744,0.1272406280040741
15,2,64,34,0.4647671580314636,0.09970780462026596
15,2,64,35,0.5858590006828308,0.11806313693523407
15,2,64,36,0.6654908061027527,0.06357600539922714
15,2,64,37,0.5193820595741272,0.20309966802597046
15,2,64,38,0.40963223576545715,0.18492288887500763
15,2,64,39,0.3626135289669037,0.10016264766454697
15,2,64,40,0.4902006983757019,0.23223842680454254
15,2,64,41,0.5002273321151733,0.11827300488948822
15,2,64,42,0.5457609295845032,0.15315775573253632
15,2,64,43,0.2934538424015045,0.0834934189915657
15,2,64,44,0.5351347923278809,0.1513437181711197
15,2,64,45,0.39376381039619446,0.13466960191726685
15,2,64,46,0.5314825773239136,0.20277227461338043
15,2,64,47,0.6027004718780518,0.09534531831741333
15,2,64,48,0.5620657801628113,0.18915101885795593
15,2,64,49,0.5266100168228149,0.13966043293476105
15,2,64,50,0.5197666883468628,0.04550224170088768
15,2,64,51,0.4304027259349823,0.13521739840507507
15,2,64,52,0.5383096933364868,0.0960787907242775
15,2,64,53,0.344784140586853,0.13084419071674347
15,2,64,54,0.5170923471450806,0.09313002973794937
15,2,64,55,0.3562692701816559,0.08915892988443375
15,2,64,56,0.3851985037326813,0.10621847957372665
15,2,64,57,0.479055792093277,0.13594265282154083
15,2,64,58,0.5502703785896301,0.08032029867172241
15,2,64,59,0.5729333162307739,0.09302625805139542
15,2,64,60,0.5866547226905823,0.1028926819562912
15,2,64,61,0.4514285624027252,0.16032102704048157
15,2,64,62,0.5294029116630554,0.05360914394259453
15,2,64,63,0.5031129717826843,0.12183269113302231
15,3,64,0,0.4310571253299713,0.20046119391918182
15,3,64,1,0.3338785469532013,0.10678219795227051
15,3,64,2,0.6291027665138245,0.08904024213552475
15,3,64,3,0.3995846211910248,0.19666364789009094
15,3,64,4,0.5635109543800354,0.06414253264665604
15,3,64,5,0.5042315125465393,0.12395457178354263
15,3,64,6,0.394192099571228,0.061456114053726196
15,3,64,7,0.6116716861724854,0.16284409165382385
15,3,64,8,0.43375739455223083,0.06925007700920105
15,3,64,9,0.5667334794998169,0.1268598735332489
15,3,64,10,0.4190240800380707,0.056522998958826065
15,3,64,11,0.5626723766326904,0.09801685810089111
15,3,64,12,0.5871586799621582,0.10941696912050247
15,3,64,13,0.47232314944267273,0.07746560871601105
15,3,64,14,0.44225582480430603,0.14305804669857025
15,3,64,15,0.5470706820487976,0.2551724910736084
15,3,64,16,0.5125280618667603,0.15030686557292938
15,3,64,17,0.4155595004558563,0.17181545495986938
15,3,64,18,0.5563333034515381,0.2173774689435959
15,3,64,19,0.5594874620437622,0.09954650700092316
15,3,64,20,0.4124675691127777,0.2262047678232193
15,3,64,21,0.6092159152030945,0.12188694626092911
15,3,64,22,0.47929537296295166,0.08976653963327408
15,3,64,23,0.4950215816497803,0.16565436124801636
15,3,64,24,0.5740786194801331,0.03653251379728317
15,3,64,25,0.4541633129119873,0.1319751739501953
15,3,64,26,0.5491409301757812,0.0415961891412735
15,3,64,27,0.5038895606994629,0.1529490053653717
15,3,64,28,0.47898048162460327,0.16637693345546722
15,3,64,29,0.5046747922897339,0.054007191210985184
15,3,64,30,0.6082892417907715,0.09009422361850739
15,3,64,31,0.5193454623222351,0.17191775143146515
15,3,64,32,0.6104264855384827,0.13185052573680878
15,3,64,33,0.4627809524536133,0.047453105449676514
15,3,64,34,0.3696556091308594,0.26613184809684753
15,3,64,35,0.3301395773887634,0.07133311033248901
15,3,64,36,0.43999147415161133,0.0392020009458065
15,3,64,37,0.4109148383140564,0.06892354786396027
15,3,64,38,0.41324082016944885,0.16060587763786316
15,3,64,39,0.31651192903518677,0.14430685341358185
15,3,64,40,0.602594792842865,0.08099154382944107
15,3,64,41,0.6930683255195618,0.15845750272274017
15,3,64,42,0.46058720350265503,0.08514439314603806
15,3,64,43,0.6089146137237549,0.08360930532217026
15,3,64,44,0.5323252081871033,0.20541268587112427
15,3,64,45,0.32740283012390137,0.0860799103975296
15,3,64,46,0.688630223274231,0.10220608860254288
15,3,64,47,0.5076284408569336,0.0947786495089531
15,3,64,48,0.6003961563110352,0.10438714921474457
15,3,64,49,0.39401179552078247,0.089737169444561
15,3,64,50,0.6315131187438965,0.07202008366584778
15,3,64,51,0.5219963788986206,0.17996715009212494
15,3,64,52,0.4203161597251892,0.12333868443965912
15,3,64,53,0.5830567479133606,0.13966549932956696
15,3,64,54,0.47845059633255005,0.05830267816781998
15,3,64,55,0.395881325006485,0.1713426560163498
15,3,64,56,0.5550417304039001,0.08755353093147278
15,3,64,57,0.41673144698143005,0.22523179650306702
15,3,64,58,0.32993006706237793,0.2037317007780075
15,3,64,59,0.6770229935646057,0.05972465127706528
15,3,64,60,0.6160021424293518,0.07502783834934235
15,3,64,61,0.3437598943710327,0.08815934509038925
15,3,64,62,0.6505396366119385,0.16474919021129608
15,3,64,63,0.5652186870574951,0.21709688007831573
15,4,128,0,0.40014469623565674,0.15550877153873444
15,4,128,1,0.6159453988075256,0.25632166862487793
15,4,128,2,0.620407223701477,0.15933312475681305
15,4,128,3,0.7221340537071228,0.10766876488924026
15,4,128,4,0.4204784035682678,0.35464948415756226
15,4,128,5,0.24844615161418915,0.2115888148546219
15,4,128,6,0.4448454678058624,0.18501247465610504
15,4,128,7,0.4541470408439636,0.1548856496810913
15,4,128,8,0.3894992470741272,0.08806633204221725
15,4,128,9,0.4250454306602478,0.18182829022407532
15,4,128,10,0.5816418528556824,0.33144721388816833
15,4,128,11,0.4167790114879608,0.19191500544548035
15,4,128,12,0.5578767657279968,0.1335582286119461
15,4,128,13,0.6332059502601624,0.1170228123664856
15,4,128,14,0.568723201751709,0.36206668615341187
15,4,128,15,0.7278317809104919,0.14000661671161652
15,4,128,16,0.7264091372489929,0.14207912981510162
15,4,128,17,0.5727898478507996,0.24205030500888824
15,4,128,18,0.5656523108482361,0.3181461691856384
15,4,128,19,0.6137781143188477,0.26930925250053406
15,4,128,20,0.6834205985069275,0.15494824945926666
15,4,128,21,0.4150727391242981,0.1478738635778427
15,4,128,22,0.4873463213443756,0.2852007746696472
15,4,128,23,0.23594580590724945,0.11735668033361435
15,4,128,24,0.7550854682922363,0.11167806386947632
15,4,128,25,0.7304776906967163,0.10612736642360687
15,4,128,26,0.4418024718761444,0.1315212994813919
15,4,128,27,0.4681667685508728,0.3003664016723633
15,4,128,28,0.4287104904651642,0.32221174240112305
15,4,128,29,0.5135941505432129,0.22604262828826904
15,4,128,30,0.5582249760627747,0.1761655956506729
15,4,128,31,0.6294703483581543,0.29385286569595337
15,4,128,32,0.5251376032829285,0.19595205783843994
15,4,128,33,0.4418121874332428,0.3588176667690277
15,4,128,34,0.7242413759231567,0.08508093655109406
15,4,128,35,0.6095962524414062,0.31330636143684387
15,4,128,36,0.31803521513938904,0.10678183287382126
15,4,128,37,0.5597290992736816,0.2874172031879425
15,4,128,38,0.7007946372032166,0.08790479600429535
15,4,128,39,0.6104323863983154,0.30935996770858765
15,4,128,40,0.5649390816688538,0.35452771186828613
15,4,128,41,0.576331615447998,0.1299668401479721
15,4,128,42,0.6078671216964722,0.3516354262828827
15,4,128,43,0.5356141328811646,0.26321613788604736
15,4,128,44,0.5328747034072876,0.07258469611406326
15,4,128,45,0.6703258752822876,0.07586243748664856
15,4,128,46,0.5525566935539246,0.22474025189876556
15,4,128,47,0.6123599410057068,0.27065718173980713
15,4,128,48,0.4683617651462555,0.3197872042655945
15,4,128,49,0.6339662075042725,0.28390949964523315
15,4,128,50,0.5994611978530884,0.2371842861175537
15,4,128,51,0.38632869720458984,0.18400755524635315
15,4,128,52,0.4115596115589142,0.23680125176906586
15,4,128,53,0.5385401844978333,0.31377533078193665
15,4,128,54,0.43225711584091187,0.1322115808725357
15,4,128,55,0.6694934368133545,0.136450856924057
15,4,128,56,0.7756094932556152,0.09107012301683426
15,4,128,57,0.30605974793434143,0.13292089104652405
15,4,128,58,0.5237513780593872,0.20092858374118805
15,4,128,59,0.6913694143295288,0.23475563526153564
15,4,128,60,0.5863217115402222,0.3482505679130554
15,4,128,61,0.5766212344169617,0.3077188730239868
15,4,128,62,0.3658776581287384,0.2774529457092285
15,4,128,63,0.6545425057411194,0.18370643258094788
15,4,128,64,0.42753204703330994,0.22059543430805206
15,4,128,65,0.6241610050201416,0.13324694335460663
15,4,128,66,0.5112224817276001,0.3032948672771454
15,4,128,67,0.5672629475593567,0.3474087715148926
15,4,128,68,0.46034735441207886,0.17118696868419647
15,4,128,69,0.7818298935890198,0.10021606087684631
15,4,128,70,0.34335464239120483,0.07016053795814514
15,4,128,71,0.611624002456665,0.29941484332084656
15,4,128,72,0.4073984622955322,0.2533048093318939
15,4,128,73,0.3520953953266144,0.08563706278800964
15,4,128,74,0.551581084728241,0.15945157408714294
15,4,128,75,0.5883887410163879,0.3894411623477936
15,4,128,76,0.4168948829174042,0.12036598473787308
15,4,128,77,0.4192655384540558,0.11013679951429367
15,4,128,78,0.35686612129211426,0.13768847286701202
15,4,128,79,0.3159908950328827,0.09946909546852112
15,4,128,80,0.6248406171798706,0.2605230212211609
15,4,128,81,0.4953138530254364,0.2152082920074463
15,4,128,82,0.5937636494636536,0.24217256903648376
15,4,128,83,0.5600975751876831,0.08770398795604706
15,4,128,84,0.4776090085506439,0.17117680609226227
15,4,128,85,0.6508834362030029,0.18648938834667206
15,4,128,86,0.7458238005638123,0.1470191478729248
15,4,128,87,0.7226184010505676,0.11607005447149277
15,4,128,88,0.6179094910621643,0.18519030511379242
15,4,128,89,0.7246851921081543,0.16871371865272522
15,4,128,90,0.4353466033935547,0.36000725626945496
15,4,128,91,0.5553413033485413,0.2978649437427521
15,4,128,92,0.7894628047943115,0.10297216475009918
15,4,128,93,0.47037938237190247,0.08015134185552597
15,4,128,94,0.5473524928092957,0.2857181429862976
15,4,128,95,0.48671600222587585,0.30024850368499756
15,4,128,96,0.45467039942741394,0.10886839032173157
15,4,128,97,0.6021311283111572,0.17460517585277557
15,4,128,98,0.5207367539405823,0.14624430239200592
15,4,128,99,0.43923354148864746,0.05942622199654579
15,4,128,100,0.5419296026229858,0.061826013028621674
15,4,128,101,0.6586960554122925,0.13126341998577118
15,4,128,102,0.26134106516838074,0.10945465415716171
15,4,128,103,0.5427748560905457,0.29652658104896545
15,4,128,104,0.712236225605011,0.10244651138782501
15,4,128,105,0.5505996346473694,0.26488927006721497
15,4,128,106,0.7901778817176819,0.09422656148672104
15,4,128,107,0.43066415190696716,0.16101723909378052
15,4,128,108,0.49305203557014465,0.28997695446014404
15,4,128,109,0.436964750289917,0.22850996255874634
15,4,128,110,0.5679735541343689,0.20928512513637543
15,4,128,111,0.6640734076499939,0.07864004373550415
15,4,128,112,0.6258774995803833,0.15344995260238647
15,4,128,113,0.5606670379638672,0.10504145920276642
15,4,128,114,0.500612199306488,0.130705326795578
15,4,128,115,0.6876711249351501,0.10218154639005661
15,4,128,116,0.5650535821914673,0.21375472843647003
15,4,128,117,0.5318588614463806,0.23554877936840057
15,4,128,118,0.611707866191864,0.06359213590621948
15,4,128,119,0.5758110880851746,0.25071731209754944
15,4,128,120,0.4105510413646698,0.10813573002815247
15,4,128,121,0.5970108509063721,0.2677716016769409
15,4,128,122,0.5222018957138062,0.2422667145729065
15,4,128,123,0.33358094096183777,0.15471144020557404
15,4,128,124,0.6586257219314575,0.07129319757223129
15,4,128,125,0.4345545470714569,0.38093137741088867
15,4,128,126,0.6110062003135681,0.15759801864624023
15,4,128,127,0.568131685256958,0.3773582875728607
15,5,128,0,0.4843122661113739,0.22775974869728088
15,5,128,1,0.713064432144165,0.259893536567688
15,5,128,2,0.8129463791847229,0.10050035268068314
15,5,128,3,0.8353255391120911,0.08034177124500275
15,5,128,4,0.7253315448760986,0.06031839922070503
15,5,128,5,0.6068116426467896,0.06157451122999191
15,5,128,6,0.48172736167907715,0.2597786486148834
15,5,128,7,0.707378625869751,0.2615223526954651
15,5,128,8,0.4842374622821808,0.09612765163183212
15,5,128,9,0.6307266354560852,0.35163745284080505
15,5,128,10,0.5285266041755676,0.2504505217075348
15,5,128,11,0.6715584993362427,0.057540785521268845
15,5,128,12,0.8182395696640015,0.1013261005282402
15,5,128,13,0.7072591185569763,0.2756067216396332
15,5,128,14,0.8422883749008179,0.19421733915805817
15,5,128,15,0.8948933482170105,0.0701819360256195
15,5,128,16,0.7906371355056763,0.1074615865945816
15,5,128,17,0.6712003350257874,0.12959282100200653
15,5,128,18,0.7829837203025818,0.19124063849449158
15,5,128,19,0.6464060544967651,0.35319438576698303
15,5,128,20,0.8109049797058105,0.10548647493124008
15,5,128,21,0.3737318515777588,0.3747706115245819
15,5,128,22,0.7198247313499451,0.25280481576919556
15,5,128,23,0.5650638937950134,0.14420150220394135
15,5,128,24,0.7679964900016785,0.12995491921901703
15,5,128,25,0.7996471524238586,0.10061897337436676
15,5,128,26,0.8216099143028259,0.09816200286149979
15,5,128,27,0.4061709940433502,0.35016530752182007
15,5,128,28,0.6293944120407104,0.15733298659324646
15,5,128,29,0.3539639711380005,0.33076032996177673
15,5,128,30,0.8611173033714294,0.07408013939857483
15,5,128,31,0.4555518627166748,0.274501770734787
15,5,128,32,0.41590267419815063,0.09445929527282715
15,5,128,33,0.47411593794822693,0.3215654492378235
15,5,128,34,0.37831392884254456,0.22984221577644348
15,5,128,35,0.8140783905982971,0.14897243678569794
15,5,128,36,0.715090274810791,0.26302462816238403
15,5,128,37,0.847528874874115,0.1028786450624466
15,5,128,38,0.8209859132766724,0.08465686440467834
15,5,128,39,0.7409113645553589,0.2483295500278473
15,5,128,40,0.767035186290741,0.23620061576366425
15,5,128,41,0.858273983001709,0.06613846123218536
15,5,128,42,0.8383460640907288,0.13392744958400726
15,5,128,43,0.42385995388031006,0.20311522483825684
15,5,128,44,0.4217819571495056,0.2684798538684845
15,5,128,45,0.4437437355518341,0.18225005269050598
15,5,128,46,0.7307929396629333,0.11720998585224152
15,5,128,47,0.702190637588501,0.1695432960987091
15,5,128,48,0.5484983921051025,0.18364852666854858
15,5,128,49,0.8074514865875244,0.10272695869207382
15,5,128,50,0.8481772541999817,0.09874337911605835
15,5,128,51,0.6611732244491577,0.1009802594780922
15,5,128,52,0.3762906491756439,0.16482214629650116
15,5,128,53,0.48998671770095825,0.11040305346250534
15,5,128,54,0.7566554546356201,0.06874509155750275
15,5,128,55,0.7852404713630676,0.18651466071605682
15,5,128,56,0.8811378479003906,0.08046150207519531
15,5,128,57,0.7946104407310486,0.0656333640217781
15,5,128,58,0.8784632086753845,0.0686061903834343
15,5,128,59,0.7983284592628479,0.21965114772319794
15,5,128,60,0.8842717409133911,0.06655392050743103
15,5,128,61,0.802247166633606,0.10862070322036743
15,5,128,62,0.47028717398643494,0.15507179498672485
15,5,128,63,0.6727404594421387,0.170437753200531
15,5,128,64,0.626250147819519,0.10859798640012741
15,5,128,65,0.41211631894111633,0.2394549548625946
15,5,128,66,0.7922534942626953,0.08605058491230011
15,5,128,67,0.7343595027923584,0.26798492670059204
15,5,128,68,0.5504607558250427,0.06676752120256424
15,5,128,69,0.8103188872337341,0.1168871745467186
15,5,128,70,0.5964335203170776,0.13331550359725952
15,5,128,71,0.7962439656257629,0.19634661078453064
15,5,128,72,0.6062093377113342,0.16441968083381653
15,5,128,73,0.5734704732894897,0.11350506544113159
15,5,128,74,0.7256476283073425,0.16666936874389648
15,5,128,75,0.6366674900054932,0.32869768142700195
15,5,128,76,0.7832625508308411,0.10006378591060638
15,5,128,77,0.3119578957557678,0.07790626585483551
15,5,128,78,0.684846043586731,0.23839806020259857
15,5,128,79,0.5562913417816162,0.08429116010665894
15,5,128,80,0.6252045035362244,0.1313939392566681
15,5,128,81,0.7270299792289734,0.1351807564496994
15,5,128,82,0.3832174241542816,0.3632056415081024
15,5,128,83,0.7591043710708618,0.22556091845035553
15,5,128,84,0.6429811716079712,0.20375266671180725
15,5,128,85,0.7941070795059204,0.09055576473474503
15,5,128,86,0.8447647094726562,0.07400942593812943
15,5,128,87,0.6779593229293823,0.15691661834716797
15,5,128,88,0.4500960409641266,0.28249800205230713
15,5,128,89,0.8287061452865601,0.09761817008256912
15,5,128,90,0.4263840615749359,0.3529016077518463
15,5,128,91,0.7167416214942932,0.13296549022197723
15,5,128,92,0.8277769684791565,0.12400272488594055
15,5,128,93,0.4136391878128052,0.3244401812553406
15,5,128,94,0.7458909153938293,0.21251772344112396
15,5,128,95,0.6010292172431946,0.1191030889749527
15,5,128,96,0.6254369020462036,0.09777557849884033
15,5,128,97,0.7973952293395996,0.08281848579645157
15,5,128,98,0.6766623854637146,0.12166038155555725
15,5,128,99,0.665508508682251,0.3340510129928589
15,5,128,100,0.7352545857429504,0.22237999737262726
15,5,128,101,0.8064296245574951,0.09986069053411484
15,5,128,102,0.4800158441066742,0.20387430489063263
15,5,128,103,0.38030484318733215,0.34082791209220886
15,5,128,104,0.7242863178253174,0.2994387447834015
15,5,128,105,0.7870609164237976,0.10558615624904633
15,5,128,106,0.6611249446868896,0.20285746455192566
15,5,128,107,0.6026172637939453,0.09501271694898605
15,5,128,108,0.8306862711906433,0.11205575615167618
15,5,128,109,0.7396944761276245,0.24707908928394318
15,5,128,110,0.3579491376876831,0.18495434522628784
15,5,128,111,0.6623992323875427,0.18869201838970184
15,5,128,112,0.8505633473396301,0.09511429071426392
15,5,128,113,0.7069607973098755,0.22531786561012268
15,5,128,114,0.48973244428634644,0.1555085927248001
15,5,128,115,0.7213025689125061,0.1258804202079773
15,5,128,116,0.7763230800628662,0.09385152906179428
15,5,128,117,0.8248351216316223,0.07052841782569885
15,5,128,118,0.8329749703407288,0.14736877381801605
15,5,128,119,0.7361320853233337,0.13711956143379211
15,5,128,120,0.7504764795303345,0.10627686977386475
15,5,128,121,0.7984559535980225,0.07361581921577454
15,5,128,122,0.7820703983306885,0.1767480969429016
15,5,128,123,0.5162785649299622,0.07804327458143234
15,5,128,124,0.8616546392440796,0.0658470019698143
15,5,128,125,0.39252573251724243,0.17809444665908813
15,5,128,126,0.721093475818634,0.10105025768280029
15,5,128,127,0.8333213925361633,0.15285412967205048
16,0,32,0,0.45956137776374817,0.13587330281734467
16,0,32,1,0.4713662564754486,0.09045372903347015
16,0,32,2,0.3928038775920868,0.10973027348518372
16,0,32,3,0.675607442855835,0.04962073639035225
16,0,32,4,0.4362010955810547,0.13649995625019073
16,0,32,5,0.48211848735809326,0.09181957691907883
16,0,32,6,0.5107542872428894,0.14428064227104187
16,0,32,7,0.5933094620704651,0.07226897031068802
16,0,32,8,0.6591335535049438,0.053423985838890076
16,0,32,9,0.5910418033599854,0.13509146869182587
16,0,32,10,0.5495863556861877,0.108233742415905
16,0,32,11,0.4850793182849884,0.12203039228916168
16,0,32,12,0.6312178373336792,0.11445097625255585
16,0,32,13,0.4097072184085846,0.06978016346693039
16,0,32,14,0.5758283138275146,0.13084319233894348
16,0,32,15,0.4607926607131958,0.10126873105764389
16,0,32,16,0.384840726852417,0.13715322315692902
16,0,32,17,0.5684037208557129,0.053760189563035965
16,0,32,18,0.5722163915634155,0.12481645494699478
16,0,32,19,0.39682334661483765,0.09689388424158096
16,0,32,20,0.5048608779907227,0.09302602708339691
16,0,32,21,0.4029832184314728,0.06528082489967346
16,0,32,22,0.4526553153991699,0.0685497522354126
16,0,32,23,0.4094744622707367,0.07838435471057892
16,0,32,24,0.33456021547317505,0.06036059930920601
16,0,32,25,0.5865798592567444,0.11470445245504379
16,0,32,26,0.40693482756614685,0.056926049292087555
16,0,32,27,0.4609508216381073,0.08091649413108826
16,0,32,28,0.6377686262130737,0.02329486794769764
16,0,32,29,0.48567327857017517,0.07373053580522537
16,0,32,30,0.584924578666687,0.0765102431178093
16,0,32,31,0.576024055480957,0.03713219612836838
16,1,32,0,0.48035556077957153,0.23675936460494995
16,1,32,1,0.4263381361961365,0.20702563226222992
16,1,32,2,0.5614539980888367,0.11616949737071991
16,1,32,3,0.45450201630592346,0.21973398327827454
16,1,32,4,0.5638318657875061,0.21469160914421082
16,1,32,5,0.4390878975391388,0.10445180535316467
16,1,32,6,0.6280268430709839,0.1414356827735901
16,1,32,7,0.37273380160331726,0.1426149606704712
16,1,32,8,0.6138781309127808,0.12993942201137543
16,1,32,9,0.5719619989395142,0.15026018023490906
16,1,32,10,0.5455500483512878,0.1833808571100235
16,1,32,11,0.6441355347633362,0.15675218403339386
16,1,32,12,0.5659489631652832,0.08685284107923508
16,1,32,13,0.43237048387527466,0.16316603124141693
16,1,32,14,0.5482934713363647,0.14722177386283875
16,1,32,15,0.3635618984699249,0.18382376432418823
16,1,32,16,0.6244387030601501,0.12780031561851501
16,1,32,17,0.3798683285713196,0.07115404307842255
16,1,32,18,0.29486843943595886,0.11392082273960114
16,1,32,19,0.4914766252040863,0.10416297614574432
16,1,32,20,0.6230069398880005,0.07490547001361847
16,1,32,21,0.5484063625335693,0.0681568905711174
16,1,32,22,0.5107144117355347,0.1239628791809082
16,1,32,23,0.6233639121055603,0.17797186970710754
16,1,32,24,0.5044289231300354,0.07684847712516785
16,1,32,25,0.4347175359725952,0.1062469407916069
16,1,32,26,0.6894866228103638,0.12777838110923767
16,1,32,27,0.4103713035583496,0.06760083884000778
16,1,32,28,0.6126179099082947,0.10745402425527573
16,1,32,29,0.6027165055274963,0.13158243894577026
16,1,32,30,0.48766279220581055,0.10120774805545807
16,1,32,31,0.3513472080230713,0.11323662847280502
16,2,64,0,0.392596036195755,0.07739229500293732
16,2,64,1,0.5143307447433472,0.18358702957630157
16,2,64,2,0.5937898755073547,0.06847108900547028
16,2,64,3,0.36755621433258057,0.1181483194231987
16,2,64,4,0.5996586084365845,0.1651911586523056
16,2,64,5,0.38834303617477417,0.12391198426485062
16,2,64,6,0.5363311171531677,0.03065137378871441
16,2,64,7,0.3944851756095886,0.07620134204626083
16,2,64,8,0.6701631546020508,0.14798109233379364
16,2,64,9,0.5751413702964783,0.09792035073041916
16,2,64,10,0.4542187452316284,0.060301512479782104
16,2,64,11,0.34065166115760803,0.10092835873365402
16,2,64,12,0.5801579356193542,0.14965060353279114
16,2,64,13,0.3746725618839264,0.18111659586429596
16,2,64,14,0.4024907350540161,0.12374737858772278
16,2,64,15,0.6143739819526672,0.09130766242742538
16,2,64,16,0.6011397242546082,0.058082401752471924
16,2,64,17,0.46434205770492554,0.03398087993264198
16,2,64,18,0.4307037591934204,0.08119301497936249
16,2,64,19,0.6121458411216736,0.15900850296020508
16,2,64,20,0.4467719793319702,0.11280880123376846
16,2,64,21,0.5061174035072327,0.08249397575855255
16,2,64,22,0.4086996614933014,0.09026491641998291
16,2,64,23,0.580308735370636,0.08142326772212982
16,2,64,24,0.4069913327693939,0.161650612950325
16,2,64,25,0.5917741060256958,0.1084083542227745
16,2,64,26,0.5912623405456543,0.1496182084083557
16,2,64,27,0.4810999035835266,0.11010394245386124
16,2,64,28,0.482639878988266,0.13787412643432617
16,2,64,29,0.49757128953933716,0.0904896929860115
16,2,64,30,0.5804436206817627,0.09309518337249756
16,2,64,31,0.5654305815696716,0.14623214304447174
16,2,64,32,0.5000510215759277,0.0924539715051651
16,2,64,33,0.5218570232391357,0.12361491471529007
16,2,64,34,0.6377029418945312,0.12509296834468842
16,2,64,35,0.46043717861175537,0.09995444118976593
16,2,64,36,0.4906986355781555,0.11011612415313721
16,2,64,37,0.498515248298645,0.14415277540683746
16,2,64,38,0.6249003410339355,0.1550748199224472
16,2,64,39,0.438937783241272,0.0929303765296936
16,2,64,40,0.42301732301712036,0.14965997636318207
16,2,64,41,0.4431931972503662,0.08514033257961273
16,2,64,42,0.6731460094451904,0.09168409556150436
16,2,64,43,0.43581029772758484,0.14683881402015686
16,2,64,44,0.6041260957717896,0.1097765639424324
16,2,64,45,0.3616322875022888,0.08614707738161087
16,2,64,46,0.6034370064735413,0.1040162444114685
16,2,64,47,0.6056980490684509,0.13271038234233856
16,2,64,48,0.3614688515663147,0.18327368795871735
16,2,64,49,0.6391593217849731,0.10822994261980057
16,2,64,50,0.4878225326538086,0.13626721501350403
16,2,64,51,0.4146878123283386,0.08872371166944504
16,2,64,52,0.6043741703033447,0.10011663287878036
16,2,64,53,0.6153548359870911,0.07126851379871368
16,2,64,54,0.7173867225646973,0.08252234756946564
16,2,64,55,0.37546294927597046,0.10551520437002182
16,2,64,56,0.5896197557449341,0.12409337610006332
16,2,64,57,0.44793593883514404,0.06833097338676453
16,2,64,58,0.36731329560279846,0.1282532811164856
16,2,64,59,0.5245364904403687,0.11815771460533142
16,2,64,60,0.5491092205047607,0.04996250942349434
16,2,64,61,0.512792706489563,0.13996991515159607
16,2,64,62,0.6123746633529663,0.05699962005019188
16,2,64,63,0.5903516411781311,0.04598456993699074
16,3,64,0,0.39113500714302063,0.2687591016292572
16,3,64,1,0.6858113408088684,0.10280286520719528
16,3,64,2,0.5227771997451782,0.12802450358867645
16,3,64,3,0.37196606397628784,0.1138511672616005
16,3,64,4,0.5510668158531189,0.14861798286437988
16,3,64,5,0.4422571063041687,0.14345812797546387
16,3,64,6,0.5830613970756531,0.10343397408723831
16,3,64,7,0.4317754805088043,0.20279651880264282
16,3,64,8,0.5184902548789978,0.12458890676498413
16,3,64,9,0.5491482019424438,0.15528340637683868
16,3,64,10,0.42163121700286865,0.1482526659965515
16,3,64,11,0.5149369239807129,0.10492891073226929
16,3,64,12,0.35381990671157837,0.09722073376178741
16,3,64,13,0.6097084879875183,0.29060378670692444
16,3,64,14,0.5699347257614136,0.11071332544088364
16,3,64,15,0.43395212292671204,0.16526095569133759
16,3,64,16,0.562494158744812,0.2692582905292511
16,3,64,17,0.587482213973999,0.07273940742015839
16,3,64,18,0.5576291680335999,0.3284975290298462
16,3,64,19,0.3443448841571808,0.04987087473273277
16,3,64,20,0.6906969547271729,0.11791079491376877
16,3,64,21,0.4771724045276642,0.12188340723514557
16,3,64,22,0.6033056974411011,0.1386711597442627
16,3,64,23,0.4272353947162628,0.18914462625980377
16,3,64,24,0.25151368975639343,0.1477513164281845
16,3,64,25,0.6143216490745544,0.24132473766803741
16,3,64,26,0.4851292073726654,0.13740576803684235
16,3,64,27,0.5282277464866638,0.1282101571559906
16,3,64,28,0.47314196825027466,0.08186549693346024
16,3,64,29,0.6833401322364807,0.20400330424308777
16,3,64,30,0.35233965516090393,0.09076991677284241
16,3,64,31,0.590238094329834,0.10663849860429764
16,3,64,32,0.47411060333251953,0.07607399672269821
16,3,64,33,0.64258873462677,0.19213171303272247
16,3,64,34,0.548398494720459,0.23889416456222534
16,3,64,35,0.5596349239349365,0.059164177626371384
16,3,64,36,0.4475676715373993,0.10424741357564926
16,3,64,37,0.3806971609592438,0.17761634290218353
16,3,64,38,0.4485553801059723,0.15695802867412567
16,3,64,39,0.30999889969825745,0.14598770439624786
16,3,64,40,0.4839954376220703,0.20768088102340698
16,3,64,41,0.31242403388023376,0.11696130782365799
16,3,64,42,0.6896572113037109,0.16159112751483917
16,3,64,43,0.5246427655220032,0.1494503617286682
16,3,64,44,0.4553057849407196,0.14144307374954224
16,3,64,45,0.7324737906455994,0.11399434506893158
16,3,64,46,0.5823717713356018,0.16737258434295654
16,3,64,47,0.2891736924648285,0.11235406994819641
16,3,64,48,0.6079804301261902,0.22613100707530975
16,3,64,49,0.5009886622428894,0.07361504435539246
16,3,64,50,0.5784611105918884,0.10243154317140579
16,3,64,51,0.5392929315567017,0.16084663569927216
16,3,64,52,0.6485801339149475,0.14434833824634552
16,3,64,53,0.3218432664871216,0.21501559019088745
16,3,64,54,0.4784606397151947,0.16035717725753784
16,3,64,55,0.6067124009132385,0.07297136634588242
16,3,64,56,0.544169545173645,0.290466845035553
16,3,64,57,0.6252402067184448,0.19424156844615936
16,3,64,58,0.43754464387893677,0.08480623364448547
16,3,64,59,0.6683120727539062,0.10044330358505249
16,3,64,60,0.42871931195259094,0.06088186055421829
16,3,64,61,0.5018595457077026,0.1566794514656067
16,3,64,62,0.6305873394012451,0.08990814536809921
16,3,64,63,0.3154735565185547,0.2177828550338745
16,4,128,0,0.3291272819042206,0.16765527427196503
16,4,128,1,0.6320651173591614,0.22927674651145935
16,4,128,2,0.6231409907341003,0.18607261776924133
16,4,128,3,0.7295670509338379,0.14561589062213898
16,4,128,4,0.5094627737998962,0.0970563068985939
16,4,128,5,0.6344935297966003,0.20128877460956573
16,4,128,6,0.5393786430358887,0.02915763109922409
16,4,128,7,0.5410642027854919,0.15626981854438782
16,4,128,8,0.4075033664703369,0.2945643663406372
16,4,128,9,0.5965186953544617,0.3250960409641266
16,4,128,10,0.3768695890903473,0.16515028476715088
16,4,128,11,0.40470078587532043,0.2532055079936981
16,4,128,12,0.6388841867446899,0.14571106433868408
16,4,128,13,0.7064974308013916,0.11072298139333725
16,4,128,14,0.4966013431549072,0.22961893677711487
16,4,128,15,0.4332776367664337,0.3041934669017792
16,4,128,16,0.7591664791107178,0.1018986627459526
16,4,128,17,0.6524716019630432,0.16953304409980774
16,4,128,18,0.4160194396972656,0.18432673811912537
16,4,128,19,0.37472203373908997,0.19072946906089783
16,4,128,20,0.5151532292366028,0.27277788519859314
16,4,128,21,0.6888900399208069,0.2122512310743332
16,4,128,22,0.5254774689674377,0.10007078945636749
16,4,128,23,0.5187958478927612,0.2819725275039673
16,4,128,24,0.24753519892692566,0.15138235688209534
16,4,128,25,0.38718709349632263,0.163389652967453
16,4,128,26,0.48561376333236694,0.12793007493019104
16,4,128,27,0.38329216837882996,0.3306368589401245
16,4,128,28,0.7319257259368896,0.11539378762245178
16,4,128,29,0.5628540515899658,0.07075170427560806
16,4,128,30,0.5652682781219482,0.21451576054096222
16,4,128,31,0.4430020749568939,0.2983459532260895
16,4,128,32,0.6040072441101074,0.20250843465328217
16,4,128,33,0.616766095161438,0.3153720498085022
16,4,128,34,0.7571398615837097,0.13793207705020905
16,4,128,35,0.4290369153022766,0.32092997431755066
16,4,128,36,0.617465615272522,0.08498940616846085
16,4,128,37,0.5903274416923523,0.34971776604652405
16,4,128,38,0.5062279105186462,0.25122785568237305
16,4,128,39,0.4252333343029022,0.26763370633125305
16,4,128,40,0.5367565751075745,0.13285788893699646
16,4,128,41,0.5517208576202393,0.2142115980386734
16,4,128,42,0.6426824927330017,0.17737089097499847
16,4,128,43,0.470879465341568,0.17036040127277374
16,4,128,44,0.609538197517395,0.1560421586036682
16,4,128,45,0.6524019241333008,0.0723412036895752
16,4,128,46,0.41725650429725647,0.30801188945770264
16,4,128,47,0.49197354912757874,0.07212156057357788
16,4,128,48,0.462510883808136,0.18705658614635468
16,4,128,49,0.26099514961242676,0.15273746848106384
16,4,128,50,0.46027374267578125,0.08487772941589355
16,4,128,51,0.6505010724067688,0.17202535271644592
16,4,128,52,0.7366902232170105,0.08253216743469238
16,4,128,53,0.5979636907577515,0.22255775332450867
16,4,128,54,0.524921178817749,0.30211764574050903
16,4,128,55,0.619694709777832,0.2836993634700775
16,4,128,56,0.5349432826042175,0.3064066469669342
16,4,128,57,0.4544579088687897,0.0590093769133091
16,4,128,58,0.34565386176109314,0.07163918018341064
16,4,128,59,0.4371015131473541,0.13913527131080627
16,4,128,60,0.7188923954963684,0.09989655017852783
16,4,128,61,0.6466137766838074,0.10954339802265167
16,4,128,62,0.5859036445617676,0.11937747895717621
16,4,128,63,0.388142466545105,0.2553662955760956
16,4,128,64,0.6826657652854919,0.1359877586364746
16,4,128,65,0.5931405425071716,0.3347148895263672
16,4,128,66,0.7262692451477051,0.12366663664579391
16,4,128,67,0.6005443334579468,0.26947981119155884
16,4,128,68,0.47926193475723267,0.28783655166625977
16,4,128,69,0.7640712261199951,0.0909234955906868
16,4,128,70,0.5058291554450989,0.126649871468544
16,4,128,71,0.55732661485672,0.1529242992401123
16,4,128,72,0.42445099353790283,0.14651621878147125
16,4,128,73,0.5913402438163757,0.1590699404478073
16,4,128,74,0.5742602348327637,0.3017267882823944
16,4,128,75,0.49082398414611816,0.08397416025400162
16,4,128,76,0.500258207321167,0.2937030792236328
16,4,128,77,0.6223662495613098,0.31427034735679626
16,4,128,78,0.6487001180648804,0.29630640149116516
16,4,128,79,0.4378066956996918,0.3292630910873413
16,4,128,80,0.4565369188785553,0.34227675199508667
16,4,128,81,0.4107232987880707,0.09523748606443405
16,4,128,82,0.4522641897201538,0.061327915638685226
16,4,128,83,0.5010678768157959,0.13726596534252167
16,4,128,84,0.6187595725059509,0.20067808032035828
16,4,128,85,0.5998997688293457,0.3510598838329315
16,4,128,86,0.4023399353027344,0.27798235416412354
16,4,128,87,0.7740645408630371,0.0951804593205452
16,4,128,88,0.7243657112121582,0.15681663155555725
16,4,128,89,0.7881343364715576,0.16439831256866455
16,4,128,90,0.48157376050949097,0.10955485701560974
16,4,128,91,0.5343324542045593,0.1820274144411087
16,4,128,92,0.5980011224746704,0.1476292759180069
16,4,128,93,0.6140974164009094,0.19269061088562012
16,4,128,94,0.6733320355415344,0.08550253510475159
16,4,128,95,0.3439212441444397,0.09483010321855545
16,4,128,96,0.5561085343360901,0.19419342279434204
16,4,128,97,0.645635724067688,0.06927496194839478
16,4,128,98,0.74960857629776,0.12948071956634521
16,4,128,99,0.6032990217208862,0.15069404244422913
16,4,128,100,0.5051883459091187,0.2742678225040436
16,4,128,101,0.6794348955154419,0.15687048435211182
16,4,128,102,0.6951356530189514,0.1510053277015686
16,4,128,103,0.37174564599990845,0.19469545781612396
16,4,128,104,0.45599961280822754,0.22821781039237976
16,4,128,105,0.6675903797149658,0.07997564226388931
16,4,128,106,0.5985355973243713,0.28999102115631104
16,4,128,107,0.7474141120910645,0.17408908903598785
16,4,128,108,0.3575458824634552,0.1552302986383438
16,4,128,109,0.5786494016647339,0.16634127497673035
16,4,128,110,0.688939094543457,0.11038949340581894
16,4,128,111,0.7469886541366577,0.1570724993944168
16,4,128,112,0.5294226408004761,0.24392497539520264
16,4,128,113,0.36642199754714966,0.20221839845180511
16,4,128,114,0.7037099599838257,0.09980957210063934
16,4,128,115,0.531773030757904,0.15477798879146576
16,4,128,116,0.28598806262016296,0.11227431148290634
16,4,128,117,0.7055548429489136,0.2004013955593109
16,4,128,118,0.5951815247535706,0.1629185974597931
16,4,128,119,0.5021668076515198,0.14287084341049194
16,4,128,120,0.44252461194992065,0.05148183926939964
16,4,128,121,0.42137303948402405,0.10967917740345001
16,4,128,122,0.5769941210746765,0.1524115353822708
16,4,128,123,0.466343492269516,0.08747769147157669
16,4,128,124,0.3668932020664215,0.14235639572143555
16,4,128,125,0.5240051746368408,0.12579505145549774
16,4,128,126,0.6651339530944824,0.19185657799243927
16,4,128,127,0.5373878479003906,0.22672748565673828
16,5,128,0,0.4552835524082184,0.23531527817249298
16,5,128,1,0.42379307746887207,0.24256941676139832
16,5,128,2,0.7504053115844727,0.08996059745550156
16,5,128,3,0.8654331564903259,0.07536952942609787
16,5,128,4,0.7731141448020935,0.20852021872997284
16,5,128,5,0.7375909686088562,0.13656048476696014
16,5,128,6,0.43548911809921265,0.315308153629303
16,5,128,7,0.5481942892074585,0.2091238647699356
16,5,128,8,0.7278977632522583,0.15713924169540405
16,5,128,9,0.8580283522605896,0.0827753096818924
16,5,128,10,0.5087569952011108,0.127427339553833
16,5,128,11,0.5949164032936096,0.15263910591602325
16,5,128,12,0.7865623831748962,0.12983503937721252
16,5,128,13,0.8598572015762329,0.09351824223995209
16,5,128,14,0.6695700883865356,0.1762133538722992
16,5,128,15,0.8476402759552002,0.05849037691950798
16,5,128,16,0.799092173576355,0.0743182823061943
16,5,128,17,0.7287951111793518,0.20758260786533356
16,5,128,18,0.7082042694091797,0.08102276921272278
16,5,128,19,0.5047512650489807,0.12447522580623627
16,5,128,20,0.4364890158176422,0.29215189814567566
16,5,128,21,0.7668211460113525,0.1497330516576767
16,5,128,22,0.7175136804580688,0.14105257391929626
16,5,128,23,0.5066112279891968,0.09795226156711578
16,5,128,24,0.4385782480239868,0.18181462585926056
16,5,128,25,0.5321567058563232,0.10287747532129288
16,5,128,26,0.5289061665534973,0.10419020801782608
16,5,128,27,0.6826736927032471,0.21986505389213562
16,5,128,28,0.7740177512168884,0.12472869455814362
16,5,128,29,0.6031433343887329,0.1606009602546692
16,5,128,30,0.6355511546134949,0.1248258650302887
16,5,128,31,0.8001020550727844,0.15913280844688416
16,5,128,32,0.8131392002105713,0.057640060782432556
16,5,128,33,0.8035358786582947,0.09889749437570572
16,5,128,34,0.8376290202140808,0.09954196959733963
16,5,128,35,0.7112062573432922,0.13624203205108643
16,5,128,36,0.8092695474624634,0.15225794911384583
16,5,128,37,0.5570802092552185,0.23461471498012543
16,5,128,38,0.713540256023407,0.21497489511966705
16,5,128,39,0.5669840574264526,0.20877882838249207
16,5,128,40,0.70272296667099,0.08412154763936996
16,5,128,41,0.48795995116233826,0.23738278448581696
16,5,128,42,0.7285910844802856,0.17299330234527588
16,5,128,43,0.855690062046051,0.07931002229452133
16,5,128,44,0.7517375946044922,0.21014370024204254
16,5,128,45,0.6416392922401428,0.14864297211170197
16,5,128,46,0.645394504070282,0.09643302857875824
16,5,128,47,0.5915979743003845,0.2080959528684616
16,5,128,48,0.5965062975883484,0.1161840632557869
16,5,128,49,0.6572559475898743,0.2522309124469757
16,5,128,50,0.6397729516029358,0.21088364720344543
16,5,128,51,0.7030104398727417,0.07147613167762756
16,5,128,52,0.623131275177002,0.16618366539478302
16,5,128,53,0.7853057384490967,0.17856308817863464
16,5,128,54,0.6974266767501831,0.168378546833992
16,5,128,55,0.7131084203720093,0.13474568724632263
16,5,128,56,0.8445610404014587,0.08479125052690506
16,5,128,57,0.7544452548027039,0.20557621121406555
16,5,128,58,0.8576976656913757,0.07858173549175262
16,5,128,59,0.6097091436386108,0.1630980223417282
16,5,128,60,0.8578400015830994,0.05508233234286308
16,5,128,61,0.6204773783683777,0.08908326923847198
16,5,128,62,0.4526502192020416,0.24356763064861298
16,5,128,63,0.7134098410606384,0.085041344165802
16,5,128,64,0.7745818495750427,0.14505207538604736
16,5,128,65,0.6074525117874146,0.08118241280317307
16,5,128,66,0.8404400944709778,0.10994040966033936
16,5,128,67,0.5426475405693054,0.19235357642173767
16,5,128,68,0.784493088722229,0.08282134681940079
16,5,128,69,0.7458615303039551,0.06298124045133591
16,5,128,70,0.44943204522132874,0.1924234926700592
16,5,128,71,0.7085406184196472,0.10028963536024094
16,5,128,72,0.6861672401428223,0.13646680116653442
16,5,128,73,0.6964691877365112,0.20506241917610168
16,5,128,74,0.8025441765785217,0.09113254398107529
16,5,128,75,0.7525745630264282,0.05990142747759819
16,5,128,76,0.8060216903686523,0.06444220244884491
16,5,128,77,0.8110582828521729,0.14957302808761597
16,5,128,78,0.7131238579750061,0.23702046275138855
16,5,128,79,0.60843425989151,0.12299340963363647
16,5,128,80,0.40505269169807434,0.3152818977832794
16,5,128,81,0.7193646430969238,0.08083795756101608
16,5,128,82,0.7755642533302307,0.09803372621536255
16,5,128,83,0.6630268692970276,0.06284679472446442
16,5,128,84,0.5849997997283936,0.2063070386648178
16,5,128,85,0.8786650896072388,0.06877515465021133
16,5,128,86,0.5491082072257996,0.16921614110469818
16,5,128,87,0.7531211376190186,0.12397266179323196
16,5,128,88,0.7118571400642395,0.12523648142814636
16,5,128,89,0.8090941905975342,0.15560826659202576
16,5,128,90,0.4539371132850647,0.1565294861793518
16,5,128,91,0.6217979788780212,0.09390918165445328
16,5,128,92,0.5666285753250122,0.1579994261264801
16,5,128,93,0.6011068224906921,0.22969883680343628
16,5,128,94,0.6206061244010925,0.09201063960790634
16,5,128,95,0.38389867544174194,0.21119479835033417
16,5,128,96,0.537800133228302,0.11420077085494995
16,5,128,97,0.42551887035369873,0.28191468119621277
16,5,128,98,0.6611210107803345,0.1745544672012329
16,5,128,99,0.7031128406524658,0.12736041843891144
16,5,128,100,0.3266850709915161,0.17427513003349304
16,5,128,101,0.635158896446228,0.10857172310352325
16,5,128,102,0.7383694648742676,0.06895983219146729
16,5,128,103,0.45895326137542725,0.15033413469791412
16,5,128,104,0.7329346537590027,0.17257799208164215
16,5,128,105,0.7834572196006775,0.14503881335258484
16,5,128,106,0.5702937841415405,0.2865336239337921
16,5,128,107,0.8706570863723755,0.0805409699678421
16,5,128,108,0.6761126518249512,0.29506367444992065
16,5,128,109,0.7636640071868896,0.08095031976699829
16,5,128,110,0.7470262050628662,0.10408560931682587
16,5,128,111,0.4446028470993042,0.22346283495426178
16,5,128,112,0.6563699841499329,0.22412662208080292
16,5,128,113,0.7173921465873718,0.08224256336688995
16,5,128,114,0.7447555065155029,0.09135492146015167
16,5,128,115,0.5704945921897888,0.106613390147686
16,5,128,116,0.7045938968658447,0.10410106927156448
16,5,128,117,0.7489579916000366,0.11763495951890945
16,5,128,118,0.771023690700531,0.17222514748573303
16,5,128,119,0.7677786946296692,0.20397496223449707
16,5,128,120,0.600432276725769,0.13510464131832123
16,5,128,121,0.500083327293396,0.09449620544910431
16,5,128,122,0.6796656847000122,0.26553431153297424
16,5,128,123,0.7206436395645142,0.13709110021591187
16,5,128,124,0.473179429769516,0.07630610466003418
16,5,128,125,0.5733606219291687,0.17673157155513763
16,5,128,126,0.7590999603271484,0.07493249326944351
16,5,128,127,0.6891573071479797,0.2208111435174942
17,0,32,0,0.389655739068985,0.07153662294149399
17,0,32,1,0.5063663125038147,0.04671386256814003
17,0,32,2,0.5852163434028625,0.07688373327255249
17,0,32,3,0.6641221046447754,0.07500286400318146
17,0,32,4,0.48341894149780273,0.08952204883098602
17,0,32,5,0.4947461485862732,0.11032043397426605
17,0,32,6,0.49254974722862244,0.14160363376140594
17,0,32,7,0.45198968052864075,0.10585982352495193
17,0,32,8,0.4798274040222168,0.09331431984901428
17,0,32,9,0.596842885017395,0.05772173032164574
17,0,32,10,0.45602768659591675,0.13786348700523376
17,0,32,11,0.5775166749954224,0.10569658130407333
17,0,32,12,0.3722952604293823,0.06680987030267715
17,0,32,13,0.5567063689231873,0.10276886075735092
17,0,32,14,0.6618528366088867,0.036891162395477295
17,0,32,15,0.49328556656837463,0.14741837978363037
17,0,32,16,0.4177943766117096,0.0864892229437828
17,0,32,17,0.5804393887519836,0.08510693162679672
17,0,32,18,0.6256424784660339,0.0956309363245964
17,0,32,19,0.4199535548686981,0.08954057842493057
17,0,32,20,0.4729008376598358,0.09484726190567017
17,0,32,21,0.4879024624824524,0.06664952635765076
17,0,32,22,0.3644554316997528,0.08725656569004059
17,0,32,23,0.4344732463359833,0.03009139373898506
17,0,32,24,0.4651939868927002,0.13265429437160492
17,0,32,25,0.4077143669128418,0.06459793448448181
17,0,32,26,0.4428030550479889,0.08223246037960052
17,0,32,27,0.5146339535713196,0.07329994440078735
17,0,32,28,0.4235598146915436,0.07213857769966125
17,0,32,29,0.44910869002342224,0.0956195741891861
17,0,32,30,0.5376834869384766,0.08303860574960709
17,0,32,31,0.6100155115127563,0.11069775372743607
17,1,32,0,0.5874525904655457,0.07186170667409897
17,1,32,1,0.5366431474685669,0.139786496758461
17,1,32,2,0.5823961496353149,0.060080450028181076
17,1,32,3,0.5805087685585022,0.12117359042167664
17,1,32,4,0.5270041823387146,0.14406925439834595
17,1,32,5,0.5042265057563782,0.0867849662899971
17,1,32,6,0.3969130218029022,0.09342814236879349
17,1,32,7,0.5868803858757019,0.08103781938552856
17,1,32,8,0.5444132089614868,0.1331557333469391
17,1,32,9,0.5965083241462708,0.16754379868507385
17,1,32,10,0.6574039459228516,0.11123038828372955
17,1,32,11,0.5262113213539124,0.06459882855415344
17,1,32,12,0.5257960557937622,0.14868304133415222
17,1,32,13,0.44400620460510254,0.07619880139827728
17,1,32,14,0.5772595405578613,0.1098301038146019
17,1,32,15,0.6524292230606079,0.028279880061745644
17,1,32,16,0.5536461472511292,0.08470631390810013
17,1,32,17,0.5338863134384155,0.05248037725687027
17,1,32,18,0.5163720846176147,0.06854913383722305
17,1,32,19,0.49519646167755127,0.04648011550307274
17,1,32,20,0.537015438079834,0.10191462934017181
17,1,32,21,0.3790406584739685,0.07417289167642593
17,1,32,22,0.5569531917572021,0.048377685248851776
17,1,32,23,0.33926573395729065,0.06570616364479065
17,1,32,24,0.4126111567020416,0.11984395980834961
17,1,32,25,0.5859891176223755,0.09548861533403397
17,1,32,26,0.4937382936477661,0.11639255285263062
17,1,32,27,0.43213412165641785,0.11257040500640869
17,1,32,28,0.42714938521385193,0.06629382818937302
17,1,32,29,0.47188544273376465,0.1480354219675064
17,1,32,30,0.6378539204597473,0.11620431393384933
17,1,32,31,0.47051724791526794,0.1018461287021637
17,2,64,0,0.5785780549049377,0.08139251172542572
17,2,64,1,0.3413681387901306,0.19459056854248047
17,2,64,2,0.5379091501235962,0.18875229358673096
17,2,64,3,0.48344793915748596,0.11627835780382156
17,2,64,4,0.5422211289405823,0.07724246382713318
17,2,64,5,0.5181451439857483,0.11127083003520966
17,2,64,6,0.43800780177116394,0.12789277732372284
17,2,64,7,0.6444720029830933,0.13549558818340302
17,2,64,8,0.4094388484954834,0.12773245573043823
17,2,64,9,0.4748554229736328,0.08962100744247437
17,2,64,10,0.41627201437950134,0.17844848334789276
17,2,64,11,0.6295596361160278,0.1334180384874344
17,2,64,12,0.5109718441963196,0.19313347339630127
17,2,64,13,0.5629649758338928,0.13420799374580383
17,2,64,14,0.42500925064086914,0.12487868219614029
17,2,64,15,0.5944810509681702,0.11001039296388626
17,2,64,16,0.46257108449935913,0.09292205423116684
17,2,64,17,0.5205937623977661,0.08836329728364944
17,2,64,18,0.6049005389213562,0.10986930131912231
17,2,64,19,0.5864391326904297,0.05893721431493759
17,2,64,20,0.5826709270477295,0.1713900864124298
17,2,64,21,0.5287864804267883,0.18405354022979736
17,2,64,22,0.4621821641921997,0.10515280067920685
17,2,64,23,0.3732287585735321,0.12613940238952637
17,2,64,24,0.5045962333679199,0.11686971038579941
17,2,64,25,0.44455185532569885,0.15273655951023102
17,2,64,26,0.5651172995567322,0.20740483701229095
17,2,64,27,0.5627363920211792,0.12176401168107986
17,2,64,28,0.6090120673179626,0.12541697919368744
17,2,64,29,0.48934340476989746,0.18458028137683868
17,2,64,30,0.5349172949790955,0.059185344725847244
17,2,64,31,0.4232069253921509,0.07509676367044449
17,2,64,32,0.5187414288520813,0.05844457074999809
17,2,64,33,0.6005024909973145,0.13335515558719635
17,2,64,34,0.4093572795391083,0.1250477135181427
17,2,64,35,0.568988561630249,0.23087765276432037
17,2,64,36,0.441932737827301,0.15046937763690948
17,2,64,37,0.5120658874511719,0.18261605501174927
17,2,64,38,0.4121394455432892,0.14757339656352997
17,2,64,39,0.549223005771637,0.08840041607618332
17,2,64,40,0.4629153609275818,0.08082222938537598
17,2,64,41,0.611375629901886,0.15499597787857056
17,2,64,42,0.41631045937538147,0.13763341307640076
17,2,64,43,0.5113444328308105,0.08168241381645203
17,2,64,44,0.4964873492717743,0.185817152261734
17,2,64,45,0.568705677986145,0.16688381135463715
17,2,64,46,0.4012596905231476,0.24359600245952606
17,2,64,47,0.49066781997680664,0.09727509319782257
17,2,64,48,0.42098790407180786,0.07603452354669571
17,2,64,49,0.5347310304641724,0.17446374893188477
17,2,64,50,0.4805791974067688,0.09968619793653488
17,2,64,51,0.29557397961616516,0.10872887074947357
17,2,64,52,0.6703241467475891,0.1409178078174591
17,2,64,53,0.5269373655319214,0.12749484181404114
17,2,64,54,0.5348193645477295,0.07652750611305237
17,2,64,55,0.5107398629188538,0.16680015623569489
17,2,64,56,0.4265022873878479,0.23094266653060913
17,2,64,57,0.639465868473053,0.10979168117046356
17,2,64,58,0.4620836675167084,0.15855413675308228
17,2,64,59,0.45974913239479065,0.12360699474811554
17,2,64,60,0.39239636063575745,0.13131149113178253
17,2,64,61,0.5559981465339661,0.09270254522562027
17,2,64,62,0.5645522475242615,0.11700646579265594
17,2,64,63,0.5517849922180176,0.12789276242256165
17,3,64,0,0.38442596793174744,0.1400049328804016
17,3,64,1,0.3877507150173187,0.23175084590911865
17,3,64,2,0.5831360220909119,0.1353020817041397
17,3,64,3,0.4570934474468231,0.14051860570907593
17,3,64,4,0.5932828783988953,0.10797576606273651
17,3,64,5,0.3815057575702667,0.15948639810085297
17,3,64,6,0.5595923662185669,0.19712986052036285
17,3,64,7,0.5422359108924866,0.19920818507671356
17,3,64,8,0.5051628351211548,0.2812749147415161
17,3,64,9,0.45426374673843384,0.15832948684692383
17,3,64,10,0.5184675455093384,0.20173363387584686
17,3,64,11,0.4975222945213318,0.15608561038970947
17,3,64,12,0.5805473327636719,0.11414841562509537
17,3,64,13,0.35132500529289246,0.07974687218666077
17,3,64,14,0.5233376026153564,0.14927969872951508
17,3,64,15,0.4421549439430237,0.09765604138374329
17,3,64,16,0.46875444054603577,0.1229371502995491
17,3,64,17,0.5716640949249268,0.08428260684013367
17,3,64,18,0.381336510181427,0.08865455538034439
17,3,64,19,0.369755357503891,0.1353149563074112
17,3,64,20,0.5045205354690552,0.17387311160564423
17,3,64,21,0.43236303329467773,0.1592499166727066
17,3,64,22,0.2847370505332947,0.07480640709400177
17,3,64,23,0.45320695638656616,0.11337186396121979
17,3,64,24,0.4440089166164398,0.2033490389585495
17,3,64,25,0.483776330947876,0.15968410670757294
17,3,64,26,0.48210299015045166,0.19042155146598816
17,3,64,27,0.3226848542690277,0.12799568474292755
17,3,64,28,0.5556709170341492,0.1160966232419014
17,3,64,29,0.5998124480247498,0.12521517276763916
17,3,64,30,0.5447317957878113,0.0808713361620903
17,3,64,31,0.5542571544647217,0.14341287314891815
17,3,64,32,0.5323760509490967,0.08759573847055435
17,3,64,33,0.352062463760376,0.1793106347322464
17,3,64,34,0.4822385013103485,0.22665278613567352
17,3,64,35,0.41476020216941833,0.16692323982715607
17,3,64,36,0.499830037355423,0.18936249613761902
17,3,64,37,0.5223932266235352,0.05525844544172287
17,3,64,38,0.6183937788009644,0.13356724381446838
17,3,64,39,0.5116969347000122,0.14441736042499542
17,3,64,40,0.36000144481658936,0.14192578196525574
17,3,64,41,0.6034998893737793,0.1916750967502594
17,3,64,42,0.30862054228782654,0.09611459076404572
17,3,64,43,0.44816240668296814,0.05736207216978073
17,3,64,44,0.38823139667510986,0.20444293320178986
17,3,64,45,0.615887463092804,0.15937243402004242
17,3,64,46,0.6370358467102051,0.17936205863952637
17,3,64,47,0.5637357234954834,0.1742614060640335
17,3,64,48,0.5528553128242493,0.13448098301887512
17,3,64,49,0.5453306436538696,0.07736795395612717
17,3,64,50,0.31448373198509216,0.10175567865371704
17,3,64,51,0.6802598237991333,0.13380050659179688
17,3,64,52,0.4829825758934021,0.10975994914770126
17,3,64,53,0.6489827632904053,0.11826594918966293
17,3,64,54,0.45903733372688293,0.261572003364563
17,3,64,55,0.6307750940322876,0.05560634285211563
17,3,64,56,0.39393556118011475,0.12458360195159912
17,3,64,57,0.4649803340435028,0.13350796699523926
17,3,64,58,0.6569833755493164,0.13550041615962982
17,3,64,59,0.47948575019836426,0.17643794417381287
17,3,64,60,0.5553829073905945,0.14268213510513306
17,3,64,61,0.5285279154777527,0.23652589321136475
17,3,64,62,0.5666698813438416,0.20751731097698212
17,3,64,63,0.42720967531204224,0.13935887813568115
17,4,128,0,0.599307656288147,0.2748751938343048
17,4,128,1,0.659270167350769,0.14199520647525787
17,4,128,2,0.30247563123703003,0.13630017638206482
17,4,128,3,0.6166151165962219,0.2693534791469574
17,4,128,4,0.744014322757721,0.1131109818816185
17,4,128,5,0.6790837645530701,0.10757014155387878
17,4,128,6,0.40251022577285767,0.22416076064109802
17,4,128,7,0.5501014590263367,0.2935177683830261
17,4,128,8,0.5783001780509949,0.2558041512966156
17,4,128,9,0.5629420280456543,0.1734093427658081
17,4,128,10,0.41813144087791443,0.2377699762582779
17,4,128,11,0.4447081685066223,0.27052244544029236
17,4,128,12,0.3914484977722168,0.050581783056259155
17,4,128,13,0.5985283255577087,0.22381238639354706
17,4,128,14,0.6355666518211365,0.12989060580730438
17,4,128,15,0.5718503594398499,0.07373590767383575
17,4,128,16,0.6464554667472839,0.11236708611249924
17,4,128,17,0.6406801342964172,0.1982782483100891
17,4,128,18,0.6020652651786804,0.3653436303138733
17,4,128,19,0.4962400496006012,0.2040552794933319
17,4,128,20,0.523321270942688,0.09019853919744492
17,4,128,21,0.4533240795135498,0.149318665266037
17,4,128,22,0.7726845741271973,0.10576031357049942
17,4,128,23,0.6122873425483704,0.07251112908124924
17,4,128,24,0.3125309944152832,0.10401488095521927
17,4,128,25,0.4850462079048157,0.29538312554359436
17,4,128,26,0.5554702877998352,0.18202441930770874
17,4,128,27,0.5166321396827698,0.3306971788406372
17,4,128,28,0.6066375374794006,0.20002096891403198
17,4,128,29,0.6544990539550781,0.17568370699882507
17,4,128,30,0.613976776599884,0.08308625221252441
17,4,128,31,0.45267701148986816,0.24461011588573456
17,4,128,32,0.6175076961517334,0.26279327273368835
17,4,128,33,0.6773306727409363,0.12787823379039764
17,4,128,34,0.5669415593147278,0.25263717770576477
17,4,128,35,0.48678410053253174,0.2886335551738739
17,4,128,36,0.6460201144218445,0.09883445501327515
17,4,128,37,0.7405507564544678,0.13267798721790314
17,4,128,38,0.36200234293937683,0.21250750124454498
17,4,128,39,0.6052354574203491,0.07349252700805664
17,4,128,40,0.6873189210891724,0.10255403071641922
17,4,128,41,0.7309737205505371,0.1405237764120102
17,4,128,42,0.5036700367927551,0.20678426325321198
17,4,128,43,0.43800389766693115,0.13656143844127655
17,4,128,44,0.4403713345527649,0.21374592185020447
17,4,128,45,0.5811878442764282,0.25020280480384827
17,4,128,46,0.6493082046508789,0.1008436530828476
17,4,128,47,0.4529389441013336,0.27554619312286377
17,4,128,48,0.5984402298927307,0.08669503033161163
17,4,128,49,0.6208314299583435,0.13683058321475983
17,4,128,50,0.3892643451690674,0.2901926040649414
17,4,128,51,0.5447641611099243,0.06322922557592392
17,4,128,52,0.5287099480628967,0.024628574028611183
17,4,128,53,0.586307942867279,0.27067893743515015
17,4,128,54,0.5865891575813293,0.2913143038749695
17,4,128,55,0.60247403383255,0.06296887993812561
17,4,128,56,0.5204755663871765,0.15434235334396362
17,4,128,57,0.7070802450180054,0.15879210829734802
17,4,128,58,0.5182909369468689,0.27771344780921936
17,4,128,59,0.40990737080574036,0.05764752998948097
17,4,128,60,0.542310893535614,0.23450294137001038
17,4,128,61,0.6545799374580383,0.09665066748857498
17,4,128,62,0.5377184152603149,0.0697144940495491
17,4,128,63,0.491216242313385,0.06124335527420044
17,4,128,64,0.4676561951637268,0.2351446896791458
17,4,128,65,0.5504447817802429,0.3000850975513458
17,4,128,66,0.46971163153648376,0.28055569529533386
17,4,128,67,0.644858717918396,0.15936748683452606
17,4,128,68,0.5424746870994568,0.2545550763607025
17,4,128,69,0.5305352210998535,0.1901995986700058
17,4,128,70,0.5108756422996521,0.16123363375663757
17,4,128,71,0.5707160234451294,0.3705570697784424
17,4,128,72,0.7886788249015808,0.1034427210688591
17,4,128,73,0.43470296263694763,0.11152734607458115
17,4,128,74,0.35345715284347534,0.09497765451669693
17,4,128,75,0.36129269003868103,0.20227432250976562
17,4,128,76,0.3965977728366852,0.08488105237483978
17,4,128,77,0.8137909173965454,0.1464015394449234
17,4,128,78,0.43517744541168213,0.10161421447992325
17,4,128,79,0.47586342692375183,0.2522971034049988
17,4,128,80,0.7692480683326721,0.14749161899089813
17,4,128,81,0.6337360143661499,0.2826378047466278
17,4,128,82,0.6552700400352478,0.1211012750864029
17,4,128,83,0.3419634699821472,0.2245911955833435
17,4,128,84,0.6615378856658936,0.20206965506076813
17,4,128,85,0.41171157360076904,0.28477171063423157
17,4,128,86,0.374533474445343,0.2337215393781662
17,4,128,87,0.6195241808891296,0.055241454392671585
17,4,128,88,0.5734878778457642,0.24722905457019806
17,4,128,89,0.6115482449531555,0.16033227741718292
17,4,128,90,0.6983629465103149,0.09428971260786057
17,4,128,91,0.799804151058197,0.14514638483524323
17,4,128,92,0.47652778029441833,0.30121973156929016
17,4,128,93,0.483682245016098,0.28453344106674194
17,4,128,94,0.5043624639511108,0.2949689030647278
17,4,128,95,0.5047739148139954,0.2637997567653656
17,4,128,96,0.41234686970710754,0.1383168250322342
17,4,128,97,0.6675571799278259,0.1343284398317337
17,4,128,98,0.7041802406311035,0.16165870428085327
17,4,128,99,0.7097883224487305,0.18035359680652618
17,4,128,100,0.546362578868866,0.11768423765897751
17,4,128,101,0.5544793009757996,0.196388378739357
17,4,128,102,0.6135596036911011,0.3158501088619232
17,4,128,103,0.42862892150878906,0.05093912407755852
17,4,128,104,0.41812217235565186,0.26082780957221985
17,4,128,105,0.3378385901451111,0.18755365908145905
17,4,128,106,0.7583795189857483,0.11381101608276367
17,4,128,107,0.42798107862472534,0.24784818291664124
17,4,128,108,0.5033549070358276,0.10543544590473175
17,4,128,109,0.6734673976898193,0.2513646185398102
17,4,128,110,0.44090649485588074,0.14914891123771667
17,4,128,111,0.5673806667327881,0.25962716341018677
17,4,128,112,0.39174389839172363,0.11016666144132614
17,4,128,113,0.7573752403259277,0.15636733174324036
17,4,128,114,0.46400609612464905,0.2758881747722626
17,4,128,115,0.6302370429039001,0.12881480157375336
17,4,128,116,0.5912746787071228,0.2159731388092041
17,4,128,117,0.5382828712463379,0.29446953535079956
17,4,128,118,0.6291552186012268,0.07508620619773865
17,4,128,119,0.4289414882659912,0.3401488661766052
17,4,128,120,0.3640665113925934,0.14530189335346222
17,4,128,121,0.5380659699440002,0.2249249666929245
17,4,128,122,0.641745924949646,0.14435029029846191
17,4,128,123,0.44611650705337524,0.12971146404743195
17,4,128,124,0.5085224509239197,0.29601380228996277
17,4,128,125,0.5713780522346497,0.24064968526363373
17,4,128,126,0.36685076355934143,0.1295665055513382
17,4,128,127,0.4758664667606354,0.04907941073179245
17,5,128,0,0.7514317035675049,0.05863942950963974
17,5,128,1,0.5638026595115662,0.08480177819728851
17,5,128,2,0.5959296822547913,0.24118724465370178
17,5,128,3,0.6618745923042297,0.27351781725883484
17,5,128,4,0.7974122762680054,0.07877212762832642
17,5,128,5,0.798812747001648,0.12131120264530182
17,5,128,6,0.7508617639541626,0.14871372282505035
17,5,128,7,0.7883391976356506,0.1389642357826233
17,5,128,8,0.713435709476471,0.10866525769233704
17,5,128,9,0.7842414975166321,0.09776393324136734
17,5,128,10,0.6487303972244263,0.2578756511211395
17,5,128,11,0.36004507541656494,0.08264338225126266
17,5,128,12,0.4352814257144928,0.06571722030639648
17,5,128,13,0.7773298621177673,0.11201175302267075
17,5,128,14,0.8244451880455017,0.11320479214191437
17,5,128,15,0.6422708034515381,0.157282754778862
17,5,128,16,0.520137369632721,0.25442221760749817
17,5,128,17,0.6946831941604614,0.2517925500869751
17,5,128,18,0.8203614950180054,0.12139345705509186
17,5,128,19,0.5884913802146912,0.05639238655567169
17,5,128,20,0.5338506698608398,0.08431001752614975
17,5,128,21,0.53106689453125,0.08837014436721802
17,5,128,22,0.5687829852104187,0.1965603530406952
17,5,128,23,0.5760986804962158,0.18093188107013702
17,5,128,24,0.5836647152900696,0.18767261505126953
17,5,128,25,0.42799705266952515,0.15415234863758087
17,5,128,26,0.5156265497207642,0.2017304003238678
17,5,128,27,0.7039055824279785,0.253273606300354
17,5,128,28,0.7230017781257629,0.16979354619979858
17,5,128,29,0.6029150485992432,0.13585373759269714
17,5,128,30,0.5420493483543396,0.11463620513677597
17,5,128,31,0.6718698143959045,0.1870904415845871
17,5,128,32,0.4226684868335724,0.2696281969547272
17,5,128,33,0.7997297644615173,0.06423351913690567
17,5,128,34,0.37251144647598267,0.2305753231048584
17,5,128,35,0.7740940451622009,0.11891356855630875
17,5,128,36,0.6994417309761047,0.11554837226867676
17,5,128,37,0.6855018734931946,0.16073094308376312
17,5,128,38,0.5463569164276123,0.08233265578746796
17,5,128,39,0.733535885810852,0.07210492342710495
17,5,128,40,0.831740140914917,0.0779494196176529
17,5,128,41,0.7149051427841187,0.13335292041301727
17,5,128,42,0.503781795501709,0.15684545040130615
17,5,128,43,0.544917106628418,0.11037289351224899
17,5,128,44,0.4496365189552307,0.2773566246032715
17,5,128,45,0.7311241626739502,0.15869009494781494
17,5,128,46,0.652306854724884,0.16382968425750732
17,5,128,47,0.4652225971221924,0.09195921570062637
17,5,128,48,0.41862252354621887,0.12904277443885803
17,5,128,49,0.543597936630249,0.2122466117143631
17,5,128,50,0.5901458859443665,0.08808155357837677
17,5,128,51,0.5628189444541931,0.3145442605018616
17,5,128,52,0.6744900345802307,0.22565479576587677
17,5,128,53,0.4579797685146332,0.09253904968500137
17,5,128,54,0.6569793820381165,0.16901123523712158
17,5,128,55,0.670282244682312,0.08938013017177582
17,5,128,56,0.6759558320045471,0.2208118885755539
17,5,128,57,0.7820180058479309,0.15038150548934937
17,5,128,58,0.7739906311035156,0.08868647366762161
17,5,128,59,0.6215763688087463,0.11296368390321732
17,5,128,60,0.755725085735321,0.14888590574264526
17,5,128,61,0.6627733707427979,0.13725389540195465
17,5,128,62,0.7591050863265991,0.12875209748744965
17,5,128,63,0.49994754791259766,0.3044705390930176
17,5,128,64,0.5657163858413696,0.1542016714811325
17,5,128,65,0.599182665348053,0.2308148443698883
17,5,128,66,0.7819424271583557,0.1670486181974411
17,5,128,67,0.6503468155860901,0.11950914561748505
17,5,128,68,0.5403557419776917,0.18638251721858978
17,5,128,69,0.42224568128585815,0.2860797047615051
17,5,128,70,0.6431915760040283,0.13314197957515717
17,5,128,71,0.5127180218696594,0.19606369733810425
17,5,128,72,0.5529859066009521,0.15743370354175568
17,5,128,73,0.6450026631355286,0.18668228387832642
17,5,128,74,0.418212890625,0.07939201593399048
17,5,128,75,0.4966050386428833,0.24760670959949493
17,5,128,76,0.4575951397418976,0.1712852269411087
17,5,128,77,0.7024278044700623,0.14399421215057373
17,5,128,78,0.7246870994567871,0.20174796879291534
17,5,128,79,0.7072102427482605,0.1362469345331192
17,5,128,80,0.7811800837516785,0.1477910280227661
17,5,128,81,0.7405807971954346,0.06399086862802505
17,5,128,82,0.5385105609893799,0.05446336418390274
17,5,128,83,0.7284441590309143,0.12308259308338165
17,5,128,84,0.8284569382667542,0.09028001874685287
17,5,128,85,0.5130868554115295,0.14408867061138153
17,5,128,86,0.4323415160179138,0.32783177495002747
17,5,128,87,0.7200990915298462,0.16213615238666534
17,5,128,88,0.676177978515625,0.26073434948921204
17,5,128,89,0.5270227193832397,0.17622606456279755
17,5,128,90,0.5349610447883606,0.16542717814445496
17,5,128,91,0.7659594416618347,0.16503949463367462
17,5,128,92,0.7602512240409851,0.08744964003562927
17,5,128,93,0.7493525147438049,0.18144798278808594
17,5,128,94,0.5286226868629456,0.10893034934997559
17,5,128,95,0.5451582670211792,0.1584096997976303
17,5,128,96,0.6745553612709045,0.16198009252548218
17,5,128,97,0.5905305743217468,0.1635279506444931
17,5,128,98,0.8333953022956848,0.10342233628034592
17,5,128,99,0.7534942030906677,0.08560457080602646
17,5,128,100,0.5946645140647888,0.2353658229112625
17,5,128,101,0.5964317917823792,0.14725251495838165
17,5,128,102,0.657478928565979,0.19648730754852295
17,5,128,103,0.5981600284576416,0.16288849711418152
17,5,128,104,0.5793498158454895,0.33370110392570496
17,5,128,105,0.7454009056091309,0.15002019703388214
17,5,128,106,0.7469034194946289,0.17036134004592896
17,5,128,107,0.44913792610168457,0.15868335962295532
17,5,128,108,0.6639542579650879,0.14482399821281433
17,5,128,109,0.6488854289054871,0.15390536189079285
17,5,128,110,0.4827124774456024,0.04264640063047409
17,5,128,111,0.7133152484893799,0.21442031860351562
17,5,128,112,0.5572277903556824,0.06340062618255615
17,5,128,113,0.7431439161300659,0.14586201310157776
17,5,128,114,0.5674214363098145,0.15243934094905853
17,5,128,115,0.6166956424713135,0.20700685679912567
17,5,128,116,0.6263551115989685,0.09521365165710449
17,5,128,117,0.6016795039176941,0.3118160367012024
17,5,128,118,0.580793023109436,0.04839307442307472
17,5,128,119,0.6659522652626038,0.08574407547712326
17,5,128,120,0.5489816069602966,0.10806114971637726
17,5,128,121,0.5106311440467834,0.2235756516456604
17,5,128,122,0.6776432394981384,0.20003843307495117
17,5,128,123,0.5950786471366882,0.10244835168123245
17,5,128,124,0.4367094039916992,0.26921990513801575
17,5,128,125,0.4818269908428192,0.1290457397699356
17,5,128,126,0.5297649502754211,0.08583003282546997
17,5,128,127,0.489452987909317,0.21859440207481384
18,0,32,0,0.41605472564697266,0.07830148190259933
18,0,32,1,0.4905376434326172,0.13836190104484558
18,0,32,2,0.4633364677429199,0.08527830988168716
18,0,32,3,0.4342772364616394,0.08978517353534698
18,0,32,4,0.5784288644790649,0.05663468316197395
18,0,32,5,0.452259361743927,0.11885394901037216
18,0,32,6,0.5585938692092896,0.034504834562540054
18,0,32,7,0.6187564134597778,0.1239347904920578
18,0,32,8,0.4480438232421875,0.09046521782875061
18,0,32,9,0.6873295903205872,0.06759476661682129
18,0,32,10,0.4548380374908447,0.15692631900310516
18,0,32,11,0.48584866523742676,0.07073741406202316
18,0,32,12,0.3820667266845703,0.13067883253097534
18,0,32,13,0.5732356905937195,0.11358946561813354
18,0,32,14,0.6137553453445435,0.07890919595956802
18,0,32,15,0.44531765580177307,0.0820092111825943
18,0,32,16,0.4984126687049866,0.0598156563937664
18,0,32,17,0.3920060992240906,0.10651819407939911
18,0,32,18,0.5180696249008179,0.07433716207742691
18,0,32,19,0.5331291556358337,0.12406386435031891
18,0,32,20,0.5498126149177551,0.1022406667470932
18,0,32,21,0.5566062927246094,0.1172638013958931
18,0,32,22,0.5980268120765686,0.08363347500562668
18,0,32,23,0.35542696714401245,0.07902392745018005
18,0,32,24,0.530493974685669,0.09507254511117935
18,0,32,25,0.35925015807151794,0.09240696579217911
18,0,32,26,0.5154176950454712,0.09705526381731033
18,0,32,27,0.4210291802883148,0.11846598237752914
18,0,32,28,0.4512387812137604,0.05584205687046051
18,0,32,29,0.5303592681884766,0.056277062743902206
18,0,32,30,0.39956134557724,0.07820858061313629
18,0,32,31,0.4540780484676361,0.07327006012201309
18,1,32,0,0.5952671766281128,0.05588553845882416
18,1,32,1,0.5026524662971497,0.057933259755373
18,1,32,2,0.45924264192581177,0.05644441768527031
18,1,32,3,0.4685162901878357,0.09209392219781876
18,1,32,4,0.4320608079433441,0.04726879298686981
18,1,32,5,0.5308957695960999,0.062342047691345215
18,1,32,6,0.5608596205711365,0.03368504345417023
18,1,32,7,0.6059771180152893,0.015975622460246086
18,1,32,8,0.4419901371002197,0.04587225988507271
18,1,32,9,0.5497812032699585,0.040483709424734116
18,1,32,10,0.5399430394172668,0.06938141584396362
18,1,32,11,0.6311131119728088,0.020516786724328995
18,1,32,12,0.4664711356163025,0.11335021257400513
18,1,32,13,0.6276137232780457,0.04539962112903595
18,1,32,14,0.6238765716552734,0.059914302080869675
18,1,32,15,0.5512979030609131,0.08811628818511963
18,1,32,16,0.4613790512084961,0.02703114040195942
18,1,32,17,0.4657115936279297,0.08115971833467484
18,1,32,18,0.5541779398918152,0.07296596467494965
18,1,32,19,0.6039266586303711,0.04044423997402191
18,1,32,20,0.5836821794509888,0.10798271000385284
18,1,32,21,0.5982361435890198,0.08956693857908249
18,1,32,22,0.485546737909317,0.06276047229766846
18,1,32,23,0.5997759699821472,0.03825332224369049
18,1,32,24,0.44480007886886597,0.05603146553039551
18,1,32,25,0.508967936038971,0.03138912841677666
18,1,32,26,0.4802950322628021,0.04706820473074913
18,1,32,27,0.5739232897758484,0.07152107357978821
18,1,32,28,0.5237008333206177,0.029348207637667656
18,1,32,29,0.491089403629303,0.06120269000530243
18,1,32,30,0.47590094804763794,0.027710257098078728
18,1,32,31,0.5721582770347595,0.04295682907104492
18,2,64,0,0.42681223154067993,0.16258157789707184
18,2,64,1,0.4804808497428894,0.11642396450042725
18,2,64,2,0.5091590881347656,0.17022572457790375
18,2,64,3,0.42835551500320435,0.1446772813796997
18,2,64,4,0.48148012161254883,0.11698943376541138
18,2,64,5,0.3867778778076172,0.09009652584791183
18,2,64,6,0.6060866117477417,0.10315624624490738
18,2,64,7,0.46510258316993713,0.16770054399967194
18,2,64,8,0.3761802911758423,0.1450285166501999
18,2,64,9,0.5904191136360168,0.1605760008096695
18,2,64,10,0.4395335614681244,0.12800058722496033
18,2,64,11,0.5053826570510864,0.11866109073162079
18,2,64,12,0.4977838397026062,0.237603098154068
18,2,64,13,0.514009952545166,0.04301907494664192
18,2,64,14,0.570921778678894,0.14124135673046112
18,2,64,15,0.49618881940841675,0.12924455106258392
18,2,64,16,0.5367090106010437,0.163766011595726
18,2,64,17,0.6259361505508423,0.21160927414894104
18,2,64,18,0.5557546615600586,0.12395551055669785
18,2,64,19,0.37868204712867737,0.11366413533687592
18,2,64,20,0.6614777445793152,0.1451244205236435
18,2,64,21,0.5182219743728638,0.28955817222595215
18,2,64,22,0.526903510093689,0.11709225177764893
18,2,64,23,0.5494899749755859,0.2231113612651825
18,2,64,24,0.5927157402038574,0.2554069459438324
18,2,64,25,0.4065590798854828,0.13434883952140808
18,2,64,26,0.6620897054672241,0.15982256829738617
18,2,64,27,0.38993629813194275,0.11323609948158264
18,2,64,28,0.5332766175270081,0.19537027180194855
18,2,64,29,0.6114180088043213,0.1383969634771347
18,2,64,30,0.5761681795120239,0.08018588274717331
18,2,64,31,0.6217338442802429,0.18705900013446808
18,2,64,32,0.469491183757782,0.04821191355586052
18,2,64,33,0.48072975873947144,0.17155875265598297
18,2,64,34,0.4768136143684387,0.14777593314647675
18,2,64,35,0.49054521322250366,0.0395352877676487
18,2,64,36,0.5606398582458496,0.15742161870002747
18,2,64,37,0.47396454215049744,0.19281236827373505
18,2,64,38,0.585696816444397,0.15151317417621613
18,2,64,39,0.5237820744514465,0.10425082594156265
18,2,64,40,0.4126327633857727,0.10420950502157211
18,2,64,41,0.3099434971809387,0.1504824459552765
18,2,64,42,0.4279317855834961,0.08541906625032425
18,2,64,43,0.5495303273200989,0.14742353558540344
18,2,64,44,0.5403727293014526,0.17069295048713684
18,2,64,45,0.5300471186637878,0.12113650143146515
18,2,64,46,0.3637576699256897,0.15815097093582153
18,2,64,47,0.5692024230957031,0.13731160759925842
18,2,64,48,0.4722177982330322,0.1470823884010315
18,2,64,49,0.45061254501342773,0.2543441951274872
18,2,64,50,0.5082712769508362,0.1602165699005127
18,2,64,51,0.5297735333442688,0.21645726263523102
18,2,64,52,0.49728769063949585,0.22693608701229095
18,2,64,53,0.27974772453308105,0.13169904053211212
18,2,64,54,0.5554800033569336,0.1484232097864151
18,2,64,55,0.6135841608047485,0.21385261416435242
18,2,64,56,0.5046344995498657,0.18344688415527344
18,2,64,57,0.5654808878898621,0.06045929342508316
18,2,64,58,0.6155197620391846,0.09277324378490448
18,2,64,59,0.5120731592178345,0.12057403475046158
18,2,64,60,0.3941872715950012,0.15845893323421478
18,2,64,61,0.4760109484195709,0.17594578862190247
18,2,64,62,0.5017144680023193,0.16418513655662537
18,2,64,63,0.4651423394680023,0.11218787729740143
18,3,64,0,0.5047658085823059,0.1223982647061348
18,3,64,1,0.6175376772880554,0.12248007953166962
18,3,64,2,0.5945396423339844,0.1158202588558197
18,3,64,3,0.4776644706726074,0.09078476577997208
18,3,64,4,0.4327867031097412,0.08478172868490219
18,3,64,5,0.5132373571395874,0.18545031547546387
18,3,64,6,0.624320387840271,0.05451640486717224
18,3,64,7,0.5199534296989441,0.09863212704658508
18,3,64,8,0.37374046444892883,0.20284728705883026
18,3,64,9,0.45724543929100037,0.1472047120332718
18,3,64,10,0.5263214707374573,0.07034622132778168
18,3,64,11,0.3538176417350769,0.1964850127696991
18,3,64,12,0.5671870112419128,0.18418194353580475
18,3,64,13,0.5043149590492249,0.044653553515672684
18,3,64,14,0.4437224864959717,0.1409154087305069
18,3,64,15,0.5208987593650818,0.22936581075191498
18,3,64,16,0.4748374819755554,0.22297021746635437
18,3,64,17,0.5463353395462036,0.16962605714797974
18,3,64,18,0.4640255868434906,0.14848339557647705
18,3,64,19,0.6174815893173218,0.10096912831068039
18,3,64,20,0.4895996153354645,0.08879340440034866
18,3,64,21,0.5345485806465149,0.1127588301897049
18,3,64,22,0.5069321393966675,0.1347590535879135
18,3,64,23,0.4872207045555115,0.15451185405254364
18,3,64,24,0.5620346665382385,0.20609264075756073
18,3,64,25,0.48955297470092773,0.18036814033985138
18,3,64,26,0.6429681777954102,0.16558556258678436
18,3,64,27,0.5281151533126831,0.12784959375858307
18,3,64,28,0.41490983963012695,0.13469535112380981
18,3,64,29,0.46641093492507935,0.11186736822128296
18,3,64,30,0.5952781438827515,0.06430742144584656
18,3,64,31,0.45279693603515625,0.20408324897289276
18,3,64,32,0.3923204839229584,0.07926219701766968
18,3,64,33,0.5359272360801697,0.12329743057489395
18,3,64,34,0.4655519425868988,0.11328352987766266
18,3,64,35,0.36822035908699036,0.15694795548915863
18,3,64,36,0.533350944519043,0.1748349815607071
18,3,64,37,0.6182604432106018,0.0724983811378479
18,3,64,38,0.5886396765708923,0.1272471845149994
18,3,64,39,0.5161644220352173,0.22248096764087677
18,3,64,40,0.46882566809654236,0.09015008807182312
18,3,64,41,0.4355696737766266,0.1397208273410797
18,3,64,42,0.35799118876457214,0.08893062174320221
18,3,64,43,0.4989764094352722,0.12287355959415436
18,3,64,44,0.5367811322212219,0.08459529280662537
18,3,64,45,0.5317980647087097,0.20609992742538452
18,3,64,46,0.5655500888824463,0.20877806842327118
18,3,64,47,0.4074866771697998,0.10453131794929504
18,3,64,48,0.6141668558120728,0.22384989261627197
18,3,64,49,0.4195300042629242,0.18819308280944824
18,3,64,50,0.598839282989502,0.1793108433485031
18,3,64,51,0.5463771224021912,0.23685775697231293
18,3,64,52,0.36556288599967957,0.1800239384174347
18,3,64,53,0.4785420298576355,0.15640553832054138
18,3,64,54,0.4149174690246582,0.07742372900247574
18,3,64,55,0.5908128023147583,0.19264371693134308
18,3,64,56,0.5058411955833435,0.15460647642612457
18,3,64,57,0.6285139322280884,0.1376287341117859
18,3,64,58,0.5697637796401978,0.1042327955365181
18,3,64,59,0.5805090665817261,0.16222095489501953
18,3,64,60,0.6845129132270813,0.08221989125013351
18,3,64,61,0.4338606297969818,0.162690669298172
18,3,64,62,0.5651902556419373,0.14678238332271576
18,3,64,63,0.35493916273117065,0.14129331707954407
18,4,128,0,0.5331975817680359,0.2502802014350891
18,4,128,1,0.47703343629837036,0.2658636271953583
18,4,128,2,0.3829367756843567,0.34344446659088135
18,4,128,3,0.39776867628097534,0.08482536673545837
18,4,128,4,0.5694447159767151,0.08728834986686707
18,4,128,5,0.40473437309265137,0.25130268931388855
18,4,128,6,0.6362859010696411,0.20666682720184326
18,4,128,7,0.6708412170410156,0.12301607429981232
18,4,128,8,0.294350802898407,0.19504889845848083
18,4,128,9,0.3933936655521393,0.10624285787343979
18,4,128,10,0.5675653219223022,0.2276715636253357
18,4,128,11,0.5003246068954468,0.10649366676807404
18,4,128,12,0.6315832734107971,0.14421607553958893
18,4,128,13,0.48196759819984436,0.1289299577474594
18,4,128,14,0.6108660697937012,0.34599778056144714
18,4,128,15,0.6308543682098389,0.27396702766418457
18,4,128,16,0.5500672459602356,0.193876251578331
18,4,128,17,0.471961110830307,0.23987075686454773
18,4,128,18,0.6717939376831055,0.23023231327533722
18,4,128,19,0.5307344794273376,0.20057740807533264
18,4,128,20,0.5747683644294739,0.15506650507450104
18,4,128,21,0.6876691579818726,0.09392930567264557
18,4,128,22,0.39809709787368774,0.14899973571300507
18,4,128,23,0.69502854347229,0.23786231875419617
18,4,128,24,0.7808477282524109,0.12128105014562607
18,4,128,25,0.6570389866828918,0.25521618127822876
18,4,128,26,0.41538190841674805,0.11911224573850632
18,4,128,27,0.537905752658844,0.06448747217655182
18,4,128,28,0.46956825256347656,0.179757758975029
18,4,128,29,0.6855399012565613,0.09474582970142365
18,4,128,30,0.3418239653110504,0.09371081739664078
18,4,128,31,0.7954079508781433,0.1278277486562729
18,4,128,32,0.45354217290878296,0.2347601354122162
18,4,128,33,0.5072487592697144,0.21521463990211487
18,4,128,34,0.40952688455581665,0.2744876444339752
18,4,128,35,0.6632765531539917,0.2895214557647705
18,4,128,36,0.68450528383255,0.23823583126068115
18,4,128,37,0.4154753088951111,0.3425442576408386
18,4,128,38,0.3458383083343506,0.11970844864845276
18,4,128,39,0.5168577432632446,0.05934999883174896
18,4,128,40,0.7424379587173462,0.10997650027275085
18,4,128,41,0.5794184803962708,0.285810261964798
18,4,128,42,0.6067689657211304,0.20836324989795685
18,4,128,43,0.632625937461853,0.3524155020713806
18,4,128,44,0.789779543876648,0.12345066666603088
18,4,128,45,0.438107430934906,0.28506290912628174
18,4,128,46,0.7142904996871948,0.14809145033359528
18,4,128,47,0.5579073429107666,0.15025091171264648
18,4,128,48,0.5350630879402161,0.25931403040885925
18,4,128,49,0.3435854911804199,0.20410385727882385
18,4,128,50,0.4403461515903473,0.1526186168193817
18,4,128,51,0.7123061418533325,0.2995646297931671
18,4,128,52,0.4888838827610016,0.12654131650924683
18,4,128,53,0.4077123999595642,0.33870604634284973
18,4,128,54,0.6720159649848938,0.3363618552684784
18,4,128,55,0.6844936013221741,0.27685245871543884
18,4,128,56,0.4140913486480713,0.07238463312387466
18,4,128,57,0.4757381081581116,0.14211596548557281
18,4,128,58,0.46770572662353516,0.2646894156932831
18,4,128,59,0.639488935470581,0.16866880655288696
18,4,128,60,0.6618198752403259,0.05846472457051277
18,4,128,61,0.5446642637252808,0.31375500559806824
18,4,128,62,0.3726441264152527,0.2661094665527344
18,4,128,63,0.7696205973625183,0.08088914304971695
18,4,128,64,0.6545196771621704,0.26621633768081665
18,4,128,65,0.5314825773239136,0.20677785575389862
18,4,128,66,0.42123645544052124,0.23735898733139038
18,4,128,67,0.352977991104126,0.06650867313146591
18,4,128,68,0.6127948760986328,0.16886518895626068
18,4,128,69,0.7165052890777588,0.2507132291793823
18,4,128,70,0.717911958694458,0.08828435093164444
18,4,128,71,0.32657110691070557,0.15266062319278717
18,4,128,72,0.6716430187225342,0.24073439836502075
18,4,128,73,0.6540540456771851,0.17752182483673096
18,4,128,74,0.7212764620780945,0.2232149839401245
18,4,128,75,0.7385390400886536,0.23394350707530975
18,4,128,76,0.4521028399467468,0.21784527599811554
18,4,128,77,0.33956363797187805,0.20679804682731628
18,4,128,78,0.690149188041687,0.08177646994590759
18,4,128,79,0.5749339461326599,0.2210787683725357
18,4,128,80,0.8109517097473145,0.1045173779129982
18,4,128,81,0.5164362192153931,0.2433623969554901
18,4,128,82,0.250875324010849,0.11371004581451416
18,4,128,83,0.25919121503829956,0.21310415863990784
18,4,128,84,0.44961580634117126,0.12270846217870712
18,4,128,85,0.7018592953681946,0.09039294719696045
18,4,128,86,0.46906518936157227,0.07645617425441742
18,4,128,87,0.4209110736846924,0.32131603360176086
18,4,128,88,0.4117528796195984,0.23089256882667542
18,4,128,89,0.5694379806518555,0.221014142036438
18,4,128,90,0.46159854531288147,0.24545161426067352
18,4,128,91,0.7067123055458069,0.08939434587955475
18,4,128,92,0.6787497401237488,0.1308351457118988
18,4,128,93,0.6313896179199219,0.21353578567504883
18,4,128,94,0.42011475563049316,0.12066449970006943
18,4,128,95,0.742289662361145,0.08208531886339188
18,4,128,96,0.47624701261520386,0.19272440671920776
18,4,128,97,0.6305829882621765,0.10862631350755692
18,4,128,98,0.805526614189148,0.08908534049987793
18,4,128,99,0.7100895643234253,0.2227853685617447
18,4,128,100,0.7183125019073486,0.2532377243041992
18,4,128,101,0.48940810561180115,0.15713070333003998
18,4,128,102,0.639934241771698,0.3633311092853546
18,4,128,103,0.45639950037002563,0.15403643250465393
18,4,128,104,0.694952666759491,0.27064600586891174
18,4,128,105,0.5074678063392639,0.2740844786167145
18,4,128,106,0.4689105451107025,0.2022259533405304
18,4,128,107,0.6607598662376404,0.23209890723228455
18,4,128,108,0.4716694951057434,0.23034891486167908
18,4,128,109,0.5378111600875854,0.2491653710603714
18,4,128,110,0.560936450958252,0.28759169578552246
18,4,128,111,0.723141610622406,0.1724739670753479
18,4,128,112,0.4729282855987549,0.14637047052383423
18,4,128,113,0.33942803740501404,0.07168848067522049
18,4,128,114,0.6134977340698242,0.0538637600839138
18,4,128,115,0.583514392375946,0.22351010143756866
18,4,128,116,0.7542288899421692,0.16499494016170502
18,4,128,117,0.7443596124649048,0.13309070467948914
18,4,128,118,0.4434244632720947,0.17364051938056946
18,4,128,119,0.6777862310409546,0.24465739727020264
18,4,128,120,0.7804204225540161,0.16530510783195496
18,4,128,121,0.5626455545425415,0.34499913454055786
18,4,128,122,0.40591081976890564,0.22149619460105896
18,4,128,123,0.5113178491592407,0.20345008373260498
18,4,128,124,0.3576837182044983,0.1186082661151886
18,4,128,125,0.7064481377601624,0.2274259328842163
18,4,128,126,0.37617188692092896,0.12666788697242737
18,4,128,127,0.6358139514923096,0.3979686498641968
18,5,128,0,0.3819967806339264,0.17138329148292542
18,5,128,1,0.5858887434005737,0.08729197829961777
18,5,128,2,0.7577520608901978,0.09684678912162781
18,5,128,3,0.5335164070129395,0.1330714225769043
18,5,128,4,0.4776620864868164,0.1304481476545334
18,5,128,5,0.6225601434707642,0.1726970374584198
18,5,128,6,0.8100864291191101,0.18114802241325378
18,5,128,7,0.7064658403396606,0.22479018568992615
18,5,128,8,0.7605756521224976,0.20290738344192505
18,5,128,9,0.5590023994445801,0.0342085100710392
18,5,128,10,0.7058528661727905,0.20824310183525085
18,5,128,11,0.7261717319488525,0.22725656628608704
18,5,128,12,0.701194167137146,0.25083786249160767
18,5,128,13,0.28353938460350037,0.08590992540121078
18,5,128,14,0.7759515047073364,0.11448720097541809
18,5,128,15,0.8240088224411011,0.1875874102115631
18,5,128,16,0.7410590648651123,0.2157091349363327
18,5,128,17,0.7847602367401123,0.14607800543308258
18,5,128,18,0.6623131632804871,0.12559320032596588
18,5,128,19,0.6296569108963013,0.14320328831672668
18,5,128,20,0.6675025224685669,0.1395353078842163
18,5,128,21,0.603254497051239,0.059975843876600266
18,5,128,22,0.6041961908340454,0.12685626745224
18,5,128,23,0.6808708906173706,0.12565495073795319
18,5,128,24,0.7512519955635071,0.14375105500221252
18,5,128,25,0.8136329650878906,0.1421734243631363
18,5,128,26,0.32051733136177063,0.16897083818912506
18,5,128,27,0.59996497631073,0.20147225260734558
18,5,128,28,0.7012670636177063,0.22184546291828156
18,5,128,29,0.6115816831588745,0.12706877291202545
18,5,128,30,0.346403568983078,0.13002759218215942
18,5,128,31,0.7422940731048584,0.1490817815065384
18,5,128,32,0.7603796124458313,0.22583411633968353
18,5,128,33,0.2981513440608978,0.21791869401931763
18,5,128,34,0.5107943415641785,0.020779216662049294
18,5,128,35,0.8089849352836609,0.1683783233165741
18,5,128,36,0.7420893907546997,0.14454151690006256
18,5,128,37,0.3683899939060211,0.08131852746009827
18,5,128,38,0.2969457805156708,0.1390325278043747
18,5,128,39,0.7407462000846863,0.19422033429145813
18,5,128,40,0.8118000030517578,0.1514960527420044
18,5,128,41,0.513090968132019,0.10062415152788162
18,5,128,42,0.5196434855461121,0.05011895298957825
18,5,128,43,0.5991381406784058,0.21780598163604736
18,5,128,44,0.243724063038826,0.15022645890712738
18,5,128,45,0.7388656735420227,0.09682927280664444
18,5,128,46,0.7100014686584473,0.29277175664901733
18,5,128,47,0.7457082867622375,0.19977301359176636
18,5,128,48,0.6382360458374023,0.12629906833171844
18,5,128,49,0.43032798171043396,0.11693663895130157
18,5,128,50,0.5383652448654175,0.18149816989898682
18,5,128,51,0.8268941640853882,0.13788583874702454
18,5,128,52,0.5496721267700195,0.12354109436273575
18,5,128,53,0.8079843521118164,0.1664605587720871
18,5,128,54,0.777009129524231,0.18024806678295135
18,5,128,55,0.7317318916320801,0.22680935263633728
18,5,128,56,0.4452536702156067,0.20742546021938324
18,5,128,57,0.4746316969394684,0.054042667150497437
18,5,128,58,0.7411362528800964,0.22772222757339478
18,5,128,59,0.6663845777511597,0.1659584641456604
18,5,128,60,0.7797204256057739,0.1520216017961502
18,5,128,61,0.7459224462509155,0.2150750309228897
18,5,128,62,0.6289561986923218,0.12237777560949326
18,5,128,63,0.643784761428833,0.18983665108680725
18,5,128,64,0.7611181139945984,0.1557662934064865
18,5,128,65,0.26271411776542664,0.19301681220531464
18,5,128,66,0.3727954924106598,0.25895753502845764
18,5,128,67,0.5880861878395081,0.2595556676387787
18,5,128,68,0.2386052906513214,0.13478565216064453
18,5,128,69,0.3138430714607239,0.21544192731380463
18,5,128,70,0.6855760812759399,0.3143966794013977
18,5,128,71,0.43090105056762695,0.09696027636528015
18,5,128,72,0.7706955671310425,0.1992892026901245
18,5,128,73,0.7103365659713745,0.22382166981697083
18,5,128,74,0.8101204633712769,0.17430846393108368
18,5,128,75,0.7607459425926208,0.1542021781206131
18,5,128,76,0.7116392850875854,0.11574307829141617
18,5,128,77,0.6181784868240356,0.13199597597122192
18,5,128,78,0.7491196393966675,0.1510627120733261
18,5,128,79,0.6517979502677917,0.22428305447101593
18,5,128,80,0.7996052503585815,0.14483261108398438
18,5,128,81,0.6912046074867249,0.2647112011909485
18,5,128,82,0.7609589099884033,0.11047054827213287
18,5,128,83,0.2932024598121643,0.11716016381978989
18,5,128,84,0.7011388540267944,0.2065514326095581
18,5,128,85,0.8005431890487671,0.17040207982063293
18,5,128,86,0.6715050339698792,0.16664168238639832
18,5,128,87,0.6256140470504761,0.06693388521671295
18,5,128,88,0.7358515858650208,0.15533101558685303
18,5,128,89,0.6436822414398193,0.11915501207113266
18,5,128,90,0.534327507019043,0.08442326635122299
18,5,128,91,0.7003239989280701,0.2128620147705078
18,5,128,92,0.6094782948493958,0.23979872465133667
18,5,128,93,0.437324583530426,0.0659806951880455
18,5,128,94,0.7483180165290833,0.1488524079322815
18,5,128,95,0.8273590207099915,0.16865450143814087
18,5,128,96,0.5820552110671997,0.2689943313598633
18,5,128,97,0.6791350841522217,0.08982241153717041
18,5,128,98,0.7359338998794556,0.13828851282596588
18,5,128,99,0.7206149697303772,0.23043248057365417
18,5,128,100,0.8020462989807129,0.19835123419761658
18,5,128,101,0.6077291369438171,0.08398065716028214
18,5,128,102,0.7781697511672974,0.160356342792511
18,5,128,103,0.31269127130508423,0.13940268754959106
18,5,128,104,0.29677438735961914,0.13207344710826874
18,5,128,105,0.7875486016273499,0.15737855434417725
18,5,128,106,0.7966185808181763,0.17510388791561127
18,5,128,107,0.6929640769958496,0.28503966331481934
18,5,128,108,0.794263482093811,0.16243478655815125
18,5,128,109,0.8124588131904602,0.1532168984413147
18,5,128,110,0.4854125380516052,0.1801515519618988
18,5,128,111,0.6970995664596558,0.2578922212123871
18,5,128,112,0.4285474717617035,0.14322635531425476
18,5,128,113,0.5006341338157654,0.04755408689379692
18,5,128,114,0.7761128544807434,0.12883736193180084
18,5,128,115,0.7380704283714294,0.2581157386302948
18,5,128,116,0.6486935615539551,0.08891569077968597
18,5,128,117,0.7260053157806396,0.15759459137916565
18,5,128,118,0.6118704676628113,0.22361542284488678
18,5,128,119,0.5824263095855713,0.16398681700229645
18,5,128,120,0.7630939483642578,0.21300934255123138
18,5,128,121,0.6623408198356628,0.11783520877361298
18,5,128,122,0.34844958782196045,0.2709721028804779
18,5,128,123,0.25825709104537964,0.12918967008590698
18,5,128,124,0.552935004234314,0.1492898315191269
18,5,128,125,0.6975950002670288,0.17207957804203033
18,5,128,126,0.6646438241004944,0.17805133759975433
18,5,128,127,0.6834357380867004,0.11550331115722656
19,0,32,0,0.44698673486709595,0.07250440865755081
19,0,32,1,0.4951329529285431,0.0860147476196289
19,0,32,2,0.4200824797153473,0.07980485260486603
19,0,32,3,0.5638697147369385,0.08429514616727829
19,0,32,4,0.5181514620780945,0.12992987036705017
19,0,32,5,0.4206026792526245,0.04278082400560379
19,0,32,6,0.3394624590873718,0.09429782629013062
19,0,32,7,0.5277231335639954,0.09310442209243774
19,0,32,8,0.53006511926651,0.11925192922353745
19,0,32,9,0.47505396604537964,0.14134998619556427
19,0,32,10,0.5476883053779602,0.06694845855236053
19,0,32,11,0.49747318029403687,0.05875395983457565
19,0,32,12,0.5385274291038513,0.08936907351016998
19,0,32,13,0.481723815202713,0.08756236732006073
19,0,32,14,0.3597135841846466,0.07806935161352158
19,0,32,15,0.6706721782684326,0.08298201858997345
19,0,32,16,0.4131942689418793,0.11061172932386398
19,0,32,17,0.4647340476512909,0.06754941493272781
19,0,32,18,0.36821624636650085,0.06720700860023499
19,0,32,19,0.6244325637817383,0.10391538590192795
19,0,32,20,0.6332693099975586,0.05879225954413414
19,0,32,21,0.4918122887611389,0.12732699513435364
19,0,32,22,0.5014810562133789,0.08438998460769653
19,0,32,23,0.4489761292934418,0.07609973102807999
19,0,32,24,0.42487579584121704,0.1090598776936531
19,0,32,25,0.48107120394706726,0.09607256203889847
19,0,32,26,0.4832015335559845,0.042462464421987534
19,0,32,27,0.5986747741699219,0.08017803728580475
19,0,32,28,0.42631521821022034,0.08927307277917862
19,0,32,29,0.460623174905777,0.03545457124710083
19,0,32,30,0.5286216735839844,0.04998979717493057
19,0,32,31,0.38240548968315125,0.07360900938510895
19,1,32,0,0.6016762852668762,0.1163358986377716
19,1,32,1,0.3474506437778473,0.11596249788999557
19,1,32,2,0.47243744134902954,0.11605639010667801
19,1,32,3,0.7399961948394775,0.06182919070124626
19,1,32,4,0.3907434344291687,0.1403672695159912
19,1,32,5,0.5967506170272827,0.12397751212120056
19,1,32,6,0.5530441403388977,0.0640101283788681
19,1,32,7,0.4718128740787506,0.16166386008262634
19,1,32,8,0.43032288551330566,0.12775366008281708
19,1,32,9,0.4833697974681854,0.17312273383140564
19,1,32,10,0.47720879316329956,0.019238630309700966
19,1,32,11,0.5553715229034424,0.09994035214185715
19,1,32,12,0.4563135802745819,0.15522299706935883
19,1,32,13,0.5769829154014587,0.16821043193340302
19,1,32,14,0.4281598627567291,0.024117954075336456
19,1,32,15,0.5495232939720154,0.1714494377374649
19,1,32,16,0.6514695286750793,0.12320438027381897
19,1,32,17,0.6508801579475403,0.1299067586660385
19,1,32,18,0.5523929595947266,0.08122418075799942
19,1,32,19,0.4330308735370636,0.13663701713085175
19,1,32,20,0.5892340540885925,0.038903702050447464
19,1,32,21,0.5768442153930664,0.07796993851661682
19,1,32,22,0.532441258430481,0.15098127722740173
19,1,32,23,0.5178617238998413,0.17612650990486145
19,1,32,24,0.5634862780570984,0.05506456643342972
19,1,32,25,0.4898483157157898,0.12784017622470856
19,1,32,26,0.6042344570159912,0.04213619604706764
19,1,32,27,0.48932361602783203,0.17407751083374023
19,1,32,28,0.4872684180736542,0.050454482436180115
19,1,32,29,0.49054309725761414,0.043122854083776474
19,1,32,30,0.359223872423172,0.0755574107170105
19,1,32,31,0.6615521311759949,0.07886163890361786
19,2,64,0,0.5563704371452332,0.18916530907154083
19,2,64,1,0.5205032229423523,0.20003703236579895
19,2,64,2,0.4955221712589264,0.1598213016986847
19,2,64,3,0.542766809463501,0.1591198593378067
19,2,64,4,0.43335509300231934,0.09310323745012283
19,2,64,5,0.5013158917427063,0.14282599091529846
19,2,64,6,0.3123263120651245,0.09511636197566986
19,2,64,7,0.5039300918579102,0.14313389360904694
19,2,64,8,0.655536413192749,0.07651958614587784
19,2,64,9,0.33213573694229126,0.15614452958106995
19,2,64,10,0.6752459406852722,0.20449873805046082
19,2,64,11,0.4276359975337982,0.2194918543100357
19,2,64,12,0.5534365773200989,0.14360354840755463
19,2,64,13,0.47073355317115784,0.18576161563396454
19,2,64,14,0.6143800616264343,0.16373339295387268
19,2,64,15,0.4263456463813782,0.11322932690382004
19,2,64,16,0.538922905921936,0.13801585137844086
19,2,64,17,0.5210458636283875,0.09294793009757996
19,2,64,18,0.47854435443878174,0.1580706089735031
19,2,64,19,0.5018183588981628,0.20951363444328308
19,2,64,20,0.3826299011707306,0.14084744453430176
19,2,64,21,0.5747885704040527,0.23243297636508942
19,2,64,22,0.5271093249320984,0.14824219048023224
19,2,64,23,0.5142244100570679,0.12003955990076065
19,2,64,24,0.6235814690589905,0.18857447803020477
19,2,64,25,0.5646604299545288,0.13115334510803223
19,2,64,26,0.5230371356010437,0.1740395724773407
19,2,64,27,0.5308273434638977,0.19673556089401245
19,2,64,28,0.2608688175678253,0.10878986120223999
19,2,64,29,0.4502295255661011,0.23366083204746246
19,2,64,30,0.3394113779067993,0.0838077962398529
19,2,64,31,0.7237789034843445,0.09417238086462021
19,2,64,32,0.6303710341453552,0.1220083087682724
19,2,64,33,0.3704758882522583,0.05871550738811493
19,2,64,34,0.5366232395172119,0.22478999197483063
19,2,64,35,0.5716891884803772,0.22171702980995178
19,2,64,36,0.6843250393867493,0.09462065249681473
19,2,64,37,0.4851122796535492,0.1287878453731537
19,2,64,38,0.455803781747818,0.2036820948123932
19,2,64,39,0.4182375371456146,0.1744021326303482
19,2,64,40,0.5346128940582275,0.1526653915643692
19,2,64,41,0.47321775555610657,0.19501598179340363
19,2,64,42,0.3767762780189514,0.10875467956066132
19,2,64,43,0.5080990791320801,0.15724962949752808
19,2,64,44,0.760945737361908,0.07648390531539917
19,2,64,45,0.42682158946990967,0.19966743886470795
19,2,64,46,0.5256137251853943,0.18902574479579926
19,2,64,47,0.33725735545158386,0.13460832834243774
19,2,64,48,0.6426899433135986,0.2115800827741623
19,2,64,49,0.4522407650947571,0.11195769906044006
19,2,64,50,0.4867638647556305,0.17180046439170837
19,2,64,51,0.4251754879951477,0.13969473540782928
19,2,64,52,0.5279155373573303,0.207244411110878
19,2,64,53,0.4867190420627594,0.18479765951633453
19,2,64,54,0.36187803745269775,0.1873285472393036
19,2,64,55,0.599722146987915,0.12663398683071136
19,2,64,56,0.46434855461120605,0.19220870733261108
19,2,64,57,0.46094217896461487,0.11757427453994751
19,2,64,58,0.5216757655143738,0.18569956719875336
19,2,64,59,0.49078992009162903,0.19848063588142395
19,2,64,60,0.6719151735305786,0.17911840975284576
19,2,64,61,0.43990176916122437,0.2164415568113327
19,2,64,62,0.5681567192077637,0.13695666193962097
19,2,64,63,0.40955859422683716,0.13914552330970764
19,3,64,0,0.32901307940483093,0.14841397106647491
19,3,64,1,0.44161322712898254,0.1550872027873993
19,3,64,2,0.5166987180709839,0.07348310202360153
19,3,64,3,0.4717181622982025,0.07236602902412415
19,3,64,4,0.5449959635734558,0.0939725711941719
19,3,64,5,0.4835861325263977,0.06812950223684311
19,3,64,6,0.4697986841201782,0.2458719164133072
19,3,64,7,0.537912905216217,0.09261494874954224
19,3,64,8,0.5228651165962219,0.08353932201862335
19,3,64,9,0.4511745274066925,0.13708066940307617
19,3,64,10,0.4083777368068695,0.3037118911743164
19,3,64,11,0.4643417298793793,0.23555628955364227
19,3,64,12,0.5226506590843201,0.25765737891197205
19,3,64,13,0.5568719506263733,0.1256857067346573
19,3,64,14,0.42627012729644775,0.09969504177570343
19,3,64,15,0.5081055760383606,0.15230607986450195
19,3,64,16,0.44619256258010864,0.11227457970380783
19,3,64,17,0.36288881301879883,0.15600544214248657
19,3,64,18,0.486329585313797,0.22057688236236572
19,3,64,19,0.49541357159614563,0.23461230099201202
19,3,64,20,0.6643205285072327,0.11998781561851501
19,3,64,21,0.34907659888267517,0.18979859352111816
19,3,64,22,0.37827935814857483,0.2026025503873825
19,3,64,23,0.4885164797306061,0.08534141629934311
19,3,64,24,0.4530268907546997,0.21170581877231598
19,3,64,25,0.3765205144882202,0.13500507175922394
19,3,64,26,0.587985098361969,0.21159285306930542
19,3,64,27,0.442997008562088,0.21856197714805603
19,3,64,28,0.576350212097168,0.07837290316820145
19,3,64,29,0.4598234295845032,0.2524469196796417
19,3,64,30,0.39249271154403687,0.1591879278421402
19,3,64,31,0.5930601358413696,0.17636147141456604
19,3,64,32,0.4964843690395355,0.2508889138698578
19,3,64,33,0.38087084889411926,0.12526078522205353
19,3,64,34,0.5608068108558655,0.14475476741790771
19,3,64,35,0.473970890045166,0.1902768760919571
19,3,64,36,0.3789348006248474,0.16842962801456451
19,3,64,37,0.4423411190509796,0.22260983288288116
19,3,64,38,0.524925172328949,0.19232623279094696
19,3,64,39,0.6737866997718811,0.15614767372608185
19,3,64,40,0.45294666290283203,0.21763800084590912
19,3,64,41,0.6171624660491943,0.11386360973119736
19,3,64,42,0.49045947194099426,0.21896642446517944
19,3,64,43,0.46000969409942627,0.2612094283103943
19,3,64,44,0.48889368772506714,0.18012204766273499
19,3,64,45,0.34192508459091187,0.1721401810646057
19,3,64,46,0.5266047716140747,0.177293598651886
19,3,64,47,0.42130449414253235,0.2633090317249298
19,3,64,48,0.4366137981414795,0.29849737882614136
19,3,64,49,0.6055077314376831,0.15802276134490967
19,3,64,50,0.5541499853134155,0.12466978281736374
19,3,64,51,0.6067298054695129,0.14176863431930542
19,3,64,52,0.519044816493988,0.13985328376293182
19,3,64,53,0.33449646830558777,0.18307222425937653
19,3,64,54,0.5358335971832275,0.11752470582723618
19,3,64,55,0.48705795407295227,0.09646771103143692
19,3,64,56,0.6274548768997192,0.15554149448871613
19,3,64,57,0.5231916308403015,0.25219884514808655
19,3,64,58,0.5566955208778381,0.17135116457939148
19,3,64,59,0.522874116897583,0.2193600982427597
19,3,64,60,0.45567914843559265,0.07228302210569382
19,3,64,61,0.6825686097145081,0.13789717853069305
19,3,64,62,0.45350906252861023,0.16580210626125336
19,3,64,63,0.6553330421447754,0.14004825055599213
19,4,128,0,0.6866867542266846,0.07675456255674362
19,4,128,1,0.51945561170578,0.11040062457323074
19,4,128,2,0.5350905656814575,0.238186314702034
19,4,128,3,0.2826475501060486,0.078974649310112
19,4,128,4,0.4707578420639038,0.13724538683891296
19,4,128,5,0.6272903084754944,0.0766126960515976
19,4,128,6,0.6605788469314575,0.22409744560718536
19,4,128,7,0.5722400546073914,0.19771818816661835
19,4,128,8,0.4289115071296692,0.2175111025571823
19,4,128,9,0.6492695808410645,0.11207147687673569
19,4,128,10,0.4872656464576721,0.29225313663482666
19,4,128,11,0.5202080011367798,0.19155262410640717
19,4,128,12,0.5873550176620483,0.21371643245220184
19,4,128,13,0.5299820899963379,0.10606857389211655
19,4,128,14,0.518642008304596,0.20491141080856323
19,4,128,15,0.6118865609169006,0.13846415281295776
19,4,128,16,0.6221612095832825,0.12154722213745117
19,4,128,17,0.6660071015357971,0.11279596388339996
19,4,128,18,0.47900110483169556,0.09836630523204803
19,4,128,19,0.7229883074760437,0.0786069929599762
19,4,128,20,0.5887297987937927,0.1475970447063446
19,4,128,21,0.5866787433624268,0.08558034151792526
19,4,128,22,0.4859202206134796,0.16833510994911194
19,4,128,23,0.6183893084526062,0.09084673225879669
19,4,128,24,0.6726683974266052,0.09383780509233475
19,4,128,25,0.42863452434539795,0.14146766066551208
19,4,128,26,0.6306618452072144,0.2692412734031677
19,4,128,27,0.3231053352355957,0.10674887150526047
19,4,128,28,0.6513224840164185,0.1452324241399765
19,4,128,29,0.7183855175971985,0.14192816615104675
19,4,128,30,0.4495268166065216,0.0919811800122261
19,4,128,31,0.6381915807723999,0.1963302046060562
19,4,128,32,0.44788289070129395,0.151922807097435
19,4,128,33,0.5318660736083984,0.224991112947464
19,4,128,34,0.627068281173706,0.12811990082263947
19,4,128,35,0.5486423969268799,0.13606832921504974
19,4,128,36,0.5314903259277344,0.2217472493648529
19,4,128,37,0.5518962144851685,0.1914169192314148
19,4,128,38,0.40229442715644836,0.09685201197862625
19,4,128,39,0.589837372303009,0.2731007933616638
19,4,128,40,0.4769934117794037,0.15029002726078033
19,4,128,41,0.5532802939414978,0.23640184104442596
19,4,128,42,0.6052164435386658,0.08751044422388077
19,4,128,43,0.5881800055503845,0.1839912235736847
19,4,128,44,0.526591956615448,0.17674916982650757
19,4,128,45,0.6105630397796631,0.0673484057188034
19,4,128,46,0.5830385684967041,0.18502618372440338
19,4,128,47,0.7184910178184509,0.1134767010807991
19,4,128,48,0.5684441328048706,0.13096007704734802
19,4,128,49,0.46018463373184204,0.09459371119737625
19,4,128,50,0.616907000541687,0.06516877561807632
19,4,128,51,0.5183782577514648,0.21802248060703278
19,4,128,52,0.515205442905426,0.19432565569877625
19,4,128,53,0.6129884123802185,0.19978167116641998
19,4,128,54,0.4838699996471405,0.2616436183452606
19,4,128,55,0.4599417448043823,0.22369392216205597
19,4,128,56,0.4670571982860565,0.22187675535678864
19,4,128,57,0.6334182024002075,0.31861990690231323
19,4,128,58,0.3794255554676056,0.10802321881055832
19,4,128,59,0.6854097843170166,0.13347165286540985
19,4,128,60,0.5462238788604736,0.15938027203083038
19,4,128,61,0.5710434913635254,0.26694804430007935
19,4,128,62,0.5038171410560608,0.19513820111751556
19,4,128,63,0.6298030614852905,0.22316661477088928
19,4,128,64,0.6366620063781738,0.11530671268701553
19,4,128,65,0.5858529210090637,0.11799965053796768
19,4,128,66,0.5816476345062256,0.11005734652280807
19,4,128,67,0.6235607862472534,0.1336321085691452
19,4,128,68,0.39054596424102783,0.19551998376846313
19,4,128,69,0.7000721096992493,0.09709732979536057
19,4,128,70,0.5923258662223816,0.26331382989883423
19,4,128,71,0.4287184476852417,0.2798956632614136
19,4,128,72,0.4251416027545929,0.24931609630584717
19,4,128,73,0.5824035406112671,0.0721873790025711
19,4,128,74,0.5220474004745483,0.032932549715042114
19,4,128,75,0.501684844493866,0.15970538556575775
19,4,128,76,0.5656495094299316,0.2398131787776947
19,4,128,77,0.4768187999725342,0.10637044906616211
19,4,128,78,0.6525970101356506,0.13053682446479797
19,4,128,79,0.5319105386734009,0.267810195684433
19,4,128,80,0.5816341042518616,0.28118327260017395
19,4,128,81,0.7834399938583374,0.10341770201921463
19,4,128,82,0.5217788219451904,0.24434338510036469
19,4,128,83,0.3804435431957245,0.13354326784610748
19,4,128,84,0.5837724804878235,0.327759712934494
19,4,128,85,0.5612368583679199,0.25303223729133606
19,4,128,86,0.6073633432388306,0.12822432816028595
19,4,128,87,0.39065226912498474,0.13152804970741272
19,4,128,88,0.5264279842376709,0.16255465149879456
19,4,128,89,0.5116692781448364,0.05955980345606804
19,4,128,90,0.7236718535423279,0.09349773824214935
19,4,128,91,0.6856780052185059,0.126460000872612
19,4,128,92,0.6662716865539551,0.1368417888879776
19,4,128,93,0.35843923687934875,0.10121474415063858
19,4,128,94,0.7181699275970459,0.11386571079492569
19,4,128,95,0.6431924104690552,0.13866908848285675
19,4,128,96,0.7339120507240295,0.08917263895273209
19,4,128,97,0.5810950994491577,0.23039871454238892
19,4,128,98,0.49703681468963623,0.05627375841140747
19,4,128,99,0.5762680768966675,0.09646734595298767
19,4,128,100,0.6375650763511658,0.13849511742591858
19,4,128,101,0.7295758724212646,0.08979934453964233
19,4,128,102,0.5774407386779785,0.09128373861312866
19,4,128,103,0.6430961489677429,0.24622869491577148
19,4,128,104,0.4850626289844513,0.11518294364213943
19,4,128,105,0.6074341535568237,0.25711989402770996
19,4,128,106,0.5589975118637085,0.31235501170158386
19,4,128,107,0.4763588607311249,0.18902532756328583
19,4,128,108,0.6245225667953491,0.2008051872253418
19,4,128,109,0.5113110542297363,0.30419981479644775
19,4,128,110,0.7580119967460632,0.09845156222581863
19,4,128,111,0.5331632494926453,0.09492580592632294
19,4,128,112,0.5990764498710632,0.07675385475158691
19,4,128,113,0.45231103897094727,0.09250868856906891
19,4,128,114,0.49247273802757263,0.21762603521347046
19,4,128,115,0.6871258616447449,0.13049031794071198
19,4,128,116,0.4304901957511902,0.06876326352357864
19,4,128,117,0.7007774710655212,0.13443821668624878
19,4,128,118,0.5286384224891663,0.11861009895801544
19,4,128,119,0.42244434356689453,0.14359600841999054
19,4,128,120,0.659450352191925,0.10343320667743683
19,4,128,121,0.6532333493232727,0.08405299484729767
19,4,128,122,0.662615180015564,0.12070081382989883
19,4,128,123,0.7104620933532715,0.1422715038061142
19,4,128,124,0.508263349533081,0.2143929898738861
19,4,128,125,0.6827493906021118,0.1001240462064743
19,4,128,126,0.5913488864898682,0.27284279465675354
19,4,128,127,0.5899327397346497,0.2703109085559845
19,5,128,0,0.8414814472198486,0.1024063304066658
19,5,128,1,0.7773134708404541,0.18991898000240326
19,5,128,2,0.6064295768737793,0.08480208367109299
19,5,128,3,0.5813412070274353,0.14702841639518738
19,5,128,4,0.5946096777915955,0.2763293981552124
19,5,128,5,0.7709280848503113,0.16662855446338654
19,5,128,6,0.3900563418865204,0.3465634882450104
19,5,128,7,0.7683505415916443,0.09195122122764587
19,5,128,8,0.7609970569610596,0.08896247297525406
19,5,128,9,0.7632485628128052,0.10536046326160431
19,5,128,10,0.6877597570419312,0.14297747611999512
19,5,128,11,0.7213178873062134,0.1965893805027008
19,5,128,12,0.8712395429611206,0.09593859314918518
19,5,128,13,0.7696400284767151,0.12994515895843506
19,5,128,14,0.6755433678627014,0.27044352889060974
19,5,128,15,0.7182320356369019,0.07895136624574661
19,5,128,16,0.8237791657447815,0.1132112517952919
19,5,128,17,0.7714678645133972,0.17263883352279663
19,5,128,18,0.8183389902114868,0.15595625340938568
19,5,128,19,0.613812267780304,0.1827479600906372
19,5,128,20,0.7601494193077087,0.2132708877325058
19,5,128,21,0.8570075631141663,0.11198076605796814
19,5,128,22,0.7332015037536621,0.18517868220806122
19,5,128,23,0.48602476716041565,0.18861684203147888
19,5,128,24,0.7399827241897583,0.09662120044231415
19,5,128,25,0.5849139094352722,0.13747075200080872
19,5,128,26,0.6350244283676147,0.2637525796890259
19,5,128,27,0.7785753011703491,0.17333745956420898
19,5,128,28,0.8124448657035828,0.17758284509181976
19,5,128,29,0.5514998435974121,0.20191146433353424
19,5,128,30,0.6182942986488342,0.16376972198486328
19,5,128,31,0.8316358923912048,0.13356927037239075
19,5,128,32,0.7566924095153809,0.09733106940984726
19,5,128,33,0.7440720796585083,0.1853204369544983
19,5,128,34,0.7407676577568054,0.15889620780944824
19,5,128,35,0.7977156043052673,0.1553412824869156
19,5,128,36,0.35940590500831604,0.21206344664096832
19,5,128,37,0.5245833396911621,0.20196416974067688
19,5,128,38,0.6065234541893005,0.12425485998392105
19,5,128,39,0.5533879399299622,0.1628669798374176
19,5,128,40,0.46458205580711365,0.19197200238704681
19,5,128,41,0.7466397285461426,0.24692244827747345
19,5,128,42,0.8393521308898926,0.11499447375535965
19,5,128,43,0.5518737435340881,0.06566333025693893
19,5,128,44,0.3978547751903534,0.1814061552286148
19,5,128,45,0.6718040108680725,0.10835792124271393
19,5,128,46,0.7794714570045471,0.17996197938919067
19,5,128,47,0.6469214558601379,0.15265746414661407
19,5,128,48,0.6781626343727112,0.17353279888629913
19,5,128,49,0.658850908279419,0.18315556645393372
19,5,128,50,0.7759575247764587,0.14031729102134705
19,5,128,51,0.8260277509689331,0.1200222447514534
19,5,128,52,0.7867169976234436,0.17097528278827667
19,5,128,53,0.8276005983352661,0.12924520671367645
19,5,128,54,0.6133185625076294,0.2407224327325821
19,5,128,55,0.43538200855255127,0.13630463182926178
19,5,128,56,0.34981298446655273,0.14854216575622559
19,5,128,57,0.8455760478973389,0.11858852952718735
19,5,128,58,0.6608422994613647,0.1893407106399536
19,5,128,59,0.8709110021591187,0.09462089836597443
19,5,128,60,0.7125559449195862,0.08080770075321198
19,5,128,61,0.8663021326065063,0.08222740888595581
19,5,128,62,0.47242507338523865,0.23066061735153198
19,5,128,63,0.7681912183761597,0.0981106236577034
19,5,128,64,0.727969229221344,0.17661426961421967
19,5,128,65,0.7444596886634827,0.16054104268550873
19,5,128,66,0.4289438724517822,0.2977946996688843
19,5,128,67,0.7023706436157227,0.19533295929431915
19,5,128,68,0.4165892004966736,0.27500057220458984
19,5,128,69,0.7804679870605469,0.15910901129245758
19,5,128,70,0.8196250796318054,0.10734142363071442
19,5,128,71,0.400089830160141,0.2672092914581299
19,5,128,72,0.3103600740432739,0.28761887550354004
19,5,128,73,0.435809463262558,0.26485198736190796
19,5,128,74,0.5492088198661804,0.09557345509529114
19,5,128,75,0.66948401927948,0.12405405938625336
19,5,128,76,0.6960560083389282,0.2430649995803833
19,5,128,77,0.4664030075073242,0.3143154978752136
19,5,128,78,0.5978536605834961,0.14113901555538177
19,5,128,79,0.6531996130943298,0.3016699552536011
19,5,128,80,0.8662186861038208,0.08358318358659744
19,5,128,81,0.8377832174301147,0.1382325142621994
19,5,128,82,0.8454397320747375,0.08615843206644058
19,5,128,83,0.3423083424568176,0.2997846305370331
19,5,128,84,0.7820188999176025,0.2347429245710373
19,5,128,85,0.6986331939697266,0.25175508856773376
19,5,128,86,0.8223477005958557,0.09812642633914948
19,5,128,87,0.3756970465183258,0.2530500590801239
19,5,128,88,0.703757107257843,0.13777893781661987
19,5,128,89,0.3851429522037506,0.27664831280708313
19,5,128,90,0.8693484663963318,0.08677908033132553
19,5,128,91,0.7681460380554199,0.18543758988380432
19,5,128,92,0.6819401979446411,0.0927123948931694
19,5,128,93,0.386379212141037,0.1854032278060913
19,5,128,94,0.7859727144241333,0.10943479835987091
19,5,128,95,0.6146271228790283,0.071602463722229
19,5,128,96,0.5171582102775574,0.1778167486190796
19,5,128,97,0.5051047801971436,0.20522190630435944
19,5,128,98,0.6168926358222961,0.16318657994270325
19,5,128,99,0.7868877649307251,0.1349850744009018
19,5,128,100,0.6067480444908142,0.12320269644260406
19,5,128,101,0.8530031442642212,0.13002727925777435
19,5,128,102,0.6342595219612122,0.10805429518222809
19,5,128,103,0.7506954073905945,0.12560762465000153
19,5,128,104,0.7033966183662415,0.11787626147270203
19,5,128,105,0.6925018429756165,0.16591912508010864
19,5,128,106,0.7207731008529663,0.19875872135162354
19,5,128,107,0.7709282636642456,0.08874627947807312
19,5,128,108,0.7750171422958374,0.2026747465133667
19,5,128,109,0.5330926775932312,0.26082536578178406
19,5,128,110,0.651739239692688,0.14581240713596344
19,5,128,111,0.501024067401886,0.23842072486877441
19,5,128,112,0.7664943933486938,0.18124070763587952
19,5,128,113,0.7696758508682251,0.14033780992031097
19,5,128,114,0.8275279402732849,0.14557312428951263
19,5,128,115,0.8641419410705566,0.1174183264374733
19,5,128,116,0.6741946339607239,0.09242081642150879
19,5,128,117,0.7540007829666138,0.15023870766162872
19,5,128,118,0.32506507635116577,0.12684980034828186
19,5,128,119,0.6142714619636536,0.24705982208251953
19,5,128,120,0.5946314930915833,0.19395969808101654
19,5,128,121,0.7818490862846375,0.159175843000412
19,5,128,122,0.8509333729743958,0.09720131754875183
19,5,128,123,0.834071159362793,0.1166047602891922
19,5,128,124,0.673795759677887,0.07570861279964447
19,5,128,125,0.746771514415741,0.1696523129940033
19,5,128,126,0.8088779449462891,0.12882448732852936
19,5,128,127,0.5935782194137573,0.03668496385216713
20,0,32,0,0.5495775938034058,0.1772780418395996
20,0,32,1,0.5572230815887451,0.2037709504365921
20,0,32,2,0.6992789506912231,0.12084072083234787
20,0,32,3,0.578047513961792,0.15133784711360931
20,0,32,4,0.5882508754730225,0.056136585772037506
20,0,32,5,0.34292277693748474,0.1053374856710434
20,0,32,6,0.59080970287323,0.09504374116659164
20,0,32,7,0.42806389927864075,0.161727175116539
20,0,32,8,0.6701053977012634,0.07422590255737305
20,0,32,9,0.45955604314804077,0.13779163360595703
20,0,32,10,0.6011215448379517,0.144414022564888
20,0,32,11,0.5397017002105713,0.09305398911237717
20,0,32,12,0.5601748824119568,0.125019371509552
20,0,32,13,0.4327772557735443,0.16857938468456268
20,0,32,14,0.5411545038223267,0.13559280335903168
20,0,32,15,0.4161851406097412,0.07781506329774857
20,0,32,16,0.5397297739982605,0.10123197734355927
20,0,32,17,0.36366721987724304,0.09328017383813858
20,0,32,18,0.2750423848628998,0.08828351646661758
20,0,32,19,0.43059951066970825,0.11209351569414139
20,0,32,20,0.3031253218650818,0.10867985337972641
20,0,32,21,0.5159634351730347,0.01698192209005356
20,0,32,22,0.5635471940040588,0.14001008868217468
20,0,32,23,0.5275102257728577,0.12622085213661194
20,0,32,24,0.5190134644508362,0.08305268734693527
20,0,32,25,0.6130391359329224,0.0912499651312828
20,0,32,26,0.5817835330963135,0.11038348078727722
20,0,32,27,0.4875269830226898,0.11785399913787842
20,0,32,28,0.6099171042442322,0.08291452378034592
20,0,32,29,0.5151839852333069,0.059631168842315674
20,0,32,30,0.42672812938690186,0.08504553884267807
20,0,32,31,0.5230406522750854,0.10838332772254944
20,1,32,0,0.5659521222114563,0.1398761123418808
20,1,32,1,0.6002830266952515,0.20676715672016144
20,1,32,2,0.6666834354400635,0.10863478481769562
20,1,32,3,0.4360489547252655,0.12832917273044586
20,1,32,4,0.5114613175392151,0.09378165006637573
20,1,32,5,0.6272090673446655,0.11239032447338104
20,1,32,6,0.476963609457016,0.07475718855857849
20,1,32,7,0.5200284123420715,0.1698540449142456
20,1,32,8,0.6101956367492676,0.14708462357521057
20,1,32,9,0.4658770263195038,0.07171095907688141
20,1,32,10,0.6444764733314514,0.09014962613582611
20,1,32,11,0.6138290166854858,0.11090139299631119
20,1,32,12,0.44864845275878906,0.19195403158664703
20,1,32,13,0.3983798623085022,0.09566019475460052
20,1,32,14,0.5341615080833435,0.17710082232952118
20,1,32,15,0.5635573267936707,0.10431524366140366
20,1,32,16,0.41211944818496704,0.048237137496471405
20,1,32,17,0.5506101250648499,0.11344707757234573
20,1,32,18,0.4191458225250244,0.15920156240463257
20,1,32,19,0.48003000020980835,0.24846579134464264
20,1,32,20,0.5255762934684753,0.10430782288312912
20,1,32,21,0.5356870293617249,0.19382794201374054
20,1,32,22,0.5578798651695251,0.24829334020614624
20,1,32,23,0.6167445182800293,0.10972404479980469
20,1,32,24,0.45918509364128113,0.09333552420139313
20,1,32,25,0.5803312659263611,0.09739023447036743
20,1,32,26,0.4403683841228485,0.13808415830135345
20,1,32,27,0.46893513202667236,0.09072017669677734
20,1,32,28,0.640998363494873,0.08517856150865555
20,1,32,29,0.42103829979896545,0.05698264762759209
20,1,32,30,0.40333831310272217,0.14092634618282318
20,1,32,31,0.4597570598125458,0.15117709338665009
20,2,64,0,0.6467089056968689,0.15416841208934784
20,2,64,1,0.5698367357254028,0.13937802612781525
20,2,64,2,0.38989874720573425,0.0986759215593338
20,2,64,3,0.6587375998497009,0.12417558580636978
20,2,64,4,0.39184632897377014,0.157539501786232
20,2,64,5,0.48076683282852173,0.10063741356134415
20,2,64,6,0.4246255159378052,0.20918892323970795
20,2,64,7,0.6235598921775818,0.09330922365188599
20,2,64,8,0.6772891879081726,0.07375635206699371
20,2,64,9,0.5348342061042786,0.1039477288722992
20,2,64,10,0.5655504465103149,0.21775810420513153
20,2,64,11,0.5276906490325928,0.22406773269176483
20,2,64,12,0.42680877447128296,0.19833235442638397
20,2,64,13,0.3726395070552826,0.07620178163051605
20,2,64,14,0.6176756620407104,0.15193042159080505
20,2,64,15,0.5255395174026489,0.10054358839988708
20,2,64,16,0.4747861623764038,0.08333186060190201
20,2,64,17,0.4876716136932373,0.20029723644256592
20,2,64,18,0.4682095944881439,0.1865818053483963
20,2,64,19,0.535627543926239,0.08753964304924011
20,2,64,20,0.5252953171730042,0.14751020073890686
20,2,64,21,0.3761321008205414,0.14851130545139313
20,2,64,22,0.5638377070426941,0.18548670411109924
20,2,64,23,0.4436216950416565,0.11813074350357056
20,2,64,24,0.6063297390937805,0.1381055861711502
20,2,64,25,0.6057448983192444,0.10451754182577133
20,2,64,26,0.35510241985321045,0.13217291235923767
20,2,64,27,0.5336060523986816,0.16756443679332733
20,2,64,28,0.6044714450836182,0.17650799453258514
20,2,64,29,0.5451174378395081,0.1932762861251831
20,2,64,30,0.49959272146224976,0.14495976269245148
20,2,64,31,0.48507267236709595,0.17763175070285797
20,2,64,32,0.509059727191925,0.1719522774219513
20,2,64,33,0.5875462889671326,0.10167894512414932
20,2,64,34,0.5027109384536743,0.2183830589056015
20,2,64,35,0.5347214341163635,0.16471131145954132
20,2,64,36,0.5168686509132385,0.1786627471446991
20,2,64,37,0.5471727252006531,0.131209596991539
20,2,64,38,0.5853180289268494,0.16365738213062286
20,2,64,39,0.4636094570159912,0.20126840472221375
20,2,64,40,0.401108056306839,0.08188275247812271
20,2,64,41,0.5664392709732056,0.17496216297149658
20,2,64,42,0.38914254307746887,0.11060748994350433
20,2,64,43,0.4793466329574585,0.22106121480464935
20,2,64,44,0.512059211730957,0.08965031057596207
20,2,64,45,0.41127654910087585,0.16984835267066956
20,2,64,46,0.550953209400177,0.19935183227062225
20,2,64,47,0.38130655884742737,0.1553030163049698
20,2,64,48,0.6217341423034668,0.19576402008533478
20,2,64,49,0.5867813229560852,0.247671440243721
20,2,64,50,0.484590619802475,0.08411302417516708
20,2,64,51,0.5309111475944519,0.08709397166967392
20,2,64,52,0.44718196988105774,0.18173906207084656
20,2,64,53,0.6318212151527405,0.1715296506881714
20,2,64,54,0.41348108649253845,0.15777617692947388
20,2,64,55,0.4642219841480255,0.22691646218299866
20,2,64,56,0.48171308636665344,0.10670919716358185
20,2,64,57,0.4967426657676697,0.06789486855268478
20,2,64,58,0.42666366696357727,0.05179119482636452
20,2,64,59,0.6050982475280762,0.040714770555496216
20,2,64,60,0.5586493611335754,0.22331660985946655
20,2,64,61,0.6078224778175354,0.1037086620926857
20,2,64,62,0.5147302746772766,0.11941906809806824
20,2,64,63,0.35971298813819885,0.05643220618367195
20,3,64,0,0.5766898393630981,0.06216232478618622
20,3,64,1,0.46921780705451965,0.1368275135755539
20,3,64,2,0.5160408616065979,0.07456038147211075
20,3,64,3,0.5098287463188171,0.09242360293865204
20,3,64,4,0.5336765646934509,0.05755743011832237
20,3,64,5,0.3799055218696594,0.09798088669776917
20,3,64,6,0.42073240876197815,0.24236564338207245
20,3,64,7,0.5431853532791138,0.1309647411108017
20,3,64,8,0.43654656410217285,0.0807606503367424
20,3,64,9,0.5375962257385254,0.2010250985622406
20,3,64,10,0.47137266397476196,0.16271153092384338
20,3,64,11,0.6452624797821045,0.06988213211297989
20,3,64,12,0.533728301525116,0.24254947900772095
20,3,64,13,0.5234624147415161,0.15592513978481293
20,3,64,14,0.48628222942352295,0.10586483031511307
20,3,64,15,0.41357436776161194,0.13986825942993164
20,3,64,16,0.4426079988479614,0.22766688466072083
20,3,64,17,0.674908459186554,0.21350736916065216
20,3,64,18,0.46572956442832947,0.15354789793491364
20,3,64,19,0.4920109212398529,0.17817920446395874
20,3,64,20,0.37636232376098633,0.25251904129981995
20,3,64,21,0.6363874673843384,0.23558469116687775
20,3,64,22,0.3627714216709137,0.14967578649520874
20,3,64,23,0.5561640858650208,0.16443856060504913
20,3,64,24,0.5546683669090271,0.09841630607843399
20,3,64,25,0.510093092918396,0.14135752618312836
20,3,64,26,0.4098891019821167,0.0878891795873642
20,3,64,27,0.6419822573661804,0.12443645298480988
20,3,64,28,0.434918075799942,0.24106384813785553
20,3,64,29,0.44587036967277527,0.24427030980587006
20,3,64,30,0.37634772062301636,0.11285196989774704
20,3,64,31,0.5954882502555847,0.17883320152759552
20,3,64,32,0.6013582944869995,0.12242036312818527
20,3,64,33,0.5541813373565674,0.19542968273162842
20,3,64,34,0.7081125974655151,0.09638290852308273
20,3,64,35,0.601203441619873,0.1949281543493271
20,3,64,36,0.4905553460121155,0.1718461662530899
20,3,64,37,0.40203985571861267,0.15922404825687408
20,3,64,38,0.47707340121269226,0.16938365995883942
20,3,64,39,0.5260201096534729,0.08734528720378876
20,3,64,40,0.49456527829170227,0.09223924577236176
20,3,64,41,0.4122970402240753,0.19607751071453094
20,3,64,42,0.6185644865036011,0.14611847698688507
20,3,64,43,0.4764249920845032,0.20228207111358643
20,3,64,44,0.5581116080284119,0.19229727983474731
20,3,64,45,0.47195425629615784,0.0858801081776619
20,3,64,46,0.3587166368961334,0.08693640679121017
20,3,64,47,0.5639187097549438,0.06593891233205795
20,3,64,48,0.4694634675979614,0.032688576728105545
20,3,64,49,0.5268983244895935,0.21685928106307983
20,3,64,50,0.3607676029205322,0.2300434112548828
20,3,64,51,0.4935874342918396,0.19491954147815704
20,3,64,52,0.5189515948295593,0.08989963680505753
20,3,64,53,0.5447984337806702,0.22376739978790283
20,3,64,54,0.6261968612670898,0.10249752551317215
20,3,64,55,0.6720269322395325,0.10033190250396729
20,3,64,56,0.6202437281608582,0.0625072717666626
20,3,64,57,0.5260745882987976,0.2427801489830017
20,3,64,58,0.6844614744186401,0.08561959862709045
20,3,64,59,0.5026842951774597,0.038287825882434845
20,3,64,60,0.4952027201652527,0.17649124562740326
20,3,64,61,0.5178004503250122,0.09180976450443268
20,3,64,62,0.47563719749450684,0.14261628687381744
20,3,64,63,0.5567651987075806,0.09844105690717697
20,4,128,0,0.46144962310791016,0.2080758810043335
20,4,128,1,0.48054251074790955,0.14709244668483734
20,4,128,2,0.5179651975631714,0.27177149057388306
20,4,128,3,0.6650209426879883,0.1006486564874649
20,4,128,4,0.3588101863861084,0.10120753943920135
20,4,128,5,0.33160582184791565,0.14382632076740265
20,4,128,6,0.6997165083885193,0.3259133994579315
20,4,128,7,0.467313677072525,0.2539878785610199
20,4,128,8,0.2931613326072693,0.20458737015724182
20,4,128,9,0.4155360758304596,0.3063524067401886
20,4,128,10,0.7624597549438477,0.14096486568450928
20,4,128,11,0.46849730610847473,0.21808964014053345
20,4,128,12,0.6353375911712646,0.3716486394405365
20,4,128,13,0.6159390807151794,0.36481529474258423
20,4,128,14,0.4265100657939911,0.3948267996311188
20,4,128,15,0.7725635170936584,0.143856018781662
20,4,128,16,0.820817768573761,0.09409614652395248
20,4,128,17,0.5595649480819702,0.23313404619693756
20,4,128,18,0.3611721694469452,0.1005915030837059
20,4,128,19,0.31337931752204895,0.14480899274349213
20,4,128,20,0.5087896585464478,0.3127943277359009
20,4,128,21,0.4990699887275696,0.21618370711803436
20,4,128,22,0.7620192170143127,0.12257721275091171
20,4,128,23,0.47865256667137146,0.19138073921203613
20,4,128,24,0.37714460492134094,0.12168940901756287
20,4,128,25,0.5718316435813904,0.2071603387594223
20,4,128,26,0.631938099861145,0.37070170044898987
20,4,128,27,0.707685649394989,0.26422256231307983
20,4,128,28,0.7277131676673889,0.2567158341407776
20,4,128,29,0.3896546959877014,0.21201862394809723
20,4,128,30,0.607655942440033,0.3776857554912567
20,4,128,31,0.6577714681625366,0.1476721316576004
20,4,128,32,0.6747169494628906,0.10968808084726334
20,4,128,33,0.3369685709476471,0.23765872418880463
20,4,128,34,0.4792332351207733,0.28298085927963257
20,4,128,35,0.4928240478038788,0.18935152888298035
20,4,128,36,0.7159176468849182,0.0723358690738678
20,4,128,37,0.7045899629592896,0.0973893478512764
20,4,128,38,0.5910524129867554,0.2694897949695587
20,4,128,39,0.41231077909469604,0.09881079941987991
20,4,128,40,0.39152219891548157,0.20804011821746826
20,4,128,41,0.6359710693359375,0.21853895485401154
20,4,128,42,0.3732909858226776,0.1910446435213089
20,4,128,43,0.49342089891433716,0.2879049479961395
20,4,128,44,0.38675111532211304,0.12109511345624924
20,4,128,45,0.677611768245697,0.15533141791820526
20,4,128,46,0.7478896379470825,0.28037628531455994
20,4,128,47,0.6327411532402039,0.25589168071746826
20,4,128,48,0.5754653215408325,0.3228815197944641
20,4,128,49,0.6488812565803528,0.14459604024887085
20,4,128,50,0.434427410364151,0.13469547033309937
20,4,128,51,0.6267263293266296,0.30211228132247925
20,4,128,52,0.6541195511817932,0.336290568113327
20,4,128,53,0.6359013319015503,0.3157038688659668
20,4,128,54,0.6606822609901428,0.17290599644184113
20,4,128,55,0.4271361231803894,0.06733542680740356
20,4,128,56,0.6687817573547363,0.2893064320087433
20,4,128,57,0.49349144101142883,0.2706776559352875
20,4,128,58,0.5715780854225159,0.3198988139629364
20,4,128,59,0.7204243540763855,0.09505394846200943
20,4,128,60,0.3797578811645508,0.32484957575798035
20,4,128,61,0.6284871697425842,0.2730890214443207
20,4,128,62,0.5257441997528076,0.1310814917087555
20,4,128,63,0.7283226847648621,0.08747423440217972
20,4,128,64,0.34051233530044556,0.2577137053012848
20,4,128,65,0.36424720287323,0.16943345963954926
20,4,128,66,0.6576058268547058,0.05511917173862457
20,4,128,67,0.6632407903671265,0.25021427869796753
20,4,128,68,0.7099396586418152,0.14904911816120148
20,4,128,69,0.7624752521514893,0.12501679360866547
20,4,128,70,0.7326605916023254,0.15524178743362427
20,4,128,71,0.657559871673584,0.1978141814470291
20,4,128,72,0.6483272910118103,0.37250593304634094
20,4,128,73,0.4143816828727722,0.2419613152742386
20,4,128,74,0.2828287184238434,0.12933382391929626
20,4,128,75,0.681313157081604,0.13622307777404785
20,4,128,76,0.5902231335639954,0.04281459376215935
20,4,128,77,0.43654316663742065,0.19500502943992615
20,4,128,78,0.7154045104980469,0.1484980434179306
20,4,128,79,0.626354992389679,0.38707971572875977
20,4,128,80,0.5896046757698059,0.33643248677253723
20,4,128,81,0.5481466054916382,0.10926686227321625
20,4,128,82,0.6602696776390076,0.24763886630535126
20,4,128,83,0.6669845581054688,0.3477383553981781
20,4,128,84,0.5997860431671143,0.16334277391433716
20,4,128,85,0.6968080401420593,0.10301750153303146
20,4,128,86,0.44886475801467896,0.22474728524684906
20,4,128,87,0.4134863317012787,0.30814826488494873
20,4,128,88,0.7119349837303162,0.09932075440883636
20,4,128,89,0.6156855225563049,0.1388411819934845
20,4,128,90,0.5784404277801514,0.13067221641540527
20,4,128,91,0.6528469324111938,0.2633593678474426
20,4,128,92,0.7442482113838196,0.13746580481529236
20,4,128,93,0.7591440081596375,0.1070890799164772
20,4,128,94,0.3885596990585327,0.27771520614624023
20,4,128,95,0.6587650775909424,0.22284777462482452
20,4,128,96,0.6337274312973022,0.12627515196800232
20,4,128,97,0.5937418937683105,0.21329079568386078
20,4,128,98,0.6274352669715881,0.1434939056634903
20,4,128,99,0.6231328845024109,0.2995363175868988
20,4,128,100,0.5870277881622314,0.2910614311695099
20,4,128,101,0.681047797203064,0.13145266473293304
20,4,128,102,0.40391507744789124,0.3569386899471283
20,4,128,103,0.37319105863571167,0.3161620497703552
20,4,128,104,0.8172717094421387,0.0869036614894867
20,4,128,105,0.5740445852279663,0.20056606829166412
20,4,128,106,0.7386542558670044,0.1344543844461441
20,4,128,107,0.7764104008674622,0.10937143862247467
20,4,128,108,0.6544675230979919,0.20019960403442383
20,4,128,109,0.5114448666572571,0.22491919994354248
20,4,128,110,0.47861868143081665,0.20893841981887817
20,4,128,111,0.6574581265449524,0.10092588514089584
20,4,128,112,0.5855274796485901,0.22815705835819244
20,4,128,113,0.6106549501419067,0.28277838230133057
20,4,128,114,0.6360998153686523,0.20503613352775574
20,4,128,115,0.4219071865081787,0.3270992040634155
20,4,128,116,0.5567994117736816,0.26161763072013855
20,4,128,117,0.702263593673706,0.2232234627008438
20,4,128,118,0.5814699530601501,0.284792423248291
20,4,128,119,0.8117472529411316,0.09381233900785446
20,4,128,120,0.4253635108470917,0.2912842333316803
20,4,128,121,0.6566644310951233,0.17035247385501862
20,4,128,122,0.6682069897651672,0.30713093280792236
20,4,128,123,0.41208747029304504,0.10833034664392471
20,4,128,124,0.6321820616722107,0.36594241857528687
20,4,128,125,0.5834518671035767,0.3373916447162628
20,4,128,126,0.4222598075866699,0.27329856157302856
20,4,128,127,0.3413785994052887,0.25173795223236084
20,5,128,0,0.4265791177749634,0.2880168557167053
20,5,128,1,0.5797057747840881,0.1789117008447647
20,5,128,2,0.6949230432510376,0.08766129612922668
20,5,128,3,0.8865624666213989,0.06043925881385803
20,5,128,4,0.8434863090515137,0.07908138632774353
20,5,128,5,0.754955530166626,0.1200636774301529
20,5,128,6,0.7448552250862122,0.1351911872625351
20,5,128,7,0.886544406414032,0.06436645984649658
20,5,128,8,0.5266027450561523,0.298610121011734
20,5,128,9,0.8377329111099243,0.07871683686971664
20,5,128,10,0.8224294185638428,0.091912180185318
20,5,128,11,0.7282587289810181,0.17177821695804596
20,5,128,12,0.4442988336086273,0.288563996553421
20,5,128,13,0.6976236701011658,0.1214381530880928
20,5,128,14,0.7579120397567749,0.14532150328159332
20,5,128,15,0.8048068284988403,0.07390737533569336
20,5,128,16,0.8338056802749634,0.07792265713214874
20,5,128,17,0.5905411243438721,0.1738051325082779
20,5,128,18,0.5118886828422546,0.21685966849327087
20,5,128,19,0.8259339332580566,0.07870395481586456
20,5,128,20,0.5017092823982239,0.09415584802627563
20,5,128,21,0.7168039083480835,0.09400171786546707
20,5,128,22,0.7236809134483337,0.15149638056755066
20,5,128,23,0.479191392660141,0.33910441398620605
20,5,128,24,0.6738008260726929,0.17322076857089996
20,5,128,25,0.6473587155342102,0.10435323417186737
20,5,128,26,0.8460693359375,0.06084978207945824
20,5,128,27,0.8751465082168579,0.06748252362012863
20,5,128,28,0.8638202548027039,0.08328581601381302
20,5,128,29,0.3573421239852905,0.15698589384555817
20,5,128,30,0.8226160407066345,0.09795041382312775
20,5,128,31,0.7038795351982117,0.1485646814107895
20,5,128,32,0.8093391060829163,0.06930696964263916
20,5,128,33,0.5255988836288452,0.2727600038051605
20,5,128,34,0.6239821910858154,0.10902519524097443
20,5,128,35,0.6111983060836792,0.2206375002861023
20,5,128,36,0.7136918902397156,0.16948342323303223
20,5,128,37,0.8800304532051086,0.07926785945892334
20,5,128,38,0.7978817224502563,0.11964711546897888
20,5,128,39,0.5584946274757385,0.21673059463500977
20,5,128,40,0.5990210771560669,0.2204684317111969
20,5,128,41,0.3979591429233551,0.17470359802246094
20,5,128,42,0.7129948735237122,0.10032464563846588
20,5,128,43,0.49936050176620483,0.2143665999174118
20,5,128,44,0.6636185646057129,0.15933778882026672
20,5,128,45,0.7085260152816772,0.12300841510295868
20,5,128,46,0.5783894062042236,0.1971965879201889
20,5,128,47,0.8059865832328796,0.09046325832605362
20,5,128,48,0.48961856961250305,0.24054592847824097
20,5,128,49,0.7030493021011353,0.12378586083650589
20,5,128,50,0.8336933851242065,0.07368572056293488
20,5,128,51,0.75196373462677,0.12058902531862259
20,5,128,52,0.6356131434440613,0.23406316339969635
20,5,128,53,0.8355343341827393,0.07710178941488266
20,5,128,54,0.8374138474464417,0.09416805952787399
20,5,128,55,0.4710496664047241,0.2895386517047882
20,5,128,56,0.5361368656158447,0.23336470127105713
20,5,128,57,0.6963993310928345,0.1978457272052765
20,5,128,58,0.8570426106452942,0.0849074125289917
20,5,128,59,0.7706504464149475,0.14386317133903503
20,5,128,60,0.8258834481239319,0.07942409068346024
20,5,128,61,0.8421419262886047,0.08935577422380447
20,5,128,62,0.8159729838371277,0.09092957526445389
20,5,128,63,0.845690131187439,0.07470136135816574
20,5,128,64,0.5199853181838989,0.12818196415901184
20,5,128,65,0.46768707036972046,0.15744473040103912
20,5,128,66,0.6568372845649719,0.20650328695774078
20,5,128,67,0.6887262463569641,0.22895732522010803
20,5,128,68,0.8523553013801575,0.07302252948284149
20,5,128,69,0.8441141247749329,0.0665145292878151
20,5,128,70,0.7304879426956177,0.21035540103912354
20,5,128,71,0.8402740359306335,0.0711645558476448
20,5,128,72,0.7794055938720703,0.14900125563144684
20,5,128,73,0.6478143334388733,0.17847537994384766
20,5,128,74,0.4303510785102844,0.294186532497406
20,5,128,75,0.6592103242874146,0.2146623283624649
20,5,128,76,0.6625573039054871,0.15823498368263245
20,5,128,77,0.7333958148956299,0.08756652474403381
20,5,128,78,0.6718690395355225,0.11999068409204483
20,5,128,79,0.8519653081893921,0.07083107531070709
20,5,128,80,0.5713250041007996,0.21345490217208862
20,5,128,81,0.4677177369594574,0.22319725155830383
20,5,128,82,0.47207948565483093,0.28684237599372864
20,5,128,83,0.8391528129577637,0.08508198708295822
20,5,128,84,0.6977547407150269,0.14295633137226105
20,5,128,85,0.7000380754470825,0.09940725564956665
20,5,128,86,0.5421608090400696,0.2499624639749527
20,5,128,87,0.6902694702148438,0.2483905851840973
20,5,128,88,0.6657502055168152,0.10479796677827835
20,5,128,89,0.37157922983169556,0.14300431311130524
20,5,128,90,0.39616766571998596,0.25768473744392395
20,5,128,91,0.5170941352844238,0.2396978735923767
20,5,128,92,0.8545792102813721,0.08932071179151535
20,5,128,93,0.4554485082626343,0.2598443329334259
20,5,128,94,0.5532243251800537,0.22496797144412994
20,5,128,95,0.7875640392303467,0.16866269707679749
20,5,128,96,0.48748278617858887,0.3144679367542267
20,5,128,97,0.6856757998466492,0.14358440041542053
20,5,128,98,0.6888042092323303,0.18144920468330383
20,5,128,99,0.7906757593154907,0.08197753131389618
20,5,128,100,0.49363237619400024,0.27329230308532715
20,5,128,101,0.8311231732368469,0.07616186887025833
20,5,128,102,0.6357309222221375,0.16447806358337402
20,5,128,103,0.5122347474098206,0.19178134202957153
20,5,128,104,0.7603225111961365,0.10888344049453735
20,5,128,105,0.5014049410820007,0.30619296431541443
20,5,128,106,0.8106618523597717,0.08903639018535614
20,5,128,107,0.5005582571029663,0.3082108795642853
20,5,128,108,0.5335665941238403,0.15326564013957977
20,5,128,109,0.7307833433151245,0.11074402183294296
20,5,128,110,0.6697701811790466,0.08721306920051575
20,5,128,111,0.7239900827407837,0.07540808618068695
20,5,128,112,0.8608431816101074,0.0714186355471611
20,5,128,113,0.8328197002410889,0.07463905215263367
20,5,128,114,0.5950865745544434,0.24144764244556427
20,5,128,115,0.46592479944229126,0.23524883389472961
20,5,128,116,0.6792141199111938,0.1846964955329895
20,5,128,117,0.8070794939994812,0.07348843663930893
20,5,128,118,0.756201982498169,0.08210664987564087
20,5,128,119,0.8244138360023499,0.08276554942131042
20,5,128,120,0.5770037770271301,0.10551811754703522
20,5,128,121,0.6360816955566406,0.2345331907272339
20,5,128,122,0.6993038058280945,0.11107523739337921
20,5,128,123,0.7415919899940491,0.11864049732685089
20,5,128,124,0.44050508737564087,0.24131537973880768
20,5,128,125,0.7175594568252563,0.17701654136180878
20,5,128,126,0.5101555585861206,0.20615170896053314
20,5,128,127,0.6084914207458496,0.20039570331573486
21,0,32,0,0.54514080286026,0.08060333132743835
21,0,32,1,0.6101017594337463,0.0920267254114151
21,0,32,2,0.5458528995513916,0.10302005708217621
21,0,32,3,0.48586297035217285,0.057123128324747086
21,0,32,4,0.32887813448905945,0.13016052544116974
21,0,32,5,0.42922595143318176,0.08353640884160995
21,0,32,6,0.4815245568752289,0.12713457643985748
21,0,32,7,0.33470043540000916,0.13160602748394012
21,0,32,8,0.5326883792877197,0.07358961552381516
21,0,32,9,0.5200322866439819,0.09745193272829056
21,0,32,10,0.5766704082489014,0.07029101252555847
21,0,32,11,0.616837203502655,0.0895703136920929
21,0,32,12,0.3597443103790283,0.05753069743514061
21,0,32,13,0.48186588287353516,0.06955993920564651
21,0,32,14,0.4722830653190613,0.06768101453781128
21,0,32,15,0.4799095690250397,0.07572489976882935
21,0,32,16,0.6178172826766968,0.04675360023975372
21,0,32,17,0.4890078902244568,0.12634505331516266
21,0,32,18,0.5076285004615784,0.11507891863584518
21,0,32,19,0.4177858531475067,0.07716081291437149
21,0,32,20,0.4935024082660675,0.10503361374139786
21,0,32,21,0.4725715219974518,0.15481790900230408
21,0,32,22,0.5885851979255676,0.08238683640956879
21,0,32,23,0.5281935334205627,0.11439147591590881
21,0,32,24,0.5595213174819946,0.11298029124736786
21,0,32,25,0.4237293303012848,0.04050139710307121
21,0,32,26,0.43947070837020874,0.08901308476924896
21,0,32,27,0.5711996555328369,0.18244369328022003
21,0,32,28,0.5457857847213745,0.12495480477809906
21,0,32,29,0.5089557766914368,0.04225488752126694
21,0,32,30,0.3698837459087372,0.08616454899311066
21,0,32,31,0.3840678036212921,0.04427066445350647
21,1,32,0,0.5613700151443481,0.07848576456308365
21,1,32,1,0.36268094182014465,0.06843327730894089
21,1,32,2,0.541542649269104,0.06899374723434448
21,1,32,3,0.4767557680606842,0.10565876215696335
21,1,32,4,0.5432041883468628,0.0879206582903862
21,1,32,5,0.46024569869041443,0.04449629783630371
21,1,32,6,0.3281783163547516,0.06437786668539047
21,1,32,7,0.6222378611564636,0.10047392547130585
21,1,32,8,0.41847166419029236,0.11190439015626907
21,1,32,9,0.4912097454071045,0.082053542137146
21,1,32,10,0.4641256630420685,0.0969713106751442
21,1,32,11,0.6045569181442261,0.1246645376086235
21,1,32,12,0.7042655348777771,0.06177763268351555
21,1,32,13,0.46240702271461487,0.08840972185134888
21,1,32,14,0.6586400866508484,0.054716937243938446
21,1,32,15,0.5864967703819275,0.1031889021396637
21,1,32,16,0.47921666502952576,0.06537986546754837
21,1,32,17,0.506738007068634,0.08333415538072586
21,1,32,18,0.45539113879203796,0.024107666686177254
21,1,32,19,0.523709237575531,0.07076207548379898
21,1,32,20,0.38204899430274963,0.05354953557252884
21,1,32,21,0.4946874678134918,0.05203486233949661
21,1,32,22,0.4565901756286621,0.05994017422199249
21,1,32,23,0.5536524653434753,0.031036533415317535
21,1,32,24,0.39477628469467163,0.06245173513889313
21,1,32,25,0.5395886301994324,0.08483023196458817
21,1,32,26,0.42796945571899414,0.07832809537649155
21,1,32,27,0.5873375535011292,0.06312532722949982
21,1,32,28,0.387891560792923,0.06607560813426971
21,1,32,29,0.4540841579437256,0.1017753928899765
21,1,32,30,0.6019372344017029,0.04385840892791748
21,1,32,31,0.4514710307121277,0.03208735212683678
21,2,64,0,0.5275979042053223,0.03521709889173508
21,2,64,1,0.4710789918899536,0.1052388846874237
21,2,64,2,0.5830742716789246,0.20638327300548553
21,2,64,3,0.4535946846008301,0.20491769909858704
21,2,64,4,0.6745815873146057,0.13961224257946014
21,2,64,5,0.5934116244316101,0.1514626443386078
21,2,64,6,0.723793625831604,0.11377651989459991
21,2,64,7,0.4443819522857666,0.23281258344650269
21,2,64,8,0.4772111177444458,0.12530386447906494
21,2,64,9,0.5345649123191833,0.25489315390586853
21,2,64,10,0.5354955196380615,0.1411588191986084
21,2,64,11,0.5151687860488892,0.05824800953269005
21,2,64,12,0.45799127221107483,0.038331594318151474
21,2,64,13,0.5582719445228577,0.18465065956115723
21,2,64,14,0.4558578431606293,0.2751730978488922
21,2,64,15,0.48754265904426575,0.1886194497346878
21,2,64,16,0.40528830885887146,0.18746671080589294
21,2,64,17,0.6126463413238525,0.13507398962974548
21,2,64,18,0.47729191184043884,0.23868076503276825
21,2,64,19,0.7046072483062744,0.1411294788122177
21,2,64,20,0.582075834274292,0.13535939157009125
21,2,64,21,0.413942813873291,0.1639726608991623
21,2,64,22,0.4415448009967804,0.06859483569860458
21,2,64,23,0.5305378437042236,0.08268065005540848
21,2,64,24,0.6674613356590271,0.1280931681394577
21,2,64,25,0.4470515549182892,0.1579040139913559
21,2,64,26,0.637605607509613,0.06680808216333389
21,2,64,27,0.461180180311203,0.18039241433143616
21,2,64,28,0.5126270651817322,0.13912749290466309
21,2,64,29,0.4750695526599884,0.21682599186897278
21,2,64,30,0.4913632273674011,0.2719723880290985
21,2,64,31,0.46592745184898376,0.15456093847751617
21,2,64,32,0.7629637718200684,0.11863527446985245
21,2,64,33,0.4751535654067993,0.14081206917762756
21,2,64,34,0.5088863968849182,0.08032602816820145
21,2,64,35,0.35079851746559143,0.0734952837228775
21,2,64,36,0.528520941734314,0.2548902928829193
21,2,64,37,0.4175926744937897,0.17114925384521484
21,2,64,38,0.4457572400569916,0.09887837618589401
21,2,64,39,0.3512774705886841,0.14925841987133026
21,2,64,40,0.6154780387878418,0.07328739017248154
21,2,64,41,0.48656129837036133,0.12464278191328049
21,2,64,42,0.45275893807411194,0.1118340790271759
21,2,64,43,0.6801765561103821,0.156623974442482
21,2,64,44,0.5406833291053772,0.16400933265686035
21,2,64,45,0.44746994972229004,0.09729712456464767
21,2,64,46,0.5316250324249268,0.1385851949453354
21,2,64,47,0.4116255044937134,0.038184214383363724
21,2,64,48,0.6279817819595337,0.11626273393630981
21,2,64,49,0.5234183669090271,0.31762152910232544
21,2,64,50,0.5655824542045593,0.1559809148311615
21,2,64,51,0.40980562567710876,0.07399916648864746
21,2,64,52,0.4159225523471832,0.21263282001018524
21,2,64,53,0.4902465045452118,0.1374487429857254
21,2,64,54,0.5130491852760315,0.13904160261154175
21,2,64,55,0.5788161158561707,0.2285611629486084
21,2,64,56,0.5146266222000122,0.18430209159851074
21,2,64,57,0.5239896178245544,0.25122329592704773
21,2,64,58,0.5485632419586182,0.12116213887929916
21,2,64,59,0.5823296904563904,0.21790361404418945
21,2,64,60,0.5281845331192017,0.07591748982667923
21,2,64,61,0.5465123057365417,0.1957062929868698
21,2,64,62,0.5030493140220642,0.07221046835184097
21,2,64,63,0.5754775404930115,0.20092447102069855
21,3,64,0,0.5768361687660217,0.05510767549276352
21,3,64,1,0.48226746916770935,0.1155589148402214
21,3,64,2,0.5408408641815186,0.051653292030096054
21,3,64,3,0.5114082098007202,0.20162147283554077
21,3,64,4,0.40443238615989685,0.21011456847190857
21,3,64,5,0.3277418315410614,0.12642014026641846
21,3,64,6,0.48069489002227783,0.19272707402706146
21,3,64,7,0.4077785015106201,0.0830760970711708
21,3,64,8,0.6220723986625671,0.10985764861106873
21,3,64,9,0.4548241198062897,0.17273151874542236
21,3,64,10,0.2809336185455322,0.12907831370830536
21,3,64,11,0.548385500907898,0.10247448831796646
21,3,64,12,0.48715054988861084,0.08686798065900803
21,3,64,13,0.3766923248767853,0.14825235307216644
21,3,64,14,0.6023432612419128,0.20544493198394775
21,3,64,15,0.3934471607208252,0.1543855369091034
21,3,64,16,0.5982130169868469,0.1355578452348709
21,3,64,17,0.50975102186203,0.21984517574310303
21,3,64,18,0.40099623799324036,0.17744608223438263
21,3,64,19,0.5206109881401062,0.09420638531446457
21,3,64,20,0.566124677658081,0.1268734484910965
21,3,64,21,0.4888998568058014,0.10364415496587753
21,3,64,22,0.5060763955116272,0.1391737014055252
21,3,64,23,0.44803586602211,0.08543375879526138
21,3,64,24,0.3416685163974762,0.16216138005256653
21,3,64,25,0.4942799508571625,0.24201196432113647
21,3,64,26,0.5026717782020569,0.05389489606022835
21,3,64,27,0.5584549307823181,0.20664840936660767
21,3,64,28,0.5177057981491089,0.12471501529216766
21,3,64,29,0.6154395341873169,0.05711381509900093
21,3,64,30,0.5269972681999207,0.2420577108860016
21,3,64,31,0.3468673825263977,0.19092078506946564
21,3,64,32,0.5823012590408325,0.16198715567588806
21,3,64,33,0.33896100521087646,0.15255506336688995
21,3,64,34,0.5479474067687988,0.1646696776151657
21,3,64,35,0.36429157853126526,0.11159345507621765
21,3,64,36,0.5256252884864807,0.24498778581619263
21,3,64,37,0.5853235125541687,0.09904512763023376
21,3,64,38,0.5170058608055115,0.12204153835773468
21,3,64,39,0.634794294834137,0.061510730534791946
21,3,64,40,0.5507341027259827,0.07645773142576218
21,3,64,41,0.318877249956131,0.13306160271167755
21,3,64,42,0.5810179114341736,0.08003969490528107
21,3,64,43,0.5880418419837952,0.2561781406402588
21,3,64,44,0.531192421913147,0.2719327509403229
21,3,64,45,0.39413732290267944,0.13552866876125336
21,3,64,46,0.6074405312538147,0.13498827815055847
21,3,64,47,0.46061021089553833,0.12918461859226227
21,3,64,48,0.41987186670303345,0.07141858339309692
21,3,64,49,0.6720587015151978,0.1541169136762619
21,3,64,50,0.412770539522171,0.09511440992355347
21,3,64,51,0.657974362373352,0.15054361522197723
21,3,64,52,0.4547717571258545,0.12117169797420502
21,3,64,53,0.5714913010597229,0.1550237387418747
21,3,64,54,0.3558270335197449,0.06444237381219864
21,3,64,55,0.48376405239105225,0.1594790369272232
21,3,64,56,0.6193714141845703,0.14222180843353271
21,3,64,57,0.45809271931648254,0.09044744074344635
21,3,64,58,0.4587746858596802,0.22926580905914307
21,3,64,59,0.4605889320373535,0.12681491672992706
21,3,64,60,0.5327415466308594,0.1678146868944168
21,3,64,61,0.5348333120346069,0.31184130907058716
21,3,64,62,0.4868561327457428,0.12494929134845734
21,3,64,63,0.49287155270576477,0.255166620016098
21,4,128,0,0.5657171010971069,0.1152656301856041
21,4,128,1,0.46669602394104004,0.311730295419693
21,4,128,2,0.44098544120788574,0.11287593096494675
21,4,128,3,0.4738594591617584,0.27601420879364014
21,4,128,4,0.6859365105628967,0.2590554654598236
21,4,128,5,0.6571614146232605,0.14437872171401978
21,4,128,6,0.28478819131851196,0.10792658478021622
21,4,128,7,0.43994784355163574,0.2983361780643463
21,4,128,8,0.6579598188400269,0.07460462301969528
21,4,128,9,0.3890698552131653,0.1099897176027298
21,4,128,10,0.341551810503006,0.30771148204803467
21,4,128,11,0.6127841472625732,0.1992100030183792
21,4,128,12,0.4284360408782959,0.22032631933689117
21,4,128,13,0.6661539673805237,0.2515643537044525
21,4,128,14,0.5637301802635193,0.14472700655460358
21,4,128,15,0.6491366624832153,0.11519897729158401
21,4,128,16,0.5506525635719299,0.110027015209198
21,4,128,17,0.3877987861633301,0.13964508473873138
21,4,128,18,0.7344346642494202,0.12056417018175125
21,4,128,19,0.6072794198989868,0.1311918944120407
21,4,128,20,0.5904982686042786,0.16547644138336182
21,4,128,21,0.575528621673584,0.16422101855278015
21,4,128,22,0.49009445309638977,0.15708599984645844
21,4,128,23,0.5891302227973938,0.09269647300243378
21,4,128,24,0.49362167716026306,0.2001480907201767
21,4,128,25,0.8221614360809326,0.1277007758617401
21,4,128,26,0.7200435996055603,0.13588041067123413
21,4,128,27,0.5060796737670898,0.23087075352668762
21,4,128,28,0.46006786823272705,0.2036384791135788
21,4,128,29,0.4708036780357361,0.2257421761751175
21,4,128,30,0.3459257483482361,0.3079689145088196
21,4,128,31,0.5045591592788696,0.15680378675460815
21,4,128,32,0.5385245680809021,0.28804612159729004
21,4,128,33,0.5207971930503845,0.24493081867694855
21,4,128,34,0.44532427191734314,0.12721866369247437
21,4,128,35,0.39189091324806213,0.12887808680534363
21,4,128,36,0.6140742897987366,0.07482948899269104
21,4,128,37,0.4420780837535858,0.23438358306884766
21,4,128,38,0.5672674179077148,0.18848451972007751
21,4,128,39,0.45369815826416016,0.09699956327676773
21,4,128,40,0.5448486804962158,0.2599806785583496
21,4,128,41,0.6286492347717285,0.2621859610080719
21,4,128,42,0.48668816685676575,0.1604505181312561
21,4,128,43,0.5423017144203186,0.2427670657634735
21,4,128,44,0.45986923575401306,0.18236657977104187
21,4,128,45,0.46049964427948,0.28288862109184265
21,4,128,46,0.4440478980541229,0.19879880547523499
21,4,128,47,0.5612980127334595,0.20122197270393372
21,4,128,48,0.4422874450683594,0.16195513308048248
21,4,128,49,0.545627772808075,0.2077220380306244
21,4,128,50,0.6250800490379333,0.18924441933631897
21,4,128,51,0.6005114912986755,0.08493606746196747
21,4,128,52,0.5973882675170898,0.29893168807029724
21,4,128,53,0.6588732004165649,0.151203453540802
21,4,128,54,0.44702163338661194,0.1894652247428894
21,4,128,55,0.39217618107795715,0.23879152536392212
21,4,128,56,0.44709187746047974,0.24173897504806519
21,4,128,57,0.6837193369865417,0.0932515487074852
21,4,128,58,0.4925954043865204,0.1158885583281517
21,4,128,59,0.5927160978317261,0.2529795467853546
21,4,128,60,0.4065777659416199,0.22031277418136597
21,4,128,61,0.7398152947425842,0.15901561081409454
21,4,128,62,0.5894468426704407,0.15145641565322876
21,4,128,63,0.7049583196640015,0.14089150726795197
21,4,128,64,0.4212488830089569,0.22335530817508698
21,4,128,65,0.406402051448822,0.25857144594192505
21,4,128,66,0.5312632322311401,0.2115677297115326
21,4,128,67,0.5034406185150146,0.06157089024782181
21,4,128,68,0.47753167152404785,0.1342976838350296
21,4,128,69,0.48631325364112854,0.30767035484313965
21,4,128,70,0.4464683532714844,0.19365252554416656
21,4,128,71,0.5367212295532227,0.1518040895462036
21,4,128,72,0.6712676882743835,0.11238180100917816
21,4,128,73,0.48860904574394226,0.09406446665525436
21,4,128,74,0.4894734025001526,0.11773184686899185
21,4,128,75,0.7055418491363525,0.08021572977304459
21,4,128,76,0.3526245355606079,0.12463019043207169
21,4,128,77,0.41900354623794556,0.2115105241537094
21,4,128,78,0.4105277955532074,0.2231399416923523
21,4,128,79,0.3617589771747589,0.20471340417861938
21,4,128,80,0.516889214515686,0.1286637783050537
21,4,128,81,0.43887051939964294,0.12793003022670746
21,4,128,82,0.4552629292011261,0.19459420442581177
21,4,128,83,0.5667101740837097,0.20032119750976562
21,4,128,84,0.7416707873344421,0.09552935510873795
21,4,128,85,0.713592529296875,0.19921545684337616
21,4,128,86,0.6531471014022827,0.16749869287014008
21,4,128,87,0.3557299077510834,0.09134972840547562
21,4,128,88,0.5435582995414734,0.21151940524578094
21,4,128,89,0.6179022789001465,0.20831593871116638
21,4,128,90,0.7175866961479187,0.12323170155286789
21,4,128,91,0.7137967348098755,0.09856992214918137
21,4,128,92,0.6090846657752991,0.22510620951652527
21,4,128,93,0.5837205052375793,0.1776113659143448
21,4,128,94,0.6926255226135254,0.14519774913787842
21,4,128,95,0.6286889314651489,0.2120448797941208
21,4,128,96,0.4807988107204437,0.21221686899662018
21,4,128,97,0.4456639885902405,0.22496779263019562
21,4,128,98,0.39952552318573,0.2144465446472168
21,4,128,99,0.4694893956184387,0.13783131539821625
21,4,128,100,0.3354846239089966,0.30219364166259766
21,4,128,101,0.5606570839881897,0.3030334711074829
21,4,128,102,0.6602209210395813,0.09363953024148941
21,4,128,103,0.44935670495033264,0.08994818478822708
21,4,128,104,0.722611129283905,0.14736418426036835
21,4,128,105,0.6121910214424133,0.18836981058120728
21,4,128,106,0.4919307827949524,0.23662042617797852
21,4,128,107,0.5087292194366455,0.090476855635643
21,4,128,108,0.5231238007545471,0.10883679240942001
21,4,128,109,0.6636494398117065,0.11103729158639908
21,4,128,110,0.38455304503440857,0.2924915850162506
21,4,128,111,0.6670355796813965,0.1324247270822525
21,4,128,112,0.6042051315307617,0.13713319599628448
21,4,128,113,0.45898422598838806,0.058817651122808456
21,4,128,114,0.62080979347229,0.09692031145095825
21,4,128,115,0.6053469181060791,0.08403456956148148
21,4,128,116,0.5378923416137695,0.16109395027160645
21,4,128,117,0.6372213363647461,0.2143261730670929
21,4,128,118,0.494943231344223,0.27526187896728516
21,4,128,119,0.6071822643280029,0.15398947894573212
21,4,128,120,0.38088691234588623,0.1409236490726471
21,4,128,121,0.41059550642967224,0.21658767759799957
21,4,128,122,0.5672499537467957,0.18378327786922455
21,4,128,123,0.47519469261169434,0.23733267188072205
21,4,128,124,0.496075838804245,0.1854165643453598
21,4,128,125,0.44475844502449036,0.1384187787771225
21,4,128,126,0.46709731221199036,0.2584410011768341
21,4,128,127,0.4306156039237976,0.2951161563396454
21,5,128,0,0.48012909293174744,0.2470105141401291
21,5,128,1,0.49660682678222656,0.24376946687698364
21,5,128,2,0.3161003291606903,0.13782715797424316
21,5,128,3,0.8155556917190552,0.09105861932039261
21,5,128,4,0.5767537951469421,0.17190206050872803
21,5,128,5,0.9117214679718018,0.07291701436042786
21,5,128,6,0.5214142203330994,0.2027963548898697
21,5,128,7,0.8927080631256104,0.1176367998123169
21,5,128,8,0.8342858552932739,0.19500571489334106
21,5,128,9,0.8650161027908325,0.11661694198846817
21,5,128,10,0.8852328062057495,0.13129781186580658
21,5,128,11,0.893013596534729,0.08363009244203568
21,5,128,12,0.9490874409675598,0.06023743376135826
21,5,128,13,0.570540726184845,0.2277722805738449
21,5,128,14,0.45876994729042053,0.0923028215765953
21,5,128,15,0.8730772137641907,0.0881395936012268
21,5,128,16,0.7739502191543579,0.2257877141237259
21,5,128,17,0.5366616249084473,0.23010048270225525
21,5,128,18,0.8806695342063904,0.11022008210420609
21,5,128,19,0.849672794342041,0.18027088046073914
21,5,128,20,0.9295649528503418,0.07124767452478409
21,5,128,21,0.4217852056026459,0.1920345276594162
21,5,128,22,0.3590547740459442,0.1847066432237625
21,5,128,23,0.6720377802848816,0.06317480653524399
21,5,128,24,0.5022997260093689,0.21642634272575378
21,5,128,25,0.7561973333358765,0.23927855491638184
21,5,128,26,0.8815320730209351,0.1278260201215744
21,5,128,27,0.8485012054443359,0.11767396330833435
21,5,128,28,0.542904794216156,0.26002630591392517
21,5,128,29,0.8188559412956238,0.24907833337783813
21,5,128,30,0.9200941920280457,0.07111968100070953
21,5,128,31,0.8270634412765503,0.06642070412635803
21,5,128,32,0.5066123008728027,0.046640265733003616
21,5,128,33,0.833060622215271,0.1493385285139084
21,5,128,34,0.5164857506752014,0.22751031816005707
21,5,128,35,0.41305336356163025,0.21746692061424255
21,5,128,36,0.7285313606262207,0.19702330231666565
21,5,128,37,0.9062390327453613,0.08673616498708725
21,5,128,38,0.4606601893901825,0.1500806212425232
21,5,128,39,0.667673647403717,0.1827060729265213
21,5,128,40,0.6554944515228271,0.09714571386575699
21,5,128,41,0.9020110964775085,0.12200333923101425
21,5,128,42,0.594989538192749,0.23328468203544617
21,5,128,43,0.34976726770401,0.2944214642047882
21,5,128,44,0.7931948304176331,0.1481722742319107
21,5,128,45,0.6793364882469177,0.09994257986545563
21,5,128,46,0.8350321650505066,0.1324949562549591
21,5,128,47,0.766655683517456,0.13652865588665009
21,5,128,48,0.8446819186210632,0.11453085392713547
21,5,128,49,0.27142783999443054,0.1862732321023941
21,5,128,50,0.8158194422721863,0.15499825775623322
21,5,128,51,0.6992982029914856,0.2028442770242691
21,5,128,52,0.28187596797943115,0.14967575669288635
21,5,128,53,0.7867557406425476,0.22942329943180084
21,5,128,54,0.6829857230186462,0.16312386095523834
21,5,128,55,0.736476719379425,0.1303320825099945
21,5,128,56,0.8482374548912048,0.10060973465442657
21,5,128,57,0.7916403412818909,0.17095603048801422
21,5,128,58,0.787092387676239,0.11681719124317169
21,5,128,59,0.9006426930427551,0.09120577573776245
21,5,128,60,0.5160188674926758,0.25680452585220337
21,5,128,61,0.8523353338241577,0.10684899240732193
21,5,128,62,0.8335954546928406,0.1534677892923355
21,5,128,63,0.8307393789291382,0.17932726442813873
21,5,128,64,0.6277925968170166,0.24310138821601868
21,5,128,65,0.3573455512523651,0.2777685523033142
21,5,128,66,0.7994421124458313,0.2078768014907837
21,5,128,67,0.7156451344490051,0.1897444725036621
21,5,128,68,0.8066860437393188,0.086609847843647
21,5,128,69,0.8692684173583984,0.1630869209766388
21,5,128,70,0.8680418133735657,0.12135554105043411
21,5,128,71,0.7992870807647705,0.13504527509212494
21,5,128,72,0.46995365619659424,0.29361972212791443
21,5,128,73,0.37895137071609497,0.28122153878211975
21,5,128,74,0.7616263628005981,0.24528652429580688
21,5,128,75,0.777228057384491,0.18499605357646942
21,5,128,76,0.6157225370407104,0.20225723087787628
21,5,128,77,0.7999257445335388,0.13709613680839539
21,5,128,78,0.43562114238739014,0.2056194394826889
21,5,128,79,0.739376425743103,0.2873695492744446
21,5,128,80,0.8091057538986206,0.10250744968652725
21,5,128,81,0.6259837746620178,0.09800555557012558
21,5,128,82,0.9018062949180603,0.06983283162117004
21,5,128,83,0.2603306174278259,0.26369038224220276
21,5,128,84,0.8235396146774292,0.08017106354236603
21,5,128,85,0.8479666709899902,0.13463889062404633
21,5,128,86,0.6046105623245239,0.12150364369153976
21,5,128,87,0.6540654897689819,0.07240117341279984
21,5,128,88,0.8320134282112122,0.20560643076896667
21,5,128,89,0.8913278579711914,0.11172343045473099
21,5,128,90,0.8567230105400085,0.10671786963939667
21,5,128,91,0.9155232310295105,0.08029939234256744
21,5,128,92,0.9241364002227783,0.07254514843225479
21,5,128,93,0.5061975717544556,0.17990313470363617
21,5,128,94,0.8655572533607483,0.10423826426267624
21,5,128,95,0.26133471727371216,0.2720322608947754
21,5,128,96,0.6411397457122803,0.18072724342346191
21,5,128,97,0.8423669934272766,0.17996414005756378
21,5,128,98,0.3758994936943054,0.32845538854599
21,5,128,99,0.4436352849006653,0.3009036183357239
21,5,128,100,0.9046936631202698,0.09025230258703232
21,5,128,101,0.7026572227478027,0.08063890784978867
21,5,128,102,0.8250030279159546,0.19050006568431854
21,5,128,103,0.6275749802589417,0.10846000909805298
21,5,128,104,0.8399386405944824,0.20597068965435028
21,5,128,105,0.2239604890346527,0.25138530135154724
21,5,128,106,0.8665130138397217,0.13384804129600525
21,5,128,107,0.3888242244720459,0.2853507399559021
21,5,128,108,0.8257889151573181,0.17093656957149506
21,5,128,109,0.7993674874305725,0.24012306332588196
21,5,128,110,0.7902913689613342,0.22709746658802032
21,5,128,111,0.7440358400344849,0.1303069293498993
21,5,128,112,0.675546407699585,0.25233694911003113
21,5,128,113,0.3135266900062561,0.28764164447784424
21,5,128,114,0.8891818523406982,0.1118883490562439
21,5,128,115,0.6931349635124207,0.30724361538887024
21,5,128,116,0.34047242999076843,0.33828023076057434
21,5,128,117,0.4040187895298004,0.20788070559501648
21,5,128,118,0.5602777004241943,0.2108539640903473
21,5,128,119,0.7944269776344299,0.19567939639091492
21,5,128,120,0.8859671354293823,0.07720231264829636
21,5,128,121,0.8175833225250244,0.11284193396568298
21,5,128,122,0.36569294333457947,0.21494005620479584
21,5,128,123,0.8099807500839233,0.19326993823051453
21,5,128,124,0.849840521812439,0.15574303269386292
21,5,128,125,0.8552601337432861,0.1722072958946228
21,5,128,126,0.7733730673789978,0.11659570783376694
21,5,128,127,0.24604983627796173,0.22876600921154022
22,0,32,0,0.46016383171081543,0.19324269890785217
22,0,32,1,0.46890631318092346,0.05473678186535835
22,0,32,2,0.4619062840938568,0.08536063879728317
22,0,32,3,0.6937798857688904,0.05538593977689743
22,0,32,4,0.4901684820652008,0.08188368380069733
22,0,32,5,0.533652126789093,0.058498043566942215
22,0,32,6,0.5511626601219177,0.12942658364772797
22,0,32,7,0.615324854850769,0.08302324265241623
22,0,32,8,0.6362935304641724,0.10632899403572083
22,0,32,9,0.5437119007110596,0.08219043165445328
22,0,32,10,0.5942134261131287,0.013781656511127949
22,0,32,11,0.4281467795372009,0.17963628470897675
22,0,32,12,0.6598076820373535,0.05801374465227127
22,0,32,13,0.44000372290611267,0.06362497061491013
22,0,32,14,0.6499387621879578,0.07660478353500366
22,0,32,15,0.47529593110084534,0.10701160132884979
22,0,32,16,0.4382008910179138,0.12734143435955048
22,0,32,17,0.5481512546539307,0.06183722987771034
22,0,32,18,0.49964967370033264,0.08969341218471527
22,0,32,19,0.45348575711250305,0.06316979974508286
22,0,32,20,0.47361868619918823,0.05507342144846916
22,0,32,21,0.43391358852386475,0.08544004708528519
22,0,32,22,0.4263879358768463,0.06695406883955002
22,0,32,23,0.45341673493385315,0.06996883451938629
22,0,32,24,0.338542640209198,0.05612662434577942
22,0,32,25,0.52594393491745,0.12326820939779282
22,0,32,26,0.40653979778289795,0.024319007992744446
22,0,32,27,0.44637253880500793,0.06706755608320236
22,0,32,28,0.6482105851173401,0.04066997766494751
22,0,32,29,0.4346483051776886,0.0629383996129036
22,0,32,30,0.5493873357772827,0.09708233177661896
22,0,32,31,0.5662127733230591,0.05415899679064751
22,1,32,0,0.5405598878860474,0.22008971869945526
22,1,32,1,0.4669727385044098,0.1291670948266983
22,1,32,2,0.5694212317466736,0.08316684514284134
22,1,32,3,0.4487364590167999,0.13918298482894897
22,1,32,4,0.5295681357383728,0.17154204845428467
22,1,32,5,0.4286455810070038,0.06268809735774994
22,1,32,6,0.6373430490493774,0.12535734474658966
22,1,32,7,0.38566964864730835,0.09163117408752441
22,1,32,8,0.5740866661071777,0.14856021106243134
22,1,32,9,0.5801251530647278,0.14734405279159546
22,1,32,10,0.5047157406806946,0.0868779718875885
22,1,32,11,0.6216037273406982,0.11156195402145386
22,1,32,12,0.6009830832481384,0.10221469402313232
22,1,32,13,0.42167529463768005,0.1731415092945099
22,1,32,14,0.5495366454124451,0.11102668195962906
22,1,32,15,0.4236502945423126,0.14544996619224548
22,1,32,16,0.6018516421318054,0.12133298814296722
22,1,32,17,0.3968982994556427,0.08272364735603333
22,1,32,18,0.29767414927482605,0.10583566874265671
22,1,32,19,0.4599062502384186,0.07040031999349594
22,1,32,20,0.6360641717910767,0.08466089516878128
22,1,32,21,0.4374294877052307,0.051786843687295914
22,1,32,22,0.47418296337127686,0.1187770813703537
22,1,32,23,0.5763841271400452,0.17132194340229034
22,1,32,24,0.45152759552001953,0.04749198630452156
22,1,32,25,0.38143807649612427,0.0864354744553566
22,1,32,26,0.6904848217964172,0.09087713807821274
22,1,32,27,0.3994796574115753,0.09310241788625717
22,1,32,28,0.5820298194885254,0.08997391909360886
22,1,32,29,0.5954723358154297,0.0668414756655693
22,1,32,30,0.4637245833873749,0.06734337657690048
22,1,32,31,0.4127811789512634,0.06061364337801933
22,2,64,0,0.37784287333488464,0.11240372061729431
22,2,64,1,0.5115203261375427,0.19215698540210724
22,2,64,2,0.5851901173591614,0.046375177800655365
22,2,64,3,0.3727171719074249,0.08669155836105347
22,2,64,4,0.6050339341163635,0.18478095531463623
22,2,64,5,0.4630028009414673,0.18466252088546753
22,2,64,6,0.49857479333877563,0.11267101764678955
22,2,64,7,0.34963157773017883,0.07480384409427643
22,2,64,8,0.6612920165061951,0.09975504130125046
22,2,64,9,0.5197626948356628,0.1300661265850067
22,2,64,10,0.4569687843322754,0.09842324256896973
22,2,64,11,0.39206016063690186,0.06594044715166092
22,2,64,12,0.6021925210952759,0.14081712067127228
22,2,64,13,0.4812149405479431,0.08547203987836838
22,2,64,14,0.4826873540878296,0.12238612771034241
22,2,64,15,0.6885836720466614,0.11265882104635239
22,2,64,16,0.6449655294418335,0.23278962075710297
22,2,64,17,0.4550563097000122,0.08479996025562286
22,2,64,18,0.38252905011177063,0.12294579297304153
22,2,64,19,0.6045176386833191,0.14539454877376556
22,2,64,20,0.4556262493133545,0.16707512736320496
22,2,64,21,0.47931551933288574,0.0977863296866417
22,2,64,22,0.32887911796569824,0.06533175706863403
22,2,64,23,0.5994111895561218,0.09919338673353195
22,2,64,24,0.4298214018344879,0.0848693922162056
22,2,64,25,0.7220125198364258,0.09996060281991959
22,2,64,26,0.5531036257743835,0.15684761106967926
22,2,64,27,0.33709633350372314,0.07259678095579147
22,2,64,28,0.4935586750507355,0.057337019592523575
22,2,64,29,0.49222415685653687,0.21210116147994995
22,2,64,30,0.6904001235961914,0.1464320421218872
22,2,64,31,0.5149011015892029,0.12871995568275452
22,2,64,32,0.4226248264312744,0.07957234978675842
22,2,64,33,0.46840810775756836,0.16115447878837585
22,2,64,34,0.5365238785743713,0.13469122350215912
22,2,64,35,0.4520235061645508,0.13959677517414093
22,2,64,36,0.45563969016075134,0.08380643278360367
22,2,64,37,0.5577414035797119,0.2067798674106598
22,2,64,38,0.5785552263259888,0.1533762514591217
22,2,64,39,0.38314372301101685,0.18093527853488922
22,2,64,40,0.42221078276634216,0.13514883816242218
22,2,64,41,0.3765084743499756,0.09423869103193283
22,2,64,42,0.6400635838508606,0.15147948265075684
22,2,64,43,0.3589830994606018,0.0854324921965599
22,2,64,44,0.4749801456928253,0.2453009933233261
22,2,64,45,0.32144859433174133,0.06960459053516388
22,2,64,46,0.5338467359542847,0.1416311115026474
22,2,64,47,0.6080593466758728,0.0871407762169838
22,2,64,48,0.34328797459602356,0.06819608062505722
22,2,64,49,0.654274582862854,0.07509734481573105
22,2,64,50,0.43162330985069275,0.1765775978565216
22,2,64,51,0.5261017084121704,0.07828720659017563
22,2,64,52,0.5045322179794312,0.11126229166984558
22,2,64,53,0.5192530751228333,0.14983630180358887
22,2,64,54,0.7290352582931519,0.07949433475732803
22,2,64,55,0.46693024039268494,0.22736476361751556
22,2,64,56,0.536299467086792,0.13734020292758942
22,2,64,57,0.3608764111995697,0.07207253575325012
22,2,64,58,0.5248024463653564,0.1375827193260193
22,2,64,59,0.5897265076637268,0.20179256796836853
22,2,64,60,0.5297136902809143,0.11101943999528885
22,2,64,61,0.46789491176605225,0.16488176584243774
22,2,64,62,0.6016055941581726,0.09535901993513107
22,2,64,63,0.6307882070541382,0.1149180456995964
22,3,64,0,0.38446903228759766,0.17865873873233795
22,3,64,1,0.6838409900665283,0.12028974294662476
22,3,64,2,0.5324940085411072,0.158556267619133
22,3,64,3,0.46172022819519043,0.05320203676819801
22,3,64,4,0.6482927799224854,0.14711862802505493
22,3,64,5,0.4839913845062256,0.23202425241470337
22,3,64,6,0.5823927521705627,0.12981267273426056
22,3,64,7,0.39658039808273315,0.147714301943779
22,3,64,8,0.4166533946990967,0.10425011813640594
22,3,64,9,0.5743295550346375,0.18596597015857697
22,3,64,10,0.43911996483802795,0.1756317913532257
22,3,64,11,0.49012571573257446,0.09325690567493439
22,3,64,12,0.39697059988975525,0.11511951684951782
22,3,64,13,0.5692890882492065,0.2508609890937805
22,3,64,14,0.6216337084770203,0.09482211619615555
22,3,64,15,0.47266310453414917,0.14027905464172363
22,3,64,16,0.32842883467674255,0.1343788504600525
22,3,64,17,0.5965896844863892,0.24252499639987946
22,3,64,18,0.5040727257728577,0.168635755777359
22,3,64,19,0.3785618543624878,0.059649400413036346
22,3,64,20,0.588229775428772,0.08667626231908798
22,3,64,21,0.46355703473091125,0.18648549914360046
22,3,64,22,0.5018548369407654,0.1743735820055008
22,3,64,23,0.5020539164543152,0.23769621551036835
22,3,64,24,0.3662083148956299,0.07427382469177246
22,3,64,25,0.6207621693611145,0.1665298342704773
22,3,64,26,0.4355238676071167,0.14267456531524658
22,3,64,27,0.4584652781486511,0.16893398761749268
22,3,64,28,0.5382131338119507,0.12064921110868454
22,3,64,29,0.542840301990509,0.14286582171916962
22,3,64,30,0.26711001992225647,0.11108331382274628
22,3,64,31,0.6101671457290649,0.17671620845794678
22,3,64,32,0.4496787190437317,0.16489407420158386
22,3,64,33,0.5923973917961121,0.1667335331439972
22,3,64,34,0.5646116137504578,0.1254405677318573
22,3,64,35,0.5751944780349731,0.11881811171770096
22,3,64,36,0.47552579641342163,0.12578333914279938
22,3,64,37,0.355366051197052,0.1362524777650833
22,3,64,38,0.5034626126289368,0.1132161095738411
22,3,64,39,0.38842469453811646,0.1026943251490593
22,3,64,40,0.5169923305511475,0.15549856424331665
22,3,64,41,0.29482826590538025,0.11457262188196182
22,3,64,42,0.6335870623588562,0.16996914148330688
22,3,64,43,0.5383160710334778,0.09977102279663086
22,3,64,44,0.4922110438346863,0.1437538117170334
22,3,64,45,0.7314095497131348,0.10195794701576233
22,3,64,46,0.5543773770332336,0.1266174614429474
22,3,64,47,0.2930939793586731,0.13649316132068634
22,3,64,48,0.5765426754951477,0.13980120420455933
22,3,64,49,0.5392603874206543,0.038196466863155365
22,3,64,50,0.5665457248687744,0.0947832241654396
22,3,64,51,0.4687381684780121,0.2255270630121231
22,3,64,52,0.6084745526313782,0.1228257268667221
22,3,64,53,0.476783812046051,0.11282956600189209
22,3,64,54,0.3868821859359741,0.079030841588974
22,3,64,55,0.6543087363243103,0.11626183241605759
22,3,64,56,0.4527146518230438,0.18834567070007324
22,3,64,57,0.5830255746841431,0.145075261592865
22,3,64,58,0.39014917612075806,0.1882297247648239
22,3,64,59,0.6256433725357056,0.08488980680704117
22,3,64,60,0.40864667296409607,0.0887056440114975
22,3,64,61,0.5034900903701782,0.10716293752193451
22,3,64,62,0.5189216732978821,0.10707974433898926
22,3,64,63,0.3009573221206665,0.16182397305965424
22,4,128,0,0.36514851450920105,0.16436955332756042
22,4,128,1,0.6424269676208496,0.2582906484603882
22,4,128,2,0.562461793422699,0.2855551242828369
22,4,128,3,0.7396516799926758,0.14101427793502808
22,4,128,4,0.44693538546562195,0.1405806839466095
22,4,128,5,0.5480459928512573,0.0405191071331501
22,4,128,6,0.3532743453979492,0.16354325413703918
22,4,128,7,0.43442046642303467,0.15592461824417114
22,4,128,8,0.5173086524009705,0.2887955605983734
22,4,128,9,0.6085954308509827,0.2683422267436981
22,4,128,10,0.4120285212993622,0.1953793317079544
22,4,128,11,0.46404343843460083,0.22361426055431366
22,4,128,12,0.5921903252601624,0.1797262281179428
22,4,128,13,0.5928325653076172,0.1258312612771988
22,4,128,14,0.48043569922447205,0.28231024742126465
22,4,128,15,0.44027626514434814,0.24811813235282898
22,4,128,16,0.7358236312866211,0.11010842025279999
22,4,128,17,0.6159605979919434,0.21905803680419922
22,4,128,18,0.5653796792030334,0.34128978848457336
22,4,128,19,0.38945767283439636,0.0751519426703453
22,4,128,20,0.4854658544063568,0.26643046736717224
22,4,128,21,0.6729696393013,0.18799567222595215
22,4,128,22,0.6399235129356384,0.28312814235687256
22,4,128,23,0.49066704511642456,0.35699301958084106
22,4,128,24,0.26306644082069397,0.13616397976875305
22,4,128,25,0.44817057251930237,0.1862233728170395
22,4,128,26,0.6434946060180664,0.12318247556686401
22,4,128,27,0.3807862102985382,0.2690083086490631
22,4,128,28,0.6294726729393005,0.20522603392601013
22,4,128,29,0.40416693687438965,0.08651343733072281
22,4,128,30,0.647166907787323,0.16752418875694275
22,4,128,31,0.683765709400177,0.08733704686164856
22,4,128,32,0.6445668339729309,0.16870461404323578
22,4,128,33,0.5400784611701965,0.36641693115234375
22,4,128,34,0.627117395401001,0.24811910092830658
22,4,128,35,0.6807036399841309,0.08588740974664688
22,4,128,36,0.7055898904800415,0.11264777183532715
22,4,128,37,0.5395887494087219,0.34857994318008423
22,4,128,38,0.5705996751785278,0.1018306091427803
22,4,128,39,0.4102306365966797,0.2316475510597229
22,4,128,40,0.35864749550819397,0.1737319827079773
22,4,128,41,0.548624575138092,0.31619659066200256
22,4,128,42,0.617505669593811,0.20939984917640686
22,4,128,43,0.6612953543663025,0.11434473097324371
22,4,128,44,0.5456297993659973,0.22239147126674652
22,4,128,45,0.5441809892654419,0.2091604471206665
22,4,128,46,0.45144468545913696,0.3587680459022522
22,4,128,47,0.3914686441421509,0.25882449746131897
22,4,128,48,0.4000556170940399,0.23023621737957
22,4,128,49,0.2730647623538971,0.15787865221500397
22,4,128,50,0.5057615041732788,0.1981401890516281
22,4,128,51,0.5809966921806335,0.22992590069770813
22,4,128,52,0.6615716814994812,0.14633101224899292
22,4,128,53,0.5725336670875549,0.29454541206359863
22,4,128,54,0.5276740193367004,0.281136155128479
22,4,128,55,0.6129213571548462,0.26323139667510986
22,4,128,56,0.4793301224708557,0.3324863612651825
22,4,128,57,0.7314527630805969,0.19000904262065887
22,4,128,58,0.366925984621048,0.17492669820785522
22,4,128,59,0.39326760172843933,0.1291535198688507
22,4,128,60,0.7375669479370117,0.13418720662593842
22,4,128,61,0.4217268228530884,0.2378804236650467
22,4,128,62,0.5946796536445618,0.28463244438171387
22,4,128,63,0.43742308020591736,0.23985880613327026
22,4,128,64,0.7188870906829834,0.1315128356218338
22,4,128,65,0.4346475899219513,0.08677060157060623
22,4,128,66,0.7331634163856506,0.14648950099945068
22,4,128,67,0.6566089391708374,0.19026660919189453
22,4,128,68,0.4502827525138855,0.3555620610713959
22,4,128,69,0.6770035624504089,0.0796370655298233
22,4,128,70,0.6643876433372498,0.18566542863845825
22,4,128,71,0.6889091730117798,0.15352672338485718
22,4,128,72,0.4788755774497986,0.2335911989212036
22,4,128,73,0.5997987389564514,0.23857755959033966
22,4,128,74,0.5785704255104065,0.29882383346557617
22,4,128,75,0.4490719139575958,0.04417392238974571
22,4,128,76,0.5344439148902893,0.2004893273115158
22,4,128,77,0.577278196811676,0.3049227297306061
22,4,128,78,0.6271952986717224,0.2938036620616913
22,4,128,79,0.3523555397987366,0.21888409554958344
22,4,128,80,0.36836323142051697,0.26612770557403564
22,4,128,81,0.5716294646263123,0.21801315248012543
22,4,128,82,0.456685334444046,0.2652018070220947
22,4,128,83,0.6268847584724426,0.21844787895679474
22,4,128,84,0.6421526670455933,0.17591829597949982
22,4,128,85,0.573097825050354,0.30519500374794006
22,4,128,86,0.4767879545688629,0.2758296728134155
22,4,128,87,0.6758840084075928,0.09722526371479034
22,4,128,88,0.6177240610122681,0.2942084074020386
22,4,128,89,0.7064827680587769,0.23723916709423065
22,4,128,90,0.4995826482772827,0.2105359435081482
22,4,128,91,0.6842527389526367,0.2028636783361435
22,4,128,92,0.6529720425605774,0.11607179045677185
22,4,128,93,0.6363252997398376,0.21311716735363007
22,4,128,94,0.6809625029563904,0.19872325658798218
22,4,128,95,0.3018700182437897,0.09348848462104797
22,4,128,96,0.6851525902748108,0.161023810505867
22,4,128,97,0.6964783668518066,0.08617914468050003
22,4,128,98,0.737180769443512,0.12120356410741806
22,4,128,99,0.6625384092330933,0.16170352697372437
22,4,128,100,0.4983106255531311,0.2683577239513397
22,4,128,101,0.6132596135139465,0.25075605511665344
22,4,128,102,0.45859411358833313,0.18805749714374542
22,4,128,103,0.35201507806777954,0.1523994356393814
22,4,128,104,0.7043278813362122,0.11804001033306122
22,4,128,105,0.714538037776947,0.08446980267763138
22,4,128,106,0.3717712163925171,0.06872263550758362
22,4,128,107,0.7954861521720886,0.1242726668715477
22,4,128,108,0.31768688559532166,0.15034550428390503
22,4,128,109,0.5199799537658691,0.17990422248840332
22,4,128,110,0.5330584645271301,0.18442799150943756
22,4,128,111,0.747998833656311,0.14555157721042633
22,4,128,112,0.5354209542274475,0.11522585153579712
22,4,128,113,0.3401823043823242,0.20389775931835175
22,4,128,114,0.6335306167602539,0.1790207326412201
22,4,128,115,0.5858720541000366,0.22530993819236755
22,4,128,116,0.2915588617324829,0.11206093430519104
22,4,128,117,0.6786640286445618,0.213979572057724
22,4,128,118,0.6160945296287537,0.16935281455516815
22,4,128,119,0.5897293090820312,0.05476924777030945
22,4,128,120,0.5112267732620239,0.1385929137468338
22,4,128,121,0.4215618073940277,0.2596350610256195
22,4,128,122,0.576047420501709,0.22198814153671265
22,4,128,123,0.545499861240387,0.187815859913826
22,4,128,124,0.4323585033416748,0.20311380922794342
22,4,128,125,0.5539500713348389,0.11324156075716019
22,4,128,126,0.62155681848526,0.29898446798324585
22,4,128,127,0.5149660706520081,0.2783343493938446
22,5,128,0,0.5112425684928894,0.12665581703186035
22,5,128,1,0.38001397252082825,0.2954168915748596
22,5,128,2,0.681256890296936,0.2126527577638626
22,5,128,3,0.8172128796577454,0.14496561884880066
22,5,128,4,0.766982913017273,0.20890717208385468
22,5,128,5,0.6826832294464111,0.227050319314003
22,5,128,6,0.38820892572402954,0.3080150783061981
22,5,128,7,0.5564712285995483,0.10523296892642975
22,5,128,8,0.5497128963470459,0.12132246047258377
22,5,128,9,0.7462083697319031,0.21440672874450684
22,5,128,10,0.6804155111312866,0.11057278513908386
22,5,128,11,0.8044512867927551,0.14433184266090393
22,5,128,12,0.6289311051368713,0.12704618275165558
22,5,128,13,0.7576945424079895,0.21499007940292358
22,5,128,14,0.5683403611183167,0.22917740046977997
22,5,128,15,0.8526425361633301,0.08253097534179688
22,5,128,16,0.8006294965744019,0.11188256740570068
22,5,128,17,0.6787695288658142,0.17815087735652924
22,5,128,18,0.475854754447937,0.24898649752140045
22,5,128,19,0.7006134390830994,0.18551208078861237
22,5,128,20,0.2608899474143982,0.09874754399061203
22,5,128,21,0.8060781359672546,0.1383167952299118
22,5,128,22,0.5898580551147461,0.044531095772981644
22,5,128,23,0.2993970811367035,0.14533402025699615
22,5,128,24,0.5652902126312256,0.22676338255405426
22,5,128,25,0.5264742374420166,0.04480499029159546
22,5,128,26,0.40318840742111206,0.2868219316005707
22,5,128,27,0.6608189344406128,0.32738521695137024
22,5,128,28,0.6764788627624512,0.286215603351593
22,5,128,29,0.4604826867580414,0.16299714148044586
22,5,128,30,0.6268599033355713,0.09710554778575897
22,5,128,31,0.7432780265808105,0.19185608625411987
22,5,128,32,0.7372661232948303,0.14184829592704773
22,5,128,33,0.8415824174880981,0.12409871071577072
22,5,128,34,0.8424636125564575,0.12381957471370697
22,5,128,35,0.37645918130874634,0.28543373942375183
22,5,128,36,0.6913959980010986,0.27960917353630066
22,5,128,37,0.7608786225318909,0.14091451466083527
22,5,128,38,0.7518191933631897,0.18540352582931519
22,5,128,39,0.3399038314819336,0.2196696400642395
22,5,128,40,0.6374987363815308,0.06233416125178337
22,5,128,41,0.31691211462020874,0.07318447530269623
22,5,128,42,0.6893153190612793,0.24701231718063354
22,5,128,43,0.6790907382965088,0.3060170114040375
22,5,128,44,0.6901811361312866,0.18474888801574707
22,5,128,45,0.6327016949653625,0.16767799854278564
22,5,128,46,0.6692898869514465,0.1124892458319664
22,5,128,47,0.3090117275714874,0.16464948654174805
22,5,128,48,0.46923038363456726,0.35393214225769043
22,5,128,49,0.41538920998573303,0.06788887828588486
22,5,128,50,0.34026604890823364,0.18396614491939545
22,5,128,51,0.6234976649284363,0.06134161725640297
22,5,128,52,0.27986621856689453,0.18373094499111176
22,5,128,53,0.6851437091827393,0.11665035039186478
22,5,128,54,0.5988391041755676,0.34483784437179565
22,5,128,55,0.6912938952445984,0.2062547355890274
22,5,128,56,0.7614338397979736,0.19877903163433075
22,5,128,57,0.7464931011199951,0.1574329137802124
22,5,128,58,0.8260803818702698,0.121096171438694
22,5,128,59,0.5020291209220886,0.2728729248046875
22,5,128,60,0.8243628144264221,0.1229199469089508
22,5,128,61,0.42987892031669617,0.34957802295684814
22,5,128,62,0.3626730442047119,0.14585742354393005
22,5,128,63,0.825661301612854,0.12456013262271881
22,5,128,64,0.7490252256393433,0.20907750725746155
22,5,128,65,0.48414379358291626,0.19891974329948425
22,5,128,66,0.8046761751174927,0.1621442288160324
22,5,128,67,0.7787743806838989,0.14339368045330048
22,5,128,68,0.8501296043395996,0.12907326221466064
22,5,128,69,0.6855777502059937,0.10292273014783859
22,5,128,70,0.6077874302864075,0.19841213524341583
22,5,128,71,0.8234236836433411,0.09462942183017731
22,5,128,72,0.5184325575828552,0.2655315399169922
22,5,128,73,0.6659553647041321,0.2973891496658325
22,5,128,74,0.8481776118278503,0.11881518363952637
22,5,128,75,0.7433136701583862,0.1445757895708084
22,5,128,76,0.792646050453186,0.0819152295589447
22,5,128,77,0.8285632133483887,0.13883627951145172
22,5,128,78,0.7062609791755676,0.2811002731323242
22,5,128,79,0.6253645420074463,0.10956054925918579
22,5,128,80,0.3080384433269501,0.25180891156196594
22,5,128,81,0.41373297572135925,0.05058371648192406
22,5,128,82,0.6912271976470947,0.2595733106136322
22,5,128,83,0.38056841492652893,0.30999982357025146
22,5,128,84,0.6305032968521118,0.2572923004627228
22,5,128,85,0.7419928312301636,0.2561594247817993
22,5,128,86,0.34693512320518494,0.09834709763526917
22,5,128,87,0.7653005719184875,0.14906056225299835
22,5,128,88,0.4246043860912323,0.17672289907932281
22,5,128,89,0.842581033706665,0.14199668169021606
22,5,128,90,0.36982184648513794,0.2042558640241623
22,5,128,91,0.5859606862068176,0.15238699316978455
22,5,128,92,0.452036589384079,0.2794998288154602
22,5,128,93,0.5446411967277527,0.2366751730442047
22,5,128,94,0.4192463159561157,0.3375844657421112
22,5,128,95,0.47413182258605957,0.17516396939754486
22,5,128,96,0.5119121074676514,0.2572193145751953
22,5,128,97,0.5426756739616394,0.12627053260803223
22,5,128,98,0.820345401763916,0.11140888184309006
22,5,128,99,0.5758117437362671,0.20431514084339142
22,5,128,100,0.33230724930763245,0.19644589722156525
22,5,128,101,0.6544232368469238,0.12962067127227783
22,5,128,102,0.5603932738304138,0.06979753822088242
22,5,128,103,0.3488693833351135,0.3113240897655487
22,5,128,104,0.7690476775169373,0.14106342196464539
22,5,128,105,0.7179147005081177,0.21306386590003967
22,5,128,106,0.7558320760726929,0.09496019035577774
22,5,128,107,0.7740669846534729,0.19010327756404877
22,5,128,108,0.6129058003425598,0.30803611874580383
22,5,128,109,0.623734712600708,0.10299557447433472
22,5,128,110,0.7749209403991699,0.19042745232582092
22,5,128,111,0.3603292405605316,0.2627086639404297
22,5,128,112,0.7372835278511047,0.08216026425361633
22,5,128,113,0.4682168662548065,0.1612277328968048
22,5,128,114,0.8065578937530518,0.1268181949853897
22,5,128,115,0.6273390054702759,0.22566275298595428
22,5,128,116,0.6833142042160034,0.24080799520015717
22,5,128,117,0.5967492461204529,0.20698028802871704
22,5,128,118,0.7406399250030518,0.21493250131607056
22,5,128,119,0.7154639363288879,0.23031385242938995
22,5,128,120,0.3773307204246521,0.10539468377828598
22,5,128,121,0.27560994029045105,0.19911204278469086
22,5,128,122,0.7337185144424438,0.2085481584072113
22,5,128,123,0.692769467830658,0.17904746532440186
22,5,128,124,0.6206239461898804,0.07640351355075836
22,5,128,125,0.6462692022323608,0.29875221848487854
22,5,128,126,0.6835842728614807,0.12223806232213974
22,5,128,127,0.794963538646698,0.13461412489414215
23,0,32,0,0.293338418006897,0.12591344118118286
23,0,32,1,0.5756450295448303,0.12342077493667603
23,0,32,2,0.4930954873561859,0.1430550217628479
23,0,32,3,0.6317876577377319,0.1449817419052124
23,0,32,4,0.5060991644859314,0.13812607526779175
23,0,32,5,0.4061321020126343,0.1088041439652443
23,0,32,6,0.5623151063919067,0.06719110906124115
23,0,32,7,0.5591193437576294,0.09565237909555435
23,0,32,8,0.5768210887908936,0.06661789864301682
23,0,32,9,0.5179076194763184,0.05155910924077034
23,0,32,10,0.47098904848098755,0.1727110594511032
23,0,32,11,0.5230231285095215,0.07435876876115799
23,0,32,12,0.5009450912475586,0.06998202204704285
23,0,32,13,0.42586490511894226,0.11322015523910522
23,0,32,14,0.4206911027431488,0.04312842711806297
23,0,32,15,0.31863778829574585,0.10528992116451263
23,0,32,16,0.3924197852611542,0.08716318756341934
23,0,32,17,0.43257996439933777,0.10034327208995819
23,0,32,18,0.4907835125923157,0.09740151464939117
23,0,32,19,0.49273231625556946,0.07724051177501678
23,0,32,20,0.5614957213401794,0.11951602250337601
23,0,32,21,0.41764432191848755,0.08134151250123978
23,0,32,22,0.630039632320404,0.060305677354335785
23,0,32,23,0.46117717027664185,0.08671971410512924
23,0,32,24,0.5166695713996887,0.10805686563253403
23,0,32,25,0.48079732060432434,0.13415443897247314
23,0,32,26,0.5342242121696472,0.08435531705617905
23,0,32,27,0.5760560631752014,0.12642286717891693
23,0,32,28,0.41845703125,0.07221325486898422
23,0,32,29,0.5028448700904846,0.09252366423606873
23,0,32,30,0.586040735244751,0.1273699551820755
23,0,32,31,0.3931528925895691,0.05375704541802406
23,1,32,0,0.4921906590461731,0.15818752348423004
23,1,32,1,0.32439687848091125,0.06347537785768509
23,1,32,2,0.6039256453514099,0.15780676901340485
23,1,32,3,0.5134741067886353,0.08470858633518219
23,1,32,4,0.567007303237915,0.03715148940682411
23,1,32,5,0.5764105916023254,0.13441964983940125
23,1,32,6,0.5364390015602112,0.06017386168241501
23,1,32,7,0.4661126434803009,0.07843858003616333
23,1,32,8,0.4696933627128601,0.12069334089756012
23,1,32,9,0.32932355999946594,0.08580522984266281
23,1,32,10,0.5124260187149048,0.06546541303396225
23,1,32,11,0.4597218334674835,0.04937218129634857
23,1,32,12,0.33398282527923584,0.08618361502885818
23,1,32,13,0.6095638275146484,0.061846885830163956
23,1,32,14,0.5030105710029602,0.10623995214700699
23,1,32,15,0.5316500067710876,0.029353247955441475
23,1,32,16,0.5111257433891296,0.07472427189350128
23,1,32,17,0.5192950367927551,0.17320339381694794
23,1,32,18,0.5729885101318359,0.08083333820104599
23,1,32,19,0.5455305576324463,0.07150954753160477
23,1,32,20,0.6149448752403259,0.10974600911140442
23,1,32,21,0.4642685055732727,0.09738635271787643
23,1,32,22,0.5276514887809753,0.06703152507543564
23,1,32,23,0.527929425239563,0.13844622671604156
23,1,32,24,0.5355603694915771,0.02127726748585701
23,1,32,25,0.38103190064430237,0.15139704942703247
23,1,32,26,0.49889805912971497,0.08942324668169022
23,1,32,27,0.49546024203300476,0.09733990579843521
23,1,32,28,0.5703026056289673,0.03963959217071533
23,1,32,29,0.5192896723747253,0.08582278341054916
23,1,32,30,0.3627872169017792,0.09106816351413727
23,1,32,31,0.6982625722885132,0.06620463728904724
23,2,64,0,0.35958096385002136,0.07122835516929626
23,2,64,1,0.6931469440460205,0.2082686722278595
23,2,64,2,0.4234943687915802,0.13213132321834564
23,2,64,3,0.5019632577896118,0.09060682356357574
23,2,64,4,0.41895973682403564,0.19210895895957947
23,2,64,5,0.6331928372383118,0.09258545190095901
23,2,64,6,0.46880149841308594,0.11600735783576965
23,2,64,7,0.5652971863746643,0.19476483762264252
23,2,64,8,0.4120822846889496,0.18624107539653778
23,2,64,9,0.5912892818450928,0.15234290063381195
23,2,64,10,0.39647719264030457,0.1558009833097458
23,2,64,11,0.5301910042762756,0.1397271454334259
23,2,64,12,0.5856916308403015,0.17829427123069763
23,2,64,13,0.6128409504890442,0.18108505010604858
23,2,64,14,0.5013490319252014,0.12020568549633026
23,2,64,15,0.4904138743877411,0.08575067669153214
23,2,64,16,0.5730892419815063,0.20992136001586914
23,2,64,17,0.47437918186187744,0.141457661986351
23,2,64,18,0.5692247748374939,0.11515678465366364
23,2,64,19,0.37590035796165466,0.13745169341564178
23,2,64,20,0.6173684597015381,0.16443732380867004
23,2,64,21,0.47263768315315247,0.10382931679487228
23,2,64,22,0.6675229668617249,0.12992510199546814
23,2,64,23,0.6263598799705505,0.10626870393753052
23,2,64,24,0.4129774868488312,0.1450967639684677
23,2,64,25,0.4816320538520813,0.07906239479780197
23,2,64,26,0.49813663959503174,0.10904698073863983
23,2,64,27,0.5456411838531494,0.14840395748615265
23,2,64,28,0.5280179381370544,0.140606090426445
23,2,64,29,0.6371832489967346,0.17260713875293732
23,2,64,30,0.49186351895332336,0.18996857106685638
23,2,64,31,0.5075550079345703,0.13646022975444794
23,2,64,32,0.4692673683166504,0.11173171550035477
23,2,64,33,0.46807661652565,0.09800291061401367
23,2,64,34,0.4178251326084137,0.061153825372457504
23,2,64,35,0.7193540334701538,0.14083203673362732
23,2,64,36,0.5512998700141907,0.15206900238990784
23,2,64,37,0.3698137402534485,0.10718075186014175
23,2,64,38,0.4332358241081238,0.06008850038051605
23,2,64,39,0.5801677703857422,0.1970013529062271
23,2,64,40,0.4863778054714203,0.1307799071073532
23,2,64,41,0.5264655351638794,0.14285483956336975
23,2,64,42,0.533167839050293,0.09421175718307495
23,2,64,43,0.5472139120101929,0.17122860252857208
23,2,64,44,0.4746560752391815,0.21007108688354492
23,2,64,45,0.36377060413360596,0.08179493248462677
23,2,64,46,0.622110903263092,0.1466447114944458
23,2,64,47,0.5081719756126404,0.1952442079782486
23,2,64,48,0.5935475826263428,0.09636162221431732
23,2,64,49,0.4922294616699219,0.13976342976093292
23,2,64,50,0.4187871217727661,0.1511302888393402
23,2,64,51,0.6361942291259766,0.1315661072731018
23,2,64,52,0.4887203276157379,0.1321607530117035
23,2,64,53,0.5472503304481506,0.14761102199554443
23,2,64,54,0.41846248507499695,0.18264572322368622
23,2,64,55,0.4304601848125458,0.18796877562999725
23,2,64,56,0.5811156034469604,0.10348186641931534
23,2,64,57,0.5174100399017334,0.1294148713350296
23,2,64,58,0.5761750936508179,0.19404824078083038
23,2,64,59,0.43994566798210144,0.06586435437202454
23,2,64,60,0.462722510099411,0.22723789513111115
23,2,64,61,0.39389851689338684,0.15359090268611908
23,2,64,62,0.5809051394462585,0.13570541143417358
23,2,64,63,0.3865613043308258,0.13479545712471008
23,3,64,0,0.36274993419647217,0.08272631466388702
23,3,64,1,0.5318330526351929,0.3346068561077118
23,3,64,2,0.4241630434989929,0.14689964056015015
23,3,64,3,0.517671525478363,0.18423449993133545
23,3,64,4,0.5139970183372498,0.1188463643193245
23,3,64,5,0.5397723317146301,0.1698811799287796
23,3,64,6,0.48522308468818665,0.19906842708587646
23,3,64,7,0.4689059555530548,0.11256404221057892
23,3,64,8,0.4539099633693695,0.15164628624916077
23,3,64,9,0.39528292417526245,0.16698676347732544
23,3,64,10,0.5564146637916565,0.1600753366947174
23,3,64,11,0.598448634147644,0.11848632991313934
23,3,64,12,0.4410712420940399,0.18977674841880798
23,3,64,13,0.5459126830101013,0.14280414581298828
23,3,64,14,0.5700948238372803,0.2135189026594162
23,3,64,15,0.5122913718223572,0.14230187237262726
23,3,64,16,0.35231372714042664,0.1454300880432129
23,3,64,17,0.5912532210350037,0.0927995815873146
23,3,64,18,0.5040075182914734,0.15431496500968933
23,3,64,19,0.5253786444664001,0.25171223282814026
23,3,64,20,0.42216500639915466,0.19195523858070374
23,3,64,21,0.40266066789627075,0.07943069189786911
23,3,64,22,0.54547518491745,0.18860995769500732
23,3,64,23,0.4206080436706543,0.21261246502399445
23,3,64,24,0.5283337831497192,0.31674468517303467
23,3,64,25,0.4048098623752594,0.1449470818042755
23,3,64,26,0.41696569323539734,0.10635820031166077
23,3,64,27,0.3854495882987976,0.12544837594032288
23,3,64,28,0.4963062107563019,0.04529412090778351
23,3,64,29,0.5679379105567932,0.18618977069854736
23,3,64,30,0.5434166193008423,0.1360921859741211
23,3,64,31,0.42120322585105896,0.13829340040683746
23,3,64,32,0.5465912222862244,0.08829190582036972
23,3,64,33,0.4006734788417816,0.11295474320650101
23,3,64,34,0.34669578075408936,0.11082635819911957
23,3,64,35,0.5528070330619812,0.18696671724319458
23,3,64,36,0.4349210858345032,0.19701212644577026
23,3,64,37,0.5255804657936096,0.18379820883274078
23,3,64,38,0.49201729893684387,0.23783431947231293
23,3,64,39,0.5375029444694519,0.3216809034347534
23,3,64,40,0.5544130802154541,0.20207692682743073
23,3,64,41,0.4781113564968109,0.16795769333839417
23,3,64,42,0.5508521795272827,0.13263659179210663
23,3,64,43,0.42798978090286255,0.06508519500494003
23,3,64,44,0.345260351896286,0.1944967806339264
23,3,64,45,0.5524790287017822,0.08807447552680969
23,3,64,46,0.5581021904945374,0.12938299775123596
23,3,64,47,0.5619966387748718,0.27041077613830566
23,3,64,48,0.5948601365089417,0.1250450611114502
23,3,64,49,0.6323867440223694,0.10989011079072952
23,3,64,50,0.4527896046638489,0.10985760390758514
23,3,64,51,0.4632560908794403,0.28281939029693604
23,3,64,52,0.6507850289344788,0.13600267469882965
23,3,64,53,0.4048214852809906,0.1560831069946289
23,3,64,54,0.5126505494117737,0.14311738312244415
23,3,64,55,0.39701005816459656,0.11478310823440552
23,3,64,56,0.6101166009902954,0.18793220818042755
23,3,64,57,0.27838897705078125,0.09899512678384781
23,3,64,58,0.4895057678222656,0.3178711235523224
23,3,64,59,0.498500257730484,0.08319099992513657
23,3,64,60,0.4529719054698944,0.14554688334465027
23,3,64,61,0.5593134164810181,0.2710105776786804
23,3,64,62,0.5137050151824951,0.0546700619161129
23,3,64,63,0.6344722509384155,0.06788203120231628
23,4,128,0,0.4922691583633423,0.2735280394554138
23,4,128,1,0.634056031703949,0.10315384715795517
23,4,128,2,0.5996671319007874,0.2332087755203247
23,4,128,3,0.5511248111724854,0.24126552045345306
23,4,128,4,0.60098797082901,0.16964611411094666
23,4,128,5,0.4204920828342438,0.1366226077079773
23,4,128,6,0.4772337079048157,0.1051621362566948
23,4,128,7,0.41169974207878113,0.18518967926502228
23,4,128,8,0.5562816858291626,0.2518008351325989
23,4,128,9,0.5505967736244202,0.2517794072628021
23,4,128,10,0.5105915069580078,0.24482454359531403
23,4,128,11,0.4212832450866699,0.15648026764392853
23,4,128,12,0.483518123626709,0.3267648220062256
23,4,128,13,0.5898411273956299,0.1543278992176056
23,4,128,14,0.5697179436683655,0.18840554356575012
23,4,128,15,0.43650996685028076,0.24744291603565216
23,4,128,16,0.48284652829170227,0.17907389998435974
23,4,128,17,0.5005655884742737,0.20885701477527618
23,4,128,18,0.664147138595581,0.1584252119064331
23,4,128,19,0.5683053731918335,0.2857353091239929
23,4,128,20,0.6801478862762451,0.13917893171310425
23,4,128,21,0.4883940815925598,0.1555233746767044
23,4,128,22,0.30287203192710876,0.05222166329622269
23,4,128,23,0.5366241931915283,0.28556233644485474
23,4,128,24,0.6116125583648682,0.0851588323712349
23,4,128,25,0.5388684868812561,0.21537235379219055
23,4,128,26,0.41098567843437195,0.19893458485603333
23,4,128,27,0.44736531376838684,0.27313536405563354
23,4,128,28,0.6001564264297485,0.2504894733428955
23,4,128,29,0.532808780670166,0.25852170586586
23,4,128,30,0.5235408544540405,0.2973535656929016
23,4,128,31,0.6485219597816467,0.18578091263771057
23,4,128,32,0.5703352689743042,0.24558596312999725
23,4,128,33,0.6448323726654053,0.2113656997680664
23,4,128,34,0.6274374127388,0.18535025417804718
23,4,128,35,0.6135470867156982,0.22599594295024872
23,4,128,36,0.5354797840118408,0.3172900080680847
23,4,128,37,0.5050349831581116,0.11595164239406586
23,4,128,38,0.6448415517807007,0.1774040162563324
23,4,128,39,0.5123632550239563,0.09457386285066605
23,4,128,40,0.560512125492096,0.12650339305400848
23,4,128,41,0.5592326521873474,0.10075516998767853
23,4,128,42,0.5888248682022095,0.19880472123622894
23,4,128,43,0.7506260275840759,0.1502508968114853
23,4,128,44,0.6216325163841248,0.13384217023849487
23,4,128,45,0.7199437618255615,0.08047271519899368
23,4,128,46,0.3405834138393402,0.1100769117474556
23,4,128,47,0.5493499636650085,0.06553336977958679
23,4,128,48,0.5659453868865967,0.127005934715271
23,4,128,49,0.696383535861969,0.15095335245132446
23,4,128,50,0.5451477766036987,0.3081817924976349
23,4,128,51,0.690748929977417,0.12277720868587494
23,4,128,52,0.5995691418647766,0.21479696035385132
23,4,128,53,0.5552487969398499,0.14760562777519226
23,4,128,54,0.5318401455879211,0.27285823225975037
23,4,128,55,0.5563513040542603,0.22449283301830292
23,4,128,56,0.5154417157173157,0.2564539313316345
23,4,128,57,0.35870516300201416,0.1835981011390686
23,4,128,58,0.5883842706680298,0.16509385406970978
23,4,128,59,0.6393814086914062,0.07581855356693268
23,4,128,60,0.6877425312995911,0.1260576695203781
23,4,128,61,0.4830363988876343,0.29701361060142517
23,4,128,62,0.6152488589286804,0.1165274977684021
23,4,128,63,0.532977819442749,0.20697148144245148
23,4,128,64,0.562804639339447,0.21364912390708923
23,4,128,65,0.5541369915008545,0.3447200357913971
23,4,128,66,0.49832478165626526,0.33972182869911194
23,4,128,67,0.3427833616733551,0.12294181436300278
23,4,128,68,0.5807957053184509,0.17080838978290558
23,4,128,69,0.7357149720191956,0.10652875155210495
23,4,128,70,0.3009738624095917,0.15319684147834778
23,4,128,71,0.5010702610015869,0.1288650929927826
23,4,128,72,0.5411357879638672,0.30338525772094727
23,4,128,73,0.44421806931495667,0.08113997429609299
23,4,128,74,0.7931970953941345,0.11857403814792633
23,4,128,75,0.5148864388465881,0.16664248704910278
23,4,128,76,0.5305229425430298,0.26716288924217224
23,4,128,77,0.5201022624969482,0.06606423854827881
23,4,128,78,0.49627330899238586,0.31494805216789246
23,4,128,79,0.375995934009552,0.07666537165641785
23,4,128,80,0.5225366950035095,0.22937002778053284
23,4,128,81,0.6402153372764587,0.10236074030399323
23,4,128,82,0.43200504779815674,0.17494723200798035
23,4,128,83,0.6694541573524475,0.15880022943019867
23,4,128,84,0.5175464749336243,0.26566281914711
23,4,128,85,0.6840581893920898,0.16185809671878815
23,4,128,86,0.5443645119667053,0.3168361485004425
23,4,128,87,0.6927249431610107,0.14394529163837433
23,4,128,88,0.6248751282691956,0.1421370655298233
23,4,128,89,0.5301449298858643,0.12508249282836914
23,4,128,90,0.39082860946655273,0.1605760157108307
23,4,128,91,0.6053123474121094,0.1843334585428238
23,4,128,92,0.5413140654563904,0.2526860237121582
23,4,128,93,0.5926921367645264,0.06628841906785965
23,4,128,94,0.60052090883255,0.12175661325454712
23,4,128,95,0.7270801663398743,0.07926423102617264
23,4,128,96,0.5028932690620422,0.1874195635318756
23,4,128,97,0.5081714391708374,0.22833655774593353
23,4,128,98,0.5977601408958435,0.24660633504390717
23,4,128,99,0.519965410232544,0.14593055844306946
23,4,128,100,0.7055550217628479,0.11127308756113052
23,4,128,101,0.6350309252738953,0.2447936236858368
23,4,128,102,0.41540205478668213,0.16462565958499908
23,4,128,103,0.5701391100883484,0.17679359018802643
23,4,128,104,0.626956045627594,0.2004784792661667
23,4,128,105,0.5900112390518188,0.14801952242851257
23,4,128,106,0.7156212329864502,0.10956524312496185
23,4,128,107,0.5252819657325745,0.2627101242542267
23,4,128,108,0.7111708521842957,0.09918327629566193
23,4,128,109,0.5553900003433228,0.28568804264068604
23,4,128,110,0.721123456954956,0.0794389396905899
23,4,128,111,0.45902326703071594,0.11661457270383835
23,4,128,112,0.5462044477462769,0.12099606543779373
23,4,128,113,0.6668176651000977,0.13736951351165771
23,4,128,114,0.5470813512802124,0.10142131894826889
23,4,128,115,0.5843238830566406,0.19327861070632935
23,4,128,116,0.7151765823364258,0.09649748355150223
23,4,128,117,0.3382548391819,0.10252568125724792
23,4,128,118,0.7295395135879517,0.13187609612941742
23,4,128,119,0.48424243927001953,0.14465491473674774
23,4,128,120,0.6034539937973022,0.077400341629982
23,4,128,121,0.5531609058380127,0.2894698977470398
23,4,128,122,0.6500306725502014,0.15931661427021027
23,4,128,123,0.4833998382091522,0.24497944116592407
23,4,128,124,0.5841478109359741,0.2502637207508087
23,4,128,125,0.5173521637916565,0.07484705001115799
23,4,128,126,0.5470276474952698,0.3128216862678528
23,4,128,127,0.4946647882461548,0.1706053763628006
23,5,128,0,0.35227468609809875,0.2209673672914505
23,5,128,1,0.5252222418785095,0.07390983402729034
23,5,128,2,0.6654528975486755,0.1858769953250885
23,5,128,3,0.6227427124977112,0.14523273706436157
23,5,128,4,0.6565351486206055,0.26123523712158203
23,5,128,5,0.7590757608413696,0.10086050629615784
23,5,128,6,0.6888969540596008,0.13905683159828186
23,5,128,7,0.7717769145965576,0.17068934440612793
23,5,128,8,0.8427100777626038,0.1290714293718338
23,5,128,9,0.7913618683815002,0.24275436997413635
23,5,128,10,0.7241051197052002,0.1724855601787567
23,5,128,11,0.45158490538597107,0.1811932772397995
23,5,128,12,0.869999349117279,0.1280331313610077
23,5,128,13,0.8473818302154541,0.10827552527189255
23,5,128,14,0.8240557312965393,0.09396524727344513
23,5,128,15,0.6714687943458557,0.16185253858566284
23,5,128,16,0.6675593852996826,0.20646201074123383
23,5,128,17,0.6490329504013062,0.18113377690315247
23,5,128,18,0.662147581577301,0.13592341542243958
23,5,128,19,0.7498630881309509,0.14084824919700623
23,5,128,20,0.7419116497039795,0.1478230506181717
23,5,128,21,0.6161085367202759,0.08467093855142593
23,5,128,22,0.7657263278961182,0.07579279690980911
23,5,128,23,0.7048582434654236,0.15683414041996002
23,5,128,24,0.6226794719696045,0.16638344526290894
23,5,128,25,0.511368989944458,0.17635132372379303
23,5,128,26,0.5112342238426208,0.10479788482189178
23,5,128,27,0.8669751882553101,0.06787136197090149
23,5,128,28,0.7092361450195312,0.141802117228508
23,5,128,29,0.7898728847503662,0.109981968998909
23,5,128,30,0.5490445494651794,0.1651531606912613
23,5,128,31,0.7429457306861877,0.20324261486530304
23,5,128,32,0.8276059627532959,0.08955390751361847
23,5,128,33,0.7835566997528076,0.18345746397972107
23,5,128,34,0.7878023386001587,0.20340166985988617
23,5,128,35,0.8866568207740784,0.07813598960638046
23,5,128,36,0.8792760968208313,0.14379025995731354
23,5,128,37,0.6272969841957092,0.18131892383098602
23,5,128,38,0.5241453051567078,0.14241889119148254
23,5,128,39,0.8255752325057983,0.10106626152992249
23,5,128,40,0.7703278064727783,0.13180309534072876
23,5,128,41,0.5346243381500244,0.10905726253986359
23,5,128,42,0.7957847714424133,0.1559707671403885
23,5,128,43,0.8774330615997314,0.07923924922943115
23,5,128,44,0.8428729772567749,0.05776796117424965
23,5,128,45,0.7335035800933838,0.11738801002502441
23,5,128,46,0.3898921012878418,0.12718389928340912
23,5,128,47,0.7371917963027954,0.17187032103538513
23,5,128,48,0.5240169167518616,0.16214241087436676
23,5,128,49,0.7625846266746521,0.11993212252855301
23,5,128,50,0.8210181593894958,0.10517721623182297
23,5,128,51,0.8059345483779907,0.09168976545333862
23,5,128,52,0.6007360816001892,0.20954205095767975
23,5,128,53,0.7055159211158752,0.29321572184562683
23,5,128,54,0.8185896277427673,0.1467401087284088
23,5,128,55,0.8790573477745056,0.08042721450328827
23,5,128,56,0.43791577219963074,0.23932892084121704
23,5,128,57,0.7621064782142639,0.1045854315161705
23,5,128,58,0.8131833672523499,0.10807369649410248
23,5,128,59,0.5671253800392151,0.18892449140548706
23,5,128,60,0.7793106436729431,0.09765572845935822
23,5,128,61,0.8166770339012146,0.14921770989894867
23,5,128,62,0.7578258514404297,0.10604134202003479
23,5,128,63,0.7360458374023438,0.21484385430812836
23,5,128,64,0.5923086404800415,0.1196504607796669
23,5,128,65,0.8768736124038696,0.08673203736543655
23,5,128,66,0.2586196959018707,0.20420368015766144
23,5,128,67,0.6399090886116028,0.1996750682592392
23,5,128,68,0.8133531212806702,0.10628044605255127
23,5,128,69,0.7389011383056641,0.27461156249046326
23,5,128,70,0.47519657015800476,0.21369005739688873
23,5,128,71,0.422207236289978,0.21238239109516144
23,5,128,72,0.6441112160682678,0.13550958037376404
23,5,128,73,0.3847816288471222,0.17948487401008606
23,5,128,74,0.7663554549217224,0.12986475229263306
23,5,128,75,0.7833459377288818,0.1915588229894638
23,5,128,76,0.61773681640625,0.09110457450151443
23,5,128,77,0.6912367939949036,0.21962562203407288
23,5,128,78,0.5882562398910522,0.13599078357219696
23,5,128,79,0.5756894946098328,0.18908511102199554
23,5,128,80,0.5942608118057251,0.2852778434753418
23,5,128,81,0.6832220554351807,0.15444433689117432
23,5,128,82,0.70035320520401,0.10883525013923645
23,5,128,83,0.8340632915496826,0.1052485778927803
23,5,128,84,0.7005000710487366,0.15729375183582306
23,5,128,85,0.7981895208358765,0.09370531141757965
23,5,128,86,0.7253758907318115,0.17929600179195404
23,5,128,87,0.6451976895332336,0.17620493471622467
23,5,128,88,0.47812601923942566,0.08340238034725189
23,5,128,89,0.41757380962371826,0.261026531457901
23,5,128,90,0.6157883405685425,0.10197833925485611
23,5,128,91,0.7734182476997375,0.06839458644390106
23,5,128,92,0.6577731370925903,0.13087761402130127
23,5,128,93,0.8565798401832581,0.08167342096567154
23,5,128,94,0.7249290347099304,0.14399579167366028
23,5,128,95,0.8514677286148071,0.08469461649656296
23,5,128,96,0.5744248032569885,0.21341532468795776
23,5,128,97,0.5165776014328003,0.21227425336837769
23,5,128,98,0.3867422342300415,0.15516690909862518
23,5,128,99,0.6704941391944885,0.23358623683452606
23,5,128,100,0.6587444543838501,0.1369880586862564
23,5,128,101,0.5821291208267212,0.2008850872516632
23,5,128,102,0.8083955645561218,0.13245868682861328
23,5,128,103,0.6322240233421326,0.26934418082237244
23,5,128,104,0.48038628697395325,0.29997003078460693
23,5,128,105,0.8359419107437134,0.09016471356153488
23,5,128,106,0.723909318447113,0.1545746922492981
23,5,128,107,0.325663685798645,0.15439124405384064
23,5,128,108,0.8318632245063782,0.10812602192163467
23,5,128,109,0.775590717792511,0.0772557482123375
23,5,128,110,0.7181004881858826,0.13338425755500793
23,5,128,111,0.8267608880996704,0.11609475314617157
23,5,128,112,0.8423820734024048,0.12797890603542328
23,5,128,113,0.7385421991348267,0.22098849713802338
23,5,128,114,0.7202653884887695,0.13715529441833496
23,5,128,115,0.8511383533477783,0.0668087899684906
23,5,128,116,0.8163044452667236,0.11714402586221695
23,5,128,117,0.7399829626083374,0.07836296409368515
23,5,128,118,0.7042450308799744,0.1283673495054245
23,5,128,119,0.4231407940387726,0.19644051790237427
23,5,128,120,0.6755285859107971,0.10694458335638046
23,5,128,121,0.7455982565879822,0.19516700506210327
23,5,128,122,0.6673097014427185,0.22233709692955017
23,5,128,123,0.5153214931488037,0.21137431263923645
23,5,128,124,0.7833780646324158,0.16689085960388184
23,5,128,125,0.726554274559021,0.132864847779274
23,5,128,126,0.8589876294136047,0.07566700130701065
23,5,128,127,0.7290893793106079,0.2619878053665161
24,0,32,0,0.6122996807098389,0.07331972569227219
24,0,32,1,0.5854775905609131,0.13656233251094818
24,0,32,2,0.5774094462394714,0.07197690010070801
24,0,32,3,0.6043758392333984,0.12493331730365753
24,0,32,4,0.4008859694004059,0.15845495462417603
24,0,32,5,0.5749949812889099,0.05523701012134552
24,0,32,6,0.40232688188552856,0.12921278178691864
24,0,32,7,0.48608314990997314,0.16092924773693085
24,0,32,8,0.6405433416366577,0.10484198480844498
24,0,32,9,0.4391912817955017,0.20929016172885895
24,0,32,10,0.4276192784309387,0.07482361048460007
24,0,32,11,0.4457303583621979,0.140883207321167
24,0,32,12,0.6208295226097107,0.09641923755407333
24,0,32,13,0.5062447190284729,0.19428208470344543
24,0,32,14,0.5861398577690125,0.11036501079797745
24,0,32,15,0.41027870774269104,0.18920540809631348
24,0,32,16,0.5575030446052551,0.12383017688989639
24,0,32,17,0.4182446599006653,0.09523194283246994
24,0,32,18,0.4597570300102234,0.1280483901500702
24,0,32,19,0.3972034752368927,0.13669125735759735
24,0,32,20,0.49408599734306335,0.1534409075975418
24,0,32,21,0.4480704367160797,0.15937604010105133
24,0,32,22,0.4835749864578247,0.10582420229911804
24,0,32,23,0.42244553565979004,0.09025924652814865
24,0,32,24,0.5149015188217163,0.0975819081068039
24,0,32,25,0.5005404949188232,0.12492524087429047
24,0,32,26,0.5136498808860779,0.10180050134658813
24,0,32,27,0.554312527179718,0.04068787023425102
24,0,32,28,0.510834813117981,0.12975360453128815
24,0,32,29,0.39263099431991577,0.15787091851234436
24,0,32,30,0.5330211520195007,0.0722779631614685
24,0,32,31,0.4442109167575836,0.06528429687023163
24,1,32,0,0.3543400764465332,0.11428041011095047
24,1,32,1,0.7289964556694031,0.13335581123828888
24,1,32,2,0.42943984270095825,0.05099436640739441
24,1,32,3,0.4434140622615814,0.11542682349681854
24,1,32,4,0.44546130299568176,0.15810100734233856
24,1,32,5,0.45411697030067444,0.11227338761091232
24,1,32,6,0.37625160813331604,0.16885650157928467
24,1,32,7,0.3903273344039917,0.19688034057617188
24,1,32,8,0.706390917301178,0.11650180071592331
24,1,32,9,0.6548241376876831,0.16997745633125305
24,1,32,10,0.526408851146698,0.15179862082004547
24,1,32,11,0.41261616349220276,0.16743819415569305
24,1,32,12,0.4791337847709656,0.13228106498718262
24,1,32,13,0.5036551356315613,0.10420015454292297
24,1,32,14,0.6897938847541809,0.1223674863576889
24,1,32,15,0.4757225513458252,0.12273266166448593
24,1,32,16,0.5584136247634888,0.12182839214801788
24,1,32,17,0.371916800737381,0.2042088359594345
24,1,32,18,0.5120785236358643,0.14522208273410797
24,1,32,19,0.3381761312484741,0.09005238860845566
24,1,32,20,0.45611804723739624,0.15179157257080078
24,1,32,21,0.40429744124412537,0.18180309236049652
24,1,32,22,0.43168407678604126,0.08794669061899185
24,1,32,23,0.3910070061683655,0.12136788666248322
24,1,32,24,0.6332154273986816,0.05170552432537079
24,1,32,25,0.4147658944129944,0.05674458667635918
24,1,32,26,0.41595378518104553,0.11537536978721619
24,1,32,27,0.5547923445701599,0.14295125007629395
24,1,32,28,0.4783206582069397,0.15354052186012268
24,1,32,29,0.6343542337417603,0.14533333480358124
24,1,32,30,0.5730167031288147,0.12743566930294037
24,1,32,31,0.3866831958293915,0.22106221318244934
24,2,64,0,0.43857693672180176,0.17246168851852417
24,2,64,1,0.47086992859840393,0.1728372424840927
24,2,64,2,0.4075429439544678,0.14859062433242798
24,2,64,3,0.5139778256416321,0.12814739346504211
24,2,64,4,0.5120130181312561,0.09767570346593857
24,2,64,5,0.3945528268814087,0.12962108850479126
24,2,64,6,0.5397560596466064,0.18990062177181244
24,2,64,7,0.4378304183483124,0.1955370455980301
24,2,64,8,0.5178219676017761,0.0805409774184227
24,2,64,9,0.45586490631103516,0.14664208889007568
24,2,64,10,0.5448841452598572,0.16138394176959991
24,2,64,11,0.5941972732543945,0.13284480571746826
24,2,64,12,0.5498457551002502,0.07998335361480713
24,2,64,13,0.5521830916404724,0.09873996675014496
24,2,64,14,0.5993348360061646,0.06262300908565521
24,2,64,15,0.5574966073036194,0.11108291894197464
24,2,64,16,0.4101058840751648,0.16399866342544556
24,2,64,17,0.5216742753982544,0.10921011120080948
24,2,64,18,0.4552139937877655,0.14801014959812164
24,2,64,19,0.4571191072463989,0.10562646389007568
24,2,64,20,0.42440855503082275,0.1586444228887558
24,2,64,21,0.5824972987174988,0.10825492441654205
24,2,64,22,0.41305655241012573,0.19280366599559784
24,2,64,23,0.5738887786865234,0.12008221447467804
24,2,64,24,0.42220428586006165,0.15084904432296753
24,2,64,25,0.48475027084350586,0.10747524350881577
24,2,64,26,0.49488338828086853,0.15386945009231567
24,2,64,27,0.64191073179245,0.07918445020914078
24,2,64,28,0.6352587938308716,0.15113289654254913
24,2,64,29,0.44364455342292786,0.19924724102020264
24,2,64,30,0.5040310025215149,0.11704830825328827
24,2,64,31,0.5304873585700989,0.12077286839485168
24,2,64,32,0.5271363854408264,0.14858481287956238
24,2,64,33,0.5731135010719299,0.07588258385658264
24,2,64,34,0.5069519877433777,0.14361992478370667
24,2,64,35,0.4230284094810486,0.06989500671625137
24,2,64,36,0.44432884454727173,0.12982229888439178
24,2,64,37,0.5749654769897461,0.17466148734092712
24,2,64,38,0.517959475517273,0.058860812336206436
24,2,64,39,0.35810521245002747,0.14672380685806274
24,2,64,40,0.5317386984825134,0.09864997863769531
24,2,64,41,0.5321352481842041,0.15414966642856598
24,2,64,42,0.49498575925827026,0.059274591505527496
24,2,64,43,0.46798309683799744,0.11982053518295288
24,2,64,44,0.4784691631793976,0.15625455975532532
24,2,64,45,0.35956642031669617,0.10384312272071838
24,2,64,46,0.5183626413345337,0.21875537931919098
24,2,64,47,0.5411906838417053,0.09944581240415573
24,2,64,48,0.5573771595954895,0.1715877205133438
24,2,64,49,0.46133923530578613,0.1787119358778
24,2,64,50,0.3148323595523834,0.10994014143943787
24,2,64,51,0.5296827554702759,0.1011960580945015
24,2,64,52,0.5579625368118286,0.14122948050498962
24,2,64,53,0.43090876936912537,0.11968735605478287
24,2,64,54,0.5633912682533264,0.04546622931957245
24,2,64,55,0.5172752141952515,0.13217581808567047
24,2,64,56,0.525952935218811,0.09229623526334763
24,2,64,57,0.46109724044799805,0.21922194957733154
24,2,64,58,0.5299075841903687,0.09367240965366364
24,2,64,59,0.37616610527038574,0.10769861936569214
24,2,64,60,0.6543199419975281,0.09552358090877533
24,2,64,61,0.48572278022766113,0.18061882257461548
24,2,64,62,0.44830283522605896,0.14117276668548584
24,2,64,63,0.5199128985404968,0.19037705659866333
24,3,64,0,0.5762254595756531,0.12594400346279144
24,3,64,1,0.5625887513160706,0.095970019698143
24,3,64,2,0.46643373370170593,0.09982533752918243
24,3,64,3,0.4764164984226227,0.12543335556983948
24,3,64,4,0.5171011686325073,0.1146341934800148
24,3,64,5,0.4753604531288147,0.05536472052335739
24,3,64,6,0.49165695905685425,0.042718276381492615
24,3,64,7,0.41736623644828796,0.15767993032932281
24,3,64,8,0.4912727177143097,0.06049815192818642
24,3,64,9,0.5635195374488831,0.11034732311964035
24,3,64,10,0.449869841337204,0.03228520229458809
24,3,64,11,0.5968590974807739,0.11264307051897049
24,3,64,12,0.6263865232467651,0.09341114014387131
24,3,64,13,0.43667668104171753,0.07582007348537445
24,3,64,14,0.4579312205314636,0.04341887682676315
24,3,64,15,0.3936329185962677,0.09648872166872025
24,3,64,16,0.5390476584434509,0.08947471529245377
24,3,64,17,0.397529274225235,0.0819929987192154
24,3,64,18,0.3902706503868103,0.06280386447906494
24,3,64,19,0.5846734046936035,0.06265684962272644
24,3,64,20,0.5894133448600769,0.042360346764326096
24,3,64,21,0.463528037071228,0.05766287073493004
24,3,64,22,0.44788822531700134,0.048371877521276474
24,3,64,23,0.5790767073631287,0.13859373331069946
24,3,64,24,0.6113447546958923,0.053643543273210526
24,3,64,25,0.38565540313720703,0.08536416292190552
24,3,64,26,0.36185401678085327,0.08809419721364975
24,3,64,27,0.5812668204307556,0.10191630572080612
24,3,64,28,0.48392078280448914,0.04677310958504677
24,3,64,29,0.4221024513244629,0.11671416461467743
24,3,64,30,0.547305166721344,0.03261341527104378
24,3,64,31,0.6259074211120605,0.07624267786741257
24,3,64,32,0.3884534239768982,0.12821832299232483
24,3,64,33,0.5992091298103333,0.06712045520544052
24,3,64,34,0.46759286522865295,0.048619501292705536
24,3,64,35,0.6699857115745544,0.10376690328121185
24,3,64,36,0.4706357419490814,0.14207689464092255
24,3,64,37,0.5234843492507935,0.048775799572467804
24,3,64,38,0.5281230807304382,0.080498106777668
24,3,64,39,0.4328377842903137,0.15658289194107056
24,3,64,40,0.5424026846885681,0.06210213154554367
24,3,64,41,0.5128335952758789,0.16557897627353668
24,3,64,42,0.4298148453235626,0.07623649388551712
24,3,64,43,0.40782663226127625,0.10470425337553024
24,3,64,44,0.4557963013648987,0.10416144877672195
24,3,64,45,0.6459391117095947,0.06167575716972351
24,3,64,46,0.5318100452423096,0.12190685421228409
24,3,64,47,0.598347008228302,0.09342853724956512
24,3,64,48,0.451002836227417,0.08634006232023239
24,3,64,49,0.45629802346229553,0.10693687945604324
24,3,64,50,0.5568944215774536,0.07574351876974106
24,3,64,51,0.5073559284210205,0.06493547558784485
24,3,64,52,0.5476624965667725,0.05415983125567436
24,3,64,53,0.5201816558837891,0.078305684030056
24,3,64,54,0.5643861293792725,0.03337714821100235
24,3,64,55,0.6100757718086243,0.0573757067322731
24,3,64,56,0.36124032735824585,0.054518088698387146
24,3,64,57,0.64920574426651,0.0752456858754158
24,3,64,58,0.48620474338531494,0.07139433920383453
24,3,64,59,0.5607653260231018,0.13536398112773895
24,3,64,60,0.46073606610298157,0.04676094651222229
24,3,64,61,0.5622251033782959,0.09366761147975922
24,3,64,62,0.44132381677627563,0.06634707003831863
24,3,64,63,0.45893922448158264,0.09178520739078522
24,4,128,0,0.5473366975784302,0.16439568996429443
24,4,128,1,0.5735517740249634,0.12338847666978836
24,4,128,2,0.5058552026748657,0.2043336033821106
24,4,128,3,0.6133095622062683,0.07576966285705566
24,4,128,4,0.690336287021637,0.17893260717391968
24,4,128,5,0.47618207335472107,0.07618433237075806
24,4,128,6,0.5744016170501709,0.11998017132282257
24,4,128,7,0.6612550616264343,0.12033911794424057
24,4,128,8,0.6264144778251648,0.08325047791004181
24,4,128,9,0.5571741461753845,0.17240996658802032
24,4,128,10,0.42802688479423523,0.17924059927463531
24,4,128,11,0.4943457543849945,0.08162909001111984
24,4,128,12,0.5809228420257568,0.08227086812257767
24,4,128,13,0.40058434009552,0.1910109966993332
24,4,128,14,0.4588277339935303,0.030276192352175713
24,4,128,15,0.6696749925613403,0.0836113691329956
24,4,128,16,0.5759348273277283,0.0753333568572998
24,4,128,17,0.5821961760520935,0.05460613593459129
24,4,128,18,0.6358805894851685,0.12191987037658691
24,4,128,19,0.4152671694755554,0.17065227031707764
24,4,128,20,0.35729867219924927,0.10126891732215881
24,4,128,21,0.604326069355011,0.08206960558891296
24,4,128,22,0.5918692946434021,0.1402788907289505
24,4,128,23,0.5642690658569336,0.2904212772846222
24,4,128,24,0.5240110754966736,0.22626838088035583
24,4,128,25,0.2544134259223938,0.09569301456212997
24,4,128,26,0.6091758012771606,0.18336281180381775
24,4,128,27,0.7732629776000977,0.07079774141311646
24,4,128,28,0.4523162245750427,0.2655971944332123
24,4,128,29,0.505323052406311,0.28677284717559814
24,4,128,30,0.6546696424484253,0.19519472122192383
24,4,128,31,0.5450822114944458,0.24859052896499634
24,4,128,32,0.4844011664390564,0.24125130474567413
24,4,128,33,0.5933905839920044,0.05366749316453934
24,4,128,34,0.5527907609939575,0.10659224539995193
24,4,128,35,0.3593910336494446,0.07753302156925201
24,4,128,36,0.6238811016082764,0.11801812052726746
24,4,128,37,0.6040141582489014,0.16175217926502228
24,4,128,38,0.3217713236808777,0.11322792619466782
24,4,128,39,0.6021488904953003,0.1343003511428833
24,4,128,40,0.6529118418693542,0.05913233757019043
24,4,128,41,0.39636051654815674,0.10763809829950333
24,4,128,42,0.31871432065963745,0.1564183533191681
24,4,128,43,0.5059962868690491,0.14362165331840515
24,4,128,44,0.4083366096019745,0.11441170424222946
24,4,128,45,0.4736798405647278,0.222990483045578
24,4,128,46,0.720674991607666,0.086527518928051
24,4,128,47,0.5289996862411499,0.12828770279884338
24,4,128,48,0.5616301894187927,0.1951608657836914
24,4,128,49,0.5787893533706665,0.04282821714878082
24,4,128,50,0.6377111077308655,0.16337743401527405
24,4,128,51,0.602325975894928,0.23090653121471405
24,4,128,52,0.46970894932746887,0.19004756212234497
24,4,128,53,0.4250585436820984,0.12940914928913116
24,4,128,54,0.5932697057723999,0.24780134856700897
24,4,128,55,0.5821956992149353,0.2633879780769348
24,4,128,56,0.4465084671974182,0.1013893336057663
24,4,128,57,0.4436336159706116,0.10582427680492401
24,4,128,58,0.399410605430603,0.13935133814811707
24,4,128,59,0.6962878704071045,0.09971965104341507
24,4,128,60,0.600797712802887,0.09171167016029358
24,4,128,61,0.6437903642654419,0.10439229011535645
24,4,128,62,0.3396555483341217,0.09274635463953018
24,4,128,63,0.5908944606781006,0.10067746043205261
24,4,128,64,0.45100829005241394,0.24074791371822357
24,4,128,65,0.6880243420600891,0.10302644968032837
24,4,128,66,0.3650754690170288,0.10716678947210312
24,4,128,67,0.4113936424255371,0.1824299395084381
24,4,128,68,0.6687999367713928,0.08952302485704422
24,4,128,69,0.5704243183135986,0.13713613152503967
24,4,128,70,0.5156222581863403,0.2383892983198166
24,4,128,71,0.7000584006309509,0.1050562784075737
24,4,128,72,0.3904895782470703,0.09847809374332428
24,4,128,73,0.53880375623703,0.29780110716819763
24,4,128,74,0.6290138363838196,0.13061636686325073
24,4,128,75,0.596154510974884,0.2630148231983185
24,4,128,76,0.6340036392211914,0.22366292774677277
24,4,128,77,0.5788957476615906,0.15207301080226898
24,4,128,78,0.5779027342796326,0.230146586894989
24,4,128,79,0.49533113837242126,0.06966722011566162
24,4,128,80,0.360982209444046,0.20470701158046722
24,4,128,81,0.6085759401321411,0.1723378747701645
24,4,128,82,0.5454986095428467,0.12266839295625687
24,4,128,83,0.28722065687179565,0.09788236767053604
24,4,128,84,0.5680348873138428,0.1658303290605545
24,4,128,85,0.5887858867645264,0.11154849827289581
24,4,128,86,0.47672510147094727,0.109221450984478
24,4,128,87,0.6561453938484192,0.10583700239658356
24,4,128,88,0.4856243133544922,0.22913086414337158
24,4,128,89,0.5276402831077576,0.10931991785764694
24,4,128,90,0.5978643298149109,0.07249172776937485
24,4,128,91,0.5887033343315125,0.1778929978609085
24,4,128,92,0.6990179419517517,0.0994221642613411
24,4,128,93,0.4650208652019501,0.26966679096221924
24,4,128,94,0.6940941214561462,0.08568122982978821
24,4,128,95,0.6697866916656494,0.12741155922412872
24,4,128,96,0.53406822681427,0.2046610713005066
24,4,128,97,0.5791719555854797,0.21691086888313293
24,4,128,98,0.542062520980835,0.16012045741081238
24,4,128,99,0.6514338254928589,0.11549264937639236
24,4,128,100,0.6259804964065552,0.16068808734416962
24,4,128,101,0.3944542407989502,0.11511194705963135
24,4,128,102,0.5219221711158752,0.11317740380764008
24,4,128,103,0.6098882555961609,0.20258571207523346
24,4,128,104,0.41823065280914307,0.14490413665771484
24,4,128,105,0.4446563422679901,0.31923890113830566
24,4,128,106,0.687937319278717,0.12232847511768341
24,4,128,107,0.5529279708862305,0.32135576009750366
24,4,128,108,0.7067455649375916,0.07252299785614014
24,4,128,109,0.583095133304596,0.14951591193675995
24,4,128,110,0.5373111963272095,0.08672694116830826
24,4,128,111,0.5618597269058228,0.3017997145652771
24,4,128,112,0.5400307178497314,0.1653406023979187
24,4,128,113,0.645375669002533,0.17179498076438904
24,4,128,114,0.4829021096229553,0.1947733759880066
24,4,128,115,0.6512894630432129,0.10812768340110779
24,4,128,116,0.7332059144973755,0.09201259166002274
24,4,128,117,0.5453305840492249,0.07056199014186859
24,4,128,118,0.32272636890411377,0.09225773811340332
24,4,128,119,0.6974554061889648,0.1527939885854721
24,4,128,120,0.46461373567581177,0.215999037027359
24,4,128,121,0.6582324504852295,0.06144382432103157
24,4,128,122,0.5854060649871826,0.1142936646938324
24,4,128,123,0.6498569250106812,0.12346221506595612
24,4,128,124,0.4877181947231293,0.15687419474124908
24,4,128,125,0.5534870624542236,0.2320334017276764
24,4,128,126,0.5955606698989868,0.191142737865448
24,4,128,127,0.713157594203949,0.11507751047611237
24,5,128,0,0.8158323764801025,0.12224377691745758
24,5,128,1,0.849414050579071,0.10332828760147095
24,5,128,2,0.7815790772438049,0.09772792458534241
24,5,128,3,0.784561812877655,0.07869301736354828
24,5,128,4,0.7401941418647766,0.2166634500026703
24,5,128,5,0.35574260354042053,0.11425942927598953
24,5,128,6,0.819197952747345,0.06637309491634369
24,5,128,7,0.7836233377456665,0.10297730565071106
24,5,128,8,0.8025131225585938,0.08085743337869644
24,5,128,9,0.800971269607544,0.13840611279010773
24,5,128,10,0.6629592180252075,0.1483495682477951
24,5,128,11,0.8179712891578674,0.0680389255285263
24,5,128,12,0.7776636481285095,0.13068421185016632
24,5,128,13,0.7407664656639099,0.10984838008880615
24,5,128,14,0.7122552990913391,0.13482452929019928
24,5,128,15,0.7366647720336914,0.13070020079612732
24,5,128,16,0.7660521268844604,0.18106696009635925
24,5,128,17,0.6179907917976379,0.08539199084043503
24,5,128,18,0.7291944622993469,0.1723223328590393
24,5,128,19,0.6510909199714661,0.14841420948505402
24,5,128,20,0.6758313775062561,0.06669524312019348
24,5,128,21,0.8272238373756409,0.12322209030389786
24,5,128,22,0.7503902316093445,0.18399299681186676
24,5,128,23,0.5135941505432129,0.18111790716648102
24,5,128,24,0.47619539499282837,0.21890214085578918
24,5,128,25,0.4005972743034363,0.29318705201148987
24,5,128,26,0.7178983092308044,0.15718792378902435
24,5,128,27,0.872266948223114,0.08828448504209518
24,5,128,28,0.7156282663345337,0.1637514978647232
24,5,128,29,0.856469988822937,0.08500094711780548
24,5,128,30,0.8216337561607361,0.07151982933282852
24,5,128,31,0.8289571404457092,0.09811899065971375
24,5,128,32,0.747063398361206,0.06412655115127563
24,5,128,33,0.7690978646278381,0.09230943769216537
24,5,128,34,0.8494965434074402,0.08192124962806702
24,5,128,35,0.7341387867927551,0.08924022316932678
24,5,128,36,0.6843875646591187,0.1532009243965149
24,5,128,37,0.7167128920555115,0.2188260406255722
24,5,128,38,0.6411750316619873,0.060281116515398026
24,5,128,39,0.6763572096824646,0.08313998579978943
24,5,128,40,0.8039736747741699,0.10138023644685745
24,5,128,41,0.38256561756134033,0.10069452971220016
24,5,128,42,0.33998605608940125,0.3218948543071747
24,5,128,43,0.7959127426147461,0.1616227626800537
24,5,128,44,0.4064750671386719,0.12671123445034027
24,5,128,45,0.6659111380577087,0.26680251955986023
24,5,128,46,0.8012104630470276,0.14339417219161987
24,5,128,47,0.6061264276504517,0.1615421026945114
24,5,128,48,0.7327731251716614,0.24045775830745697
24,5,128,49,0.7215356826782227,0.1390393227338791
24,5,128,50,0.8283189535140991,0.0965554341673851
24,5,128,51,0.7798976898193359,0.16231144964694977
24,5,128,52,0.8510752320289612,0.12145531922578812
24,5,128,53,0.42552173137664795,0.14623573422431946
24,5,128,54,0.799941897392273,0.16856379806995392
24,5,128,55,0.7236839532852173,0.14890101552009583
24,5,128,56,0.7992657423019409,0.08756963908672333
24,5,128,57,0.37398800253868103,0.2892923355102539
24,5,128,58,0.45932090282440186,0.18807294964790344
24,5,128,59,0.7906213998794556,0.09068810939788818
24,5,128,60,0.7904891967773438,0.11857829242944717
24,5,128,61,0.8424019813537598,0.10680088400840759
24,5,128,62,0.6902020573616028,0.28516945242881775
24,5,128,63,0.4957984685897827,0.2605826258659363
24,5,128,64,0.8499131202697754,0.11199042201042175
24,5,128,65,0.6201227903366089,0.058333009481430054
24,5,128,66,0.7821716070175171,0.1609477698802948
24,5,128,67,0.6635518670082092,0.24970673024654388
24,5,128,68,0.7042071223258972,0.0643104761838913
24,5,128,69,0.4174962639808655,0.2629915773868561
24,5,128,70,0.3991027772426605,0.07799836248159409
24,5,128,71,0.7507128119468689,0.1851707100868225
24,5,128,72,0.6996758580207825,0.23423269391059875
24,5,128,73,0.7712881565093994,0.09056850522756577
24,5,128,74,0.8003913164138794,0.14315660297870636
24,5,128,75,0.7142950296401978,0.09118670970201492
24,5,128,76,0.7805030345916748,0.1553429216146469
24,5,128,77,0.8068612217903137,0.09977126121520996
24,5,128,78,0.8617534041404724,0.11275487393140793
24,5,128,79,0.596286952495575,0.10984721779823303
24,5,128,80,0.37686237692832947,0.2565777599811554
24,5,128,81,0.7684082388877869,0.07325045019388199
24,5,128,82,0.6887900233268738,0.2336665540933609
24,5,128,83,0.520198404788971,0.10799705237150192
24,5,128,84,0.7908756136894226,0.13297051191329956
24,5,128,85,0.8421088457107544,0.12115519493818283
24,5,128,86,0.8654887080192566,0.12415643781423569
24,5,128,87,0.7287548780441284,0.13155989348888397
24,5,128,88,0.4361288547515869,0.07246916741132736
24,5,128,89,0.6263884902000427,0.20886243879795074
24,5,128,90,0.5860158205032349,0.18434281647205353
24,5,128,91,0.6629195809364319,0.21877850592136383
24,5,128,92,0.8371480107307434,0.12349287420511246
24,5,128,93,0.8388078212738037,0.10176710039377213
24,5,128,94,0.5015250444412231,0.2115376591682434
24,5,128,95,0.7108129262924194,0.2574295103549957
24,5,128,96,0.8187872767448425,0.15242762863636017
24,5,128,97,0.7707799673080444,0.06724991649389267
24,5,128,98,0.4828563630580902,0.2511248290538788
24,5,128,99,0.3820626437664032,0.30682575702667236
24,5,128,100,0.7609332799911499,0.08682946115732193
24,5,128,101,0.3257705569267273,0.11171438544988632
24,5,128,102,0.6006810069084167,0.16899706423282623
24,5,128,103,0.8289125561714172,0.13697072863578796
24,5,128,104,0.6203235387802124,0.25949734449386597
24,5,128,105,0.7367981672286987,0.11678393930196762
24,5,128,106,0.7375419735908508,0.2058161199092865
24,5,128,107,0.8609218001365662,0.08657273650169373
24,5,128,108,0.6774786710739136,0.17452585697174072
24,5,128,109,0.44758081436157227,0.08177238702774048
24,5,128,110,0.6397303938865662,0.16590814292430878
24,5,128,111,0.4706018567085266,0.14378635585308075
24,5,128,112,0.5438550114631653,0.07071396708488464
24,5,128,113,0.24775303900241852,0.21691802144050598
24,5,128,114,0.7996218800544739,0.14844387769699097
24,5,128,115,0.747856855392456,0.19508230686187744
24,5,128,116,0.8098035454750061,0.11601109057664871
24,5,128,117,0.7178759574890137,0.22522900998592377
24,5,128,118,0.3343401551246643,0.23561175167560577
24,5,128,119,0.8279450535774231,0.12851548194885254
24,5,128,120,0.7422232031822205,0.0970425233244896
24,5,128,121,0.609488308429718,0.18249431252479553
24,5,128,122,0.6531062722206116,0.27137115597724915
24,5,128,123,0.6588464975357056,0.1390000879764557
24,5,128,124,0.7319406270980835,0.08186333626508713
24,5,128,125,0.741856575012207,0.08148135244846344
24,5,128,126,0.738358199596405,0.18288341164588928
24,5,128,127,0.7352622151374817,0.07797958701848984
25,0,32,0,0.46981281042099,0.168605238199234
25,0,32,1,0.5025686025619507,0.13425476849079132
25,0,32,2,0.38992923498153687,0.09919379651546478
25,0,32,3,0.7000057101249695,0.051348716020584106
25,0,32,4,0.48852261900901794,0.10641781985759735
25,0,32,5,0.5205978751182556,0.09976275265216827
25,0,32,6,0.5482380390167236,0.1331414431333542
25,0,32,7,0.5986742973327637,0.0887921005487442
25,0,32,8,0.6808956861495972,0.06529019773006439
25,0,32,9,0.5679625868797302,0.12908636033535004
25,0,32,10,0.5556607842445374,0.0578082799911499
25,0,32,11,0.45703738927841187,0.11857947707176208
25,0,32,12,0.6449989676475525,0.08434988558292389
25,0,32,13,0.41827064752578735,0.1123463585972786
25,0,32,14,0.6038556098937988,0.12400743365287781
25,0,32,15,0.45732805132865906,0.08902469277381897
25,0,32,16,0.33786189556121826,0.12231501936912537
25,0,32,17,0.554329514503479,0.05614220350980759
25,0,32,18,0.5539712309837341,0.1378336399793625
25,0,32,19,0.41635939478874207,0.08344613760709763
25,0,32,20,0.46062296628952026,0.12677063047885895
25,0,32,21,0.391859769821167,0.0850347951054573
25,0,32,22,0.4336269795894623,0.07403222471475601
25,0,32,23,0.4287024140357971,0.10678907483816147
25,0,32,24,0.3331548571586609,0.11077523976564407
25,0,32,25,0.5835630297660828,0.09170571714639664
25,0,32,26,0.39620375633239746,0.0803418681025505
25,0,32,27,0.48917269706726074,0.10155466198921204
25,0,32,28,0.6251333951950073,0.02943241037428379
25,0,32,29,0.45758137106895447,0.09138712286949158
25,0,32,30,0.579134464263916,0.0965368002653122
25,0,32,31,0.5393161773681641,0.07236205041408539
25,1,32,0,0.427503764629364,0.11032639443874359
25,1,32,1,0.5011940002441406,0.0889446884393692
25,1,32,2,0.5284927487373352,0.08582506328821182
25,1,32,3,0.4390924274921417,0.19036994874477386
25,1,32,4,0.5545241236686707,0.07590120285749435
25,1,32,5,0.4136602282524109,0.1289127767086029
25,1,32,6,0.5986993908882141,0.11241491883993149
25,1,32,7,0.4435810148715973,0.08488233387470245
25,1,32,8,0.6025964021682739,0.08270263671875
25,1,32,9,0.5096772313117981,0.06220824643969536
25,1,32,10,0.46898335218429565,0.1221005916595459
25,1,32,11,0.5586785078048706,0.12175522744655609
25,1,32,12,0.5672130584716797,0.1281938999891281
25,1,32,13,0.5284541845321655,0.07325824350118637
25,1,32,14,0.6250485181808472,0.05833277106285095
25,1,32,15,0.3771381676197052,0.13639818131923676
25,1,32,16,0.6113866567611694,0.052710410207509995
25,1,32,17,0.3956761360168457,0.0930403470993042
25,1,32,18,0.3117716908454895,0.08926434069871902
25,1,32,19,0.5040956139564514,0.07963302731513977
25,1,32,20,0.5697216987609863,0.1437155306339264
25,1,32,21,0.5128304362297058,0.10898315906524658
25,1,32,22,0.4384021461009979,0.09665735065937042
25,1,32,23,0.6251065731048584,0.11063975840806961
25,1,32,24,0.5111314058303833,0.0787486582994461
25,1,32,25,0.4338754415512085,0.039722949266433716
25,1,32,26,0.654991090297699,0.0749506726861
25,1,32,27,0.38309764862060547,0.13595059514045715
25,1,32,28,0.6103658080101013,0.07949793338775635
25,1,32,29,0.5031253099441528,0.11766476929187775
25,1,32,30,0.5004594326019287,0.0311358030885458
25,1,32,31,0.3897429406642914,0.10523559898138046
25,2,64,0,0.41995495557785034,0.14345310628414154
25,2,64,1,0.5531110167503357,0.3238486349582672
25,2,64,2,0.6302223801612854,0.07559169828891754
25,2,64,3,0.4339936375617981,0.0817926824092865
25,2,64,4,0.46013447642326355,0.25091397762298584
25,2,64,5,0.48671624064445496,0.2701120972633362
25,2,64,6,0.5256510376930237,0.04155098646879196
25,2,64,7,0.3145831823348999,0.05845712497830391
25,2,64,8,0.6661654114723206,0.06986699253320694
25,2,64,9,0.5447565317153931,0.15661858022212982
25,2,64,10,0.5804221034049988,0.11644710600376129
25,2,64,11,0.4743781089782715,0.0779266506433487
25,2,64,12,0.6390368938446045,0.1604900360107422
25,2,64,13,0.5147609710693359,0.2268480360507965
25,2,64,14,0.47462761402130127,0.13674886524677277
25,2,64,15,0.7542369365692139,0.11965271085500717
25,2,64,16,0.6189347505569458,0.22601215541362762
25,2,64,17,0.34467199444770813,0.08835166692733765
25,2,64,18,0.38412216305732727,0.05786055326461792
25,2,64,19,0.5325024724006653,0.2623162865638733
25,2,64,20,0.5819515585899353,0.05310681834816933
25,2,64,21,0.45193302631378174,0.20363733172416687
25,2,64,22,0.33830925822257996,0.08563318848609924
25,2,64,23,0.5838871598243713,0.09024045616388321
25,2,64,24,0.48809513449668884,0.1377822458744049
25,2,64,25,0.6791632175445557,0.282635897397995
25,2,64,26,0.5871659517288208,0.0475325733423233
25,2,64,27,0.47033002972602844,0.19656430184841156
25,2,64,28,0.6011574268341064,0.07795989513397217
25,2,64,29,0.6095837950706482,0.08404034376144409
25,2,64,30,0.6712480783462524,0.2574509382247925
25,2,64,31,0.4897485673427582,0.12316615879535675
25,2,64,32,0.5135207176208496,0.0767899751663208
25,2,64,33,0.3827820420265198,0.1089617982506752
25,2,64,34,0.6007981300354004,0.15276947617530823
25,2,64,35,0.31568193435668945,0.17513200640678406
25,2,64,36,0.6448301076889038,0.12051592767238617
25,2,64,37,0.4715915620326996,0.18971024453639984
25,2,64,38,0.6317099332809448,0.10957545042037964
25,2,64,39,0.408685564994812,0.2146197259426117
25,2,64,40,0.34965530037879944,0.16529837250709534
25,2,64,41,0.36751124262809753,0.0694969967007637
25,2,64,42,0.6427826881408691,0.11536794900894165
25,2,64,43,0.6111853122711182,0.31928905844688416
25,2,64,44,0.48716920614242554,0.26635587215423584
25,2,64,45,0.37182363867759705,0.11619694530963898
25,2,64,46,0.47506675124168396,0.2995857894420624
25,2,64,47,0.507503092288971,0.26847556233406067
25,2,64,48,0.4414026737213135,0.18361997604370117
25,2,64,49,0.5263425707817078,0.05856478959321976
25,2,64,50,0.4460662305355072,0.30402520298957825
25,2,64,51,0.5051571130752563,0.06195713207125664
25,2,64,52,0.4833046495914459,0.10098295658826828
25,2,64,53,0.5484185218811035,0.19936390221118927
25,2,64,54,0.6845085620880127,0.09059847146272659
25,2,64,55,0.38088324666023254,0.16880163550376892
25,2,64,56,0.5820140838623047,0.15647564828395844
25,2,64,57,0.36765560507774353,0.23662951588630676
25,2,64,58,0.5810417532920837,0.07846773415803909
25,2,64,59,0.5228496193885803,0.12606631219387054
25,2,64,60,0.6112414002418518,0.07660224288702011
25,2,64,61,0.4149070382118225,0.22869443893432617
25,2,64,62,0.5215194225311279,0.06754450500011444
25,2,64,63,0.6673864126205444,0.1740957796573639
25,3,64,0,0.42357730865478516,0.21121478080749512
25,3,64,1,0.6385087370872498,0.1610613912343979
25,3,64,2,0.46071258187294006,0.2067527025938034
25,3,64,3,0.38440290093421936,0.13037733733654022
25,3,64,4,0.5798916220664978,0.13754895329475403
25,3,64,5,0.4005946218967438,0.23328980803489685
25,3,64,6,0.6195357441902161,0.116600900888443
25,3,64,7,0.3845125138759613,0.20014409720897675
25,3,64,8,0.4136103391647339,0.1868266463279724
25,3,64,9,0.5833591818809509,0.20050804316997528
25,3,64,10,0.36840417981147766,0.1517973691225052
25,3,64,11,0.46282488107681274,0.057348430156707764
25,3,64,12,0.37978464365005493,0.12498386949300766
25,3,64,13,0.553040087223053,0.19633351266384125
25,3,64,14,0.620963454246521,0.11771523207426071
25,3,64,15,0.44292619824409485,0.0884692445397377
25,3,64,16,0.3925073444843292,0.14587855339050293
25,3,64,17,0.5657091736793518,0.09804483503103256
25,3,64,18,0.5462150573730469,0.17707665264606476
25,3,64,19,0.34957942366600037,0.14055119454860687
25,3,64,20,0.5613279342651367,0.09350095689296722
25,3,64,21,0.44510525465011597,0.1834665983915329
25,3,64,22,0.5522192716598511,0.09682151675224304
25,3,64,23,0.42488688230514526,0.180022731423378
25,3,64,24,0.2776886224746704,0.17013993859291077
25,3,64,25,0.5990781188011169,0.21714092791080475
25,3,64,26,0.39783310890197754,0.11043404787778854
25,3,64,27,0.4835087060928345,0.11512326449155807
25,3,64,28,0.5854405164718628,0.17467044293880463
25,3,64,29,0.50331711769104,0.10026618838310242
25,3,64,30,0.34301382303237915,0.16824015974998474
25,3,64,31,0.5520408153533936,0.09374295920133591
25,3,64,32,0.5069373846054077,0.07576151937246323
25,3,64,33,0.5933420062065125,0.1628357172012329
25,3,64,34,0.5512382984161377,0.21120823919773102
25,3,64,35,0.5997786521911621,0.16578248143196106
25,3,64,36,0.6064457893371582,0.18785861134529114
25,3,64,37,0.4311749339103699,0.20196814835071564
25,3,64,38,0.3712533116340637,0.12880545854568481
25,3,64,39,0.4131098687648773,0.16017040610313416
25,3,64,40,0.6093643307685852,0.08124003559350967
25,3,64,41,0.377256840467453,0.19157825410366058
25,3,64,42,0.6247818470001221,0.19150273501873016
25,3,64,43,0.4207322299480438,0.14376148581504822
25,3,64,44,0.42149990797042847,0.13255560398101807
25,3,64,45,0.6765333414077759,0.14210854470729828
25,3,64,46,0.5494905710220337,0.10648231208324432
25,3,64,47,0.3441375195980072,0.1835651397705078
25,3,64,48,0.6515884399414062,0.1574142426252365
25,3,64,49,0.5753380656242371,0.1430368572473526
25,3,64,50,0.6399693489074707,0.12597064673900604
25,3,64,51,0.3782339096069336,0.17780128121376038
25,3,64,52,0.5692907571792603,0.15849506855010986
25,3,64,53,0.48713862895965576,0.0617537796497345
25,3,64,54,0.36719217896461487,0.10963117331266403
25,3,64,55,0.6427878737449646,0.17181910574436188
25,3,64,56,0.3730270564556122,0.12682418525218964
25,3,64,57,0.5442748069763184,0.08426187187433243
25,3,64,58,0.49404922127723694,0.1918688267469406
25,3,64,59,0.6207945346832275,0.16940772533416748
25,3,64,60,0.48969417810440063,0.08816593140363693
25,3,64,61,0.5071918368339539,0.15704810619354248
25,3,64,62,0.6233972907066345,0.14269693195819855
25,3,64,63,0.341386079788208,0.20140300691127777
25,4,128,0,0.5331932902336121,0.1970667690038681
25,4,128,1,0.6692766547203064,0.2286529392004013
25,4,128,2,0.4813932478427887,0.36082738637924194
25,4,128,3,0.7106726765632629,0.1233111321926117
25,4,128,4,0.5071274042129517,0.20134791731834412
25,4,128,5,0.7021124958992004,0.11483380198478699
25,4,128,6,0.6349011659622192,0.25565531849861145
25,4,128,7,0.41252851486206055,0.22785639762878418
25,4,128,8,0.5434080362319946,0.1267053335905075
25,4,128,9,0.5829640030860901,0.34230688214302063
25,4,128,10,0.35171785950660706,0.2569142282009125
25,4,128,11,0.3998236358165741,0.295890748500824
25,4,128,12,0.6284624338150024,0.11771838366985321
25,4,128,13,0.6460792422294617,0.06481167674064636
25,4,128,14,0.47725436091423035,0.22481946647167206
25,4,128,15,0.49782127141952515,0.24904921650886536
25,4,128,16,0.7659016251564026,0.09216967970132828
25,4,128,17,0.7386202216148376,0.13097704946994781
25,4,128,18,0.45920270681381226,0.10299540311098099
25,4,128,19,0.42945411801338196,0.19212789833545685
25,4,128,20,0.4670248031616211,0.3200896084308624
25,4,128,21,0.72382652759552,0.19466666877269745
25,4,128,22,0.3901769518852234,0.2597831189632416
25,4,128,23,0.5127371549606323,0.34039294719696045
25,4,128,24,0.21967652440071106,0.12037667632102966
25,4,128,25,0.565762996673584,0.16522441804409027
25,4,128,26,0.6374173760414124,0.20439772307872772
25,4,128,27,0.3829297423362732,0.34449684619903564
25,4,128,28,0.7944725751876831,0.10685805231332779
25,4,128,29,0.5810903310775757,0.11407174170017242
25,4,128,30,0.6048635244369507,0.2888287603855133
25,4,128,31,0.39677026867866516,0.14699000120162964
25,4,128,32,0.6291050910949707,0.18561522662639618
25,4,128,33,0.6303260922431946,0.23352284729480743
25,4,128,34,0.8213655948638916,0.0938226506114006
25,4,128,35,0.5294976830482483,0.0968499705195427
25,4,128,36,0.6789436340332031,0.07673612236976624
25,4,128,37,0.6013509631156921,0.3662441670894623
25,4,128,38,0.5520915985107422,0.24690939486026764
25,4,128,39,0.41366472840309143,0.3110547959804535
25,4,128,40,0.41798654198646545,0.29859232902526855
25,4,128,41,0.5522703528404236,0.30399036407470703
25,4,128,42,0.6481806635856628,0.23734703660011292
25,4,128,43,0.6455437541007996,0.09422045201063156
25,4,128,44,0.5425058007240295,0.25876662135124207
25,4,128,45,0.3905012607574463,0.11223457753658295
25,4,128,46,0.4606854319572449,0.34172168374061584
25,4,128,47,0.3263729512691498,0.25048020482063293
25,4,128,48,0.4099215865135193,0.2246030569076538
25,4,128,49,0.2091609388589859,0.13120737671852112
25,4,128,50,0.4911959171295166,0.1914101243019104
25,4,128,51,0.6254567503929138,0.25749215483665466
25,4,128,52,0.7248933911323547,0.14735926687717438
25,4,128,53,0.7391392588615417,0.12207653373479843
25,4,128,54,0.6048144102096558,0.3022483289241791
25,4,128,55,0.615167498588562,0.35237330198287964
25,4,128,56,0.6888602375984192,0.14683079719543457
25,4,128,57,0.6079369783401489,0.2607452869415283
25,4,128,58,0.4714159369468689,0.09118442982435226
25,4,128,59,0.41669851541519165,0.14714574813842773
25,4,128,60,0.7355266213417053,0.138587087392807
25,4,128,61,0.5074906349182129,0.14404575526714325
25,4,128,62,0.5679044723510742,0.22668041288852692
25,4,128,63,0.4245503544807434,0.2372908741235733
25,4,128,64,0.7752963900566101,0.11665394902229309
25,4,128,65,0.5016114115715027,0.22112499177455902
25,4,128,66,0.792518138885498,0.0912877768278122
25,4,128,67,0.7502020597457886,0.10917332768440247
25,4,128,68,0.5026617646217346,0.2051682323217392
25,4,128,69,0.7663664817810059,0.1118832677602768
25,4,128,70,0.5389311909675598,0.18448306620121002
25,4,128,71,0.4969819188117981,0.08123335242271423
25,4,128,72,0.4933609366416931,0.2642572224140167
25,4,128,73,0.6317487359046936,0.1609698385000229
25,4,128,74,0.6225411295890808,0.3318846523761749
25,4,128,75,0.4674193263053894,0.10033649206161499
25,4,128,76,0.4898359179496765,0.29193735122680664
25,4,128,77,0.6598348021507263,0.3094877302646637
25,4,128,78,0.6367289423942566,0.2904183268547058
25,4,128,79,0.32772332429885864,0.20354916155338287
25,4,128,80,0.39270445704460144,0.33711257576942444
25,4,128,81,0.5242671966552734,0.1389957070350647
25,4,128,82,0.4388993978500366,0.2457135021686554
25,4,128,83,0.5024093985557556,0.1640489250421524
25,4,128,84,0.6466137170791626,0.16145381331443787
25,4,128,85,0.6128449440002441,0.37697112560272217
25,4,128,86,0.3782941997051239,0.20108629763126373
25,4,128,87,0.745813250541687,0.09777557104825974
25,4,128,88,0.7052590250968933,0.2468685805797577
25,4,128,89,0.7983123064041138,0.1380533128976822
25,4,128,90,0.5852362513542175,0.10496719926595688
25,4,128,91,0.5989850759506226,0.2257346510887146
25,4,128,92,0.5982546806335449,0.19142591953277588
25,4,128,93,0.6567964553833008,0.22878630459308624
25,4,128,94,0.6414074301719666,0.11336484551429749
25,4,128,95,0.23861585557460785,0.10183373838663101
25,4,128,96,0.6448279023170471,0.13069771230220795
25,4,128,97,0.6178699731826782,0.15846526622772217
25,4,128,98,0.7683618068695068,0.1357496827840805
25,4,128,99,0.6337486505508423,0.28104540705680847
25,4,128,100,0.23461315035820007,0.1333833783864975
25,4,128,101,0.6771432161331177,0.2137044221162796
25,4,128,102,0.5441652536392212,0.2625952363014221
25,4,128,103,0.40387505292892456,0.31452134251594543
25,4,128,104,0.46572187542915344,0.23080426454544067
25,4,128,105,0.5349390506744385,0.1788206547498703
25,4,128,106,0.5451704263687134,0.2833803594112396
25,4,128,107,0.8475560545921326,0.09198003262281418
25,4,128,108,0.47596755623817444,0.2269904762506485
25,4,128,109,0.5317040085792542,0.26068437099456787
25,4,128,110,0.7059637308120728,0.07269645482301712
25,4,128,111,0.7416949272155762,0.19154085218906403
25,4,128,112,0.6240235567092896,0.16760596632957458
25,4,128,113,0.4115239679813385,0.35057148337364197
25,4,128,114,0.7204887270927429,0.0785873532295227
25,4,128,115,0.5293492078781128,0.21780291199684143
25,4,128,116,0.3222235143184662,0.13956806063652039
25,4,128,117,0.7629674077033997,0.13775885105133057
25,4,128,118,0.6681215763092041,0.09442611038684845
25,4,128,119,0.5850909948348999,0.1387893259525299
25,4,128,120,0.5474726557731628,0.08983725309371948
25,4,128,121,0.2621057629585266,0.12424761056900024
25,4,128,122,0.5807411670684814,0.23884449899196625
25,4,128,123,0.5706449151039124,0.17422731220722198
25,4,128,124,0.43612709641456604,0.13227412104606628
25,4,128,125,0.5500463247299194,0.15263605117797852
25,4,128,126,0.689342737197876,0.2135864794254303
25,4,128,127,0.6091808080673218,0.2763518691062927
25,5,128,0,0.36719903349876404,0.35087183117866516
25,5,128,1,0.43576687574386597,0.28895676136016846
25,5,128,2,0.8701620697975159,0.0765007883310318
25,5,128,3,0.8742384314537048,0.08833860605955124
25,5,128,4,0.8183188438415527,0.1594892293214798
25,5,128,5,0.8033316135406494,0.1322844922542572
25,5,128,6,0.4065853953361511,0.39659205079078674
25,5,128,7,0.42184552550315857,0.3723883330821991
25,5,128,8,0.4761636555194855,0.15971556305885315
25,5,128,9,0.8414004445075989,0.15179303288459778
25,5,128,10,0.6826767325401306,0.16316449642181396
25,5,128,11,0.8506495356559753,0.0944320559501648
25,5,128,12,0.8436816334724426,0.10347363352775574
25,5,128,13,0.8757056593894958,0.10300642251968384
25,5,128,14,0.7900494337081909,0.12162933498620987
25,5,128,15,0.8638758659362793,0.07406939566135406
25,5,128,16,0.8640750050544739,0.09086935967206955
25,5,128,17,0.775310218334198,0.18230389058589935
25,5,128,18,0.5783478617668152,0.19317962229251862
25,5,128,19,0.7708473801612854,0.19022390246391296
25,5,128,20,0.3164522647857666,0.24575282633304596
25,5,128,21,0.8639904856681824,0.09873944520950317
25,5,128,22,0.755721926689148,0.2042950689792633
25,5,128,23,0.34274381399154663,0.24163420498371124
25,5,128,24,0.5013357400894165,0.07356643676757812
25,5,128,25,0.5526353120803833,0.10480497032403946
25,5,128,26,0.45920756459236145,0.21270079910755157
25,5,128,27,0.7089408040046692,0.31085315346717834
25,5,128,28,0.8320774435997009,0.13935056328773499
25,5,128,29,0.6720755696296692,0.10685747116804123
25,5,128,30,0.81744384765625,0.1035638228058815
25,5,128,31,0.6565067768096924,0.3395228981971741
25,5,128,32,0.7948896288871765,0.20525102317333221
25,5,128,33,0.864141583442688,0.1362590491771698
25,5,128,34,0.8776776194572449,0.08498705923557281
25,5,128,35,0.6902288198471069,0.18719664216041565
25,5,128,36,0.7812904715538025,0.2343824803829193
25,5,128,37,0.5628241300582886,0.23999184370040894
25,5,128,38,0.8421931862831116,0.1418343484401703
25,5,128,39,0.5615316033363342,0.222580224275589
25,5,128,40,0.7192131280899048,0.2007247805595398
25,5,128,41,0.40641167759895325,0.30619460344314575
25,5,128,42,0.6850675940513611,0.2923852801322937
25,5,128,43,0.870739221572876,0.10637284815311432
25,5,128,44,0.8202866315841675,0.14780586957931519
25,5,128,45,0.5385875105857849,0.22822116315364838
25,5,128,46,0.48525717854499817,0.2876810133457184
25,5,128,47,0.634040117263794,0.33404794335365295
25,5,128,48,0.5762125253677368,0.18848301470279694
25,5,128,49,0.6874522566795349,0.2738244831562042
25,5,128,50,0.6986438035964966,0.20259682834148407
25,5,128,51,0.7094627618789673,0.2185676097869873
25,5,128,52,0.669340968132019,0.2937967777252197
25,5,128,53,0.8585425019264221,0.12854591012001038
25,5,128,54,0.7108780741691589,0.24728697538375854
25,5,128,55,0.7866642475128174,0.19822381436824799
25,5,128,56,0.8871281743049622,0.08647119253873825
25,5,128,57,0.8300400972366333,0.132858008146286
25,5,128,58,0.9200870394706726,0.07279851287603378
25,5,128,59,0.740912675857544,0.08672201633453369
25,5,128,60,0.9076797962188721,0.08508653193712234
25,5,128,61,0.5174517631530762,0.1656869500875473
25,5,128,62,0.4097314476966858,0.3454897999763489
25,5,128,63,0.8705788254737854,0.08541423082351685
25,5,128,64,0.8394941091537476,0.12187229841947556
25,5,128,65,0.6266067028045654,0.08031634986400604
25,5,128,66,0.8018105030059814,0.11180613189935684
25,5,128,67,0.7734297513961792,0.09437281638383865
25,5,128,68,0.8325504660606384,0.08086629211902618
25,5,128,69,0.834311842918396,0.10119447112083435
25,5,128,70,0.4664621651172638,0.17382295429706573
25,5,128,71,0.7472758889198303,0.0991770401597023
25,5,128,72,0.5954905152320862,0.1829075813293457
25,5,128,73,0.6255760788917542,0.3500756323337555
25,5,128,74,0.8579816818237305,0.07804867625236511
25,5,128,75,0.7692922949790955,0.08443888276815414
25,5,128,76,0.7997047901153564,0.08995052427053452
25,5,128,77,0.8287633657455444,0.1967773735523224
25,5,128,78,0.7449643611907959,0.2707130014896393
25,5,128,79,0.6635929346084595,0.13129614293575287
25,5,128,80,0.36858507990837097,0.34081727266311646
25,5,128,81,0.7198953032493591,0.22145208716392517
25,5,128,82,0.7394003868103027,0.21834370493888855
25,5,128,83,0.47552213072776794,0.26822635531425476
25,5,128,84,0.8198583126068115,0.09836729615926743
25,5,128,85,0.903296947479248,0.08276987075805664
25,5,128,86,0.6302080750465393,0.1216905489563942
25,5,128,87,0.8666534423828125,0.09435969591140747
25,5,128,88,0.8334388136863708,0.10582643747329712
25,5,128,89,0.8182255029678345,0.22005930542945862
25,5,128,90,0.5583285689353943,0.10154502093791962
25,5,128,91,0.3968856632709503,0.21986743807792664
25,5,128,92,0.46195676922798157,0.2735130190849304
25,5,128,93,0.7172999978065491,0.2773139774799347
25,5,128,94,0.6952821612358093,0.19718925654888153
25,5,128,95,0.4580618143081665,0.3322915732860565
25,5,128,96,0.8034889698028564,0.07769313454627991
25,5,128,97,0.41127821803092957,0.3634859621524811
25,5,128,98,0.8512790203094482,0.09743152558803558
25,5,128,99,0.8513200283050537,0.11617584526538849
25,5,128,100,0.34573909640312195,0.18853124976158142
25,5,128,101,0.7178828120231628,0.2671758234500885
25,5,128,102,0.760166585445404,0.10165636986494064
25,5,128,103,0.46378275752067566,0.2537385821342468
25,5,128,104,0.7779601216316223,0.22177213430404663
25,5,128,105,0.8195944428443909,0.15640141069889069
25,5,128,106,0.6606754064559937,0.20889000594615936
25,5,128,107,0.8723175525665283,0.08245918154716492
25,5,128,108,0.6562095880508423,0.3526768088340759
25,5,128,109,0.8382679224014282,0.07035534828901291
25,5,128,110,0.8485074639320374,0.11556842923164368
25,5,128,111,0.38682055473327637,0.2621917724609375
25,5,128,112,0.7502784729003906,0.2463138997554779
25,5,128,113,0.7889691591262817,0.09940307587385178
25,5,128,114,0.8092494010925293,0.09436650574207306
25,5,128,115,0.7008745074272156,0.23532553017139435
25,5,128,116,0.795717179775238,0.14327721297740936
25,5,128,117,0.7823855876922607,0.16370074450969696
25,5,128,118,0.8117671608924866,0.16265177726745605
25,5,128,119,0.8795385956764221,0.09271734207868576
25,5,128,120,0.7054209113121033,0.1568012684583664
25,5,128,121,0.6507943272590637,0.2969329059123993
25,5,128,122,0.6590604782104492,0.3163180649280548
25,5,128,123,0.6641565561294556,0.2884473502635956
25,5,128,124,0.7800467014312744,0.09739463776350021
25,5,128,125,0.8047844767570496,0.12690478563308716
25,5,128,126,0.8111632466316223,0.15298016369342804
25,5,128,127,0.7122215032577515,0.2666533887386322
26,0,32,0,0.3157460689544678,0.08218511193990707
26,0,32,1,0.5576525926589966,0.09697096794843674
26,0,32,2,0.47934606671333313,0.09093572199344635
26,0,32,3,0.5754092335700989,0.07254666090011597
26,0,32,4,0.5499955415725708,0.06260903924703598
26,0,32,5,0.4090448021888733,0.12491003423929214
26,0,32,6,0.5986207127571106,0.06110433489084244
26,0,32,7,0.5740340352058411,0.057588107883930206
26,0,32,8,0.5993472933769226,0.08298887312412262
26,0,32,9,0.4600414037704468,0.05857117474079132
26,0,32,10,0.49891749024391174,0.11959407478570938
26,0,32,11,0.5096501111984253,0.07376441359519958
26,0,32,12,0.46991148591041565,0.10683846473693848
26,0,32,13,0.43458080291748047,0.08990176767110825
26,0,32,14,0.40412116050720215,0.054102376103401184
26,0,32,15,0.3683789372444153,0.08123796433210373
26,0,32,16,0.3760070502758026,0.10700567811727524
26,0,32,17,0.4435794949531555,0.07698875665664673
26,0,32,18,0.49223750829696655,0.08097737282514572
26,0,32,19,0.5116714239120483,0.10591228306293488
26,0,32,20,0.5252513289451599,0.05271442234516144
26,0,32,21,0.39974334836006165,0.08529327064752579
26,0,32,22,0.6453299522399902,0.06222659721970558
26,0,32,23,0.4646212160587311,0.06345910578966141
26,0,32,24,0.5052905678749084,0.07955637574195862
26,0,32,25,0.49872490763664246,0.07733851671218872
26,0,32,26,0.5062149167060852,0.06632644683122635
26,0,32,27,0.49888747930526733,0.10312362015247345
26,0,32,28,0.4632021486759186,0.0802948996424675
26,0,32,29,0.4737788140773773,0.09468363970518112
26,0,32,30,0.5496013760566711,0.10604581981897354
26,0,32,31,0.4178504943847656,0.04050840437412262
26,1,32,0,0.5028823018074036,0.13179504871368408
26,1,32,1,0.3263401687145233,0.07727651298046112
26,1,32,2,0.5749254822731018,0.18046633899211884
26,1,32,3,0.517669677734375,0.1075800284743309
26,1,32,4,0.5637820363044739,0.07795137912034988
26,1,32,5,0.6055600643157959,0.15391352772712708
26,1,32,6,0.5634569525718689,0.10231963545084
26,1,32,7,0.4052264094352722,0.11064781993627548
26,1,32,8,0.4337433874607086,0.10466314852237701
26,1,32,9,0.3781566023826599,0.12451041489839554
26,1,32,10,0.5590460300445557,0.12483306974172592
26,1,32,11,0.4583854377269745,0.091013602912426
26,1,32,12,0.30690425634384155,0.11782781034708023
26,1,32,13,0.6320939064025879,0.10877975821495056
26,1,32,14,0.4470508396625519,0.16770438849925995
26,1,32,15,0.5259532928466797,0.059447627514600754
26,1,32,16,0.5021392703056335,0.1557631492614746
26,1,32,17,0.45312634110450745,0.1964929699897766
26,1,32,18,0.6054828763008118,0.08768004179000854
26,1,32,19,0.5003049373626709,0.0979287326335907
26,1,32,20,0.6415868401527405,0.09560727328062057
26,1,32,21,0.4844769835472107,0.15152575075626373
26,1,32,22,0.6040761470794678,0.12468812614679337
26,1,32,23,0.5289725065231323,0.11690139025449753
26,1,32,24,0.5135910511016846,0.022671515122056007
26,1,32,25,0.40164434909820557,0.1756877601146698
26,1,32,26,0.5175114274024963,0.11100494861602783
26,1,32,27,0.5592082142829895,0.10319690406322479
26,1,32,28,0.49495312571525574,0.07703818380832672
26,1,32,29,0.5533069968223572,0.14401519298553467
26,1,32,30,0.34869810938835144,0.08660160005092621
26,1,32,31,0.6744553446769714,0.06417126953601837
26,2,64,0,0.43104419112205505,0.13026824593544006
26,2,64,1,0.6633685827255249,0.1894015222787857
26,2,64,2,0.3994430601596832,0.19572080671787262
26,2,64,3,0.476299524307251,0.13477922976016998
26,2,64,4,0.3838005065917969,0.1648915857076645
26,2,64,5,0.614048182964325,0.13146938383579254
26,2,64,6,0.5279105305671692,0.15138447284698486
26,2,64,7,0.5273227095603943,0.17149853706359863
26,2,64,8,0.33626043796539307,0.15986268222332
26,2,64,9,0.594946026802063,0.11664529144763947
26,2,64,10,0.3884088099002838,0.09844174236059189
26,2,64,11,0.46803611516952515,0.22756880521774292
26,2,64,12,0.6820229887962341,0.18545104563236237
26,2,64,13,0.6282564401626587,0.1277744024991989
26,2,64,14,0.5120195150375366,0.20413129031658173
26,2,64,15,0.4646369218826294,0.16372595727443695
26,2,64,16,0.5677456259727478,0.15009906888008118
26,2,64,17,0.46529459953308105,0.12616461515426636
26,2,64,18,0.5909090638160706,0.18042926490306854
26,2,64,19,0.35271087288856506,0.10921769589185715
26,2,64,20,0.6455370187759399,0.13697189092636108
26,2,64,21,0.4131048619747162,0.1288384646177292
26,2,64,22,0.6770138740539551,0.13769392669200897
26,2,64,23,0.6110913753509521,0.1518648862838745
26,2,64,24,0.4904094636440277,0.18079715967178345
26,2,64,25,0.4450724720954895,0.11307264119386673
26,2,64,26,0.5696008205413818,0.16937187314033508
26,2,64,27,0.6054993271827698,0.11449964344501495
26,2,64,28,0.5357908010482788,0.10736006498336792
26,2,64,29,0.6363962292671204,0.1838969588279724
26,2,64,30,0.44160041213035583,0.15427076816558838
26,2,64,31,0.5106468796730042,0.23555506765842438
26,2,64,32,0.41415974497795105,0.11728621274232864
26,2,64,33,0.5194039344787598,0.09111437946557999
26,2,64,34,0.4062052071094513,0.0941983237862587
26,2,64,35,0.6965972781181335,0.12610389292240143
26,2,64,36,0.4524601101875305,0.10465767979621887
26,2,64,37,0.3737401068210602,0.1635255515575409
26,2,64,38,0.5423910617828369,0.14684897661209106
26,2,64,39,0.5615919232368469,0.2127985954284668
26,2,64,40,0.43956848978996277,0.1783950924873352
26,2,64,41,0.4819461703300476,0.1677541881799698
26,2,64,42,0.48198726773262024,0.07816039025783539
26,2,64,43,0.5369954109191895,0.23658640682697296
26,2,64,44,0.5024822354316711,0.2280745655298233
26,2,64,45,0.2985270917415619,0.11150044202804565
26,2,64,46,0.6162788271903992,0.1329776644706726
26,2,64,47,0.4862920343875885,0.17736166715621948
26,2,64,48,0.5212268233299255,0.20856592059135437
26,2,64,49,0.46853703260421753,0.17527881264686584
26,2,64,50,0.436732679605484,0.17974594235420227
26,2,64,51,0.6401535272598267,0.15852484107017517
26,2,64,52,0.4356773793697357,0.17103935778141022
26,2,64,53,0.4904074966907501,0.1691393405199051
26,2,64,54,0.4094165861606598,0.17831209301948547
26,2,64,55,0.4062096178531647,0.0688009038567543
26,2,64,56,0.6100154519081116,0.13353383541107178
26,2,64,57,0.5754812359809875,0.16136452555656433
26,2,64,58,0.505641520023346,0.1964353770017624
26,2,64,59,0.34991803765296936,0.05675211548805237
26,2,64,60,0.524823009967804,0.2184896320104599
26,2,64,61,0.41473254561424255,0.17808955907821655
26,2,64,62,0.6059654355049133,0.12614762783050537
26,2,64,63,0.368845671415329,0.1610569804906845
26,3,64,0,0.3721493184566498,0.17276902496814728
26,3,64,1,0.47984012961387634,0.2459065020084381
26,3,64,2,0.46691054105758667,0.2210421860218048
26,3,64,3,0.4892488420009613,0.17220672965049744
26,3,64,4,0.5269115567207336,0.09662950038909912
26,3,64,5,0.5293720960617065,0.13037435710430145
26,3,64,6,0.4201393127441406,0.19474825263023376
26,3,64,7,0.3906882405281067,0.15562370419502258
26,3,64,8,0.3939737379550934,0.10501489043235779
26,3,64,9,0.4596851170063019,0.20035551488399506
26,3,64,10,0.4990527033805847,0.19706909358501434
26,3,64,11,0.6278795599937439,0.10815519839525223
26,3,64,12,0.42868199944496155,0.15097415447235107
26,3,64,13,0.5260216593742371,0.21700620651245117
26,3,64,14,0.5047898888587952,0.08263231068849564
26,3,64,15,0.5257971882820129,0.11472123861312866
26,3,64,16,0.3470599055290222,0.0915185958147049
26,3,64,17,0.5516203045845032,0.07040988653898239
26,3,64,18,0.5070507526397705,0.1283043473958969
26,3,64,19,0.5637029409408569,0.2012644112110138
26,3,64,20,0.39631935954093933,0.12464891374111176
26,3,64,21,0.4137861728668213,0.0832829549908638
26,3,64,22,0.6116040945053101,0.14747776091098785
26,3,64,23,0.3589341640472412,0.14550688862800598
26,3,64,24,0.49638351798057556,0.2187274992465973
26,3,64,25,0.41726699471473694,0.11480405181646347
26,3,64,26,0.45795443654060364,0.15028755366802216
26,3,64,27,0.39038458466529846,0.14412586390972137
26,3,64,28,0.44502636790275574,0.05954926833510399
26,3,64,29,0.5183855295181274,0.17226894199848175
26,3,64,30,0.5899969339370728,0.13629283010959625
26,3,64,31,0.44153159856796265,0.10933847725391388
26,3,64,32,0.5438684821128845,0.04746538773179054
26,3,64,33,0.41436925530433655,0.1473008096218109
26,3,64,34,0.38230055570602417,0.13277676701545715
26,3,64,35,0.481871098279953,0.1883745640516281
26,3,64,36,0.41430845856666565,0.10442443937063217
26,3,64,37,0.5866866111755371,0.18389293551445007
26,3,64,38,0.5031566619873047,0.18805566430091858
26,3,64,39,0.4967915415763855,0.26607364416122437
26,3,64,40,0.49656355381011963,0.18934732675552368
26,3,64,41,0.4784637987613678,0.21970681846141815
26,3,64,42,0.5127472877502441,0.14009705185890198
26,3,64,43,0.5325628519058228,0.07625509053468704
26,3,64,44,0.4869535267353058,0.14540977776050568
26,3,64,45,0.5633703470230103,0.08262491971254349
26,3,64,46,0.4731619656085968,0.14216162264347076
26,3,64,47,0.5924845337867737,0.061979759484529495
26,3,64,48,0.6207347512245178,0.15902024507522583
26,3,64,49,0.6279686093330383,0.07444500178098679
26,3,64,50,0.526699960231781,0.14160019159317017
26,3,64,51,0.47275155782699585,0.18300682306289673
26,3,64,52,0.618956983089447,0.13920676708221436
26,3,64,53,0.48247379064559937,0.08654773980379105
26,3,64,54,0.5449602603912354,0.09364544600248337
26,3,64,55,0.429747611284256,0.10225881636142731
26,3,64,56,0.6549045443534851,0.08796390891075134
26,3,64,57,0.3839717507362366,0.10040977597236633
26,3,64,58,0.4320805072784424,0.2600143253803253
26,3,64,59,0.4424645006656647,0.093317411839962
26,3,64,60,0.5519254207611084,0.22808493673801422
26,3,64,61,0.62697833776474,0.16214853525161743
26,3,64,62,0.5326991677284241,0.08069825172424316
26,3,64,63,0.6189712285995483,0.11078844964504242
26,4,128,0,0.34436362981796265,0.2597166895866394
26,4,128,1,0.619894802570343,0.13060058653354645
26,4,128,2,0.6410910487174988,0.11763197928667068
26,4,128,3,0.5712367296218872,0.23092742264270782
26,4,128,4,0.6166017651557922,0.22680464386940002
26,4,128,5,0.3555619716644287,0.14770066738128662
26,4,128,6,0.5102959275245667,0.061614565551280975
26,4,128,7,0.4210898280143738,0.21659743785858154
26,4,128,8,0.5987030863761902,0.21436765789985657
26,4,128,9,0.6603443622589111,0.05837840214371681
26,4,128,10,0.6037949919700623,0.14851726591587067
26,4,128,11,0.4706191122531891,0.2876506745815277
26,4,128,12,0.5541364550590515,0.3626033365726471
26,4,128,13,0.5550970435142517,0.2372523546218872
26,4,128,14,0.6189879775047302,0.16577331721782684
26,4,128,15,0.4703957140445709,0.1877816915512085
26,4,128,16,0.46186986565589905,0.2575542628765106
26,4,128,17,0.48154592514038086,0.22283607721328735
26,4,128,18,0.6112305521965027,0.21307812631130219
26,4,128,19,0.7338082790374756,0.16773296892642975
26,4,128,20,0.7058858871459961,0.12251977622509003
26,4,128,21,0.6647995114326477,0.11588296294212341
26,4,128,22,0.4340215027332306,0.2018660306930542
26,4,128,23,0.6148421168327332,0.30611690878868103
26,4,128,24,0.6577507257461548,0.1353379338979721
26,4,128,25,0.35692059993743896,0.16813382506370544
26,4,128,26,0.5122076272964478,0.19364024698734283
26,4,128,27,0.42635223269462585,0.23984964191913605
26,4,128,28,0.7050077319145203,0.19165830314159393
26,4,128,29,0.5736697912216187,0.21116389334201813
26,4,128,30,0.5679237842559814,0.30669069290161133
26,4,128,31,0.5756583213806152,0.3492541015148163
26,4,128,32,0.560052752494812,0.21219505369663239
26,4,128,33,0.6076357960700989,0.21219183504581451
26,4,128,34,0.6724371314048767,0.17640940845012665
26,4,128,35,0.5664458274841309,0.11445087939500809
26,4,128,36,0.5547089576721191,0.37818384170532227
26,4,128,37,0.5101383924484253,0.1691761463880539
26,4,128,38,0.6524065136909485,0.14957267045974731
26,4,128,39,0.555081844329834,0.15348216891288757
26,4,128,40,0.5525863766670227,0.153113454580307
26,4,128,41,0.5206958055496216,0.09211220592260361
26,4,128,42,0.575191080570221,0.21405595541000366
26,4,128,43,0.7414445281028748,0.1726938784122467
26,4,128,44,0.5236862301826477,0.1341034471988678
26,4,128,45,0.6463539600372314,0.17589257657527924
26,4,128,46,0.4084741473197937,0.12469371408224106
26,4,128,47,0.4402197003364563,0.13223077356815338
26,4,128,48,0.4980299770832062,0.32194045186042786
26,4,128,49,0.6664397716522217,0.08693729341030121
26,4,128,50,0.6534967422485352,0.24734528362751007
26,4,128,51,0.5102987885475159,0.25379759073257446
26,4,128,52,0.6342588663101196,0.2541123628616333
26,4,128,53,0.5914538502693176,0.23092049360275269
26,4,128,54,0.5803579092025757,0.22341740131378174
26,4,128,55,0.6140927672386169,0.08500812202692032
26,4,128,56,0.6093243360519409,0.14150352776050568
26,4,128,57,0.33717119693756104,0.14550621807575226
26,4,128,58,0.7426463961601257,0.14012464880943298
26,4,128,59,0.6587633490562439,0.08519631624221802
26,4,128,60,0.6389102935791016,0.2515561580657959
26,4,128,61,0.5548418164253235,0.299384742975235
26,4,128,62,0.5942873358726501,0.18974490463733673
26,4,128,63,0.6196501851081848,0.1385655701160431
26,4,128,64,0.6346380114555359,0.12333890795707703
26,4,128,65,0.6589558720588684,0.2558903992176056
26,4,128,66,0.5659617781639099,0.16353647410869598
26,4,128,67,0.5945882201194763,0.10806883126497269
26,4,128,68,0.6487165093421936,0.16345100104808807
26,4,128,69,0.7456973195075989,0.09586476534605026
26,4,128,70,0.27229517698287964,0.10064931958913803
26,4,128,71,0.4186784625053406,0.09952849894762039
26,4,128,72,0.5599827170372009,0.24424946308135986
26,4,128,73,0.5643420219421387,0.29342764616012573
26,4,128,74,0.8364854454994202,0.10018816590309143
26,4,128,75,0.5843161344528198,0.2685500681400299
26,4,128,76,0.3665987551212311,0.19381853938102722
26,4,128,77,0.49417075514793396,0.11415739357471466
26,4,128,78,0.4811895191669464,0.29222235083580017
26,4,128,79,0.40118762850761414,0.18993806838989258
26,4,128,80,0.4150520861148834,0.1636698842048645
26,4,128,81,0.6876723766326904,0.06029268354177475
26,4,128,82,0.4031500816345215,0.1370558738708496
26,4,128,83,0.7711464762687683,0.09483528882265091
26,4,128,84,0.43870073556900024,0.18401555716991425
26,4,128,85,0.6668646335601807,0.1373245269060135
26,4,128,86,0.800980806350708,0.11657274514436722
26,4,128,87,0.638299286365509,0.10795889049768448
26,4,128,88,0.6333151459693909,0.09888321161270142
26,4,128,89,0.5511373281478882,0.11025257408618927
26,4,128,90,0.5193449258804321,0.19286781549453735
26,4,128,91,0.6521191596984863,0.1460607349872589
26,4,128,92,0.5587089657783508,0.1378794014453888
26,4,128,93,0.570591151714325,0.09064771980047226
26,4,128,94,0.5552562475204468,0.21241343021392822
26,4,128,95,0.8010823130607605,0.08530038595199585
26,4,128,96,0.5148759484291077,0.21172381937503815
26,4,128,97,0.6392399668693542,0.1308557093143463
26,4,128,98,0.6150251030921936,0.27915194630622864
26,4,128,99,0.3166041970252991,0.09125567227602005
26,4,128,100,0.7245784997940063,0.08730518072843552
26,4,128,101,0.6493539810180664,0.2221091091632843
26,4,128,102,0.30556628108024597,0.1700534075498581
26,4,128,103,0.5592657327651978,0.2658441960811615
26,4,128,104,0.5997421741485596,0.25153428316116333
26,4,128,105,0.6807088255882263,0.19216321408748627
26,4,128,106,0.840645432472229,0.08978400379419327
26,4,128,107,0.4195396602153778,0.17179256677627563
26,4,128,108,0.41014841198921204,0.22273319959640503
26,4,128,109,0.6798269748687744,0.15447646379470825
26,4,128,110,0.7154908180236816,0.07423967123031616
26,4,128,111,0.4878081679344177,0.16821236908435822
26,4,128,112,0.48318418860435486,0.1466647833585739
26,4,128,113,0.6876767873764038,0.13298305869102478
26,4,128,114,0.4237142503261566,0.18481838703155518
26,4,128,115,0.7878834009170532,0.07609667629003525
26,4,128,116,0.5980632305145264,0.21630634367465973
26,4,128,117,0.49711164832115173,0.13642121851444244
26,4,128,118,0.7908037304878235,0.10809149593114853
26,4,128,119,0.4904005825519562,0.14073234796524048
26,4,128,120,0.6531933546066284,0.20378418266773224
26,4,128,121,0.6308655738830566,0.23813022673130035
26,4,128,122,0.5956417322158813,0.24471023678779602
26,4,128,123,0.4506111145019531,0.16038449108600616
26,4,128,124,0.6941494941711426,0.13647887110710144
26,4,128,125,0.5936336517333984,0.09609527140855789
26,4,128,126,0.6353763341903687,0.29331541061401367
26,4,128,127,0.4863252639770508,0.1529717892408371
26,5,128,0,0.4186975359916687,0.3052687346935272
26,5,128,1,0.7734003067016602,0.17904381453990936
26,5,128,2,0.7161685228347778,0.1347871720790863
26,5,128,3,0.37223532795906067,0.2528347969055176
26,5,128,4,0.8196137547492981,0.12272582203149796
26,5,128,5,0.8288131952285767,0.06960256397724152
26,5,128,6,0.79243403673172,0.14769217371940613
26,5,128,7,0.7791293859481812,0.1349485069513321
26,5,128,8,0.860988199710846,0.08642470836639404
26,5,128,9,0.8834268450737,0.1100698709487915
26,5,128,10,0.8675374388694763,0.0890936404466629
26,5,128,11,0.8163375854492188,0.08621016889810562
26,5,128,12,0.8374205231666565,0.18188340961933136
26,5,128,13,0.7475554347038269,0.22489376366138458
26,5,128,14,0.8861641883850098,0.06988628953695297
26,5,128,15,0.5085210800170898,0.2741014361381531
26,5,128,16,0.7254284620285034,0.15029999613761902
26,5,128,17,0.7842682600021362,0.08608852326869965
26,5,128,18,0.6948080658912659,0.1808793544769287
26,5,128,19,0.8376423716545105,0.14612101018428802
26,5,128,20,0.7913722395896912,0.09918181598186493
26,5,128,21,0.7045088410377502,0.2782418727874756
26,5,128,22,0.7837508320808411,0.09079381823539734
26,5,128,23,0.6919973492622375,0.2605893015861511
26,5,128,24,0.5923482775688171,0.15688686072826385
26,5,128,25,0.47715505957603455,0.16055792570114136
26,5,128,26,0.688533365726471,0.16139687597751617
26,5,128,27,0.8008537888526917,0.13187679648399353
26,5,128,28,0.748500645160675,0.20636865496635437
26,5,128,29,0.8068561553955078,0.1268552988767624
26,5,128,30,0.5230309367179871,0.15074008703231812
26,5,128,31,0.8046203255653381,0.18583735823631287
26,5,128,32,0.8826877474784851,0.09069884568452835
26,5,128,33,0.7692278027534485,0.23409579694271088
26,5,128,34,0.8111041784286499,0.1708463728427887
26,5,128,35,0.8639061450958252,0.11905740201473236
26,5,128,36,0.8053725957870483,0.1909262090921402
26,5,128,37,0.8094515204429626,0.09996384382247925
26,5,128,38,0.3163393437862396,0.26074448227882385
26,5,128,39,0.48953935503959656,0.24678294360637665
26,5,128,40,0.8133636713027954,0.13376452028751373
26,5,128,41,0.6826637387275696,0.062448155134916306
26,5,128,42,0.8888491988182068,0.08301569521427155
26,5,128,43,0.886033833026886,0.0819820985198021
26,5,128,44,0.7684118747711182,0.10788755118846893
26,5,128,45,0.8496730923652649,0.08168895542621613
26,5,128,46,0.31628865003585815,0.2521510422229767
26,5,128,47,0.752687394618988,0.09079516679048538
26,5,128,48,0.5923258066177368,0.06719363480806351
26,5,128,49,0.7961017489433289,0.13924194872379303
26,5,128,50,0.770979642868042,0.1864270120859146
26,5,128,51,0.8877090811729431,0.06704919040203094
26,5,128,52,0.5210803151130676,0.2811240553855896
26,5,128,53,0.6655831336975098,0.34694400429725647
26,5,128,54,0.7917314767837524,0.1709882766008377
26,5,128,55,0.8717870116233826,0.08698725700378418
26,5,128,56,0.5119026899337769,0.31243637204170227
26,5,128,57,0.8209025859832764,0.08586939424276352
26,5,128,58,0.7990358471870422,0.14163324236869812
26,5,128,59,0.5867855548858643,0.0884476900100708
26,5,128,60,0.780465841293335,0.08333798497915268
26,5,128,61,0.7508071660995483,0.26080262660980225
26,5,128,62,0.7281761169433594,0.08801441639661789
26,5,128,63,0.8289890289306641,0.10737550258636475
26,5,128,64,0.6881802082061768,0.21118973195552826
26,5,128,65,0.8592345118522644,0.14607283473014832
26,5,128,66,0.38706573843955994,0.32203489542007446
26,5,128,67,0.5254332423210144,0.08609212189912796
26,5,128,68,0.8899325132369995,0.08277633786201477
26,5,128,69,0.6019428372383118,0.37864458560943604
26,5,128,70,0.4244536757469177,0.2573908269405365
26,5,128,71,0.32221415638923645,0.16492915153503418
26,5,128,72,0.7813125848770142,0.11292655766010284
26,5,128,73,0.4330570101737976,0.37810975313186646
26,5,128,74,0.882640540599823,0.0860876813530922
26,5,128,75,0.775166928768158,0.21278069913387299
26,5,128,76,0.397204726934433,0.2585870921611786
26,5,128,77,0.777357816696167,0.1620844155550003
26,5,128,78,0.6101412773132324,0.23755931854248047
26,5,128,79,0.4344184696674347,0.14050136506557465
26,5,128,80,0.584062933921814,0.21484272181987762
26,5,128,81,0.8100197315216064,0.1340358406305313
26,5,128,82,0.7751371264457703,0.11008602380752563
26,5,128,83,0.8942878246307373,0.08412045240402222
26,5,128,84,0.6990403532981873,0.28257495164871216
26,5,128,85,0.8197993636131287,0.07076089829206467
26,5,128,86,0.8956631422042847,0.08070725202560425
26,5,128,87,0.7293160557746887,0.2914389669895172
26,5,128,88,0.2408350557088852,0.230228990316391
26,5,128,89,0.48932236433029175,0.287463903427124
26,5,128,90,0.8271409273147583,0.12806850671768188
26,5,128,91,0.8690185546875,0.07089675217866898
26,5,128,92,0.7844336628913879,0.11369869858026505
26,5,128,93,0.8734764456748962,0.11878352612257004
26,5,128,94,0.6275687217712402,0.052952539175748825
26,5,128,95,0.8568076491355896,0.08733698725700378
26,5,128,96,0.6223528385162354,0.20068736374378204
26,5,128,97,0.6176039576530457,0.22450613975524902
26,5,128,98,0.2856253683567047,0.16288965940475464
26,5,128,99,0.7047486305236816,0.2475384771823883
26,5,128,100,0.6741816997528076,0.1695384830236435
26,5,128,101,0.6622176766395569,0.20201162993907928
26,5,128,102,0.8198437094688416,0.06812381744384766
26,5,128,103,0.6350818276405334,0.33025112748146057
26,5,128,104,0.7675950527191162,0.21403981745243073
26,5,128,105,0.8950259685516357,0.06464066356420517
26,5,128,106,0.7309181690216064,0.21287059783935547
26,5,128,107,0.23441123962402344,0.09083753824234009
26,5,128,108,0.8540613055229187,0.07777951657772064
26,5,128,109,0.8591026067733765,0.07204290479421616
26,5,128,110,0.8006973266601562,0.14450009167194366
26,5,128,111,0.8509809970855713,0.08488306403160095
26,5,128,112,0.8200405836105347,0.09931695461273193
26,5,128,113,0.7705612182617188,0.17900225520133972
26,5,128,114,0.7270703315734863,0.1539487987756729
26,5,128,115,0.8445140719413757,0.10036428272724152
26,5,128,116,0.9014219641685486,0.0624600350856781
26,5,128,117,0.642174243927002,0.13820429146289825
26,5,128,118,0.7947437763214111,0.10003048926591873
26,5,128,119,0.3790550231933594,0.22285687923431396
26,5,128,120,0.6851006150245667,0.0907389223575592
26,5,128,121,0.7923277020454407,0.19712620973587036
26,5,128,122,0.6663691997528076,0.30289769172668457
26,5,128,123,0.5228777527809143,0.2545918822288513
26,5,128,124,0.9175731539726257,0.06473325937986374
26,5,128,125,0.8007397651672363,0.10284674167633057
26,5,128,126,0.8338366150856018,0.06666804105043411
26,5,128,127,0.6354326605796814,0.34055110812187195
27,0,32,0,0.5098063349723816,0.05031716823577881
27,0,32,1,0.5657734870910645,0.07647376507520676
27,0,32,2,0.5241854786872864,0.07175532728433609
27,0,32,3,0.5063722133636475,0.029014645144343376
27,0,32,4,0.3219762444496155,0.05306573957204819
27,0,32,5,0.4416925609111786,0.04617765173316002
27,0,32,6,0.4661843776702881,0.10162951797246933
27,0,32,7,0.3523550033569336,0.06830297410488129
27,0,32,8,0.5098473429679871,0.06951761990785599
27,0,32,9,0.5255815386772156,0.08638209849596024
27,0,32,10,0.5839981436729431,0.04427589848637581
27,0,32,11,0.5989063382148743,0.07020194828510284
27,0,32,12,0.3544634282588959,0.06473831832408905
27,0,32,13,0.4915804862976074,0.0602392815053463
27,0,32,14,0.4548972547054291,0.06380486488342285
27,0,32,15,0.5090445280075073,0.08579831570386887
27,0,32,16,0.5789557695388794,0.042861856520175934
27,0,32,17,0.5468276143074036,0.07587698101997375
27,0,32,18,0.5620747208595276,0.05443623289465904
27,0,32,19,0.437095046043396,0.043494828045368195
27,0,32,20,0.4519892930984497,0.0858648270368576
27,0,32,21,0.42503246665000916,0.07555472105741501
27,0,32,22,0.6075674891471863,0.08878529816865921
27,0,32,23,0.5788827538490295,0.0370577797293663
27,0,32,24,0.5922194123268127,0.08092635869979858
27,0,32,25,0.42940694093704224,0.0581783801317215
27,0,32,26,0.42292895913124084,0.0536327138543129
27,0,32,27,0.5928855538368225,0.062372565269470215
27,0,32,28,0.5417896509170532,0.0565049946308136
27,0,32,29,0.5112169981002808,0.05387011915445328
27,0,32,30,0.42489659786224365,0.05453425645828247
27,0,32,31,0.41425687074661255,0.03775707259774208
27,1,32,0,0.4804530143737793,0.14477521181106567
27,1,32,1,0.36632439494132996,0.08640006184577942
27,1,32,2,0.6075490713119507,0.18023507297039032
27,1,32,3,0.4043971300125122,0.2186833918094635
27,1,32,4,0.5059314966201782,0.07330424338579178
27,1,32,5,0.47472432255744934,0.07225565612316132
27,1,32,6,0.31157171726226807,0.07286219298839569
27,1,32,7,0.6850913763046265,0.06441618502140045
27,1,32,8,0.4612504243850708,0.1548791229724884
27,1,32,9,0.5004931092262268,0.04119512811303139
27,1,32,10,0.37101027369499207,0.09166236221790314
27,1,32,11,0.6527788043022156,0.26226547360420227
27,1,32,12,0.7470064759254456,0.11050228029489517
27,1,32,13,0.45494839549064636,0.0589381568133831
27,1,32,14,0.7367103695869446,0.09797188639640808
27,1,32,15,0.5403504371643066,0.06574277579784393
27,1,32,16,0.5182756185531616,0.0740874633193016
27,1,32,17,0.4588102698326111,0.048722006380558014
27,1,32,18,0.41859298944473267,0.019720500335097313
27,1,32,19,0.6456751227378845,0.04783915355801582
27,1,32,20,0.36475518345832825,0.10719885677099228
27,1,32,21,0.4194924235343933,0.14933010935783386
27,1,32,22,0.5522175431251526,0.20969544351100922
27,1,32,23,0.5847110152244568,0.052861906588077545
27,1,32,24,0.44413819909095764,0.13795940577983856
27,1,32,25,0.6311591267585754,0.19425520300865173
27,1,32,26,0.34616538882255554,0.2070518583059311
27,1,32,27,0.6517558097839355,0.06715712696313858
27,1,32,28,0.38754215836524963,0.08637607842683792
27,1,32,29,0.4049903452396393,0.04885140061378479
27,1,32,30,0.5765220522880554,0.058926526457071304
27,1,32,31,0.4443133473396301,0.016322162002325058
27,2,64,0,0.4826640784740448,0.14684508740901947
27,2,64,1,0.4852052330970764,0.1751318871974945
27,2,64,2,0.6292592287063599,0.11861185729503632
27,2,64,3,0.42663249373435974,0.2028694599866867
27,2,64,4,0.6358249187469482,0.16539233922958374
27,2,64,5,0.513925313949585,0.09836714714765549
27,2,64,6,0.6743846535682678,0.12928597629070282
27,2,64,7,0.4313250184059143,0.23019590973854065
27,2,64,8,0.47745174169540405,0.20624123513698578
27,2,64,9,0.5445190668106079,0.13833554089069366
27,2,64,10,0.537090539932251,0.09723521023988724
27,2,64,11,0.5808789730072021,0.10802102833986282
27,2,64,12,0.4439299404621124,0.07470511645078659
27,2,64,13,0.4372735023498535,0.17874020338058472
27,2,64,14,0.5132920145988464,0.22769901156425476
27,2,64,15,0.4898606836795807,0.14090949296951294
27,2,64,16,0.5124672055244446,0.17806345224380493
27,2,64,17,0.632403552532196,0.18814335763454437
27,2,64,18,0.5604144930839539,0.27532631158828735
27,2,64,19,0.6884443163871765,0.13289104402065277
27,2,64,20,0.5331302285194397,0.07466889172792435
27,2,64,21,0.36260637640953064,0.08382577449083328
27,2,64,22,0.42352014780044556,0.16457729041576385
27,2,64,23,0.4595068693161011,0.21158422529697418
27,2,64,24,0.6444938778877258,0.13202960789203644
27,2,64,25,0.44904935359954834,0.13607729971408844
27,2,64,26,0.5193011164665222,0.17498613893985748
27,2,64,27,0.500505268573761,0.14149266481399536
27,2,64,28,0.569934070110321,0.13374276459217072
27,2,64,29,0.4297078251838684,0.15118269622325897
27,2,64,30,0.486583948135376,0.1831342726945877
27,2,64,31,0.459420770406723,0.12324867397546768
27,2,64,32,0.6545991897583008,0.17340615391731262
27,2,64,33,0.4796806573867798,0.17525599896907806
27,2,64,34,0.4220466613769531,0.12510140240192413
27,2,64,35,0.36327531933784485,0.12246367335319519
27,2,64,36,0.5520230531692505,0.15838634967803955
27,2,64,37,0.456624835729599,0.19156697392463684
27,2,64,38,0.4924333095550537,0.07518941164016724
27,2,64,39,0.3429272472858429,0.14184117317199707
27,2,64,40,0.6178876161575317,0.1629703938961029
27,2,64,41,0.47107088565826416,0.2179260551929474
27,2,64,42,0.4456363618373871,0.13753557205200195
27,2,64,43,0.6005063652992249,0.1828116774559021
27,2,64,44,0.49392226338386536,0.1759425699710846
27,2,64,45,0.4177003502845764,0.13970421254634857
27,2,64,46,0.5144191384315491,0.1080184057354927
27,2,64,47,0.4724784791469574,0.17504572868347168
27,2,64,48,0.7022338509559631,0.07629422843456268
27,2,64,49,0.5184258222579956,0.24705249071121216
27,2,64,50,0.5281298756599426,0.15122628211975098
27,2,64,51,0.36818236112594604,0.1495780199766159
27,2,64,52,0.32485029101371765,0.07919220626354218
27,2,64,53,0.5346603393554688,0.08991554379463196
27,2,64,54,0.49890458583831787,0.08888107538223267
27,2,64,55,0.5838561654090881,0.1497642993927002
27,2,64,56,0.440565824508667,0.24435845017433167
27,2,64,57,0.5198860764503479,0.16842231154441833
27,2,64,58,0.5122902989387512,0.1897190660238266
27,2,64,59,0.5372046828269958,0.17331625521183014
27,2,64,60,0.5803117156028748,0.18095891177654266
27,2,64,61,0.6272966265678406,0.11597732454538345
27,2,64,62,0.4512920677661896,0.09945673495531082
27,2,64,63,0.5673745274543762,0.1894785314798355
27,3,64,0,0.4648977518081665,0.22327879071235657
27,3,64,1,0.5950566530227661,0.2854309380054474
27,3,64,2,0.5043385028839111,0.07722584903240204
27,3,64,3,0.6203337907791138,0.235146626830101
27,3,64,4,0.4802357256412506,0.32250505685806274
27,3,64,5,0.42881014943122864,0.18365341424942017
27,3,64,6,0.5568194389343262,0.1739659309387207
27,3,64,7,0.42727941274642944,0.153367280960083
27,3,64,8,0.6879344582557678,0.17421483993530273
27,3,64,9,0.40489426255226135,0.1313767284154892
27,3,64,10,0.32597851753234863,0.1291128695011139
27,3,64,11,0.6417782306671143,0.11078202724456787
27,3,64,12,0.45874345302581787,0.09314747154712677
27,3,64,13,0.33635038137435913,0.14028635621070862
27,3,64,14,0.6486803293228149,0.19449110329151154
27,3,64,15,0.3724812865257263,0.12004733085632324
27,3,64,16,0.5478072166442871,0.12278077751398087
27,3,64,17,0.41917869448661804,0.0819835513830185
27,3,64,18,0.4425536096096039,0.21045753359794617
27,3,64,19,0.6609320640563965,0.09498651325702667
27,3,64,20,0.5697401762008667,0.15670160949230194
27,3,64,21,0.5323199033737183,0.19092735648155212
27,3,64,22,0.48703309893608093,0.1389734447002411
27,3,64,23,0.348702996969223,0.25663095712661743
27,3,64,24,0.3501904308795929,0.1095166727900505
27,3,64,25,0.5821703672409058,0.2514885365962982
27,3,64,26,0.3696487247943878,0.11459148675203323
27,3,64,27,0.43421897292137146,0.23506006598472595
27,3,64,28,0.5914872288703918,0.11752179265022278
27,3,64,29,0.6017666459083557,0.12164023518562317
27,3,64,30,0.37446439266204834,0.1959056407213211
27,3,64,31,0.29662972688674927,0.11928953975439072
27,3,64,32,0.5351681709289551,0.17136700451374054
27,3,64,33,0.26835063099861145,0.1022765040397644
27,3,64,34,0.5124293565750122,0.17792224884033203
27,3,64,35,0.41957440972328186,0.0990331619977951
27,3,64,36,0.6135317087173462,0.19091908633708954
27,3,64,37,0.5704935193061829,0.28145256638526917
27,3,64,38,0.5833044648170471,0.24534370005130768
27,3,64,39,0.7557021379470825,0.1551208794116974
27,3,64,40,0.5885024666786194,0.05969132110476494
27,3,64,41,0.32856637239456177,0.07130312919616699
27,3,64,42,0.6178827881813049,0.2173871397972107
27,3,64,43,0.6383625864982605,0.2813853919506073
27,3,64,44,0.5297847986221313,0.18098178505897522
27,3,64,45,0.5439712405204773,0.1500769406557083
27,3,64,46,0.6209610104560852,0.08289749920368195
27,3,64,47,0.4370881915092468,0.1614714115858078
27,3,64,48,0.4229327440261841,0.10729275643825531
27,3,64,49,0.6264961361885071,0.22323651611804962
27,3,64,50,0.42162466049194336,0.16185122728347778
27,3,64,51,0.5850322246551514,0.05270519480109215
27,3,64,52,0.3296465575695038,0.17653484642505646
27,3,64,53,0.6150598526000977,0.1179281547665596
27,3,64,54,0.29600393772125244,0.13071246445178986
27,3,64,55,0.3291172683238983,0.11300019174814224
27,3,64,56,0.6517969369888306,0.096804678440094
27,3,64,57,0.46704810857772827,0.13015718758106232
27,3,64,58,0.39583122730255127,0.23982033133506775
27,3,64,59,0.6044713258743286,0.08327407389879227
27,3,64,60,0.5906754732131958,0.07342933118343353
27,3,64,61,0.6024338603019714,0.2715003490447998
27,3,64,62,0.5076833963394165,0.10898914188146591
27,3,64,63,0.44624170660972595,0.17400315403938293
27,4,128,0,0.477213054895401,0.2523762285709381
27,4,128,1,0.6735706925392151,0.26831310987472534
27,4,128,2,0.4632928967475891,0.12303466349840164
27,4,128,3,0.43630585074424744,0.10796086490154266
27,4,128,4,0.6584429740905762,0.25836390256881714
27,4,128,5,0.5470377206802368,0.061621326953172684
27,4,128,6,0.34159791469573975,0.14325907826423645
27,4,128,7,0.5609492063522339,0.2631211578845978
27,4,128,8,0.5782474875450134,0.1838146150112152
27,4,128,9,0.5540747046470642,0.15941797196865082
27,4,128,10,0.6127841472625732,0.3080676794052124
27,4,128,11,0.3882404863834381,0.2806136906147003
27,4,128,12,0.5455870032310486,0.2537393271923065
27,4,128,13,0.6025487184524536,0.22434751689434052
27,4,128,14,0.5147533416748047,0.1704593449831009
27,4,128,15,0.675926923751831,0.18254514038562775
27,4,128,16,0.634143590927124,0.135126531124115
27,4,128,17,0.573330283164978,0.26047632098197937
27,4,128,18,0.804256021976471,0.10406361520290375
27,4,128,19,0.6274515986442566,0.29355481266975403
27,4,128,20,0.4934687912464142,0.23306643962860107
27,4,128,21,0.3110734522342682,0.19398482143878937
27,4,128,22,0.4617634117603302,0.22438928484916687
27,4,128,23,0.3751481771469116,0.21159888803958893
27,4,128,24,0.49218490719795227,0.20580430328845978
27,4,128,25,0.6322569251060486,0.1922166496515274
27,4,128,26,0.6411960124969482,0.1308399736881256
27,4,128,27,0.7378318309783936,0.09296688437461853
27,4,128,28,0.5420974493026733,0.221873939037323
27,4,128,29,0.5581014156341553,0.2599726915359497
27,4,128,30,0.5940878391265869,0.3271215558052063
27,4,128,31,0.5804703235626221,0.08632738888263702
27,4,128,32,0.47106972336769104,0.32672542333602905
27,4,128,33,0.5650796890258789,0.09380696713924408
27,4,128,34,0.5291317105293274,0.1986604928970337
27,4,128,35,0.5194538831710815,0.19725054502487183
27,4,128,36,0.6200370788574219,0.06640143692493439
27,4,128,37,0.6282107830047607,0.3021507263183594
27,4,128,38,0.6194772720336914,0.09933175891637802
27,4,128,39,0.4739086925983429,0.31197360157966614
27,4,128,40,0.5538903474807739,0.23353205621242523
27,4,128,41,0.7158774137496948,0.25756025314331055
27,4,128,42,0.6381692290306091,0.08849075436592102
27,4,128,43,0.445803165435791,0.20950007438659668
27,4,128,44,0.6821989417076111,0.15488894283771515
27,4,128,45,0.5681447982788086,0.30501317977905273
27,4,128,46,0.5126957297325134,0.15359292924404144
27,4,128,47,0.4089117646217346,0.304740846157074
27,4,128,48,0.5514686703681946,0.17757676541805267
27,4,128,49,0.5730792284011841,0.1279652714729309
27,4,128,50,0.715999186038971,0.14705973863601685
27,4,128,51,0.680659294128418,0.17020496726036072
27,4,128,52,0.41526728868484497,0.3170538544654846
27,4,128,53,0.5653904676437378,0.1915195882320404
27,4,128,54,0.4508521854877472,0.26497235894203186
27,4,128,55,0.4006739854812622,0.13258443772792816
27,4,128,56,0.6121298670768738,0.30347397923469543
27,4,128,57,0.7451013326644897,0.10671696066856384
27,4,128,58,0.6148269772529602,0.15166355669498444
27,4,128,59,0.7215622067451477,0.22740721702575684
27,4,128,60,0.372850626707077,0.15778712928295135
27,4,128,61,0.806814432144165,0.08537592738866806
27,4,128,62,0.5908923149108887,0.25897228717803955
27,4,128,63,0.7967396378517151,0.09145593643188477
27,4,128,64,0.6118717193603516,0.20457777380943298
27,4,128,65,0.41810524463653564,0.17518529295921326
27,4,128,66,0.5577284693717957,0.18429316580295563
27,4,128,67,0.6191367506980896,0.13623516261577606
27,4,128,68,0.6371205449104309,0.09686437994241714
27,4,128,69,0.5960411429405212,0.28859397768974304
27,4,128,70,0.6565369963645935,0.2321520447731018
27,4,128,71,0.48010894656181335,0.21420441567897797
27,4,128,72,0.6265321373939514,0.24164146184921265
27,4,128,73,0.5967603921890259,0.19944147765636444
27,4,128,74,0.5627935528755188,0.18030217289924622
27,4,128,75,0.7324846982955933,0.09590213000774384
27,4,128,76,0.3291017413139343,0.13092350959777832
27,4,128,77,0.41641926765441895,0.24186944961547852
27,4,128,78,0.5983936190605164,0.2646513879299164
27,4,128,79,0.5144062042236328,0.20138832926750183
27,4,128,80,0.6843927502632141,0.18604908883571625
27,4,128,81,0.4947962760925293,0.11165949702262878
27,4,128,82,0.4415392279624939,0.19058656692504883
27,4,128,83,0.4598957598209381,0.29700931906700134
27,4,128,84,0.7785350680351257,0.07590673118829727
27,4,128,85,0.6803597807884216,0.08623050153255463
27,4,128,86,0.6840264201164246,0.1382286101579666
27,4,128,87,0.6174759864807129,0.20137876272201538
27,4,128,88,0.6830542087554932,0.10530062019824982
27,4,128,89,0.593457818031311,0.17815347015857697
27,4,128,90,0.6992158889770508,0.07853292673826218
27,4,128,91,0.775636613368988,0.11599479615688324
27,4,128,92,0.6655457019805908,0.26159632205963135
27,4,128,93,0.4899522066116333,0.15788759291172028
27,4,128,94,0.7162342667579651,0.10688334703445435
27,4,128,95,0.5368590950965881,0.22678765654563904
27,4,128,96,0.47945642471313477,0.21213524043560028
27,4,128,97,0.5931828022003174,0.2919585704803467
27,4,128,98,0.6220362782478333,0.19765245914459229
27,4,128,99,0.3216516673564911,0.281882643699646
27,4,128,100,0.6299223303794861,0.3490532338619232
27,4,128,101,0.5501773357391357,0.24643079936504364
27,4,128,102,0.6964346766471863,0.2109881043434143
27,4,128,103,0.44731804728507996,0.06860171258449554
27,4,128,104,0.613853931427002,0.11402697116136551
27,4,128,105,0.6960552334785461,0.16403546929359436
27,4,128,106,0.7102601528167725,0.22452229261398315
27,4,128,107,0.4562440514564514,0.10224105417728424
27,4,128,108,0.6813284754753113,0.23697175085544586
27,4,128,109,0.6317902207374573,0.2955809533596039
27,4,128,110,0.5771430134773254,0.277405321598053
27,4,128,111,0.6871082782745361,0.22187459468841553
27,4,128,112,0.728538990020752,0.1354735940694809
27,4,128,113,0.387116014957428,0.0663549154996872
27,4,128,114,0.6772017478942871,0.17702247202396393
27,4,128,115,0.5681357383728027,0.2692088782787323
27,4,128,116,0.3347325325012207,0.26640406250953674
27,4,128,117,0.3961440622806549,0.19959066808223724
27,4,128,118,0.44384536147117615,0.228584423661232
27,4,128,119,0.7084693312644958,0.20100286602973938
27,4,128,120,0.307157963514328,0.09003864973783493
27,4,128,121,0.5926106572151184,0.26805219054222107
27,4,128,122,0.4600920081138611,0.22660604119300842
27,4,128,123,0.7162689566612244,0.2391154170036316
27,4,128,124,0.6856080889701843,0.1243620216846466
27,4,128,125,0.5098900198936462,0.1538262963294983
27,4,128,126,0.6072238087654114,0.23092731833457947
27,4,128,127,0.5758822560310364,0.3140718340873718
27,5,128,0,0.7564560770988464,0.1161554604768753
27,5,128,1,0.774700939655304,0.07851356267929077
27,5,128,2,0.6851646304130554,0.23534169793128967
27,5,128,3,0.8713099956512451,0.0720985159277916
27,5,128,4,0.44087374210357666,0.216032937169075
27,5,128,5,0.8824044466018677,0.06165540590882301
27,5,128,6,0.5680782794952393,0.21619731187820435
27,5,128,7,0.8106735944747925,0.1891055703163147
27,5,128,8,0.8040043115615845,0.17879363894462585
27,5,128,9,0.7436415553092957,0.16811417043209076
27,5,128,10,0.8914250731468201,0.08443155139684677
27,5,128,11,0.691351592540741,0.1287105232477188
27,5,128,12,0.9324729442596436,0.052115824073553085
27,5,128,13,0.6719245314598083,0.11066235601902008
27,5,128,14,0.801252007484436,0.1802014410495758
27,5,128,15,0.844375491142273,0.0789630338549614
27,5,128,16,0.7575507760047913,0.21702735126018524
27,5,128,17,0.4564564824104309,0.20914548635482788
27,5,128,18,0.6802358627319336,0.18450793623924255
27,5,128,19,0.7342456579208374,0.17498284578323364
27,5,128,20,0.8738308548927307,0.08311974257230759
27,5,128,21,0.5453457832336426,0.20856930315494537
27,5,128,22,0.546505331993103,0.14974145591259003
27,5,128,23,0.8547450304031372,0.08282488584518433
27,5,128,24,0.8379502296447754,0.14589442312717438
27,5,128,25,0.7563680410385132,0.20611198246479034
27,5,128,26,0.870037317276001,0.09296360611915588
27,5,128,27,0.7848355770111084,0.0879121944308281
27,5,128,28,0.7268591523170471,0.1500677466392517
27,5,128,29,0.813510537147522,0.22373266518115997
27,5,128,30,0.8831344842910767,0.07982297986745834
27,5,128,31,0.8310521245002747,0.07953274995088577
27,5,128,32,0.520127534866333,0.15842801332473755
27,5,128,33,0.7713010907173157,0.10653100162744522
27,5,128,34,0.8378388285636902,0.08131633698940277
27,5,128,35,0.43567660450935364,0.16685353219509125
27,5,128,36,0.7832395434379578,0.15044140815734863
27,5,128,37,0.849761962890625,0.10126069188117981
27,5,128,38,0.5700231790542603,0.2129407376050949
27,5,128,39,0.7467913627624512,0.1607879251241684
27,5,128,40,0.76579350233078,0.10999326407909393
27,5,128,41,0.8620733618736267,0.13230514526367188
27,5,128,42,0.7477924227714539,0.2338949292898178
27,5,128,43,0.41721874475479126,0.18144233524799347
27,5,128,44,0.746856689453125,0.12835071980953217
27,5,128,45,0.7537536025047302,0.11920841783285141
27,5,128,46,0.6484396457672119,0.2194553166627884
27,5,128,47,0.3468663692474365,0.1817803829908371
27,5,128,48,0.8079236149787903,0.09177734702825546
27,5,128,49,0.3570384085178375,0.18773676455020905
27,5,128,50,0.7517620325088501,0.1912805438041687
27,5,128,51,0.6910902857780457,0.225179061293602
27,5,128,52,0.405968576669693,0.13094636797904968
27,5,128,53,0.7311766147613525,0.22048024833202362
27,5,128,54,0.7346458435058594,0.0934174582362175
27,5,128,55,0.3842020034790039,0.25656336545944214
27,5,128,56,0.8000194430351257,0.14349621534347534
27,5,128,57,0.8252842426300049,0.0908319503068924
27,5,128,58,0.8653784990310669,0.12958313524723053
27,5,128,59,0.8346043825149536,0.13144560158252716
27,5,128,60,0.8573510050773621,0.08692142367362976
27,5,128,61,0.48367559909820557,0.14981113374233246
27,5,128,62,0.7839042544364929,0.16967114806175232
27,5,128,63,0.7604605555534363,0.1611461043357849
27,5,128,64,0.645522952079773,0.22864554822444916
27,5,128,65,0.6704155206680298,0.11816754937171936
27,5,128,66,0.724793016910553,0.25766289234161377
27,5,128,67,0.7398275136947632,0.18473461270332336
27,5,128,68,0.8659101724624634,0.11492354422807693
27,5,128,69,0.8172259330749512,0.1474887877702713
27,5,128,70,0.7169862389564514,0.10041604191064835
27,5,128,71,0.8197771906852722,0.10247533023357391
27,5,128,72,0.5267418026924133,0.2306864857673645
27,5,128,73,0.3964269459247589,0.262757807970047
27,5,128,74,0.7026792764663696,0.28506335616111755
27,5,128,75,0.7537527084350586,0.13951502740383148
27,5,128,76,0.3942752778530121,0.2889677584171295
27,5,128,77,0.7807258367538452,0.09930312633514404
27,5,128,78,0.5677598118782043,0.18659919500350952
27,5,128,79,0.692227303981781,0.24701112508773804
27,5,128,80,0.31665658950805664,0.19493259489536285
27,5,128,81,0.7662683129310608,0.18208520114421844
27,5,128,82,0.8754969835281372,0.07370120286941528
27,5,128,83,0.3048800826072693,0.26794004440307617
27,5,128,84,0.7532391548156738,0.10681881010532379
27,5,128,85,0.8338047862052917,0.09151126444339752
27,5,128,86,0.7888938188552856,0.23532310128211975
27,5,128,87,0.8094679713249207,0.18864129483699799
27,5,128,88,0.8722835779190063,0.0945153534412384
27,5,128,89,0.8790130019187927,0.07928860187530518
27,5,128,90,0.8204630613327026,0.14352938532829285
27,5,128,91,0.8369495868682861,0.10530657321214676
27,5,128,92,0.5486974120140076,0.1762399971485138
27,5,128,93,0.5395839214324951,0.23125919699668884
27,5,128,94,0.8456851243972778,0.07584032416343689
27,5,128,95,0.29088094830513,0.19328609108924866
27,5,128,96,0.6050029397010803,0.1691948026418686
27,5,128,97,0.775650680065155,0.21889638900756836
27,5,128,98,0.7773760557174683,0.10613387078046799
27,5,128,99,0.7470535039901733,0.22667816281318665
27,5,128,100,0.8445068597793579,0.09510844200849533
27,5,128,101,0.7554082274436951,0.11335662752389908
27,5,128,102,0.8990209102630615,0.06958567351102829
27,5,128,103,0.711883008480072,0.10866629332304001
27,5,128,104,0.7974845767021179,0.21790850162506104
27,5,128,105,0.43475645780563354,0.23903526365756989
27,5,128,106,0.8502141237258911,0.11884131282567978
27,5,128,107,0.7131260633468628,0.08508031815290451
27,5,128,108,0.8405286073684692,0.10249223560094833
27,5,128,109,0.782991349697113,0.21433812379837036
27,5,128,110,0.7364087700843811,0.22660140693187714
27,5,128,111,0.776760458946228,0.18555599451065063
27,5,128,112,0.7587395310401917,0.18241965770721436
27,5,128,113,0.4344042241573334,0.20753660798072815
27,5,128,114,0.8015112280845642,0.14341042935848236
27,5,128,115,0.6570145487785339,0.2853251099586487
27,5,128,116,0.7608878016471863,0.17518651485443115
27,5,128,117,0.7008417844772339,0.27452903985977173
27,5,128,118,0.7829127311706543,0.08950863778591156
27,5,128,119,0.8292864561080933,0.16600561141967773
27,5,128,120,0.781894326210022,0.19607889652252197
27,5,128,121,0.7532280087471008,0.0857483372092247
27,5,128,122,0.4130583107471466,0.15736979246139526
27,5,128,123,0.8532319068908691,0.0917109027504921
27,5,128,124,0.7871369123458862,0.18666081130504608
27,5,128,125,0.7896462678909302,0.20671053230762482
27,5,128,126,0.7904126644134521,0.2049146145582199
27,5,128,127,0.52593594789505,0.1692439168691635
28,0,32,0,0.5672675371170044,0.10970132797956467
28,0,32,1,0.6133739352226257,0.05441361665725708
28,0,32,2,0.5126706957817078,0.0677446573972702
28,0,32,3,0.45365291833877563,0.06557229161262512
28,0,32,4,0.28186941146850586,0.06308864057064056
28,0,32,5,0.3977203071117401,0.08260611444711685
28,0,32,6,0.527462363243103,0.06027598679065704
28,0,32,7,0.31707581877708435,0.06597447395324707
28,0,32,8,0.5186893343925476,0.06326224654912949
28,0,32,9,0.4849430322647095,0.1129554733633995
28,0,32,10,0.5251049995422363,0.12936168909072876
28,0,32,11,0.645788311958313,0.06353258341550827
28,0,32,12,0.3561098277568817,0.06364787369966507
28,0,32,13,0.5132378935813904,0.05893423780798912
28,0,32,14,0.4935193657875061,0.06670648604631424
28,0,32,15,0.5091445446014404,0.05875920504331589
28,0,32,16,0.5997001528739929,0.04790648818016052
28,0,32,17,0.5033537149429321,0.04135225713253021
28,0,32,18,0.5649286508560181,0.0432574488222599
28,0,32,19,0.39932337403297424,0.06095314398407936
28,0,32,20,0.42838549613952637,0.10614371299743652
28,0,32,21,0.4735238254070282,0.08624160289764404
28,0,32,22,0.6174236536026001,0.09071209281682968
28,0,32,23,0.5333474278450012,0.03531934320926666
28,0,32,24,0.600287914276123,0.06867362558841705
28,0,32,25,0.4407680034637451,0.07560551911592484
28,0,32,26,0.3976086378097534,0.06821392476558685
28,0,32,27,0.6270013451576233,0.06890878081321716
28,0,32,28,0.5869510769844055,0.06492101401090622
28,0,32,29,0.5438969135284424,0.06477728486061096
28,0,32,30,0.450318306684494,0.06498188525438309
28,0,32,31,0.39363759756088257,0.05176903307437897
28,1,32,0,0.5611685514450073,0.06058301404118538
28,1,32,1,0.36300215125083923,0.077454574406147
28,1,32,2,0.534795880317688,0.02545779198408127
28,1,32,3,0.5007756352424622,0.08407602459192276
28,1,32,4,0.5617954730987549,0.03947162628173828
28,1,32,5,0.468662291765213,0.06777379661798477
28,1,32,6,0.305854856967926,0.06809809058904648
28,1,32,7,0.6137331128120422,0.0694408044219017
28,1,32,8,0.4284675717353821,0.09282294660806656
28,1,32,9,0.5119609832763672,0.05344685912132263
28,1,32,10,0.443469762802124,0.09544570744037628
28,1,32,11,0.5892478823661804,0.06117795407772064
28,1,32,12,0.6811287999153137,0.07317166030406952
28,1,32,13,0.4708201289176941,0.07045575231313705
28,1,32,14,0.6794343590736389,0.11210199445486069
28,1,32,15,0.5640460848808289,0.06722778081893921
28,1,32,16,0.48470473289489746,0.0562233068048954
28,1,32,17,0.44311341643333435,0.08590419590473175
28,1,32,18,0.45216596126556396,0.029629187658429146
28,1,32,19,0.5516632795333862,0.09159087389707565
28,1,32,20,0.4438337981700897,0.03386535122990608
28,1,32,21,0.5153880715370178,0.025720538571476936
28,1,32,22,0.49836137890815735,0.08274774998426437
28,1,32,23,0.573267936706543,0.05425384268164635
28,1,32,24,0.3902316391468048,0.03278622776269913
28,1,32,25,0.5262769460678101,0.09995564818382263
28,1,32,26,0.447905957698822,0.05162078142166138
28,1,32,27,0.5981962084770203,0.04700843617320061
28,1,32,28,0.4059002101421356,0.047222256660461426
28,1,32,29,0.4501815736293793,0.08026636391878128
28,1,32,30,0.5640758275985718,0.07925460487604141
28,1,32,31,0.4722360670566559,0.03952106460928917
28,2,64,0,0.5507487654685974,0.19208796322345734
28,2,64,1,0.4416941702365875,0.26369452476501465
28,2,64,2,0.6744663119316101,0.13878586888313293
28,2,64,3,0.45386356115341187,0.197624072432518
28,2,64,4,0.6413771510124207,0.1943311095237732
28,2,64,5,0.4913254976272583,0.06876654922962189
28,2,64,6,0.718085527420044,0.10190866142511368
28,2,64,7,0.3420107066631317,0.11454077810049057
28,2,64,8,0.46886172890663147,0.10100727528333664
28,2,64,9,0.6566169261932373,0.2026766836643219
28,2,64,10,0.5395976305007935,0.11767581105232239
28,2,64,11,0.48365145921707153,0.2328539788722992
28,2,64,12,0.5150530338287354,0.11011341959238052
28,2,64,13,0.6165362596511841,0.20142211019992828
28,2,64,14,0.5054935812950134,0.17293499410152435
28,2,64,15,0.5547380447387695,0.13685908913612366
28,2,64,16,0.47114598751068115,0.22659873962402344
28,2,64,17,0.4713464379310608,0.1574433296918869
28,2,64,18,0.5437968373298645,0.24569383263587952
28,2,64,19,0.6930102109909058,0.12039366364479065
28,2,64,20,0.5660256743431091,0.1531706601381302
28,2,64,21,0.3529044985771179,0.12762343883514404
28,2,64,22,0.47648367285728455,0.18595008552074432
28,2,64,23,0.5028813481330872,0.183821439743042
28,2,64,24,0.6091765761375427,0.09466340392827988
28,2,64,25,0.4697468876838684,0.19401679933071136
28,2,64,26,0.550388514995575,0.20862232148647308
28,2,64,27,0.42221173644065857,0.13126714527606964
28,2,64,28,0.5384954214096069,0.20961816608905792
28,2,64,29,0.48218029737472534,0.21095535159111023
28,2,64,30,0.49639490246772766,0.16778726875782013
28,2,64,31,0.47557032108306885,0.12342505902051926
28,2,64,32,0.6773145794868469,0.17835554480552673
28,2,64,33,0.45830807089805603,0.07536536455154419
28,2,64,34,0.4382999837398529,0.07611296325922012
28,2,64,35,0.34452226758003235,0.1349838674068451
28,2,64,36,0.6036601066589355,0.27371710538864136
28,2,64,37,0.4074103534221649,0.22779244184494019
28,2,64,38,0.45326074957847595,0.16969488561153412
28,2,64,39,0.36185750365257263,0.14479686319828033
28,2,64,40,0.5823927521705627,0.18605977296829224
28,2,64,41,0.42917585372924805,0.18322978913784027
28,2,64,42,0.42251983284950256,0.19673487544059753
28,2,64,43,0.5860849618911743,0.30168449878692627
28,2,64,44,0.5542272329330444,0.15702508389949799
28,2,64,45,0.4379543662071228,0.19573144614696503
28,2,64,46,0.49973657727241516,0.1264352947473526
28,2,64,47,0.47680485248565674,0.32129526138305664
28,2,64,48,0.710934042930603,0.09481673687696457
28,2,64,49,0.47705838084220886,0.22906212508678436
28,2,64,50,0.5232741236686707,0.17662400007247925
28,2,64,51,0.3393334150314331,0.11481549590826035
28,2,64,52,0.3409446179866791,0.11089350283145905
28,2,64,53,0.525902509689331,0.06457895785570145
28,2,64,54,0.5286840200424194,0.07735903561115265
28,2,64,55,0.4624435007572174,0.2464217245578766
28,2,64,56,0.4530164897441864,0.11490359902381897
28,2,64,57,0.5955696702003479,0.2529152035713196
28,2,64,58,0.558773934841156,0.17513787746429443
28,2,64,59,0.540596604347229,0.15366509556770325
28,2,64,60,0.5509079098701477,0.19959741830825806
28,2,64,61,0.5759362578392029,0.1952018141746521
28,2,64,62,0.47201263904571533,0.1987493336200714
28,2,64,63,0.5575272440910339,0.15254679322242737
28,3,64,0,0.6370259523391724,0.06261011213064194
28,3,64,1,0.5470038652420044,0.23633256554603577
28,3,64,2,0.5503160953521729,0.06901956349611282
28,3,64,3,0.5458284616470337,0.1519940048456192
28,3,64,4,0.4695298671722412,0.22702576220035553
28,3,64,5,0.434076189994812,0.15229950845241547
28,3,64,6,0.4240752160549164,0.18107379972934723
28,3,64,7,0.394828200340271,0.09977176040410995
28,3,64,8,0.565527081489563,0.10780249536037445
28,3,64,9,0.34387707710266113,0.10253417491912842
28,3,64,10,0.28424057364463806,0.08395342528820038
28,3,64,11,0.48710039258003235,0.14857611060142517
28,3,64,12,0.5542454719543457,0.11110294610261917
28,3,64,13,0.3872399926185608,0.13466517627239227
28,3,64,14,0.6325767636299133,0.1723378449678421
28,3,64,15,0.39422011375427246,0.09228841215372086
28,3,64,16,0.6331109404563904,0.07619249820709229
28,3,64,17,0.5018287897109985,0.16484227776527405
28,3,64,18,0.38436001539230347,0.155256986618042
28,3,64,19,0.5762550830841064,0.07330013811588287
28,3,64,20,0.5229100584983826,0.11221522092819214
28,3,64,21,0.4958092272281647,0.09751436114311218
28,3,64,22,0.5229405164718628,0.12500643730163574
28,3,64,23,0.5792984962463379,0.08850691467523575
28,3,64,24,0.3140189051628113,0.084060899913311
28,3,64,25,0.5325383543968201,0.2345518171787262
28,3,64,26,0.45294690132141113,0.06894686073064804
28,3,64,27,0.5405798554420471,0.19163990020751953
28,3,64,28,0.5671924948692322,0.07503834366798401
28,3,64,29,0.6320793032646179,0.0689716786146164
28,3,64,30,0.541515588760376,0.13322068750858307
28,3,64,31,0.31377923488616943,0.09218107163906097
28,3,64,32,0.5203314423561096,0.1540502905845642
28,3,64,33,0.4072410464286804,0.10707298666238785
28,3,64,34,0.5223053097724915,0.1462104469537735
28,3,64,35,0.3586120307445526,0.07723832130432129
28,3,64,36,0.5900868773460388,0.15450023114681244
28,3,64,37,0.5373146533966064,0.16560642421245575
28,3,64,38,0.5384643077850342,0.11276821792125702
28,3,64,39,0.6747478246688843,0.08112900704145432
28,3,64,40,0.5266304612159729,0.058678217232227325
28,3,64,41,0.2604531943798065,0.0787479430437088
28,3,64,42,0.6198999285697937,0.08889288455247879
28,3,64,43,0.5477076172828674,0.22561779618263245
28,3,64,44,0.5421804189682007,0.24047651886940002
28,3,64,45,0.3771459460258484,0.09193751960992813
28,3,64,46,0.5801989436149597,0.1338910460472107
28,3,64,47,0.35670745372772217,0.11158048361539841
28,3,64,48,0.5127536654472351,0.0466618575155735
28,3,64,49,0.6806655526161194,0.1369936168193817
28,3,64,50,0.5453165173530579,0.14596357941627502
28,3,64,51,0.6962998509407043,0.05669919773936272
28,3,64,52,0.4286503493785858,0.14488103985786438
28,3,64,53,0.6305599808692932,0.09067106992006302
28,3,64,54,0.4244097173213959,0.10460765659809113
28,3,64,55,0.4582950174808502,0.11445893347263336
28,3,64,56,0.5617138743400574,0.12782904505729675
28,3,64,57,0.41974735260009766,0.1182415634393692
28,3,64,58,0.4338446855545044,0.26615986227989197
28,3,64,59,0.5396890640258789,0.09194484353065491
28,3,64,60,0.4914458394050598,0.12049175798892975
28,3,64,61,0.46301087737083435,0.23124825954437256
28,3,64,62,0.4367794692516327,0.0882912203669548
28,3,64,63,0.5017668604850769,0.2172195464372635
28,4,128,0,0.6979281902313232,0.19069121778011322
28,4,128,1,0.6016890406608582,0.3005642294883728
28,4,128,2,0.3761333227157593,0.13845713436603546
28,4,128,3,0.4679373502731323,0.26765134930610657
28,4,128,4,0.4806987941265106,0.24440117180347443
28,4,128,5,0.5794195532798767,0.20948746800422668
28,4,128,6,0.3533446490764618,0.19878290593624115
28,4,128,7,0.5670776963233948,0.3410632610321045
28,4,128,8,0.7164445519447327,0.11513704806566238
28,4,128,9,0.4887339174747467,0.22211554646492004
28,4,128,10,0.5145649909973145,0.3242413401603699
28,4,128,11,0.5199512243270874,0.32063475251197815
28,4,128,12,0.5233672857284546,0.2410784363746643
28,4,128,13,0.5434063076972961,0.3235359191894531
28,4,128,14,0.5421923995018005,0.1924239993095398
28,4,128,15,0.6496669054031372,0.15165330469608307
28,4,128,16,0.509988009929657,0.22795158624649048
28,4,128,17,0.4887111485004425,0.23130270838737488
28,4,128,18,0.7937895655632019,0.08481577783823013
28,4,128,19,0.6284406185150146,0.1756819486618042
28,4,128,20,0.5811142325401306,0.2430252879858017
28,4,128,21,0.43409571051597595,0.18301023542881012
28,4,128,22,0.5516502857208252,0.19535113871097565
28,4,128,23,0.6635723114013672,0.13822020590305328
28,4,128,24,0.46806108951568604,0.2924204468727112
28,4,128,25,0.8336616158485413,0.1251944750547409
28,4,128,26,0.6336705088615417,0.17448700964450836
28,4,128,27,0.7463931441307068,0.11197154968976974
28,4,128,28,0.3363201916217804,0.17611943185329437
28,4,128,29,0.5380608439445496,0.20449893176555634
28,4,128,30,0.4850054979324341,0.38301360607147217
28,4,128,31,0.5938323140144348,0.13189959526062012
28,4,128,32,0.44673964381217957,0.3302856683731079
28,4,128,33,0.5619725584983826,0.27565255761146545
28,4,128,34,0.7782577872276306,0.0926833301782608
28,4,128,35,0.4582377076148987,0.22434286773204803
28,4,128,36,0.6866313815116882,0.12128202617168427
28,4,128,37,0.5312075614929199,0.30952098965644836
28,4,128,38,0.6512642502784729,0.15941330790519714
28,4,128,39,0.42663171887397766,0.1489209085702896
28,4,128,40,0.5871844291687012,0.278303325176239
28,4,128,41,0.6593303680419922,0.2646022140979767
28,4,128,42,0.4669032096862793,0.212114155292511
28,4,128,43,0.636000394821167,0.26581814885139465
28,4,128,44,0.6216553449630737,0.1263878494501114
28,4,128,45,0.5385439991950989,0.3347671926021576
28,4,128,46,0.31514739990234375,0.1308744102716446
28,4,128,47,0.46232008934020996,0.22773687541484833
28,4,128,48,0.563152551651001,0.12875774502754211
28,4,128,49,0.5244947671890259,0.1794576197862625
28,4,128,50,0.7410423755645752,0.1525830328464508
28,4,128,51,0.4895416796207428,0.14979100227355957
28,4,128,52,0.585509181022644,0.3177233934402466
28,4,128,53,0.5004022121429443,0.2746952772140503
28,4,128,54,0.4297551214694977,0.20144440233707428
28,4,128,55,0.41984793543815613,0.26844391226768494
28,4,128,56,0.4857432246208191,0.2908827066421509
28,4,128,57,0.6539329290390015,0.20473098754882812
28,4,128,58,0.6074699759483337,0.19912609457969666
28,4,128,59,0.7142515182495117,0.17105379700660706
28,4,128,60,0.3494625687599182,0.16782458126544952
28,4,128,61,0.6427708864212036,0.20186437666416168
28,4,128,62,0.6618921160697937,0.12653902173042297
28,4,128,63,0.6326465010643005,0.19311560690402985
28,4,128,64,0.6062735319137573,0.1962466835975647
28,4,128,65,0.45691755414009094,0.2908864915370941
28,4,128,66,0.49813202023506165,0.2625964879989624
28,4,128,67,0.5936189889907837,0.07078097760677338
28,4,128,68,0.5573983192443848,0.09496400505304337
28,4,128,69,0.5812336802482605,0.33142468333244324
28,4,128,70,0.464400976896286,0.13340908288955688
28,4,128,71,0.5432674884796143,0.14507557451725006
28,4,128,72,0.6722366809844971,0.20713557302951813
28,4,128,73,0.4769836366176605,0.25666582584381104
28,4,128,74,0.578835666179657,0.17213940620422363
28,4,128,75,0.6921595335006714,0.11075381934642792
28,4,128,76,0.33470389246940613,0.1781989485025406
28,4,128,77,0.4176385998725891,0.23623323440551758
28,4,128,78,0.5305531620979309,0.28460320830345154
28,4,128,79,0.4846484959125519,0.25648820400238037
28,4,128,80,0.5974938869476318,0.22739683091640472
28,4,128,81,0.5008381605148315,0.25234800577163696
28,4,128,82,0.4730629622936249,0.2541687488555908
28,4,128,83,0.4507855176925659,0.2687797248363495
28,4,128,84,0.7633215188980103,0.11727523803710938
28,4,128,85,0.7911579012870789,0.14967162907123566
28,4,128,86,0.7541100978851318,0.07735183835029602
28,4,128,87,0.4896375834941864,0.33058473467826843
28,4,128,88,0.6790604591369629,0.1251334846019745
28,4,128,89,0.47694921493530273,0.1863531619310379
28,4,128,90,0.7055047750473022,0.06221478059887886
28,4,128,91,0.53182452917099,0.31629830598831177
28,4,128,92,0.6467496752738953,0.21269859373569489
28,4,128,93,0.5796398520469666,0.15941409766674042
28,4,128,94,0.7324963212013245,0.12860892713069916
28,4,128,95,0.6368230581283569,0.2499028742313385
28,4,128,96,0.5718072652816772,0.21651692688465118
28,4,128,97,0.5258698463439941,0.3550758361816406
28,4,128,98,0.5886616110801697,0.26969414949417114
28,4,128,99,0.40901079773902893,0.20018190145492554
28,4,128,100,0.5752918124198914,0.37212780117988586
28,4,128,101,0.5337204337120056,0.25841280817985535
28,4,128,102,0.5733541250228882,0.19548116624355316
28,4,128,103,0.5092417001724243,0.18510288000106812
28,4,128,104,0.7862095236778259,0.1151580736041069
28,4,128,105,0.6545376181602478,0.08360466361045837
28,4,128,106,0.6636971831321716,0.20486660301685333
28,4,128,107,0.5751480460166931,0.21512682735919952
28,4,128,108,0.5156755447387695,0.16892743110656738
28,4,128,109,0.5059250593185425,0.3219149112701416
28,4,128,110,0.4817013144493103,0.27770641446113586
28,4,128,111,0.6097173094749451,0.1358828991651535
28,4,128,112,0.675089955329895,0.06179498881101608
28,4,128,113,0.5606649518013,0.101765938103199
28,4,128,114,0.6463016867637634,0.20044590532779694
28,4,128,115,0.6643562316894531,0.14568191766738892
28,4,128,116,0.46546557545661926,0.18115410208702087
28,4,128,117,0.39832496643066406,0.30793243646621704
28,4,128,118,0.5401664972305298,0.278858482837677
28,4,128,119,0.6904584765434265,0.1044478639960289
28,4,128,120,0.4573945105075836,0.2615440785884857
28,4,128,121,0.5448352098464966,0.2336670309305191
28,4,128,122,0.5347473621368408,0.12986311316490173
28,4,128,123,0.622942328453064,0.28552716970443726
28,4,128,124,0.6731361746788025,0.1477738469839096
28,4,128,125,0.5625684857368469,0.1795661598443985
28,4,128,126,0.5559927225112915,0.26942184567451477
28,4,128,127,0.4444027245044708,0.3336558938026428
28,5,128,0,0.4755609631538391,0.21620628237724304
28,5,128,1,0.7942965030670166,0.13135886192321777
28,5,128,2,0.7175701856613159,0.2872941792011261
28,5,128,3,0.3859575092792511,0.3291546702384949
28,5,128,4,0.7536781430244446,0.08028527349233627
28,5,128,5,0.8296228051185608,0.12395183742046356
28,5,128,6,0.6421538591384888,0.26238754391670227
28,5,128,7,0.8409333825111389,0.10832739621400833
28,5,128,8,0.7400102615356445,0.1228027269244194
28,5,128,9,0.8041781187057495,0.1937370002269745
28,5,128,10,0.8204395174980164,0.1704256236553192
28,5,128,11,0.5502094030380249,0.15610376000404358
28,5,128,12,0.909572422504425,0.09332458674907684
28,5,128,13,0.4873802065849304,0.24173393845558167
28,5,128,14,0.7519048452377319,0.28279784321784973
28,5,128,15,0.7943503856658936,0.08272558450698853
28,5,128,16,0.7179259657859802,0.19881021976470947
28,5,128,17,0.3573418855667114,0.1307324916124344
28,5,128,18,0.7427877187728882,0.11867163330316544
28,5,128,19,0.8360281586647034,0.09868240356445312
28,5,128,20,0.742058277130127,0.2528596520423889
28,5,128,21,0.3139055669307709,0.33297210931777954
28,5,128,22,0.6730712652206421,0.2146526575088501
28,5,128,23,0.7796544432640076,0.20133158564567566
28,5,128,24,0.7456987500190735,0.2508116662502289
28,5,128,25,0.8145606517791748,0.10555171966552734
28,5,128,26,0.8542892932891846,0.09527856111526489
28,5,128,27,0.7122799158096313,0.10441337525844574
28,5,128,28,0.5763235092163086,0.1565442830324173
28,5,128,29,0.7702279090881348,0.27957940101623535
28,5,128,30,0.8002469539642334,0.20116636157035828
28,5,128,31,0.7857571244239807,0.13841864466667175
28,5,128,32,0.7190002799034119,0.24730344116687775
28,5,128,33,0.7974715828895569,0.1783895641565323
28,5,128,34,0.6377905011177063,0.049985338002443314
28,5,128,35,0.2504430413246155,0.19621115922927856
28,5,128,36,0.7996615767478943,0.11374648660421371
28,5,128,37,0.7902154326438904,0.21848100423812866
28,5,128,38,0.40578919649124146,0.06989522278308868
28,5,128,39,0.8234955668449402,0.14895841479301453
28,5,128,40,0.7388367652893066,0.08844516426324844
28,5,128,41,0.7751563191413879,0.2398654669523239
28,5,128,42,0.6006290316581726,0.07978372275829315
28,5,128,43,0.2995450794696808,0.23001016676425934
28,5,128,44,0.5760213732719421,0.11592545360326767
28,5,128,45,0.77158123254776,0.206971675157547
28,5,128,46,0.717552661895752,0.21026302874088287
28,5,128,47,0.5265233516693115,0.18025197088718414
28,5,128,48,0.8100341558456421,0.17542213201522827
28,5,128,49,0.2575337886810303,0.23631390929222107
28,5,128,50,0.7614299058914185,0.19057156145572662
28,5,128,51,0.7939023971557617,0.12936285138130188
28,5,128,52,0.26572608947753906,0.22038982808589935
28,5,128,53,0.7568525075912476,0.17358508706092834
28,5,128,54,0.4963562786579132,0.2566472589969635
28,5,128,55,0.3311915695667267,0.35956281423568726
28,5,128,56,0.7853585481643677,0.16728706657886505
28,5,128,57,0.7199323177337646,0.13383406400680542
28,5,128,58,0.7223115563392639,0.28880852460861206
28,5,128,59,0.7622048258781433,0.10716129094362259
28,5,128,60,0.7706157565116882,0.15349727869033813
28,5,128,61,0.7878259420394897,0.09168989956378937
28,5,128,62,0.7952121496200562,0.10460268706083298
28,5,128,63,0.7818567752838135,0.15908193588256836
28,5,128,64,0.43107640743255615,0.14057552814483643
28,5,128,65,0.3661664128303528,0.3074541985988617
28,5,128,66,0.6704959869384766,0.29546719789505005
28,5,128,67,0.8094545006752014,0.10509160906076431
28,5,128,68,0.8035250306129456,0.12700508534908295
28,5,128,69,0.8321524262428284,0.1708621382713318
28,5,128,70,0.7570814490318298,0.18770071864128113
28,5,128,71,0.7537182569503784,0.1052807867527008
28,5,128,72,0.4044237434864044,0.26192426681518555
28,5,128,73,0.3989080488681793,0.23828129470348358
28,5,128,74,0.7341809272766113,0.28635305166244507
28,5,128,75,0.7391647100448608,0.20297160744667053
28,5,128,76,0.6999103426933289,0.0937693640589714
28,5,128,77,0.8041890859603882,0.08328418433666229
28,5,128,78,0.4509832262992859,0.12751363217830658
28,5,128,79,0.7161219716072083,0.251819372177124
28,5,128,80,0.6834345459938049,0.07041224092245102
28,5,128,81,0.712624728679657,0.07646290212869644
28,5,128,82,0.8858200311660767,0.09482986479997635
28,5,128,83,0.26889365911483765,0.21064843237400055
28,5,128,84,0.6151151657104492,0.14911608397960663
28,5,128,85,0.6029358506202698,0.14191612601280212
28,5,128,86,0.7732996344566345,0.1721491515636444
28,5,128,87,0.7385415434837341,0.1932181566953659
28,5,128,88,0.7808621525764465,0.2396998107433319
28,5,128,89,0.83157879114151,0.16035538911819458
28,5,128,90,0.8506622910499573,0.11484932154417038
28,5,128,91,0.8447485566139221,0.10542736947536469
28,5,128,92,0.8259261846542358,0.1120353415608406
28,5,128,93,0.6409765481948853,0.06922969222068787
28,5,128,94,0.814276933670044,0.09596031159162521
28,5,128,95,0.3283851742744446,0.2822537124156952
28,5,128,96,0.5002884864807129,0.21526655554771423
28,5,128,97,0.7749924063682556,0.214187353849411
28,5,128,98,0.3388279676437378,0.2697073519229889
28,5,128,99,0.643901526927948,0.09444670379161835
28,5,128,100,0.8044538497924805,0.21724174916744232
28,5,128,101,0.785862147808075,0.16946610808372498
28,5,128,102,0.8488181233406067,0.10724540054798126
28,5,128,103,0.7522448897361755,0.09200858324766159
28,5,128,104,0.823869526386261,0.1162724643945694
28,5,128,105,0.362187922000885,0.14715442061424255
28,5,128,106,0.8306090235710144,0.11490500718355179
28,5,128,107,0.38401851058006287,0.30611708760261536
28,5,128,108,0.7387516498565674,0.2639949917793274
28,5,128,109,0.7544654011726379,0.21049143373966217
28,5,128,110,0.7674553394317627,0.20853421092033386
28,5,128,111,0.7058526873588562,0.10153165459632874
28,5,128,112,0.565185010433197,0.17793050408363342
28,5,128,113,0.4674035310745239,0.0862613320350647
28,5,128,114,0.7571812272071838,0.1966712325811386
28,5,128,115,0.7899273633956909,0.1244189515709877
28,5,128,116,0.5584802031517029,0.06384387612342834
28,5,128,117,0.7458321452140808,0.2618035078048706
28,5,128,118,0.6293210387229919,0.07324350625276566
28,5,128,119,0.7625158429145813,0.2190452665090561
28,5,128,120,0.817905604839325,0.11499020457267761
28,5,128,121,0.6708159446716309,0.16395831108093262
28,5,128,122,0.3619156777858734,0.31265154480934143
28,5,128,123,0.7784672379493713,0.2372286468744278
28,5,128,124,0.8089888095855713,0.14227603375911713
28,5,128,125,0.8193639516830444,0.1363675892353058
28,5,128,126,0.7458405494689941,0.2560729384422302
28,5,128,127,0.32241290807724,0.1308010071516037
29,0,32,0,0.5566070675849915,0.04077327623963356
29,0,32,1,0.5929708480834961,0.07405734062194824
29,0,32,2,0.5825480818748474,0.10803726315498352
29,0,32,3,0.5119968056678772,0.021892355754971504
29,0,32,4,0.33989009261131287,0.1506330817937851
29,0,32,5,0.4317566454410553,0.10823755711317062
29,0,32,6,0.44390007853507996,0.12408911436796188
29,0,32,7,0.3257928490638733,0.11128981411457062
29,0,32,8,0.5271344184875488,0.08789987862110138
29,0,32,9,0.5123335719108582,0.09792006015777588
29,0,32,10,0.5588135719299316,0.08005961030721664
29,0,32,11,0.6122274994850159,0.11351243406534195
29,0,32,12,0.37310147285461426,0.07045857608318329
29,0,32,13,0.48762819170951843,0.07989051938056946
29,0,32,14,0.4774857461452484,0.03917144611477852
29,0,32,15,0.5030525922775269,0.08197483420372009
29,0,32,16,0.6079310774803162,0.03008546307682991
29,0,32,17,0.5117818713188171,0.07351300865411758
29,0,32,18,0.5580633878707886,0.06642236560583115
29,0,32,19,0.41739198565483093,0.03408641368150711
29,0,32,20,0.46728166937828064,0.0958646610379219
29,0,32,21,0.4632124602794647,0.150737464427948
29,0,32,22,0.5788553357124329,0.07175375521183014
29,0,32,23,0.5492505431175232,0.09545435756444931
29,0,32,24,0.5958009958267212,0.10803508758544922
29,0,32,25,0.41343092918395996,0.05192293971776962
29,0,32,26,0.44442078471183777,0.0595582090318203
29,0,32,27,0.5612848401069641,0.1886471062898636
29,0,32,28,0.5395359396934509,0.09877627342939377
29,0,32,29,0.5127054452896118,0.023612234741449356
29,0,32,30,0.4368930757045746,0.09836890548467636
29,0,32,31,0.3736276924610138,0.04698297753930092
29,1,32,0,0.5485827922821045,0.11355084925889969
29,1,32,1,0.43492579460144043,0.14512120187282562
29,1,32,2,0.5560920834541321,0.12233354896306992
29,1,32,3,0.5018115043640137,0.13463549315929413
29,1,32,4,0.5276072025299072,0.1624085009098053
29,1,32,5,0.4391137361526489,0.06400793790817261
29,1,32,6,0.3624131679534912,0.1321880966424942
29,1,32,7,0.7160187363624573,0.08119484037160873
29,1,32,8,0.3836223781108856,0.12095260620117188
29,1,32,9,0.5560680627822876,0.07954424619674683
29,1,32,10,0.35374513268470764,0.09824295341968536
29,1,32,11,0.5901786088943481,0.23325026035308838
29,1,32,12,0.7265306711196899,0.09138127416372299
29,1,32,13,0.477327436208725,0.1067148894071579
29,1,32,14,0.7058018445968628,0.06891406327486038
29,1,32,15,0.5667409300804138,0.07967811822891235
29,1,32,16,0.5199379920959473,0.09091120958328247
29,1,32,17,0.4778554439544678,0.08949172496795654
29,1,32,18,0.4213368892669678,0.05095600709319115
29,1,32,19,0.5341426730155945,0.07124114036560059
29,1,32,20,0.37933358550071716,0.04681771993637085
29,1,32,21,0.5007370710372925,0.11476466059684753
29,1,32,22,0.43719780445098877,0.12174078822135925
29,1,32,23,0.6086824536323547,0.07674183696508408
29,1,32,24,0.3734435737133026,0.11332666873931885
29,1,32,25,0.5524722337722778,0.11166554689407349
29,1,32,26,0.42618420720100403,0.12608861923217773
29,1,32,27,0.6048117280006409,0.08850513398647308
29,1,32,28,0.390308678150177,0.1167643591761589
29,1,32,29,0.43742477893829346,0.053921859711408615
29,1,32,30,0.5765761733055115,0.054180074483156204
29,1,32,31,0.46507444977760315,0.036108776926994324
29,2,64,0,0.510762095451355,0.05558617785573006
29,2,64,1,0.4376039505004883,0.08774988353252411
29,2,64,2,0.643969714641571,0.11022324115037918
29,2,64,3,0.4059768617153168,0.10253103822469711
29,2,64,4,0.6044434309005737,0.1603517085313797
29,2,64,5,0.5053253769874573,0.15724539756774902
29,2,64,6,0.7029980421066284,0.12098947912454605
29,2,64,7,0.4722885191440582,0.21396705508232117
29,2,64,8,0.4132389426231384,0.12281012535095215
29,2,64,9,0.5841783881187439,0.24112500250339508
29,2,64,10,0.5033159852027893,0.21777179837226868
29,2,64,11,0.57151859998703,0.052742209285497665
29,2,64,12,0.5151644349098206,0.09004170447587967
29,2,64,13,0.48818227648735046,0.19394922256469727
29,2,64,14,0.5266473889350891,0.25691837072372437
29,2,64,15,0.4755476117134094,0.15663717687129974
29,2,64,16,0.4862682819366455,0.21058806777000427
29,2,64,17,0.6191075444221497,0.09282596409320831
29,2,64,18,0.5580819845199585,0.20757882297039032
29,2,64,19,0.6358852982521057,0.15975821018218994
29,2,64,20,0.4700841009616852,0.13510668277740479
29,2,64,21,0.37107524275779724,0.09283023327589035
29,2,64,22,0.5176963806152344,0.04493885859847069
29,2,64,23,0.4898466467857361,0.08917782455682755
29,2,64,24,0.5769490003585815,0.1042340025305748
29,2,64,25,0.43588513135910034,0.10564122349023819
29,2,64,26,0.46175891160964966,0.1145164743065834
29,2,64,27,0.45199301838874817,0.12465490400791168
29,2,64,28,0.6066234707832336,0.1442667543888092
29,2,64,29,0.43232205510139465,0.1359328180551529
29,2,64,30,0.47507548332214355,0.20740698277950287
29,2,64,31,0.4187006652355194,0.10422768443822861
29,2,64,32,0.6740599870681763,0.12303393334150314
29,2,64,33,0.5682858824729919,0.13038203120231628
29,2,64,34,0.43408846855163574,0.13995711505413055
29,2,64,35,0.3741856515407562,0.15075205266475677
29,2,64,36,0.6077730059623718,0.1313464343547821
29,2,64,37,0.44040584564208984,0.11617159843444824
29,2,64,38,0.5693256855010986,0.12648189067840576
29,2,64,39,0.3489421308040619,0.08379990607500076
29,2,64,40,0.6620035767555237,0.08294489234685898
29,2,64,41,0.44768956303596497,0.13853436708450317
29,2,64,42,0.4558218717575073,0.19700109958648682
29,2,64,43,0.5460039377212524,0.13469628989696503
29,2,64,44,0.5806187391281128,0.14655852317810059
29,2,64,45,0.3316941559314728,0.048790816217660904
29,2,64,46,0.5430605411529541,0.1116417869925499
29,2,64,47,0.46273910999298096,0.1539982557296753
29,2,64,48,0.6758108139038086,0.15112830698490143
29,2,64,49,0.4135746359825134,0.1679825633764267
29,2,64,50,0.5789862871170044,0.15879729390144348
29,2,64,51,0.4072997570037842,0.17385922372341156
29,2,64,52,0.44733843207359314,0.07364513725042343
29,2,64,53,0.5315858721733093,0.07546334713697433
29,2,64,54,0.5268250107765198,0.10481541603803635
29,2,64,55,0.6092903017997742,0.16274109482765198
29,2,64,56,0.5234844088554382,0.16991069912910461
29,2,64,57,0.519926905632019,0.18987159430980682
29,2,64,58,0.5196626782417297,0.16665969789028168
29,2,64,59,0.5493335127830505,0.12805487215518951
29,2,64,60,0.5970229506492615,0.12611237168312073
29,2,64,61,0.5521478056907654,0.16125842928886414
29,2,64,62,0.4803745448589325,0.1068948358297348
29,2,64,63,0.4875957667827606,0.08098762482404709
29,3,64,0,0.6407173275947571,0.07603414356708527
29,3,64,1,0.6324118971824646,0.20188409090042114
29,3,64,2,0.3476150333881378,0.16180557012557983
29,3,64,3,0.6567703485488892,0.1641751229763031
29,3,64,4,0.28922152519226074,0.12131327390670776
29,3,64,5,0.3799276649951935,0.14082299172878265
29,3,64,6,0.45431920886039734,0.13200001418590546
29,3,64,7,0.3524436950683594,0.067714162170887
29,3,64,8,0.6974409222602844,0.14312705397605896
29,3,64,9,0.5403860211372375,0.1736905574798584
29,3,64,10,0.38591286540031433,0.14819760620594025
29,3,64,11,0.45198705792427063,0.13083712756633759
29,3,64,12,0.35924410820007324,0.1791383922100067
29,3,64,13,0.32252368330955505,0.09294751286506653
29,3,64,14,0.7351853847503662,0.255689412355423
29,3,64,15,0.2825630009174347,0.128526508808136
29,3,64,16,0.4866507947444916,0.1410016417503357
29,3,64,17,0.41572487354278564,0.1313052624464035
29,3,64,18,0.5564157366752625,0.2133268117904663
29,3,64,19,0.6067191958427429,0.07959382236003876
29,3,64,20,0.39335641264915466,0.19355596601963043
29,3,64,21,0.493444561958313,0.09296580404043198
29,3,64,22,0.40116551518440247,0.1930534690618515
29,3,64,23,0.338548481464386,0.16209495067596436
29,3,64,24,0.32049766182899475,0.15146194398403168
29,3,64,25,0.6035489439964294,0.24999955296516418
29,3,64,26,0.5676148533821106,0.18294773995876312
29,3,64,27,0.4635334014892578,0.18812276422977448
29,3,64,28,0.6579281687736511,0.14216679334640503
29,3,64,29,0.6387253403663635,0.15329034626483917
29,3,64,30,0.5447713732719421,0.15398943424224854
29,3,64,31,0.2583027780056,0.16521653532981873
29,3,64,32,0.6500085592269897,0.16969634592533112
29,3,64,33,0.2643101215362549,0.0823020339012146
29,3,64,34,0.5719415545463562,0.09281041473150253
29,3,64,35,0.3060433864593506,0.0960698351264
29,3,64,36,0.6634561419487,0.09129767119884491
29,3,64,37,0.6076892018318176,0.06979392468929291
29,3,64,38,0.5556709170341492,0.2185497283935547
29,3,64,39,0.7230932116508484,0.09684654325246811
29,3,64,40,0.6640416979789734,0.1774648129940033
29,3,64,41,0.29764026403427124,0.0973372682929039
29,3,64,42,0.5076471567153931,0.15176326036453247
29,3,64,43,0.6470837593078613,0.24103127419948578
29,3,64,44,0.37783876061439514,0.2884479761123657
29,3,64,45,0.4462316036224365,0.11429977416992188
29,3,64,46,0.5799146294593811,0.10349879413843155
29,3,64,47,0.49504271149635315,0.048490941524505615
29,3,64,48,0.4481658935546875,0.1709700971841812
29,3,64,49,0.6603317856788635,0.1285630613565445
29,3,64,50,0.32639217376708984,0.2420901358127594
29,3,64,51,0.563054084777832,0.14034362137317657
29,3,64,52,0.3786065876483917,0.12239181250333786
29,3,64,53,0.706272542476654,0.16005539894104004
29,3,64,54,0.25255581736564636,0.13235093653202057
29,3,64,55,0.4570218324661255,0.21748262643814087
29,3,64,56,0.5851519703865051,0.038985323160886765
29,3,64,57,0.5337161421775818,0.12357664853334427
29,3,64,58,0.33544740080833435,0.26280131936073303
29,3,64,59,0.6114974021911621,0.16704314947128296
29,3,64,60,0.6121000051498413,0.0987730324268341
29,3,64,61,0.6692243814468384,0.31712034344673157
29,3,64,62,0.5278411507606506,0.17540155351161957
29,3,64,63,0.406673401594162,0.22906023263931274
29,4,128,0,0.6677044630050659,0.1267712116241455
29,4,128,1,0.5424020290374756,0.16364936530590057
29,4,128,2,0.38937538862228394,0.20255298912525177
29,4,128,3,0.41571128368377686,0.32866787910461426
29,4,128,4,0.6304128766059875,0.19268295168876648
29,4,128,5,0.45376768708229065,0.33044207096099854
29,4,128,6,0.4998227059841156,0.24015362560749054
29,4,128,7,0.5948101878166199,0.311009019613266
29,4,128,8,0.649188220500946,0.19937802851200104
29,4,128,9,0.2938598096370697,0.19398221373558044
29,4,128,10,0.6478988528251648,0.35947468876838684
29,4,128,11,0.3564683794975281,0.2233816683292389
29,4,128,12,0.5991811156272888,0.2266102135181427
29,4,128,13,0.39197319746017456,0.3111788332462311
29,4,128,14,0.46911749243736267,0.16375526785850525
29,4,128,15,0.583962619304657,0.08322232961654663
29,4,128,16,0.4813821315765381,0.21640637516975403
29,4,128,17,0.5557847023010254,0.13253341615200043
29,4,128,18,0.7379408478736877,0.15161903202533722
29,4,128,19,0.7288908958435059,0.1305008977651596
29,4,128,20,0.4509267508983612,0.2787030339241028
29,4,128,21,0.32076820731163025,0.13920144736766815
29,4,128,22,0.5277377963066101,0.1377888321876526
29,4,128,23,0.41533467173576355,0.10002683848142624
29,4,128,24,0.5760498642921448,0.20579104125499725
29,4,128,25,0.7424163818359375,0.08854372799396515
29,4,128,26,0.5671529173851013,0.16694270074367523
29,4,128,27,0.5040643811225891,0.22421477735042572
29,4,128,28,0.5580868721008301,0.2457834929227829
29,4,128,29,0.6422581076622009,0.2945195436477661
29,4,128,30,0.6201629042625427,0.3673136234283447
29,4,128,31,0.6023076176643372,0.10512665659189224
29,4,128,32,0.3345423936843872,0.2750034034252167
29,4,128,33,0.5465336441993713,0.2711174786090851
29,4,128,34,0.6230687499046326,0.09260633587837219
29,4,128,35,0.4736517071723938,0.12182183563709259
29,4,128,36,0.6557915806770325,0.09933554381132126
29,4,128,37,0.7358188033103943,0.23592643439769745
29,4,128,38,0.3909567892551422,0.3014647662639618
29,4,128,39,0.4429662227630615,0.2555883824825287
29,4,128,40,0.635280966758728,0.32458585500717163
29,4,128,41,0.7451604604721069,0.3120582401752472
29,4,128,42,0.5586035251617432,0.09547069668769836
29,4,128,43,0.4508762061595917,0.19735901057720184
29,4,128,44,0.6508036255836487,0.12556836009025574
29,4,128,45,0.5892375707626343,0.2810419797897339
29,4,128,46,0.2289782464504242,0.08800966292619705
29,4,128,47,0.41061773896217346,0.2335369884967804
29,4,128,48,0.665627658367157,0.2104005515575409
29,4,128,49,0.4303630292415619,0.24640333652496338
29,4,128,50,0.7522006034851074,0.12240443378686905
29,4,128,51,0.7018915414810181,0.16445417702198029
29,4,128,52,0.39785441756248474,0.33430203795433044
29,4,128,53,0.5503883957862854,0.11952659487724304
29,4,128,54,0.6032184958457947,0.2754693925380707
29,4,128,55,0.39202842116355896,0.09726276248693466
29,4,128,56,0.5941988825798035,0.30884090065956116
29,4,128,57,0.6467499732971191,0.19540658593177795
29,4,128,58,0.5519033074378967,0.07101258635520935
29,4,128,59,0.8310400247573853,0.09641579538583755
29,4,128,60,0.3749611973762512,0.2356172353029251
29,4,128,61,0.6993638873100281,0.16323332488536835
29,4,128,62,0.6995472311973572,0.16675123572349548
29,4,128,63,0.8444059491157532,0.09569746255874634
29,4,128,64,0.5944817662239075,0.29668572545051575
29,4,128,65,0.39293599128723145,0.2654486298561096
29,4,128,66,0.38406094908714294,0.27279001474380493
29,4,128,67,0.5344604849815369,0.15521301329135895
29,4,128,68,0.4075447916984558,0.09465164691209793
29,4,128,69,0.6603842377662659,0.33918485045433044
29,4,128,70,0.40411376953125,0.21536195278167725
29,4,128,71,0.4954390823841095,0.16564123332500458
29,4,128,72,0.7699135541915894,0.0847974494099617
29,4,128,73,0.48609235882759094,0.18292300403118134
29,4,128,74,0.5840714573860168,0.19538544118404388
29,4,128,75,0.7253557443618774,0.15709899365901947
29,4,128,76,0.3020237386226654,0.16192209720611572
29,4,128,77,0.33666470646858215,0.17226587235927582
29,4,128,78,0.6350130438804626,0.3439338207244873
29,4,128,79,0.5224782824516296,0.23588810861110687
29,4,128,80,0.6925519704818726,0.1952933669090271
29,4,128,81,0.5207768082618713,0.22680844366550446
29,4,128,82,0.40064820647239685,0.20029857754707336
29,4,128,83,0.3605942130088806,0.202757328748703
29,4,128,84,0.7396148443222046,0.13511131703853607
29,4,128,85,0.6814571022987366,0.19612696766853333
29,4,128,86,0.7512357831001282,0.0861530527472496
29,4,128,87,0.5395015478134155,0.29141655564308167
29,4,128,88,0.767166793346405,0.14463385939598083
29,4,128,89,0.5228350758552551,0.13953599333763123
29,4,128,90,0.7246814370155334,0.08177416771650314
29,4,128,91,0.7847517132759094,0.10435086488723755
29,4,128,92,0.6585432291030884,0.2370055913925171
29,4,128,93,0.6670445203781128,0.1415431797504425
29,4,128,94,0.6952052116394043,0.12378089129924774
29,4,128,95,0.5209528207778931,0.15510211884975433
29,4,128,96,0.5422467589378357,0.1286051869392395
29,4,128,97,0.704606831073761,0.28342530131340027
29,4,128,98,0.5368351936340332,0.2503266930580139
29,4,128,99,0.33554425835609436,0.17450770735740662
29,4,128,100,0.6521085500717163,0.3875413239002228
29,4,128,101,0.6175931692123413,0.2853507399559021
29,4,128,102,0.7604092955589294,0.07781630009412766
29,4,128,103,0.4508044719696045,0.06729480624198914
29,4,128,104,0.7448266744613647,0.10337675362825394
29,4,128,105,0.5300117135047913,0.16213104128837585
29,4,128,106,0.6412310600280762,0.06599128991365433
29,4,128,107,0.5048198699951172,0.23633445799350739
29,4,128,108,0.41161197423934937,0.27743521332740784
29,4,128,109,0.6420023441314697,0.3044367730617523
29,4,128,110,0.5795372128486633,0.3165402114391327
29,4,128,111,0.7778118252754211,0.09531930088996887
29,4,128,112,0.6481058597564697,0.09416322410106659
29,4,128,113,0.5501319169998169,0.08948077261447906
29,4,128,114,0.6363629698753357,0.12956248223781586
29,4,128,115,0.5882216691970825,0.2294471114873886
29,4,128,116,0.6086615920066833,0.1577111929655075
29,4,128,117,0.40232062339782715,0.2955242395401001
29,4,128,118,0.5832115411758423,0.22625838220119476
29,4,128,119,0.718734085559845,0.12475425004959106
29,4,128,120,0.32766756415367126,0.09956730157136917
29,4,128,121,0.6725243926048279,0.2103535234928131
29,4,128,122,0.3925084173679352,0.2421370893716812
29,4,128,123,0.7124875783920288,0.22981524467468262
29,4,128,124,0.5575622320175171,0.1067613959312439
29,4,128,125,0.605720579624176,0.17386873066425323
29,4,128,126,0.6024566292762756,0.27850043773651123
29,4,128,127,0.34711867570877075,0.18087200820446014
29,5,128,0,0.7274610996246338,0.1612527221441269
29,5,128,1,0.7596724033355713,0.2177017480134964
29,5,128,2,0.6612001657485962,0.24951930344104767
29,5,128,3,0.7529894113540649,0.06346675753593445
29,5,128,4,0.37226030230522156,0.3158728778362274
29,5,128,5,0.8322885036468506,0.12824063003063202
29,5,128,6,0.6218539476394653,0.2124103605747223
29,5,128,7,0.8334466814994812,0.14311176538467407
29,5,128,8,0.7885884642601013,0.11934036761522293
29,5,128,9,0.811077892780304,0.1859101504087448
29,5,128,10,0.8215954899787903,0.17093484103679657
29,5,128,11,0.8204151391983032,0.12860988080501556
29,5,128,12,0.9017881155014038,0.1029760017991066
29,5,128,13,0.44619858264923096,0.17677295207977295
29,5,128,14,0.657526433467865,0.27992984652519226
29,5,128,15,0.43552348017692566,0.1681707203388214
29,5,128,16,0.7605946660041809,0.1599547117948532
29,5,128,17,0.3721180856227875,0.14186535775661469
29,5,128,18,0.8457643985748291,0.11975438892841339
29,5,128,19,0.836656928062439,0.09714288264513016
29,5,128,20,0.8357573747634888,0.10623672604560852
29,5,128,21,0.37520596385002136,0.2963181436061859
29,5,128,22,0.411687970161438,0.10361749678850174
29,5,128,23,0.7435175180435181,0.18548354506492615
29,5,128,24,0.5979313254356384,0.05875478312373161
29,5,128,25,0.7493231296539307,0.17913222312927246
29,5,128,26,0.8444619178771973,0.10505543649196625
29,5,128,27,0.8045070767402649,0.0882187932729721
29,5,128,28,0.5581145286560059,0.0998060405254364
29,5,128,29,0.7674651741981506,0.2535901963710785
29,5,128,30,0.8156229257583618,0.18652920424938202
29,5,128,31,0.5467422604560852,0.15266641974449158
29,5,128,32,0.4960686266422272,0.08029597997665405
29,5,128,33,0.7184206247329712,0.29450419545173645
29,5,128,34,0.6178425550460815,0.07937602698802948
29,5,128,35,0.23538413643836975,0.21836398541927338
29,5,128,36,0.7439998984336853,0.14797087013721466
29,5,128,37,0.7556225061416626,0.23727020621299744
29,5,128,38,0.46397665143013,0.07267878204584122
29,5,128,39,0.7965540885925293,0.0773475244641304
29,5,128,40,0.43537354469299316,0.17727193236351013
29,5,128,41,0.8003718256950378,0.20730870962142944
29,5,128,42,0.6908828020095825,0.2159019410610199
29,5,128,43,0.34705591201782227,0.13260610401630402
29,5,128,44,0.7012750506401062,0.18746867775917053
29,5,128,45,0.7324381470680237,0.2343955934047699
29,5,128,46,0.5304924249649048,0.1631482094526291
29,5,128,47,0.29100993275642395,0.08774536103010178
29,5,128,48,0.7683042287826538,0.16633141040802002
29,5,128,49,0.253465861082077,0.21765092015266418
29,5,128,50,0.7844229340553284,0.13446708023548126
29,5,128,51,0.5331685543060303,0.14356210827827454
29,5,128,52,0.3579973876476288,0.10619018226861954
29,5,128,53,0.725851833820343,0.19055971503257751
29,5,128,54,0.5595080256462097,0.13274922966957092
29,5,128,55,0.4103202521800995,0.32560035586357117
29,5,128,56,0.7484188675880432,0.17271102964878082
29,5,128,57,0.48451605439186096,0.10523024946451187
29,5,128,58,0.766415536403656,0.21455243229866028
29,5,128,59,0.8657441139221191,0.08805341273546219
29,5,128,60,0.8426891565322876,0.08906581997871399
29,5,128,61,0.7421984672546387,0.10361424833536148
29,5,128,62,0.7881956696510315,0.1204834133386612
29,5,128,63,0.7869423031806946,0.1643989384174347
29,5,128,64,0.6217368841171265,0.06008418649435043
29,5,128,65,0.3316422402858734,0.2336566299200058
29,5,128,66,0.6729646325111389,0.23294532299041748
29,5,128,67,0.6688662171363831,0.1784188449382782
29,5,128,68,0.8087921738624573,0.17964030802249908
29,5,128,69,0.8068683743476868,0.19687899947166443
29,5,128,70,0.8175955414772034,0.13623639941215515
29,5,128,71,0.6818742156028748,0.08573529869318008
29,5,128,72,0.5311084985733032,0.11383208632469177
29,5,128,73,0.3986167907714844,0.23949924111366272
29,5,128,74,0.7379765510559082,0.26929783821105957
29,5,128,75,0.6514304876327515,0.09916440397500992
29,5,128,76,0.7029092907905579,0.07594774663448334
29,5,128,77,0.6150282621383667,0.06601054221391678
29,5,128,78,0.5503597855567932,0.15166518092155457
29,5,128,79,0.7183356881141663,0.1814887821674347
29,5,128,80,0.41685599088668823,0.0897364690899849
29,5,128,81,0.653842568397522,0.1435464322566986
29,5,128,82,0.8451262712478638,0.12326870113611221
29,5,128,83,0.46364742517471313,0.08546189218759537
29,5,128,84,0.7830044031143188,0.09692221134901047
29,5,128,85,0.6825430989265442,0.08790038526058197
29,5,128,86,0.7457887530326843,0.25129082798957825
29,5,128,87,0.703265368938446,0.2097102701663971
29,5,128,88,0.7590478658676147,0.24708110094070435
29,5,128,89,0.8092713356018066,0.1814882755279541
29,5,128,90,0.7153325080871582,0.21939726173877716
29,5,128,91,0.8295016288757324,0.1456449031829834
29,5,128,92,0.8430305123329163,0.0900348648428917
29,5,128,93,0.4907170534133911,0.19849850237369537
29,5,128,94,0.7712560892105103,0.07975789904594421
29,5,128,95,0.3666462302207947,0.22834239900112152
29,5,128,96,0.5987353324890137,0.11897642910480499
29,5,128,97,0.739805281162262,0.24941015243530273
29,5,128,98,0.5920887589454651,0.033281903713941574
29,5,128,99,0.3973556160926819,0.12324410676956177
29,5,128,100,0.7867936491966248,0.19758360087871552
29,5,128,101,0.7104275822639465,0.28668299317359924
29,5,128,102,0.8373222351074219,0.1225738376379013
29,5,128,103,0.701565146446228,0.1118583157658577
29,5,128,104,0.7646729946136475,0.2061239331960678
29,5,128,105,0.6374923586845398,0.17963123321533203
29,5,128,106,0.7527164816856384,0.17645277082920074
29,5,128,107,0.3074890971183777,0.2586086094379425
29,5,128,108,0.7508654594421387,0.25135594606399536
29,5,128,109,0.8118888139724731,0.15993204712867737
29,5,128,110,0.7124017477035522,0.26894351840019226
29,5,128,111,0.783393919467926,0.10689594596624374
29,5,128,112,0.5657739043235779,0.09805867820978165
29,5,128,113,0.43813183903694153,0.15392173826694489
29,5,128,114,0.8095591068267822,0.1543332040309906
29,5,128,115,0.6922677755355835,0.2765064835548401
29,5,128,116,0.6872594952583313,0.13192632794380188
29,5,128,117,0.7187677621841431,0.25496014952659607
29,5,128,118,0.5236865878105164,0.07236981391906738
29,5,128,119,0.7357321977615356,0.2403470277786255
29,5,128,120,0.813575804233551,0.10589975863695145
29,5,128,121,0.6917924284934998,0.13146211206912994
29,5,128,122,0.30694669485092163,0.25134995579719543
29,5,128,123,0.7998786568641663,0.18128618597984314
29,5,128,124,0.8156320452690125,0.1658656746149063
29,5,128,125,0.7229347229003906,0.29178401827812195
29,5,128,126,0.7383953332901001,0.25640520453453064
29,5,128,127,0.4668678641319275,0.1277192085981369
30,0,32,0,0.4536249339580536,0.08853286504745483
30,0,32,1,0.4443569481372833,0.1434396505355835
30,0,32,2,0.3626522421836853,0.08666794002056122
30,0,32,3,0.40610721707344055,0.13334421813488007
30,0,32,4,0.4541960060596466,0.1052497997879982
30,0,32,5,0.469422847032547,0.194825679063797
30,0,32,6,0.430097758769989,0.04288887232542038
30,0,32,7,0.49315935373306274,0.06579845398664474
30,0,32,8,0.45859137177467346,0.16110432147979736
30,0,32,9,0.5695816874504089,0.10116901248693466
30,0,32,10,0.620483934879303,0.11521249264478683
30,0,32,11,0.41878965497016907,0.09937756508588791
30,0,32,12,0.54229736328125,0.07583349943161011
30,0,32,13,0.47010162472724915,0.09391532093286514
30,0,32,14,0.47404900193214417,0.06410425901412964
30,0,32,15,0.40403449535369873,0.13185691833496094
30,0,32,16,0.509268045425415,0.16371135413646698
30,0,32,17,0.5576134324073792,0.030859557911753654
30,0,32,18,0.5489949584007263,0.13251043856143951
30,0,32,19,0.48098063468933105,0.06777332723140717
30,0,32,20,0.3658405840396881,0.1288304477930069
30,0,32,21,0.588741660118103,0.05578828975558281
30,0,32,22,0.437061607837677,0.16252459585666656
30,0,32,23,0.538375973701477,0.1263057142496109
30,0,32,24,0.390219122171402,0.13181540369987488
30,0,32,25,0.6588984727859497,0.06352318078279495
30,0,32,26,0.5394312143325806,0.10437201708555222
30,0,32,27,0.47901520133018494,0.10057034343481064
30,0,32,28,0.4784422814846039,0.09866548329591751
30,0,32,29,0.39907515048980713,0.09807883203029633
30,0,32,30,0.3463248610496521,0.11406730860471725
30,0,32,31,0.4559608995914459,0.08837706595659256
30,1,32,0,0.472713828086853,0.042876195162534714
30,1,32,1,0.5538597702980042,0.05452866107225418
30,1,32,2,0.47041991353034973,0.03402803838253021
30,1,32,3,0.563273549079895,0.03712897375226021
30,1,32,4,0.6636830568313599,0.06259286403656006
30,1,32,5,0.5186348557472229,0.06305277347564697
30,1,32,6,0.501017689704895,0.025844698771834373
30,1,32,7,0.45884498953819275,0.053558625280857086
30,1,32,8,0.434739887714386,0.0499277338385582
30,1,32,9,0.6351721286773682,0.026227975264191628
30,1,32,10,0.43798398971557617,0.028693679720163345
30,1,32,11,0.5760608911514282,0.03303534910082817
30,1,32,12,0.5389095544815063,0.05659342557191849
30,1,32,13,0.4880393147468567,0.07366398721933365
30,1,32,14,0.5461618304252625,0.07285485416650772
30,1,32,15,0.4703400731086731,0.029575586318969727
30,1,32,16,0.4810153543949127,0.046891286969184875
30,1,32,17,0.658148467540741,0.03001430071890354
30,1,32,18,0.5186383128166199,0.026388447731733322
30,1,32,19,0.6502341628074646,0.035104140639305115
30,1,32,20,0.42130735516548157,0.032698895782232285
30,1,32,21,0.5212369561195374,0.07635568082332611
30,1,32,22,0.4751265048980713,0.049039848148822784
30,1,32,23,0.6932411789894104,0.08373039215803146
30,1,32,24,0.5481371879577637,0.058107975870370865
30,1,32,25,0.6506441831588745,0.08385645598173141
30,1,32,26,0.6221926808357239,0.04893762990832329
30,1,32,27,0.47447699308395386,0.0765654668211937
30,1,32,28,0.4167613089084625,0.020982123911380768
30,1,32,29,0.4587244689464569,0.03123978152871132
30,1,32,30,0.6149477958679199,0.060419511049985886
30,1,32,31,0.5278221964836121,0.02295716293156147
30,2,64,0,0.5832391381263733,0.10022173076868057
30,2,64,1,0.4716823101043701,0.20681200921535492
30,2,64,2,0.42794159054756165,0.17411014437675476
30,2,64,3,0.5859040021896362,0.16051550209522247
30,2,64,4,0.47876736521720886,0.15584085881710052
30,2,64,5,0.3430384397506714,0.10458410531282425
30,2,64,6,0.5629883408546448,0.10279256850481033
30,2,64,7,0.5152337551116943,0.21138907968997955
30,2,64,8,0.4787731170654297,0.1647253930568695
30,2,64,9,0.5700740814208984,0.04263962805271149
30,2,64,10,0.36512231826782227,0.12052090466022491
30,2,64,11,0.6057340502738953,0.12783183157444
30,2,64,12,0.3634584844112396,0.14412330090999603
30,2,64,13,0.3770392835140228,0.06559143215417862
30,2,64,14,0.4954404830932617,0.11119452863931656
30,2,64,15,0.6614654660224915,0.1347774863243103
30,2,64,16,0.5735431909561157,0.08139199763536453
30,2,64,17,0.5320226550102234,0.11020445823669434
30,2,64,18,0.6050553321838379,0.15924566984176636
30,2,64,19,0.47800004482269287,0.1405923068523407
30,2,64,20,0.44644108414649963,0.1435772031545639
30,2,64,21,0.470491498708725,0.18933814764022827
30,2,64,22,0.5322598814964294,0.17290626466274261
30,2,64,23,0.6051802635192871,0.24028711020946503
30,2,64,24,0.3284773528575897,0.09067906439304352
30,2,64,25,0.5826880931854248,0.12670965492725372
30,2,64,26,0.47635018825531006,0.16817684471607208
30,2,64,27,0.5523506999015808,0.15270155668258667
30,2,64,28,0.42565134167671204,0.1395241618156433
30,2,64,29,0.5308443307876587,0.1635635793209076
30,2,64,30,0.6269582509994507,0.12280164659023285
30,2,64,31,0.3861604630947113,0.0732601210474968
30,2,64,32,0.5916187763214111,0.17591089010238647
30,2,64,33,0.591871976852417,0.16534431278705597
30,2,64,34,0.4105539619922638,0.06681853532791138
30,2,64,35,0.5711193084716797,0.15689942240715027
30,2,64,36,0.5477758049964905,0.1771606057882309
30,2,64,37,0.5690987706184387,0.0999971553683281
30,2,64,38,0.6054558753967285,0.06540237367153168
30,2,64,39,0.438864529132843,0.06248617172241211
30,2,64,40,0.49896761775016785,0.18951371312141418
30,2,64,41,0.41386809945106506,0.18409466743469238
30,2,64,42,0.5879330635070801,0.10791477560997009
30,2,64,43,0.38212254643440247,0.10003979504108429
30,2,64,44,0.49997469782829285,0.10447529703378677
30,2,64,45,0.6061230301856995,0.11419646441936493
30,2,64,46,0.4407642185688019,0.09626512229442596
30,2,64,47,0.48969587683677673,0.16174733638763428
30,2,64,48,0.47662553191185,0.19142892956733704
30,2,64,49,0.6126556992530823,0.09855593740940094
30,2,64,50,0.5754783153533936,0.16994576156139374
30,2,64,51,0.5644299983978271,0.10046783089637756
30,2,64,52,0.4482286870479584,0.08639904111623764
30,2,64,53,0.48090797662734985,0.07677263021469116
30,2,64,54,0.595183789730072,0.16349151730537415
30,2,64,55,0.44244733452796936,0.19322650134563446
30,2,64,56,0.6240077614784241,0.21243172883987427
30,2,64,57,0.503071665763855,0.18328100442886353
30,2,64,58,0.42437753081321716,0.0537857711315155
30,2,64,59,0.5097979307174683,0.05185706168413162
30,2,64,60,0.4585786759853363,0.1814269721508026
30,2,64,61,0.505549430847168,0.14542026817798615
30,2,64,62,0.40191808342933655,0.17280390858650208
30,2,64,63,0.6115913987159729,0.17445513606071472
30,3,64,0,0.46684905886650085,0.13877518475055695
30,3,64,1,0.5543323755264282,0.11477728933095932
30,3,64,2,0.5788405537605286,0.16008250415325165
30,3,64,3,0.5281741619110107,0.08302627503871918
30,3,64,4,0.409077912569046,0.04191169515252113
30,3,64,5,0.362613320350647,0.07345937937498093
30,3,64,6,0.4975435733795166,0.06016354635357857
30,3,64,7,0.49737048149108887,0.09497684240341187
30,3,64,8,0.6102463603019714,0.14141041040420532
30,3,64,9,0.5487235188484192,0.09327639639377594
30,3,64,10,0.572848379611969,0.09014484286308289
30,3,64,11,0.601137101650238,0.09334568679332733
30,3,64,12,0.35972803831100464,0.10827817767858505
30,3,64,13,0.5063400268554688,0.04745424538850784
30,3,64,14,0.5918509364128113,0.07133397459983826
30,3,64,15,0.49582430720329285,0.07268384844064713
30,3,64,16,0.5381322503089905,0.20091889798641205
30,3,64,17,0.5903021693229675,0.09587930142879486
30,3,64,18,0.5872567296028137,0.134092777967453
30,3,64,19,0.4647240936756134,0.07627870887517929
30,3,64,20,0.46990230679512024,0.09657792747020721
30,3,64,21,0.5539382100105286,0.1280730813741684
30,3,64,22,0.5134310722351074,0.08688583970069885
30,3,64,23,0.49476078152656555,0.17857754230499268
30,3,64,24,0.44847163558006287,0.15569229423999786
30,3,64,25,0.5496490597724915,0.18094702064990997
30,3,64,26,0.4486849308013916,0.06798537075519562
30,3,64,27,0.5359286069869995,0.13855206966400146
30,3,64,28,0.4181913733482361,0.12699170410633087
30,3,64,29,0.41994422674179077,0.04864121600985527
30,3,64,30,0.4318671226501465,0.09171900898218155
30,3,64,31,0.3665171265602112,0.09676142036914825
30,3,64,32,0.6053071022033691,0.08478722721338272
30,3,64,33,0.47224441170692444,0.1277381181716919
30,3,64,34,0.4689887762069702,0.09169090539216995
30,3,64,35,0.4475957751274109,0.08900340646505356
30,3,64,36,0.5038233995437622,0.1917770951986313
30,3,64,37,0.5376525521278381,0.17014698684215546
30,3,64,38,0.49751850962638855,0.09691984951496124
30,3,64,39,0.5310501456260681,0.1444922536611557
30,3,64,40,0.627610445022583,0.10348790884017944
30,3,64,41,0.5014904141426086,0.11810813844203949
30,3,64,42,0.4899922311306,0.15580469369888306
30,3,64,43,0.4330187737941742,0.13540562987327576
30,3,64,44,0.41515064239501953,0.13029974699020386
30,3,64,45,0.5760929584503174,0.0748150572180748
30,3,64,46,0.42848750948905945,0.14953060448169708
30,3,64,47,0.49764129519462585,0.18771331012248993
30,3,64,48,0.4598604142665863,0.1440887749195099
30,3,64,49,0.5652673244476318,0.10264918953180313
30,3,64,50,0.5616288185119629,0.14680974185466766
30,3,64,51,0.35861554741859436,0.0861857533454895
30,3,64,52,0.5539734363555908,0.11105804890394211
30,3,64,53,0.46940380334854126,0.1384667456150055
30,3,64,54,0.3710879981517792,0.07742388546466827
30,3,64,55,0.5866778492927551,0.13166552782058716
30,3,64,56,0.6694875955581665,0.11913558840751648
30,3,64,57,0.5054870247840881,0.15492595732212067
30,3,64,58,0.4915572702884674,0.07373841851949692
30,3,64,59,0.6845980286598206,0.0967664122581482
30,3,64,60,0.5116795301437378,0.17351633310317993
30,3,64,61,0.4114329516887665,0.0985044538974762
30,3,64,62,0.539052426815033,0.15535955131053925
30,3,64,63,0.4431668519973755,0.13035832345485687
30,4,128,0,0.5162194967269897,0.22746172547340393
30,4,128,1,0.5974168181419373,0.31921881437301636
30,4,128,2,0.5345696210861206,0.19303657114505768
30,4,128,3,0.564185380935669,0.15636079013347626
30,4,128,4,0.4225679337978363,0.1313069611787796
30,4,128,5,0.37182989716529846,0.3080165684223175
30,4,128,6,0.886855959892273,0.09301220625638962
30,4,128,7,0.7740575671195984,0.07981465756893158
30,4,128,8,0.4967602789402008,0.15703660249710083
30,4,128,9,0.5764707326889038,0.32240480184555054
30,4,128,10,0.6020864248275757,0.21532928943634033
30,4,128,11,0.4521584212779999,0.3273599445819855
30,4,128,12,0.5481858849525452,0.2550162672996521
30,4,128,13,0.5806018710136414,0.10306622087955475
30,4,128,14,0.6381494998931885,0.09395283460617065
30,4,128,15,0.5989535450935364,0.10937558114528656
30,4,128,16,0.4444303810596466,0.11185457557439804
30,4,128,17,0.6412815451622009,0.24206651747226715
30,4,128,18,0.7799669504165649,0.09617967903614044
30,4,128,19,0.7685180306434631,0.10540171712636948
30,4,128,20,0.7632524967193604,0.2927933931350708
30,4,128,21,0.553283154964447,0.19113637506961823
30,4,128,22,0.6894259452819824,0.09808865934610367
30,4,128,23,0.7407985329627991,0.1280815154314041
30,4,128,24,0.7111148834228516,0.22416014969348907
30,4,128,25,0.44608113169670105,0.1453559845685959
30,4,128,26,0.593793511390686,0.3600492477416992
30,4,128,27,0.6849514842033386,0.34890636801719666
30,4,128,28,0.7738828063011169,0.10774296522140503
30,4,128,29,0.6134020090103149,0.24332095682621002
30,4,128,30,0.6831465363502502,0.10932939499616623
30,4,128,31,0.5744507312774658,0.1337166279554367
30,4,128,32,0.7393993735313416,0.24184827506542206
30,4,128,33,0.60625159740448,0.09306642413139343
30,4,128,34,0.4438677132129669,0.31388992071151733
30,4,128,35,0.7972158193588257,0.10701364278793335
30,4,128,36,0.6547540426254272,0.15348315238952637
30,4,128,37,0.5164985656738281,0.2651181221008301
30,4,128,38,0.6044692993164062,0.05062171444296837
30,4,128,39,0.7644476294517517,0.14559659361839294
30,4,128,40,0.5285664796829224,0.2105122208595276
30,4,128,41,0.4176621735095978,0.14612483978271484
30,4,128,42,0.607742428779602,0.09321178495883942
30,4,128,43,0.7666724920272827,0.11837256699800491
30,4,128,44,0.6458893418312073,0.32992488145828247
30,4,128,45,0.7091689705848694,0.3512919247150421
30,4,128,46,0.3905673623085022,0.2809709310531616
30,4,128,47,0.7531394958496094,0.1296735256910324
30,4,128,48,0.7436797022819519,0.2480984777212143
30,4,128,49,0.5678131580352783,0.15765982866287231
30,4,128,50,0.634280264377594,0.24714869260787964
30,4,128,51,0.5649921894073486,0.09105345606803894
30,4,128,52,0.6772352457046509,0.12915949523448944
30,4,128,53,0.6131572127342224,0.15184663236141205
30,4,128,54,0.38857197761535645,0.3178824186325073
30,4,128,55,0.6536489129066467,0.2006763219833374
30,4,128,56,0.7355120182037354,0.1220376193523407
30,4,128,57,0.7797030210494995,0.10031785070896149
30,4,128,58,0.5541133284568787,0.20709246397018433
30,4,128,59,0.7409387230873108,0.10861429572105408
30,4,128,60,0.5026832818984985,0.07748744636774063
30,4,128,61,0.3815055787563324,0.2618781328201294
30,4,128,62,0.4330395758152008,0.2861808240413666
30,4,128,63,0.757346510887146,0.13924966752529144
30,4,128,64,0.39609888195991516,0.22886598110198975
30,4,128,65,0.7229570150375366,0.07643705606460571
30,4,128,66,0.580875813961029,0.2686042785644531
30,4,128,67,0.6124593615531921,0.30972975492477417
30,4,128,68,0.7093098759651184,0.23289798200130463
30,4,128,69,0.7672212719917297,0.07543358951807022
30,4,128,70,0.7710525989532471,0.10512111335992813
30,4,128,71,0.41536468267440796,0.06605331599712372
30,4,128,72,0.4028606712818146,0.24158984422683716
30,4,128,73,0.702450692653656,0.27558234333992004
30,4,128,74,0.7105128169059753,0.10168065875768661
30,4,128,75,0.4405559003353119,0.09696856141090393
30,4,128,76,0.6728535890579224,0.34189823269844055
30,4,128,77,0.3408842980861664,0.0870356634259224
30,4,128,78,0.37266772985458374,0.34815582633018494
30,4,128,79,0.672868013381958,0.20982564985752106
30,4,128,80,0.5782849788665771,0.20943963527679443
30,4,128,81,0.49240460991859436,0.18440161645412445
30,4,128,82,0.6748422980308533,0.17975068092346191
30,4,128,83,0.4145670235157013,0.09333422034978867
30,4,128,84,0.45690515637397766,0.15321967005729675
30,4,128,85,0.653427243232727,0.08054015040397644
30,4,128,86,0.5609700083732605,0.21168465912342072
30,4,128,87,0.6661059856414795,0.329685240983963
30,4,128,88,0.6819559931755066,0.10966982692480087
30,4,128,89,0.4336204528808594,0.2073764204978943
30,4,128,90,0.7195908427238464,0.11432358622550964
30,4,128,91,0.7550297975540161,0.15631823241710663
30,4,128,92,0.7026483416557312,0.17592574656009674
30,4,128,93,0.6145466566085815,0.12026536464691162
30,4,128,94,0.7080339193344116,0.3031521737575531
30,4,128,95,0.488263338804245,0.09005732834339142
30,4,128,96,0.7479287981987,0.17001783847808838
30,4,128,97,0.8026072382926941,0.10592357069253922
30,4,128,98,0.5110213756561279,0.3012737035751343
30,4,128,99,0.43903982639312744,0.22991622984409332
30,4,128,100,0.7667257785797119,0.10276352614164352
30,4,128,101,0.41136929392814636,0.30899015069007874
30,4,128,102,0.5353063344955444,0.20962458848953247
30,4,128,103,0.6954265236854553,0.1356230080127716
30,4,128,104,0.4078391492366791,0.11676215380430222
30,4,128,105,0.6577104330062866,0.3751802444458008
30,4,128,106,0.45625191926956177,0.24140825867652893
30,4,128,107,0.6399939656257629,0.1612812727689743
30,4,128,108,0.5132459998130798,0.1409282237291336
30,4,128,109,0.6885310411453247,0.30607959628105164
30,4,128,110,0.4945896565914154,0.24738584458827972
30,4,128,111,0.7002492547035217,0.277898907661438
30,4,128,112,0.3945625126361847,0.3228691816329956
30,4,128,113,0.5413523316383362,0.1655234396457672
30,4,128,114,0.6641072034835815,0.3018719255924225
30,4,128,115,0.7193983793258667,0.12947046756744385
30,4,128,116,0.3666752278804779,0.3308633863925934
30,4,128,117,0.41889655590057373,0.1164989247918129
30,4,128,118,0.5965980291366577,0.2773585021495819
30,4,128,119,0.4657200872898102,0.1758686751127243
30,4,128,120,0.5751712322235107,0.10697181522846222
30,4,128,121,0.6438137888908386,0.14411833882331848
30,4,128,122,0.735306978225708,0.08604788780212402
30,4,128,123,0.7470985651016235,0.0889376625418663
30,4,128,124,0.48976391553878784,0.18481960892677307
30,4,128,125,0.555709183216095,0.15891796350479126
30,4,128,126,0.6507207155227661,0.29143181443214417
30,4,128,127,0.5851394534111023,0.26052701473236084
30,5,128,0,0.7587049603462219,0.09049437195062637
30,5,128,1,0.8097048997879028,0.13489826023578644
30,5,128,2,0.8705851435661316,0.145895317196846
30,5,128,3,0.7533456683158875,0.13526761531829834
30,5,128,4,0.7574296593666077,0.22828839719295502
30,5,128,5,0.7279666066169739,0.23352237045764923
30,5,128,6,0.7429556846618652,0.27649980783462524
30,5,128,7,0.7556415796279907,0.17925500869750977
30,5,128,8,0.3294213116168976,0.20003287494182587
30,5,128,9,0.8219678997993469,0.15474848449230194
30,5,128,10,0.4794410467147827,0.09459909796714783
30,5,128,11,0.8549573421478271,0.13911013305187225
30,5,128,12,0.3293098211288452,0.2440318912267685
30,5,128,13,0.3393949866294861,0.1596219688653946
30,5,128,14,0.7603335380554199,0.09682253748178482
30,5,128,15,0.8325790762901306,0.07855561375617981
30,5,128,16,0.7837345004081726,0.1480354219675064
30,5,128,17,0.7904011607170105,0.17827871441841125
30,5,128,18,0.86171954870224,0.1169833391904831
30,5,128,19,0.7980246543884277,0.18082034587860107
30,5,128,20,0.8481578826904297,0.11265328526496887
30,5,128,21,0.49911877512931824,0.15359802544116974
30,5,128,22,0.5339932441711426,0.20497092604637146
30,5,128,23,0.70233553647995,0.1505732536315918
30,5,128,24,0.5143439173698425,0.07890864461660385
30,5,128,25,0.5989176630973816,0.11213785409927368
30,5,128,26,0.7581812143325806,0.21531444787979126
30,5,128,27,0.7897704839706421,0.2165595442056656
30,5,128,28,0.8270794749259949,0.12738355994224548
30,5,128,29,0.6889700889587402,0.12974824011325836
30,5,128,30,0.8472363948822021,0.13988381624221802
30,5,128,31,0.4810301661491394,0.14075753092765808
30,5,128,32,0.8668791651725769,0.09649228304624557
30,5,128,33,0.848360002040863,0.10439649224281311
30,5,128,34,0.8441912531852722,0.1497763991355896
30,5,128,35,0.7668143510818481,0.16116145253181458
30,5,128,36,0.7450369000434875,0.20442526042461395
30,5,128,37,0.8454515337944031,0.13647443056106567
30,5,128,38,0.6801713109016418,0.08267605304718018
30,5,128,39,0.8365874290466309,0.1441434621810913
30,5,128,40,0.7246237397193909,0.18434059619903564
30,5,128,41,0.7871376276016235,0.11722869426012039
30,5,128,42,0.6792763471603394,0.10776244848966599
30,5,128,43,0.6004860997200012,0.09663296490907669
30,5,128,44,0.7720147371292114,0.09760458022356033
30,5,128,45,0.36067065596580505,0.3065224587917328
30,5,128,46,0.7282898426055908,0.09329897910356522
30,5,128,47,0.8062323331832886,0.17335660755634308
30,5,128,48,0.8809763789176941,0.09968645870685577
30,5,128,49,0.5728601813316345,0.12782084941864014
30,5,128,50,0.36289894580841064,0.10504868626594543
30,5,128,51,0.3626822829246521,0.2581709623336792
30,5,128,52,0.778884768486023,0.2154512107372284
30,5,128,53,0.7055053114891052,0.1488545835018158
30,5,128,54,0.30525267124176025,0.22549879550933838
30,5,128,55,0.7468705177307129,0.1699380874633789
30,5,128,56,0.4078291654586792,0.2513366639614105
30,5,128,57,0.854988694190979,0.11003457754850388
30,5,128,58,0.7564255595207214,0.1939634531736374
30,5,128,59,0.7024816870689392,0.325958788394928
30,5,128,60,0.7170810699462891,0.056067876517772675
30,5,128,61,0.7920181155204773,0.13387607038021088
30,5,128,62,0.565450131893158,0.19933417439460754
30,5,128,63,0.8633587956428528,0.14417171478271484
30,5,128,64,0.4892965853214264,0.07984133809804916
30,5,128,65,0.8344349265098572,0.12341823428869247
30,5,128,66,0.8058493137359619,0.1524168848991394
30,5,128,67,0.8266897201538086,0.13524265587329865
30,5,128,68,0.42125871777534485,0.2279966175556183
30,5,128,69,0.7280104756355286,0.16231833398342133
30,5,128,70,0.7167284488677979,0.10015140473842621
30,5,128,71,0.7107987999916077,0.16305266320705414
30,5,128,72,0.41241148114204407,0.15760746598243713
30,5,128,73,0.8265388607978821,0.20843049883842468
30,5,128,74,0.3910151422023773,0.1836337000131607
30,5,128,75,0.8058862686157227,0.11897037923336029
30,5,128,76,0.7815952301025391,0.14521777629852295
30,5,128,77,0.31368762254714966,0.1889193058013916
30,5,128,78,0.3460817337036133,0.24842511117458344
30,5,128,79,0.7653262615203857,0.21242615580558777
30,5,128,80,0.7171158790588379,0.10283304750919342
30,5,128,81,0.7571823596954346,0.2510720491409302
30,5,128,82,0.7012996673583984,0.2894621193408966
30,5,128,83,0.5399329662322998,0.18409444391727448
30,5,128,84,0.5978933572769165,0.06443744152784348
30,5,128,85,0.7715375423431396,0.24508006870746613
30,5,128,86,0.8643244504928589,0.17346586287021637
30,5,128,87,0.8285517692565918,0.1935647577047348
30,5,128,88,0.8503528237342834,0.09258361905813217
30,5,128,89,0.4624849259853363,0.15985463559627533
30,5,128,90,0.8421300649642944,0.17959044873714447
30,5,128,91,0.8197866082191467,0.16018447279930115
30,5,128,92,0.775358259677887,0.09448342770338058
30,5,128,93,0.4955243170261383,0.19155417382717133
30,5,128,94,0.8029216527938843,0.18714293837547302
30,5,128,95,0.6977289319038391,0.10235566645860672
30,5,128,96,0.7358644008636475,0.257022500038147
30,5,128,97,0.8430035710334778,0.16417790949344635
30,5,128,98,0.8001741766929626,0.11295048147439957
30,5,128,99,0.42911821603775024,0.15031257271766663
30,5,128,100,0.7257784008979797,0.15125134587287903
30,5,128,101,0.47630012035369873,0.17687788605690002
30,5,128,102,0.5825236439704895,0.1299843043088913
30,5,128,103,0.6642919182777405,0.108528271317482
30,5,128,104,0.5376390814781189,0.10250001400709152
30,5,128,105,0.804497480392456,0.18185724318027496
30,5,128,106,0.6954289078712463,0.23158417642116547
30,5,128,107,0.788295567035675,0.22442059218883514
30,5,128,108,0.770214855670929,0.24622894823551178
30,5,128,109,0.8074103593826294,0.18863654136657715
30,5,128,110,0.7987945079803467,0.1606747806072235
30,5,128,111,0.7190239429473877,0.163748100399971
30,5,128,112,0.8310972452163696,0.21352869272232056
30,5,128,113,0.7729060053825378,0.21829158067703247
30,5,128,114,0.8649857640266418,0.1570892333984375
30,5,128,115,0.34846872091293335,0.30688777565956116
30,5,128,116,0.7929074168205261,0.15113209187984467
30,5,128,117,0.5353296995162964,0.16847503185272217
30,5,128,118,0.7832395434379578,0.18921290338039398
30,5,128,119,0.5334470272064209,0.13292330503463745
30,5,128,120,0.7682219743728638,0.1739615797996521
30,5,128,121,0.8657299280166626,0.11070419102907181
30,5,128,122,0.8411450982093811,0.07525964081287384
30,5,128,123,0.8379188179969788,0.12243039160966873
30,5,128,124,0.27811500430107117,0.217371866106987
30,5,128,125,0.6471923589706421,0.10395293682813644
30,5,128,126,0.7374870181083679,0.12139058113098145
30,5,128,127,0.7055317163467407,0.2433561235666275
31,0,32,0,0.48415863513946533,0.12174300849437714
31,0,32,1,0.4822629392147064,0.1465310901403427
31,0,32,2,0.4244748055934906,0.11364253610372543
31,0,32,3,0.6679839491844177,0.028922289609909058
31,0,32,4,0.4573543071746826,0.05792196840047836
31,0,32,5,0.49564024806022644,0.053421515971422195
31,0,32,6,0.49274301528930664,0.13305461406707764
31,0,32,7,0.609003484249115,0.07148763537406921
31,0,32,8,0.6489467024803162,0.07611023634672165
31,0,32,9,0.5922449827194214,0.09710394591093063
31,0,32,10,0.5067939758300781,0.09088065475225449
31,0,32,11,0.42169445753097534,0.0821475014090538
31,0,32,12,0.5916783213615417,0.023226091638207436
31,0,32,13,0.45102113485336304,0.13093529641628265
31,0,32,14,0.6133072376251221,0.12700486183166504
31,0,32,15,0.4841609001159668,0.09090881049633026
31,0,32,16,0.40323612093925476,0.09474621713161469
31,0,32,17,0.5683056712150574,0.08023566752672195
31,0,32,18,0.54942786693573,0.14877904951572418
31,0,32,19,0.43917927145957947,0.1173459067940712
31,0,32,20,0.5383245944976807,0.1281805783510208
31,0,32,21,0.4462253749370575,0.022021198645234108
31,0,32,22,0.4810747802257538,0.04034614562988281
31,0,32,23,0.44845879077911377,0.14358004927635193
31,0,32,24,0.3949793577194214,0.15426787734031677
31,0,32,25,0.5473275184631348,0.08114948123693466
31,0,32,26,0.44895005226135254,0.1303689032793045
31,0,32,27,0.4798510670661926,0.08937592059373856
31,0,32,28,0.6037038564682007,0.014921775087714195
31,0,32,29,0.45486193895339966,0.07338465005159378
31,0,32,30,0.5593574643135071,0.0913628414273262
31,0,32,31,0.5393218994140625,0.09717930853366852
31,1,32,0,0.4279811680316925,0.13913258910179138
31,1,32,1,0.42469221353530884,0.1434834748506546
31,1,32,2,0.5980098247528076,0.08435140550136566
31,1,32,3,0.48243966698646545,0.17441776394844055
31,1,32,4,0.6128313541412354,0.13466757535934448
31,1,32,5,0.4186886250972748,0.1163192018866539
31,1,32,6,0.6476036310195923,0.10674049705266953
31,1,32,7,0.398534893989563,0.0698513612151146
31,1,32,8,0.6674448847770691,0.11162541061639786
31,1,32,9,0.5533707141876221,0.03714311867952347
31,1,32,10,0.520219087600708,0.12354511022567749
31,1,32,11,0.5299260020256042,0.11973261088132858
31,1,32,12,0.519532322883606,0.057811491191387177
31,1,32,13,0.4969005882740021,0.11548499763011932
31,1,32,14,0.6638630628585815,0.11325514316558838
31,1,32,15,0.3717249035835266,0.12493550032377243
31,1,32,16,0.5989606380462646,0.051729459315538406
31,1,32,17,0.4229702651500702,0.062207505106925964
31,1,32,18,0.28724053502082825,0.06467487663030624
31,1,32,19,0.4867453873157501,0.06915270537137985
31,1,32,20,0.6462967395782471,0.07978937774896622
31,1,32,21,0.5092110633850098,0.07470978796482086
31,1,32,22,0.4551067054271698,0.10041230171918869
31,1,32,23,0.7138872146606445,0.11976299434900284
31,1,32,24,0.5128489136695862,0.1058833971619606
31,1,32,25,0.4542374014854431,0.10307011753320694
31,1,32,26,0.6797117590904236,0.07022881507873535
31,1,32,27,0.45140165090560913,0.05454155430197716
31,1,32,28,0.6107033491134644,0.09270454198122025
31,1,32,29,0.5907397270202637,0.07222490012645721
31,1,32,30,0.5044221878051758,0.050388459116220474
31,1,32,31,0.3699915409088135,0.12262887507677078
31,2,64,0,0.46342676877975464,0.10467463731765747
31,2,64,1,0.5215194225311279,0.13511942327022552
31,2,64,2,0.6176943778991699,0.08808691054582596
31,2,64,3,0.3123321831226349,0.13762156665325165
31,2,64,4,0.5678874254226685,0.11932933330535889
31,2,64,5,0.4636904299259186,0.17189209163188934
31,2,64,6,0.5456911325454712,0.09359046816825867
31,2,64,7,0.32046449184417725,0.13997168838977814
31,2,64,8,0.6572673320770264,0.11157768219709396
31,2,64,9,0.549467921257019,0.10054147243499756
31,2,64,10,0.526463508605957,0.07063199579715729
31,2,64,11,0.3737737536430359,0.09507245570421219
31,2,64,12,0.5613586902618408,0.1572444587945938
31,2,64,13,0.3990371525287628,0.24157293140888214
31,2,64,14,0.5371140241622925,0.13007903099060059
31,2,64,15,0.5785371661186218,0.1639852672815323
31,2,64,16,0.610737681388855,0.10178077220916748
31,2,64,17,0.43192893266677856,0.11461679637432098
31,2,64,18,0.3889343738555908,0.059405069798231125
31,2,64,19,0.6440487504005432,0.1395416110754013
31,2,64,20,0.4692460000514984,0.14457853138446808
31,2,64,21,0.5326734781265259,0.13266952335834503
31,2,64,22,0.32126063108444214,0.12992945313453674
31,2,64,23,0.6003010272979736,0.09605614095926285
31,2,64,24,0.4065017104148865,0.0937110036611557
31,2,64,25,0.7051425576210022,0.08346366137266159
31,2,64,26,0.6236131191253662,0.1837349236011505
31,2,64,27,0.4533645510673523,0.13075603544712067
31,2,64,28,0.4789285659790039,0.16704124212265015
31,2,64,29,0.4437384605407715,0.12790830433368683
31,2,64,30,0.6143707633018494,0.09951907396316528
31,2,64,31,0.4992338716983795,0.08732202649116516
31,2,64,32,0.5661032795906067,0.174393430352211
31,2,64,33,0.4921048879623413,0.17312560975551605
31,2,64,34,0.5281201601028442,0.07923028618097305
31,2,64,35,0.3904176950454712,0.16235889494419098
31,2,64,36,0.5433934926986694,0.06631039828062057
31,2,64,37,0.4874243438243866,0.17977496981620789
31,2,64,38,0.6671769022941589,0.18813392519950867
31,2,64,39,0.40580302476882935,0.1540028601884842
31,2,64,40,0.432184636592865,0.18821454048156738
31,2,64,41,0.39270511269569397,0.1177777647972107
31,2,64,42,0.5504613518714905,0.14394395053386688
31,2,64,43,0.41721564531326294,0.2141571342945099
31,2,64,44,0.47818127274513245,0.1761513650417328
31,2,64,45,0.3540084660053253,0.10426104068756104
31,2,64,46,0.4613933265209198,0.1310441792011261
31,2,64,47,0.5565271973609924,0.06209149584174156
31,2,64,48,0.3384459912776947,0.2043217122554779
31,2,64,49,0.6638467907905579,0.10920499265193939
31,2,64,50,0.4481985867023468,0.10389366000890732
31,2,64,51,0.47673162817955017,0.09553546458482742
31,2,64,52,0.6260479092597961,0.08961396664381027
31,2,64,53,0.4960806667804718,0.1270996630191803
31,2,64,54,0.6917706727981567,0.1144227460026741
31,2,64,55,0.43946564197540283,0.15029223263263702
31,2,64,56,0.6017168760299683,0.06684022396802902
31,2,64,57,0.46597450971603394,0.10478238761425018
31,2,64,58,0.5156833529472351,0.13483300805091858
31,2,64,59,0.6125528812408447,0.08039221167564392
31,2,64,60,0.5167993903160095,0.09823380410671234
31,2,64,61,0.4875293970108032,0.12399102002382278
31,2,64,62,0.6385039687156677,0.06562625616788864
31,2,64,63,0.5156635046005249,0.12608933448791504
31,3,64,0,0.38326534628868103,0.09171325713396072
31,3,64,1,0.705854594707489,0.11525584757328033
31,3,64,2,0.466216117143631,0.11156753450632095
31,3,64,3,0.47409218549728394,0.1225077360868454
31,3,64,4,0.5679386258125305,0.22322876751422882
31,3,64,5,0.43861308693885803,0.16674011945724487
31,3,64,6,0.600853681564331,0.12172023952007294
31,3,64,7,0.4365876615047455,0.08404907584190369
31,3,64,8,0.4981851577758789,0.1656201183795929
31,3,64,9,0.586679995059967,0.19125252962112427
31,3,64,10,0.44241851568222046,0.1270286589860916
31,3,64,11,0.5522658824920654,0.17697018384933472
31,3,64,12,0.3898940980434418,0.056524526327848434
31,3,64,13,0.5833689570426941,0.25449368357658386
31,3,64,14,0.5492299795150757,0.09698866307735443
31,3,64,15,0.4805130064487457,0.06110703945159912
31,3,64,16,0.41286611557006836,0.19665607810020447
31,3,64,17,0.543014645576477,0.2409910261631012
31,3,64,18,0.5046846270561218,0.11509063839912415
31,3,64,19,0.3913062810897827,0.05245921388268471
31,3,64,20,0.64523845911026,0.10239749401807785
31,3,64,21,0.4928298890590668,0.22199475765228271
31,3,64,22,0.585105299949646,0.0526622049510479
31,3,64,23,0.531095027923584,0.10297761112451553
31,3,64,24,0.3586715757846832,0.1111128032207489
31,3,64,25,0.6637697815895081,0.11407338827848434
31,3,64,26,0.3725617229938507,0.06934007257223129
31,3,64,27,0.5460665822029114,0.13545528054237366
31,3,64,28,0.41838449239730835,0.11452067643404007
31,3,64,29,0.4504716694355011,0.051147304475307465
31,3,64,30,0.42221400141716003,0.2290419489145279
31,3,64,31,0.6243329048156738,0.12431158125400543
31,3,64,32,0.48337653279304504,0.11802338063716888
31,3,64,33,0.5491532683372498,0.15319600701332092
31,3,64,34,0.5938129425048828,0.10981710255146027
31,3,64,35,0.5261358618736267,0.10299793630838394
31,3,64,36,0.516271710395813,0.2314489185810089
31,3,64,37,0.3582124412059784,0.15044327080249786
31,3,64,38,0.4981817603111267,0.1247648075222969
31,3,64,39,0.4264652729034424,0.12818719446659088
31,3,64,40,0.4855026304721832,0.16058635711669922
31,3,64,41,0.3914943039417267,0.16387613117694855
31,3,64,42,0.6658969521522522,0.11987858265638351
31,3,64,43,0.594865083694458,0.08424598723649979
31,3,64,44,0.5111069679260254,0.16702665388584137
31,3,64,45,0.7488744854927063,0.12044220417737961
31,3,64,46,0.521553635597229,0.11026784777641296
31,3,64,47,0.34841635823249817,0.16796182096004486
31,3,64,48,0.6516872048377991,0.09802533686161041
31,3,64,49,0.5128655433654785,0.2006712555885315
31,3,64,50,0.5811026096343994,0.1839303821325302
31,3,64,51,0.5480965971946716,0.20416750013828278
31,3,64,52,0.5264254808425903,0.18785926699638367
31,3,64,53,0.443768173456192,0.1325763314962387
31,3,64,54,0.4727618396282196,0.16005101799964905
31,3,64,55,0.6144665479660034,0.21668051183223724
31,3,64,56,0.4774334132671356,0.2439764440059662
31,3,64,57,0.4627476930618286,0.04536774009466171
31,3,64,58,0.425303190946579,0.16903145611286163
31,3,64,59,0.6592377424240112,0.1637660264968872
31,3,64,60,0.5133511424064636,0.052238915115594864
31,3,64,61,0.4896494150161743,0.17860879004001617
31,3,64,62,0.574195384979248,0.1900794953107834
31,3,64,63,0.3357568085193634,0.05916246026754379
31,4,128,0,0.3136165142059326,0.18184244632720947
31,4,128,1,0.5201479196548462,0.14516852796077728
31,4,128,2,0.6946625113487244,0.13304392993450165
31,4,128,3,0.8005707859992981,0.10933037847280502
31,4,128,4,0.4643435478210449,0.10650824755430222
31,4,128,5,0.6292584538459778,0.21504700183868408
31,4,128,6,0.3545643091201782,0.13333022594451904
31,4,128,7,0.39521926641464233,0.24887119233608246
31,4,128,8,0.42134642601013184,0.3543846011161804
31,4,128,9,0.6134946942329407,0.3640252351760864
31,4,128,10,0.3361544907093048,0.22568923234939575
31,4,128,11,0.35179662704467773,0.2825964689254761
31,4,128,12,0.7091626524925232,0.10824652016162872
31,4,128,13,0.6835253238677979,0.10311909765005112
31,4,128,14,0.41633132100105286,0.3433215916156769
31,4,128,15,0.39150866866111755,0.3118031322956085
31,4,128,16,0.7757651805877686,0.09865568578243256
31,4,128,17,0.5737477540969849,0.2992408275604248
31,4,128,18,0.3699554204940796,0.26222318410873413
31,4,128,19,0.4198353588581085,0.1895570009946823
31,4,128,20,0.6939067840576172,0.14033973217010498
31,4,128,21,0.655756413936615,0.26878559589385986
31,4,128,22,0.43376630544662476,0.1622803509235382
31,4,128,23,0.5845562219619751,0.3569253981113434
31,4,128,24,0.20747129619121552,0.10516460984945297
31,4,128,25,0.43766751885414124,0.1665220558643341
31,4,128,26,0.6358491778373718,0.17572538554668427
31,4,128,27,0.3653564453125,0.28079578280448914
31,4,128,28,0.7374448776245117,0.14577053487300873
31,4,128,29,0.3935364782810211,0.1771186888217926
31,4,128,30,0.6150995492935181,0.31853312253952026
31,4,128,31,0.7233864068984985,0.15186108648777008
31,4,128,32,0.6700263619422913,0.21495789289474487
31,4,128,33,0.6059765815734863,0.35120871663093567
31,4,128,34,0.7743387222290039,0.1537230908870697
31,4,128,35,0.4346904158592224,0.2853676676750183
31,4,128,36,0.7317996621131897,0.10782480984926224
31,4,128,37,0.6320874691009521,0.3088489770889282
31,4,128,38,0.5915394425392151,0.208954855799675
31,4,128,39,0.4536196291446686,0.2937568724155426
31,4,128,40,0.6743053197860718,0.13988655805587769
31,4,128,41,0.641998291015625,0.30358293652534485
31,4,128,42,0.5432458519935608,0.14597216248512268
31,4,128,43,0.5433909893035889,0.05616070702672005
31,4,128,44,0.4695996940135956,0.3327222168445587
31,4,128,45,0.674881637096405,0.08976734429597855
31,4,128,46,0.40719854831695557,0.34922289848327637
31,4,128,47,0.49235281348228455,0.1977747082710266
31,4,128,48,0.36380231380462646,0.256364643573761
31,4,128,49,0.24791277945041656,0.1259993612766266
31,4,128,50,0.4602077305316925,0.19469383358955383
31,4,128,51,0.6629254817962646,0.28828534483909607
31,4,128,52,0.7769862413406372,0.13746897876262665
31,4,128,53,0.6724982261657715,0.22925437986850739
31,4,128,54,0.574029803276062,0.3450876474380493
31,4,128,55,0.5923116207122803,0.3454599678516388
31,4,128,56,0.5524648427963257,0.2640625834465027
31,4,128,57,0.6258528232574463,0.25869959592819214
31,4,128,58,0.5946542024612427,0.2972020208835602
31,4,128,59,0.3203212022781372,0.23144052922725677
31,4,128,60,0.6014336347579956,0.1462838053703308
31,4,128,61,0.5780542492866516,0.10773567855358124
31,4,128,62,0.6762319803237915,0.24819813668727875
31,4,128,63,0.43740203976631165,0.33930525183677673
31,4,128,64,0.6947691440582275,0.13088946044445038
31,4,128,65,0.6131038069725037,0.3222302496433258
31,4,128,66,0.7380501627922058,0.11496011167764664
31,4,128,67,0.7103721499443054,0.14209336042404175
31,4,128,68,0.441207617521286,0.3410685658454895
31,4,128,69,0.7300451397895813,0.08406953513622284
31,4,128,70,0.5463675260543823,0.11747965216636658
31,4,128,71,0.6300716996192932,0.1749066263437271
31,4,128,72,0.4183180034160614,0.08484315127134323
31,4,128,73,0.6377816200256348,0.21664747595787048
31,4,128,74,0.6083918213844299,0.31471431255340576
31,4,128,75,0.4974094331264496,0.13711905479431152
31,4,128,76,0.350207656621933,0.3281361758708954
31,4,128,77,0.630899965763092,0.29449382424354553
31,4,128,78,0.6591007709503174,0.31330162286758423
31,4,128,79,0.41571229696273804,0.3558470606803894
31,4,128,80,0.41412368416786194,0.35657861828804016
31,4,128,81,0.43678513169288635,0.10392598807811737
31,4,128,82,0.4713991582393646,0.25608786940574646
31,4,128,83,0.6439012289047241,0.31581589579582214
31,4,128,84,0.6650799512863159,0.17850273847579956
31,4,128,85,0.6076644659042358,0.36558181047439575
31,4,128,86,0.38924938440322876,0.18158729374408722
31,4,128,87,0.6276991963386536,0.2036641538143158
31,4,128,88,0.709993302822113,0.2087949812412262
31,4,128,89,0.7616329789161682,0.21494799852371216
31,4,128,90,0.5387538075447083,0.11708885431289673
31,4,128,91,0.6554461717605591,0.28586068749427795
31,4,128,92,0.44270750880241394,0.3403857350349426
31,4,128,93,0.673630952835083,0.2761674225330353
31,4,128,94,0.6560270190238953,0.14136362075805664
31,4,128,95,0.3224097490310669,0.14279532432556152
31,4,128,96,0.622219979763031,0.2712527811527252
31,4,128,97,0.7553811073303223,0.09643493592739105
31,4,128,98,0.7014001607894897,0.1815890222787857
31,4,128,99,0.6455376744270325,0.13345596194267273
31,4,128,100,0.25666511058807373,0.0949518084526062
31,4,128,101,0.6484959721565247,0.23094867169857025
31,4,128,102,0.661452054977417,0.30460256338119507
31,4,128,103,0.3998521864414215,0.21033738553524017
31,4,128,104,0.44246116280555725,0.2617224156856537
31,4,128,105,0.774048388004303,0.08632271736860275
31,4,128,106,0.6000539064407349,0.3103514015674591
31,4,128,107,0.8389005064964294,0.10412708669900894
31,4,128,108,0.5281777381896973,0.09569709002971649
31,4,128,109,0.7462080717086792,0.09486585110425949
31,4,128,110,0.7298725843429565,0.09342894703149796
31,4,128,111,0.7751326560974121,0.11267402768135071
31,4,128,112,0.5764986872673035,0.2983274757862091
31,4,128,113,0.39617159962654114,0.33752283453941345
31,4,128,114,0.6492956280708313,0.08281195163726807
31,4,128,115,0.5007886290550232,0.17139926552772522
31,4,128,116,0.2755291759967804,0.14822787046432495
31,4,128,117,0.6256842017173767,0.16313400864601135
31,4,128,118,0.664535641670227,0.130041241645813
31,4,128,119,0.5825798511505127,0.0694025456905365
31,4,128,120,0.43564385175704956,0.21528251469135284
31,4,128,121,0.25722286105155945,0.12513014674186707
31,4,128,122,0.6367782950401306,0.22428371012210846
31,4,128,123,0.6046932339668274,0.19686366617679596
31,4,128,124,0.4478822648525238,0.1493123173713684
31,4,128,125,0.6224254369735718,0.14407944679260254
31,4,128,126,0.6824209690093994,0.26357603073120117
31,4,128,127,0.5887877345085144,0.2336060255765915
31,5,128,0,0.45444872975349426,0.26962247490882874
31,5,128,1,0.3707146644592285,0.2292826771736145
31,5,128,2,0.5470766425132751,0.1512867957353592
31,5,128,3,0.8315205574035645,0.10864569246768951
31,5,128,4,0.8436333537101746,0.11112286895513535
31,5,128,5,0.6467961668968201,0.2826216220855713
31,5,128,6,0.40628886222839355,0.3453507721424103
31,5,128,7,0.5777730941772461,0.19773820042610168
31,5,128,8,0.7154945135116577,0.12986835837364197
31,5,128,9,0.8688007593154907,0.07373649626970291
31,5,128,10,0.7022034525871277,0.08577927201986313
31,5,128,11,0.8272590041160583,0.08265376836061478
31,5,128,12,0.8587368726730347,0.07965411990880966
31,5,128,13,0.799114465713501,0.1402086317539215
31,5,128,14,0.68891441822052,0.13549892604351044
31,5,128,15,0.8864686489105225,0.0649195984005928
31,5,128,16,0.7833929061889648,0.08003105968236923
31,5,128,17,0.7498160600662231,0.17300677299499512
31,5,128,18,0.7032984495162964,0.12080101668834686
31,5,128,19,0.6310102939605713,0.14384841918945312
31,5,128,20,0.49037936329841614,0.11027319729328156
31,5,128,21,0.8120922446250916,0.099497951567173
31,5,128,22,0.6974608302116394,0.11690033972263336
31,5,128,23,0.6127553582191467,0.2403639256954193
31,5,128,24,0.5834646224975586,0.08193741738796234
31,5,128,25,0.4935612082481384,0.2067224383354187
31,5,128,26,0.5567058324813843,0.2109210342168808
31,5,128,27,0.7114487290382385,0.20543555915355682
31,5,128,28,0.7437982559204102,0.1480378806591034
31,5,128,29,0.5015316009521484,0.24248065054416656
31,5,128,30,0.6871911883354187,0.11193661391735077
31,5,128,31,0.8045482039451599,0.1460622102022171
31,5,128,32,0.751244843006134,0.1243872418999672
31,5,128,33,0.8873245716094971,0.06912270188331604
31,5,128,34,0.8377392292022705,0.09422020614147186
31,5,128,35,0.7180072665214539,0.16359606385231018
31,5,128,36,0.7799955010414124,0.19661812484264374
31,5,128,37,0.6482188105583191,0.1680600941181183
31,5,128,38,0.7831735610961914,0.14650967717170715
31,5,128,39,0.5866692066192627,0.07305792719125748
31,5,128,40,0.6377689838409424,0.08038868755102158
31,5,128,41,0.45672231912612915,0.2592792809009552
31,5,128,42,0.6794853210449219,0.23414307832717896
31,5,128,43,0.8110327124595642,0.14487341046333313
31,5,128,44,0.8183268308639526,0.11898531019687653
31,5,128,45,0.581605851650238,0.08165179193019867
31,5,128,46,0.6806513667106628,0.10565398633480072
31,5,128,47,0.6093853116035461,0.2464928776025772
31,5,128,48,0.6980845332145691,0.11193405836820602
31,5,128,49,0.6223909258842468,0.26783356070518494
31,5,128,50,0.6010810136795044,0.08042062819004059
31,5,128,51,0.5925013422966003,0.09739544987678528
31,5,128,52,0.6054754853248596,0.199534073472023
31,5,128,53,0.8551383018493652,0.08136586844921112
31,5,128,54,0.6800016164779663,0.17331208288669586
31,5,128,55,0.7877609729766846,0.12085893750190735
31,5,128,56,0.8498971462249756,0.08166053146123886
31,5,128,57,0.7919611930847168,0.13639435172080994
31,5,128,58,0.8425811529159546,0.07137243449687958
31,5,128,59,0.5453526377677917,0.22647720575332642
31,5,128,60,0.8821617364883423,0.07549923658370972
31,5,128,61,0.696915864944458,0.12988999485969543
31,5,128,62,0.6594026684761047,0.1379331797361374
31,5,128,63,0.7006934881210327,0.08158854395151138
31,5,128,64,0.7326862215995789,0.19979706406593323
31,5,128,65,0.5375809669494629,0.24637900292873383
31,5,128,66,0.8268397450447083,0.09246764332056046
31,5,128,67,0.6813521981239319,0.1306343823671341
31,5,128,68,0.8597728610038757,0.0704006627202034
31,5,128,69,0.49657827615737915,0.15501287579536438
31,5,128,70,0.43552345037460327,0.10839366167783737
31,5,128,71,0.7398961782455444,0.12696537375450134
31,5,128,72,0.6908553242683411,0.17105458676815033
31,5,128,73,0.6856562495231628,0.22847838699817657
31,5,128,74,0.8471837639808655,0.09334909915924072
31,5,128,75,0.7568480968475342,0.09746124595403671
31,5,128,76,0.8393210768699646,0.08007057011127472
31,5,128,77,0.8559818863868713,0.08224353194236755
31,5,128,78,0.8297669887542725,0.1462959349155426
31,5,128,79,0.5986725687980652,0.18790419399738312
31,5,128,80,0.38734686374664307,0.3173922002315521
31,5,128,81,0.7110381722450256,0.2293602079153061
31,5,128,82,0.745888352394104,0.127470925450325
31,5,128,83,0.4914981424808502,0.2995516359806061
31,5,128,84,0.7181084156036377,0.14349550008773804
31,5,128,85,0.8641389608383179,0.11705053597688675
31,5,128,86,0.5913558602333069,0.14735278487205505
31,5,128,87,0.7989240884780884,0.08109357208013535
31,5,128,88,0.560177743434906,0.05484797805547714
31,5,128,89,0.7935469150543213,0.20670603215694427
31,5,128,90,0.481321781873703,0.0759568139910698
31,5,128,91,0.6839129328727722,0.0846921056509018
31,5,128,92,0.44691935181617737,0.3164196312427521
31,5,128,93,0.627325713634491,0.2526979148387909
31,5,128,94,0.4456816017627716,0.244468092918396
31,5,128,95,0.4653216004371643,0.25483468174934387
31,5,128,96,0.595582902431488,0.20650902390480042
31,5,128,97,0.6032470464706421,0.13699910044670105
31,5,128,98,0.6815417408943176,0.1486368328332901
31,5,128,99,0.7703208327293396,0.1655271351337433
31,5,128,100,0.40850910544395447,0.13990776240825653
31,5,128,101,0.45733022689819336,0.183289036154747
31,5,128,102,0.7033746838569641,0.08128643035888672
31,5,128,103,0.4446600079536438,0.2849772870540619
31,5,128,104,0.851174533367157,0.09169229865074158
31,5,128,105,0.8454396724700928,0.09173349291086197
31,5,128,106,0.589610755443573,0.27035006880760193
31,5,128,107,0.8539736270904541,0.08530765026807785
31,5,128,108,0.6671534776687622,0.28270310163497925
31,5,128,109,0.5346300601959229,0.18218731880187988
31,5,128,110,0.7357168197631836,0.1170637235045433
31,5,128,111,0.3978932201862335,0.2963922321796417
31,5,128,112,0.7140705585479736,0.21614328026771545
31,5,128,113,0.7699338793754578,0.09711017459630966
31,5,128,114,0.7868083715438843,0.14663834869861603
31,5,128,115,0.7426255941390991,0.14792808890342712
31,5,128,116,0.7248747944831848,0.11860739439725876
31,5,128,117,0.785822331905365,0.15754570066928864
31,5,128,118,0.7856829166412354,0.13321848213672638
31,5,128,119,0.781263530254364,0.1489102989435196
31,5,128,120,0.6108009219169617,0.15363557636737823
31,5,128,121,0.5882648229598999,0.1759214997291565
31,5,128,122,0.6415352821350098,0.30693891644477844
31,5,128,123,0.7483611702919006,0.13164708018302917
31,5,128,124,0.38795140385627747,0.13589364290237427
31,5,128,125,0.7531676292419434,0.13861024379730225
31,5,128,126,0.7590064406394958,0.1665858030319214
31,5,128,127,0.7482056021690369,0.18030434846878052
32,0,32,0,0.5262119174003601,0.1413906365633011
32,0,32,1,0.5285892486572266,0.12858128547668457
32,0,32,2,0.3915053904056549,0.05435778200626373
32,0,32,3,0.6721252799034119,0.03857487440109253
32,0,32,4,0.4299774169921875,0.10146544128656387
32,0,32,5,0.5069462060928345,0.07272078841924667
32,0,32,6,0.5184561610221863,0.052824582904577255
32,0,32,7,0.6083101630210876,0.05442194268107414
32,0,32,8,0.6987098455429077,0.04959733039140701
32,0,32,9,0.6457279920578003,0.12795069813728333
32,0,32,10,0.5371836423873901,0.053871627897024155
32,0,32,11,0.4459364116191864,0.08182343095541
32,0,32,12,0.6155903339385986,0.0698172003030777
32,0,32,13,0.4313609302043915,0.07732584327459335
32,0,32,14,0.6026042103767395,0.1365927755832672
32,0,32,15,0.5265754461288452,0.10195465385913849
32,0,32,16,0.3934517502784729,0.05096704140305519
32,0,32,17,0.5155450105667114,0.10141780227422714
32,0,32,18,0.5530292987823486,0.11810584366321564
32,0,32,19,0.43631911277770996,0.045623261481523514
32,0,32,20,0.5653247237205505,0.14175650477409363
32,0,32,21,0.4000144898891449,0.06614405661821365
32,0,32,22,0.44194772839546204,0.047816503793001175
32,0,32,23,0.5136921405792236,0.11797172576189041
32,0,32,24,0.37571290135383606,0.07495549321174622
32,0,32,25,0.5628905892372131,0.09940993785858154
32,0,32,26,0.4308246672153473,0.09495138376951218
32,0,32,27,0.39590150117874146,0.07432953268289566
32,0,32,28,0.6140490174293518,0.023352444171905518
32,0,32,29,0.4386381506919861,0.07722453027963638
32,0,32,30,0.5616312026977539,0.06383859366178513
32,0,32,31,0.503794252872467,0.05685704946517944
32,1,32,0,0.49432212114334106,0.1104423776268959
32,1,32,1,0.4477730393409729,0.11375219374895096
32,1,32,2,0.5491053462028503,0.05345137044787407
32,1,32,3,0.43197017908096313,0.09122958034276962
32,1,32,4,0.5021176338195801,0.10381639003753662
32,1,32,5,0.40548571944236755,0.04836222156882286
32,1,32,6,0.5908742547035217,0.055895593017339706
32,1,32,7,0.44220414757728577,0.07038397341966629
32,1,32,8,0.6098359823226929,0.08843586593866348
32,1,32,9,0.513146162033081,0.08505523949861526
32,1,32,10,0.4593990743160248,0.06385794281959534
32,1,32,11,0.5609919428825378,0.08678863942623138
32,1,32,12,0.5508910417556763,0.051199860870838165
32,1,32,13,0.4869144558906555,0.10571625083684921
32,1,32,14,0.5833456516265869,0.09011190384626389
32,1,32,15,0.4414577782154083,0.10998830199241638
32,1,32,16,0.5704638361930847,0.0595821887254715
32,1,32,17,0.4168642461299896,0.049022287130355835
32,1,32,18,0.3658139109611511,0.08351410925388336
32,1,32,19,0.4953186511993408,0.07951480895280838
32,1,32,20,0.6104105114936829,0.04405400902032852
32,1,32,21,0.5171447992324829,0.045072175562381744
32,1,32,22,0.4792211353778839,0.06873386353254318
32,1,32,23,0.6251176595687866,0.1259084790945053
32,1,32,24,0.4459127187728882,0.0477745346724987
32,1,32,25,0.3974786400794983,0.044078804552555084
32,1,32,26,0.621479332447052,0.061338793486356735
32,1,32,27,0.42336565256118774,0.05494260415434837
32,1,32,28,0.5537309646606445,0.07625672966241837
32,1,32,29,0.5742904543876648,0.044051047414541245
32,1,32,30,0.4799362123012543,0.042310960590839386
32,1,32,31,0.4051685929298401,0.05570979416370392
32,2,64,0,0.521563708782196,0.04431641474366188
32,2,64,1,0.5027711391448975,0.1221713200211525
32,2,64,2,0.5638276934623718,0.06292524188756943
32,2,64,3,0.4158095121383667,0.12770414352416992
32,2,64,4,0.5137606263160706,0.18600444495677948
32,2,64,5,0.4874543249607086,0.11298323422670364
32,2,64,6,0.5522618293762207,0.09935829043388367
32,2,64,7,0.313093900680542,0.08007580041885376
32,2,64,8,0.5895888209342957,0.18245309591293335
32,2,64,9,0.5440429449081421,0.16337281465530396
32,2,64,10,0.5181702375411987,0.16972997784614563
32,2,64,11,0.4775952994823456,0.06661400198936462
32,2,64,12,0.633870542049408,0.10039865970611572
32,2,64,13,0.48127782344818115,0.1816675364971161
32,2,64,14,0.5800224542617798,0.06010296195745468
32,2,64,15,0.6513949036598206,0.12423311918973923
32,2,64,16,0.5662651658058167,0.16744063794612885
32,2,64,17,0.39128538966178894,0.08326977491378784
32,2,64,18,0.3839443624019623,0.03167148679494858
32,2,64,19,0.5785269141197205,0.1641434133052826
32,2,64,20,0.5244385004043579,0.16118519008159637
32,2,64,21,0.4712027907371521,0.03991297632455826
32,2,64,22,0.3235364556312561,0.09412319213151932
32,2,64,23,0.5953324437141418,0.1556357890367508
32,2,64,24,0.42191317677497864,0.12319745123386383
32,2,64,25,0.6417422890663147,0.14267683029174805
32,2,64,26,0.5148712992668152,0.17721405625343323
32,2,64,27,0.37384992837905884,0.16434308886528015
32,2,64,28,0.5357443690299988,0.12387887388467789
32,2,64,29,0.5406949520111084,0.07703059911727905
32,2,64,30,0.6614795327186584,0.13720576465129852
32,2,64,31,0.46258479356765747,0.1221003383398056
32,2,64,32,0.4999944865703583,0.07471764832735062
32,2,64,33,0.4378627836704254,0.13789883255958557
32,2,64,34,0.4816328287124634,0.07468521595001221
32,2,64,35,0.39066281914711,0.1507394015789032
32,2,64,36,0.5562081933021545,0.1134520173072815
32,2,64,37,0.49957194924354553,0.1716056615114212
32,2,64,38,0.6084167957305908,0.0776180848479271
32,2,64,39,0.44767698645591736,0.13207735121250153
32,2,64,40,0.4578586518764496,0.15217895805835724
32,2,64,41,0.4335040748119354,0.08710116893053055
32,2,64,42,0.5325435996055603,0.12651342153549194
32,2,64,43,0.4443284273147583,0.1028546541929245
32,2,64,44,0.5372641086578369,0.1668432056903839
32,2,64,45,0.3740171194076538,0.10910380631685257
32,2,64,46,0.5321952700614929,0.21039386093616486
32,2,64,47,0.5699009299278259,0.06546424329280853
32,2,64,48,0.46488991379737854,0.16704165935516357
32,2,64,49,0.6579089760780334,0.07029582560062408
32,2,64,50,0.43980515003204346,0.11982828378677368
32,2,64,51,0.4812588691711426,0.16050143539905548
32,2,64,52,0.5603995323181152,0.11084763705730438
32,2,64,53,0.46252405643463135,0.11698730289936066
32,2,64,54,0.6606849431991577,0.13758830726146698
32,2,64,55,0.44301265478134155,0.18335147202014923
32,2,64,56,0.5705205798149109,0.08577454835176468
32,2,64,57,0.4238637089729309,0.15679676830768585
32,2,64,58,0.4735570549964905,0.14827941358089447
32,2,64,59,0.5175463557243347,0.16839909553527832
32,2,64,60,0.5791507363319397,0.09543891996145248
32,2,64,61,0.5065004825592041,0.1965596079826355
32,2,64,62,0.5352957844734192,0.0710444375872612
32,2,64,63,0.566867470741272,0.12710314989089966
32,3,64,0,0.39471545815467834,0.18383148312568665
32,3,64,1,0.6714515089988708,0.09666232019662857
32,3,64,2,0.5016425848007202,0.10225926339626312
32,3,64,3,0.43182119727134705,0.1052655279636383
32,3,64,4,0.4198411703109741,0.26082250475883484
32,3,64,5,0.4832042455673218,0.18674439191818237
32,3,64,6,0.6019903421401978,0.1143554225564003
32,3,64,7,0.4971201419830322,0.07299952208995819
32,3,64,8,0.5536137223243713,0.21172618865966797
32,3,64,9,0.46755900979042053,0.12786702811717987
32,3,64,10,0.45818576216697693,0.1848972886800766
32,3,64,11,0.4224293828010559,0.13260197639465332
32,3,64,12,0.38327983021736145,0.07627564668655396
32,3,64,13,0.6207606792449951,0.2595449388027191
32,3,64,14,0.6862175464630127,0.07627341151237488
32,3,64,15,0.4839790165424347,0.14231839776039124
32,3,64,16,0.4480569362640381,0.2158253937959671
32,3,64,17,0.6288354396820068,0.20113857090473175
32,3,64,18,0.5033751130104065,0.1276181936264038
32,3,64,19,0.31337660551071167,0.06511947512626648
32,3,64,20,0.5963868498802185,0.12618251144886017
32,3,64,21,0.549754798412323,0.22686193883419037
32,3,64,22,0.5154832005500793,0.08028800040483475
32,3,64,23,0.586707592010498,0.1793021708726883
32,3,64,24,0.2944432497024536,0.07604508846998215
32,3,64,25,0.6301465034484863,0.23538804054260254
32,3,64,26,0.43303316831588745,0.14111930131912231
32,3,64,27,0.6077528595924377,0.08142251521348953
32,3,64,28,0.48741793632507324,0.12059544771909714
32,3,64,29,0.5983265042304993,0.22959965467453003
32,3,64,30,0.33954983949661255,0.13525894284248352
32,3,64,31,0.699910581111908,0.18675589561462402
32,3,64,32,0.36118805408477783,0.0815492495894432
32,3,64,33,0.6548526287078857,0.18223479390144348
32,3,64,34,0.5426075458526611,0.17849159240722656
32,3,64,35,0.6194497346878052,0.07810995727777481
32,3,64,36,0.414846807718277,0.20173342525959015
32,3,64,37,0.3463282883167267,0.20436649024486542
32,3,64,38,0.5288363695144653,0.08914348483085632
32,3,64,39,0.42529189586639404,0.13490328192710876
32,3,64,40,0.4454342722892761,0.1248711422085762
32,3,64,41,0.34017419815063477,0.14164480566978455
32,3,64,42,0.715012788772583,0.16685497760772705
32,3,64,43,0.5770436525344849,0.14112460613250732
32,3,64,44,0.47176864743232727,0.0941646471619606
32,3,64,45,0.7329896688461304,0.13020813465118408
32,3,64,46,0.3863602876663208,0.17756341397762299
32,3,64,47,0.2563106417655945,0.08880806714296341
32,3,64,48,0.6418825387954712,0.2364334911108017
32,3,64,49,0.5197277665138245,0.085732601583004
32,3,64,50,0.6807222962379456,0.1259789913892746
32,3,64,51,0.5659323930740356,0.2417794018983841
32,3,64,52,0.6172279119491577,0.11021021008491516
32,3,64,53,0.41987842321395874,0.12086743116378784
32,3,64,54,0.44497716426849365,0.07801935076713562
32,3,64,55,0.7017149925231934,0.09388087689876556
32,3,64,56,0.504656970500946,0.19020050764083862
32,3,64,57,0.596371591091156,0.2041277438402176
32,3,64,58,0.3108886778354645,0.1746840924024582
32,3,64,59,0.6794532537460327,0.08755501359701157
32,3,64,60,0.44787997007369995,0.17315953969955444
32,3,64,61,0.5133910775184631,0.15833909809589386
32,3,64,62,0.5377471446990967,0.11428389698266983
32,3,64,63,0.24067910015583038,0.16047820448875427
32,4,128,0,0.46503037214279175,0.20967236161231995
32,4,128,1,0.6158953309059143,0.28089413046836853
32,4,128,2,0.574300229549408,0.2592248320579529
32,4,128,3,0.7515397667884827,0.07952305674552917
32,4,128,4,0.5434272885322571,0.09881918132305145
32,4,128,5,0.5738103985786438,0.2373504340648651
32,4,128,6,0.4871443212032318,0.1786906123161316
32,4,128,7,0.5661080479621887,0.2285252809524536
32,4,128,8,0.4780914783477783,0.24082264304161072
32,4,128,9,0.5667561888694763,0.2740302085876465
32,4,128,10,0.4287775456905365,0.0810990035533905
32,4,128,11,0.5419467687606812,0.3707805275917053
32,4,128,12,0.5167485475540161,0.12369327992200851
32,4,128,13,0.5344551205635071,0.22209730744361877
32,4,128,14,0.4875600039958954,0.3170631229877472
32,4,128,15,0.387154757976532,0.19510570168495178
32,4,128,16,0.6855030059814453,0.09499076753854752
32,4,128,17,0.6349859833717346,0.14904272556304932
32,4,128,18,0.5526729226112366,0.26810798048973083
32,4,128,19,0.4486263394355774,0.19503796100616455
32,4,128,20,0.48438766598701477,0.33503636717796326
32,4,128,21,0.7219388484954834,0.13593411445617676
32,4,128,22,0.6462260484695435,0.22193384170532227
32,4,128,23,0.5134532451629639,0.3124788701534271
32,4,128,24,0.24240092933177948,0.129902645945549
32,4,128,25,0.45222651958465576,0.20974254608154297
32,4,128,26,0.5534279346466064,0.16678893566131592
32,4,128,27,0.42018967866897583,0.36238858103752136
32,4,128,28,0.6849822402000427,0.11121904104948044
32,4,128,29,0.49944019317626953,0.14025992155075073
32,4,128,30,0.5424824953079224,0.35514670610427856
32,4,128,31,0.44258108735084534,0.2286476343870163
32,4,128,32,0.5764538049697876,0.19685529172420502
32,4,128,33,0.5729729533195496,0.2649189829826355
32,4,128,34,0.782396137714386,0.10128497332334518
32,4,128,35,0.461073637008667,0.304044634103775
32,4,128,36,0.6860619187355042,0.10849231481552124
32,4,128,37,0.5430495142936707,0.3962297737598419
32,4,128,38,0.5397243499755859,0.3227222263813019
32,4,128,39,0.390167236328125,0.24215199053287506
32,4,128,40,0.6093475222587585,0.29391157627105713
32,4,128,41,0.5523030161857605,0.3977513015270233
32,4,128,42,0.5623722076416016,0.18957696855068207
32,4,128,43,0.5202373266220093,0.10342519730329514
32,4,128,44,0.5791897177696228,0.2773633897304535
32,4,128,45,0.6237778067588806,0.1701894849538803
32,4,128,46,0.4627819061279297,0.33270642161369324
32,4,128,47,0.5984770059585571,0.20806708931922913
32,4,128,48,0.31505298614501953,0.16642573475837708
32,4,128,49,0.27221211791038513,0.21711952984333038
32,4,128,50,0.4728594124317169,0.1382828652858734
32,4,128,51,0.6332884430885315,0.2949283719062805
32,4,128,52,0.6587643027305603,0.22805513441562653
32,4,128,53,0.6326470375061035,0.16234219074249268
32,4,128,54,0.5304605960845947,0.2013537585735321
32,4,128,55,0.6204704642295837,0.2636295258998871
32,4,128,56,0.6484836935997009,0.19931970536708832
32,4,128,57,0.4630184769630432,0.1193007230758667
32,4,128,58,0.37951740622520447,0.11496973037719727
32,4,128,59,0.3968333601951599,0.1608068197965622
32,4,128,60,0.7094346284866333,0.14314956963062286
32,4,128,61,0.5655626058578491,0.08659901469945908
32,4,128,62,0.5889968276023865,0.2583182156085968
32,4,128,63,0.4123407006263733,0.2730862498283386
32,4,128,64,0.7145979404449463,0.12950390577316284
32,4,128,65,0.5143059492111206,0.3062107264995575
32,4,128,66,0.742725133895874,0.12683573365211487
32,4,128,67,0.6638120412826538,0.09323325753211975
32,4,128,68,0.43024149537086487,0.33602815866470337
32,4,128,69,0.8094455599784851,0.0776057317852974
32,4,128,70,0.4992793798446655,0.16876868903636932
32,4,128,71,0.6381918787956238,0.07523119449615479
32,4,128,72,0.41652920842170715,0.18410754203796387
32,4,128,73,0.4894528388977051,0.03907214105129242
32,4,128,74,0.5876656770706177,0.2778030037879944
32,4,128,75,0.5877076983451843,0.14739757776260376
32,4,128,76,0.3954629600048065,0.2829824984073639
32,4,128,77,0.599052906036377,0.30709436535835266
32,4,128,78,0.6191232800483704,0.3416041135787964
32,4,128,79,0.3688480257987976,0.2082444131374359
32,4,128,80,0.4475986361503601,0.33853691816329956
32,4,128,81,0.5456947088241577,0.11374422907829285
32,4,128,82,0.5357851386070251,0.25973621010780334
32,4,128,83,0.5468674898147583,0.1764851212501526
32,4,128,84,0.6244549751281738,0.06511202454566956
32,4,128,85,0.5983971953392029,0.35336047410964966
32,4,128,86,0.4257863759994507,0.24358484148979187
32,4,128,87,0.7702403664588928,0.11551842093467712
32,4,128,88,0.5609739422798157,0.2957861125469208
32,4,128,89,0.8278200030326843,0.12341966480016708
32,4,128,90,0.500981330871582,0.04355829209089279
32,4,128,91,0.5780869722366333,0.17615137994289398
32,4,128,92,0.5429564118385315,0.25711172819137573
32,4,128,93,0.6688553690910339,0.17929358780384064
32,4,128,94,0.7434137463569641,0.09317593276500702
32,4,128,95,0.2820650339126587,0.0900229811668396
32,4,128,96,0.5925211310386658,0.07176399230957031
32,4,128,97,0.6616674661636353,0.2331932932138443
32,4,128,98,0.7744407653808594,0.10582894831895828
32,4,128,99,0.5495537519454956,0.20745642483234406
32,4,128,100,0.4698476195335388,0.1897498071193695
32,4,128,101,0.5959073305130005,0.28770551085472107
32,4,128,102,0.5809151530265808,0.18905189633369446
32,4,128,103,0.4573496878147125,0.2990611493587494
32,4,128,104,0.6225551962852478,0.1430968940258026
32,4,128,105,0.7500384449958801,0.10612375289201736
32,4,128,106,0.5365390777587891,0.3575419485569
32,4,128,107,0.7708053588867188,0.11852316558361053
32,4,128,108,0.6356061100959778,0.22848714888095856
32,4,128,109,0.738976240158081,0.07180572301149368
32,4,128,110,0.6846410632133484,0.06987012922763824
32,4,128,111,0.6558107733726501,0.25492942333221436
32,4,128,112,0.5184711217880249,0.2424132227897644
32,4,128,113,0.38121792674064636,0.22191286087036133
32,4,128,114,0.6819452047348022,0.09385144710540771
32,4,128,115,0.5012266039848328,0.19766120612621307
32,4,128,116,0.31670862436294556,0.09928040951490402
32,4,128,117,0.6168552041053772,0.23821686208248138
32,4,128,118,0.6279966235160828,0.06404266506433487
32,4,128,119,0.47553783655166626,0.1846192181110382
32,4,128,120,0.45688751339912415,0.15543021261692047
32,4,128,121,0.344585657119751,0.2176867127418518
32,4,128,122,0.5646332502365112,0.2350936383008957
32,4,128,123,0.544354259967804,0.1983375996351242
32,4,128,124,0.5575932860374451,0.19202081859111786
32,4,128,125,0.5184887647628784,0.1929784119129181
32,4,128,126,0.6776220202445984,0.23693513870239258
32,4,128,127,0.4789983928203583,0.2141604870557785
32,5,128,0,0.5087830424308777,0.24053271114826202
32,5,128,1,0.41399991512298584,0.35391634702682495
32,5,128,2,0.6522118449211121,0.14735530316829681
32,5,128,3,0.9053860902786255,0.05317552015185356
32,5,128,4,0.8755518794059753,0.09336453676223755
32,5,128,5,0.6804379224777222,0.24327193200588226
32,5,128,6,0.45986542105674744,0.36956852674484253
32,5,128,7,0.5737894177436829,0.26864802837371826
32,5,128,8,0.5295986533164978,0.18812015652656555
32,5,128,9,0.9095386862754822,0.05076809972524643
32,5,128,10,0.5443634390830994,0.1839149445295334
32,5,128,11,0.7280070781707764,0.11847091466188431
32,5,128,12,0.8087869882583618,0.11208825558423996
32,5,128,13,0.8996005654335022,0.055315498262643814
32,5,128,14,0.7278202176094055,0.1788565069437027
32,5,128,15,0.8848935961723328,0.06617088615894318
32,5,128,16,0.8148720264434814,0.08203580975532532
32,5,128,17,0.6993832588195801,0.24777629971504211
32,5,128,18,0.6946974992752075,0.10570552200078964
32,5,128,19,0.7372109889984131,0.1813877522945404
32,5,128,20,0.4072931110858917,0.1560996025800705
32,5,128,21,0.826233983039856,0.096888966858387
32,5,128,22,0.7806215882301331,0.11480213701725006
32,5,128,23,0.4884263277053833,0.14836813509464264
32,5,128,24,0.4650474488735199,0.08719543367624283
32,5,128,25,0.5801639556884766,0.18691907823085785
32,5,128,26,0.6559769511222839,0.1311178207397461
32,5,128,27,0.6416726112365723,0.306384801864624
32,5,128,28,0.6783658266067505,0.21910670399665833
32,5,128,29,0.521862804889679,0.21466940641403198
32,5,128,30,0.7179177403450012,0.11525190621614456
32,5,128,31,0.7302772998809814,0.2350112795829773
32,5,128,32,0.8288329839706421,0.1373722404241562
32,5,128,33,0.9254390001296997,0.05325740948319435
32,5,128,34,0.8947452902793884,0.0535130612552166
32,5,128,35,0.7896808385848999,0.1580856442451477
32,5,128,36,0.8326442837715149,0.17819084227085114
32,5,128,37,0.6722050309181213,0.1823449730873108
32,5,128,38,0.8027092814445496,0.14303909242153168
32,5,128,39,0.607250988483429,0.15036463737487793
32,5,128,40,0.8207103610038757,0.10379905253648758
32,5,128,41,0.38738003373146057,0.21066033840179443
32,5,128,42,0.7221159934997559,0.14906960725784302
32,5,128,43,0.8799613118171692,0.0882636308670044
32,5,128,44,0.8203163146972656,0.10151749849319458
32,5,128,45,0.6086875200271606,0.133423313498497
32,5,128,46,0.7922747731208801,0.09635021537542343
32,5,128,47,0.624492347240448,0.2816219925880432
32,5,128,48,0.6995310187339783,0.16034956276416779
32,5,128,49,0.566142737865448,0.24238549172878265
32,5,128,50,0.6140088438987732,0.046832118183374405
32,5,128,51,0.6690343022346497,0.09659767150878906
32,5,128,52,0.5884732604026794,0.30338889360427856
32,5,128,53,0.8417689204216003,0.08282693475484848
32,5,128,54,0.6639524102210999,0.2440541535615921
32,5,128,55,0.7291910648345947,0.1781494915485382
32,5,128,56,0.8397688269615173,0.09517734497785568
32,5,128,57,0.763517439365387,0.2223196178674698
32,5,128,58,0.9032860398292542,0.052321795374155045
32,5,128,59,0.5668826103210449,0.2826176583766937
32,5,128,60,0.9236491322517395,0.06179346144199371
32,5,128,61,0.5964400172233582,0.19460409879684448
32,5,128,62,0.48230260610580444,0.1301824301481247
32,5,128,63,0.8156113028526306,0.12713737785816193
32,5,128,64,0.809599757194519,0.11779683828353882
32,5,128,65,0.700203001499176,0.08733648806810379
32,5,128,66,0.9004426598548889,0.05555633828043938
32,5,128,67,0.5143465995788574,0.19822531938552856
32,5,128,68,0.8540790677070618,0.05504968389868736
32,5,128,69,0.7629311084747314,0.09405385702848434
32,5,128,70,0.6432743072509766,0.2946944236755371
32,5,128,71,0.7591874599456787,0.12120527774095535
32,5,128,72,0.6314816474914551,0.19686193764209747
32,5,128,73,0.7247952818870544,0.18850724399089813
32,5,128,74,0.8830617070198059,0.062421299517154694
32,5,128,75,0.8795149326324463,0.052820220589637756
32,5,128,76,0.8305525183677673,0.09170767664909363
32,5,128,77,0.8872674703598022,0.08792894333600998
32,5,128,78,0.7794859409332275,0.21749620139598846
32,5,128,79,0.6828039288520813,0.16061332821846008
32,5,128,80,0.41314974427223206,0.19968242943286896
32,5,128,81,0.6381839513778687,0.20592384040355682
32,5,128,82,0.7693038582801819,0.1556200534105301
32,5,128,83,0.5739856958389282,0.22529301047325134
32,5,128,84,0.7213035225868225,0.09485655277967453
32,5,128,85,0.877840518951416,0.06128959730267525
32,5,128,86,0.5529091358184814,0.16382429003715515
32,5,128,87,0.8539849519729614,0.056075938045978546
32,5,128,88,0.7033084630966187,0.16297392547130585
32,5,128,89,0.8169952630996704,0.22208532691001892
32,5,128,90,0.5897151827812195,0.15881314873695374
32,5,128,91,0.6187793016433716,0.17829583585262299
32,5,128,92,0.5117247700691223,0.27756813168525696
32,5,128,93,0.637462317943573,0.3295445740222931
32,5,128,94,0.6050131320953369,0.2415718138217926
32,5,128,95,0.5231679081916809,0.234818235039711
32,5,128,96,0.6590129733085632,0.13780875504016876
32,5,128,97,0.5472323298454285,0.2573087215423584
32,5,128,98,0.6237083673477173,0.1986735463142395
32,5,128,99,0.8115009069442749,0.131097212433815
32,5,128,100,0.47481024265289307,0.18401286005973816
32,5,128,101,0.6613298654556274,0.14669592678546906
32,5,128,102,0.7826590538024902,0.07643364369869232
32,5,128,103,0.4245056211948395,0.32723838090896606
32,5,128,104,0.9060166478157043,0.0755983367562294
32,5,128,105,0.8676649332046509,0.0735260546207428
32,5,128,106,0.6794434189796448,0.20020316541194916
32,5,128,107,0.9033160209655762,0.0548466220498085
32,5,128,108,0.7112362384796143,0.29759299755096436
32,5,128,109,0.7471477389335632,0.07449349761009216
32,5,128,110,0.733690619468689,0.13403260707855225
32,5,128,111,0.6192300319671631,0.11718744784593582
32,5,128,112,0.7906737923622131,0.10421216487884521
32,5,128,113,0.7553521394729614,0.1434084177017212
32,5,128,114,0.7821182012557983,0.1588900089263916
32,5,128,115,0.6113861799240112,0.07675983756780624
32,5,128,116,0.8017814755439758,0.08019973337650299
32,5,128,117,0.7515609264373779,0.20730920135974884
32,5,128,118,0.7187046408653259,0.24851663410663605
32,5,128,119,0.8828949928283691,0.05921034887433052
32,5,128,120,0.5580501556396484,0.19976690411567688
32,5,128,121,0.37897199392318726,0.23309288918972015
32,5,128,122,0.7092374563217163,0.2786215543746948
32,5,128,123,0.720603883266449,0.1327260136604309
32,5,128,124,0.7633821964263916,0.08215700089931488
32,5,128,125,0.7266683578491211,0.23395077884197235
32,5,128,126,0.7407004833221436,0.13982176780700684
32,5,128,127,0.782702624797821,0.1478678584098816
33,0,32,0,0.6735661625862122,0.061536550521850586
33,0,32,1,0.4467211961746216,0.16778329014778137
33,0,32,2,0.5070154070854187,0.04390951991081238
33,0,32,3,0.507942795753479,0.1260199248790741
33,0,32,4,0.4632177948951721,0.14792174100875854
33,0,32,5,0.43408724665641785,0.09319157898426056
33,0,32,6,0.4707944989204407,0.09699410200119019
33,0,32,7,0.4611240029335022,0.08072113990783691
33,0,32,8,0.44406312704086304,0.15841424465179443
33,0,32,9,0.5997042059898376,0.057725582271814346
33,0,32,10,0.5128413438796997,0.0869712084531784
33,0,32,11,0.5030803084373474,0.05890435352921486
33,0,32,12,0.47855696082115173,0.14751122891902924
33,0,32,13,0.6514246463775635,0.06378539651632309
33,0,32,14,0.5169850587844849,0.09584327787160873
33,0,32,15,0.5873900055885315,0.13339035212993622
33,0,32,16,0.5405615568161011,0.13052164018154144
33,0,32,17,0.40478020906448364,0.07145871967077255
33,0,32,18,0.45707157254219055,0.11507731676101685
33,0,32,19,0.4110136032104492,0.06089664250612259
33,0,32,20,0.5796617269515991,0.09721174091100693
33,0,32,21,0.4312712252140045,0.05269220098853111
33,0,32,22,0.38880038261413574,0.12318992614746094
33,0,32,23,0.4777009189128876,0.12807351350784302
33,0,32,24,0.5648627877235413,0.04873773455619812
33,0,32,25,0.46533462405204773,0.13765756785869598
33,0,32,26,0.5250652432441711,0.14977195858955383
33,0,32,27,0.5080519318580627,0.04322195053100586
33,0,32,28,0.5168119072914124,0.113675057888031
33,0,32,29,0.430629700422287,0.06555113941431046
33,0,32,30,0.40836066007614136,0.05354328826069832
33,0,32,31,0.5985041856765747,0.08118060231208801
33,1,32,0,0.4283370077610016,0.09643631428480148
33,1,32,1,0.4536660611629486,0.13763684034347534
33,1,32,2,0.4634038805961609,0.08009964227676392
33,1,32,3,0.3354337811470032,0.10437572002410889
33,1,32,4,0.4655068814754486,0.13999775052070618
33,1,32,5,0.5320401191711426,0.17331364750862122
33,1,32,6,0.5571753978729248,0.12461157888174057
33,1,32,7,0.48562052845954895,0.04122856259346008
33,1,32,8,0.4788001477718353,0.13021863996982574
33,1,32,9,0.3982779383659363,0.05097533017396927
33,1,32,10,0.5430426001548767,0.09948582947254181
33,1,32,11,0.515618085861206,0.17368030548095703
33,1,32,12,0.6295120120048523,0.11247935146093369
33,1,32,13,0.5518040060997009,0.0826103538274765
33,1,32,14,0.6465490460395813,0.10699262470006943
33,1,32,15,0.46141567826271057,0.08186734467744827
33,1,32,16,0.3515405058860779,0.14073985815048218
33,1,32,17,0.48096513748168945,0.1033044084906578
33,1,32,18,0.4928501546382904,0.10422275215387344
33,1,32,19,0.4955705404281616,0.024400128051638603
33,1,32,20,0.5333800315856934,0.08636531233787537
33,1,32,21,0.4696999788284302,0.0447084866464138
33,1,32,22,0.5611854791641235,0.08696755021810532
33,1,32,23,0.3747754395008087,0.1266470104455948
33,1,32,24,0.48176565766334534,0.1385699212551117
33,1,32,25,0.49842727184295654,0.11021444201469421
33,1,32,26,0.656028687953949,0.0974547266960144
33,1,32,27,0.47669199109077454,0.08238860964775085
33,1,32,28,0.45873719453811646,0.08490858227014542
33,1,32,29,0.6089727282524109,0.04154554009437561
33,1,32,30,0.39503687620162964,0.07544443011283875
33,1,32,31,0.5225081443786621,0.1611885279417038
33,2,64,0,0.5185658931732178,0.1108691543340683
33,2,64,1,0.49150142073631287,0.20975476503372192
33,2,64,2,0.5186492204666138,0.1581188291311264
33,2,64,3,0.43013349175453186,0.14913029968738556
33,2,64,4,0.37067514657974243,0.16602358222007751
33,2,64,5,0.5794579982757568,0.15980301797389984
33,2,64,6,0.5243971943855286,0.13661591708660126
33,2,64,7,0.37009134888648987,0.238153874874115
33,2,64,8,0.40969961881637573,0.15047866106033325
33,2,64,9,0.6137039661407471,0.11650121212005615
33,2,64,10,0.5000128149986267,0.17667625844478607
33,2,64,11,0.5438050031661987,0.1989247053861618
33,2,64,12,0.6100643277168274,0.17556793987751007
33,2,64,13,0.4505773186683655,0.2417783886194229
33,2,64,14,0.5863755345344543,0.21610897779464722
33,2,64,15,0.5633516311645508,0.10499963164329529
33,2,64,16,0.45032167434692383,0.17311236262321472
33,2,64,17,0.49644139409065247,0.21454258263111115
33,2,64,18,0.44749653339385986,0.11592471599578857
33,2,64,19,0.4751606285572052,0.17254644632339478
33,2,64,20,0.5219411253929138,0.1918918490409851
33,2,64,21,0.5609852075576782,0.1658480167388916
33,2,64,22,0.5426631569862366,0.09727349877357483
33,2,64,23,0.48546719551086426,0.178358793258667
33,2,64,24,0.46860864758491516,0.1352851688861847
33,2,64,25,0.5776091814041138,0.11807939410209656
33,2,64,26,0.6117133498191833,0.1773253232240677
33,2,64,27,0.575408399105072,0.16796888411045074
33,2,64,28,0.4436624348163605,0.10236106812953949
33,2,64,29,0.5661539435386658,0.12408874183893204
33,2,64,30,0.5745630264282227,0.15852247178554535
33,2,64,31,0.5506299138069153,0.07159626483917236
33,2,64,32,0.5766212344169617,0.16922171413898468
33,2,64,33,0.3916287422180176,0.22011074423789978
33,2,64,34,0.45134466886520386,0.17031852900981903
33,2,64,35,0.46678614616394043,0.13542285561561584
33,2,64,36,0.5947706699371338,0.21094907820224762
33,2,64,37,0.35463473200798035,0.15822117030620575
33,2,64,38,0.5261868834495544,0.17748817801475525
33,2,64,39,0.6322706937789917,0.14642003178596497
33,2,64,40,0.5466181635856628,0.1498192846775055
33,2,64,41,0.4509560465812683,0.12874235212802887
33,2,64,42,0.38346338272094727,0.1571080982685089
33,2,64,43,0.6579957604408264,0.10858400911092758
33,2,64,44,0.36389824748039246,0.11668697744607925
33,2,64,45,0.5333719253540039,0.07887347042560577
33,2,64,46,0.3403511643409729,0.08808126300573349
33,2,64,47,0.6089707016944885,0.09197597950696945
33,2,64,48,0.5135690569877625,0.22396622598171234
33,2,64,49,0.4795154631137848,0.27319076657295227
33,2,64,50,0.6279639005661011,0.1686209887266159
33,2,64,51,0.5854542255401611,0.19350755214691162
33,2,64,52,0.39878612756729126,0.11344293504953384
33,2,64,53,0.5772431492805481,0.14128035306930542
33,2,64,54,0.4538552165031433,0.10087735950946808
33,2,64,55,0.5942097306251526,0.1464448869228363
33,2,64,56,0.3380875587463379,0.13856494426727295
33,2,64,57,0.4540184736251831,0.1355222761631012
33,2,64,58,0.6143343448638916,0.17572833597660065
33,2,64,59,0.5849330425262451,0.23491093516349792
33,2,64,60,0.5578300952911377,0.2056109607219696
33,2,64,61,0.48753345012664795,0.16822557151317596
33,2,64,62,0.5641383528709412,0.14407101273536682
33,2,64,63,0.6164722442626953,0.12591038644313812
33,3,64,0,0.5074547529220581,0.17033664882183075
33,3,64,1,0.5822544693946838,0.2901056706905365
33,3,64,2,0.5121340155601501,0.09918517619371414
33,3,64,3,0.47737857699394226,0.13117381930351257
33,3,64,4,0.47518399357795715,0.07854780554771423
33,3,64,5,0.5976489782333374,0.1047416552901268
33,3,64,6,0.31041839718818665,0.1059875562787056
33,3,64,7,0.5782855153083801,0.07026198506355286
33,3,64,8,0.68773353099823,0.08659619092941284
33,3,64,9,0.3475690484046936,0.044833168387413025
33,3,64,10,0.5526573657989502,0.23711097240447998
33,3,64,11,0.6086186766624451,0.09255912899971008
33,3,64,12,0.43278685212135315,0.1448698490858078
33,3,64,13,0.35360991954803467,0.17265239357948303
33,3,64,14,0.43056589365005493,0.20358936488628387
33,3,64,15,0.7472572922706604,0.11567143350839615
33,3,64,16,0.47429123520851135,0.10120847076177597
33,3,64,17,0.37141603231430054,0.1185988262295723
33,3,64,18,0.5712767839431763,0.13823489844799042
33,3,64,19,0.42601341009140015,0.21258699893951416
33,3,64,20,0.5097085237503052,0.09349481761455536
33,3,64,21,0.506200909614563,0.19944871962070465
33,3,64,22,0.3794459402561188,0.07146814465522766
33,3,64,23,0.4604593515396118,0.11847866326570511
33,3,64,24,0.5728548169136047,0.2031501978635788
33,3,64,25,0.39690446853637695,0.21022702753543854
33,3,64,26,0.4720933437347412,0.1951272040605545
33,3,64,27,0.5488572120666504,0.2059251219034195
33,3,64,28,0.5319903492927551,0.17043262720108032
33,3,64,29,0.6200896501541138,0.15358410775661469
33,3,64,30,0.4673946499824524,0.2570827305316925
33,3,64,31,0.40844157338142395,0.20930036902427673
33,3,64,32,0.4367004632949829,0.0485243983566761
33,3,64,33,0.5994884371757507,0.11265896260738373
33,3,64,34,0.5753980875015259,0.17347487807273865
33,3,64,35,0.5137985348701477,0.20600946247577667
33,3,64,36,0.5002462267875671,0.1713373214006424
33,3,64,37,0.574549674987793,0.04534941166639328
33,3,64,38,0.4564288258552551,0.1813211292028427
33,3,64,39,0.4857754111289978,0.10293862223625183
33,3,64,40,0.2694958746433258,0.12982310354709625
33,3,64,41,0.5083976984024048,0.12010379880666733
33,3,64,42,0.38815227150917053,0.16751492023468018
33,3,64,43,0.7337000370025635,0.11300511658191681
33,3,64,44,0.6509993076324463,0.11582036316394806
33,3,64,45,0.6535276770591736,0.07812183350324631
33,3,64,46,0.6386147141456604,0.09432952851057053
33,3,64,47,0.4831470251083374,0.12743645906448364
33,3,64,48,0.5422132015228271,0.07481485605239868
33,3,64,49,0.5877355933189392,0.097962386906147
33,3,64,50,0.6439971327781677,0.07814747095108032
33,3,64,51,0.7059786319732666,0.11187572777271271
33,3,64,52,0.44927921891212463,0.20315766334533691
33,3,64,53,0.5332922339439392,0.1998535692691803
33,3,64,54,0.5825070142745972,0.12539327144622803
33,3,64,55,0.42150014638900757,0.247361958026886
33,3,64,56,0.6601822972297668,0.08959124237298965
33,3,64,57,0.3854491412639618,0.07904587686061859
33,3,64,58,0.48519015312194824,0.0864996612071991
33,3,64,59,0.48437315225601196,0.2482297718524933
33,3,64,60,0.47443342208862305,0.24501419067382812
33,3,64,61,0.3308902084827423,0.06747762113809586
33,3,64,62,0.5595250129699707,0.0946228951215744
33,3,64,63,0.5757032036781311,0.15153904259204865
33,4,128,0,0.6937322616577148,0.08498943597078323
33,4,128,1,0.46861761808395386,0.27449271082878113
33,4,128,2,0.4265761971473694,0.08685579150915146
33,4,128,3,0.6071059107780457,0.1213286742568016
33,4,128,4,0.7234991788864136,0.16254079341888428
33,4,128,5,0.5122784972190857,0.0797136053442955
33,4,128,6,0.3482323884963989,0.2716481387615204
33,4,128,7,0.39848265051841736,0.24791476130485535
33,4,128,8,0.7247698903083801,0.068996861577034
33,4,128,9,0.49536994099617004,0.20414985716342926
33,4,128,10,0.397993266582489,0.1443842649459839
33,4,128,11,0.31941738724708557,0.1938207745552063
33,4,128,12,0.5722510814666748,0.16979698836803436
33,4,128,13,0.39205271005630493,0.21978355944156647
33,4,128,14,0.5099866390228271,0.17871420085430145
33,4,128,15,0.758965790271759,0.13585197925567627
33,4,128,16,0.6298838257789612,0.25221380591392517
33,4,128,17,0.6732653975486755,0.3036925494670868
33,4,128,18,0.6646051406860352,0.09768608212471008
33,4,128,19,0.6147950887680054,0.21845784783363342
33,4,128,20,0.4899066984653473,0.0864902213215828
33,4,128,21,0.7872630953788757,0.08643516153097153
33,4,128,22,0.6945295333862305,0.07942883670330048
33,4,128,23,0.31912946701049805,0.11605183035135269
33,4,128,24,0.2352372705936432,0.1214166209101677
33,4,128,25,0.5341730713844299,0.1657569855451584
33,4,128,26,0.36827048659324646,0.30240511894226074
33,4,128,27,0.6852483749389648,0.0683075562119484
33,4,128,28,0.5538994073867798,0.08963470160961151
33,4,128,29,0.3612723648548126,0.23407122492790222
33,4,128,30,0.5988250374794006,0.18416620790958405
33,4,128,31,0.4096038341522217,0.14892733097076416
33,4,128,32,0.46359553933143616,0.23337358236312866
33,4,128,33,0.6395904421806335,0.27358222007751465
33,4,128,34,0.6188383102416992,0.05657488852739334
33,4,128,35,0.5941246151924133,0.11156497895717621
33,4,128,36,0.5398673415184021,0.2502569854259491
33,4,128,37,0.5876721143722534,0.16548298299312592
33,4,128,38,0.7645112872123718,0.11269216984510422
33,4,128,39,0.6490443348884583,0.19979256391525269
33,4,128,40,0.7691667079925537,0.10373121500015259
33,4,128,41,0.4919452965259552,0.063393734395504
33,4,128,42,0.6090698838233948,0.3083881735801697
33,4,128,43,0.475161612033844,0.11980004608631134
33,4,128,44,0.7057653069496155,0.12320899218320847
33,4,128,45,0.518989622592926,0.22021733224391937
33,4,128,46,0.74168860912323,0.09766025841236115
33,4,128,47,0.6132397055625916,0.18349437415599823
33,4,128,48,0.6376482248306274,0.21638302505016327
33,4,128,49,0.607791543006897,0.10337963700294495
33,4,128,50,0.5018872618675232,0.19922415912151337
33,4,128,51,0.3247721791267395,0.11375851184129715
33,4,128,52,0.5747064352035522,0.18579810857772827
33,4,128,53,0.5095090270042419,0.21171674132347107
33,4,128,54,0.39460623264312744,0.19145263731479645
33,4,128,55,0.3650393784046173,0.13745339214801788
33,4,128,56,0.6526298522949219,0.1433020532131195
33,4,128,57,0.43426552414894104,0.21721559762954712
33,4,128,58,0.43833571672439575,0.1426062434911728
33,4,128,59,0.7670583724975586,0.104270339012146
33,4,128,60,0.4844903349876404,0.19545744359493256
33,4,128,61,0.5524272322654724,0.2270723283290863
33,4,128,62,0.8024170994758606,0.09363002330064774
33,4,128,63,0.6149601936340332,0.2504504323005676
33,4,128,64,0.6574729681015015,0.18441714346408844
33,4,128,65,0.6769809722900391,0.19907286763191223
33,4,128,66,0.7245097756385803,0.08587751537561417
33,4,128,67,0.6425642967224121,0.16314664483070374
33,4,128,68,0.2618527114391327,0.12958718836307526
33,4,128,69,0.607137143611908,0.3196066915988922
33,4,128,70,0.6927530765533447,0.125265970826149
33,4,128,71,0.5805391669273376,0.14478719234466553
33,4,128,72,0.38575029373168945,0.12268576771020889
33,4,128,73,0.6456348896026611,0.16225117444992065
33,4,128,74,0.4052448570728302,0.17339050769805908
33,4,128,75,0.6403391361236572,0.20472003519535065
33,4,128,76,0.5554450750350952,0.24030232429504395
33,4,128,77,0.5704807043075562,0.2740480303764343
33,4,128,78,0.5324654579162598,0.25621941685676575
33,4,128,79,0.6539834141731262,0.13381540775299072
33,4,128,80,0.690552294254303,0.1548912227153778
33,4,128,81,0.5615085959434509,0.23108240962028503
33,4,128,82,0.3763660192489624,0.3120233416557312
33,4,128,83,0.5495901107788086,0.16745473444461823
33,4,128,84,0.535070538520813,0.20777396857738495
33,4,128,85,0.332596093416214,0.2069685459136963
33,4,128,86,0.5912479758262634,0.22389964759349823
33,4,128,87,0.5794388651847839,0.15034116804599762
33,4,128,88,0.5339415669441223,0.1414109766483307
33,4,128,89,0.7539217472076416,0.08849804848432541
33,4,128,90,0.7302088737487793,0.12453721463680267
33,4,128,91,0.6126173734664917,0.3014037013053894
33,4,128,92,0.5182575583457947,0.18902496993541718
33,4,128,93,0.5411707758903503,0.1656150221824646
33,4,128,94,0.4762648344039917,0.12519106268882751
33,4,128,95,0.6957170963287354,0.23500634729862213
33,4,128,96,0.604282796382904,0.1836201548576355
33,4,128,97,0.7062206864356995,0.12273352593183517
33,4,128,98,0.438171923160553,0.11396660655736923
33,4,128,99,0.5913177728652954,0.2253657728433609
33,4,128,100,0.6467570662498474,0.15000666677951813
33,4,128,101,0.4984828531742096,0.268146276473999
33,4,128,102,0.4814174473285675,0.20522645115852356
33,4,128,103,0.40946343541145325,0.1584465056657791
33,4,128,104,0.4891839027404785,0.24892595410346985
33,4,128,105,0.6903210878372192,0.16223564743995667
33,4,128,106,0.33109602332115173,0.1345595121383667
33,4,128,107,0.6510046124458313,0.1894119828939438
33,4,128,108,0.5792290568351746,0.24757996201515198
33,4,128,109,0.49556347727775574,0.2070181965827942
33,4,128,110,0.7085039615631104,0.1040945053100586
33,4,128,111,0.7473440170288086,0.07916627079248428
33,4,128,112,0.6119129657745361,0.15774030983448029
33,4,128,113,0.6621270775794983,0.189162015914917
33,4,128,114,0.5668586492538452,0.1609790176153183
33,4,128,115,0.7243787050247192,0.08021188527345657
33,4,128,116,0.661328136920929,0.10217096656560898
33,4,128,117,0.4169345796108246,0.25579118728637695
33,4,128,118,0.7130656838417053,0.07909037917852402
33,4,128,119,0.41180530190467834,0.15784798562526703
33,4,128,120,0.5030189752578735,0.14227570593357086
33,4,128,121,0.3762960731983185,0.1117599755525589
33,4,128,122,0.5288166999816895,0.2366338074207306
33,4,128,123,0.640018105506897,0.3177410960197449
33,4,128,124,0.5487618446350098,0.23595339059829712
33,4,128,125,0.6354820132255554,0.10902197659015656
33,4,128,126,0.510931670665741,0.23789860308170319
33,4,128,127,0.3698151707649231,0.2421080470085144
33,5,128,0,0.892368495464325,0.10247989743947983
33,5,128,1,0.7581413984298706,0.22909832000732422
33,5,128,2,0.6143572926521301,0.13064409792423248
33,5,128,3,0.7646054029464722,0.16745436191558838
33,5,128,4,0.8303132653236389,0.14512880146503448
33,5,128,5,0.4854899048805237,0.23443032801151276
33,5,128,6,0.4373321533203125,0.18832427263259888
33,5,128,7,0.4372197985649109,0.256307989358902
33,5,128,8,0.869196891784668,0.06993595510721207
33,5,128,9,0.8711799383163452,0.11753097176551819
33,5,128,10,0.5589544177055359,0.18001575767993927
33,5,128,11,0.8110257983207703,0.22234372794628143
33,5,128,12,0.5998603701591492,0.13656195998191833
33,5,128,13,0.7908881902694702,0.15483632683753967
33,5,128,14,0.6345778107643127,0.08415505290031433
33,5,128,15,0.9310654401779175,0.07221409678459167
33,5,128,16,0.7899065613746643,0.1979537308216095
33,5,128,17,0.43801477551460266,0.3050794303417206
33,5,128,18,0.7945170402526855,0.0826009213924408
33,5,128,19,0.8786141276359558,0.10701411962509155
33,5,128,20,0.39357855916023254,0.20306113362312317
33,5,128,21,0.6925522089004517,0.07201150804758072
33,5,128,22,0.8422234058380127,0.14952531456947327
33,5,128,23,0.7890990376472473,0.16761918365955353
33,5,128,24,0.42742854356765747,0.16758455336093903
33,5,128,25,0.7704370617866516,0.20662946999073029
33,5,128,26,0.7258839011192322,0.17352041602134705
33,5,128,27,0.8331804871559143,0.13349586725234985
33,5,128,28,0.8196001052856445,0.0671963095664978
33,5,128,29,0.608991265296936,0.14547601342201233
33,5,128,30,0.787966787815094,0.10208204388618469
33,5,128,31,0.7969250082969666,0.2419956922531128
33,5,128,32,0.46164190769195557,0.18336589634418488
33,5,128,33,0.31950387358665466,0.3157636821269989
33,5,128,34,0.7649123072624207,0.22056426107883453
33,5,128,35,0.6024048924446106,0.11745938658714294
33,5,128,36,0.7698102593421936,0.2227851003408432
33,5,128,37,0.7327646017074585,0.1846083551645279
33,5,128,38,0.8657357692718506,0.20277070999145508
33,5,128,39,0.837347149848938,0.19924914836883545
33,5,128,40,0.8017401695251465,0.17787431180477142
33,5,128,41,0.7486220598220825,0.20086807012557983
33,5,128,42,0.8669371604919434,0.11125392466783524
33,5,128,43,0.39393457770347595,0.20769527554512024
33,5,128,44,0.7458935976028442,0.06696037948131561
33,5,128,45,0.4517398774623871,0.2530748248100281
33,5,128,46,0.3816782832145691,0.21272499859333038
33,5,128,47,0.3783068358898163,0.18236735463142395
33,5,128,48,0.770352303981781,0.16991662979125977
33,5,128,49,0.8553231358528137,0.1496807187795639
33,5,128,50,0.7690877914428711,0.2659183144569397
33,5,128,51,0.3244335651397705,0.269330233335495
33,5,128,52,0.8699063658714294,0.08848108351230621
33,5,128,53,0.42255520820617676,0.1777740865945816
33,5,128,54,0.8215617537498474,0.10039812326431274
33,5,128,55,0.7758544683456421,0.1013847142457962
33,5,128,56,0.7803528308868408,0.23525582253932953
33,5,128,57,0.624579906463623,0.08477697521448135
33,5,128,58,0.6992394924163818,0.26418372988700867
33,5,128,59,0.8993098139762878,0.08902224898338318
33,5,128,60,0.8421661853790283,0.18297290802001953
33,5,128,61,0.8188006281852722,0.11702695488929749
33,5,128,62,0.8366447687149048,0.16776004433631897
33,5,128,63,0.7974259853363037,0.16558530926704407
33,5,128,64,0.846746563911438,0.15805181860923767
33,5,128,65,0.8614856600761414,0.0832270160317421
33,5,128,66,0.874293327331543,0.17994293570518494
33,5,128,67,0.428356796503067,0.2117752730846405
33,5,128,68,0.7601258158683777,0.17402347922325134
33,5,128,69,0.7811048030853271,0.12505008280277252
33,5,128,70,0.8198577165603638,0.1692618578672409
33,5,128,71,0.49177122116088867,0.23475927114486694
33,5,128,72,0.8174872398376465,0.19311106204986572
33,5,128,73,0.7341595888137817,0.2750904858112335
33,5,128,74,0.9117177724838257,0.07435823976993561
33,5,128,75,0.8256742358207703,0.17050084471702576
33,5,128,76,0.2933863699436188,0.3181578516960144
33,5,128,77,0.8338514566421509,0.06312274187803268
33,5,128,78,0.7308275699615479,0.16427071392536163
33,5,128,79,0.7708232402801514,0.24802246689796448
33,5,128,80,0.8787028789520264,0.11696726828813553
33,5,128,81,0.7490184903144836,0.06971994042396545
33,5,128,82,0.8967498540878296,0.09820665419101715
33,5,128,83,0.7880268692970276,0.26054567098617554
33,5,128,84,0.8381085991859436,0.17279942333698273
33,5,128,85,0.7769872546195984,0.10597939044237137
33,5,128,86,0.3366115689277649,0.20191724598407745
33,5,128,87,0.728181779384613,0.11783497780561447
33,5,128,88,0.6357020735740662,0.07451619952917099
33,5,128,89,0.608558714389801,0.1837266981601715
33,5,128,90,0.7663088440895081,0.18035520613193512
33,5,128,91,0.7878793478012085,0.21642032265663147
33,5,128,92,0.8716634511947632,0.12593430280685425
33,5,128,93,0.8977076411247253,0.10408559441566467
33,5,128,94,0.7520841956138611,0.19626858830451965
33,5,128,95,0.894539475440979,0.13044722378253937
33,5,128,96,0.7962782979011536,0.09182701259851456
33,5,128,97,0.7680457830429077,0.07386433333158493
33,5,128,98,0.5689482688903809,0.12412362545728683
33,5,128,99,0.6952391862869263,0.16743232309818268
33,5,128,100,0.41599953174591064,0.20884501934051514
33,5,128,101,0.3158133029937744,0.15858609974384308
33,5,128,102,0.7863789796829224,0.16367311775684357
33,5,128,103,0.4391053020954132,0.06141416355967522
33,5,128,104,0.8742663264274597,0.11685073375701904
33,5,128,105,0.7456363439559937,0.2631322741508484
33,5,128,106,0.5732578635215759,0.1338168978691101
33,5,128,107,0.7843966484069824,0.24428483843803406
33,5,128,108,0.39437389373779297,0.18933188915252686
33,5,128,109,0.44661810994148254,0.1528027057647705
33,5,128,110,0.8170734643936157,0.17799128592014313
33,5,128,111,0.8134642243385315,0.10995858162641525
33,5,128,112,0.3675687909126282,0.30837124586105347
33,5,128,113,0.8508339524269104,0.15479585528373718
33,5,128,114,0.8433783054351807,0.07999471575021744
33,5,128,115,0.3862389922142029,0.3013906180858612
33,5,128,116,0.7530962228775024,0.24267762899398804
33,5,128,117,0.26186543703079224,0.2580108046531677
33,5,128,118,0.8051468729972839,0.1830882877111435
33,5,128,119,0.5750618577003479,0.12941864132881165
33,5,128,120,0.7795102596282959,0.23398694396018982
33,5,128,121,0.7592093348503113,0.17429795861244202
33,5,128,122,0.5835922956466675,0.11323175579309464
33,5,128,123,0.8556936383247375,0.06848610937595367
33,5,128,124,0.8183076977729797,0.17901618778705597
33,5,128,125,0.744504988193512,0.17300842702388763
33,5,128,126,0.4840858280658722,0.2857084274291992
33,5,128,127,0.395314484834671,0.24839313328266144
34,0,32,0,0.3946438431739807,0.12877799570560455
34,0,32,1,0.6163079738616943,0.11729314923286438
34,0,32,2,0.41160956025123596,0.12346716970205307
34,0,32,3,0.5194085240364075,0.07893109321594238
34,0,32,4,0.5190257430076599,0.1881389170885086
34,0,32,5,0.4633798599243164,0.0726570412516594
34,0,32,6,0.39741531014442444,0.13023076951503754
34,0,32,7,0.5202831029891968,0.07375089079141617
34,0,32,8,0.50238037109375,0.1063922569155693
34,0,32,9,0.407824844121933,0.06733030825853348
34,0,32,10,0.3632209002971649,0.17301978170871735
34,0,32,11,0.36994820833206177,0.1505786031484604
34,0,32,12,0.4874490797519684,0.028138555586338043
34,0,32,13,0.38730254769325256,0.1673373430967331
34,0,32,14,0.5395320653915405,0.12862947583198547
34,0,32,15,0.5982725620269775,0.0790971890091896
34,0,32,16,0.5680515170097351,0.1694389432668686
34,0,32,17,0.6016018390655518,0.10147728025913239
34,0,32,18,0.3891020119190216,0.0662175863981247
34,0,32,19,0.5368852019309998,0.12208188325166702
34,0,32,20,0.4250689148902893,0.07151325792074203
34,0,32,21,0.441294401884079,0.09682068973779678
34,0,32,22,0.5753691792488098,0.11272886395454407
34,0,32,23,0.6571426391601562,0.1041974425315857
34,0,32,24,0.5448368191719055,0.09801121801137924
34,0,32,25,0.5956516265869141,0.13151998817920685
34,0,32,26,0.5490052700042725,0.1357983946800232
34,0,32,27,0.39289918541908264,0.09609416127204895
34,0,32,28,0.5093140602111816,0.1361800879240036
34,0,32,29,0.6033433079719543,0.05572831630706787
34,0,32,30,0.6290671825408936,0.0745091512799263
34,0,32,31,0.3103817105293274,0.10161936283111572
34,1,32,0,0.561027467250824,0.05210135877132416
34,1,32,1,0.6129371523857117,0.053254954516887665
34,1,32,2,0.6176397800445557,0.05767187476158142
34,1,32,3,0.45201390981674194,0.06931611895561218
34,1,32,4,0.4773083031177521,0.07288254052400589
34,1,32,5,0.42943012714385986,0.14840571582317352
34,1,32,6,0.5649710297584534,0.09223239123821259
34,1,32,7,0.3929659426212311,0.030836723744869232
34,1,32,8,0.5101410150527954,0.09775300323963165
34,1,32,9,0.5733814239501953,0.0758594200015068
34,1,32,10,0.5772082805633545,0.13731014728546143
34,1,32,11,0.4553934335708618,0.08015091717243195
34,1,32,12,0.5027403235435486,0.1697855442762375
34,1,32,13,0.6104382276535034,0.14176568388938904
34,1,32,14,0.4633842706680298,0.029373446479439735
34,1,32,15,0.47130849957466125,0.058786842972040176
34,1,32,16,0.5352329015731812,0.05461442843079567
34,1,32,17,0.5694411993026733,0.07733064889907837
34,1,32,18,0.6318577527999878,0.05789816379547119
34,1,32,19,0.6209391355514526,0.07136908173561096
34,1,32,20,0.48627403378486633,0.037379372864961624
34,1,32,21,0.5136880278587341,0.07779273390769958
34,1,32,22,0.34191545844078064,0.06484456360340118
34,1,32,23,0.42619261145591736,0.061972033232450485
34,1,32,24,0.47636890411376953,0.08324577659368515
34,1,32,25,0.614547073841095,0.07759135216474533
34,1,32,26,0.37451693415641785,0.06082974001765251
34,1,32,27,0.5056804418563843,0.07549630105495453
34,1,32,28,0.4203459322452545,0.09222348034381866
34,1,32,29,0.4842369556427002,0.04332723468542099
34,1,32,30,0.42912259697914124,0.03847533464431763
34,1,32,31,0.41423869132995605,0.028714878484606743
34,2,64,0,0.4918765723705292,0.136779323220253
34,2,64,1,0.44714197516441345,0.1643884927034378
34,2,64,2,0.5177437663078308,0.18671146035194397
34,2,64,3,0.7056095600128174,0.11638275533914566
34,2,64,4,0.4695601165294647,0.1268415004014969
34,2,64,5,0.5057854652404785,0.20438918471336365
34,2,64,6,0.46081066131591797,0.18546375632286072
34,2,64,7,0.5731188654899597,0.21391235291957855
34,2,64,8,0.4990280866622925,0.13262636959552765
34,2,64,9,0.4306330680847168,0.06760494410991669
34,2,64,10,0.5149520635604858,0.24633415043354034
34,2,64,11,0.6156185269355774,0.20366829633712769
34,2,64,12,0.44911155104637146,0.10261853784322739
34,2,64,13,0.5948581695556641,0.0569860003888607
34,2,64,14,0.5657237768173218,0.24168342351913452
34,2,64,15,0.4507492780685425,0.1750257909297943
34,2,64,16,0.4771113693714142,0.21913348138332367
34,2,64,17,0.4352908134460449,0.1450268030166626
34,2,64,18,0.6340199112892151,0.1297784149646759
34,2,64,19,0.38915303349494934,0.15173453092575073
34,2,64,20,0.6879884600639343,0.16997821629047394
34,2,64,21,0.6491296291351318,0.12516501545906067
34,2,64,22,0.4803125858306885,0.09542370587587357
34,2,64,23,0.516615092754364,0.13510318100452423
34,2,64,24,0.49996551871299744,0.13309305906295776
34,2,64,25,0.6406963467597961,0.1296849250793457
34,2,64,26,0.5441662073135376,0.2681220471858978
34,2,64,27,0.444813072681427,0.1291056126356125
34,2,64,28,0.511848509311676,0.13751499354839325
34,2,64,29,0.4304654598236084,0.19762884080410004
34,2,64,30,0.5525699853897095,0.21655116975307465
34,2,64,31,0.33532479405403137,0.14988379180431366
34,2,64,32,0.4279617667198181,0.18370796740055084
34,2,64,33,0.6870802640914917,0.12002071738243103
34,2,64,34,0.5388278961181641,0.2015836536884308
34,2,64,35,0.4008709490299225,0.11599700897932053
34,2,64,36,0.4755570590496063,0.13117651641368866
34,2,64,37,0.6270240545272827,0.1386326104402542
34,2,64,38,0.4866352677345276,0.20159465074539185
34,2,64,39,0.5590001344680786,0.18197956681251526
34,2,64,40,0.3993639051914215,0.12223491072654724
34,2,64,41,0.40295976400375366,0.11948231607675552
34,2,64,42,0.5948368310928345,0.19547636806964874
34,2,64,43,0.339199423789978,0.1096252053976059
34,2,64,44,0.6757656335830688,0.1600339263677597
34,2,64,45,0.4316445291042328,0.1397409588098526
34,2,64,46,0.48053157329559326,0.10645779222249985
34,2,64,47,0.4752262532711029,0.15718109905719757
34,2,64,48,0.5149236917495728,0.2019352912902832
34,2,64,49,0.5524558424949646,0.12441518157720566
34,2,64,50,0.38596540689468384,0.1373111605644226
34,2,64,51,0.48685315251350403,0.19285717606544495
34,2,64,52,0.4935591518878937,0.12785889208316803
34,2,64,53,0.4311819076538086,0.15026435256004333
34,2,64,54,0.5038557648658752,0.19435542821884155
34,2,64,55,0.5686581134796143,0.19103500247001648
34,2,64,56,0.6331979036331177,0.14102113246917725
34,2,64,57,0.47301387786865234,0.11255859583616257
34,2,64,58,0.4451202154159546,0.17813697457313538
34,2,64,59,0.5207962989807129,0.14142705500125885
34,2,64,60,0.4953877031803131,0.13027818500995636
34,2,64,61,0.3963563144207001,0.14576910436153412
34,2,64,62,0.47229912877082825,0.17430664598941803
34,2,64,63,0.4904312789440155,0.16816633939743042
34,3,64,0,0.3660961389541626,0.10175841301679611
34,3,64,1,0.4958183765411377,0.05673808231949806
34,3,64,2,0.48659661412239075,0.13314372301101685
34,3,64,3,0.4126594662666321,0.08898646384477615
34,3,64,4,0.47879427671432495,0.13852620124816895
34,3,64,5,0.35327020287513733,0.08435556292533875
34,3,64,6,0.5505893230438232,0.24060684442520142
34,3,64,7,0.4820311963558197,0.12581157684326172
34,3,64,8,0.5357372760772705,0.07134963572025299
34,3,64,9,0.5076821446418762,0.10470618307590485
34,3,64,10,0.45518362522125244,0.19891567528247833
34,3,64,11,0.4540864825248718,0.21692146360874176
34,3,64,12,0.38500741124153137,0.07921722531318665
34,3,64,13,0.4500831961631775,0.12347188591957092
34,3,64,14,0.45072704553604126,0.15613818168640137
34,3,64,15,0.5196052193641663,0.0993424579501152
34,3,64,16,0.48234620690345764,0.1423078328371048
34,3,64,17,0.4571349322795868,0.17317910492420197
34,3,64,18,0.5395016074180603,0.1685633510351181
34,3,64,19,0.4953431785106659,0.24920949339866638
34,3,64,20,0.5941527485847473,0.1647925078868866
34,3,64,21,0.38048049807548523,0.1513548195362091
34,3,64,22,0.4533484876155853,0.0634060949087143
34,3,64,23,0.5457565188407898,0.1448706090450287
34,3,64,24,0.4710251986980438,0.11526397615671158
34,3,64,25,0.475874125957489,0.2106301337480545
34,3,64,26,0.4776032269001007,0.18745732307434082
34,3,64,27,0.5139127969741821,0.11915873736143112
34,3,64,28,0.5343087315559387,0.19195576012134552
34,3,64,29,0.5449046492576599,0.11261853575706482
34,3,64,30,0.4970594048500061,0.1917276382446289
34,3,64,31,0.4860422611236572,0.12275370955467224
34,3,64,32,0.274976521730423,0.0783248022198677
34,3,64,33,0.40818652510643005,0.07233888655900955
34,3,64,34,0.4874935448169708,0.27704480290412903
34,3,64,35,0.5642863512039185,0.06937053054571152
34,3,64,36,0.36548861861228943,0.13333536684513092
34,3,64,37,0.5075824856758118,0.17862273752689362
34,3,64,38,0.5113409161567688,0.07967550307512283
34,3,64,39,0.4111310839653015,0.08962012082338333
34,3,64,40,0.5783957242965698,0.10525870323181152
34,3,64,41,0.36473363637924194,0.09502837806940079
34,3,64,42,0.36833447217941284,0.08993542194366455
34,3,64,43,0.5275207757949829,0.1440115123987198
34,3,64,44,0.47551456093788147,0.07908998429775238
34,3,64,45,0.6419513821601868,0.06892110407352448
34,3,64,46,0.5224903225898743,0.15452608466148376
34,3,64,47,0.5336685180664062,0.05957287922501564
34,3,64,48,0.6457591652870178,0.06144321709871292
34,3,64,49,0.5353437066078186,0.05891873314976692
34,3,64,50,0.6057205200195312,0.13252519071102142
34,3,64,51,0.5097813010215759,0.09188836812973022
34,3,64,52,0.5296414494514465,0.19065022468566895
34,3,64,53,0.5639133453369141,0.1486673802137375
34,3,64,54,0.546526312828064,0.1519242227077484
34,3,64,55,0.36903491616249084,0.08466208726167679
34,3,64,56,0.5215306878089905,0.12378869205713272
34,3,64,57,0.5647274255752563,0.10787864029407501
34,3,64,58,0.2957405745983124,0.09617403149604797
34,3,64,59,0.6233618855476379,0.11332787573337555
34,3,64,60,0.5823895335197449,0.13617756962776184
34,3,64,61,0.5981026291847229,0.09874805808067322
34,3,64,62,0.46322351694107056,0.14804348349571228
34,3,64,63,0.6060262322425842,0.12301290780305862
34,4,128,0,0.7993605136871338,0.1267170011997223
34,4,128,1,0.6698836088180542,0.13876870274543762
34,4,128,2,0.44751885533332825,0.11685895919799805
34,4,128,3,0.26862433552742004,0.11738947033882141
34,4,128,4,0.40448322892189026,0.2952028214931488
34,4,128,5,0.40298140048980713,0.31818586587905884
34,4,128,6,0.3320392072200775,0.08513416349887848
34,4,128,7,0.32891497015953064,0.30812668800354004
34,4,128,8,0.4299425184726715,0.16973909735679626
34,4,128,9,0.5505867600440979,0.30706989765167236
34,4,128,10,0.6520508527755737,0.3228920102119446
34,4,128,11,0.6360586881637573,0.341499388217926
34,4,128,12,0.7978379726409912,0.13116849958896637
34,4,128,13,0.6631314158439636,0.0973832979798317
34,4,128,14,0.6710580587387085,0.17084500193595886
34,4,128,15,0.6979970932006836,0.2430911362171173
34,4,128,16,0.5809378027915955,0.2343321293592453
34,4,128,17,0.5616143345832825,0.1571989208459854
34,4,128,18,0.6774391531944275,0.38104429841041565
34,4,128,19,0.42084193229675293,0.2988739311695099
34,4,128,20,0.6608418226242065,0.3215300440788269
34,4,128,21,0.35335642099380493,0.2901766300201416
34,4,128,22,0.4535125195980072,0.17454448342323303
34,4,128,23,0.4054243862628937,0.09710349887609482
34,4,128,24,0.7707813382148743,0.12345588207244873
34,4,128,25,0.7098909616470337,0.20475979149341583
34,4,128,26,0.40428534150123596,0.3232358396053314
34,4,128,27,0.7809262871742249,0.11139395087957382
34,4,128,28,0.2924836277961731,0.2274540513753891
34,4,128,29,0.4710548520088196,0.027089936658740044
34,4,128,30,0.3921400308609009,0.2101535052061081
34,4,128,31,0.7322072982788086,0.11605618894100189
34,4,128,32,0.7471197843551636,0.12341304123401642
34,4,128,33,0.6963639259338379,0.0991411954164505
34,4,128,34,0.6868472695350647,0.15178054571151733
34,4,128,35,0.639411449432373,0.3098621070384979
34,4,128,36,0.3860478401184082,0.21969184279441833
34,4,128,37,0.7715504765510559,0.20481960475444794
34,4,128,38,0.34881269931793213,0.3307509124279022
34,4,128,39,0.5726853013038635,0.05580319091677666
34,4,128,40,0.40500107407569885,0.22756953537464142
34,4,128,41,0.48038357496261597,0.27660173177719116
34,4,128,42,0.7773316502571106,0.15136802196502686
34,4,128,43,0.6874930262565613,0.10176403075456619
34,4,128,44,0.5078431367874146,0.02522398717701435
34,4,128,45,0.47032421827316284,0.18791522085666656
34,4,128,46,0.434520959854126,0.10536099970340729
34,4,128,47,0.6872402429580688,0.255234956741333
34,4,128,48,0.5980637073516846,0.057936813682317734
34,4,128,49,0.4284207224845886,0.16946347057819366
34,4,128,50,0.6211833953857422,0.255388468503952
34,4,128,51,0.6573666930198669,0.38187602162361145
34,4,128,52,0.4473961889743805,0.09282920509576797
34,4,128,53,0.3384939134120941,0.32494956254959106
34,4,128,54,0.6220419406890869,0.28481486439704895
34,4,128,55,0.3533935248851776,0.10227744281291962
34,4,128,56,0.6548126935958862,0.34148555994033813
34,4,128,57,0.6399219632148743,0.248962864279747
34,4,128,58,0.5384528636932373,0.25599637627601624
34,4,128,59,0.6981407999992371,0.2704833745956421
34,4,128,60,0.3457906246185303,0.2979813814163208
34,4,128,61,0.35624855756759644,0.2338327020406723
34,4,128,62,0.6712322235107422,0.25688788294792175
34,4,128,63,0.5283346772193909,0.03509402647614479
34,4,128,64,0.7285723090171814,0.2516838610172272
34,4,128,65,0.659007728099823,0.24853144586086273
34,4,128,66,0.5505458116531372,0.1616641730070114
34,4,128,67,0.4006716310977936,0.30797284841537476
34,4,128,68,0.8161270618438721,0.11078115552663803
34,4,128,69,0.548079788684845,0.19434170424938202
34,4,128,70,0.6663855910301208,0.22565391659736633
34,4,128,71,0.36176759004592896,0.2546921372413635
34,4,128,72,0.541584849357605,0.12042760848999023
34,4,128,73,0.6299710869789124,0.2428072988986969
34,4,128,74,0.6078116297721863,0.22384987771511078
34,4,128,75,0.7123080492019653,0.10807447880506516
34,4,128,76,0.3428193926811218,0.32281604409217834
34,4,128,77,0.7025355696678162,0.19331032037734985
34,4,128,78,0.5821183323860168,0.23901236057281494
34,4,128,79,0.6403552293777466,0.3029499053955078
34,4,128,80,0.3844408392906189,0.158110573887825
34,4,128,81,0.5018864274024963,0.09670300036668777
34,4,128,82,0.45714902877807617,0.3095457851886749
34,4,128,83,0.44746723771095276,0.24969680607318878
34,4,128,84,0.6719282269477844,0.31381234526634216
34,4,128,85,0.6528283953666687,0.2472110390663147
34,4,128,86,0.505972146987915,0.30075404047966003
34,4,128,87,0.6049982309341431,0.09306153655052185
34,4,128,88,0.4003756046295166,0.30516231060028076
34,4,128,89,0.6136482954025269,0.30102986097335815
34,4,128,90,0.7813233137130737,0.10790019482374191
34,4,128,91,0.7926779389381409,0.11015085130929947
34,4,128,92,0.6964440941810608,0.16147854924201965
34,4,128,93,0.6481883525848389,0.09656719118356705
34,4,128,94,0.7628357410430908,0.1466100811958313
34,4,128,95,0.5194079279899597,0.13915812969207764
34,4,128,96,0.5423072576522827,0.08555015176534653
34,4,128,97,0.7497256994247437,0.11590494960546494
34,4,128,98,0.5964959859848022,0.2797492444515228
34,4,128,99,0.3795889616012573,0.3044259250164032
34,4,128,100,0.7400850057601929,0.12308640778064728
34,4,128,101,0.28130996227264404,0.2516234815120697
34,4,128,102,0.8492996692657471,0.12686660885810852
34,4,128,103,0.630888819694519,0.31030339002609253
34,4,128,104,0.3818986713886261,0.36053529381752014
34,4,128,105,0.5805887579917908,0.1854163110256195
34,4,128,106,0.6876556873321533,0.2979969382286072
34,4,128,107,0.6448529362678528,0.23265749216079712
34,4,128,108,0.7898009419441223,0.10438662022352219
34,4,128,109,0.7604640126228333,0.10991687327623367
34,4,128,110,0.6941724419593811,0.33930134773254395
34,4,128,111,0.6847960948944092,0.25274839997291565
34,4,128,112,0.6584857702255249,0.32563480734825134
34,4,128,113,0.47850945591926575,0.29332882165908813
34,4,128,114,0.37740904092788696,0.2041669636964798
34,4,128,115,0.7972602844238281,0.11074361205101013
34,4,128,116,0.5505117774009705,0.20795583724975586
34,4,128,117,0.8106387853622437,0.09245110303163528
34,4,128,118,0.27965599298477173,0.19406232237815857
34,4,128,119,0.6497218608856201,0.29765230417251587
34,4,128,120,0.6709737777709961,0.2073221057653427
34,4,128,121,0.5905984044075012,0.1451665461063385
34,4,128,122,0.3674665093421936,0.13172104954719543
34,4,128,123,0.6334362030029297,0.3447064161300659
34,4,128,124,0.3994675278663635,0.21338576078414917
34,4,128,125,0.660742998123169,0.39266708493232727
34,4,128,126,0.35988157987594604,0.1630755364894867
34,4,128,127,0.658599853515625,0.2383071929216385
34,5,128,0,0.7571628093719482,0.13518847525119781
34,5,128,1,0.8754302263259888,0.09409242123365402
34,5,128,2,0.8557581901550293,0.06893444061279297
34,5,128,3,0.4085553288459778,0.36266621947288513
34,5,128,4,0.8387151956558228,0.08951586484909058
34,5,128,5,0.5485098361968994,0.20114979147911072
34,5,128,6,0.798940896987915,0.07962077856063843
34,5,128,7,0.690066397190094,0.306883841753006
34,5,128,8,0.580720841884613,0.12979255616664886
34,5,128,9,0.8154614567756653,0.08673413842916489
34,5,128,10,0.40876761078834534,0.34699293971061707
34,5,128,11,0.8785204291343689,0.0743417739868164
34,5,128,12,0.6576979756355286,0.12947297096252441
34,5,128,13,0.8196808099746704,0.12614032626152039
34,5,128,14,0.8624403476715088,0.0719854086637497
34,5,128,15,0.7827342748641968,0.19732996821403503
34,5,128,16,0.8563526272773743,0.08072130382061005
34,5,128,17,0.6495717763900757,0.0399247445166111
34,5,128,18,0.9040057063102722,0.09071473032236099
34,5,128,19,0.42926961183547974,0.2601326107978821
34,5,128,20,0.3774658143520355,0.30305448174476624
34,5,128,21,0.674625039100647,0.09409796446561813
34,5,128,22,0.8707731366157532,0.08063467592000961
34,5,128,23,0.489033579826355,0.16170760989189148
34,5,128,24,0.8180022239685059,0.09037300199270248
34,5,128,25,0.8533897995948792,0.091995969414711
34,5,128,26,0.8995378613471985,0.05856749042868614
34,5,128,27,0.8452269434928894,0.09118884056806564
34,5,128,28,0.5753833651542664,0.14585795998573303
34,5,128,29,0.6863970756530762,0.054574932903051376
34,5,128,30,0.5843449234962463,0.1296398788690567
34,5,128,31,0.7395322918891907,0.0816102921962738
34,5,128,32,0.8950318694114685,0.06835278868675232
34,5,128,33,0.5446576476097107,0.28950947523117065
34,5,128,34,0.7476048469543457,0.104477658867836
34,5,128,35,0.785607099533081,0.2431667000055313
34,5,128,36,0.8506508469581604,0.12003747373819351
34,5,128,37,0.7727999687194824,0.07951883971691132
34,5,128,38,0.3887039124965668,0.22146683931350708
34,5,128,39,0.7727717757225037,0.18621203303337097
34,5,128,40,0.8045055270195007,0.14297235012054443
34,5,128,41,0.6484488844871521,0.13262780010700226
34,5,128,42,0.7856312394142151,0.08922729641199112
34,5,128,43,0.762778103351593,0.2216176688671112
34,5,128,44,0.4082738757133484,0.11083076894283295
34,5,128,45,0.8030996322631836,0.0706305280327797
34,5,128,46,0.4512796998023987,0.3408728539943695
34,5,128,47,0.8658850193023682,0.08717267215251923
34,5,128,48,0.6576231718063354,0.0765676498413086
34,5,128,49,0.6256375312805176,0.2149696797132492
34,5,128,50,0.450639933347702,0.2946579158306122
34,5,128,51,0.6553307771682739,0.18772120773792267
34,5,128,52,0.3217744529247284,0.19383521378040314
34,5,128,53,0.6846379041671753,0.1416143923997879
34,5,128,54,0.4784510135650635,0.28671973943710327
34,5,128,55,0.3743233382701874,0.3102315664291382
34,5,128,56,0.8568655848503113,0.1003636047244072
34,5,128,57,0.7475707530975342,0.15458284318447113
34,5,128,58,0.4676276445388794,0.17223618924617767
34,5,128,59,0.6804497838020325,0.07582270354032516
34,5,128,60,0.44660842418670654,0.26611509919166565
34,5,128,61,0.6318714022636414,0.16685737669467926
34,5,128,62,0.812063992023468,0.10194353014230728
34,5,128,63,0.39587029814720154,0.23365160822868347
34,5,128,64,0.6521602869033813,0.09626924991607666
34,5,128,65,0.848422110080719,0.09622418135404587
34,5,128,66,0.6866403818130493,0.19904159009456635
34,5,128,67,0.4574209153652191,0.21711187064647675
34,5,128,68,0.8485745787620544,0.08212898671627045
34,5,128,69,0.6848040223121643,0.08595630526542664
34,5,128,70,0.7149196267127991,0.13330532610416412
34,5,128,71,0.471705824136734,0.25236812233924866
34,5,128,72,0.4251052737236023,0.16665977239608765
34,5,128,73,0.7639663219451904,0.19586989283561707
34,5,128,74,0.4936707019805908,0.32344362139701843
34,5,128,75,0.4543415606021881,0.2359253615140915
34,5,128,76,0.6139479279518127,0.08944813162088394
34,5,128,77,0.6540413498878479,0.11544589698314667
34,5,128,78,0.7293531894683838,0.09447061270475388
34,5,128,79,0.4172406792640686,0.34241384267807007
34,5,128,80,0.7648429274559021,0.21004419028759003
34,5,128,81,0.584976315498352,0.19485221803188324
34,5,128,82,0.7810565829277039,0.06343521922826767
34,5,128,83,0.7845661044120789,0.12252593785524368
34,5,128,84,0.8255863189697266,0.12125775218009949
34,5,128,85,0.8094913959503174,0.10582338273525238
34,5,128,86,0.6958113312721252,0.17971086502075195
34,5,128,87,0.762211263179779,0.08882607519626617
34,5,128,88,0.5105979442596436,0.1577959656715393
34,5,128,89,0.7785425186157227,0.06845121085643768
34,5,128,90,0.6786367297172546,0.09800784289836884
34,5,128,91,0.7989531755447388,0.06368505209684372
34,5,128,92,0.78651362657547,0.09049076586961746
34,5,128,93,0.7705368995666504,0.09172888845205307
34,5,128,94,0.8040075898170471,0.14708492159843445
34,5,128,95,0.7583143711090088,0.26573386788368225
34,5,128,96,0.6611270904541016,0.07624246180057526
34,5,128,97,0.5484026670455933,0.15615200996398926
34,5,128,98,0.7803137302398682,0.1260961890220642
34,5,128,99,0.8467821478843689,0.05952649563550949
34,5,128,100,0.6165502071380615,0.14831769466400146
34,5,128,101,0.42522189021110535,0.1911144256591797
34,5,128,102,0.5053268074989319,0.2732580602169037
34,5,128,103,0.7537574768066406,0.24962906539440155
34,5,128,104,0.8257870078086853,0.07074130326509476
34,5,128,105,0.6739692091941833,0.06618066877126694
34,5,128,106,0.8792503476142883,0.07392275333404541
34,5,128,107,0.738155722618103,0.10541465133428574
34,5,128,108,0.8178824186325073,0.07548793405294418
34,5,128,109,0.6847366690635681,0.13839313387870789
34,5,128,110,0.8392998576164246,0.08316653966903687
34,5,128,111,0.6760870814323425,0.07046447694301605
34,5,128,112,0.7385414242744446,0.24604178965091705
34,5,128,113,0.6790645718574524,0.14553454518318176
34,5,128,114,0.7449327707290649,0.10484391450881958
34,5,128,115,0.8247421979904175,0.08000354468822479
34,5,128,116,0.802548348903656,0.13526298105716705
34,5,128,117,0.8121206760406494,0.08112253993749619
34,5,128,118,0.8538967370986938,0.0776052325963974
34,5,128,119,0.43197858333587646,0.3488287627696991
34,5,128,120,0.8633453845977783,0.08532190322875977
34,5,128,121,0.7470805644989014,0.16190920770168304
34,5,128,122,0.5320534110069275,0.19799792766571045
34,5,128,123,0.8058556914329529,0.11366894096136093
34,5,128,124,0.784286379814148,0.08482273668050766
34,5,128,125,0.7551263570785522,0.1954125612974167
34,5,128,126,0.5871701836585999,0.11955290287733078
34,5,128,127,0.704362690448761,0.15924715995788574
35,0,32,0,0.6176615357398987,0.032645516097545624
35,0,32,1,0.4557947516441345,0.07453732937574387
35,0,32,2,0.4641663730144501,0.016698231920599937
35,0,32,3,0.45249950885772705,0.05531449243426323
35,0,32,4,0.46513810753822327,0.06078111007809639
35,0,32,5,0.4595072865486145,0.024128567427396774
35,0,32,6,0.445781409740448,0.06287331134080887
35,0,32,7,0.4121648371219635,0.05975353717803955
35,0,32,8,0.47609925270080566,0.07037165760993958
35,0,32,9,0.6330969929695129,0.03159134462475777
35,0,32,10,0.4956824779510498,0.04810746759176254
35,0,32,11,0.48490050435066223,0.05896812304854393
35,0,32,12,0.5333219766616821,0.11364739388227463
35,0,32,13,0.636583685874939,0.026703165844082832
35,0,32,14,0.5620856881141663,0.0785602405667305
35,0,32,15,0.553301215171814,0.05711442604660988
35,0,32,16,0.5422771573066711,0.0671561136841774
35,0,32,17,0.41076287627220154,0.04043314978480339
35,0,32,18,0.5107058882713318,0.07352450489997864
35,0,32,19,0.4267527163028717,0.03911741450428963
35,0,32,20,0.6095715165138245,0.05729642137885094
35,0,32,21,0.4726649522781372,0.02532874047756195
35,0,32,22,0.4198351204395294,0.05696629360318184
35,0,32,23,0.5375734567642212,0.07514502853155136
35,0,32,24,0.5805806517601013,0.028162702918052673
35,0,32,25,0.4599834680557251,0.052318964153528214
35,0,32,26,0.49904865026474,0.09334579110145569
35,0,32,27,0.548101544380188,0.041475530713796616
35,0,32,28,0.4916435480117798,0.034167058765888214
35,0,32,29,0.4559631049633026,0.02004561573266983
35,0,32,30,0.4040207266807556,0.02713026851415634
35,0,32,31,0.5716971158981323,0.07322020083665848
35,1,32,0,0.4182772636413574,0.06829358637332916
35,1,32,1,0.4944274127483368,0.08034388720989227
35,1,32,2,0.5261635184288025,0.05729284510016441
35,1,32,3,0.33337274193763733,0.06226726621389389
35,1,32,4,0.5330071449279785,0.11508806049823761
35,1,32,5,0.5191620588302612,0.13594092428684235
35,1,32,6,0.5139998197555542,0.03985266759991646
35,1,32,7,0.5317648649215698,0.053911950439214706
35,1,32,8,0.5309687852859497,0.0922188013792038
35,1,32,9,0.4288385808467865,0.04121880233287811
35,1,32,10,0.5269292593002319,0.07222552597522736
35,1,32,11,0.43662887811660767,0.12023593485355377
35,1,32,12,0.5728133916854858,0.06544569879770279
35,1,32,13,0.5441626310348511,0.06697769463062286
35,1,32,14,0.642693817615509,0.0842367559671402
35,1,32,15,0.4989152252674103,0.06076178699731827
35,1,32,16,0.3792639672756195,0.09855914860963821
35,1,32,17,0.47909125685691833,0.07122735679149628
35,1,32,18,0.5246471166610718,0.038503918796777725
35,1,32,19,0.479420930147171,0.06411390751600266
35,1,32,20,0.5528169274330139,0.05522426590323448
35,1,32,21,0.4576953947544098,0.06371467560529709
35,1,32,22,0.6003597974777222,0.11423872411251068
35,1,32,23,0.3842638432979584,0.07729338854551315
35,1,32,24,0.5033373832702637,0.1104079931974411
35,1,32,25,0.5595844388008118,0.09568097442388535
35,1,32,26,0.6568983793258667,0.0743480771780014
35,1,32,27,0.5271905660629272,0.05977214500308037
35,1,32,28,0.4995971918106079,0.06676368415355682
35,1,32,29,0.638759970664978,0.05873161181807518
35,1,32,30,0.44112446904182434,0.04686984792351723
35,1,32,31,0.4908131957054138,0.09275572746992111
35,2,64,0,0.5007105469703674,0.12425300478935242
35,2,64,1,0.4567950963973999,0.13318543136119843
35,2,64,2,0.5503123998641968,0.11742691695690155
35,2,64,3,0.5002627372741699,0.10236764699220657
35,2,64,4,0.3883492648601532,0.05452568084001541
35,2,64,5,0.5798006653785706,0.15082785487174988
35,2,64,6,0.4362841248512268,0.14825598895549774
35,2,64,7,0.4414106607437134,0.0480390265583992
35,2,64,8,0.4749404489994049,0.08220979571342468
35,2,64,9,0.6566268801689148,0.1297343671321869
35,2,64,10,0.4757411479949951,0.07154777646064758
35,2,64,11,0.4930334985256195,0.15157608687877655
35,2,64,12,0.5295262336730957,0.07105366140604019
35,2,64,13,0.4876510500907898,0.10595463216304779
35,2,64,14,0.4741148352622986,0.1478370726108551
35,2,64,15,0.5849106907844543,0.13339219987392426
35,2,64,16,0.5201160907745361,0.08129458129405975
35,2,64,17,0.5141507387161255,0.13268683850765228
35,2,64,18,0.4195496737957001,0.07686358690261841
35,2,64,19,0.5447932481765747,0.07605321705341339
35,2,64,20,0.5432941913604736,0.14048518240451813
35,2,64,21,0.5193184018135071,0.12837284803390503
35,2,64,22,0.5584713816642761,0.136546328663826
35,2,64,23,0.44663500785827637,0.07671917229890823
35,2,64,24,0.44358378648757935,0.1100742295384407
35,2,64,25,0.5042242407798767,0.09899738430976868
35,2,64,26,0.6122328639030457,0.16085213422775269
35,2,64,27,0.5121161937713623,0.1841927170753479
35,2,64,28,0.43823936581611633,0.023438166826963425
35,2,64,29,0.4977312684059143,0.11159725487232208
35,2,64,30,0.46868377923965454,0.10658910870552063
35,2,64,31,0.5768255591392517,0.06278130412101746
35,2,64,32,0.5224519371986389,0.06429937481880188
35,2,64,33,0.4210984706878662,0.13546383380889893
35,2,64,34,0.5392453074455261,0.08165749907493591
35,2,64,35,0.5328658819198608,0.14373043179512024
35,2,64,36,0.5294880270957947,0.07516614347696304
35,2,64,37,0.4653361439704895,0.044184207916259766
35,2,64,38,0.41266530752182007,0.09874686598777771
35,2,64,39,0.5872186422348022,0.09331396967172623
35,2,64,40,0.48459392786026,0.08180848509073257
35,2,64,41,0.3683028221130371,0.08337271213531494
35,2,64,42,0.4096105992794037,0.15533754229545593
35,2,64,43,0.6356936097145081,0.12658560276031494
35,2,64,44,0.4214746057987213,0.07161972671747208
35,2,64,45,0.49601981043815613,0.06121921166777611
35,2,64,46,0.42338335514068604,0.08827371895313263
35,2,64,47,0.5776398181915283,0.12265093624591827
35,2,64,48,0.5644634366035461,0.14838314056396484
35,2,64,49,0.4346684515476227,0.21021151542663574
35,2,64,50,0.6191214323043823,0.06542392820119858
35,2,64,51,0.4531394839286804,0.11650020629167557
35,2,64,52,0.488411545753479,0.12241868674755096
35,2,64,53,0.5535717010498047,0.06449815630912781
35,2,64,54,0.49516600370407104,0.09582838416099548
35,2,64,55,0.6567885279655457,0.11262078583240509
35,2,64,56,0.3858715891838074,0.13805550336837769
35,2,64,57,0.5184829235076904,0.1701918989419937
35,2,64,58,0.5665817856788635,0.06908699125051498
35,2,64,59,0.5220822095870972,0.10825223475694656
35,2,64,60,0.5570570826530457,0.06543631106615067
35,2,64,61,0.5464897155761719,0.06054777279496193
35,2,64,62,0.5263229012489319,0.08520489186048508
35,2,64,63,0.5324261784553528,0.04752282425761223
35,3,64,0,0.5474733114242554,0.07572732120752335
35,3,64,1,0.5088319778442383,0.10057955980300903
35,3,64,2,0.49947038292884827,0.1498050093650818
35,3,64,3,0.4893392026424408,0.07632780075073242
35,3,64,4,0.44391611218452454,0.03329658508300781
35,3,64,5,0.5278608798980713,0.045641329139471054
35,3,64,6,0.32409265637397766,0.09901530295610428
35,3,64,7,0.5142791271209717,0.058722831308841705
35,3,64,8,0.6411862373352051,0.043866418302059174
35,3,64,9,0.38466933369636536,0.08245864510536194
35,3,64,10,0.5569854378700256,0.08118247240781784
35,3,64,11,0.5477438569068909,0.04164605215191841
35,3,64,12,0.5324565172195435,0.0661616101861
35,3,64,13,0.3752940595149994,0.058776699006557465
35,3,64,14,0.4392135739326477,0.05200088024139404
35,3,64,15,0.5840903520584106,0.07686613500118256
35,3,64,16,0.4692169427871704,0.05327777937054634
35,3,64,17,0.37177595496177673,0.055074844509363174
35,3,64,18,0.45228809118270874,0.14208592474460602
35,3,64,19,0.495123028755188,0.08773690462112427
35,3,64,20,0.5388853549957275,0.0755305290222168
35,3,64,21,0.5886285901069641,0.10232208669185638
35,3,64,22,0.40960413217544556,0.04512659087777138
35,3,64,23,0.5294421911239624,0.02882665954530239
35,3,64,24,0.436023473739624,0.0890989750623703
35,3,64,25,0.3930325210094452,0.03133058920502663
35,3,64,26,0.5307499170303345,0.12582352757453918
35,3,64,27,0.5238133668899536,0.1419837772846222
35,3,64,28,0.49758660793304443,0.12402398884296417
35,3,64,29,0.5993820428848267,0.09060825407505035
35,3,64,30,0.47025689482688904,0.14972761273384094
35,3,64,31,0.44283434748649597,0.058957550674676895
35,3,64,32,0.38882678747177124,0.07547842711210251
35,3,64,33,0.583215057849884,0.10003536194562912
35,3,64,34,0.562596321105957,0.09129581600427628
35,3,64,35,0.5323362946510315,0.11119537800550461
35,3,64,36,0.4751908481121063,0.07617063075304031
35,3,64,37,0.5399606823921204,0.15925034880638123
35,3,64,38,0.4309074282646179,0.1389496922492981
35,3,64,39,0.45543158054351807,0.03881576284766197
35,3,64,40,0.4326424300670624,0.08389676362276077
35,3,64,41,0.5076390504837036,0.05274675786495209
35,3,64,42,0.38942277431488037,0.11468595266342163
35,3,64,43,0.6340701580047607,0.06782292574644089
35,3,64,44,0.5356177091598511,0.06758838146924973
35,3,64,45,0.5734915137290955,0.06599228829145432
35,3,64,46,0.616388738155365,0.11706218123435974
35,3,64,47,0.4351784288883209,0.07591380178928375
35,3,64,48,0.4751732647418976,0.11539486050605774
35,3,64,49,0.4518977701663971,0.03961172327399254
35,3,64,50,0.5604022741317749,0.035074278712272644
35,3,64,51,0.6020954251289368,0.08264347165822983
35,3,64,52,0.44840744137763977,0.08690067380666733
35,3,64,53,0.5148129463195801,0.03722110018134117
35,3,64,54,0.57879239320755,0.06866440922021866
35,3,64,55,0.43686118721961975,0.12920132279396057
35,3,64,56,0.6071783304214478,0.042636238038539886
35,3,64,57,0.3986918032169342,0.05297751724720001
35,3,64,58,0.5011948347091675,0.07030311971902847
35,3,64,59,0.47514837980270386,0.197061225771904
35,3,64,60,0.49357345700263977,0.1824544221162796
35,3,64,61,0.39212194085121155,0.052800253033638
35,3,64,62,0.5061451196670532,0.05920286849141121
35,3,64,63,0.5077528357505798,0.04701780155301094
35,4,128,0,0.60162752866745,0.0636109784245491
35,4,128,1,0.4040376842021942,0.0790104940533638
35,4,128,2,0.5504077672958374,0.1478607952594757
35,4,128,3,0.5783970355987549,0.06720910221338272
35,4,128,4,0.7495105266571045,0.09309045970439911
35,4,128,5,0.3496517539024353,0.148444265127182
35,4,128,6,0.34476110339164734,0.20951081812381744
35,4,128,7,0.4701400399208069,0.19791918992996216
35,4,128,8,0.5921666026115417,0.07670858502388
35,4,128,9,0.3378451466560364,0.17651204764842987
35,4,128,10,0.4384958744049072,0.06366463750600815
35,4,128,11,0.5329263806343079,0.07871200889348984
35,4,128,12,0.36455321311950684,0.10234470665454865
35,4,128,13,0.3905509412288666,0.2855069041252136
35,4,128,14,0.42759594321250916,0.263229638338089
35,4,128,15,0.7485181093215942,0.14724935591220856
35,4,128,16,0.7453805804252625,0.23824220895767212
35,4,128,17,0.7965495586395264,0.18236154317855835
35,4,128,18,0.5985330939292908,0.058759305626153946
35,4,128,19,0.6457923650741577,0.2881712019443512
35,4,128,20,0.6318199038505554,0.2032453715801239
35,4,128,21,0.7028228044509888,0.1340014785528183
35,4,128,22,0.7517041563987732,0.16162267327308655
35,4,128,23,0.2676502466201782,0.1396784484386444
35,4,128,24,0.25669148564338684,0.14772160351276398
35,4,128,25,0.5848534107208252,0.1446518450975418
35,4,128,26,0.36130255460739136,0.20405437052249908
35,4,128,27,0.6194689273834229,0.07036417722702026
35,4,128,28,0.4346669912338257,0.07070955634117126
35,4,128,29,0.5531045794487,0.09285279363393784
35,4,128,30,0.3687850534915924,0.24389152228832245
35,4,128,31,0.41725608706474304,0.15345171093940735
35,4,128,32,0.37139827013015747,0.20117789506912231
35,4,128,33,0.6683633923530579,0.2769422233104706
35,4,128,34,0.6527895927429199,0.208474263548851
35,4,128,35,0.6817116141319275,0.10544545203447342
35,4,128,36,0.6630318760871887,0.24816057085990906
35,4,128,37,0.42983534932136536,0.0993628054857254
35,4,128,38,0.736522912979126,0.1411961168050766
35,4,128,39,0.6946280002593994,0.23775367438793182
35,4,128,40,0.7426854372024536,0.17260681092739105
35,4,128,41,0.6119636297225952,0.18917419016361237
35,4,128,42,0.665138304233551,0.25993427634239197
35,4,128,43,0.4201735258102417,0.28172966837882996
35,4,128,44,0.7061430811882019,0.22228236496448517
35,4,128,45,0.638643205165863,0.05566183105111122
35,4,128,46,0.6002288460731506,0.08983350545167923
35,4,128,47,0.616664707660675,0.16189855337142944
35,4,128,48,0.6580735445022583,0.10331951081752777
35,4,128,49,0.614493727684021,0.26236218214035034
35,4,128,50,0.5614206194877625,0.24559955298900604
35,4,128,51,0.3026805520057678,0.1166309118270874
35,4,128,52,0.3954397439956665,0.15839950740337372
35,4,128,53,0.5623077154159546,0.08343858271837234
35,4,128,54,0.2857222855091095,0.1674138456583023
35,4,128,55,0.533532440662384,0.1884315311908722
35,4,128,56,0.66431725025177,0.08705448359251022
35,4,128,57,0.3709154427051544,0.20429755747318268
35,4,128,58,0.40588322281837463,0.25433865189552307
35,4,128,59,0.6061567068099976,0.1960599422454834
35,4,128,60,0.5534883737564087,0.17497336864471436
35,4,128,61,0.6149576306343079,0.17683452367782593
35,4,128,62,0.761471152305603,0.1367381066083908
35,4,128,63,0.2998431921005249,0.07868469506502151
35,4,128,64,0.6846039295196533,0.2636276185512543
35,4,128,65,0.5088165402412415,0.11604777723550797
35,4,128,66,0.7372546792030334,0.1888662427663803
35,4,128,67,0.48434844613075256,0.06817251443862915
35,4,128,68,0.38452523946762085,0.05719173699617386
35,4,128,69,0.3931732475757599,0.06487052142620087
35,4,128,70,0.70513916015625,0.13643668591976166
35,4,128,71,0.6793032884597778,0.10067393630743027
35,4,128,72,0.4054921865463257,0.04147902876138687
35,4,128,73,0.7127730250358582,0.16888155043125153
35,4,128,74,0.4652501046657562,0.056329939514398575
35,4,128,75,0.4780484437942505,0.19897328317165375
35,4,128,76,0.6916584372520447,0.15782256424427032
35,4,128,77,0.4355844557285309,0.10800574719905853
35,4,128,78,0.5392540693283081,0.07088923454284668
35,4,128,79,0.6944414377212524,0.17729413509368896
35,4,128,80,0.6688966751098633,0.30820298194885254
35,4,128,81,0.3188629448413849,0.13259807229042053
35,4,128,82,0.38199758529663086,0.08194483816623688
35,4,128,83,0.5444889068603516,0.10562807321548462
35,4,128,84,0.4563539922237396,0.05488859862089157
35,4,128,85,0.30039042234420776,0.215203657746315
35,4,128,86,0.5476461052894592,0.09755315631628036
35,4,128,87,0.6369637250900269,0.24806247651576996
35,4,128,88,0.4505610167980194,0.20992374420166016
35,4,128,89,0.7915925979614258,0.12624788284301758
35,4,128,90,0.7803196310997009,0.1417132318019867
35,4,128,91,0.6535353660583496,0.2444213330745697
35,4,128,92,0.46033036708831787,0.09093093127012253
35,4,128,93,0.5763149857521057,0.11352682113647461
35,4,128,94,0.615220844745636,0.08496340364217758
35,4,128,95,0.7383219599723816,0.1913515329360962
35,4,128,96,0.4211309254169464,0.08362551778554916
35,4,128,97,0.6467213034629822,0.07317647337913513
35,4,128,98,0.3623436689376831,0.11760976165533066
35,4,128,99,0.3412921130657196,0.20879653096199036
35,4,128,100,0.5949835777282715,0.05165661871433258
35,4,128,101,0.2092156857252121,0.12645593285560608
35,4,128,102,0.5945996046066284,0.09527204930782318
35,4,128,103,0.6493342518806458,0.31293925642967224
35,4,128,104,0.5882362127304077,0.12599411606788635
35,4,128,105,0.7343788146972656,0.125056654214859
35,4,128,106,0.26912543177604675,0.17999325692653656
35,4,128,107,0.6614658832550049,0.23822864890098572
35,4,128,108,0.5705776810646057,0.1418464481830597
35,4,128,109,0.4771876335144043,0.07871365547180176
35,4,128,110,0.46043407917022705,0.13025258481502533
35,4,128,111,0.7326102256774902,0.09195633232593536
35,4,128,112,0.5177502036094666,0.14484472572803497
35,4,128,113,0.680334746837616,0.2243538200855255
35,4,128,114,0.3770257234573364,0.09814877808094025
35,4,128,115,0.5899843573570251,0.07994826138019562
35,4,128,116,0.6356856822967529,0.17681492865085602
35,4,128,117,0.39508897066116333,0.19476379454135895
35,4,128,118,0.6646178364753723,0.22163984179496765
35,4,128,119,0.35526660084724426,0.08029832690954208
35,4,128,120,0.6197267174720764,0.07850667834281921
35,4,128,121,0.4342462718486786,0.06647234410047531
35,4,128,122,0.5904562473297119,0.15478292107582092
35,4,128,123,0.3759298622608185,0.10191933065652847
35,4,128,124,0.580119252204895,0.1511845588684082
35,4,128,125,0.494127482175827,0.07468203455209732
35,4,128,126,0.39114096760749817,0.13414470851421356
35,4,128,127,0.3845743238925934,0.19559898972511292
35,5,128,0,0.7621349692344666,0.19975191354751587
35,5,128,1,0.6483801007270813,0.2382965087890625
35,5,128,2,0.5369914174079895,0.11763182282447815
35,5,128,3,0.6458142995834351,0.23198667168617249
35,5,128,4,0.7320315837860107,0.1623678207397461
35,5,128,5,0.4138723611831665,0.08171497285366058
35,5,128,6,0.45660606026649475,0.17252612113952637
35,5,128,7,0.4054161310195923,0.11288765072822571
35,5,128,8,0.723634660243988,0.12909387052059174
35,5,128,9,0.7640386819839478,0.09129095077514648
35,5,128,10,0.30996018648147583,0.17119508981704712
35,5,128,11,0.6945211291313171,0.21643735468387604
35,5,128,12,0.5770454406738281,0.10906152427196503
35,5,128,13,0.680681049823761,0.27662938833236694
35,5,128,14,0.3192366063594818,0.12945429980754852
35,5,128,15,0.8048797845840454,0.17530536651611328
35,5,128,16,0.716213047504425,0.2086189240217209
35,5,128,17,0.36833426356315613,0.15433159470558167
35,5,128,18,0.5592182278633118,0.03825455531477928
35,5,128,19,0.7155904769897461,0.13124980032444
35,5,128,20,0.343562513589859,0.13739146292209625
35,5,128,21,0.3196171820163727,0.19324256479740143
35,5,128,22,0.7540889382362366,0.16512325406074524
35,5,128,23,0.6475669145584106,0.18608662486076355
35,5,128,24,0.302910715341568,0.08370611071586609
35,5,128,25,0.661283552646637,0.2635478973388672
35,5,128,26,0.5111284852027893,0.04528574272990227
35,5,128,27,0.6528897881507874,0.1403127759695053
35,5,128,28,0.5423428416252136,0.031432993710041046
35,5,128,29,0.6565459966659546,0.12447108328342438
35,5,128,30,0.28792011737823486,0.17092064023017883
35,5,128,31,0.7025049924850464,0.22303609549999237
35,5,128,32,0.3410875201225281,0.10972371697425842
35,5,128,33,0.2657104730606079,0.22680889070034027
35,5,128,34,0.685183584690094,0.21811556816101074
35,5,128,35,0.4764794707298279,0.06528057903051376
35,5,128,36,0.7067406177520752,0.18886832892894745
35,5,128,37,0.4413765072822571,0.07190745323896408
35,5,128,38,0.7523783445358276,0.21526798605918884
35,5,128,39,0.7450994849205017,0.25397247076034546
35,5,128,40,0.7611197829246521,0.12683731317520142
35,5,128,41,0.5391041040420532,0.06249150261282921
35,5,128,42,0.6941686868667603,0.2420182228088379
35,5,128,43,0.7313267588615417,0.2022489458322525
35,5,128,44,0.6754114627838135,0.11158284544944763
35,5,128,45,0.7088295221328735,0.19326137006282806
35,5,128,46,0.3632737696170807,0.16533932089805603
35,5,128,47,0.33856746554374695,0.0683998093008995
35,5,128,48,0.3647776246070862,0.19516107439994812
35,5,128,49,0.7929768562316895,0.15028433501720428
35,5,128,50,0.601188063621521,0.16061177849769592
35,5,128,51,0.32648181915283203,0.1305406540632248
35,5,128,52,0.5957455039024353,0.06846622377634048
35,5,128,53,0.2992045283317566,0.17738193273544312
35,5,128,54,0.6194533109664917,0.06268523633480072
35,5,128,55,0.41435104608535767,0.11167945712804794
35,5,128,56,0.657849907875061,0.20059970021247864
35,5,128,57,0.6418799161911011,0.0921768844127655
35,5,128,58,0.6657022833824158,0.2007657289505005
35,5,128,59,0.6974969506263733,0.21162471175193787
35,5,128,60,0.6984251737594604,0.24214792251586914
35,5,128,61,0.6979547142982483,0.14559239149093628
35,5,128,62,0.7550585865974426,0.20256875455379486
35,5,128,63,0.6759898662567139,0.22827903926372528
35,5,128,64,0.7656850218772888,0.20390498638153076
35,5,128,65,0.7597638368606567,0.15962350368499756
35,5,128,66,0.754818856716156,0.24179688096046448
35,5,128,67,0.3074478805065155,0.21767832338809967
35,5,128,68,0.24284960329532623,0.1697179675102234
35,5,128,69,0.6780678033828735,0.16543574631214142
35,5,128,70,0.7172240614891052,0.2400396466255188
35,5,128,71,0.5941675305366516,0.14924947917461395
35,5,128,72,0.7008790969848633,0.22666864097118378
35,5,128,73,0.707660973072052,0.24376830458641052
35,5,128,74,0.6629552245140076,0.07115664333105087
35,5,128,75,0.7247920632362366,0.16991589963436127
35,5,128,76,0.32913506031036377,0.1955682784318924
35,5,128,77,0.725287914276123,0.18913117051124573
35,5,128,78,0.6642054319381714,0.14297422766685486
35,5,128,79,0.6318076252937317,0.20170584321022034
35,5,128,80,0.7575604915618896,0.15407094359397888
35,5,128,81,0.25455841422080994,0.16962330043315887
35,5,128,82,0.7627898454666138,0.11380798369646072
35,5,128,83,0.7331616878509521,0.2659887969493866
35,5,128,84,0.7068691849708557,0.2390735149383545
35,5,128,85,0.7106326222419739,0.17097064852714539
35,5,128,86,0.3388085663318634,0.1617790311574936
35,5,128,87,0.5656482577323914,0.10886381566524506
35,5,128,88,0.5730795860290527,0.024486081674695015
35,5,128,89,0.6832441687583923,0.16094772517681122
35,5,128,90,0.6007780432701111,0.1346023976802826
35,5,128,91,0.6963379383087158,0.22273313999176025
35,5,128,92,0.7161385416984558,0.12961596250534058
35,5,128,93,0.7752493023872375,0.14312534034252167
35,5,128,94,0.6737251281738281,0.23146115243434906
35,5,128,95,0.7682556509971619,0.24821288883686066
35,5,128,96,0.5363475680351257,0.05535485967993736
35,5,128,97,0.5506400465965271,0.061552077531814575
35,5,128,98,0.41548997163772583,0.11724667996168137
35,5,128,99,0.7155836820602417,0.23893198370933533
35,5,128,100,0.2923908829689026,0.19475364685058594
35,5,128,101,0.27311891317367554,0.07433179765939713
35,5,128,102,0.6925287246704102,0.26285111904144287
35,5,128,103,0.23938937485218048,0.1437496840953827
35,5,128,104,0.7187209725379944,0.23384232819080353
35,5,128,105,0.656282365322113,0.21835368871688843
35,5,128,106,0.4962640404701233,0.030848709866404533
35,5,128,107,0.7352530360221863,0.16829808056354523
35,5,128,108,0.2480810582637787,0.19869272410869598
35,5,128,109,0.42243027687072754,0.08723148703575134
35,5,128,110,0.7291703820228577,0.15238530933856964
35,5,128,111,0.5357871651649475,0.06576686352491379
35,5,128,112,0.35628852248191833,0.1385483294725418
35,5,128,113,0.773366391658783,0.14756332337856293
35,5,128,114,0.6913760304450989,0.23118235170841217
35,5,128,115,0.3202493190765381,0.20176498591899872
35,5,128,116,0.616951584815979,0.20902463793754578
35,5,128,117,0.5927062034606934,0.1954101324081421
35,5,128,118,0.7178001403808594,0.17890425026416779
35,5,128,119,0.49785473942756653,0.08487878739833832
35,5,128,120,0.6120538711547852,0.08013439923524857
35,5,128,121,0.5207594633102417,0.12498752772808075
35,5,128,122,0.6840713620185852,0.12214162200689316
35,5,128,123,0.756101667881012,0.14299608767032623
35,5,128,124,0.3665430545806885,0.09122003614902496
35,5,128,125,0.7319608926773071,0.1452377289533615
35,5,128,126,0.3989885747432709,0.10506806522607803
35,5,128,127,0.36990660429000854,0.17571967840194702
36,0,32,0,0.3892715275287628,0.06600956618785858
36,0,32,1,0.39311879873275757,0.06080135703086853
36,0,32,2,0.441316157579422,0.080340676009655
36,0,32,3,0.518562912940979,0.09573906660079956
36,0,32,4,0.5692374110221863,0.13890598714351654
36,0,32,5,0.37316933274269104,0.060321658849716187
36,0,32,6,0.4857175946235657,0.05733781307935715
36,0,32,7,0.5149228572845459,0.1585148721933365
36,0,32,8,0.5066336989402771,0.06503158062696457
36,0,32,9,0.585169792175293,0.09666075557470322
36,0,32,10,0.36279720067977905,0.06387893855571747
36,0,32,11,0.5361477136611938,0.18629266321659088
36,0,32,12,0.4889732599258423,0.06303451210260391
36,0,32,13,0.614578366279602,0.09375898540019989
36,0,32,14,0.5282045602798462,0.12489575892686844
36,0,32,15,0.5138028264045715,0.14347897469997406
36,0,32,16,0.4602627456188202,0.08385185152292252
36,0,32,17,0.4193446934223175,0.134591743350029
36,0,32,18,0.6253852248191833,0.05470074340701103
36,0,32,19,0.40578073263168335,0.05397310480475426
36,0,32,20,0.47472935914993286,0.08045577257871628
36,0,32,21,0.5366255044937134,0.0627068430185318
36,0,32,22,0.7489711046218872,0.04284001141786575
36,0,32,23,0.5618996024131775,0.15422582626342773
36,0,32,24,0.4403773844242096,0.1732703596353531
36,0,32,25,0.42436137795448303,0.14129023253917694
36,0,32,26,0.5357807874679565,0.029921652749180794
36,0,32,27,0.4092036783695221,0.08488713204860687
36,0,32,28,0.38950082659721375,0.1070818305015564
36,0,32,29,0.6182963848114014,0.0848434790968895
36,0,32,30,0.4784000515937805,0.1355520486831665
36,0,32,31,0.5209692120552063,0.09431281685829163
36,1,32,0,0.5549613833427429,0.08508847653865814
36,1,32,1,0.6109310388565063,0.09171737730503082
36,1,32,2,0.44244468212127686,0.04649920016527176
36,1,32,3,0.5277274250984192,0.07403203845024109
36,1,32,4,0.3925628960132599,0.021984698250889778
36,1,32,5,0.4179937243461609,0.03294451907277107
36,1,32,6,0.4832342565059662,0.04571014270186424
36,1,32,7,0.513147234916687,0.07176801562309265
36,1,32,8,0.3634973168373108,0.06895158439874649
36,1,32,9,0.5970280170440674,0.03185099735856056
36,1,32,10,0.4970451295375824,0.12647920846939087
36,1,32,11,0.4614536762237549,0.07965055108070374
36,1,32,12,0.6752659678459167,0.053345099091529846
36,1,32,13,0.6253309845924377,0.03863184154033661
36,1,32,14,0.4824140667915344,0.0768585130572319
36,1,32,15,0.4747546315193176,0.06406988948583603
36,1,32,16,0.5765949487686157,0.041084155440330505
36,1,32,17,0.620093822479248,0.12539026141166687
36,1,32,18,0.5956390500068665,0.041675057262182236
36,1,32,19,0.376874178647995,0.026014477014541626
36,1,32,20,0.6211056113243103,0.042875971645116806
36,1,32,21,0.5967373847961426,0.06055012717843056
36,1,32,22,0.519088864326477,0.09608981013298035
36,1,32,23,0.5102570056915283,0.07282085716724396
36,1,32,24,0.4904533326625824,0.029633663594722748
36,1,32,25,0.5422951579093933,0.09122803062200546
36,1,32,26,0.5568529963493347,0.04533722996711731
36,1,32,27,0.570385217666626,0.039895690977573395
36,1,32,28,0.48083212971687317,0.16820991039276123
36,1,32,29,0.5190661549568176,0.06099114194512367
36,1,32,30,0.5685673356056213,0.0768502727150917
36,1,32,31,0.6387393474578857,0.06512794643640518
36,2,64,0,0.6227946877479553,0.19314301013946533
36,2,64,1,0.5420733690261841,0.23270687460899353
36,2,64,2,0.558348536491394,0.05408007651567459
36,2,64,3,0.4459332823753357,0.13586671650409698
36,2,64,4,0.635394275188446,0.0748424381017685
36,2,64,5,0.4264005720615387,0.16015644371509552
36,2,64,6,0.5681636929512024,0.1683664619922638
36,2,64,7,0.5270043015480042,0.14822553098201752
36,2,64,8,0.5287491083145142,0.19604048132896423
36,2,64,9,0.4928804337978363,0.05539654940366745
36,2,64,10,0.38970935344696045,0.16059407591819763
36,2,64,11,0.2688872516155243,0.13038206100463867
36,2,64,12,0.34265729784965515,0.1178186684846878
36,2,64,13,0.6256728768348694,0.2112952023744583
36,2,64,14,0.6124638319015503,0.21683074533939362
36,2,64,15,0.44939669966697693,0.2205105572938919
36,2,64,16,0.3620043396949768,0.14788563549518585
36,2,64,17,0.6838528513908386,0.12459550052881241
36,2,64,18,0.5097467303276062,0.08712298423051834
36,2,64,19,0.3584885001182556,0.1206146776676178
36,2,64,20,0.31951427459716797,0.12709499895572662
36,2,64,21,0.6587337851524353,0.14729146659374237
36,2,64,22,0.5262234807014465,0.10706030577421188
36,2,64,23,0.5907608866691589,0.13978250324726105
36,2,64,24,0.6202259659767151,0.0925222635269165
36,2,64,25,0.526633620262146,0.1396385282278061
36,2,64,26,0.4763476252555847,0.090217225253582
36,2,64,27,0.6567151546478271,0.18026863038539886
36,2,64,28,0.5035707950592041,0.18654921650886536
36,2,64,29,0.5810531973838806,0.0913085788488388
36,2,64,30,0.38363587856292725,0.14609140157699585
36,2,64,31,0.6236119270324707,0.18232260644435883
36,2,64,32,0.46035221219062805,0.19160503149032593
36,2,64,33,0.42542409896850586,0.18641485273838043
36,2,64,34,0.3679521977901459,0.14878080785274506
36,2,64,35,0.3680686056613922,0.07765457034111023
36,2,64,36,0.5425964593887329,0.14594894647598267
36,2,64,37,0.45932531356811523,0.2578916847705841
36,2,64,38,0.7365802526473999,0.11057595163583755
36,2,64,39,0.4836938977241516,0.09229816496372223
36,2,64,40,0.46268293261528015,0.051357295364141464
36,2,64,41,0.45449143648147583,0.1316937953233719
36,2,64,42,0.45175254344940186,0.0766676813364029
36,2,64,43,0.5566608905792236,0.10510530322790146
36,2,64,44,0.5447114109992981,0.11861668527126312
36,2,64,45,0.4345800280570984,0.1127108782529831
36,2,64,46,0.4059366285800934,0.13242173194885254
36,2,64,47,0.3891533315181732,0.10559926927089691
36,2,64,48,0.4013465344905853,0.14439509809017181
36,2,64,49,0.33648523688316345,0.1612098217010498
36,2,64,50,0.4519035816192627,0.08322419971227646
36,2,64,51,0.7083043456077576,0.10596727579832077
36,2,64,52,0.48996132612228394,0.23294198513031006
36,2,64,53,0.3471049964427948,0.1263057291507721
36,2,64,54,0.43973273038864136,0.10624552518129349
36,2,64,55,0.5703229308128357,0.18072274327278137
36,2,64,56,0.3187931776046753,0.1854587197303772
36,2,64,57,0.6298061609268188,0.12502388656139374
36,2,64,58,0.34379062056541443,0.1272014081478119
36,2,64,59,0.4327734410762787,0.1544303596019745
36,2,64,60,0.407225638628006,0.1825859397649765
36,2,64,61,0.5140567421913147,0.20094989240169525
36,2,64,62,0.6763932704925537,0.07869357615709305
36,2,64,63,0.507646918296814,0.19129477441310883
36,3,64,0,0.4220283329486847,0.11054955422878265
36,3,64,1,0.37823936343193054,0.1346413940191269
36,3,64,2,0.46471360325813293,0.12166547030210495
36,3,64,3,0.4994412362575531,0.09588170051574707
36,3,64,4,0.5507540702819824,0.08517754822969437
36,3,64,5,0.6166139245033264,0.12588047981262207
36,3,64,6,0.5184549689292908,0.10416341572999954
36,3,64,7,0.49908676743507385,0.17797628045082092
36,3,64,8,0.5927550792694092,0.08965838700532913
36,3,64,9,0.4737592041492462,0.18485073745250702
36,3,64,10,0.508150577545166,0.15582601726055145
36,3,64,11,0.5267649292945862,0.1577729880809784
36,3,64,12,0.5446518063545227,0.11618370562791824
36,3,64,13,0.4465835988521576,0.11543826013803482
36,3,64,14,0.5256384015083313,0.06818225979804993
36,3,64,15,0.49158376455307007,0.0958525612950325
36,3,64,16,0.5082247853279114,0.14189891517162323
36,3,64,17,0.5798243880271912,0.10245168209075928
36,3,64,18,0.34981435537338257,0.08335673063993454
36,3,64,19,0.5829421281814575,0.052487563341856
36,3,64,20,0.44454389810562134,0.14712092280387878
36,3,64,21,0.418795108795166,0.1460610330104828
36,3,64,22,0.5944625735282898,0.08321081101894379
36,3,64,23,0.5672622323036194,0.08754018694162369
36,3,64,24,0.3715278208255768,0.14927072823047638
36,3,64,25,0.5195147395133972,0.07220549881458282
36,3,64,26,0.45061349868774414,0.1391483098268509
36,3,64,27,0.45589932799339294,0.1722298264503479
36,3,64,28,0.40290695428848267,0.06034310162067413
36,3,64,29,0.4075242578983307,0.14394709467887878
36,3,64,30,0.5289840698242188,0.10747689008712769
36,3,64,31,0.5062943696975708,0.22359198331832886
36,3,64,32,0.5458334684371948,0.09139594435691833
36,3,64,33,0.5430343151092529,0.12770141661167145
36,3,64,34,0.5309199690818787,0.1492784023284912
36,3,64,35,0.5268117785453796,0.20289506018161774
36,3,64,36,0.4581933319568634,0.08014252036809921
36,3,64,37,0.4417629539966583,0.11523304879665375
36,3,64,38,0.6159528493881226,0.16720318794250488
36,3,64,39,0.46688181161880493,0.15731504559516907
36,3,64,40,0.42725008726119995,0.0965273380279541
36,3,64,41,0.4483989477157593,0.08382754027843475
36,3,64,42,0.505511999130249,0.15118050575256348
36,3,64,43,0.4725167453289032,0.11639327555894852
36,3,64,44,0.45375049114227295,0.055937349796295166
36,3,64,45,0.4563361704349518,0.13692133128643036
36,3,64,46,0.5936334133148193,0.11400782316923141
36,3,64,47,0.5821059346199036,0.15816859900951385
36,3,64,48,0.5457125306129456,0.16215667128562927
36,3,64,49,0.554825484752655,0.25378960371017456
36,3,64,50,0.4471724033355713,0.09211591631174088
36,3,64,51,0.4571753442287445,0.054474376142024994
36,3,64,52,0.40095773339271545,0.16488775610923767
36,3,64,53,0.4683140516281128,0.10473421961069107
36,3,64,54,0.3508782386779785,0.1490379124879837
36,3,64,55,0.5731610059738159,0.13580065965652466
36,3,64,56,0.5575972199440002,0.14335359632968903
36,3,64,57,0.5228578448295593,0.1079801395535469
36,3,64,58,0.7043024897575378,0.06818811595439911
36,3,64,59,0.3733140826225281,0.13087697327136993
36,3,64,60,0.43477296829223633,0.14919298887252808
36,3,64,61,0.5557813048362732,0.062481921166181564
36,3,64,62,0.620817244052887,0.09413111209869385
36,3,64,63,0.673080325126648,0.1254807859659195
36,4,128,0,0.6417512893676758,0.06188838183879852
36,4,128,1,0.557033360004425,0.2031942903995514
36,4,128,2,0.7261249423027039,0.08892074972391129
36,4,128,3,0.3581795394420624,0.15933635830879211
36,4,128,4,0.3595098853111267,0.10044592618942261
36,4,128,5,0.5436452031135559,0.12198304384946823
36,4,128,6,0.39481762051582336,0.23074573278427124
36,4,128,7,0.32807067036628723,0.25494226813316345
36,4,128,8,0.5991461873054504,0.09701087325811386
36,4,128,9,0.7265673279762268,0.13957549631595612
36,4,128,10,0.7519790530204773,0.11935710161924362
36,4,128,11,0.5348590016365051,0.1999916434288025
36,4,128,12,0.5804182887077332,0.20854997634887695
36,4,128,13,0.7029567956924438,0.07852669805288315
36,4,128,14,0.4727359116077423,0.25034061074256897
36,4,128,15,0.47457587718963623,0.2566411793231964
36,4,128,16,0.47986945509910583,0.08452769368886948
36,4,128,17,0.5684197545051575,0.15033714473247528
36,4,128,18,0.48866358399391174,0.22606533765792847
36,4,128,19,0.6712175011634827,0.19207431375980377
36,4,128,20,0.7177852392196655,0.23588025569915771
36,4,128,21,0.7571460008621216,0.07625201344490051
36,4,128,22,0.703321635723114,0.24139682948589325
36,4,128,23,0.4626743793487549,0.26985955238342285
36,4,128,24,0.6791690587997437,0.09531043469905853
36,4,128,25,0.40382862091064453,0.18923930823802948
36,4,128,26,0.6816235184669495,0.18547311425209045
36,4,128,27,0.622290313243866,0.3806086480617523
36,4,128,28,0.5350049138069153,0.3010464310646057
36,4,128,29,0.5953155159950256,0.2718292772769928
36,4,128,30,0.2690351605415344,0.16234666109085083
36,4,128,31,0.6062065958976746,0.2680475115776062
36,4,128,32,0.5957292914390564,0.24614915251731873
36,4,128,33,0.3910215497016907,0.23227307200431824
36,4,128,34,0.41426941752433777,0.24562636017799377
36,4,128,35,0.5765045881271362,0.21142317354679108
36,4,128,36,0.5814507603645325,0.16605593264102936
36,4,128,37,0.4948919117450714,0.11669955402612686
36,4,128,38,0.7126911282539368,0.07145481556653976
36,4,128,39,0.6220515370368958,0.27219700813293457
36,4,128,40,0.46673330664634705,0.1334572732448578
36,4,128,41,0.45785510540008545,0.1368001252412796
36,4,128,42,0.7407578229904175,0.06842409819364548
36,4,128,43,0.5236326456069946,0.07351304590702057
36,4,128,44,0.5179113745689392,0.19799084961414337
36,4,128,45,0.5128401517868042,0.17767155170440674
36,4,128,46,0.656831681728363,0.19167070090770721
36,4,128,47,0.5626563429832458,0.3402249813079834
36,4,128,48,0.4519594609737396,0.16119715571403503
36,4,128,49,0.4713536500930786,0.2964518070220947
36,4,128,50,0.6575475335121155,0.2943832576274872
36,4,128,51,0.5125163197517395,0.34058478474617004
36,4,128,52,0.6934533715248108,0.10278769582509995
36,4,128,53,0.4039791524410248,0.30499064922332764
36,4,128,54,0.6764031052589417,0.1126706674695015
36,4,128,55,0.5342296361923218,0.09539861977100372
36,4,128,56,0.629154622554779,0.25237369537353516
36,4,128,57,0.2628263533115387,0.2694986164569855
36,4,128,58,0.52462238073349,0.21781398355960846
36,4,128,59,0.7759578227996826,0.12043218314647675
36,4,128,60,0.46037212014198303,0.2530621886253357
36,4,128,61,0.6398236155509949,0.30138179659843445
36,4,128,62,0.6026490926742554,0.21228116750717163
36,4,128,63,0.6619861721992493,0.18458332121372223
36,4,128,64,0.4233677387237549,0.20894761383533478
36,4,128,65,0.33007463812828064,0.07428789883852005
36,4,128,66,0.6027001142501831,0.24146048724651337
36,4,128,67,0.5834457278251648,0.09450575709342957
36,4,128,68,0.6678639650344849,0.21321643888950348
36,4,128,69,0.5608139038085938,0.3640179932117462
36,4,128,70,0.7864013910293579,0.09250619262456894
36,4,128,71,0.6365945339202881,0.2719946503639221
36,4,128,72,0.7128593325614929,0.18351073563098907
36,4,128,73,0.746161162853241,0.15099816024303436
36,4,128,74,0.5730947256088257,0.2942782938480377
36,4,128,75,0.6122196316719055,0.3575397729873657
36,4,128,76,0.7697495222091675,0.06947333365678787
36,4,128,77,0.783396303653717,0.09706400334835052
36,4,128,78,0.5652687549591064,0.3364362120628357
36,4,128,79,0.4270395338535309,0.18807965517044067
36,4,128,80,0.4587967097759247,0.2571599781513214
36,4,128,81,0.5713687539100647,0.11068753153085709
36,4,128,82,0.7505852580070496,0.07858940213918686
36,4,128,83,0.5984570384025574,0.4033454656600952
36,4,128,84,0.48190340399742126,0.2755696773529053
36,4,128,85,0.6212098598480225,0.10686784237623215
36,4,128,86,0.44196227192878723,0.12983575463294983
36,4,128,87,0.6686344146728516,0.08976178616285324
36,4,128,88,0.5993423461914062,0.34431394934654236
36,4,128,89,0.3178570866584778,0.08040434122085571
36,4,128,90,0.36130422353744507,0.22000077366828918
36,4,128,91,0.48820820450782776,0.06966181099414825
36,4,128,92,0.45368170738220215,0.31128790974617004
36,4,128,93,0.6113765239715576,0.18610155582427979
36,4,128,94,0.5572800636291504,0.29969483613967896
36,4,128,95,0.784724771976471,0.09174276143312454
36,4,128,96,0.6551833152770996,0.11108385771512985
36,4,128,97,0.6220014691352844,0.17060478031635284
36,4,128,98,0.325569748878479,0.2141953855752945
36,4,128,99,0.7093144059181213,0.11875071376562119
36,4,128,100,0.7308725714683533,0.10044483840465546
36,4,128,101,0.5535411238670349,0.15593822300434113
36,4,128,102,0.4381890594959259,0.22034771740436554
36,4,128,103,0.4780387878417969,0.19071361422538757
36,4,128,104,0.6377102732658386,0.07983726263046265
36,4,128,105,0.6700915694236755,0.13103729486465454
36,4,128,106,0.5827826261520386,0.17035140097141266
36,4,128,107,0.40995097160339355,0.2541487514972687
36,4,128,108,0.4300241768360138,0.2600690424442291
36,4,128,109,0.32439985871315,0.2809749245643616
36,4,128,110,0.5555083155632019,0.264879047870636
36,4,128,111,0.8536689877510071,0.06595359742641449
36,4,128,112,0.4468534290790558,0.13319478929042816
36,4,128,113,0.6867705583572388,0.09109000116586685
36,4,128,114,0.705327570438385,0.09215552359819412
36,4,128,115,0.3509875237941742,0.2541852593421936
36,4,128,116,0.6586331725120544,0.22719183564186096
36,4,128,117,0.4932671785354614,0.316316694021225
36,4,128,118,0.6891168355941772,0.12963168323040009
36,4,128,119,0.3958717882633209,0.2525547444820404
36,4,128,120,0.4133604168891907,0.24235455691814423
36,4,128,121,0.610708475112915,0.3362462818622589
36,4,128,122,0.3254700005054474,0.2737259268760681
36,4,128,123,0.4109349846839905,0.25244247913360596
36,4,128,124,0.5147584676742554,0.16477230191230774
36,4,128,125,0.29768121242523193,0.23120009899139404
36,4,128,126,0.4425053000450134,0.2440660297870636
36,4,128,127,0.4714835286140442,0.07215873152017593
36,5,128,0,0.749268651008606,0.26684659719467163
36,5,128,1,0.6482791900634766,0.2945077419281006
36,5,128,2,0.471961110830307,0.1703197956085205
36,5,128,3,0.8661645650863647,0.10541645437479019
36,5,128,4,0.6537836194038391,0.13104984164237976
36,5,128,5,0.4352962076663971,0.3405452072620392
36,5,128,6,0.6322352290153503,0.21267032623291016
36,5,128,7,0.7342051863670349,0.19923420250415802
36,5,128,8,0.7733348608016968,0.1800096482038498
36,5,128,9,0.6692386269569397,0.277309775352478
36,5,128,10,0.7991843819618225,0.16638128459453583
36,5,128,11,0.7402674555778503,0.1331348568201065
36,5,128,12,0.5414993166923523,0.226215660572052
36,5,128,13,0.8292796611785889,0.10856785625219345
36,5,128,14,0.7093910574913025,0.07139004021883011
36,5,128,15,0.7089815735816956,0.2821041941642761
36,5,128,16,0.3580928444862366,0.149733304977417
36,5,128,17,0.802262544631958,0.06255581229925156
36,5,128,18,0.6501733660697937,0.15154388546943665
36,5,128,19,0.7195279002189636,0.271139919757843
36,5,128,20,0.7907947897911072,0.19291697442531586
36,5,128,21,0.8196604251861572,0.1294277012348175
36,5,128,22,0.6989148259162903,0.21634230017662048
36,5,128,23,0.8614007830619812,0.09765973687171936
36,5,128,24,0.6761420965194702,0.23476366698741913
36,5,128,25,0.42919740080833435,0.1913016140460968
36,5,128,26,0.6485709547996521,0.10800053924322128
36,5,128,27,0.7746074199676514,0.2362368106842041
36,5,128,28,0.5625571012496948,0.2271157205104828
36,5,128,29,0.7997459769248962,0.1554446965456009
36,5,128,30,0.6071410775184631,0.2140541970729828
36,5,128,31,0.6540830731391907,0.3424057066440582
36,5,128,32,0.7253916263580322,0.17848120629787445
36,5,128,33,0.37543052434921265,0.3356066942214966
36,5,128,34,0.39116933941841125,0.27593284845352173
36,5,128,35,0.8450852632522583,0.10605578124523163
36,5,128,36,0.6745806932449341,0.3211608827114105
36,5,128,37,0.3525526225566864,0.18602074682712555
36,5,128,38,0.5527011156082153,0.21645334362983704
36,5,128,39,0.744909942150116,0.2108878344297409
36,5,128,40,0.8061473369598389,0.16177776455879211
36,5,128,41,0.37014731764793396,0.1089431643486023
36,5,128,42,0.5345968008041382,0.11100985109806061
36,5,128,43,0.739687979221344,0.1645662933588028
36,5,128,44,0.3379588723182678,0.23871047794818878
36,5,128,45,0.3543942868709564,0.3065279424190521
36,5,128,46,0.6790894269943237,0.2616036534309387
36,5,128,47,0.39536404609680176,0.12291447818279266
36,5,128,48,0.47540283203125,0.17430759966373444
36,5,128,49,0.7791074514389038,0.07200364023447037
36,5,128,50,0.7582877278327942,0.2723918557167053
36,5,128,51,0.7204676866531372,0.07103874534368515
36,5,128,52,0.730506420135498,0.17020708322525024
36,5,128,53,0.22461441159248352,0.09146343171596527
36,5,128,54,0.566733181476593,0.24654272198677063
36,5,128,55,0.6802404522895813,0.09866277128458023
36,5,128,56,0.2847276031970978,0.18708880245685577
36,5,128,57,0.706055760383606,0.2512860596179962
36,5,128,58,0.6560614109039307,0.22789964079856873
36,5,128,59,0.7974444627761841,0.11765620112419128
36,5,128,60,0.40586167573928833,0.3103519678115845
36,5,128,61,0.5777720808982849,0.10430225729942322
36,5,128,62,0.7130691409111023,0.19156402349472046
36,5,128,63,0.7450557947158813,0.20600512623786926
36,5,128,64,0.5237152576446533,0.2700522541999817
36,5,128,65,0.7947927117347717,0.17761613428592682
36,5,128,66,0.8384153842926025,0.14054061472415924
36,5,128,67,0.7689806818962097,0.2032882124185562
36,5,128,68,0.7423890829086304,0.2008739709854126
36,5,128,69,0.431650847196579,0.349677711725235
36,5,128,70,0.7367302775382996,0.16617999970912933
36,5,128,71,0.7211117148399353,0.24388784170150757
36,5,128,72,0.6450892686843872,0.3643859624862671
36,5,128,73,0.4502814710140228,0.32324156165122986
36,5,128,74,0.7217515110969543,0.2630831301212311
36,5,128,75,0.86138516664505,0.11616377532482147
36,5,128,76,0.6968129277229309,0.2633097767829895
36,5,128,77,0.6580995321273804,0.10699684917926788
36,5,128,78,0.8520968556404114,0.11801783740520477
36,5,128,79,0.6078702211380005,0.17473113536834717
36,5,128,80,0.7039127945899963,0.09354422986507416
36,5,128,81,0.42178672552108765,0.1533544361591339
36,5,128,82,0.8372026681900024,0.08343255519866943
36,5,128,83,0.7589492201805115,0.07095202058553696
36,5,128,84,0.3497971296310425,0.08068586140871048
36,5,128,85,0.7370700240135193,0.15697485208511353
36,5,128,86,0.8140012621879578,0.1108895018696785
36,5,128,87,0.7551713585853577,0.11489515751600266
36,5,128,88,0.7567571997642517,0.26700371503829956
36,5,128,89,0.36413922905921936,0.24608293175697327
36,5,128,90,0.6128916144371033,0.22704768180847168
36,5,128,91,0.7790737748146057,0.1816212236881256
36,5,128,92,0.7509472966194153,0.19357772171497345
36,5,128,93,0.728492021560669,0.15769454836845398
36,5,128,94,0.7080059051513672,0.14273671805858612
36,5,128,95,0.8603275418281555,0.1157122403383255
36,5,128,96,0.7958829998970032,0.17718952894210815
36,5,128,97,0.30193814635276794,0.3026837408542633
36,5,128,98,0.5870764851570129,0.04885521158576012
36,5,128,99,0.6644261479377747,0.23928895592689514
36,5,128,100,0.7269339561462402,0.20529888570308685
36,5,128,101,0.6503862738609314,0.150286003947258
36,5,128,102,0.5695058107376099,0.12433744221925735
36,5,128,103,0.3346656262874603,0.22638674080371857
36,5,128,104,0.7031586170196533,0.06569541245698929
36,5,128,105,0.7813804745674133,0.15818873047828674
36,5,128,106,0.4383389949798584,0.2443161904811859
36,5,128,107,0.39395982027053833,0.17866896092891693
36,5,128,108,0.47262829542160034,0.15107330679893494
36,5,128,109,0.6437153220176697,0.29256823658943176
36,5,128,110,0.32437095046043396,0.2562568187713623
36,5,128,111,0.8241539001464844,0.18177960813045502
36,5,128,112,0.28264492750167847,0.2298285812139511
36,5,128,113,0.8166830539703369,0.1173606589436531
36,5,128,114,0.530457615852356,0.18862025439739227
36,5,128,115,0.7871685028076172,0.12641297280788422
36,5,128,116,0.4187081456184387,0.15908147394657135
36,5,128,117,0.5755056142807007,0.10798279941082001
36,5,128,118,0.7762303352355957,0.1028624176979065
36,5,128,119,0.7955725789070129,0.1821608990430832
36,5,128,120,0.6676456928253174,0.32522809505462646
36,5,128,121,0.791860044002533,0.18501892685890198
36,5,128,122,0.4650197923183441,0.10547062009572983
36,5,128,123,0.665229320526123,0.33883136510849
36,5,128,124,0.7146844863891602,0.05413531884551048
36,5,128,125,0.5939082503318787,0.1446147859096527
36,5,128,126,0.31266483664512634,0.29943522810935974
36,5,128,127,0.39724594354629517,0.1235342025756836
37,0,32,0,0.599898099899292,0.12495425343513489
37,0,32,1,0.588058590888977,0.09467019885778427
37,0,32,2,0.6454347372055054,0.14102979004383087
37,0,32,3,0.5185865163803101,0.07638835906982422
37,0,32,4,0.48741117119789124,0.15287894010543823
37,0,32,5,0.45129743218421936,0.06223601847887039
37,0,32,6,0.650078535079956,0.05559566617012024
37,0,32,7,0.43936023116111755,0.13065855205059052
37,0,32,8,0.5330964922904968,0.15616410970687866
37,0,32,9,0.3951992392539978,0.10304270684719086
37,0,32,10,0.4982921779155731,0.05175433307886124
37,0,32,11,0.5216462016105652,0.05074949562549591
37,0,32,12,0.518889307975769,0.12017527967691422
37,0,32,13,0.42263463139533997,0.12342041730880737
37,0,32,14,0.4806455373764038,0.06381721049547195
37,0,32,15,0.6240869760513306,0.1469421088695526
37,0,32,16,0.49260827898979187,0.13315479457378387
37,0,32,17,0.4568530023097992,0.15515737235546112
37,0,32,18,0.5811164379119873,0.03063942678272724
37,0,32,19,0.525870680809021,0.15561078488826752
37,0,32,20,0.5246139764785767,0.10084173083305359
37,0,32,21,0.48886924982070923,0.1669272631406784
37,0,32,22,0.5966454148292542,0.10781004279851913
37,0,32,23,0.3355801999568939,0.07997927814722061
37,0,32,24,0.47356846928596497,0.06863657385110855
37,0,32,25,0.3849899172782898,0.10762378573417664
37,0,32,26,0.5810117125511169,0.10220039635896683
37,0,32,27,0.4215707778930664,0.0987539067864418
37,0,32,28,0.4752623736858368,0.13467663526535034
37,0,32,29,0.6295798420906067,0.0448441281914711
37,0,32,30,0.5257858037948608,0.08219435811042786
37,0,32,31,0.5163371562957764,0.06492964178323746
37,1,32,0,0.4470246136188507,0.053700514137744904
37,1,32,1,0.5705488920211792,0.042989056557416916
37,1,32,2,0.5143669843673706,0.0911865234375
37,1,32,3,0.5977258682250977,0.11125097423791885
37,1,32,4,0.556776225566864,0.03829175978899002
37,1,32,5,0.5360053181648254,0.029562339186668396
37,1,32,6,0.4696193337440491,0.07643787562847137
37,1,32,7,0.5228203535079956,0.08746370673179626
37,1,32,8,0.5104189515113831,0.07290855050086975
37,1,32,9,0.4466249942779541,0.06636646389961243
37,1,32,10,0.47648316621780396,0.03896915540099144
37,1,32,11,0.39517006278038025,0.0731319859623909
37,1,32,12,0.5460849404335022,0.07274039089679718
37,1,32,13,0.5226323008537292,0.0707654282450676
37,1,32,14,0.5444949865341187,0.07589202374219894
37,1,32,15,0.4528847336769104,0.05593353509902954
37,1,32,16,0.46047598123550415,0.09067226201295853
37,1,32,17,0.41007763147354126,0.0722949430346489
37,1,32,18,0.5359601378440857,0.09503979235887527
37,1,32,19,0.535129189491272,0.06872832030057907
37,1,32,20,0.5485862493515015,0.0583605021238327
37,1,32,21,0.43064525723457336,0.04693812131881714
37,1,32,22,0.48954978585243225,0.05021087825298309
37,1,32,23,0.507061243057251,0.02313896454870701
37,1,32,24,0.5192105174064636,0.05532455816864967
37,1,32,25,0.4688047170639038,0.042017772793769836
37,1,32,26,0.5917441248893738,0.0797656923532486
37,1,32,27,0.5288371443748474,0.06053172051906586
37,1,32,28,0.5410893559455872,0.05011887103319168
37,1,32,29,0.5113599300384521,0.05981731042265892
37,1,32,30,0.3922075033187866,0.03472530096769333
37,1,32,31,0.5300706028938293,0.05207534506917
37,2,64,0,0.5448625683784485,0.21397662162780762
37,2,64,1,0.3566265404224396,0.11623047292232513
37,2,64,2,0.4899553060531616,0.09367325901985168
37,2,64,3,0.43719056248664856,0.20645400881767273
37,2,64,4,0.4230453073978424,0.13553519546985626
37,2,64,5,0.6019255518913269,0.21253319084644318
37,2,64,6,0.684600293636322,0.1426001936197281
37,2,64,7,0.3669048547744751,0.17412333190441132
37,2,64,8,0.6121857762336731,0.09914302080869675
37,2,64,9,0.49927273392677307,0.06467694044113159
37,2,64,10,0.5596239566802979,0.04364992678165436
37,2,64,11,0.3462766706943512,0.21998991072177887
37,2,64,12,0.44045352935791016,0.07596848160028458
37,2,64,13,0.4045330286026001,0.09821896255016327
37,2,64,14,0.6019190549850464,0.1104554831981659
37,2,64,15,0.435403436422348,0.04553600400686264
37,2,64,16,0.3880630433559418,0.1282520741224289
37,2,64,17,0.6409633755683899,0.09269227087497711
37,2,64,18,0.6273729801177979,0.07537999004125595
37,2,64,19,0.33901679515838623,0.08986969292163849
37,2,64,20,0.5994950532913208,0.11573267728090286
37,2,64,21,0.6364801526069641,0.19873955845832825
37,2,64,22,0.36820849776268005,0.05099831521511078
37,2,64,23,0.4508342444896698,0.1231386661529541
37,2,64,24,0.5173822045326233,0.14996683597564697
37,2,64,25,0.4187048077583313,0.20125165581703186
37,2,64,26,0.5417742729187012,0.07599876075983047
37,2,64,27,0.5762955546379089,0.14734691381454468
37,2,64,28,0.6197023987770081,0.15940961241722107
37,2,64,29,0.40261122584342957,0.1493126004934311
37,2,64,30,0.3039136528968811,0.13392794132232666
37,2,64,31,0.5629372000694275,0.12886779010295868
37,2,64,32,0.4846901297569275,0.11340860277414322
37,2,64,33,0.4173539876937866,0.11615649610757828
37,2,64,34,0.521845817565918,0.14773914217948914
37,2,64,35,0.4973559081554413,0.05746876075863838
37,2,64,36,0.5017536282539368,0.07962764799594879
37,2,64,37,0.3885476887226105,0.1725997030735016
37,2,64,38,0.5583040118217468,0.18574002385139465
37,2,64,39,0.46000370383262634,0.12265042960643768
37,2,64,40,0.626971960067749,0.08297749608755112
37,2,64,41,0.617231547832489,0.2064656913280487
37,2,64,42,0.41275060176849365,0.15782934427261353
37,2,64,43,0.4099009037017822,0.04389546066522598
37,2,64,44,0.5384959578514099,0.12954942882061005
37,2,64,45,0.324612557888031,0.10738616436719894
37,2,64,46,0.6565521359443665,0.11866380274295807
37,2,64,47,0.37175318598747253,0.09894528239965439
37,2,64,48,0.6363019943237305,0.1893458366394043
37,2,64,49,0.6005324721336365,0.09106834977865219
37,2,64,50,0.4264850318431854,0.12863092124462128
37,2,64,51,0.5677903890609741,0.16146737337112427
37,2,64,52,0.602881908416748,0.23304525017738342
37,2,64,53,0.5038985013961792,0.06218888238072395
37,2,64,54,0.6154407262802124,0.12803809344768524
37,2,64,55,0.5050917863845825,0.10333548486232758
37,2,64,56,0.6085076928138733,0.12490174919366837
37,2,64,57,0.3347736597061157,0.17673109471797943
37,2,64,58,0.42590731382369995,0.136122927069664
37,2,64,59,0.48750701546669006,0.1859128326177597
37,2,64,60,0.41890376806259155,0.1605202853679657
37,2,64,61,0.4129330813884735,0.11755599826574326
37,2,64,62,0.7011094093322754,0.13778509199619293
37,2,64,63,0.5619314908981323,0.11904465407133102
37,3,64,0,0.48552820086479187,0.21164220571517944
37,3,64,1,0.7532131671905518,0.17088527977466583
37,3,64,2,0.6568880081176758,0.2159384936094284
37,3,64,3,0.7918651103973389,0.1146843209862709
37,3,64,4,0.5666042566299438,0.1524401754140854
37,3,64,5,0.4390513300895691,0.06740830093622208
37,3,64,6,0.45919087529182434,0.209720179438591
37,3,64,7,0.2576438784599304,0.13018196821212769
37,3,64,8,0.6870077848434448,0.12243171781301498
37,3,64,9,0.42147576808929443,0.15750837326049805
37,3,64,10,0.2900027930736542,0.08401567488908768
37,3,64,11,0.4911958575248718,0.13495105504989624
37,3,64,12,0.43434974551200867,0.12966910004615784
37,3,64,13,0.5474348068237305,0.21323883533477783
37,3,64,14,0.5005673170089722,0.029198287054896355
37,3,64,15,0.6655452251434326,0.2420751005411148
37,3,64,16,0.3766690790653229,0.07347491383552551
37,3,64,17,0.32662150263786316,0.1217254251241684
37,3,64,18,0.396646112203598,0.06878259032964706
37,3,64,19,0.26179808378219604,0.07804925739765167
37,3,64,20,0.7802767753601074,0.10397683084011078
37,3,64,21,0.4297020435333252,0.08358843624591827
37,3,64,22,0.31052130460739136,0.128675177693367
37,3,64,23,0.7001861929893494,0.28615155816078186
37,3,64,24,0.39434972405433655,0.19697362184524536
37,3,64,25,0.2852932810783386,0.09587743878364563
37,3,64,26,0.6573104858398438,0.27437537908554077
37,3,64,27,0.4126182198524475,0.17384128272533417
37,3,64,28,0.30458709597587585,0.2776244878768921
37,3,64,29,0.44198521971702576,0.11248961836099625
37,3,64,30,0.6723217368125916,0.0824427381157875
37,3,64,31,0.23789028823375702,0.17994850873947144
37,3,64,32,0.5999515056610107,0.15387609601020813
37,3,64,33,0.6435246467590332,0.2704751491546631
37,3,64,34,0.6002880930900574,0.14673443138599396
37,3,64,35,0.37389737367630005,0.2704443335533142
37,3,64,36,0.7450250387191772,0.12729109823703766
37,3,64,37,0.5487039685249329,0.05005272850394249
37,3,64,38,0.29569539427757263,0.2527637779712677
37,3,64,39,0.6112143993377686,0.029233895242214203
37,3,64,40,0.3515029847621918,0.09454625099897385
37,3,64,41,0.7111937403678894,0.2892034351825714
37,3,64,42,0.30674177408218384,0.16459022462368011
37,3,64,43,0.29250362515449524,0.11141178756952286
37,3,64,44,0.7844310998916626,0.10788010060787201
37,3,64,45,0.6106228828430176,0.25191736221313477
37,3,64,46,0.6379945874214172,0.21185937523841858
37,3,64,47,0.4088352918624878,0.08497348427772522
37,3,64,48,0.7031852006912231,0.06161564588546753
37,3,64,49,0.7071999311447144,0.2545793354511261
37,3,64,50,0.750571072101593,0.16561807692050934
37,3,64,51,0.6428892016410828,0.14457540214061737
37,3,64,52,0.48877447843551636,0.12699228525161743
37,3,64,53,0.6396887898445129,0.2717215120792389
37,3,64,54,0.5994183421134949,0.03264454007148743
37,3,64,55,0.45958611369132996,0.07704416662454605
37,3,64,56,0.5819708704948425,0.03461252897977829
37,3,64,57,0.6604384779930115,0.05452733486890793
37,3,64,58,0.6681684255599976,0.09630726277828217
37,3,64,59,0.3562151789665222,0.18440037965774536
37,3,64,60,0.7861913442611694,0.08044139295816422
37,3,64,61,0.5476466417312622,0.11753331869840622
37,3,64,62,0.39868324995040894,0.15740130841732025
37,3,64,63,0.34860023856163025,0.08937721699476242
37,4,128,0,0.37947845458984375,0.3020680248737335
37,4,128,1,0.30580398440361023,0.1418176293373108
37,4,128,2,0.6759844422340393,0.25073951482772827
37,4,128,3,0.7265011668205261,0.173037588596344
37,4,128,4,0.6455036401748657,0.14508721232414246
37,4,128,5,0.5276146531105042,0.09480559825897217
37,4,128,6,0.7158576250076294,0.278306245803833
37,4,128,7,0.3603038191795349,0.08875243365764618
37,4,128,8,0.5100553631782532,0.12717781960964203
37,4,128,9,0.5381396412849426,0.15682503581047058
37,4,128,10,0.6862581372261047,0.10986780375242233
37,4,128,11,0.364083468914032,0.16504359245300293
37,4,128,12,0.6734296679496765,0.33209699392318726
37,4,128,13,0.34523695707321167,0.34691646695137024
37,4,128,14,0.6679661273956299,0.11960353702306747
37,4,128,15,0.7614904046058655,0.09437364339828491
37,4,128,16,0.471182256937027,0.11635128408670425
37,4,128,17,0.74413001537323,0.08375616371631622
37,4,128,18,0.7240932583808899,0.06770668178796768
37,4,128,19,0.48906949162483215,0.0991746112704277
37,4,128,20,0.5125287175178528,0.15500374138355255
37,4,128,21,0.7902876734733582,0.21488893032073975
37,4,128,22,0.40055420994758606,0.31997379660606384
37,4,128,23,0.7889930009841919,0.0811675637960434
37,4,128,24,0.5267311930656433,0.16128228604793549
37,4,128,25,0.6598155498504639,0.30352383852005005
37,4,128,26,0.45684558153152466,0.25952237844467163
37,4,128,27,0.6139743328094482,0.11882395297288895
37,4,128,28,0.7877029180526733,0.06541232764720917
37,4,128,29,0.6618953943252563,0.17162322998046875
37,4,128,30,0.725963294506073,0.2965545058250427
37,4,128,31,0.7258791923522949,0.3240891695022583
37,4,128,32,0.6645136475563049,0.2984391748905182
37,4,128,33,0.7465546727180481,0.07363799214363098
37,4,128,34,0.4102112650871277,0.07929106801748276
37,4,128,35,0.6416393518447876,0.16578248143196106
37,4,128,36,0.6894927024841309,0.18526920676231384
37,4,128,37,0.3441987931728363,0.14905335009098053
37,4,128,38,0.4202226996421814,0.33079180121421814
37,4,128,39,0.7148517370223999,0.36656293272972107
37,4,128,40,0.6688539385795593,0.3292127549648285
37,4,128,41,0.6532549858093262,0.06277401745319366
37,4,128,42,0.5640908479690552,0.08455861359834671
37,4,128,43,0.7393103241920471,0.18508228659629822
37,4,128,44,0.665138304233551,0.07570057362318039
37,4,128,45,0.8217149376869202,0.09368493407964706
37,4,128,46,0.7984893918037415,0.0636160746216774
37,4,128,47,0.6452155709266663,0.08339706063270569
37,4,128,48,0.6770810484886169,0.36407384276390076
37,4,128,49,0.5323841571807861,0.12255831807851791
37,4,128,50,0.726212203502655,0.16380852460861206
37,4,128,51,0.27696776390075684,0.18371982872486115
37,4,128,52,0.39935410022735596,0.11846227198839188
37,4,128,53,0.8186972141265869,0.1141987144947052
37,4,128,54,0.7275975346565247,0.1329709142446518
37,4,128,55,0.6332216858863831,0.06636983156204224
37,4,128,56,0.6535522937774658,0.20404930412769318
37,4,128,57,0.5729860663414001,0.15885679423809052
37,4,128,58,0.681201159954071,0.13261525332927704
37,4,128,59,0.29476428031921387,0.27367663383483887
37,4,128,60,0.6602059602737427,0.23616711795330048
37,4,128,61,0.6864802241325378,0.21433919668197632
37,4,128,62,0.6683548092842102,0.12231047451496124
37,4,128,63,0.32657891511917114,0.2047121822834015
37,4,128,64,0.7512629628181458,0.1665504425764084
37,4,128,65,0.7036711573600769,0.153885617852211
37,4,128,66,0.7738316059112549,0.11921310424804688
37,4,128,67,0.7745730876922607,0.10924258083105087
37,4,128,68,0.6660454869270325,0.1607162058353424
37,4,128,69,0.6061738133430481,0.17071318626403809
37,4,128,70,0.7618952393531799,0.3034028112888336
37,4,128,71,0.6069713234901428,0.1053912416100502
37,4,128,72,0.732177734375,0.16529004275798798
37,4,128,73,0.46699002385139465,0.18482571840286255
37,4,128,74,0.3197777271270752,0.05653978884220123
37,4,128,75,0.456794798374176,0.18278832733631134
37,4,128,76,0.7222635746002197,0.2189004272222519
37,4,128,77,0.3321857452392578,0.09966890513896942
37,4,128,78,0.3631475865840912,0.28398510813713074
37,4,128,79,0.7126672267913818,0.2491215318441391
37,4,128,80,0.31717804074287415,0.28117531538009644
37,4,128,81,0.7478894591331482,0.07465293258428574
37,4,128,82,0.5113913416862488,0.09555500000715256
37,4,128,83,0.5648702383041382,0.21098162233829498
37,4,128,84,0.5587047934532166,0.17205671966075897
37,4,128,85,0.7131262421607971,0.2746882438659668
37,4,128,86,0.7482138872146606,0.13757316768169403
37,4,128,87,0.738086998462677,0.05443139746785164
37,4,128,88,0.7278985381126404,0.23330481350421906
37,4,128,89,0.6909141540527344,0.09579963982105255
37,4,128,90,0.794968843460083,0.08040902763605118
37,4,128,91,0.7259736657142639,0.2337930053472519
37,4,128,92,0.34501931071281433,0.3345828652381897
37,4,128,93,0.7108601927757263,0.08675895631313324
37,4,128,94,0.7485089302062988,0.08229850232601166
37,4,128,95,0.546531617641449,0.10174045711755753
37,4,128,96,0.3562797009944916,0.2711963355541229
37,4,128,97,0.7848393321037292,0.13877104222774506
37,4,128,98,0.6385334134101868,0.15717050433158875
37,4,128,99,0.6762705445289612,0.13384422659873962
37,4,128,100,0.4361885190010071,0.18432332575321198
37,4,128,101,0.7446127533912659,0.27025723457336426
37,4,128,102,0.6641045808792114,0.0610114187002182
37,4,128,103,0.5065993666648865,0.1615675985813141
37,4,128,104,0.19904731214046478,0.0709829032421112
37,4,128,105,0.650127112865448,0.18403956294059753
37,4,128,106,0.407887727022171,0.2024902105331421
37,4,128,107,0.20079092681407928,0.12724635004997253
37,4,128,108,0.7207463979721069,0.14727292954921722
37,4,128,109,0.6879465579986572,0.24808411300182343
37,4,128,110,0.7849596738815308,0.0914885476231575
37,4,128,111,0.7053151726722717,0.2801614999771118
37,4,128,112,0.45923614501953125,0.14810295403003693
37,4,128,113,0.5866248607635498,0.15661217272281647
37,4,128,114,0.6077218651771545,0.1545289307832718
37,4,128,115,0.528183102607727,0.18522994220256805
37,4,128,116,0.32437726855278015,0.139754980802536
37,4,128,117,0.31995779275894165,0.27007192373275757
37,4,128,118,0.6679588556289673,0.08915514498949051
37,4,128,119,0.8056686520576477,0.1099356859922409
37,4,128,120,0.6817439198493958,0.23221290111541748
37,4,128,121,0.29762718081474304,0.12237504124641418
37,4,128,122,0.6741876006126404,0.08094301074743271
37,4,128,123,0.5122030973434448,0.1329054832458496
37,4,128,124,0.6337434649467468,0.21717281639575958
37,4,128,125,0.498397558927536,0.19589687883853912
37,4,128,126,0.5903241634368896,0.11979304254055023
37,4,128,127,0.49694931507110596,0.17118757963180542
37,5,128,0,0.6953415870666504,0.13792020082473755
37,5,128,1,0.8776353001594543,0.06958463788032532
37,5,128,2,0.5201481580734253,0.27453869581222534
37,5,128,3,0.7880879044532776,0.1427457183599472
37,5,128,4,0.879602313041687,0.08638042956590652
37,5,128,5,0.9080923795700073,0.080539770424366
37,5,128,6,0.7923679351806641,0.26127931475639343
37,5,128,7,0.8181638121604919,0.11460192501544952
37,5,128,8,0.5504559874534607,0.13915559649467468
37,5,128,9,0.7919455766677856,0.07043379545211792
37,5,128,10,0.8441680669784546,0.08196511119604111
37,5,128,11,0.780078113079071,0.09934227168560028
37,5,128,12,0.34485092759132385,0.4021685719490051
37,5,128,13,0.6809386014938354,0.10794322192668915
37,5,128,14,0.8789089322090149,0.1165720745921135
37,5,128,15,0.8740186095237732,0.14171837270259857
37,5,128,16,0.8498292565345764,0.1680196225643158
37,5,128,17,0.7217674851417542,0.07872864603996277
37,5,128,18,0.5512049794197083,0.1688845306634903
37,5,128,19,0.41348761320114136,0.2714892327785492
37,5,128,20,0.5408039093017578,0.16148580610752106
37,5,128,21,0.8687425255775452,0.1396649181842804
37,5,128,22,0.5363901257514954,0.18708771467208862
37,5,128,23,0.8732450604438782,0.10916142910718918
37,5,128,24,0.8000165820121765,0.09080569446086884
37,5,128,25,0.8782079219818115,0.11703042685985565
37,5,128,26,0.5760350227355957,0.15560436248779297
37,5,128,27,0.7258723378181458,0.0967182070016861
37,5,128,28,0.8190481662750244,0.17725935578346252
37,5,128,29,0.8728933930397034,0.13930819928646088
37,5,128,30,0.8029186725616455,0.14496277272701263
37,5,128,31,0.8564634323120117,0.1562570035457611
37,5,128,32,0.542433500289917,0.10423819720745087
37,5,128,33,0.8423351645469666,0.12719857692718506
37,5,128,34,0.5939722657203674,0.10311318933963776
37,5,128,35,0.29118481278419495,0.29483309388160706
37,5,128,36,0.3346880078315735,0.32997238636016846
37,5,128,37,0.8246364593505859,0.10537292808294296
37,5,128,38,0.636391282081604,0.1267620474100113
37,5,128,39,0.38696378469467163,0.2672056555747986
37,5,128,40,0.7479469776153564,0.284250408411026
37,5,128,41,0.7179009914398193,0.12153952568769455
37,5,128,42,0.783539354801178,0.1964285671710968
37,5,128,43,0.8839686512947083,0.08916117995977402
37,5,128,44,0.8519988059997559,0.18988756835460663
37,5,128,45,0.8654754757881165,0.15911246836185455
37,5,128,46,0.8604958057403564,0.12292838841676712
37,5,128,47,0.519204318523407,0.16250106692314148
37,5,128,48,0.8856357336044312,0.12677593529224396
37,5,128,49,0.7018246650695801,0.28798937797546387
37,5,128,50,0.7981217503547668,0.20860734581947327
37,5,128,51,0.38172727823257446,0.374746710062027
37,5,128,52,0.5033607482910156,0.14394046366214752
37,5,128,53,0.5771783590316772,0.16900938749313354
37,5,128,54,0.7708457708358765,0.22668394446372986
37,5,128,55,0.8960915803909302,0.09144734591245651
37,5,128,56,0.7274433970451355,0.12625618278980255
37,5,128,57,0.36383944749832153,0.38319215178489685
37,5,128,58,0.8951804041862488,0.094517782330513
37,5,128,59,0.34755459427833557,0.31593239307403564
37,5,128,60,0.7356356978416443,0.09645277261734009
37,5,128,61,0.6449099183082581,0.032016996294260025
37,5,128,62,0.7826738357543945,0.04851517826318741
37,5,128,63,0.7547560930252075,0.10978206992149353
37,5,128,64,0.7775841355323792,0.1678774654865265
37,5,128,65,0.8868353366851807,0.06472223252058029
37,5,128,66,0.8416654467582703,0.16465242207050323
37,5,128,67,0.8795435428619385,0.11101530492305756
37,5,128,68,0.8854527473449707,0.08854784071445465
37,5,128,69,0.7338600754737854,0.098952516913414
37,5,128,70,0.7995436787605286,0.21852464973926544
37,5,128,71,0.6326332688331604,0.15535753965377808
37,5,128,72,0.9117021560668945,0.09477157890796661
37,5,128,73,0.5797500610351562,0.06209910660982132
37,5,128,74,0.32490426301956177,0.3605210483074188
37,5,128,75,0.8266422152519226,0.05545879155397415
37,5,128,76,0.8544148206710815,0.13857877254486084
37,5,128,77,0.6137676239013672,0.07987964153289795
37,5,128,78,0.9135809540748596,0.08969080448150635
37,5,128,79,0.9167973399162292,0.08011341094970703
37,5,128,80,0.7146143317222595,0.08518089354038239
37,5,128,81,0.7918970584869385,0.19680960476398468
37,5,128,82,0.4028279781341553,0.23095044493675232
37,5,128,83,0.7927159070968628,0.07805958390235901
37,5,128,84,0.5276620984077454,0.23968148231506348
37,5,128,85,0.721019983291626,0.32302725315093994
37,5,128,86,0.8813803195953369,0.13747069239616394
37,5,128,87,0.8497969508171082,0.1083865538239479
37,5,128,88,0.8965253233909607,0.07514123618602753
37,5,128,89,0.79642254114151,0.23355485498905182
37,5,128,90,0.8560702204704285,0.13825277984142303
37,5,128,91,0.8013920783996582,0.06684745103120804
37,5,128,92,0.830363929271698,0.07639408111572266
37,5,128,93,0.8443554043769836,0.07309489697217941
37,5,128,94,0.7955778241157532,0.18257027864456177
37,5,128,95,0.7690876722335815,0.08148812502622604
37,5,128,96,0.8856378197669983,0.09748082607984543
37,5,128,97,0.8426877856254578,0.12314824759960175
37,5,128,98,0.7586585283279419,0.08508077263832092
37,5,128,99,0.872269332408905,0.06744576245546341
37,5,128,100,0.7485402822494507,0.16896210610866547
37,5,128,101,0.8039886355400085,0.25796177983283997
37,5,128,102,0.6632966995239258,0.1385728269815445
37,5,128,103,0.5942250490188599,0.20999087393283844
37,5,128,104,0.6113260388374329,0.19522662460803986
37,5,128,105,0.7646579742431641,0.2633911073207855
37,5,128,106,0.6393624544143677,0.15987245738506317
37,5,128,107,0.4300777316093445,0.1290840208530426
37,5,128,108,0.30345049500465393,0.3098948001861572
37,5,128,109,0.6841893792152405,0.2147606462240219
37,5,128,110,0.8765099048614502,0.12587986886501312
37,5,128,111,0.3824162781238556,0.2780666947364807
37,5,128,112,0.36055341362953186,0.30896079540252686
37,5,128,113,0.8491402864456177,0.08502024412155151
37,5,128,114,0.7629866003990173,0.08796509355306625
37,5,128,115,0.6650949120521545,0.08751362562179565
37,5,128,116,0.7922753095626831,0.12636397778987885
37,5,128,117,0.8326983451843262,0.12184250354766846
37,5,128,118,0.8539694547653198,0.1369776576757431
37,5,128,119,0.8862501382827759,0.1287633776664734
37,5,128,120,0.3311425745487213,0.3813331425189972
37,5,128,121,0.4486924111843109,0.21821558475494385
37,5,128,122,0.8164891600608826,0.13439932465553284
37,5,128,123,0.7954317927360535,0.18677398562431335
37,5,128,124,0.8358889222145081,0.16204428672790527
37,5,128,125,0.44866862893104553,0.2237890064716339
37,5,128,126,0.8469032049179077,0.1394755095243454
37,5,128,127,0.8187307119369507,0.1415078192949295
38,0,32,0,0.48917558789253235,0.0642668828368187
38,0,32,1,0.5594105124473572,0.05092964693903923
38,0,32,2,0.45339030027389526,0.06460674107074738
38,0,32,3,0.4936967194080353,0.04791329428553581
38,0,32,4,0.2904786765575409,0.0814831405878067
38,0,32,5,0.4332687556743622,0.05126142501831055
38,0,32,6,0.4943264126777649,0.05286939814686775
38,0,32,7,0.3282107710838318,0.051463183015584946
38,0,32,8,0.5203536748886108,0.05542878061532974
38,0,32,9,0.48617395758628845,0.13032588362693787
38,0,32,10,0.5504387617111206,0.07300104945898056
38,0,32,11,0.603611946105957,0.05427336320281029
38,0,32,12,0.340611070394516,0.0912393182516098
38,0,32,13,0.49482670426368713,0.07277043908834457
38,0,32,14,0.47842326760292053,0.028721557930111885
38,0,32,15,0.5286517143249512,0.048162903636693954
38,0,32,16,0.546663761138916,0.041981857270002365
38,0,32,17,0.5714920163154602,0.0816921591758728
38,0,32,18,0.5943435430526733,0.08820052444934845
38,0,32,19,0.45482543110847473,0.02135656028985977
38,0,32,20,0.4397003650665283,0.06331871449947357
38,0,32,21,0.48207294940948486,0.08241941779851913
38,0,32,22,0.6123868823051453,0.10345731675624847
38,0,32,23,0.5714452266693115,0.058769337832927704
38,0,32,24,0.6029220223426819,0.08173073083162308
38,0,32,25,0.4359204173088074,0.05710531026124954
38,0,32,26,0.39387333393096924,0.09228543192148209
38,0,32,27,0.6033853888511658,0.07167011499404907
38,0,32,28,0.583925724029541,0.10465463250875473
38,0,32,29,0.4609379172325134,0.09029639512300491
38,0,32,30,0.42791247367858887,0.058761876076459885
38,0,32,31,0.4222792387008667,0.02179025672376156
38,1,32,0,0.5802229642868042,0.055916327983140945
38,1,32,1,0.38476625084877014,0.061491940170526505
38,1,32,2,0.5770692825317383,0.037274233996868134
38,1,32,3,0.4796141982078552,0.08974315226078033
38,1,32,4,0.5414241552352905,0.047604408115148544
38,1,32,5,0.44013503193855286,0.056821346282958984
38,1,32,6,0.328575074672699,0.060404133051633835
38,1,32,7,0.6545949578285217,0.08483485132455826
38,1,32,8,0.41309115290641785,0.1029050275683403
38,1,32,9,0.5062361359596252,0.055004388093948364
38,1,32,10,0.3923127353191376,0.11117040365934372
38,1,32,11,0.5694890022277832,0.09669248014688492
38,1,32,12,0.6761808395385742,0.04539745673537254
38,1,32,13,0.5383983254432678,0.10634084045886993
38,1,32,14,0.625789999961853,0.05151721090078354
38,1,32,15,0.5713617205619812,0.09139999747276306
38,1,32,16,0.4984522759914398,0.05465362221002579
38,1,32,17,0.45467856526374817,0.08222412317991257
38,1,32,18,0.4484851062297821,0.0322943814098835
38,1,32,19,0.5108441710472107,0.10395451635122299
38,1,32,20,0.4519731402397156,0.031247101724147797
38,1,32,21,0.5167346596717834,0.033994272351264954
38,1,32,22,0.42515328526496887,0.05306977033615112
38,1,32,23,0.5672433972358704,0.051205068826675415
38,1,32,24,0.37344202399253845,0.04965828359127045
38,1,32,25,0.5556432604789734,0.10183793306350708
38,1,32,26,0.40992939472198486,0.06999204307794571
38,1,32,27,0.6161154508590698,0.05710950493812561
38,1,32,28,0.3893589973449707,0.08183225989341736
38,1,32,29,0.43916627764701843,0.11015528440475464
38,1,32,30,0.5820987224578857,0.07221099734306335
38,1,32,31,0.4608630836009979,0.041077181696891785
38,2,64,0,0.5108535289764404,0.1655944138765335
38,2,64,1,0.44563767313957214,0.18329110741615295
38,2,64,2,0.6105128526687622,0.1751369684934616
38,2,64,3,0.43491077423095703,0.22558264434337616
38,2,64,4,0.6020420789718628,0.10669838637113571
38,2,64,5,0.5541473031044006,0.17156213521957397
38,2,64,6,0.6269840598106384,0.13328038156032562
38,2,64,7,0.5007683038711548,0.117368683218956
38,2,64,8,0.49469512701034546,0.056998927146196365
38,2,64,9,0.4662070870399475,0.24784688651561737
38,2,64,10,0.5216858386993408,0.09976786375045776
38,2,64,11,0.5624881982803345,0.1871037483215332
38,2,64,12,0.5323691964149475,0.043126318603754044
38,2,64,13,0.47835052013397217,0.20001114904880524
38,2,64,14,0.5926799178123474,0.17132548987865448
38,2,64,15,0.43711069226264954,0.09148198366165161
38,2,64,16,0.4255209267139435,0.2236565798521042
38,2,64,17,0.5218374729156494,0.06165345385670662
38,2,64,18,0.5495629906654358,0.2758621573448181
38,2,64,19,0.7140068411827087,0.09425666183233261
38,2,64,20,0.5856927037239075,0.12203997373580933
38,2,64,21,0.49090972542762756,0.18236064910888672
38,2,64,22,0.4559207856655121,0.19198398292064667
38,2,64,23,0.3865397274494171,0.16235637664794922
38,2,64,24,0.6786889433860779,0.08413989841938019
38,2,64,25,0.4740144908428192,0.14292539656162262
38,2,64,26,0.533525288105011,0.17770934104919434
38,2,64,27,0.587303638458252,0.1104523092508316
38,2,64,28,0.5821388363838196,0.21331539750099182
38,2,64,29,0.5072386860847473,0.19230711460113525
38,2,64,30,0.4417306184768677,0.1902042031288147
38,2,64,31,0.47999808192253113,0.10903412103652954
38,2,64,32,0.6385046243667603,0.19182851910591125
38,2,64,33,0.4056636691093445,0.11354926228523254
38,2,64,34,0.5228620767593384,0.06898424029350281
38,2,64,35,0.3455345630645752,0.10350137948989868
38,2,64,36,0.62957364320755,0.14856061339378357
38,2,64,37,0.5344808101654053,0.20284835994243622
38,2,64,38,0.4080764949321747,0.12062704563140869
38,2,64,39,0.36220747232437134,0.15463677048683167
38,2,64,40,0.605089008808136,0.12971559166908264
38,2,64,41,0.4403872489929199,0.15515278279781342
38,2,64,42,0.43685489892959595,0.21693354845046997
38,2,64,43,0.5687910914421082,0.24900847673416138
38,2,64,44,0.4719589352607727,0.12812547385692596
38,2,64,45,0.44535866379737854,0.1718205064535141
38,2,64,46,0.5170094966888428,0.0522332563996315
38,2,64,47,0.5217745304107666,0.3093232810497284
38,2,64,48,0.6211310625076294,0.1075747013092041
38,2,64,49,0.49339962005615234,0.18388187885284424
38,2,64,50,0.5745231509208679,0.2397293746471405
38,2,64,51,0.3424573838710785,0.05214645341038704
38,2,64,52,0.42734116315841675,0.20049159228801727
38,2,64,53,0.5784012079238892,0.11649547517299652
38,2,64,54,0.4695325791835785,0.07301480323076248
38,2,64,55,0.45196056365966797,0.22518129646778107
38,2,64,56,0.52419114112854,0.147032231092453
38,2,64,57,0.5629186034202576,0.2832368016242981
38,2,64,58,0.472002238035202,0.11672936379909515
38,2,64,59,0.5193541646003723,0.14896726608276367
38,2,64,60,0.5220978856086731,0.21205303072929382
38,2,64,61,0.6122220754623413,0.11586574465036392
38,2,64,62,0.3685199022293091,0.14856916666030884
38,2,64,63,0.5911938548088074,0.19223445653915405
38,3,64,0,0.3881201446056366,0.18643726408481598
38,3,64,1,0.6285093426704407,0.19126878678798676
38,3,64,2,0.45875611901283264,0.19201886653900146
38,3,64,3,0.5256999135017395,0.13625307381153107
38,3,64,4,0.5597529411315918,0.161400705575943
38,3,64,5,0.4414054751396179,0.18595467507839203
38,3,64,6,0.49473533034324646,0.11164748668670654
38,3,64,7,0.3879278898239136,0.055638156831264496
38,3,64,8,0.6618993282318115,0.15433265268802643
38,3,64,9,0.5317648649215698,0.07731866836547852
38,3,64,10,0.31681326031684875,0.05696568265557289
38,3,64,11,0.580086350440979,0.11368539929389954
38,3,64,12,0.3969942629337311,0.1320667713880539
38,3,64,13,0.6137280464172363,0.15086664259433746
38,3,64,14,0.6800460815429688,0.12224998325109482
38,3,64,15,0.29327186942100525,0.08853600919246674
38,3,64,16,0.5338372588157654,0.0877106711268425
38,3,64,17,0.3586779534816742,0.11911855638027191
38,3,64,18,0.39611029624938965,0.12625789642333984
38,3,64,19,0.6794998645782471,0.08835338056087494
38,3,64,20,0.4926181435585022,0.11995366960763931
38,3,64,21,0.4520488679409027,0.1396731734275818
38,3,64,22,0.42729997634887695,0.11530835926532745
38,3,64,23,0.4589063227176666,0.09035559743642807
38,3,64,24,0.3110678195953369,0.102181576192379
38,3,64,25,0.6268099546432495,0.20736795663833618
38,3,64,26,0.556473970413208,0.12729039788246155
38,3,64,27,0.4767305850982666,0.174172043800354
38,3,64,28,0.581361711025238,0.07296651601791382
38,3,64,29,0.6458631753921509,0.045997001230716705
38,3,64,30,0.46380770206451416,0.20780973136425018
38,3,64,31,0.29744529724121094,0.09989719092845917
38,3,64,32,0.5726624727249146,0.12088359147310257
38,3,64,33,0.3402964770793915,0.061882905662059784
38,3,64,34,0.520731508731842,0.07680215686559677
38,3,64,35,0.4166218936443329,0.11674186587333679
38,3,64,36,0.553965151309967,0.15457069873809814
38,3,64,37,0.585966169834137,0.14671462774276733
38,3,64,38,0.5680415034294128,0.09597541391849518
38,3,64,39,0.7445113062858582,0.10278216004371643
38,3,64,40,0.56150221824646,0.05497566610574722
38,3,64,41,0.30223384499549866,0.08064316213130951
38,3,64,42,0.6336542367935181,0.05721067637205124
38,3,64,43,0.5275682806968689,0.18146184086799622
38,3,64,44,0.41568320989608765,0.17524535953998566
38,3,64,45,0.41020864248275757,0.10716279596090317
38,3,64,46,0.5164061188697815,0.11629222333431244
38,3,64,47,0.5997589826583862,0.17030619084835052
38,3,64,48,0.4976368248462677,0.13428764045238495
38,3,64,49,0.637683093547821,0.09239786118268967
38,3,64,50,0.3511258363723755,0.18894658982753754
38,3,64,51,0.6913222670555115,0.08197075873613358
38,3,64,52,0.4231654703617096,0.1592700332403183
38,3,64,53,0.5204404592514038,0.07922724634408951
38,3,64,54,0.32436639070510864,0.11094491183757782
38,3,64,55,0.36522752046585083,0.17234905064105988
38,3,64,56,0.44702088832855225,0.15982000529766083
38,3,64,57,0.5117564797401428,0.12958884239196777
38,3,64,58,0.33589422702789307,0.18309248983860016
38,3,64,59,0.5242232084274292,0.13238853216171265
38,3,64,60,0.3758217990398407,0.15633340179920197
38,3,64,61,0.6425330638885498,0.28966590762138367
38,3,64,62,0.5490391850471497,0.14088359475135803
38,3,64,63,0.48220473527908325,0.15601091086864471
38,4,128,0,0.45428451895713806,0.24730093777179718
38,4,128,1,0.7020614147186279,0.2908150553703308
38,4,128,2,0.6184196472167969,0.19759277999401093
38,4,128,3,0.36790281534194946,0.2844664454460144
38,4,128,4,0.6750811338424683,0.1528637707233429
38,4,128,5,0.3667127788066864,0.2989965081214905
38,4,128,6,0.3336182236671448,0.07597094774246216
38,4,128,7,0.660257875919342,0.2591821849346161
38,4,128,8,0.4657558798789978,0.17062392830848694
38,4,128,9,0.5024495720863342,0.1416187435388565
38,4,128,10,0.666941225528717,0.32615771889686584
38,4,128,11,0.3410532772541046,0.1393921822309494
38,4,128,12,0.4779433012008667,0.1103731095790863
38,4,128,13,0.505297064781189,0.20502597093582153
38,4,128,14,0.6268151998519897,0.12319032102823257
38,4,128,15,0.4903772175312042,0.10615961998701096
38,4,128,16,0.5160670876502991,0.10798569768667221
38,4,128,17,0.5974348187446594,0.0626663863658905
38,4,128,18,0.7815989255905151,0.11229953914880753
38,4,128,19,0.6936922073364258,0.07770385593175888
38,4,128,20,0.6480879783630371,0.1530032604932785
38,4,128,21,0.3683208227157593,0.08883868902921677
38,4,128,22,0.656598687171936,0.1493767946958542
38,4,128,23,0.6591048836708069,0.20272508263587952
38,4,128,24,0.3890884816646576,0.07263098657131195
38,4,128,25,0.7161697149276733,0.1096879094839096
38,4,128,26,0.7600563168525696,0.0772484689950943
38,4,128,27,0.7103086113929749,0.08573295921087265
38,4,128,28,0.5890829563140869,0.19696252048015594
38,4,128,29,0.6433150172233582,0.13517238199710846
38,4,128,30,0.6418358087539673,0.3038579821586609
38,4,128,31,0.6354089379310608,0.09690481424331665
38,4,128,32,0.3584083020687103,0.20991694927215576
38,4,128,33,0.6065347790718079,0.1864776909351349
38,4,128,34,0.6936983466148376,0.19012627005577087
38,4,128,35,0.43952280282974243,0.08017417043447495
38,4,128,36,0.5790273547172546,0.056023817509412766
38,4,128,37,0.6698557734489441,0.10310664027929306
38,4,128,38,0.42628705501556396,0.23019756376743317
38,4,128,39,0.4281030297279358,0.18102289736270905
38,4,128,40,0.6514795422554016,0.20557726919651031
38,4,128,41,0.7111143469810486,0.21900787949562073
38,4,128,42,0.4259401559829712,0.12768672406673431
38,4,128,43,0.3848808705806732,0.1898149847984314
38,4,128,44,0.6791045069694519,0.12697044014930725
38,4,128,45,0.645542562007904,0.28141307830810547
38,4,128,46,0.35275810956954956,0.09460461139678955
38,4,128,47,0.37766677141189575,0.2609207332134247
38,4,128,48,0.6701960563659668,0.1267220675945282
38,4,128,49,0.38052430748939514,0.13615383207798004
38,4,128,50,0.7492078542709351,0.08743669837713242
38,4,128,51,0.670759379863739,0.2248956859111786
38,4,128,52,0.3418620526790619,0.2557199001312256
38,4,128,53,0.6643774509429932,0.2183484435081482
38,4,128,54,0.6343036890029907,0.22848622500896454
38,4,128,55,0.5131188035011292,0.11736422032117844
38,4,128,56,0.6009606122970581,0.16841089725494385
38,4,128,57,0.6782850027084351,0.19638313353061676
38,4,128,58,0.6310333609580994,0.09884720295667648
38,4,128,59,0.7255739569664001,0.1441328525543213
38,4,128,60,0.2355795055627823,0.17058101296424866
38,4,128,61,0.4667094647884369,0.23857800662517548
38,4,128,62,0.6774131655693054,0.12282686680555344
38,4,128,63,0.7388006448745728,0.08837767690420151
38,4,128,64,0.6131368279457092,0.2677774429321289
38,4,128,65,0.3655308187007904,0.16447801887989044
38,4,128,66,0.32295680046081543,0.1224948987364769
38,4,128,67,0.6052806377410889,0.12396644800901413
38,4,128,68,0.5635688900947571,0.052448514848947525
38,4,128,69,0.6418582797050476,0.2952902615070343
38,4,128,70,0.6459019184112549,0.17813187837600708
38,4,128,71,0.5918304324150085,0.053174301981925964
38,4,128,72,0.6774089932441711,0.09760849177837372
38,4,128,73,0.4139213263988495,0.18580712378025055
38,4,128,74,0.40828490257263184,0.11843320727348328
38,4,128,75,0.6566203832626343,0.17463228106498718
38,4,128,76,0.33826756477355957,0.08718222379684448
38,4,128,77,0.4002123475074768,0.09667561203241348
38,4,128,78,0.6739216446876526,0.22571255266666412
38,4,128,79,0.5803400278091431,0.21869096159934998
38,4,128,80,0.40736982226371765,0.24783268570899963
38,4,128,81,0.6811779737472534,0.21511736512184143
38,4,128,82,0.40181636810302734,0.1608424186706543
38,4,128,83,0.2762009799480438,0.215100958943367
38,4,128,84,0.7474184036254883,0.07595520466566086
38,4,128,85,0.6482270359992981,0.14516384899616241
38,4,128,86,0.6106220483779907,0.09149876236915588
38,4,128,87,0.6529411673545837,0.30490121245384216
38,4,128,88,0.7075697183609009,0.06946854293346405
38,4,128,89,0.6395975351333618,0.16014675796031952
38,4,128,90,0.6789010763168335,0.13586491346359253
38,4,128,91,0.7475811243057251,0.0661105364561081
38,4,128,92,0.6788491010665894,0.2332700788974762
38,4,128,93,0.4871690273284912,0.12629663944244385
38,4,128,94,0.6479573845863342,0.11963105201721191
38,4,128,95,0.6282283663749695,0.18880002200603485
38,4,128,96,0.5118758678436279,0.10152991116046906
38,4,128,97,0.7126569151878357,0.26459479331970215
38,4,128,98,0.6423850059509277,0.19851094484329224
38,4,128,99,0.3779712915420532,0.2089623212814331
38,4,128,100,0.7521602511405945,0.2730228900909424
38,4,128,101,0.6667482256889343,0.26067861914634705
38,4,128,102,0.6337328553199768,0.0839788019657135
38,4,128,103,0.4183872640132904,0.11677784472703934
38,4,128,104,0.7382301092147827,0.07481654733419418
38,4,128,105,0.5662183165550232,0.12424812465906143
38,4,128,106,0.6827276349067688,0.17672336101531982
38,4,128,107,0.3922674357891083,0.22029413282871246
38,4,128,108,0.36451080441474915,0.1845693141222
38,4,128,109,0.6699906587600708,0.23077939450740814
38,4,128,110,0.592414140701294,0.2616487443447113
38,4,128,111,0.6088414192199707,0.06093946471810341
38,4,128,112,0.5702703595161438,0.12838828563690186
38,4,128,113,0.5471147894859314,0.11922873556613922
38,4,128,114,0.6455974578857422,0.24166207015514374
38,4,128,115,0.6222756505012512,0.25880008935928345
38,4,128,116,0.5014163851737976,0.1215914785861969
38,4,128,117,0.3949403464794159,0.2515929043292999
38,4,128,118,0.5976590514183044,0.10969485342502594
38,4,128,119,0.7026709914207458,0.07328736782073975
38,4,128,120,0.5854080319404602,0.15522387623786926
38,4,128,121,0.6785174608230591,0.16492395102977753
38,4,128,122,0.5997326970100403,0.18361414968967438
38,4,128,123,0.6741623282432556,0.23509472608566284
38,4,128,124,0.6199975609779358,0.08060774207115173
38,4,128,125,0.5660727024078369,0.06299629807472229
38,4,128,126,0.6344707012176514,0.22071436047554016
38,4,128,127,0.5503698587417603,0.19017818570137024
38,5,128,0,0.6358690857887268,0.19503502547740936
38,5,128,1,0.8812621235847473,0.06741982698440552
38,5,128,2,0.7426467537879944,0.24651281535625458
38,5,128,3,0.7969762682914734,0.07456563413143158
38,5,128,4,0.3191154897212982,0.32200703024864197
38,5,128,5,0.8383116126060486,0.14334720373153687
38,5,128,6,0.7773257493972778,0.19496047496795654
38,5,128,7,0.8300057053565979,0.15079370141029358
38,5,128,8,0.6840206384658813,0.1865842193365097
38,5,128,9,0.8018519282341003,0.20511581003665924
38,5,128,10,0.8501640558242798,0.16140535473823547
38,5,128,11,0.8165408968925476,0.05354946479201317
38,5,128,12,0.9271400570869446,0.07464488595724106
38,5,128,13,0.3840048611164093,0.2295994907617569
38,5,128,14,0.7142785787582397,0.29029372334480286
38,5,128,15,0.4451941251754761,0.19092696905136108
38,5,128,16,0.7960842847824097,0.16069455444812775
38,5,128,17,0.5405059456825256,0.13066674768924713
38,5,128,18,0.8122462034225464,0.16454358398914337
38,5,128,19,0.8638404607772827,0.09146865457296371
38,5,128,20,0.8329877853393555,0.12228281795978546
38,5,128,21,0.40909573435783386,0.2649131417274475
38,5,128,22,0.638070821762085,0.25044387578964233
38,5,128,23,0.8498154878616333,0.1014997735619545
38,5,128,24,0.47270265221595764,0.22569745779037476
38,5,128,25,0.8321201205253601,0.12047965824604034
38,5,128,26,0.8947820067405701,0.07370081543922424
38,5,128,27,0.7658078074455261,0.13886310160160065
38,5,128,28,0.8679282665252686,0.06411325931549072
38,5,128,29,0.7904587388038635,0.2857944667339325
38,5,128,30,0.8884808421134949,0.09178922325372696
38,5,128,31,0.8444241881370544,0.06368307024240494
38,5,128,32,0.5396695137023926,0.16529567539691925
38,5,128,33,0.7767861485481262,0.24185772240161896
38,5,128,34,0.8127238750457764,0.13444533944129944
38,5,128,35,0.43638095259666443,0.24774637818336487
38,5,128,36,0.7459619045257568,0.25711676478385925
38,5,128,37,0.8454357981681824,0.16281916201114655
38,5,128,38,0.4259614944458008,0.2309323400259018
38,5,128,39,0.8534463047981262,0.09224814921617508
38,5,128,40,0.6599221229553223,0.08298210054636002
38,5,128,41,0.8187024593353271,0.22041279077529907
38,5,128,42,0.5943918824195862,0.16441626846790314
38,5,128,43,0.4657451808452606,0.17410503327846527
38,5,128,44,0.6109990477561951,0.16987374424934387
38,5,128,45,0.7308866381645203,0.09286706894636154
38,5,128,46,0.5987845659255981,0.1636490672826767
38,5,128,47,0.3386126458644867,0.10636710375547409
38,5,128,48,0.790607213973999,0.21553261578083038
38,5,128,49,0.28918901085853577,0.25554367899894714
38,5,128,50,0.7981717586517334,0.21028819680213928
38,5,128,51,0.7554421424865723,0.16419458389282227
38,5,128,52,0.344513863325119,0.2934129536151886
38,5,128,53,0.8159293532371521,0.13515211641788483
38,5,128,54,0.7102609872817993,0.10173171758651733
38,5,128,55,0.3761748671531677,0.31383442878723145
38,5,128,56,0.8368047475814819,0.13952632248401642
38,5,128,57,0.715795636177063,0.20450878143310547
38,5,128,58,0.8238154053688049,0.18988560140132904
38,5,128,59,0.8808397054672241,0.09741222858428955
38,5,128,60,0.8152101039886475,0.12317680567502975
38,5,128,61,0.6205356121063232,0.16593427956104279
38,5,128,62,0.8495979905128479,0.12478770315647125
38,5,128,63,0.8116267919540405,0.18849578499794006
38,5,128,64,0.4656224250793457,0.15525099635124207
38,5,128,65,0.43631431460380554,0.22082985937595367
38,5,128,66,0.7509111762046814,0.27601158618927
38,5,128,67,0.7557064890861511,0.2397845983505249
38,5,128,68,0.8703367710113525,0.061195630580186844
38,5,128,69,0.8236699104309082,0.17580774426460266
38,5,128,70,0.8520295023918152,0.12654022872447968
38,5,128,71,0.8063535690307617,0.08723018318414688
38,5,128,72,0.5815247297286987,0.1106356829404831
38,5,128,73,0.5071436762809753,0.21893446147441864
38,5,128,74,0.7982019186019897,0.21089032292366028
38,5,128,75,0.752960741519928,0.18846645951271057
38,5,128,76,0.7588508725166321,0.07946532964706421
38,5,128,77,0.8350684642791748,0.06531880050897598
38,5,128,78,0.3786189556121826,0.2035825550556183
38,5,128,79,0.7552387714385986,0.2194725126028061
38,5,128,80,0.7894558310508728,0.17712770402431488
38,5,128,81,0.7175577878952026,0.1527600735425949
38,5,128,82,0.8953186273574829,0.09125079959630966
38,5,128,83,0.28109315037727356,0.23965047299861908
38,5,128,84,0.8044485449790955,0.08304857462644577
38,5,128,85,0.7885082960128784,0.05591556429862976
38,5,128,86,0.7784909605979919,0.18817906081676483
38,5,128,87,0.7641940116882324,0.06568443775177002
38,5,128,88,0.8155654072761536,0.23305858671665192
38,5,128,89,0.9037671089172363,0.08903860300779343
38,5,128,90,0.8296253085136414,0.15976610779762268
38,5,128,91,0.8855422735214233,0.10901255160570145
38,5,128,92,0.8464875817298889,0.06708144396543503
38,5,128,93,0.5099995136260986,0.26755180954933167
38,5,128,94,0.7968359589576721,0.07310640811920166
38,5,128,95,0.38470780849456787,0.3703877031803131
38,5,128,96,0.8108430504798889,0.0958947092294693
38,5,128,97,0.7413844466209412,0.19103270769119263
38,5,128,98,0.7933465838432312,0.17311370372772217
38,5,128,99,0.6655104160308838,0.12061362713575363
38,5,128,100,0.8840091228485107,0.10955282300710678
38,5,128,101,0.7958855032920837,0.22302968800067902
38,5,128,102,0.8813090920448303,0.11232303082942963
38,5,128,103,0.5926520824432373,0.2039007842540741
38,5,128,104,0.8289191722869873,0.0609811469912529
38,5,128,105,0.6992689371109009,0.20366902649402618
38,5,128,106,0.8555780053138733,0.15122725069522858
38,5,128,107,0.4234180152416229,0.3341539204120636
38,5,128,108,0.7879596948623657,0.2125886082649231
38,5,128,109,0.8405007719993591,0.13529539108276367
38,5,128,110,0.7939407825469971,0.20875683426856995
38,5,128,111,0.850919246673584,0.12961706519126892
38,5,128,112,0.614000141620636,0.19072507321834564
38,5,128,113,0.5608828067779541,0.19098061323165894
38,5,128,114,0.8176466226577759,0.1757570207118988
38,5,128,115,0.7345142960548401,0.2684241831302643
38,5,128,116,0.45819801092147827,0.21960091590881348
38,5,128,117,0.8279997706413269,0.17234866321086884
38,5,128,118,0.8150411248207092,0.06283748894929886
38,5,128,119,0.7744256258010864,0.22742994129657745
38,5,128,120,0.8794745802879333,0.09413603693246841
38,5,128,121,0.6885560154914856,0.0883391797542572
38,5,128,122,0.3104894459247589,0.28233420848846436
38,5,128,123,0.47220495343208313,0.2395671010017395
38,5,128,124,0.8256526589393616,0.2083103358745575
38,5,128,125,0.8267077207565308,0.17527231574058533
38,5,128,126,0.8118430972099304,0.16009879112243652
38,5,128,127,0.47164085507392883,0.1989273875951767
39,0,32,0,0.5434184670448303,0.07811640948057175
39,0,32,1,0.613186240196228,0.11041636765003204
39,0,32,2,0.5880171656608582,0.061508093029260635
39,0,32,3,0.37688833475112915,0.13790388405323029
39,0,32,4,0.6916142106056213,0.04955475777387619
39,0,32,5,0.5165886878967285,0.09204944968223572
39,0,32,6,0.6389369368553162,0.12375976145267487
39,0,32,7,0.4936992824077606,0.09329278022050858
39,0,32,8,0.5009653568267822,0.1216256394982338
39,0,32,9,0.26421058177948,0.058260656893253326
39,0,32,10,0.3858788013458252,0.1660292148590088
39,0,32,11,0.424721896648407,0.10420016199350357
39,0,32,12,0.4332629442214966,0.06210499256849289
39,0,32,13,0.33731791377067566,0.0943673700094223
39,0,32,14,0.3349895775318146,0.045918092131614685
39,0,32,15,0.44859540462493896,0.04503338411450386
39,0,32,16,0.5184305906295776,0.07080823183059692
39,0,32,17,0.3731538951396942,0.14666566252708435
39,0,32,18,0.4512972831726074,0.05376952141523361
39,0,32,19,0.519671618938446,0.06183324381709099
39,0,32,20,0.5840043425559998,0.03932734206318855
39,0,32,21,0.5259411931037903,0.06400278210639954
39,0,32,22,0.42973288893699646,0.10290733724832535
39,0,32,23,0.4466263949871063,0.07281892746686935
39,0,32,24,0.3909509479999542,0.05537852644920349
39,0,32,25,0.33756017684936523,0.07097980380058289
39,0,32,26,0.6802831292152405,0.05638017877936363
39,0,32,27,0.5392747521400452,0.07904355973005295
39,0,32,28,0.7218499183654785,0.07493558526039124
39,0,32,29,0.6036761999130249,0.03354830667376518
39,0,32,30,0.37533876299858093,0.09790544211864471
39,0,32,31,0.42597484588623047,0.13148953020572662
39,1,32,0,0.4724794030189514,0.10455461591482162
39,1,32,1,0.5274536609649658,0.09971631318330765
39,1,32,2,0.4930545389652252,0.1547984480857849
39,1,32,3,0.4709720015525818,0.1438256800174713
39,1,32,4,0.5724585652351379,0.09228914976119995
39,1,32,5,0.6068441271781921,0.046555109322071075
39,1,32,6,0.49524709582328796,0.09582899510860443
39,1,32,7,0.49789777398109436,0.05260573327541351
39,1,32,8,0.45235392451286316,0.06855443120002747
39,1,32,9,0.4169493019580841,0.11275100708007812
39,1,32,10,0.5092798471450806,0.03163054585456848
39,1,32,11,0.40329626202583313,0.11540015041828156
39,1,32,12,0.439909964799881,0.07006388902664185
39,1,32,13,0.6363835334777832,0.11813539266586304
39,1,32,14,0.4374549388885498,0.07650050520896912
39,1,32,15,0.6232494711875916,0.11360760778188705
39,1,32,16,0.580754280090332,0.13661262392997742
39,1,32,17,0.5770362019538879,0.10837627202272415
39,1,32,18,0.4550338387489319,0.11104689538478851
39,1,32,19,0.49722567200660706,0.06256217509508133
39,1,32,20,0.6147656440734863,0.06292658299207687
39,1,32,21,0.5646829009056091,0.08038022369146347
39,1,32,22,0.6403759717941284,0.12227465212345123
39,1,32,23,0.3684874176979065,0.07464998215436935
39,1,32,24,0.30311453342437744,0.09043619781732559
39,1,32,25,0.44142845273017883,0.10905878245830536
39,1,32,26,0.5014798641204834,0.09529290348291397
39,1,32,27,0.5400742292404175,0.0641225129365921
39,1,32,28,0.4630350172519684,0.06743603199720383
39,1,32,29,0.5579718351364136,0.05873876437544823
39,1,32,30,0.6117110848426819,0.08331111073493958
39,1,32,31,0.48072534799575806,0.057918161153793335
39,2,64,0,0.6963517665863037,0.1279199719429016
39,2,64,1,0.4527318775653839,0.15727119147777557
39,2,64,2,0.4764725863933563,0.0866536945104599
39,2,64,3,0.4693582057952881,0.15532174706459045
39,2,64,4,0.49351081252098083,0.1457824856042862
39,2,64,5,0.5218642950057983,0.11746703833341599
39,2,64,6,0.5276774764060974,0.2309359610080719
39,2,64,7,0.5857219099998474,0.13719792664051056
39,2,64,8,0.5237592458724976,0.21147054433822632
39,2,64,9,0.490527480840683,0.12900394201278687
39,2,64,10,0.46494948863983154,0.18446221947669983
39,2,64,11,0.5595095157623291,0.16723549365997314
39,2,64,12,0.5672904253005981,0.13023358583450317
39,2,64,13,0.47903361916542053,0.15326710045337677
39,2,64,14,0.4808574318885803,0.1528468132019043
39,2,64,15,0.5285724401473999,0.10098302364349365
39,2,64,16,0.5144088864326477,0.19351723790168762
39,2,64,17,0.5798265933990479,0.0940408781170845
39,2,64,18,0.3466026186943054,0.12224721908569336
39,2,64,19,0.5032793879508972,0.1830798089504242
39,2,64,20,0.48371419310569763,0.1182435154914856
39,2,64,21,0.6178691983222961,0.1543089747428894
39,2,64,22,0.6485874056816101,0.14459243416786194
39,2,64,23,0.5196917057037354,0.14525985717773438
39,2,64,24,0.5690596103668213,0.16463632881641388
39,2,64,25,0.5030471086502075,0.20907729864120483
39,2,64,26,0.4742390811443329,0.11034167557954788
39,2,64,27,0.5403648018836975,0.11789391934871674
39,2,64,28,0.44078102707862854,0.19189423322677612
39,2,64,29,0.5429040193557739,0.17714056372642517
39,2,64,30,0.5700091123580933,0.12443643808364868
39,2,64,31,0.3479366898536682,0.10829287022352219
39,2,64,32,0.46717241406440735,0.2065841406583786
39,2,64,33,0.4931012988090515,0.08900580555200577
39,2,64,34,0.5591515302658081,0.15449121594429016
39,2,64,35,0.5300371646881104,0.16317908465862274
39,2,64,36,0.5669863224029541,0.10279987752437592
39,2,64,37,0.4865145683288574,0.14868174493312836
39,2,64,38,0.4644414782524109,0.138088196516037
39,2,64,39,0.4283188283443451,0.11084356904029846
39,2,64,40,0.41347354650497437,0.18120475113391876
39,2,64,41,0.42333531379699707,0.12302646040916443
39,2,64,42,0.5839831829071045,0.10295254737138748
39,2,64,43,0.4573037624359131,0.12414579093456268
39,2,64,44,0.3527941107749939,0.13925425708293915
39,2,64,45,0.5500447750091553,0.14637582004070282
39,2,64,46,0.6206310391426086,0.14722053706645966
39,2,64,47,0.4871329367160797,0.12993794679641724
39,2,64,48,0.519403874874115,0.06727181375026703
39,2,64,49,0.5229789018630981,0.15988174080848694
39,2,64,50,0.6677439212799072,0.08873303979635239
39,2,64,51,0.5018817186355591,0.1441749483346939
39,2,64,52,0.5117325186729431,0.16222389042377472
39,2,64,53,0.3610799312591553,0.1059412732720375
39,2,64,54,0.4640684425830841,0.1911165565252304
39,2,64,55,0.5192866325378418,0.14377103745937347
39,2,64,56,0.38551706075668335,0.11118502914905548
39,2,64,57,0.4826625883579254,0.19347715377807617
39,2,64,58,0.585777223110199,0.09503521025180817
39,2,64,59,0.3837636113166809,0.12292179465293884
39,2,64,60,0.4472775459289551,0.12580375373363495
39,2,64,61,0.4724922478199005,0.2297661453485489
39,2,64,62,0.5423023700714111,0.1713191121816635
39,2,64,63,0.4794027805328369,0.13201351463794708
39,3,64,0,0.4594617784023285,0.07298752665519714
39,3,64,1,0.3978273570537567,0.06745832413434982
39,3,64,2,0.6686108112335205,0.25780990719795227
39,3,64,3,0.4776124656200409,0.04784206300973892
39,3,64,4,0.47393718361854553,0.06567192822694778
39,3,64,5,0.5218987464904785,0.06339896470308304
39,3,64,6,0.7318580150604248,0.12606723606586456
39,3,64,7,0.41760438680648804,0.08346811681985855
39,3,64,8,0.35620149970054626,0.12162725627422333
39,3,64,9,0.4744195342063904,0.10125389695167542
39,3,64,10,0.4949129521846771,0.22098085284233093
39,3,64,11,0.582587718963623,0.13715136051177979
39,3,64,12,0.5079498291015625,0.07999546825885773
39,3,64,13,0.33249351382255554,0.2237476110458374
39,3,64,14,0.6312846541404724,0.13310563564300537
39,3,64,15,0.472994327545166,0.09281383454799652
39,3,64,16,0.5414012670516968,0.1299997717142105
39,3,64,17,0.6751049160957336,0.2559809684753418
39,3,64,18,0.6488407254219055,0.07907836139202118
39,3,64,19,0.2887478172779083,0.23599301278591156
39,3,64,20,0.4823094606399536,0.10618777573108673
39,3,64,21,0.6033270359039307,0.09235667437314987
39,3,64,22,0.5782525539398193,0.1569739580154419
39,3,64,23,0.25993412733078003,0.11981596797704697
39,3,64,24,0.5746331214904785,0.11604851484298706
39,3,64,25,0.4614469110965729,0.12414181232452393
39,3,64,26,0.24291734397411346,0.14048396050930023
39,3,64,27,0.40139254927635193,0.10823780298233032
39,3,64,28,0.6079938411712646,0.12135879695415497
39,3,64,29,0.5642151236534119,0.09902790933847427
39,3,64,30,0.38335350155830383,0.22317591309547424
39,3,64,31,0.5484643578529358,0.05956288054585457
39,3,64,32,0.6310805082321167,0.044062916189432144
39,3,64,33,0.5030220746994019,0.18088117241859436
39,3,64,34,0.3929734528064728,0.18098676204681396
39,3,64,35,0.48588213324546814,0.06463927030563354
39,3,64,36,0.4279296398162842,0.06497363746166229
39,3,64,37,0.2838549017906189,0.11919064074754715
39,3,64,38,0.6231980919837952,0.16962352395057678
39,3,64,39,0.6681323647499084,0.03617028892040253
39,3,64,40,0.6554338335990906,0.21391473710536957
39,3,64,41,0.7357445955276489,0.11317040026187897
39,3,64,42,0.6411146521568298,0.21774891018867493
39,3,64,43,0.35050880908966064,0.06507644802331924
39,3,64,44,0.5126972794532776,0.062411949038505554
39,3,64,45,0.5121597647666931,0.07718721032142639
39,3,64,46,0.7071236371994019,0.14526022970676422
39,3,64,47,0.43770477175712585,0.06992103904485703
39,3,64,48,0.5868731737136841,0.052456654608249664
39,3,64,49,0.37217217683792114,0.12083259969949722
39,3,64,50,0.5772997736930847,0.15788722038269043
39,3,64,51,0.4637009799480438,0.10991344600915909
39,3,64,52,0.664631724357605,0.2431025505065918
39,3,64,53,0.37613746523857117,0.1770327389240265
39,3,64,54,0.3601202666759491,0.15347051620483398
39,3,64,55,0.6836346387863159,0.12457913160324097
39,3,64,56,0.5860523581504822,0.15029941499233246
39,3,64,57,0.36345064640045166,0.15132902562618256
39,3,64,58,0.5970005989074707,0.1908598393201828
39,3,64,59,0.32340747117996216,0.18623419106006622
39,3,64,60,0.48654478788375854,0.1211768165230751
39,3,64,61,0.35005295276641846,0.16908986866474152
39,3,64,62,0.5752983093261719,0.12038207799196243
39,3,64,63,0.4499206244945526,0.07916118204593658
39,4,128,0,0.6588268876075745,0.07145052403211594
39,4,128,1,0.7901293635368347,0.10448481142520905
39,4,128,2,0.5474085807800293,0.09018794447183609
39,4,128,3,0.7036083936691284,0.2857601046562195
39,4,128,4,0.658695638179779,0.11562000215053558
39,4,128,5,0.4406585097312927,0.26908209919929504
39,4,128,6,0.6782730221748352,0.39301958680152893
39,4,128,7,0.6036078333854675,0.31066370010375977
39,4,128,8,0.5388180613517761,0.24402490258216858
39,4,128,9,0.3645375669002533,0.3772924542427063
39,4,128,10,0.574201762676239,0.28655683994293213
39,4,128,11,0.42261579632759094,0.24494242668151855
39,4,128,12,0.6748371720314026,0.2601538598537445
39,4,128,13,0.3745596706867218,0.13589447736740112
39,4,128,14,0.7365210652351379,0.0892147645354271
39,4,128,15,0.4721672534942627,0.15843802690505981
39,4,128,16,0.6355020403862,0.19966603815555573
39,4,128,17,0.5603383779525757,0.2648714780807495
39,4,128,18,0.5951151251792908,0.15177477896213531
39,4,128,19,0.47611236572265625,0.33266696333885193
39,4,128,20,0.3876117169857025,0.11293431371450424
39,4,128,21,0.6177616715431213,0.19613106548786163
39,4,128,22,0.5547177791595459,0.29405781626701355
39,4,128,23,0.6268389225006104,0.37404942512512207
39,4,128,24,0.6440503597259521,0.23307982087135315
39,4,128,25,0.6013110280036926,0.2664916515350342
39,4,128,26,0.7144625782966614,0.13520944118499756
39,4,128,27,0.3857283294200897,0.19488738477230072
39,4,128,28,0.6796553134918213,0.37677547335624695
39,4,128,29,0.4894065260887146,0.10795975476503372
39,4,128,30,0.6821726560592651,0.37982943654060364
39,4,128,31,0.36816006898880005,0.23170942068099976
39,4,128,32,0.4281821846961975,0.17048054933547974
39,4,128,33,0.6353772282600403,0.2973085641860962
39,4,128,34,0.6437390446662903,0.3625814914703369
39,4,128,35,0.4802502393722534,0.10690745711326599
39,4,128,36,0.4961296021938324,0.06885787099599838
39,4,128,37,0.6938796043395996,0.15537966787815094
39,4,128,38,0.5842881202697754,0.18560683727264404
39,4,128,39,0.7574353814125061,0.07009566575288773
39,4,128,40,0.5733739733695984,0.2809205651283264
39,4,128,41,0.6311936974525452,0.1482505053281784
39,4,128,42,0.6851495504379272,0.22851164638996124
39,4,128,43,0.7056357860565186,0.17118816077709198
39,4,128,44,0.6606296300888062,0.3579629957675934
39,4,128,45,0.3857625424861908,0.31425052881240845
39,4,128,46,0.6325580477714539,0.27126258611679077
39,4,128,47,0.6648697853088379,0.3606613576412201
39,4,128,48,0.7072026133537292,0.26373299956321716
39,4,128,49,0.43680474162101746,0.3159344494342804
39,4,128,50,0.2875283658504486,0.24041785299777985
39,4,128,51,0.45900973677635193,0.2890488803386688
39,4,128,52,0.3371278941631317,0.16180984675884247
39,4,128,53,0.257589727640152,0.15651753544807434
39,4,128,54,0.7136768698692322,0.10424814373254776
39,4,128,55,0.4141242802143097,0.27550414204597473
39,4,128,56,0.4018401503562927,0.07248587161302567
39,4,128,57,0.3634871244430542,0.13951346278190613
39,4,128,58,0.5522836446762085,0.20494019985198975
39,4,128,59,0.7632494568824768,0.2779425382614136
39,4,128,60,0.6312223076820374,0.19844166934490204
39,4,128,61,0.5399024486541748,0.26883065700531006
39,4,128,62,0.6302661299705505,0.1620357781648636
39,4,128,63,0.5412576794624329,0.14705149829387665
39,4,128,64,0.6141632795333862,0.17287267744541168
39,4,128,65,0.495614618062973,0.14061950147151947
39,4,128,66,0.30374765396118164,0.06536487489938736
39,4,128,67,0.3302079141139984,0.11561545729637146
39,4,128,68,0.794873058795929,0.08763112872838974
39,4,128,69,0.7839670777320862,0.09391550719738007
39,4,128,70,0.6090440154075623,0.33339840173721313
39,4,128,71,0.4338306188583374,0.12470026314258575
39,4,128,72,0.5003840327262878,0.15228486061096191
39,4,128,73,0.6466724276542664,0.1279144436120987
39,4,128,74,0.6692480444908142,0.2905959188938141
39,4,128,75,0.6991938352584839,0.1712472289800644
39,4,128,76,0.4913385212421417,0.14533640444278717
39,4,128,77,0.7419042587280273,0.06569086015224457
39,4,128,78,0.2555217742919922,0.1824181079864502
39,4,128,79,0.798318088054657,0.07679171115159988
39,4,128,80,0.5599918365478516,0.24818359315395355
39,4,128,81,0.5999451875686646,0.16022512316703796
39,4,128,82,0.545670747756958,0.21587392687797546
39,4,128,83,0.4516330659389496,0.21683137118816376
39,4,128,84,0.5144701600074768,0.12742206454277039
39,4,128,85,0.555146336555481,0.07077367603778839
39,4,128,86,0.5215431451797485,0.27262231707572937
39,4,128,87,0.7093469500541687,0.1113777756690979
39,4,128,88,0.43628066778182983,0.37200435996055603
39,4,128,89,0.4206332862377167,0.22117051482200623
39,4,128,90,0.4432234764099121,0.11443308740854263
39,4,128,91,0.8229230046272278,0.08081279695034027
39,4,128,92,0.7369779348373413,0.2812453806400299
39,4,128,93,0.5500256419181824,0.035946279764175415
39,4,128,94,0.37949392199516296,0.20644168555736542
39,4,128,95,0.7434923052787781,0.1469615399837494
39,4,128,96,0.38445618748664856,0.24058502912521362
39,4,128,97,0.6217212080955505,0.24074509739875793
39,4,128,98,0.4446679353713989,0.3123902380466461
39,4,128,99,0.46443283557891846,0.13240639865398407
39,4,128,100,0.6333819627761841,0.12977002561092377
39,4,128,101,0.6230628490447998,0.3131498694419861
39,4,128,102,0.6374008655548096,0.312421053647995
39,4,128,103,0.7441089153289795,0.10694675892591476
39,4,128,104,0.5854222774505615,0.24935714900493622
39,4,128,105,0.7050347328186035,0.10934384912252426
39,4,128,106,0.8279050588607788,0.10202078521251678
39,4,128,107,0.6025857329368591,0.263152152299881
39,4,128,108,0.22279174625873566,0.11989739537239075
39,4,128,109,0.7637277245521545,0.08451841026544571
39,4,128,110,0.8241402506828308,0.07835740596055984
39,4,128,111,0.18485639989376068,0.19469183683395386
39,4,128,112,0.43014103174209595,0.3144789934158325
39,4,128,113,0.6081024408340454,0.10884252190589905
39,4,128,114,0.3054049015045166,0.2703099548816681
39,4,128,115,0.6116278171539307,0.19972456991672516
39,4,128,116,0.7800401449203491,0.09285526722669601
39,4,128,117,0.48200902342796326,0.0478484183549881
39,4,128,118,0.649765133857727,0.14396613836288452
39,4,128,119,0.597988486289978,0.3116636574268341
39,4,128,120,0.5963425636291504,0.2500034272670746
39,4,128,121,0.39178285002708435,0.21271102130413055
39,4,128,122,0.6536463499069214,0.20258229970932007
39,4,128,123,0.3769070506095886,0.23531953990459442
39,4,128,124,0.7197781801223755,0.06823665648698807
39,4,128,125,0.3143143057823181,0.09615703672170639
39,4,128,126,0.6356473565101624,0.10989919304847717
39,4,128,127,0.6792227029800415,0.10613831132650375
39,5,128,0,0.8289445042610168,0.1074967235326767
39,5,128,1,0.8016681671142578,0.15599343180656433
39,5,128,2,0.8821976780891418,0.07621300220489502
39,5,128,3,0.8595097661018372,0.11685793846845627
39,5,128,4,0.8657048940658569,0.06704769283533096
39,5,128,5,0.38972026109695435,0.1966138482093811
39,5,128,6,0.8917708396911621,0.0897410437464714
39,5,128,7,0.7480924725532532,0.09313157200813293
39,5,128,8,0.8499637842178345,0.06016503646969795
39,5,128,9,0.39684000611305237,0.3750837445259094
39,5,128,10,0.8212996125221252,0.07084299623966217
39,5,128,11,0.7213137745857239,0.14187230169773102
39,5,128,12,0.7802303433418274,0.16345182061195374
39,5,128,13,0.8914849758148193,0.06469783931970596
39,5,128,14,0.6778850555419922,0.21712350845336914
39,5,128,15,0.6258776783943176,0.14174342155456543
39,5,128,16,0.8173380494117737,0.09649711847305298
39,5,128,17,0.42433568835258484,0.06256311386823654
39,5,128,18,0.5696653723716736,0.1803586483001709
39,5,128,19,0.4246680736541748,0.3586180508136749
39,5,128,20,0.6340088248252869,0.09102620929479599
39,5,128,21,0.7302371859550476,0.06915641576051712
39,5,128,22,0.5825387835502625,0.12744678556919098
39,5,128,23,0.8688238859176636,0.06624845415353775
39,5,128,24,0.8195176124572754,0.08918970823287964
39,5,128,25,0.7614310383796692,0.09098412096500397
39,5,128,26,0.8648660778999329,0.11254077404737473
39,5,128,27,0.8718595504760742,0.07872423529624939
39,5,128,28,0.8654689788818359,0.08378837257623672
39,5,128,29,0.45456114411354065,0.2479126751422882
39,5,128,30,0.9145991206169128,0.06451721489429474
39,5,128,31,0.41819262504577637,0.2997203767299652
39,5,128,32,0.551578938961029,0.1641796976327896
39,5,128,33,0.7287372350692749,0.09759435802698135
39,5,128,34,0.8512248396873474,0.08162090927362442
39,5,128,35,0.41975507140159607,0.14415819942951202
39,5,128,36,0.5825295448303223,0.19183960556983948
39,5,128,37,0.8730567097663879,0.0917840376496315
39,5,128,38,0.867554247379303,0.0796075165271759
39,5,128,39,0.7923725843429565,0.06683756411075592
39,5,128,40,0.467175155878067,0.2621498107910156
39,5,128,41,0.7078627347946167,0.05458170175552368
39,5,128,42,0.8285662531852722,0.08469763398170471
39,5,128,43,0.7442787289619446,0.1836104393005371
39,5,128,44,0.8545369505882263,0.06448758393526077
39,5,128,45,0.877460241317749,0.06447585672140121
39,5,128,46,0.6537174582481384,0.17544561624526978
39,5,128,47,0.810046374797821,0.15721939504146576
39,5,128,48,0.8745862245559692,0.09086734801530838
39,5,128,49,0.6803888082504272,0.1251356452703476
39,5,128,50,0.2912338376045227,0.2676541805267334
39,5,128,51,0.6604712605476379,0.29345759749412537
39,5,128,52,0.8392481207847595,0.06795067340135574
39,5,128,53,0.7124892473220825,0.0885731503367424
39,5,128,54,0.7975443005561829,0.08478739857673645
39,5,128,55,0.8201220035552979,0.1484614461660385
39,5,128,56,0.7571720480918884,0.13676346838474274
39,5,128,57,0.8346057534217834,0.07407889515161514
39,5,128,58,0.516232430934906,0.24629949033260345
39,5,128,59,0.8886725902557373,0.09768015146255493
39,5,128,60,0.6398927569389343,0.14147688448429108
39,5,128,61,0.8199012875556946,0.09135780483484268
39,5,128,62,0.8276418447494507,0.06408479809761047
39,5,128,63,0.8112072348594666,0.12616302073001862
39,5,128,64,0.6370587944984436,0.16679427027702332
39,5,128,65,0.3925979435443878,0.18794606626033783
39,5,128,66,0.561552107334137,0.1371280401945114
39,5,128,67,0.6956399083137512,0.13626208901405334
39,5,128,68,0.8651158213615417,0.09148012846708298
39,5,128,69,0.8205198049545288,0.09859044849872589
39,5,128,70,0.37663301825523376,0.36104002594947815
39,5,128,71,0.7762740254402161,0.17200160026550293
39,5,128,72,0.4091048240661621,0.29280415177345276
39,5,128,73,0.6572176814079285,0.1711006909608841
39,5,128,74,0.7391029596328735,0.11008529365062714
39,5,128,75,0.8389399647712708,0.10083526372909546
39,5,128,76,0.7127535939216614,0.09733834862709045
39,5,128,77,0.860397458076477,0.05988023057579994
39,5,128,78,0.6607871055603027,0.056650299578905106
39,5,128,79,0.5518771409988403,0.16696925461292267
39,5,128,80,0.8549720048904419,0.07648015767335892
39,5,128,81,0.44734981656074524,0.316975474357605
39,5,128,82,0.7305757999420166,0.21886782348155975
39,5,128,83,0.6174878478050232,0.15838272869586945
39,5,128,84,0.5238562226295471,0.05048119276762009
39,5,128,85,0.42011559009552,0.28857555985450745
39,5,128,86,0.7297475337982178,0.11877918988466263
39,5,128,87,0.7939268350601196,0.0850171148777008
39,5,128,88,0.8586158752441406,0.0692974105477333
39,5,128,89,0.8073736429214478,0.08635519444942474
39,5,128,90,0.6998763680458069,0.05289817601442337
39,5,128,91,0.5937252044677734,0.17329517006874084
39,5,128,92,0.8379541039466858,0.120929054915905
39,5,128,93,0.7694864273071289,0.16046549379825592
39,5,128,94,0.6955806016921997,0.119882732629776
39,5,128,95,0.8149060606956482,0.10839681327342987
39,5,128,96,0.6711176633834839,0.10837503522634506
39,5,128,97,0.7737456560134888,0.17089565098285675
39,5,128,98,0.3455570638179779,0.23544859886169434
39,5,128,99,0.7658218741416931,0.08444631844758987
39,5,128,100,0.7014232277870178,0.09526556730270386
39,5,128,101,0.6517171859741211,0.10160025954246521
39,5,128,102,0.8586511015892029,0.0807654932141304
39,5,128,103,0.8666588664054871,0.06730932742357254
39,5,128,104,0.6403437256813049,0.19519849121570587
39,5,128,105,0.69211345911026,0.17132851481437683
39,5,128,106,0.833949863910675,0.1397072970867157
39,5,128,107,0.8093263506889343,0.15232370793819427
39,5,128,108,0.6164157390594482,0.12970823049545288
39,5,128,109,0.859550416469574,0.0668276995420456
39,5,128,110,0.9066623449325562,0.060983072966337204
39,5,128,111,0.704632580280304,0.13279730081558228
39,5,128,112,0.8544548153877258,0.09649448096752167
39,5,128,113,0.4857865571975708,0.2873310148715973
39,5,128,114,0.6444748044013977,0.07418402284383774
39,5,128,115,0.7695701122283936,0.11143598705530167
39,5,128,116,0.8349878787994385,0.12152831256389618
39,5,128,117,0.5528808832168579,0.09258270263671875
39,5,128,118,0.8210091590881348,0.0757046490907669
39,5,128,119,0.34125152230262756,0.21574176847934723
39,5,128,120,0.8861174583435059,0.07432493567466736
39,5,128,121,0.753463089466095,0.06231733039021492
39,5,128,122,0.8036390542984009,0.08517744392156601
39,5,128,123,0.8256738781929016,0.09459816664457321
39,5,128,124,0.7558575868606567,0.17430511116981506
39,5,128,125,0.45635849237442017,0.329667329788208
39,5,128,126,0.3926195204257965,0.3113059103488922
39,5,128,127,0.834517240524292,0.10493187606334686
40,0,32,0,0.5759532451629639,0.0828758180141449
40,0,32,1,0.5979612469673157,0.03751818835735321
40,0,32,2,0.476423054933548,0.030430085957050323
40,0,32,3,0.44151178002357483,0.05587536096572876
40,0,32,4,0.2488381415605545,0.06927528232336044
40,0,32,5,0.48153847455978394,0.014181802049279213
40,0,32,6,0.5580151677131653,0.03627115115523338
40,0,32,7,0.2887895405292511,0.06236409395933151
40,0,32,8,0.5350949168205261,0.05005083978176117
40,0,32,9,0.5175574421882629,0.0563085675239563
40,0,32,10,0.5361675024032593,0.06751016527414322
40,0,32,11,0.6378318667411804,0.0398385263979435
40,0,32,12,0.37846940755844116,0.030122708529233932
40,0,32,13,0.5523664355278015,0.05512974411249161
40,0,32,14,0.5114791393280029,0.04056502878665924
40,0,32,15,0.533802330493927,0.033069122582674026
40,0,32,16,0.6131519079208374,0.02269395813345909
40,0,32,17,0.5026616454124451,0.0539509542286396
40,0,32,18,0.5126919150352478,0.032828547060489655
40,0,32,19,0.4056391417980194,0.04502455145120621
40,0,32,20,0.4501023590564728,0.07609881460666656
40,0,32,21,0.4494001567363739,0.07845544070005417
40,0,32,22,0.6189796328544617,0.05513661727309227
40,0,32,23,0.6002618074417114,0.04714968428015709
40,0,32,24,0.5763102173805237,0.03605186939239502
40,0,32,25,0.45755141973495483,0.052632950246334076
40,0,32,26,0.36302053928375244,0.07256525009870529
40,0,32,27,0.6514500975608826,0.07225212454795837
40,0,32,28,0.5687564015388489,0.052455246448516846
40,0,32,29,0.5202801823616028,0.03853055462241173
40,0,32,30,0.43613293766975403,0.035134196281433105
40,0,32,31,0.4066011905670166,0.015596290118992329
40,1,32,0,0.5356565117835999,0.08462991565465927
40,1,32,1,0.37731412053108215,0.10385920107364655
40,1,32,2,0.5438569784164429,0.06561361253261566
40,1,32,3,0.45261073112487793,0.09738832712173462
40,1,32,4,0.5417081117630005,0.11010483652353287
40,1,32,5,0.47722408175468445,0.07096680253744125
40,1,32,6,0.2930241525173187,0.0945180207490921
40,1,32,7,0.6431238055229187,0.0758148729801178
40,1,32,8,0.4473681151866913,0.09070001542568207
40,1,32,9,0.48966866731643677,0.08206747472286224
40,1,32,10,0.4820464849472046,0.1267460286617279
40,1,32,11,0.610736608505249,0.10623805224895477
40,1,32,12,0.7011185884475708,0.05821322277188301
40,1,32,13,0.48858019709587097,0.13570886850357056
40,1,32,14,0.6593748331069946,0.09499183297157288
40,1,32,15,0.5994669795036316,0.10209928452968597
40,1,32,16,0.4734548330307007,0.06510951370000839
40,1,32,17,0.46567973494529724,0.14223603904247284
40,1,32,18,0.429407000541687,0.02946712262928486
40,1,32,19,0.5210374593734741,0.16719049215316772
40,1,32,20,0.40626004338264465,0.06245673820376396
40,1,32,21,0.4907324016094208,0.03795073181390762
40,1,32,22,0.49783405661582947,0.09868752211332321
40,1,32,23,0.5491105318069458,0.08140121400356293
40,1,32,24,0.3808860182762146,0.12505359947681427
40,1,32,25,0.5634356737136841,0.0935961902141571
40,1,32,26,0.40879377722740173,0.06269176304340363
40,1,32,27,0.5988489985466003,0.02153719775378704
40,1,32,28,0.4224206805229187,0.059464894235134125
40,1,32,29,0.41008809208869934,0.10694319009780884
40,1,32,30,0.5828690528869629,0.09408313781023026
40,1,32,31,0.43848881125450134,0.04886243864893913
40,2,64,0,0.48074349761009216,0.08755814284086227
40,2,64,1,0.5544804930686951,0.20598025619983673
40,2,64,2,0.6706935167312622,0.16005156934261322
40,2,64,3,0.5266682505607605,0.18209418654441833
40,2,64,4,0.6190046072006226,0.15774750709533691
40,2,64,5,0.48893293738365173,0.16171658039093018
40,2,64,6,0.6528439521789551,0.18742355704307556
40,2,64,7,0.33385396003723145,0.12970440089702606
40,2,64,8,0.4599447250366211,0.1969178318977356
40,2,64,9,0.5489476323127747,0.2012958526611328
40,2,64,10,0.6350499987602234,0.1284821629524231
40,2,64,11,0.6707547307014465,0.18904687464237213
40,2,64,12,0.3828686773777008,0.13703037798404694
40,2,64,13,0.4439925253391266,0.1731378585100174
40,2,64,14,0.4850301444530487,0.1589498072862625
40,2,64,15,0.504226803779602,0.1397482305765152
40,2,64,16,0.4445689618587494,0.14879047870635986
40,2,64,17,0.5525611042976379,0.1874091923236847
40,2,64,18,0.4939802289009094,0.23538194596767426
40,2,64,19,0.6655599474906921,0.17032691836357117
40,2,64,20,0.467735230922699,0.18556566536426544
40,2,64,21,0.41471946239471436,0.13596738874912262
40,2,64,22,0.476255863904953,0.15125873684883118
40,2,64,23,0.4962511360645294,0.1828419268131256
40,2,64,24,0.6269655227661133,0.21204562485218048
40,2,64,25,0.5384628772735596,0.24116936326026917
40,2,64,26,0.6221271753311157,0.11918026208877563
40,2,64,27,0.42887750267982483,0.17596812546253204
40,2,64,28,0.5490949749946594,0.20486107468605042
40,2,64,29,0.5209387540817261,0.2763640284538269
40,2,64,30,0.47867828607559204,0.19003330171108246
40,2,64,31,0.4110342562198639,0.1661885380744934
40,2,64,32,0.7388440370559692,0.11319905519485474
40,2,64,33,0.5110373497009277,0.22865931689739227
40,2,64,34,0.42822080850601196,0.17437921464443207
40,2,64,35,0.3557378649711609,0.13906897604465485
40,2,64,36,0.4560282528400421,0.14835605025291443
40,2,64,37,0.47127532958984375,0.20738187432289124
40,2,64,38,0.5315634608268738,0.23759935796260834
40,2,64,39,0.3470441699028015,0.1126127541065216
40,2,64,40,0.6317176222801208,0.2221202701330185
40,2,64,41,0.44520285725593567,0.19623734056949615
40,2,64,42,0.4694182276725769,0.19838187098503113
40,2,64,43,0.6691319942474365,0.122466079890728
40,2,64,44,0.5079532861709595,0.26941508054733276
40,2,64,45,0.4690546989440918,0.10213825106620789
40,2,64,46,0.49746549129486084,0.11917609721422195
40,2,64,47,0.46065041422843933,0.11312825977802277
40,2,64,48,0.6363097429275513,0.16918891668319702
40,2,64,49,0.4650815725326538,0.2459397315979004
40,2,64,50,0.5874053835868835,0.16118517518043518
40,2,64,51,0.3800860047340393,0.12193609774112701
40,2,64,52,0.37424904108047485,0.1856064647436142
40,2,64,53,0.5668425559997559,0.24391847848892212
40,2,64,54,0.520500659942627,0.08346708863973618
40,2,64,55,0.53465735912323,0.10383587330579758
40,2,64,56,0.4870041310787201,0.2260444313287735
40,2,64,57,0.5441766977310181,0.16376617550849915
40,2,64,58,0.5726120471954346,0.1417674720287323
40,2,64,59,0.5658976435661316,0.11817757785320282
40,2,64,60,0.5304084420204163,0.15898576378822327
40,2,64,61,0.6527072191238403,0.20198771357536316
40,2,64,62,0.38142144680023193,0.22560280561447144
40,2,64,63,0.5215468406677246,0.27425825595855713
40,3,64,0,0.6066461205482483,0.0599844753742218
40,3,64,1,0.5890571475028992,0.26483917236328125
40,3,64,2,0.5274651646614075,0.046537965536117554
40,3,64,3,0.5420577526092529,0.16548418998718262
40,3,64,4,0.5011444091796875,0.2507483959197998
40,3,64,5,0.43790048360824585,0.14947551488876343
40,3,64,6,0.4703434109687805,0.08109916001558304
40,3,64,7,0.40659090876579285,0.08347097039222717
40,3,64,8,0.6420363187789917,0.15009567141532898
40,3,64,9,0.44047489762306213,0.04453108832240105
40,3,64,10,0.31555312871932983,0.149270698428154
40,3,64,11,0.5327748656272888,0.05977810174226761
40,3,64,12,0.43506452441215515,0.16152653098106384
40,3,64,13,0.4677947759628296,0.03556116297841072
40,3,64,14,0.6633618474006653,0.07757006585597992
40,3,64,15,0.3793657422065735,0.0585302971303463
40,3,64,16,0.5804915428161621,0.16331450641155243
40,3,64,17,0.4901220500469208,0.1878359615802765
40,3,64,18,0.46067583560943604,0.17160315811634064
40,3,64,19,0.6036612391471863,0.09723176062107086
40,3,64,20,0.4903603196144104,0.11499597132205963
40,3,64,21,0.4684806764125824,0.14900639653205872
40,3,64,22,0.4510782063007355,0.10694080591201782
40,3,64,23,0.4716874063014984,0.0475136861205101
40,3,64,24,0.3736502528190613,0.09629826992750168
40,3,64,25,0.6061529517173767,0.25129908323287964
40,3,64,26,0.4310855567455292,0.10270678251981735
40,3,64,27,0.48876330256462097,0.17730872333049774
40,3,64,28,0.5808038711547852,0.03449647128582001
40,3,64,29,0.679548978805542,0.11934033781290054
40,3,64,30,0.5449399352073669,0.06211775913834572
40,3,64,31,0.3024822175502777,0.08216909319162369
40,3,64,32,0.5727397799491882,0.2396930456161499
40,3,64,33,0.3080269992351532,0.06703834980726242
40,3,64,34,0.46200019121170044,0.13448715209960938
40,3,64,35,0.37791019678115845,0.10581735521554947
40,3,64,36,0.6100034713745117,0.17541082203388214
40,3,64,37,0.5105650424957275,0.1765245646238327
40,3,64,38,0.5658329129219055,0.250265508890152
40,3,64,39,0.6862523555755615,0.1516067087650299
40,3,64,40,0.5456997156143188,0.11365457624197006
40,3,64,41,0.27725690603256226,0.10428325086832047
40,3,64,42,0.6622936129570007,0.10056132823228836
40,3,64,43,0.61324143409729,0.22389717400074005
40,3,64,44,0.5376728177070618,0.07390712201595306
40,3,64,45,0.4831027686595917,0.09185371547937393
40,3,64,46,0.5521983504295349,0.07204750180244446
40,3,64,47,0.4788295030593872,0.07701554149389267
40,3,64,48,0.558529257774353,0.10700470954179764
40,3,64,49,0.6506490707397461,0.09139475226402283
40,3,64,50,0.5177386999130249,0.11522960662841797
40,3,64,51,0.5694249272346497,0.11478675901889801
40,3,64,52,0.36267006397247314,0.21279582381248474
40,3,64,53,0.633208692073822,0.10690251737833023
40,3,64,54,0.42295530438423157,0.0616685226559639
40,3,64,55,0.3813825845718384,0.05997546762228012
40,3,64,56,0.6306402683258057,0.073822520673275
40,3,64,57,0.4625149369239807,0.1026388630270958
40,3,64,58,0.37002843618392944,0.17988330125808716
40,3,64,59,0.5106676816940308,0.07041637599468231
40,3,64,60,0.4960358142852783,0.14867879450321198
40,3,64,61,0.6083686351776123,0.18697898089885712
40,3,64,62,0.5402764081954956,0.11211425811052322
40,3,64,63,0.48002785444259644,0.09665179997682571
40,4,128,0,0.7024478912353516,0.12911061942577362
40,4,128,1,0.7077983617782593,0.2748517692089081
40,4,128,2,0.32607388496398926,0.10764674842357635
40,4,128,3,0.4528849422931671,0.24767979979515076
40,4,128,4,0.46636006236076355,0.10888700187206268
40,4,128,5,0.3719136416912079,0.24455296993255615
40,4,128,6,0.40886232256889343,0.08731140941381454
40,4,128,7,0.5215218663215637,0.2320610135793686
40,4,128,8,0.49250373244285583,0.1390700340270996
40,4,128,9,0.6751671433448792,0.14461970329284668
40,4,128,10,0.7288941740989685,0.2788574695587158
40,4,128,11,0.33768582344055176,0.1979997158050537
40,4,128,12,0.6668778657913208,0.24748894572257996
40,4,128,13,0.35272085666656494,0.2726748287677765
40,4,128,14,0.6608778238296509,0.15478718280792236
40,4,128,15,0.46574026346206665,0.19715583324432373
40,4,128,16,0.5462551116943359,0.09712530672550201
40,4,128,17,0.6771714687347412,0.21481166779994965
40,4,128,18,0.6855392456054688,0.15610602498054504
40,4,128,19,0.748050332069397,0.13974209129810333
40,4,128,20,0.46258360147476196,0.1403280347585678
40,4,128,21,0.3118240535259247,0.14651024341583252
40,4,128,22,0.6659337282180786,0.1661764681339264
40,4,128,23,0.4081317186355591,0.17556802928447723
40,4,128,24,0.6344393491744995,0.19461405277252197
40,4,128,25,0.6666200160980225,0.17879733443260193
40,4,128,26,0.4800671637058258,0.2265765368938446
40,4,128,27,0.559054434299469,0.1054890900850296
40,4,128,28,0.6001522541046143,0.18375585973262787
40,4,128,29,0.7196428179740906,0.2598770260810852
40,4,128,30,0.7354575991630554,0.2956071197986603
40,4,128,31,0.6241427063941956,0.06068764626979828
40,4,128,32,0.3334944546222687,0.20106182992458344
40,4,128,33,0.4866594970226288,0.17612755298614502
40,4,128,34,0.4687875807285309,0.18754824995994568
40,4,128,35,0.5849204659461975,0.1796882003545761
40,4,128,36,0.5668649077415466,0.107408806681633
40,4,128,37,0.7058903574943542,0.2012796252965927
40,4,128,38,0.6371282935142517,0.07912211120128632
40,4,128,39,0.39931750297546387,0.22185134887695312
40,4,128,40,0.5547402501106262,0.22160756587982178
40,4,128,41,0.7986069917678833,0.2320767045021057
40,4,128,42,0.7310662269592285,0.11372978240251541
40,4,128,43,0.4214520752429962,0.1190076470375061
40,4,128,44,0.5986784100532532,0.10436765849590302
40,4,128,45,0.6272514462471008,0.24891455471515656
40,4,128,46,0.4926629364490509,0.14800089597702026
40,4,128,47,0.3032938539981842,0.10824568569660187
40,4,128,48,0.6998050808906555,0.15380552411079407
40,4,128,49,0.3762785494327545,0.175967276096344
40,4,128,50,0.8409568071365356,0.0668163150548935
40,4,128,51,0.7129769921302795,0.15110982954502106
40,4,128,52,0.30270713567733765,0.2718573212623596
40,4,128,53,0.6549434661865234,0.1404118835926056
40,4,128,54,0.5380609035491943,0.16996043920516968
40,4,128,55,0.3810438811779022,0.15832920372486115
40,4,128,56,0.7216388583183289,0.21247588098049164
40,4,128,57,0.628857433795929,0.19733653962612152
40,4,128,58,0.6654531359672546,0.09337083995342255
40,4,128,59,0.7532904148101807,0.09542658179998398
40,4,128,60,0.40923163294792175,0.28628116846084595
40,4,128,61,0.633856475353241,0.08386734127998352
40,4,128,62,0.7343679070472717,0.13643386960029602
40,4,128,63,0.7993290424346924,0.09260457009077072
40,4,128,64,0.6463684439659119,0.22032974660396576
40,4,128,65,0.2905149459838867,0.18302258849143982
40,4,128,66,0.3632247745990753,0.17631389200687408
40,4,128,67,0.7447001934051514,0.16583462059497833
40,4,128,68,0.42155584692955017,0.08212891966104507
40,4,128,69,0.58085036277771,0.2210867553949356
40,4,128,70,0.5277087092399597,0.16082771122455597
40,4,128,71,0.45456355810165405,0.05475460737943649
40,4,128,72,0.5544623136520386,0.11014137417078018
40,4,128,73,0.4858989119529724,0.18928804993629456
40,4,128,74,0.6158847212791443,0.2190588265657425
40,4,128,75,0.7174454927444458,0.14023947715759277
40,4,128,76,0.2513546049594879,0.17823418974876404
40,4,128,77,0.2950986325740814,0.17525862157344818
40,4,128,78,0.705048143863678,0.2689063549041748
40,4,128,79,0.6345745325088501,0.2468983680009842
40,4,128,80,0.37682706117630005,0.2801254093647003
40,4,128,81,0.5405945777893066,0.1187257319688797
40,4,128,82,0.4214246869087219,0.1259683519601822
40,4,128,83,0.29365023970603943,0.17671845853328705
40,4,128,84,0.7298450469970703,0.10036728531122208
40,4,128,85,0.760952889919281,0.14764204621315002
40,4,128,86,0.5436961650848389,0.09774067997932434
40,4,128,87,0.5450952053070068,0.13552367687225342
40,4,128,88,0.7141488194465637,0.11255931109189987
40,4,128,89,0.6190240383148193,0.08641362935304642
40,4,128,90,0.7209402918815613,0.21135467290878296
40,4,128,91,0.7116780281066895,0.05503716692328453
40,4,128,92,0.7247232794761658,0.0932030975818634
40,4,128,93,0.7290002703666687,0.15493667125701904
40,4,128,94,0.5898661017417908,0.1679839789867401
40,4,128,95,0.6391338109970093,0.1257118433713913
40,4,128,96,0.41993609070777893,0.13016006350517273
40,4,128,97,0.7126008868217468,0.15786665678024292
40,4,128,98,0.6972277760505676,0.08894260972738266
40,4,128,99,0.45665425062179565,0.07936981320381165
40,4,128,100,0.7293494343757629,0.30317211151123047
40,4,128,101,0.5916830897331238,0.18971450626850128
40,4,128,102,0.7654391527175903,0.14534547924995422
40,4,128,103,0.43120211362838745,0.07476351410150528
40,4,128,104,0.7400442957878113,0.07248260825872421
40,4,128,105,0.5750016570091248,0.09834503382444382
40,4,128,106,0.7156561017036438,0.21669206023216248
40,4,128,107,0.6480112671852112,0.10209061950445175
40,4,128,108,0.4321579039096832,0.16544654965400696
40,4,128,109,0.7396083474159241,0.22803938388824463
40,4,128,110,0.6884757280349731,0.22838160395622253
40,4,128,111,0.46841561794281006,0.11915353685617447
40,4,128,112,0.6385102272033691,0.16725781559944153
40,4,128,113,0.5016206502914429,0.17312012612819672
40,4,128,114,0.7530312538146973,0.22652260959148407
40,4,128,115,0.6630346775054932,0.10766120254993439
40,4,128,116,0.6182500123977661,0.09210891276597977
40,4,128,117,0.5967769622802734,0.1494658887386322
40,4,128,118,0.4890664517879486,0.08106667548418045
40,4,128,119,0.6682965159416199,0.094768226146698
40,4,128,120,0.4332670569419861,0.13949930667877197
40,4,128,121,0.6615879535675049,0.24116837978363037
40,4,128,122,0.4920652508735657,0.17043502628803253
40,4,128,123,0.7461686730384827,0.23440401256084442
40,4,128,124,0.3934350311756134,0.2288617193698883
40,4,128,125,0.5651572942733765,0.17084018886089325
40,4,128,126,0.6943701505661011,0.24530404806137085
40,4,128,127,0.580328643321991,0.22387655079364777
40,5,128,0,0.8038257360458374,0.0698036178946495
40,5,128,1,0.8460724353790283,0.08491117507219315
40,5,128,2,0.647586464881897,0.2245652973651886
40,5,128,3,0.9032084941864014,0.04985249042510986
40,5,128,4,0.33618083596229553,0.3393438160419464
40,5,128,5,0.8311144113540649,0.17452915012836456
40,5,128,6,0.7927197217941284,0.15263555943965912
40,5,128,7,0.7553977370262146,0.25272560119628906
40,5,128,8,0.869483470916748,0.10674481093883514
40,5,128,9,0.7319877743721008,0.3055035173892975
40,5,128,10,0.8890208601951599,0.08699162304401398
40,5,128,11,0.8035515546798706,0.15094053745269775
40,5,128,12,0.9270030856132507,0.06894606351852417
40,5,128,13,0.7686006426811218,0.07906002551317215
40,5,128,14,0.7574386596679688,0.1803542971611023
40,5,128,15,0.7203806638717651,0.1408497393131256
40,5,128,16,0.6756429076194763,0.2864178717136383
40,5,128,17,0.5615931153297424,0.1517767310142517
40,5,128,18,0.8379376530647278,0.12465120851993561
40,5,128,19,0.8360033631324768,0.10926782339811325
40,5,128,20,0.8295354843139648,0.1392400711774826
40,5,128,21,0.3935709595680237,0.3354780077934265
40,5,128,22,0.7127765417098999,0.1820480227470398
40,5,128,23,0.812157928943634,0.136444091796875
40,5,128,24,0.7639826536178589,0.15926332771778107
40,5,128,25,0.819287896156311,0.1359441578388214
40,5,128,26,0.863528311252594,0.12421419471502304
40,5,128,27,0.8388252854347229,0.07179024815559387
40,5,128,28,0.7735226154327393,0.07475622743368149
40,5,128,29,0.8249064087867737,0.24139998853206635
40,5,128,30,0.8875069618225098,0.10386055707931519
40,5,128,31,0.8165924549102783,0.08767574280500412
40,5,128,32,0.7022669315338135,0.28904101252555847
40,5,128,33,0.7408737540245056,0.30140408873558044
40,5,128,34,0.7901613116264343,0.07496467232704163
40,5,128,35,0.32943272590637207,0.22415928542613983
40,5,128,36,0.8329456448554993,0.0941159725189209
40,5,128,37,0.881484866142273,0.11391032487154007
40,5,128,38,0.6331347227096558,0.10897376388311386
40,5,128,39,0.9099202752113342,0.05466839298605919
40,5,128,40,0.7742487192153931,0.08873727172613144
40,5,128,41,0.7773057222366333,0.2471373975276947
40,5,128,42,0.680367112159729,0.13634757697582245
40,5,128,43,0.3774125277996063,0.2661735415458679
40,5,128,44,0.8578070402145386,0.07039661705493927
40,5,128,45,0.8207142353057861,0.17080099880695343
40,5,128,46,0.6428897380828857,0.22954151034355164
40,5,128,47,0.4015410542488098,0.14398708939552307
40,5,128,48,0.7627936601638794,0.22268998622894287
40,5,128,49,0.3075949549674988,0.26423317193984985
40,5,128,50,0.7716727256774902,0.16563794016838074
40,5,128,51,0.7783035635948181,0.11701549589633942
40,5,128,52,0.44012516736984253,0.17736466228961945
40,5,128,53,0.7834785580635071,0.15185636281967163
40,5,128,54,0.6004098057746887,0.2138632982969284
40,5,128,55,0.41964176297187805,0.3109856843948364
40,5,128,56,0.8527057766914368,0.09955397993326187
40,5,128,57,0.7946860194206238,0.11547209322452545
40,5,128,58,0.7583398222923279,0.13580460846424103
40,5,128,59,0.8358789086341858,0.13599863648414612
40,5,128,60,0.8514829277992249,0.0676700547337532
40,5,128,61,0.7006774544715881,0.15471282601356506
40,5,128,62,0.8013843297958374,0.11972568184137344
40,5,128,63,0.7526562213897705,0.2901778519153595
40,5,128,64,0.5022566318511963,0.14035183191299438
40,5,128,65,0.4412100613117218,0.19947168231010437
40,5,128,66,0.787203848361969,0.1858806163072586
40,5,128,67,0.8235378265380859,0.1582617312669754
40,5,128,68,0.7656470537185669,0.2743658423423767
40,5,128,69,0.7995260953903198,0.20042933523654938
40,5,128,70,0.8264769315719604,0.10432731360197067
40,5,128,71,0.47422581911087036,0.22208178043365479
40,5,128,72,0.7049362063407898,0.1443893015384674
40,5,128,73,0.49816271662712097,0.2961198687553406
40,5,128,74,0.8237518668174744,0.1732885092496872
40,5,128,75,0.7660163640975952,0.14908188581466675
40,5,128,76,0.6646530032157898,0.11545911431312561
40,5,128,77,0.7473087906837463,0.09826622903347015
40,5,128,78,0.8124610185623169,0.06869683414697647
40,5,128,79,0.7345935106277466,0.2396930754184723
40,5,128,80,0.8169239163398743,0.17649707198143005
40,5,128,81,0.7699040174484253,0.1559341996908188
40,5,128,82,0.885269045829773,0.07678890973329544
40,5,128,83,0.3523207902908325,0.2524387538433075
40,5,128,84,0.6550763845443726,0.200833261013031
40,5,128,85,0.7467858791351318,0.09134278446435928
40,5,128,86,0.7247493863105774,0.287619024515152
40,5,128,87,0.7980314493179321,0.22238481044769287
40,5,128,88,0.8393566012382507,0.2115343064069748
40,5,128,89,0.8541346192359924,0.13387465476989746
40,5,128,90,0.8599951267242432,0.13207891583442688
40,5,128,91,0.8349878787994385,0.15892602503299713
40,5,128,92,0.6899091601371765,0.10119619965553284
40,5,128,93,0.4543456435203552,0.355203241109848
40,5,128,94,0.8592862486839294,0.07864972949028015
40,5,128,95,0.38709813356399536,0.2755204141139984
40,5,128,96,0.7298687100410461,0.07658237963914871
40,5,128,97,0.7262162566184998,0.3023722469806671
40,5,128,98,0.8075733780860901,0.13636553287506104
40,5,128,99,0.7471396923065186,0.1813199371099472
40,5,128,100,0.8746011853218079,0.12805426120758057
40,5,128,101,0.6923288106918335,0.1867496520280838
40,5,128,102,0.8565091490745544,0.12425186485052109
40,5,128,103,0.5358744263648987,0.19504274427890778
40,5,128,104,0.7973897457122803,0.23013544082641602
40,5,128,105,0.6016265153884888,0.14949607849121094
40,5,128,106,0.8167164325714111,0.19925038516521454
40,5,128,107,0.39934298396110535,0.3829740583896637
40,5,128,108,0.8510358929634094,0.11471458524465561
40,5,128,109,0.818397045135498,0.15488921105861664
40,5,128,110,0.7973464131355286,0.178030326962471
40,5,128,111,0.7813454866409302,0.19424541294574738
40,5,128,112,0.6844494938850403,0.14796751737594604
40,5,128,113,0.45925888419151306,0.24354411661624908
40,5,128,114,0.8093287348747253,0.1399097889661789
40,5,128,115,0.6956543922424316,0.2591814696788788
40,5,128,116,0.5197345018386841,0.13921883702278137
40,5,128,117,0.7579560279846191,0.24693310260772705
40,5,128,118,0.8253404498100281,0.1279003918170929
40,5,128,119,0.7352697849273682,0.2541244328022003
40,5,128,120,0.8631265163421631,0.09896031022071838
40,5,128,121,0.767007052898407,0.06984170526266098
40,5,128,122,0.31303495168685913,0.20730572938919067
40,5,128,123,0.8478676080703735,0.10314888507127762
40,5,128,124,0.8281842470169067,0.16319110989570618
40,5,128,125,0.7402809262275696,0.2599751651287079
40,5,128,126,0.731762170791626,0.267182320356369
40,5,128,127,0.7301828265190125,0.238645538687706
