model,f1_macro_mean,bal_acc_mean,acc_mean,f1_macro_sd,bal_acc_sd
SVM,0.6966646235465851,0.715599135127802,0.7916490407414855,0.07494298607789653,0.06556984623745436
