model,f1_macro_mean,bal_acc_mean,acc_mean,f1_macro_sd,bal_acc_sd
RF,0.6918700928599669,0.6977122881444269,0.7945837786147882,0.07572536163077731,0.07202766975397894
