subject,block,block_width,feature_channel,gate_mean,gate_sd
156,0,32,0,0.5114622712135315,0.043321602046489716
156,0,32,1,0.566192626953125,0.11006324738264084
156,0,32,2,0.6402930617332458,0.09021539986133575
156,0,32,3,0.3168987035751343,0.09609173983335495
156,0,32,4,0.4472629725933075,0.06505867838859558
156,0,32,5,0.4078177511692047,0.07146890461444855
156,0,32,6,0.495583176612854,0.04621683061122894
156,0,32,7,0.5052178502082825,0.07401050627231598
156,0,32,8,0.446196049451828,0.1631241887807846
156,0,32,9,0.6312287449836731,0.14075037837028503
156,0,32,10,0.48420095443725586,0.11659442633390427
156,0,32,11,0.4878508448600769,0.1330920159816742
156,0,32,12,0.5146856904029846,0.07682035863399506
156,0,32,13,0.6104869246482849,0.15342067182064056
156,0,32,14,0.5517712831497192,0.22778379917144775
156,0,32,15,0.5500257611274719,0.15242378413677216
156,0,32,16,0.4418254792690277,0.11295479536056519
156,0,32,17,0.5486162304878235,0.11006104201078415
156,0,32,18,0.4705658257007599,0.1270729899406433
156,0,32,19,0.5339378714561462,0.10861179977655411
156,0,32,20,0.2748817801475525,0.08535082638263702
156,0,32,21,0.43907395005226135,0.06301198154687881
156,0,32,22,0.30803245306015015,0.056007158011198044
156,0,32,23,0.446074515581131,0.0962403193116188
156,0,32,24,0.5255880355834961,0.05792763829231262
156,0,32,25,0.5510680675506592,0.063019298017025
156,0,32,26,0.5306748747825623,0.1824665665626526
156,0,32,27,0.6125708222389221,0.09660903364419937
156,0,32,28,0.7031746506690979,0.16074222326278687
156,0,32,29,0.5722707509994507,0.16739729046821594
156,0,32,30,0.6134589910507202,0.09437987208366394
156,0,32,31,0.45168328285217285,0.0548231266438961
156,1,32,0,0.522162675857544,0.047571416944265366
156,1,32,1,0.47953322529792786,0.11611930280923843
156,1,32,2,0.5175241231918335,0.051253218203783035
156,1,32,3,0.45925387740135193,0.21695534884929657
156,1,32,4,0.5015697479248047,0.054998740553855896
156,1,32,5,0.579456090927124,0.11300136148929596
156,1,32,6,0.6623859405517578,0.12303151190280914
156,1,32,7,0.5250891447067261,0.11738097667694092
156,1,32,8,0.6107255220413208,0.09234239906072617
156,1,32,9,0.5635173916816711,0.03545428439974785
156,1,32,10,0.3682711124420166,0.16315031051635742
156,1,32,11,0.43370309472084045,0.09769611060619354
156,1,32,12,0.6785683035850525,0.07687556743621826
156,1,32,13,0.4415038526058197,0.08990897238254547
156,1,32,14,0.5612276792526245,0.03050330840051174
156,1,32,15,0.6019771695137024,0.09248515963554382
156,1,32,16,0.3468272089958191,0.07735861092805862
156,1,32,17,0.6218140125274658,0.152970552444458
156,1,32,18,0.5920433402061462,0.06174604967236519
156,1,32,19,0.49717381596565247,0.06247725337743759
156,1,32,20,0.4738900661468506,0.13940183818340302
156,1,32,21,0.4751355051994324,0.04865507036447525
156,1,32,22,0.46896418929100037,0.05384621396660805
156,1,32,23,0.5152234435081482,0.16738609969615936
156,1,32,24,0.5028185248374939,0.21400870382785797
156,1,32,25,0.5039582848548889,0.045856498181819916
156,1,32,26,0.3735530376434326,0.0325990691781044
156,1,32,27,0.24678412079811096,0.11667978018522263
156,1,32,28,0.39654025435447693,0.12615668773651123
156,1,32,29,0.47272953391075134,0.05329427123069763
156,1,32,30,0.39096692204475403,0.19429482519626617
156,1,32,31,0.49659815430641174,0.16723237931728363
156,2,64,0,0.48732665181159973,0.11540938913822174
156,2,64,1,0.4551225006580353,0.14443129301071167
156,2,64,2,0.43475010991096497,0.11026585847139359
156,2,64,3,0.6440064907073975,0.14170223474502563
156,2,64,4,0.4713524878025055,0.14376109838485718
156,2,64,5,0.5257632732391357,0.1257820874452591
156,2,64,6,0.518334686756134,0.23427891731262207
156,2,64,7,0.6914781928062439,0.06333515793085098
156,2,64,8,0.32874932885169983,0.1583501398563385
156,2,64,9,0.5146394371986389,0.13780078291893005
156,2,64,10,0.5492734909057617,0.08595974743366241
156,2,64,11,0.4934719502925873,0.16427616775035858
156,2,64,12,0.5097116231918335,0.1617317795753479
156,2,64,13,0.5426562428474426,0.16183367371559143
156,2,64,14,0.6927832365036011,0.11347703635692596
156,2,64,15,0.3931242823600769,0.09171229600906372
156,2,64,16,0.4075595736503601,0.13656455278396606
156,2,64,17,0.5306431651115417,0.1172136515378952
156,2,64,18,0.5338213443756104,0.12078019231557846
156,2,64,19,0.41505616903305054,0.09576347470283508
156,2,64,20,0.5739465355873108,0.2017754763364792
156,2,64,21,0.4772636592388153,0.20319460332393646
156,2,64,22,0.5301007628440857,0.18178163468837738
156,2,64,23,0.2515224814414978,0.11504221707582474
156,2,64,24,0.43835771083831787,0.10469614714384079
156,2,64,25,0.5543569326400757,0.25916582345962524
156,2,64,26,0.6171719431877136,0.09533146023750305
156,2,64,27,0.6673023700714111,0.10478481650352478
156,2,64,28,0.6928548216819763,0.1265677809715271
156,2,64,29,0.542969286441803,0.21483416855335236
156,2,64,30,0.6138237118721008,0.10275259613990784
156,2,64,31,0.48801523447036743,0.0953187495470047
156,2,64,32,0.5753899812698364,0.10882808268070221
156,2,64,33,0.5431943535804749,0.16660399734973907
156,2,64,34,0.49756234884262085,0.07566306740045547
156,2,64,35,0.5572333931922913,0.2051849365234375
156,2,64,36,0.5514285564422607,0.11403869092464447
156,2,64,37,0.62908536195755,0.1038011685013771
156,2,64,38,0.4468032419681549,0.1873447149991989
156,2,64,39,0.6465198993682861,0.11188673228025436
156,2,64,40,0.4577851891517639,0.19288958609104156
156,2,64,41,0.3866320848464966,0.20841380953788757
156,2,64,42,0.4037535786628723,0.17868338525295258
156,2,64,43,0.526544988155365,0.15951453149318695
156,2,64,44,0.5734079480171204,0.16620607674121857
156,2,64,45,0.5043396949768066,0.09984762221574783
156,2,64,46,0.42822200059890747,0.06300429254770279
156,2,64,47,0.4897868037223816,0.18002623319625854
156,2,64,48,0.45096349716186523,0.0899859294295311
156,2,64,49,0.4955712854862213,0.1453782021999359
156,2,64,50,0.4668143689632416,0.13315057754516602
156,2,64,51,0.5001755356788635,0.22065773606300354
156,2,64,52,0.374970018863678,0.22511151432991028
156,2,64,53,0.48959195613861084,0.22515688836574554
156,2,64,54,0.5028401017189026,0.2083471119403839
156,2,64,55,0.3233667314052582,0.11662601679563522
156,2,64,56,0.47989988327026367,0.11518669128417969
156,2,64,57,0.5151323080062866,0.12167422473430634
156,2,64,58,0.5163658857345581,0.08350585401058197
156,2,64,59,0.5133252739906311,0.16707876324653625
156,2,64,60,0.424076646566391,0.2376905083656311
156,2,64,61,0.5231671929359436,0.2222951054573059
156,2,64,62,0.5180633068084717,0.18300805985927582
156,2,64,63,0.4538796544075012,0.07511963695287704
156,3,64,0,0.4682500660419464,0.11474016308784485
156,3,64,1,0.6284879446029663,0.2607475221157074
156,3,64,2,0.4246021509170532,0.07973795384168625
156,3,64,3,0.49866533279418945,0.2873365581035614
156,3,64,4,0.5450489521026611,0.10781155526638031
156,3,64,5,0.5254531502723694,0.07829056680202484
156,3,64,6,0.4706710875034332,0.18269142508506775
156,3,64,7,0.37371185421943665,0.12816078960895538
156,3,64,8,0.548943042755127,0.20361600816249847
156,3,64,9,0.49575138092041016,0.15449011325836182
156,3,64,10,0.474893182516098,0.138204887509346
156,3,64,11,0.46033814549446106,0.1609257459640503
156,3,64,12,0.45939701795578003,0.10421424359083176
156,3,64,13,0.43966954946517944,0.15321625769138336
156,3,64,14,0.5385848879814148,0.1468944400548935
156,3,64,15,0.5759591460227966,0.13316620886325836
156,3,64,16,0.35902169346809387,0.19735443592071533
156,3,64,17,0.5464642643928528,0.07521460950374603
156,3,64,18,0.6276693940162659,0.07582852989435196
156,3,64,19,0.4490509331226349,0.17409901320934296
156,3,64,20,0.3860033452510834,0.1431780457496643
156,3,64,21,0.441196471452713,0.15018031001091003
156,3,64,22,0.5219113826751709,0.07420925050973892
156,3,64,23,0.5723457932472229,0.18729931116104126
156,3,64,24,0.4902106821537018,0.14412523806095123
156,3,64,25,0.4485397934913635,0.12681400775909424
156,3,64,26,0.38891032338142395,0.18721112608909607
156,3,64,27,0.5605289340019226,0.17661307752132416
156,3,64,28,0.5270788669586182,0.13966204226016998
156,3,64,29,0.4242076277732849,0.052957307547330856
156,3,64,30,0.4046165347099304,0.18620805442333221
156,3,64,31,0.4777611792087555,0.07673105597496033
156,3,64,32,0.47719496488571167,0.06832806766033173
156,3,64,33,0.4879930913448334,0.0286225788295269
156,3,64,34,0.5708392262458801,0.0825837254524231
156,3,64,35,0.37466350197792053,0.07349154353141785
156,3,64,36,0.42920371890068054,0.04787962883710861
156,3,64,37,0.2535010874271393,0.1357727348804474
156,3,64,38,0.5690271854400635,0.11697699874639511
156,3,64,39,0.46219396591186523,0.2028864324092865
156,3,64,40,0.43678367137908936,0.17877158522605896
156,3,64,41,0.5204770565032959,0.11449484527111053
156,3,64,42,0.5812191367149353,0.04156453534960747
156,3,64,43,0.504593014717102,0.2255726456642151
156,3,64,44,0.5076742768287659,0.09330486506223679
156,3,64,45,0.4501244127750397,0.1252383440732956
156,3,64,46,0.362627774477005,0.12699362635612488
156,3,64,47,0.5993344187736511,0.2241549789905548
156,3,64,48,0.37739619612693787,0.234848752617836
156,3,64,49,0.39837220311164856,0.10062773525714874
156,3,64,50,0.456661581993103,0.19929373264312744
156,3,64,51,0.5072567462921143,0.056086666882038116
156,3,64,52,0.4270981550216675,0.1933143138885498
156,3,64,53,0.4595506489276886,0.21754670143127441
156,3,64,54,0.5165907740592957,0.10300735384225845
156,3,64,55,0.5529890656471252,0.1067766547203064
156,3,64,56,0.29114264249801636,0.13997143507003784
156,3,64,57,0.4481908679008484,0.16390086710453033
156,3,64,58,0.5874220728874207,0.22591806948184967
156,3,64,59,0.497910737991333,0.25659438967704773
156,3,64,60,0.49459078907966614,0.06389924883842468
156,3,64,61,0.4697577655315399,0.05789545923471451
156,3,64,62,0.7220590710639954,0.08351428806781769
156,3,64,63,0.6643761396408081,0.08272978663444519
156,4,128,0,0.5724797248840332,0.264746755361557
156,4,128,1,0.41849154233932495,0.08573231846094131
156,4,128,2,0.46502989530563354,0.12656302750110626
156,4,128,3,0.5642461180686951,0.23242691159248352
156,4,128,4,0.5410433411598206,0.31845030188560486
156,4,128,5,0.4269391596317291,0.20308518409729004
156,4,128,6,0.29394543170928955,0.12404923141002655
156,4,128,7,0.5437991619110107,0.28928449749946594
156,4,128,8,0.6334017515182495,0.18557383120059967
156,4,128,9,0.6099104881286621,0.12256535142660141
156,4,128,10,0.5089302659034729,0.3142967224121094
156,4,128,11,0.44904032349586487,0.16832910478115082
156,4,128,12,0.5148303508758545,0.2673730254173279
156,4,128,13,0.5824397206306458,0.288609117269516
156,4,128,14,0.5107759833335876,0.22360561788082123
156,4,128,15,0.4413175582885742,0.25384455919265747
156,4,128,16,0.620517909526825,0.12426640838384628
156,4,128,17,0.785007655620575,0.10967598110437393
156,4,128,18,0.5677801370620728,0.25431421399116516
156,4,128,19,0.5756940245628357,0.18849864602088928
156,4,128,20,0.5607802867889404,0.2109045684337616
156,4,128,21,0.39900124073028564,0.2172021120786667
156,4,128,22,0.4201504588127136,0.13058309257030487
156,4,128,23,0.4013310670852661,0.23508070409297943
156,4,128,24,0.4138583838939667,0.12097287178039551
156,4,128,25,0.4439871907234192,0.2938756048679352
156,4,128,26,0.5755554437637329,0.16118498146533966
156,4,128,27,0.5128406286239624,0.2852563261985779
156,4,128,28,0.6569007635116577,0.17711715400218964
156,4,128,29,0.551873505115509,0.2877177298069
156,4,128,30,0.6355143785476685,0.08238839358091354
156,4,128,31,0.4712049663066864,0.32504650950431824
156,4,128,32,0.5628263354301453,0.19107289612293243
156,4,128,33,0.38911381363868713,0.1929916888475418
156,4,128,34,0.5272826552391052,0.12696419656276703
156,4,128,35,0.6375370621681213,0.19239458441734314
156,4,128,36,0.4671880006790161,0.2955318093299866
156,4,128,37,0.5144791007041931,0.20057037472724915
156,4,128,38,0.5916073322296143,0.23282921314239502
156,4,128,39,0.5639695525169373,0.09909844398498535
156,4,128,40,0.5247976779937744,0.2544648349285126
156,4,128,41,0.5830361247062683,0.17095452547073364
156,4,128,42,0.4919193387031555,0.1774691343307495
156,4,128,43,0.41232433915138245,0.07602612674236298
156,4,128,44,0.5826969146728516,0.13337258994579315
156,4,128,45,0.48090535402297974,0.105316661298275
156,4,128,46,0.6431399583816528,0.20630355179309845
156,4,128,47,0.7619079351425171,0.13831044733524323
156,4,128,48,0.49184757471084595,0.18266429007053375
156,4,128,49,0.5917891263961792,0.09252456575632095
156,4,128,50,0.3783032298088074,0.07838046550750732
156,4,128,51,0.6725995540618896,0.16068050265312195
156,4,128,52,0.4768998324871063,0.23373320698738098
156,4,128,53,0.5204347372055054,0.31189388036727905
156,4,128,54,0.43988460302352905,0.27830734848976135
156,4,128,55,0.5778520703315735,0.19300678372383118
156,4,128,56,0.5330259203910828,0.25821131467819214
156,4,128,57,0.4955238699913025,0.10154912620782852
156,4,128,58,0.5188838243484497,0.28291186690330505
156,4,128,59,0.5301539301872253,0.21904723346233368
156,4,128,60,0.36289581656455994,0.13676227629184723
156,4,128,61,0.5836727619171143,0.22196081280708313
156,4,128,62,0.5136587023735046,0.22257745265960693
156,4,128,63,0.5194307565689087,0.22118070721626282
156,4,128,64,0.49313613772392273,0.14424797892570496
156,4,128,65,0.5650641918182373,0.22510455548763275
156,4,128,66,0.5047914981842041,0.2568359673023224
156,4,128,67,0.5487683415412903,0.1674850583076477
156,4,128,68,0.39310362935066223,0.2716009020805359
156,4,128,69,0.6128742694854736,0.22514422237873077
156,4,128,70,0.5449849367141724,0.29335910081863403
156,4,128,71,0.4207218885421753,0.3113863170146942
156,4,128,72,0.6194506883621216,0.09232015162706375
156,4,128,73,0.4083930253982544,0.16120857000350952
156,4,128,74,0.4756673276424408,0.16542331874370575
156,4,128,75,0.4358668625354767,0.2688637971878052
156,4,128,76,0.6056643724441528,0.14491990208625793
156,4,128,77,0.4925035238265991,0.2508886456489563
156,4,128,78,0.6458503603935242,0.12447941303253174
156,4,128,79,0.6588683724403381,0.20078694820404053
156,4,128,80,0.5658852458000183,0.1576041281223297
156,4,128,81,0.6203117966651917,0.29954519867897034
156,4,128,82,0.6107265949249268,0.24756976962089539
156,4,128,83,0.4977698028087616,0.11309365928173065
156,4,128,84,0.410451740026474,0.15864771604537964
156,4,128,85,0.4761066436767578,0.22479408979415894
156,4,128,86,0.5160007476806641,0.26169225573539734
156,4,128,87,0.49409666657447815,0.3104674220085144
156,4,128,88,0.45369043946266174,0.19381509721279144
156,4,128,89,0.4892876148223877,0.2292095422744751
156,4,128,90,0.5171188712120056,0.3024767339229584
156,4,128,91,0.4613952040672302,0.2798154950141907
156,4,128,92,0.4256197512149811,0.0692967101931572
156,4,128,93,0.5940906405448914,0.20002253353595734
156,4,128,94,0.6011295318603516,0.12970522046089172
156,4,128,95,0.5605809688568115,0.21237260103225708
156,4,128,96,0.6723000407218933,0.07689573615789413
156,4,128,97,0.5475068092346191,0.19256684184074402
156,4,128,98,0.42066022753715515,0.13793909549713135
156,4,128,99,0.6481981873512268,0.3043014407157898
156,4,128,100,0.41165488958358765,0.16835330426692963
156,4,128,101,0.4381749629974365,0.19850817322731018
156,4,128,102,0.6206419467926025,0.2772767245769501
156,4,128,103,0.5495790839195251,0.18657296895980835
156,4,128,104,0.5473118424415588,0.2347029447555542
156,4,128,105,0.5713065266609192,0.21684402227401733
156,4,128,106,0.6359838247299194,0.1569487452507019
156,4,128,107,0.5226694345474243,0.23945225775241852
156,4,128,108,0.531177282333374,0.061809442937374115
156,4,128,109,0.5038391351699829,0.2738475799560547
156,4,128,110,0.5777155160903931,0.14047931134700775
156,4,128,111,0.6288110613822937,0.25495457649230957
156,4,128,112,0.5939428210258484,0.2996136546134949
156,4,128,113,0.4705558717250824,0.1238962933421135
156,4,128,114,0.5652276873588562,0.2220119684934616
156,4,128,115,0.3930146396160126,0.22571595013141632
156,4,128,116,0.5792999267578125,0.2958524525165558
156,4,128,117,0.6600986123085022,0.11662871390581131
156,4,128,118,0.5581415295600891,0.27057087421417236
156,4,128,119,0.560421884059906,0.2439168244600296
156,4,128,120,0.4852990508079529,0.20152971148490906
156,4,128,121,0.4535486698150635,0.2843925952911377
156,4,128,122,0.43149617314338684,0.25809532403945923
156,4,128,123,0.5471969842910767,0.13470695912837982
156,4,128,124,0.4480048418045044,0.13519707322120667
156,4,128,125,0.5471588373184204,0.27497002482414246
156,4,128,126,0.6226599812507629,0.20270505547523499
156,4,128,127,0.6068055629730225,0.27933284640312195
156,5,128,0,0.7389663457870483,0.20186208188533783
156,5,128,1,0.5947974920272827,0.1284852921962738
156,5,128,2,0.8341366648674011,0.11659643799066544
156,5,128,3,0.705718457698822,0.26981261372566223
156,5,128,4,0.7245041131973267,0.15550975501537323
156,5,128,5,0.4606744647026062,0.1507338136434555
156,5,128,6,0.6854687929153442,0.16517499089241028
156,5,128,7,0.5275420546531677,0.2848167419433594
156,5,128,8,0.2825905680656433,0.10867289453744888
156,5,128,9,0.7367814183235168,0.1412860006093979
156,5,128,10,0.8418549299240112,0.14264047145843506
156,5,128,11,0.802609384059906,0.09660381078720093
156,5,128,12,0.4364023208618164,0.11867635697126389
156,5,128,13,0.704554557800293,0.2458716332912445
156,5,128,14,0.3005738854408264,0.10436470806598663
156,5,128,15,0.2955109179019928,0.24388448894023895
156,5,128,16,0.7803110480308533,0.17512835562229156
156,5,128,17,0.7181898951530457,0.1990244835615158
156,5,128,18,0.6933432221412659,0.1739259660243988
156,5,128,19,0.6925911903381348,0.20012617111206055
156,5,128,20,0.721542477607727,0.22416222095489502
156,5,128,21,0.8052462339401245,0.16155102849006653
156,5,128,22,0.41386404633522034,0.26228758692741394
156,5,128,23,0.5561096668243408,0.2568812966346741
156,5,128,24,0.7251733541488647,0.14596185088157654
156,5,128,25,0.5726439952850342,0.22439491748809814
156,5,128,26,0.6241175532341003,0.18372716009616852
156,5,128,27,0.25626420974731445,0.21951378881931305
156,5,128,28,0.8067466616630554,0.09879953414201736
156,5,128,29,0.6768165826797485,0.25151148438453674
156,5,128,30,0.67938631772995,0.15938512980937958
156,5,128,31,0.7482463717460632,0.21273931860923767
156,5,128,32,0.7816977500915527,0.1637803018093109
156,5,128,33,0.3308252990245819,0.23814517259597778
156,5,128,34,0.5153728723526001,0.18682032823562622
156,5,128,35,0.4400772452354431,0.2417711317539215
156,5,128,36,0.40766412019729614,0.10658533871173859
156,5,128,37,0.48069968819618225,0.29396897554397583
156,5,128,38,0.7849463820457458,0.14747194945812225
156,5,128,39,0.6410031318664551,0.1188032403588295
156,5,128,40,0.6793340444564819,0.09360063076019287
156,5,128,41,0.6951053738594055,0.14302100241184235
156,5,128,42,0.4428116977214813,0.15314775705337524
156,5,128,43,0.3258117437362671,0.16821976006031036
156,5,128,44,0.389018177986145,0.18034246563911438
156,5,128,45,0.7388948798179626,0.23851162195205688
156,5,128,46,0.6750813126564026,0.22909724712371826
156,5,128,47,0.36239176988601685,0.18917988240718842
156,5,128,48,0.6908406019210815,0.17121660709381104
156,5,128,49,0.562724769115448,0.07687652856111526
156,5,128,50,0.7709769606590271,0.150785893201828
156,5,128,51,0.7279573082923889,0.19137276709079742
156,5,128,52,0.29904934763908386,0.18720251321792603
156,5,128,53,0.7961156368255615,0.14328575134277344
156,5,128,54,0.7549171447753906,0.149517223238945
156,5,128,55,0.7623752951622009,0.19491225481033325
156,5,128,56,0.6944209337234497,0.14363770186901093
156,5,128,57,0.4531232714653015,0.17092089354991913
156,5,128,58,0.5376914739608765,0.16406236588954926
156,5,128,59,0.40897682309150696,0.25429868698120117
156,5,128,60,0.7152042388916016,0.17606677114963531
156,5,128,61,0.36683547496795654,0.16460856795310974
156,5,128,62,0.3849596381187439,0.27794110774993896
156,5,128,63,0.7071702480316162,0.27272820472717285
156,5,128,64,0.7630361914634705,0.14749100804328918
156,5,128,65,0.7373617887496948,0.27232322096824646
156,5,128,66,0.42504701018333435,0.20005644857883453
156,5,128,67,0.7733938097953796,0.13741996884346008
156,5,128,68,0.6301883459091187,0.1971806436777115
156,5,128,69,0.7053803205490112,0.21019582450389862
156,5,128,70,0.5798336863517761,0.19714492559432983
156,5,128,71,0.3187114894390106,0.22739653289318085
156,5,128,72,0.4277794063091278,0.1386692225933075
156,5,128,73,0.4649454355239868,0.29570379853248596
156,5,128,74,0.8358800411224365,0.13418476283550262
156,5,128,75,0.6246418952941895,0.2159399837255478
156,5,128,76,0.4118296205997467,0.26944872736930847
156,5,128,77,0.5212928652763367,0.17003419995307922
156,5,128,78,0.7995682954788208,0.16656367480754852
156,5,128,79,0.42361980676651,0.20220385491847992
156,5,128,80,0.6505264639854431,0.20984038710594177
156,5,128,81,0.7582127451896667,0.15671871602535248
156,5,128,82,0.7060889601707458,0.1562667191028595
156,5,128,83,0.6677587628364563,0.1939443051815033
156,5,128,84,0.714831531047821,0.14179885387420654
156,5,128,85,0.6022214293479919,0.07831764221191406
156,5,128,86,0.545369565486908,0.17668940126895905
156,5,128,87,0.6895213723182678,0.18209944665431976
156,5,128,88,0.5273619890213013,0.19357401132583618
156,5,128,89,0.5499429106712341,0.15795724093914032
156,5,128,90,0.2446228712797165,0.18277917802333832
156,5,128,91,0.5188303589820862,0.32528480887413025
156,5,128,92,0.36765414476394653,0.21818310022354126
156,5,128,93,0.5245087742805481,0.2751854658126831
156,5,128,94,0.4404579699039459,0.1273239105939865
156,5,128,95,0.4915817081928253,0.28079953789711
156,5,128,96,0.664560079574585,0.17184478044509888
156,5,128,97,0.7334822416305542,0.24717599153518677
156,5,128,98,0.554410994052887,0.19578084349632263
156,5,128,99,0.48432400822639465,0.30389946699142456
156,5,128,100,0.6916325688362122,0.1812785267829895
156,5,128,101,0.6002011895179749,0.18890875577926636
156,5,128,102,0.7005489468574524,0.1883699744939804
156,5,128,103,0.821727454662323,0.13923422992229462
156,5,128,104,0.6657947897911072,0.2564072906970978
156,5,128,105,0.3139630854129791,0.20766861736774445
156,5,128,106,0.6484173536300659,0.1719290018081665
156,5,128,107,0.7948422431945801,0.1599777340888977
156,5,128,108,0.7470316886901855,0.22762800753116608
156,5,128,109,0.3927037715911865,0.26891109347343445
156,5,128,110,0.6834297180175781,0.29952046275138855
156,5,128,111,0.8067554235458374,0.1250287890434265
156,5,128,112,0.7639368772506714,0.20611366629600525
156,5,128,113,0.5755225419998169,0.19585812091827393
156,5,128,114,0.7828323245048523,0.11042091250419617
156,5,128,115,0.506262481212616,0.176349937915802
156,5,128,116,0.7604247331619263,0.16506178677082062
156,5,128,117,0.8354032039642334,0.11654461175203323
156,5,128,118,0.6200404763221741,0.2070595920085907
156,5,128,119,0.38976284861564636,0.26412466168403625
156,5,128,120,0.6283047199249268,0.2461899369955063
156,5,128,121,0.7499655485153198,0.1595970094203949
156,5,128,122,0.5271506309509277,0.2467389553785324
156,5,128,123,0.7211478352546692,0.1430702656507492
156,5,128,124,0.5815998911857605,0.2672767639160156
156,5,128,125,0.43473872542381287,0.28387513756752014
156,5,128,126,0.7711109519004822,0.1355074793100357
156,5,128,127,0.7084199786186218,0.24998612701892853
185,0,32,0,0.5796992778778076,0.023663850501179695
185,0,32,1,0.5207481980323792,0.03318957984447479
185,0,32,2,0.5842099785804749,0.032248664647340775
185,0,32,3,0.616249680519104,0.04295719042420387
185,0,32,4,0.37896841764450073,0.08142698556184769
185,0,32,5,0.4379993975162506,0.05438576266169548
185,0,32,6,0.48083698749542236,0.09875363856554031
185,0,32,7,0.4958549737930298,0.1349364072084427
185,0,32,8,0.5870772004127502,0.04979550465941429
185,0,32,9,0.4692758321762085,0.048332568258047104
185,0,32,10,0.5265130400657654,0.09004299342632294
185,0,32,11,0.4324171245098114,0.10251915454864502
185,0,32,12,0.6050949096679688,0.017527442425489426
185,0,32,13,0.5361694693565369,0.10124421864748001
185,0,32,14,0.6484500765800476,0.0948638990521431
185,0,32,15,0.6213880181312561,0.08849522471427917
185,0,32,16,0.5112156271934509,0.06908392906188965
185,0,32,17,0.4896426498889923,0.12838278710842133
185,0,32,18,0.4728584587574005,0.05415304750204086
185,0,32,19,0.5323930382728577,0.11704743653535843
185,0,32,20,0.42139819264411926,0.049519896507263184
185,0,32,21,0.4920842945575714,0.09694654494524002
185,0,32,22,0.495497465133667,0.0732785239815712
185,0,32,23,0.5953160524368286,0.03568076342344284
185,0,32,24,0.49116387963294983,0.06400082260370255
185,0,32,25,0.41237613558769226,0.03822552040219307
185,0,32,26,0.3995417356491089,0.0580267533659935
185,0,32,27,0.4591033160686493,0.057032451033592224
185,0,32,28,0.5613501667976379,0.07294429838657379
185,0,32,29,0.5325945019721985,0.06128964573144913
185,0,32,30,0.468222975730896,0.014598889276385307
185,0,32,31,0.43610328435897827,0.07330171763896942
185,1,32,0,0.4957679808139801,0.08037526160478592
185,1,32,1,0.394328236579895,0.12125123292207718
185,1,32,2,0.3514501452445984,0.05797224119305611
185,1,32,3,0.5248029828071594,0.18847215175628662
185,1,32,4,0.4539520740509033,0.08353084325790405
185,1,32,5,0.4256887435913086,0.18653453886508942
185,1,32,6,0.39422714710235596,0.14698070287704468
185,1,32,7,0.5344119071960449,0.18828833103179932
185,1,32,8,0.6880478262901306,0.08368641883134842
185,1,32,9,0.5899247527122498,0.08913253247737885
185,1,32,10,0.505338728427887,0.07425284385681152
185,1,32,11,0.4094531536102295,0.11611884832382202
185,1,32,12,0.4160372316837311,0.11621619015932083
185,1,32,13,0.46304598450660706,0.051842279732227325
185,1,32,14,0.48576483130455017,0.09517185389995575
185,1,32,15,0.4780450165271759,0.08239930123090744
185,1,32,16,0.6345033645629883,0.0788893848657608
185,1,32,17,0.41350704431533813,0.07836738228797913
185,1,32,18,0.42738187313079834,0.0342387892305851
185,1,32,19,0.4340212643146515,0.08688987791538239
185,1,32,20,0.5167393684387207,0.12159652262926102
185,1,32,21,0.5711274743080139,0.08826867491006851
185,1,32,22,0.3700002431869507,0.11806342750787735
185,1,32,23,0.5994642972946167,0.13823302090168
185,1,32,24,0.3927595019340515,0.07565152645111084
185,1,32,25,0.49061349034309387,0.10089097917079926
185,1,32,26,0.5701665282249451,0.08982110768556595
185,1,32,27,0.5001353621482849,0.1985720694065094
185,1,32,28,0.44351109862327576,0.16344861686229706
185,1,32,29,0.5015978217124939,0.15367324650287628
185,1,32,30,0.5242408514022827,0.11700385063886642
185,1,32,31,0.2898026704788208,0.09156288951635361
185,2,64,0,0.6455480456352234,0.142790287733078
185,2,64,1,0.5719435214996338,0.20634512603282928
185,2,64,2,0.4890427887439728,0.1442236453294754
185,2,64,3,0.2960902750492096,0.14008121192455292
185,2,64,4,0.39410674571990967,0.14309167861938477
185,2,64,5,0.44977501034736633,0.08470561355352402
185,2,64,6,0.5683411359786987,0.0983428880572319
185,2,64,7,0.5126400589942932,0.051138270646333694
185,2,64,8,0.5230834484100342,0.2238348126411438
185,2,64,9,0.7434395551681519,0.11912741512060165
185,2,64,10,0.4247559905052185,0.07220737636089325
185,2,64,11,0.4037892818450928,0.07599342614412308
185,2,64,12,0.714415967464447,0.14786012470722198
185,2,64,13,0.6111151576042175,0.07726506143808365
185,2,64,14,0.44364553689956665,0.0865410715341568
185,2,64,15,0.2946912348270416,0.1261613816022873
185,2,64,16,0.5834950804710388,0.16143254935741425
185,2,64,17,0.4334039092063904,0.09719815850257874
185,2,64,18,0.4549567401409149,0.08872974663972855
185,2,64,19,0.48088395595550537,0.18620464205741882
185,2,64,20,0.61780846118927,0.14800229668617249
185,2,64,21,0.44353872537612915,0.11943855881690979
185,2,64,22,0.5917769074440002,0.11622411757707596
185,2,64,23,0.582671046257019,0.07196395844221115
185,2,64,24,0.6730292439460754,0.17106367647647858
185,2,64,25,0.4796578884124756,0.15649135410785675
185,2,64,26,0.6446161866188049,0.08573108166456223
185,2,64,27,0.5416703224182129,0.05529498681426048
185,2,64,28,0.5351801514625549,0.13950379192829132
185,2,64,29,0.44070056080818176,0.12891899049282074
185,2,64,30,0.6185134053230286,0.09051685780286789
185,2,64,31,0.34703120589256287,0.21235424280166626
185,2,64,32,0.4717105031013489,0.0545378252863884
185,2,64,33,0.4389722943305969,0.12952150404453278
185,2,64,34,0.5054509043693542,0.08994342386722565
185,2,64,35,0.6207026243209839,0.14314581453800201
185,2,64,36,0.4734353721141815,0.24003268778324127
185,2,64,37,0.6100155711174011,0.07475102692842484
185,2,64,38,0.500612199306488,0.07806327939033508
185,2,64,39,0.6003671288490295,0.1192580983042717
185,2,64,40,0.3990485668182373,0.1265513151884079
185,2,64,41,0.45674002170562744,0.13367405533790588
185,2,64,42,0.6238959431648254,0.21165774762630463
185,2,64,43,0.4348791539669037,0.15229012072086334
185,2,64,44,0.41527730226516724,0.178890198469162
185,2,64,45,0.7001633644104004,0.08540429919958115
185,2,64,46,0.472356915473938,0.19281747937202454
185,2,64,47,0.5731870532035828,0.10927270352840424
185,2,64,48,0.6241605877876282,0.16234439611434937
185,2,64,49,0.41380444169044495,0.0985671803355217
185,2,64,50,0.2817043960094452,0.1746746301651001
185,2,64,51,0.43902352452278137,0.1329250931739807
185,2,64,52,0.5362128615379333,0.18775351345539093
185,2,64,53,0.4432527422904968,0.15408442914485931
185,2,64,54,0.35593223571777344,0.07294018566608429
185,2,64,55,0.6219825744628906,0.1194445937871933
185,2,64,56,0.45086830854415894,0.10250432789325714
185,2,64,57,0.399905800819397,0.2122269868850708
185,2,64,58,0.37152037024497986,0.11319999396800995
185,2,64,59,0.62212735414505,0.12312516570091248
185,2,64,60,0.5565001964569092,0.05377162992954254
185,2,64,61,0.7222968935966492,0.12307603657245636
185,2,64,62,0.4364738166332245,0.130276158452034
185,2,64,63,0.514332115650177,0.19140370190143585
185,3,64,0,0.43401584029197693,0.11930032819509506
185,3,64,1,0.7194308042526245,0.15317650139331818
185,3,64,2,0.6601255536079407,0.1249808669090271
185,3,64,3,0.3933221101760864,0.137595534324646
185,3,64,4,0.4785185158252716,0.14528094232082367
185,3,64,5,0.6133291721343994,0.15445077419281006
185,3,64,6,0.4129965007305145,0.1451406329870224
185,3,64,7,0.5980610847473145,0.08837337046861649
185,3,64,8,0.3363431990146637,0.08738990128040314
185,3,64,9,0.5284621715545654,0.18347512185573578
185,3,64,10,0.47721657156944275,0.18802602589130402
185,3,64,11,0.536841630935669,0.07933788746595383
185,3,64,12,0.33758556842803955,0.09840166568756104
185,3,64,13,0.31635650992393494,0.11649902909994125
185,3,64,14,0.3522273600101471,0.1429535150527954
185,3,64,15,0.4949221909046173,0.11642923206090927
185,3,64,16,0.47294485569000244,0.23152221739292145
185,3,64,17,0.4255901277065277,0.17348282039165497
185,3,64,18,0.6700116395950317,0.16017712652683258
185,3,64,19,0.6051830649375916,0.22555093467235565
185,3,64,20,0.4107651114463806,0.1414630115032196
185,3,64,21,0.42842158675193787,0.14893455803394318
185,3,64,22,0.46724388003349304,0.18739399313926697
185,3,64,23,0.48591452836990356,0.0863330066204071
185,3,64,24,0.4644761085510254,0.10334563255310059
185,3,64,25,0.3785325884819031,0.10040152072906494
185,3,64,26,0.5775403380393982,0.10318316519260406
185,3,64,27,0.5406394004821777,0.16813533008098602
185,3,64,28,0.5447508692741394,0.22121430933475494
185,3,64,29,0.3991529643535614,0.15593630075454712
185,3,64,30,0.4457935392856598,0.17110612988471985
185,3,64,31,0.5410075187683105,0.2162964791059494
185,3,64,32,0.5662621855735779,0.1618545949459076
185,3,64,33,0.4292263090610504,0.1820400059223175
185,3,64,34,0.5374545454978943,0.08694838732481003
185,3,64,35,0.5336476564407349,0.13352243602275848
185,3,64,36,0.5526652336120605,0.15993764996528625
185,3,64,37,0.60533207654953,0.14763373136520386
185,3,64,38,0.6016906499862671,0.07012224197387695
185,3,64,39,0.5385985970497131,0.138044536113739
185,3,64,40,0.41047441959381104,0.1599123775959015
185,3,64,41,0.3021075427532196,0.10970260202884674
185,3,64,42,0.6128280758857727,0.13324126601219177
185,3,64,43,0.6333427429199219,0.13710664212703705
185,3,64,44,0.4558085501194,0.19142715632915497
185,3,64,45,0.5511859059333801,0.1796952784061432
185,3,64,46,0.5430132150650024,0.09279824793338776
185,3,64,47,0.3648727536201477,0.21825145184993744
185,3,64,48,0.368818998336792,0.08191467076539993
185,3,64,49,0.5733212232589722,0.16943256556987762
185,3,64,50,0.39911627769470215,0.18675754964351654
185,3,64,51,0.557379961013794,0.10097619891166687
185,3,64,52,0.5553038120269775,0.12490731477737427
185,3,64,53,0.605819582939148,0.12603816390037537
185,3,64,54,0.30327704548835754,0.1859569102525711
185,3,64,55,0.6127998232841492,0.05856986343860626
185,3,64,56,0.6027090549468994,0.11084826290607452
185,3,64,57,0.4932721257209778,0.10815731436014175
185,3,64,58,0.5871505737304688,0.08111221343278885
185,3,64,59,0.43976452946662903,0.10478976368904114
185,3,64,60,0.40683725476264954,0.12799198925495148
185,3,64,61,0.49394190311431885,0.1346249133348465
185,3,64,62,0.5129071474075317,0.11709719151258469
185,3,64,63,0.4506814181804657,0.16527599096298218
185,4,128,0,0.5166869163513184,0.20504909753799438
185,4,128,1,0.397882342338562,0.15179817378520966
185,4,128,2,0.5911328196525574,0.2962419390678406
185,4,128,3,0.5080302953720093,0.2221449762582779
185,4,128,4,0.7307159900665283,0.10487698763608932
185,4,128,5,0.3885267972946167,0.276223361492157
185,4,128,6,0.5795745849609375,0.1516905128955841
185,4,128,7,0.5766245126724243,0.20990747213363647
185,4,128,8,0.541142463684082,0.10620824992656708
185,4,128,9,0.5014140605926514,0.17773224413394928
185,4,128,10,0.5811449289321899,0.2213134616613388
185,4,128,11,0.5044651031494141,0.19435153901576996
185,4,128,12,0.44937366247177124,0.10568598657846451
185,4,128,13,0.43474334478378296,0.33102181553840637
185,4,128,14,0.5713304281234741,0.1488514542579651
185,4,128,15,0.5008630156517029,0.1893737018108368
185,4,128,16,0.700618326663971,0.15878139436244965
185,4,128,17,0.5374484658241272,0.22709587216377258
185,4,128,18,0.64449143409729,0.06168876960873604
185,4,128,19,0.7040141224861145,0.0977485254406929
185,4,128,20,0.324151873588562,0.12281700223684311
185,4,128,21,0.38881927728652954,0.2897167503833771
185,4,128,22,0.5376976728439331,0.23182611167430878
185,4,128,23,0.4872278869152069,0.1392466276884079
185,4,128,24,0.7241430282592773,0.1425131857395172
185,4,128,25,0.6624516844749451,0.11524453014135361
185,4,128,26,0.5643570423126221,0.09665683656930923
185,4,128,27,0.5419623255729675,0.1495683342218399
185,4,128,28,0.7537980675697327,0.1333560347557068
185,4,128,29,0.3200039565563202,0.1345890611410141
185,4,128,30,0.4701160788536072,0.08145800977945328
185,4,128,31,0.4155976474285126,0.14952918887138367
185,4,128,32,0.5425689220428467,0.19285069406032562
185,4,128,33,0.6180158853530884,0.12953980267047882
185,4,128,34,0.46742933988571167,0.15566980838775635
185,4,128,35,0.4708670377731323,0.18388226628303528
185,4,128,36,0.4908141791820526,0.1995411366224289
185,4,128,37,0.36970382928848267,0.1529843658208847
185,4,128,38,0.6968287825584412,0.11418604105710983
185,4,128,39,0.2905932366847992,0.13117870688438416
185,4,128,40,0.3018072843551636,0.11689157783985138
185,4,128,41,0.7320552468299866,0.09935926645994186
185,4,128,42,0.7268428802490234,0.07694709300994873
185,4,128,43,0.44665729999542236,0.15272186696529388
185,4,128,44,0.4464430809020996,0.20288631319999695
185,4,128,45,0.5694245100021362,0.1818784773349762
185,4,128,46,0.589727520942688,0.17075194418430328
185,4,128,47,0.5386874079704285,0.2330547571182251
185,4,128,48,0.400924414396286,0.1762269288301468
185,4,128,49,0.45355281233787537,0.21007676422595978
185,4,128,50,0.5214390754699707,0.13651658594608307
185,4,128,51,0.2626713514328003,0.11798511445522308
185,4,128,52,0.4616251587867737,0.1486051082611084
185,4,128,53,0.5772658586502075,0.1308390200138092
185,4,128,54,0.35168346762657166,0.23744189739227295
185,4,128,55,0.6103615760803223,0.12146396189928055
185,4,128,56,0.5358045697212219,0.3081965148448944
185,4,128,57,0.6919178366661072,0.15257443487644196
185,4,128,58,0.3891937732696533,0.29060840606689453
185,4,128,59,0.5911721587181091,0.14604195952415466
185,4,128,60,0.7612751126289368,0.09215804934501648
185,4,128,61,0.5005688667297363,0.25747838616371155
185,4,128,62,0.5062689781188965,0.17820481956005096
185,4,128,63,0.32895463705062866,0.3302946388721466
185,4,128,64,0.5681672096252441,0.20578844845294952
185,4,128,65,0.5584520101547241,0.21440182626247406
185,4,128,66,0.3978548049926758,0.22928139567375183
185,4,128,67,0.5724294185638428,0.13002131879329681
185,4,128,68,0.40205591917037964,0.24742527306079865
185,4,128,69,0.5139468908309937,0.2069511115550995
185,4,128,70,0.5351855158805847,0.12013933062553406
185,4,128,71,0.755817711353302,0.12619327008724213
185,4,128,72,0.48502638936042786,0.3379577696323395
185,4,128,73,0.4513265788555145,0.19561341404914856
185,4,128,74,0.403181791305542,0.13705973327159882
185,4,128,75,0.5808879733085632,0.18202675879001617
185,4,128,76,0.354908287525177,0.13568036258220673
185,4,128,77,0.46048980951309204,0.27251091599464417
185,4,128,78,0.5230482220649719,0.15463785827159882
185,4,128,79,0.5741304159164429,0.1314670741558075
185,4,128,80,0.6623910069465637,0.22266294062137604
185,4,128,81,0.485121488571167,0.07705067098140717
185,4,128,82,0.5296260118484497,0.18780949711799622
185,4,128,83,0.7594905495643616,0.16060006618499756
185,4,128,84,0.47995394468307495,0.3005025386810303
185,4,128,85,0.6056809425354004,0.2702808082103729
185,4,128,86,0.4435518980026245,0.13002458214759827
185,4,128,87,0.3906901478767395,0.2138885110616684
185,4,128,88,0.36680305004119873,0.16597774624824524
185,4,128,89,0.5612192749977112,0.24617759883403778
185,4,128,90,0.5923832654953003,0.1874040961265564
185,4,128,91,0.5339651703834534,0.16346532106399536
185,4,128,92,0.5028859376907349,0.22133024036884308
185,4,128,93,0.556058406829834,0.13576839864253998
185,4,128,94,0.35072362422943115,0.09689146280288696
185,4,128,95,0.4355789124965668,0.2583114206790924
185,4,128,96,0.4022160768508911,0.28461724519729614
185,4,128,97,0.44541946053504944,0.18597200512886047
185,4,128,98,0.45797935128211975,0.15452715754508972
185,4,128,99,0.5463812351226807,0.17765042185783386
185,4,128,100,0.458914577960968,0.13652385771274567
185,4,128,101,0.5857775807380676,0.21403871476650238
185,4,128,102,0.4212759733200073,0.16164179146289825
185,4,128,103,0.6580772995948792,0.10751282423734665
185,4,128,104,0.5795159339904785,0.13508246839046478
185,4,128,105,0.6945932507514954,0.16705021262168884
185,4,128,106,0.6178653240203857,0.1208261176943779
185,4,128,107,0.4478502869606018,0.22866863012313843
185,4,128,108,0.36928272247314453,0.10269361734390259
185,4,128,109,0.48479342460632324,0.26954716444015503
185,4,128,110,0.6008652448654175,0.13903267681598663
185,4,128,111,0.38532382249832153,0.2432847023010254
185,4,128,112,0.4288191497325897,0.3131818175315857
185,4,128,113,0.4719272553920746,0.2247907668352127
185,4,128,114,0.6766899228096008,0.12766098976135254
185,4,128,115,0.6452028155326843,0.07549112290143967
185,4,128,116,0.5786672830581665,0.10300035029649734
185,4,128,117,0.6928094029426575,0.11379963159561157
185,4,128,118,0.32830503582954407,0.1808478981256485
185,4,128,119,0.3857670724391937,0.16350285708904266
185,4,128,120,0.34418079257011414,0.1371152251958847
185,4,128,121,0.4207885265350342,0.11083488911390305
185,4,128,122,0.6829883456230164,0.25433844327926636
185,4,128,123,0.31442558765411377,0.1267922967672348
185,4,128,124,0.3907690942287445,0.2031073272228241
185,4,128,125,0.5282449722290039,0.19321401417255402
185,4,128,126,0.7392723560333252,0.10793191939592361
185,4,128,127,0.6752119064331055,0.12633763253688812
185,5,128,0,0.5986999273300171,0.24158348143100739
185,5,128,1,0.5224136114120483,0.14984466135501862
185,5,128,2,0.6099305748939514,0.19526146352291107
185,5,128,3,0.4848693311214447,0.19266855716705322
185,5,128,4,0.6024187207221985,0.13212276995182037
185,5,128,5,0.4488389790058136,0.22042544186115265
185,5,128,6,0.6374438405036926,0.12436123937368393
185,5,128,7,0.5113195180892944,0.11325284093618393
185,5,128,8,0.6189066767692566,0.1778520941734314
185,5,128,9,0.6579299569129944,0.13559922575950623
185,5,128,10,0.47569236159324646,0.13499212265014648
185,5,128,11,0.6210566759109497,0.12120413780212402
185,5,128,12,0.4695248603820801,0.16140738129615784
185,5,128,13,0.5618155598640442,0.22001628577709198
185,5,128,14,0.40717029571533203,0.1748354285955429
185,5,128,15,0.6826685667037964,0.14231181144714355
185,5,128,16,0.3168955147266388,0.10117290914058685
185,5,128,17,0.5857980251312256,0.15253406763076782
185,5,128,18,0.6205472350120544,0.08988276869058609
185,5,128,19,0.4272780418395996,0.18824924528598785
185,5,128,20,0.5484453439712524,0.11887147277593613
185,5,128,21,0.7187629342079163,0.13061678409576416
185,5,128,22,0.30727535486221313,0.11247715353965759
185,5,128,23,0.6917157173156738,0.13420507311820984
185,5,128,24,0.5990213751792908,0.11642026156187057
185,5,128,25,0.46548014879226685,0.05205004662275314
185,5,128,26,0.42823541164398193,0.17562484741210938
185,5,128,27,0.5083041191101074,0.051600705832242966
185,5,128,28,0.6787436008453369,0.10301798582077026
185,5,128,29,0.6444929242134094,0.13050904870033264
185,5,128,30,0.6213052272796631,0.1750773936510086
185,5,128,31,0.7152044177055359,0.09302707761526108
185,5,128,32,0.6425839066505432,0.15465232729911804
185,5,128,33,0.5798513889312744,0.15691779553890228
185,5,128,34,0.3066183924674988,0.13606543838977814
185,5,128,35,0.6604489088058472,0.10987505316734314
185,5,128,36,0.6638182401657104,0.12967944145202637
185,5,128,37,0.5285818576812744,0.26607584953308105
185,5,128,38,0.5300740599632263,0.1935952603816986
185,5,128,39,0.42063939571380615,0.13657303154468536
185,5,128,40,0.605742871761322,0.18161149322986603
185,5,128,41,0.6746476888656616,0.13099855184555054
185,5,128,42,0.6821431517601013,0.0662660002708435
185,5,128,43,0.5689647793769836,0.16046568751335144
185,5,128,44,0.5504106879234314,0.12777186930179596
185,5,128,45,0.7938515543937683,0.1072259172797203
185,5,128,46,0.5965836048126221,0.17479486763477325
185,5,128,47,0.5581618547439575,0.24193698167800903
185,5,128,48,0.5841214060783386,0.14513468742370605
185,5,128,49,0.6076479554176331,0.13618159294128418
185,5,128,50,0.5802883505821228,0.19426074624061584
185,5,128,51,0.46116650104522705,0.08769936114549637
185,5,128,52,0.6651362180709839,0.18256379663944244
185,5,128,53,0.5867331027984619,0.1380005031824112
185,5,128,54,0.4637707471847534,0.097458116710186
185,5,128,55,0.4943064749240875,0.22227691113948822
185,5,128,56,0.6617924571037292,0.13228388130664825
185,5,128,57,0.7021270990371704,0.10426655411720276
185,5,128,58,0.5395491719245911,0.15612880885601044
185,5,128,59,0.5559677481651306,0.21342352032661438
185,5,128,60,0.5439690947532654,0.20875784754753113
185,5,128,61,0.6788370609283447,0.14156587421894073
185,5,128,62,0.4880504608154297,0.24998162686824799
185,5,128,63,0.6279462575912476,0.14482632279396057
185,5,128,64,0.5781692862510681,0.19379980862140656
185,5,128,65,0.5176263451576233,0.11984050273895264
185,5,128,66,0.6646760106086731,0.08662138879299164
185,5,128,67,0.6885339021682739,0.13378165662288666
185,5,128,68,0.5413923859596252,0.20702379941940308
185,5,128,69,0.5930244326591492,0.14367370307445526
185,5,128,70,0.5082176327705383,0.17236725986003876
185,5,128,71,0.7387642860412598,0.10877559334039688
185,5,128,72,0.489172101020813,0.15998122096061707
185,5,128,73,0.5615571737289429,0.19494588673114777
185,5,128,74,0.3711773157119751,0.1237027645111084
185,5,128,75,0.5746088624000549,0.1532163769006729
185,5,128,76,0.6038976311683655,0.1283053457736969
185,5,128,77,0.5537658929824829,0.07834749668836594
185,5,128,78,0.5421414375305176,0.2002723664045334
185,5,128,79,0.6352080702781677,0.11473352462053299
185,5,128,80,0.5963565111160278,0.15010309219360352
185,5,128,81,0.6324671506881714,0.1133522316813469
185,5,128,82,0.6540015339851379,0.08084199577569962
185,5,128,83,0.5419818758964539,0.08815287798643112
185,5,128,84,0.6322286128997803,0.21630072593688965
185,5,128,85,0.48575085401535034,0.21715956926345825
185,5,128,86,0.4591587483882904,0.1994551569223404
185,5,128,87,0.5230790376663208,0.20107722282409668
185,5,128,88,0.5622877478599548,0.175001859664917
185,5,128,89,0.7447755336761475,0.10300957411527634
185,5,128,90,0.6088984608650208,0.15164151787757874
185,5,128,91,0.5727670192718506,0.13622650504112244
185,5,128,92,0.5877164602279663,0.13265249133110046
185,5,128,93,0.5745533108711243,0.13208329677581787
185,5,128,94,0.5536009073257446,0.10038677603006363
185,5,128,95,0.5743672847747803,0.23425476253032684
185,5,128,96,0.6311803460121155,0.16904529929161072
185,5,128,97,0.7293445467948914,0.11072978377342224
185,5,128,98,0.5935067534446716,0.10922301560640335
185,5,128,99,0.7031430602073669,0.12984487414360046
185,5,128,100,0.45382973551750183,0.1257513463497162
185,5,128,101,0.6021384000778198,0.20516608655452728
185,5,128,102,0.7318347692489624,0.08217649906873703
185,5,128,103,0.586530864238739,0.11126907169818878
185,5,128,104,0.6706950068473816,0.1235184296965599
185,5,128,105,0.5583789944648743,0.06707417964935303
185,5,128,106,0.7346514463424683,0.11760270595550537
185,5,128,107,0.7354151010513306,0.08988232165575027
185,5,128,108,0.5810467600822449,0.11904159188270569
185,5,128,109,0.6177750825881958,0.21783120930194855
185,5,128,110,0.5952425003051758,0.13682441413402557
185,5,128,111,0.5526459813117981,0.19636373221874237
185,5,128,112,0.6490522623062134,0.1203555092215538
185,5,128,113,0.6546897292137146,0.14281712472438812
185,5,128,114,0.681560754776001,0.08284588158130646
185,5,128,115,0.5678219795227051,0.2047848403453827
185,5,128,116,0.6962998509407043,0.11686016619205475
185,5,128,117,0.4759092330932617,0.1721598207950592
185,5,128,118,0.38768085837364197,0.15554705262184143
185,5,128,119,0.5034826993942261,0.06917989999055862
185,5,128,120,0.507976233959198,0.14030849933624268
185,5,128,121,0.45339781045913696,0.2047959715127945
185,5,128,122,0.6888872385025024,0.1148604229092598
185,5,128,123,0.4424700140953064,0.21510997414588928
185,5,128,124,0.5913413763046265,0.12562446296215057
185,5,128,125,0.6022652387619019,0.12108847498893738
185,5,128,126,0.7201386094093323,0.11996421217918396
185,5,128,127,0.5838930606842041,0.2383425533771515
186,0,32,0,0.379002183675766,0.053742095828056335
186,0,32,1,0.3751375079154968,0.09855333715677261
186,0,32,2,0.4981938898563385,0.21784739196300507
186,0,32,3,0.357409805059433,0.09757957607507706
186,0,32,4,0.35310643911361694,0.07899594306945801
186,0,32,5,0.5302022099494934,0.07030024379491806
186,0,32,6,0.5053606033325195,0.16290850937366486
186,0,32,7,0.5107548832893372,0.15095458924770355
186,0,32,8,0.6216384768486023,0.09918148070573807
186,0,32,9,0.33107855916023254,0.1438552439212799
186,0,32,10,0.48284250497817993,0.03603748604655266
186,0,32,11,0.30182740092277527,0.05923356115818024
186,0,32,12,0.33515504002571106,0.14234484732151031
186,0,32,13,0.4473905861377716,0.08579197525978088
186,0,32,14,0.6267723441123962,0.09632886201143265
186,0,32,15,0.3628389537334442,0.13400715589523315
186,0,32,16,0.359468936920166,0.059654757380485535
186,0,32,17,0.6572519540786743,0.06599757075309753
186,0,32,18,0.40575745701789856,0.11748694628477097
186,0,32,19,0.32762256264686584,0.07042407244443893
186,0,32,20,0.47908705472946167,0.10737646371126175
186,0,32,21,0.6053581833839417,0.12428604811429977
186,0,32,22,0.7316140532493591,0.16255678236484528
186,0,32,23,0.4102775454521179,0.22701402008533478
186,0,32,24,0.5916244387626648,0.1248113214969635
186,0,32,25,0.5471236109733582,0.16016094386577606
186,0,32,26,0.38928475975990295,0.03420301899313927
186,0,32,27,0.5566145777702332,0.038294993340969086
186,0,32,28,0.6173484325408936,0.23417407274246216
186,0,32,29,0.46579819917678833,0.20589575171470642
186,0,32,30,0.4686306118965149,0.03568068519234657
186,0,32,31,0.42039334774017334,0.11418251693248749
186,1,32,0,0.4798155725002289,0.22243092954158783
186,1,32,1,0.47575995326042175,0.19354784488677979
186,1,32,2,0.5529018640518188,0.17757081985473633
186,1,32,3,0.4818127155303955,0.1260671615600586
186,1,32,4,0.48149773478507996,0.11390891671180725
186,1,32,5,0.5353385806083679,0.04614558815956116
186,1,32,6,0.47173213958740234,0.16368192434310913
186,1,32,7,0.44414597749710083,0.15391139686107635
186,1,32,8,0.47591501474380493,0.10835973918437958
186,1,32,9,0.5065646767616272,0.09066930413246155
186,1,32,10,0.4052842855453491,0.06922536343336105
186,1,32,11,0.4413492977619171,0.16378217935562134
186,1,32,12,0.26186540722846985,0.08606383949518204
186,1,32,13,0.6080036163330078,0.07816755026578903
186,1,32,14,0.6660951972007751,0.0763172134757042
186,1,32,15,0.37601524591445923,0.17635013163089752
186,1,32,16,0.38194188475608826,0.12386409193277359
186,1,32,17,0.31448251008987427,0.07625626772642136
186,1,32,18,0.4607251286506653,0.2110760360956192
186,1,32,19,0.3353150188922882,0.13434132933616638
186,1,32,20,0.38896211981773376,0.17894384264945984
186,1,32,21,0.4760461151599884,0.1703488826751709
186,1,32,22,0.5079834461212158,0.2507699728012085
186,1,32,23,0.5385469198226929,0.16173893213272095
186,1,32,24,0.6187023520469666,0.09172257781028748
186,1,32,25,0.5041600465774536,0.058888889849185944
186,1,32,26,0.4870050549507141,0.10270611941814423
186,1,32,27,0.3876052796840668,0.10177318751811981
186,1,32,28,0.49326586723327637,0.14457795023918152
186,1,32,29,0.5578765869140625,0.11555033922195435
186,1,32,30,0.3858090341091156,0.19954541325569153
186,1,32,31,0.5563080310821533,0.1695011407136917
186,2,64,0,0.5571287870407104,0.22826197743415833
186,2,64,1,0.3609045147895813,0.09882012009620667
186,2,64,2,0.5350419282913208,0.23996372520923615
186,2,64,3,0.35474175214767456,0.16265222430229187
186,2,64,4,0.5358976125717163,0.0916297659277916
186,2,64,5,0.37326642870903015,0.08718127757310867
186,2,64,6,0.6023980975151062,0.09923407435417175
186,2,64,7,0.37503671646118164,0.07848319411277771
186,2,64,8,0.5299577116966248,0.16958512365818024
186,2,64,9,0.3994740843772888,0.13511784374713898
186,2,64,10,0.3992868661880493,0.119569331407547
186,2,64,11,0.4547732472419739,0.1867738515138626
186,2,64,12,0.3947376310825348,0.07448640465736389
186,2,64,13,0.4509308934211731,0.1735139936208725
186,2,64,14,0.5683543086051941,0.04419153928756714
186,2,64,15,0.5286795496940613,0.1419571489095688
186,2,64,16,0.49021396040916443,0.10986974090337753
186,2,64,17,0.42048341035842896,0.07229765504598618
186,2,64,18,0.40096980333328247,0.09322135150432587
186,2,64,19,0.44303277134895325,0.1562492847442627
186,2,64,20,0.6528432369232178,0.11775404959917068
186,2,64,21,0.5793224573135376,0.09843498468399048
186,2,64,22,0.4083194136619568,0.21969595551490784
186,2,64,23,0.6185523271560669,0.13889940083026886
186,2,64,24,0.572331964969635,0.0866432934999466
186,2,64,25,0.42739197611808777,0.24026918411254883
186,2,64,26,0.5967624187469482,0.19286251068115234
186,2,64,27,0.44619983434677124,0.21251007914543152
186,2,64,28,0.5333076119422913,0.2571558356285095
186,2,64,29,0.4364427626132965,0.08327187597751617
186,2,64,30,0.5064169764518738,0.16847661137580872
186,2,64,31,0.6206124424934387,0.190302774310112
186,2,64,32,0.44679656624794006,0.12157710641622543
186,2,64,33,0.5011658668518066,0.11314045637845993
186,2,64,34,0.5970090627670288,0.23671725392341614
186,2,64,35,0.5814183354377747,0.15089520812034607
186,2,64,36,0.4741106629371643,0.21998807787895203
186,2,64,37,0.6034204959869385,0.17265012860298157
186,2,64,38,0.3076998293399811,0.16253194212913513
186,2,64,39,0.5591221451759338,0.15683376789093018
186,2,64,40,0.4592759609222412,0.07650154829025269
186,2,64,41,0.6095678210258484,0.10114730894565582
186,2,64,42,0.5564176440238953,0.16384975612163544
186,2,64,43,0.5681093335151672,0.1642240732908249
186,2,64,44,0.5899587273597717,0.14358405768871307
186,2,64,45,0.521491289138794,0.09512969851493835
186,2,64,46,0.5110279321670532,0.1361904889345169
186,2,64,47,0.5442560911178589,0.13669338822364807
186,2,64,48,0.4083574414253235,0.07884703576564789
186,2,64,49,0.4962786138057709,0.12047386169433594
186,2,64,50,0.5311686396598816,0.16484512388706207
186,2,64,51,0.44102251529693604,0.0679258480668068
186,2,64,52,0.6154720187187195,0.09611352533102036
186,2,64,53,0.5305084586143494,0.16252601146697998
186,2,64,54,0.5042315721511841,0.18657316267490387
186,2,64,55,0.47287777066230774,0.17125891149044037
186,2,64,56,0.6225484013557434,0.16537082195281982
186,2,64,57,0.34555286169052124,0.159730926156044
186,2,64,58,0.3496223986148834,0.08440970629453659
186,2,64,59,0.5140630602836609,0.19320495426654816
186,2,64,60,0.7334026098251343,0.07259692996740341
186,2,64,61,0.4029417037963867,0.08163630217313766
186,2,64,62,0.4873645603656769,0.19723904132843018
186,2,64,63,0.477155864238739,0.13231271505355835
186,3,64,0,0.2820126414299011,0.1150028333067894
186,3,64,1,0.5447502732276917,0.12467260658740997
186,3,64,2,0.43976521492004395,0.08141537010669708
186,3,64,3,0.649361252784729,0.16230256855487823
186,3,64,4,0.37914666533470154,0.15187892317771912
186,3,64,5,0.517356812953949,0.15931923687458038
186,3,64,6,0.442272812128067,0.20548757910728455
186,3,64,7,0.38728490471839905,0.1671326607465744
186,3,64,8,0.5805369019508362,0.2230740636587143
186,3,64,9,0.7471359372138977,0.10519082844257355
186,3,64,10,0.5147624015808105,0.12809979915618896
186,3,64,11,0.4841100573539734,0.18999989330768585
186,3,64,12,0.4717510938644409,0.19254308938980103
186,3,64,13,0.5507645606994629,0.2697875499725342
186,3,64,14,0.5226725935935974,0.17958682775497437
186,3,64,15,0.6685503125190735,0.11061029136180878
186,3,64,16,0.5607736706733704,0.09377128630876541
186,3,64,17,0.5113862752914429,0.2254016399383545
186,3,64,18,0.3769516944885254,0.21988430619239807
186,3,64,19,0.34765079617500305,0.10778434574604034
186,3,64,20,0.47498318552970886,0.2222873717546463
186,3,64,21,0.4254523813724518,0.19176927208900452
186,3,64,22,0.389880895614624,0.25798115134239197
186,3,64,23,0.47284263372421265,0.10806229710578918
186,3,64,24,0.32688912749290466,0.1517350673675537
186,3,64,25,0.5030630230903625,0.21517999470233917
186,3,64,26,0.508297860622406,0.2944153845310211
186,3,64,27,0.588236391544342,0.1811354160308838
186,3,64,28,0.5041451454162598,0.22061434388160706
186,3,64,29,0.5046424269676208,0.18493463099002838
186,3,64,30,0.43626171350479126,0.1219051256775856
186,3,64,31,0.46730196475982666,0.18262594938278198
186,3,64,32,0.425632119178772,0.22285044193267822
186,3,64,33,0.5903056263923645,0.1452542394399643
186,3,64,34,0.42654702067375183,0.15662918984889984
186,3,64,35,0.44452664256095886,0.2312176525592804
186,3,64,36,0.4147503077983856,0.2164633870124817
186,3,64,37,0.4092561602592468,0.2603662610054016
186,3,64,38,0.46580347418785095,0.24191972613334656
186,3,64,39,0.46533203125,0.1577095240354538
186,3,64,40,0.5283446311950684,0.22790056467056274
186,3,64,41,0.3878554105758667,0.1083448976278305
186,3,64,42,0.47972509264945984,0.1655874252319336
186,3,64,43,0.5088962912559509,0.15887053310871124
186,3,64,44,0.6962385177612305,0.16649135947227478
186,3,64,45,0.5304235816001892,0.1876702755689621
186,3,64,46,0.458687424659729,0.17967815697193146
186,3,64,47,0.3626570999622345,0.130733922123909
186,3,64,48,0.43972471356391907,0.1441131979227066
186,3,64,49,0.5137351155281067,0.13620902597904205
186,3,64,50,0.4274590015411377,0.21593958139419556
186,3,64,51,0.5754843354225159,0.16058717668056488
186,3,64,52,0.5094417929649353,0.2422669678926468
186,3,64,53,0.43580594658851624,0.19240891933441162
186,3,64,54,0.6062505841255188,0.20217952132225037
186,3,64,55,0.37731611728668213,0.11676281690597534
186,3,64,56,0.4600979685783386,0.15900596976280212
186,3,64,57,0.5365571975708008,0.14538608491420746
186,3,64,58,0.3828006982803345,0.15494072437286377
186,3,64,59,0.4499729573726654,0.210105761885643
186,3,64,60,0.44412562251091003,0.2049095779657364
186,3,64,61,0.6601302027702332,0.11839311569929123
186,3,64,62,0.4297238290309906,0.24693424999713898
186,3,64,63,0.5493406653404236,0.16318199038505554
186,4,128,0,0.29390597343444824,0.11801445484161377
186,4,128,1,0.6812463402748108,0.23974540829658508
186,4,128,2,0.3684441149234772,0.23186925053596497
186,4,128,3,0.6284668445587158,0.23165245354175568
186,4,128,4,0.6541690826416016,0.2835617661476135
186,4,128,5,0.2426413893699646,0.1822396069765091
186,4,128,6,0.5237129330635071,0.16042357683181763
186,4,128,7,0.480558305978775,0.21402141451835632
186,4,128,8,0.3716522455215454,0.08606480062007904
186,4,128,9,0.318278044462204,0.1914823055267334
186,4,128,10,0.44489791989326477,0.1410181075334549
186,4,128,11,0.5788049697875977,0.14811745285987854
186,4,128,12,0.7193040251731873,0.21729741990566254
186,4,128,13,0.6238875389099121,0.08311716467142105
186,4,128,14,0.6529325246810913,0.1644425392150879
186,4,128,15,0.6599291563034058,0.22645242512226105
186,4,128,16,0.4424076974391937,0.17628829181194305
186,4,128,17,0.6205700039863586,0.10379502922296524
186,4,128,18,0.4269585609436035,0.10605810582637787
186,4,128,19,0.673464298248291,0.21290427446365356
186,4,128,20,0.7092819809913635,0.2540511190891266
186,4,128,21,0.4513614773750305,0.1865742951631546
186,4,128,22,0.6332492232322693,0.22109033167362213
186,4,128,23,0.5823512077331543,0.10299351811408997
186,4,128,24,0.47767359018325806,0.1291361004114151
186,4,128,25,0.28597474098205566,0.105621837079525
186,4,128,26,0.4054616689682007,0.14235810935497284
186,4,128,27,0.5978831052780151,0.20659177005290985
186,4,128,28,0.6996079087257385,0.09326870739459991
186,4,128,29,0.721321165561676,0.18847765028476715
186,4,128,30,0.497866690158844,0.09165903925895691
186,4,128,31,0.362057626247406,0.13451647758483887
186,4,128,32,0.4263896048069,0.17828573286533356
186,4,128,33,0.6504117250442505,0.22795598208904266
186,4,128,34,0.6975579261779785,0.2565617859363556
186,4,128,35,0.4285389184951782,0.24734076857566833
186,4,128,36,0.3754847049713135,0.2743920683860779
186,4,128,37,0.7845803499221802,0.13634568452835083
186,4,128,38,0.3114350736141205,0.16369672119617462
186,4,128,39,0.3855466842651367,0.178645521402359
186,4,128,40,0.2745835781097412,0.14032518863677979
186,4,128,41,0.36793649196624756,0.15518870949745178
186,4,128,42,0.6638802886009216,0.13383126258850098
186,4,128,43,0.6684903502464294,0.33986762166023254
186,4,128,44,0.39037153124809265,0.1257777214050293
186,4,128,45,0.5797997713088989,0.11084239929914474
186,4,128,46,0.6745014786720276,0.11131299287080765
186,4,128,47,0.6198095679283142,0.28588953614234924
186,4,128,48,0.4028175175189972,0.2381001114845276
186,4,128,49,0.5679104924201965,0.088873952627182
186,4,128,50,0.5918350219726562,0.09951470047235489
186,4,128,51,0.46720704436302185,0.11727885901927948
186,4,128,52,0.5879095792770386,0.07787775993347168
186,4,128,53,0.4363141655921936,0.2417771965265274
186,4,128,54,0.40674489736557007,0.16387790441513062
186,4,128,55,0.6996501088142395,0.23083020746707916
186,4,128,56,0.46326786279678345,0.14255686104297638
186,4,128,57,0.595490574836731,0.23453952372074127
186,4,128,58,0.45378607511520386,0.1546401083469391
186,4,128,59,0.6559658050537109,0.1763177067041397
186,4,128,60,0.46301260590553284,0.11706868559122086
186,4,128,61,0.5105477571487427,0.09656322747468948
186,4,128,62,0.6368387937545776,0.2145400047302246
186,4,128,63,0.3698301911354065,0.20622460544109344
186,4,128,64,0.5701927542686462,0.07973498106002808
186,4,128,65,0.381348580121994,0.27994367480278015
186,4,128,66,0.32720643281936646,0.1581166833639145
186,4,128,67,0.42639413475990295,0.15284495055675507
186,4,128,68,0.4986743628978729,0.1526780128479004
186,4,128,69,0.7541143298149109,0.26343414187431335
186,4,128,70,0.6024717092514038,0.24461416900157928
186,4,128,71,0.6925017237663269,0.19604641199111938
186,4,128,72,0.5416443943977356,0.10165169090032578
186,4,128,73,0.5548275709152222,0.1845289021730423
186,4,128,74,0.69661545753479,0.1729525774717331
186,4,128,75,0.7231443524360657,0.15828630328178406
186,4,128,76,0.4001687169075012,0.08108148723840714
186,4,128,77,0.5546921491622925,0.1395987719297409
186,4,128,78,0.6227074265480042,0.15815037488937378
186,4,128,79,0.6326562166213989,0.23427225649356842
186,4,128,80,0.46180322766304016,0.16750957071781158
186,4,128,81,0.6651974320411682,0.2864038348197937
186,4,128,82,0.7375665903091431,0.12375950068235397
186,4,128,83,0.36133524775505066,0.08868030458688736
186,4,128,84,0.3523523211479187,0.1456068456172943
186,4,128,85,0.3748152554035187,0.10252097994089127
186,4,128,86,0.6417953968048096,0.22990797460079193
186,4,128,87,0.7419010996818542,0.1972419023513794
186,4,128,88,0.7506247758865356,0.17512600123882294
186,4,128,89,0.5024516582489014,0.10472524166107178
186,4,128,90,0.4430510401725769,0.12389104068279266
186,4,128,91,0.5888174176216125,0.17703139781951904
186,4,128,92,0.6969754695892334,0.22545301914215088
186,4,128,93,0.4666796028614044,0.162562295794487
186,4,128,94,0.28508785367012024,0.23175722360610962
186,4,128,95,0.723648190498352,0.17973323166370392
186,4,128,96,0.6229920387268066,0.060398731380701065
186,4,128,97,0.6138431429862976,0.24422688782215118
186,4,128,98,0.3663407564163208,0.1358589082956314
186,4,128,99,0.7187950611114502,0.32171353697776794
186,4,128,100,0.6060022711753845,0.20494091510772705
186,4,128,101,0.3713953495025635,0.1444578915834427
186,4,128,102,0.3842051327228546,0.2992120385169983
186,4,128,103,0.5409627556800842,0.11497602611780167
186,4,128,104,0.7918058037757874,0.19675058126449585
186,4,128,105,0.5484670996665955,0.1255127638578415
186,4,128,106,0.5914098620414734,0.11691636592149734
186,4,128,107,0.7548952102661133,0.11750861257314682
186,4,128,108,0.45228496193885803,0.1311539113521576
186,4,128,109,0.6341248154640198,0.07160710543394089
186,4,128,110,0.6490145921707153,0.2939586043357849
186,4,128,111,0.42303466796875,0.20445074141025543
186,4,128,112,0.4034695029258728,0.13955684006214142
186,4,128,113,0.640879213809967,0.09902545809745789
186,4,128,114,0.39361101388931274,0.19931650161743164
186,4,128,115,0.32671451568603516,0.1560937762260437
186,4,128,116,0.5756176114082336,0.18121133744716644
186,4,128,117,0.3748699724674225,0.15500514209270477
186,4,128,118,0.37630942463874817,0.23627273738384247
186,4,128,119,0.7018864750862122,0.28482046723365784
186,4,128,120,0.3773047924041748,0.2284969538450241
186,4,128,121,0.7079542279243469,0.1638834923505783
186,4,128,122,0.6763412952423096,0.3356471657752991
186,4,128,123,0.6687744855880737,0.25339972972869873
186,4,128,124,0.5574303269386292,0.1454657018184662
186,4,128,125,0.43532076478004456,0.144150048494339
186,4,128,126,0.49691087007522583,0.160743847489357
186,4,128,127,0.48827382922172546,0.13622502982616425
186,5,128,0,0.5263908505439758,0.10187394171953201
186,5,128,1,0.44818314909935,0.12268652021884918
186,5,128,2,0.6049330830574036,0.14519734680652618
186,5,128,3,0.5507253408432007,0.08864593505859375
186,5,128,4,0.8160967826843262,0.1514374166727066
186,5,128,5,0.7133546471595764,0.10954716056585312
186,5,128,6,0.6305442452430725,0.13188180327415466
186,5,128,7,0.697708010673523,0.21794964373111725
186,5,128,8,0.44334539771080017,0.08219233900308609
186,5,128,9,0.7548426389694214,0.1439894735813141
186,5,128,10,0.485581636428833,0.12047488242387772
186,5,128,11,0.650373637676239,0.22116084396839142
186,5,128,12,0.6124078631401062,0.16356733441352844
186,5,128,13,0.6728331446647644,0.18071448802947998
186,5,128,14,0.7640305161476135,0.09904906153678894
186,5,128,15,0.6949679851531982,0.16804127395153046
186,5,128,16,0.5682365298271179,0.0980520099401474
186,5,128,17,0.6579625606536865,0.16399146616458893
186,5,128,18,0.6244736313819885,0.20469050109386444
186,5,128,19,0.7480230927467346,0.24508801102638245
186,5,128,20,0.4725777208805084,0.22753700613975525
186,5,128,21,0.7541496157646179,0.08422097563743591
186,5,128,22,0.40982741117477417,0.1293887495994568
186,5,128,23,0.5203351378440857,0.2162621021270752
186,5,128,24,0.4383367598056793,0.21374578773975372
186,5,128,25,0.4980054199695587,0.06827164441347122
186,5,128,26,0.5482903122901917,0.23208360373973846
186,5,128,27,0.5763667225837708,0.153469055891037
186,5,128,28,0.8264988660812378,0.1252969652414322
186,5,128,29,0.6776232123374939,0.2236686646938324
186,5,128,30,0.5195440649986267,0.13788093626499176
186,5,128,31,0.6643520593643188,0.12590137124061584
186,5,128,32,0.6521914601325989,0.13292476534843445
186,5,128,33,0.6077337861061096,0.19739894568920135
186,5,128,34,0.7624330520629883,0.1756487488746643
186,5,128,35,0.8011866807937622,0.09315686672925949
186,5,128,36,0.5564842820167542,0.10986590385437012
186,5,128,37,0.5557749271392822,0.20461463928222656
186,5,128,38,0.6384480595588684,0.12530073523521423
186,5,128,39,0.6622717380523682,0.10320527106523514
186,5,128,40,0.4545741081237793,0.06837989389896393
186,5,128,41,0.6981936693191528,0.1319633573293686
186,5,128,42,0.6581375598907471,0.23854343593120575
186,5,128,43,0.7270719408988953,0.18105857074260712
186,5,128,44,0.7019379138946533,0.07914633303880692
186,5,128,45,0.536297082901001,0.2023889571428299
186,5,128,46,0.7809664607048035,0.08834297209978104
186,5,128,47,0.7985443472862244,0.17678271234035492
186,5,128,48,0.5980510115623474,0.10197509080171585
186,5,128,49,0.7696169018745422,0.16135498881340027
186,5,128,50,0.577904462814331,0.14779390394687653
186,5,128,51,0.7861732244491577,0.23304449021816254
186,5,128,52,0.7761684060096741,0.14718398451805115
186,5,128,53,0.7034098505973816,0.08670805394649506
186,5,128,54,0.46818259358406067,0.1225232481956482
186,5,128,55,0.7689957618713379,0.16744443774223328
186,5,128,56,0.7418229579925537,0.10943058878183365
186,5,128,57,0.5845913290977478,0.16307541728019714
186,5,128,58,0.5036476254463196,0.0786406397819519
186,5,128,59,0.7087445259094238,0.1873827427625656
186,5,128,60,0.5333529710769653,0.15722224116325378
186,5,128,61,0.456987589597702,0.10737942159175873
186,5,128,62,0.37309587001800537,0.2171560376882553
186,5,128,63,0.6070428490638733,0.13199159502983093
186,5,128,64,0.6561134457588196,0.24468129873275757
186,5,128,65,0.6724908351898193,0.18526190519332886
186,5,128,66,0.6869312524795532,0.1941792368888855
186,5,128,67,0.5794893503189087,0.10271134972572327
186,5,128,68,0.5708699226379395,0.1760939061641693
186,5,128,69,0.7536055445671082,0.11806050688028336
186,5,128,70,0.4443952143192291,0.19403131306171417
186,5,128,71,0.6122151613235474,0.14812688529491425
186,5,128,72,0.5755012631416321,0.13760337233543396
186,5,128,73,0.6943569183349609,0.24588485062122345
186,5,128,74,0.796392023563385,0.14164204895496368
186,5,128,75,0.3885408639907837,0.13943234086036682
186,5,128,76,0.5833709836006165,0.21633614599704742
186,5,128,77,0.5471920371055603,0.15267519652843475
186,5,128,78,0.7702309489250183,0.12906187772750854
186,5,128,79,0.6550293564796448,0.11757859587669373
186,5,128,80,0.6422693729400635,0.12972258031368256
186,5,128,81,0.7085525989532471,0.13464327156543732
186,5,128,82,0.5206208825111389,0.20952768623828888
186,5,128,83,0.44241613149642944,0.1385808289051056
186,5,128,84,0.7441388368606567,0.13246160745620728
186,5,128,85,0.7873679995536804,0.10972221195697784
186,5,128,86,0.6799679398536682,0.1729416400194168
186,5,128,87,0.6672223210334778,0.10749869793653488
186,5,128,88,0.7891454696655273,0.16788503527641296
186,5,128,89,0.7047308683395386,0.24346531927585602
186,5,128,90,0.5335010290145874,0.22214525938034058
186,5,128,91,0.7441689968109131,0.12673519551753998
186,5,128,92,0.634604275226593,0.24132880568504333
186,5,128,93,0.6450513601303101,0.18243606388568878
186,5,128,94,0.5969409942626953,0.1431456208229065
186,5,128,95,0.551980197429657,0.17675535380840302
186,5,128,96,0.5504059195518494,0.2757270634174347
186,5,128,97,0.23505686223506927,0.21092219650745392
186,5,128,98,0.6821529269218445,0.11589210480451584
186,5,128,99,0.7587875127792358,0.1782146841287613
186,5,128,100,0.6024876832962036,0.07469593733549118
186,5,128,101,0.8322280049324036,0.10145092010498047
186,5,128,102,0.580471396446228,0.12188196927309036
186,5,128,103,0.5933316349983215,0.1583922952413559
186,5,128,104,0.7586150169372559,0.1900012493133545
186,5,128,105,0.6252622604370117,0.20325101912021637
186,5,128,106,0.7880430817604065,0.11766044795513153
186,5,128,107,0.6061069369316101,0.15860365331172943
186,5,128,108,0.7358779311180115,0.11607851088047028
186,5,128,109,0.6732285618782043,0.14494378864765167
186,5,128,110,0.6087675094604492,0.16869094967842102
186,5,128,111,0.26721858978271484,0.15238690376281738
186,5,128,112,0.5976369380950928,0.12790365517139435
186,5,128,113,0.5343331694602966,0.19061532616615295
186,5,128,114,0.6826879978179932,0.12713852524757385
186,5,128,115,0.3471281826496124,0.09637367725372314
186,5,128,116,0.6692215204238892,0.24764344096183777
186,5,128,117,0.3737027645111084,0.19543783366680145
186,5,128,118,0.5387980937957764,0.08421829342842102
186,5,128,119,0.6980867385864258,0.2405165582895279
186,5,128,120,0.7175042629241943,0.11420763283967972
186,5,128,121,0.6102549433708191,0.1890023648738861
186,5,128,122,0.5419550538063049,0.19763904809951782
186,5,128,123,0.7888874411582947,0.11216823756694794
186,5,128,124,0.607380747795105,0.21874038875102997
186,5,128,125,0.5735750794410706,0.1473153978586197
186,5,128,126,0.8494837880134583,0.10675372183322906
186,5,128,127,0.6686398983001709,0.12416786700487137
188,0,32,0,0.6039905548095703,0.04478985443711281
188,0,32,1,0.5120607614517212,0.06851733475923538
188,0,32,2,0.579485297203064,0.04279300197958946
188,0,32,3,0.5855985283851624,0.03723179176449776
188,0,32,4,0.39238983392715454,0.03576570749282837
188,0,32,5,0.4259810149669647,0.022155629470944405
188,0,32,6,0.47296494245529175,0.0932254046201706
188,0,32,7,0.4932316541671753,0.07982467859983444
188,0,32,8,0.6046923398971558,0.0727514773607254
188,0,32,9,0.46408483386039734,0.0469469279050827
188,0,32,10,0.5343837141990662,0.060855425894260406
188,0,32,11,0.46799224615097046,0.04006607085466385
188,0,32,12,0.5674667358398438,0.04753953963518143
188,0,32,13,0.5423056483268738,0.0445745550096035
188,0,32,14,0.6346347332000732,0.04152732715010643
188,0,32,15,0.6137615442276001,0.05688730627298355
188,0,32,16,0.5077548027038574,0.05346116051077843
188,0,32,17,0.47192439436912537,0.06398651003837585
188,0,32,18,0.4447031021118164,0.048140622675418854
188,0,32,19,0.5588148236274719,0.0745154619216919
188,0,32,20,0.41816604137420654,0.0684807226061821
188,0,32,21,0.46723780035972595,0.08097705990076065
188,0,32,22,0.5122330784797668,0.032143231481313705
188,0,32,23,0.5632033944129944,0.07245837152004242
188,0,32,24,0.47975456714630127,0.08184291422367096
188,0,32,25,0.42472922801971436,0.026428163051605225
188,0,32,26,0.3886958658695221,0.05482635274529457
188,0,32,27,0.4481717050075531,0.044409144669771194
188,0,32,28,0.5919544696807861,0.028087953105568886
188,0,32,29,0.5376195311546326,0.06683240830898285
188,0,32,30,0.4691685736179352,0.02332398295402527
188,0,32,31,0.4195803999900818,0.03691030666232109
188,1,32,0,0.5399482250213623,0.05121520161628723
188,1,32,1,0.538775622844696,0.11505979299545288
188,1,32,2,0.39915168285369873,0.04864893853664398
188,1,32,3,0.5624954104423523,0.10670668631792068
188,1,32,4,0.5363220572471619,0.13390953838825226
188,1,32,5,0.36216625571250916,0.07807335257530212
188,1,32,6,0.3862444758415222,0.06273671239614487
188,1,32,7,0.5810897946357727,0.10313204675912857
188,1,32,8,0.6317854523658752,0.04436967521905899
188,1,32,9,0.6101742386817932,0.06111301854252815
188,1,32,10,0.49667802453041077,0.07786126434803009
188,1,32,11,0.3959701657295227,0.059568457305431366
188,1,32,12,0.46709880232810974,0.09419985860586166
188,1,32,13,0.4803500771522522,0.08093399554491043
188,1,32,14,0.3994562327861786,0.062456779181957245
188,1,32,15,0.4219221770763397,0.05095773935317993
188,1,32,16,0.619996964931488,0.028871402144432068
188,1,32,17,0.3690820336341858,0.04208768159151077
188,1,32,18,0.40533411502838135,0.03803329914808273
188,1,32,19,0.4269005358219147,0.08225039392709732
188,1,32,20,0.5268716812133789,0.06114738807082176
188,1,32,21,0.5161389708518982,0.06822726875543594
188,1,32,22,0.4685008227825165,0.13514280319213867
188,1,32,23,0.5357136130332947,0.06530093401670456
188,1,32,24,0.39843204617500305,0.0825604647397995
188,1,32,25,0.47971925139427185,0.09720014035701752
188,1,32,26,0.6217930912971497,0.1429881900548935
188,1,32,27,0.4996911883354187,0.06710094958543777
188,1,32,28,0.4688044488430023,0.03764783591032028
188,1,32,29,0.5295183658599854,0.08782823383808136
188,1,32,30,0.514739990234375,0.09593229740858078
188,1,32,31,0.3311786651611328,0.05729563534259796
188,2,64,0,0.5207078456878662,0.2249249666929245
188,2,64,1,0.56000816822052,0.09015022963285446
188,2,64,2,0.44726794958114624,0.11957196146249771
188,2,64,3,0.3109274208545685,0.205563023686409
188,2,64,4,0.4346323311328888,0.10660857707262039
188,2,64,5,0.5326263308525085,0.16511353850364685
188,2,64,6,0.5835376977920532,0.1547437310218811
188,2,64,7,0.49526968598365784,0.07412990927696228
188,2,64,8,0.5466480255126953,0.270440012216568
188,2,64,9,0.7381688356399536,0.118769071996212
188,2,64,10,0.3925809860229492,0.07768885046243668
188,2,64,11,0.37285271286964417,0.10041656345129013
188,2,64,12,0.6748664379119873,0.12228412181138992
188,2,64,13,0.5848689079284668,0.16101428866386414
188,2,64,14,0.42715099453926086,0.17065487802028656
188,2,64,15,0.4117940068244934,0.11176436394453049
188,2,64,16,0.6305526494979858,0.1330554038286209
188,2,64,17,0.5243881344795227,0.1620423048734665
188,2,64,18,0.5749587416648865,0.1445566713809967
188,2,64,19,0.42661765217781067,0.20357581973075867
188,2,64,20,0.5260427594184875,0.13893024623394012
188,2,64,21,0.4166148602962494,0.13201849162578583
188,2,64,22,0.560677170753479,0.16454198956489563
188,2,64,23,0.6013962626457214,0.18261896073818207
188,2,64,24,0.5331551432609558,0.0982651337981224
188,2,64,25,0.40875205397605896,0.0775596871972084
188,2,64,26,0.5861687660217285,0.19470979273319244
188,2,64,27,0.6789955496788025,0.16966478526592255
188,2,64,28,0.5944704413414001,0.16971631348133087
188,2,64,29,0.3952913284301758,0.21715497970581055
188,2,64,30,0.5259749889373779,0.0925930067896843
188,2,64,31,0.311752051115036,0.08328481763601303
188,2,64,32,0.434455931186676,0.12030953913927078
188,2,64,33,0.3812647759914398,0.1660197228193283
188,2,64,34,0.6440596580505371,0.18912488222122192
188,2,64,35,0.5966629385948181,0.09391500055789948
188,2,64,36,0.5384415984153748,0.18225015699863434
188,2,64,37,0.5593327283859253,0.11071803420782089
188,2,64,38,0.5304010510444641,0.10592823475599289
188,2,64,39,0.4721585512161255,0.10176358371973038
188,2,64,40,0.475479394197464,0.1509900987148285
188,2,64,41,0.4490961730480194,0.10261764377355576
188,2,64,42,0.6340763568878174,0.21846677362918854
188,2,64,43,0.5142233371734619,0.1128617450594902
188,2,64,44,0.5370100140571594,0.14854030311107635
188,2,64,45,0.6869890093803406,0.06612037122249603
188,2,64,46,0.5376037955284119,0.1592186987400055
188,2,64,47,0.5637452006340027,0.173181414604187
188,2,64,48,0.6805577278137207,0.09370549768209457
188,2,64,49,0.4705989956855774,0.11518952250480652
188,2,64,50,0.32785096764564514,0.20423026382923126
188,2,64,51,0.48499178886413574,0.15309424698352814
188,2,64,52,0.5577555298805237,0.13880634307861328
188,2,64,53,0.4441280663013458,0.18172934651374817
188,2,64,54,0.3250003159046173,0.11525005847215652
188,2,64,55,0.6621091961860657,0.09781625866889954
188,2,64,56,0.46613678336143494,0.11669181287288666
188,2,64,57,0.45635882019996643,0.1525023728609085
188,2,64,58,0.470930814743042,0.08513755351305008
188,2,64,59,0.5780783295631409,0.1295013129711151
188,2,64,60,0.6415013670921326,0.09219495952129364
188,2,64,61,0.7584672570228577,0.10056637972593307
188,2,64,62,0.41964247822761536,0.08809424936771393
188,2,64,63,0.5705302357673645,0.14970305562019348
188,3,64,0,0.384650319814682,0.0536014549434185
188,3,64,1,0.6324971318244934,0.12524846196174622
188,3,64,2,0.5833228826522827,0.09296470880508423
188,3,64,3,0.42809754610061646,0.056054145097732544
188,3,64,4,0.4807623028755188,0.06994015723466873
188,3,64,5,0.511749804019928,0.11946771293878555
188,3,64,6,0.48965033888816833,0.08478563278913498
188,3,64,7,0.5809283256530762,0.06551668792963028
188,3,64,8,0.4122444689273834,0.11378825455904007
188,3,64,9,0.5689917802810669,0.07827769219875336
188,3,64,10,0.5090792179107666,0.09711174666881561
188,3,64,11,0.4575237035751343,0.11040183901786804
188,3,64,12,0.39820829033851624,0.10022201389074326
188,3,64,13,0.43768563866615295,0.1373714953660965
188,3,64,14,0.43561986088752747,0.15596486628055573
188,3,64,15,0.4113415479660034,0.07036224007606506
188,3,64,16,0.5293440222740173,0.07288739085197449
188,3,64,17,0.4436749815940857,0.11614775657653809
188,3,64,18,0.5486195087432861,0.11486417800188065
188,3,64,19,0.6680228114128113,0.11498358845710754
188,3,64,20,0.46924281120300293,0.1210605800151825
188,3,64,21,0.4316279888153076,0.1220642551779747
188,3,64,22,0.41429388523101807,0.11664317548274994
188,3,64,23,0.48880112171173096,0.10594198852777481
188,3,64,24,0.47155097126960754,0.07597172260284424
188,3,64,25,0.4007421135902405,0.08404840528964996
188,3,64,26,0.5303127765655518,0.11058242619037628
188,3,64,27,0.5591317415237427,0.0959133580327034
188,3,64,28,0.45707273483276367,0.138395756483078
188,3,64,29,0.4566302001476288,0.09931456297636032
188,3,64,30,0.42436206340789795,0.10655152052640915
188,3,64,31,0.5735391974449158,0.09980179369449615
188,3,64,32,0.5325755476951599,0.09528900682926178
188,3,64,33,0.48927393555641174,0.09374736249446869
188,3,64,34,0.5342622995376587,0.09219169616699219
188,3,64,35,0.4116956293582916,0.06481163948774338
188,3,64,36,0.5171767473220825,0.06812477111816406
188,3,64,37,0.5907939672470093,0.1187867522239685
188,3,64,38,0.6257957220077515,0.07806306332349777
188,3,64,39,0.44813457131385803,0.1060703918337822
188,3,64,40,0.3564074635505676,0.06189567968249321
188,3,64,41,0.35637298226356506,0.07344987988471985
188,3,64,42,0.48204416036605835,0.05556878820061684
188,3,64,43,0.620507538318634,0.06814128905534744
188,3,64,44,0.5522042512893677,0.1204991564154625
188,3,64,45,0.5361541509628296,0.12883789837360382
188,3,64,46,0.5840404629707336,0.05889442563056946
188,3,64,47,0.3491480052471161,0.09920267760753632
188,3,64,48,0.40896132588386536,0.08624362200498581
188,3,64,49,0.5940595269203186,0.0885394811630249
188,3,64,50,0.4890560805797577,0.14353513717651367
188,3,64,51,0.4836815297603607,0.08888133615255356
188,3,64,52,0.6214996576309204,0.11461538076400757
188,3,64,53,0.5394397974014282,0.0626339539885521
188,3,64,54,0.399528831243515,0.09005787968635559
188,3,64,55,0.542902946472168,0.11391519010066986
188,3,64,56,0.5603256225585938,0.1165662482380867
188,3,64,57,0.5208290815353394,0.11126641929149628
188,3,64,58,0.5052721500396729,0.09988421946763992
188,3,64,59,0.3623192310333252,0.07809881120920181
188,3,64,60,0.4764818549156189,0.11758332699537277
188,3,64,61,0.5265402793884277,0.12701383233070374
188,3,64,62,0.4578593075275421,0.0701819583773613
188,3,64,63,0.5893360376358032,0.07996486872434616
188,4,128,0,0.5309426188468933,0.24746903777122498
188,4,128,1,0.342774361371994,0.18969786167144775
188,4,128,2,0.4491997957229614,0.2311238944530487
188,4,128,3,0.46881845593452454,0.09514065086841583
188,4,128,4,0.6824540495872498,0.08485560119152069
188,4,128,5,0.5813921093940735,0.2505521774291992
188,4,128,6,0.5676493644714355,0.08753393590450287
188,4,128,7,0.4821917414665222,0.17474474012851715
188,4,128,8,0.5325796008110046,0.18518966436386108
188,4,128,9,0.5943093299865723,0.08946066349744797
188,4,128,10,0.6580873727798462,0.09252938628196716
188,4,128,11,0.4999217092990875,0.13171693682670593
188,4,128,12,0.46713098883628845,0.22263851761817932
188,4,128,13,0.5014792084693909,0.2590274512767792
188,4,128,14,0.5778548121452332,0.16725416481494904
188,4,128,15,0.5919503569602966,0.23467810451984406
188,4,128,16,0.6250821352005005,0.13728927075862885
188,4,128,17,0.40520352125167847,0.19310881197452545
188,4,128,18,0.5650807619094849,0.10166635364294052
188,4,128,19,0.5927826166152954,0.20442405343055725
188,4,128,20,0.3437758684158325,0.1356946974992752
188,4,128,21,0.5400403141975403,0.2833240032196045
188,4,128,22,0.4300103187561035,0.237483948469162
188,4,128,23,0.5688653588294983,0.25469255447387695
188,4,128,24,0.6959929466247559,0.13698624074459076
188,4,128,25,0.6548802256584167,0.22038179636001587
188,4,128,26,0.5105355978012085,0.16156697273254395
188,4,128,27,0.4976457953453064,0.1799561232328415
188,4,128,28,0.5773321390151978,0.1660655438899994
188,4,128,29,0.5418016910552979,0.21127119660377502
188,4,128,30,0.5074047446250916,0.10639575868844986
188,4,128,31,0.42889344692230225,0.08552981913089752
188,4,128,32,0.6477687358856201,0.2148786038160324
188,4,128,33,0.682012140750885,0.16586355865001678
188,4,128,34,0.4129757881164551,0.2146902233362198
188,4,128,35,0.5230685472488403,0.12669406831264496
188,4,128,36,0.4744963049888611,0.16053472459316254
188,4,128,37,0.4192488193511963,0.15093807876110077
188,4,128,38,0.6171438097953796,0.07579989731311798
188,4,128,39,0.3907030522823334,0.09621534496545792
188,4,128,40,0.4829857349395752,0.23630239069461823
188,4,128,41,0.7265384793281555,0.10141540318727493
188,4,128,42,0.689735472202301,0.08064407110214233
188,4,128,43,0.5209295749664307,0.0808398500084877
188,4,128,44,0.33441558480262756,0.07252214848995209
188,4,128,45,0.5775846242904663,0.24957460165023804
188,4,128,46,0.5681280493736267,0.09852410852909088
188,4,128,47,0.43920791149139404,0.1584538370370865
188,4,128,48,0.47401079535484314,0.1012830063700676
188,4,128,49,0.40690910816192627,0.21320399641990662
188,4,128,50,0.5521818399429321,0.146552175283432
188,4,128,51,0.37672287225723267,0.09843023866415024
188,4,128,52,0.5173791646957397,0.10910800844430923
188,4,128,53,0.5888115763664246,0.2078835517168045
188,4,128,54,0.45538586378097534,0.15304644405841827
188,4,128,55,0.6043217182159424,0.10805987566709518
188,4,128,56,0.6631293296813965,0.13243721425533295
188,4,128,57,0.5855270028114319,0.1136891320347786
188,4,128,58,0.5217537879943848,0.21742470562458038
188,4,128,59,0.5860736966133118,0.19018620252609253
188,4,128,60,0.7114364504814148,0.09750751405954361
188,4,128,61,0.5752822160720825,0.18667691946029663
188,4,128,62,0.4163249731063843,0.18949639797210693
188,4,128,63,0.33115267753601074,0.11480620503425598
188,4,128,64,0.7173707485198975,0.08637234568595886
188,4,128,65,0.5576714277267456,0.14553987979888916
188,4,128,66,0.5311657786369324,0.16104690730571747
188,4,128,67,0.5889678597450256,0.12577912211418152
188,4,128,68,0.5926162004470825,0.09377329051494598
188,4,128,69,0.43766868114471436,0.13552191853523254
188,4,128,70,0.5829043984413147,0.15495377779006958
188,4,128,71,0.6093205213546753,0.13944612443447113
188,4,128,72,0.5762104392051697,0.3194478154182434
188,4,128,73,0.48588594794273376,0.19923165440559387
188,4,128,74,0.46886828541755676,0.26745137572288513
188,4,128,75,0.6838263273239136,0.09776196628808975
188,4,128,76,0.32615914940834045,0.1332147717475891
188,4,128,77,0.6449443697929382,0.2462223917245865
188,4,128,78,0.6018279194831848,0.05878201872110367
188,4,128,79,0.5094138979911804,0.14448176324367523
188,4,128,80,0.46927064657211304,0.14431621134281158
188,4,128,81,0.5959146022796631,0.063385508954525
188,4,128,82,0.4572189152240753,0.10361672937870026
188,4,128,83,0.7112875580787659,0.11860114336013794
188,4,128,84,0.6184686422348022,0.2515440583229065
188,4,128,85,0.5073621869087219,0.2615394592285156
188,4,128,86,0.34417805075645447,0.09521622210741043
188,4,128,87,0.5371972322463989,0.10765797644853592
188,4,128,88,0.4085387587547302,0.09116102755069733
188,4,128,89,0.6616083979606628,0.21779191493988037
188,4,128,90,0.42300131916999817,0.08952436596155167
188,4,128,91,0.6703028082847595,0.0868569165468216
188,4,128,92,0.5739029049873352,0.28291577100753784
188,4,128,93,0.6194039583206177,0.11788755655288696
188,4,128,94,0.4026687741279602,0.20417487621307373
188,4,128,95,0.6457415223121643,0.2670955955982208
188,4,128,96,0.5549018979072571,0.289203941822052
188,4,128,97,0.39351415634155273,0.19341595470905304
188,4,128,98,0.49436619877815247,0.26140838861465454
188,4,128,99,0.6737678647041321,0.07107927650213242
188,4,128,100,0.5324604511260986,0.15788082778453827
188,4,128,101,0.4876689314842224,0.06171545758843422
188,4,128,102,0.41001632809638977,0.15963521599769592
188,4,128,103,0.5261099934577942,0.22847339510917664
188,4,128,104,0.5643298625946045,0.06711708009243011
188,4,128,105,0.5531911849975586,0.1919884979724884
188,4,128,106,0.5159327983856201,0.06579721719026566
188,4,128,107,0.4428083300590515,0.3238086402416229
188,4,128,108,0.5434260964393616,0.09975872933864594
188,4,128,109,0.6530000567436218,0.19101987779140472
188,4,128,110,0.4950915277004242,0.08696883916854858
188,4,128,111,0.5785164833068848,0.2651959955692291
188,4,128,112,0.5772241353988647,0.32276007533073425
188,4,128,113,0.4165828824043274,0.13699078559875488
188,4,128,114,0.6293808817863464,0.2611462473869324
188,4,128,115,0.529191792011261,0.15232481062412262
188,4,128,116,0.5104126930236816,0.1611340194940567
188,4,128,117,0.558286726474762,0.14891181886196136
188,4,128,118,0.37189337611198425,0.1692437082529068
188,4,128,119,0.41198205947875977,0.19173136353492737
188,4,128,120,0.4579591155052185,0.12326972186565399
188,4,128,121,0.5457631349563599,0.15598328411579132
188,4,128,122,0.5063753724098206,0.24917875230312347
188,4,128,123,0.4537483751773834,0.09246678650379181
188,4,128,124,0.39265620708465576,0.17760969698429108
188,4,128,125,0.5150712132453918,0.11037237197160721
188,4,128,126,0.6491279006004333,0.10237482935190201
188,4,128,127,0.5610592365264893,0.22374893724918365
188,5,128,0,0.5440556406974792,0.06845761090517044
188,5,128,1,0.4760438799858093,0.05558329448103905
188,5,128,2,0.6803069710731506,0.13575683534145355
188,5,128,3,0.5951898097991943,0.1393224149942398
188,5,128,4,0.6722416877746582,0.19250161945819855
188,5,128,5,0.6281679272651672,0.1284579187631607
188,5,128,6,0.6055124402046204,0.11057726293802261
188,5,128,7,0.382315069437027,0.17770253121852875
188,5,128,8,0.7046600580215454,0.1181315928697586
188,5,128,9,0.556269645690918,0.1258169561624527
188,5,128,10,0.41259852051734924,0.1311085969209671
188,5,128,11,0.5823261737823486,0.10091381520032883
188,5,128,12,0.5574299097061157,0.17555734515190125
188,5,128,13,0.6926497220993042,0.19583308696746826
188,5,128,14,0.3386968672275543,0.12645545601844788
188,5,128,15,0.695243239402771,0.18499793112277985
188,5,128,16,0.45361194014549255,0.039493195712566376
188,5,128,17,0.5806893706321716,0.14802531898021698
188,5,128,18,0.4679589569568634,0.06415965408086777
188,5,128,19,0.37765970826148987,0.216119185090065
188,5,128,20,0.6469582915306091,0.16374720633029938
188,5,128,21,0.7551767826080322,0.1149626299738884
188,5,128,22,0.41510075330734253,0.05919316038489342
188,5,128,23,0.6783790588378906,0.20410776138305664
188,5,128,24,0.6340779066085815,0.06369178742170334
188,5,128,25,0.5009188055992126,0.06245972961187363
188,5,128,26,0.4599441587924957,0.0795009657740593
188,5,128,27,0.5357166528701782,0.12105065584182739
188,5,128,28,0.6063093543052673,0.10280735790729523
188,5,128,29,0.6229376196861267,0.07072486728429794
188,5,128,30,0.7391085624694824,0.1756761074066162
188,5,128,31,0.6236771941184998,0.09104784578084946
188,5,128,32,0.6524973511695862,0.1107167899608612
188,5,128,33,0.7351312041282654,0.19866600632667542
188,5,128,34,0.3411256670951843,0.1439174860715866
188,5,128,35,0.5765810608863831,0.1075996682047844
188,5,128,36,0.7518022060394287,0.1611822247505188
188,5,128,37,0.6800997853279114,0.2245163768529892
188,5,128,38,0.6353850960731506,0.08986572921276093
188,5,128,39,0.4202103316783905,0.13828173279762268
188,5,128,40,0.6983875036239624,0.1665772646665573
188,5,128,41,0.6740584969520569,0.16417819261550903
188,5,128,42,0.6223261952400208,0.0747515857219696
188,5,128,43,0.6351562738418579,0.12913085520267487
188,5,128,44,0.48586371541023254,0.07489746809005737
188,5,128,45,0.7938862442970276,0.1431150883436203
188,5,128,46,0.6737063527107239,0.13322953879833221
188,5,128,47,0.5304363369941711,0.06371011584997177
188,5,128,48,0.5977673530578613,0.11702150851488113
188,5,128,49,0.4256908595561981,0.08310201019048691
188,5,128,50,0.552497386932373,0.11620288342237473
188,5,128,51,0.6462785601615906,0.10821124911308289
188,5,128,52,0.7016078233718872,0.18693587183952332
188,5,128,53,0.6840269565582275,0.1341022402048111
188,5,128,54,0.48848745226860046,0.08853740245103836
188,5,128,55,0.4802153408527374,0.08649181574583054
188,5,128,56,0.6430128216743469,0.11705193668603897
188,5,128,57,0.6647220849990845,0.1152196004986763
188,5,128,58,0.44757699966430664,0.13830460608005524
188,5,128,59,0.668110191822052,0.2175920158624649
188,5,128,60,0.6562260389328003,0.14750730991363525
188,5,128,61,0.6922593116760254,0.10391171276569366
188,5,128,62,0.4937063455581665,0.11929342895746231
188,5,128,63,0.5123876929283142,0.03848928213119507
188,5,128,64,0.6934713125228882,0.17960141599178314
188,5,128,65,0.5924344658851624,0.10909401625394821
188,5,128,66,0.5843530893325806,0.07359304279088974
188,5,128,67,0.6676945090293884,0.1182653084397316
188,5,128,68,0.5323281288146973,0.12492486834526062
188,5,128,69,0.4731006622314453,0.047816649079322815
188,5,128,70,0.6190805435180664,0.16597016155719757
188,5,128,71,0.6775180101394653,0.15034717321395874
188,5,128,72,0.559710681438446,0.07174130529165268
188,5,128,73,0.6280002593994141,0.12780672311782837
188,5,128,74,0.3680337965488434,0.14229893684387207
188,5,128,75,0.516653299331665,0.0906357616186142
188,5,128,76,0.5883739590644836,0.0908636525273323
188,5,128,77,0.5471372008323669,0.07999254763126373
188,5,128,78,0.6337695121765137,0.20025604963302612
188,5,128,79,0.5836721062660217,0.21274961531162262
188,5,128,80,0.46788427233695984,0.09094475954771042
188,5,128,81,0.5899806022644043,0.08170109987258911
188,5,128,82,0.4515754282474518,0.07677750289440155
188,5,128,83,0.5278264284133911,0.10106367617845535
188,5,128,84,0.7786160111427307,0.1512426733970642
188,5,128,85,0.6268543004989624,0.20862165093421936
188,5,128,86,0.4796469807624817,0.08940649032592773
188,5,128,87,0.4103017747402191,0.15688398480415344
188,5,128,88,0.5891312956809998,0.08033955097198486
188,5,128,89,0.7513745427131653,0.1206405982375145
188,5,128,90,0.5027979612350464,0.04559776559472084
188,5,128,91,0.5616801977157593,0.0969916507601738
188,5,128,92,0.6637073755264282,0.07431479543447495
188,5,128,93,0.49229153990745544,0.12139365077018738
188,5,128,94,0.4959646761417389,0.0517716221511364
188,5,128,95,0.7382248044013977,0.15888291597366333
188,5,128,96,0.7217521071434021,0.1336810141801834
188,5,128,97,0.7414081692695618,0.1508818417787552
188,5,128,98,0.677850067615509,0.1643528938293457
188,5,128,99,0.7415913939476013,0.15614742040634155
188,5,128,100,0.45528820157051086,0.08434472233057022
188,5,128,101,0.708847165107727,0.1813107132911682
188,5,128,102,0.6524680852890015,0.11768994480371475
188,5,128,103,0.5615173578262329,0.06531833857297897
188,5,128,104,0.5781794786453247,0.15046057105064392
188,5,128,105,0.4250542223453522,0.09798295050859451
188,5,128,106,0.7307775020599365,0.17584162950515747
188,5,128,107,0.6383448243141174,0.09886536747217178
188,5,128,108,0.5300055146217346,0.18214234709739685
188,5,128,109,0.5215597748756409,0.06857188045978546
188,5,128,110,0.6255025863647461,0.06578654795885086
188,5,128,111,0.7171758413314819,0.19585566222667694
188,5,128,112,0.6656209826469421,0.19916410744190216
188,5,128,113,0.7055681943893433,0.15319819748401642
188,5,128,114,0.7312002778053284,0.13582231104373932
188,5,128,115,0.7168912887573242,0.20855489373207092
188,5,128,116,0.6705906391143799,0.09954805672168732
188,5,128,117,0.3791297972202301,0.11900338530540466
188,5,128,118,0.4975936710834503,0.062431298196315765
188,5,128,119,0.5019412636756897,0.06942614167928696
188,5,128,120,0.5476890206336975,0.11966370046138763
188,5,128,121,0.4839085340499878,0.09418097138404846
188,5,128,122,0.7490570545196533,0.13278713822364807
188,5,128,123,0.44379299879074097,0.06510171294212341
188,5,128,124,0.6417275071144104,0.20056377351284027
188,5,128,125,0.5769946575164795,0.17341680824756622
188,5,128,126,0.6811097264289856,0.14333629608154297
188,5,128,127,0.44291195273399353,0.11061133444309235
189,0,32,0,0.46155792474746704,0.08362992852926254
189,0,32,1,0.31002330780029297,0.06381091475486755
189,0,32,2,0.4986075460910797,0.13740503787994385
189,0,32,3,0.3579280972480774,0.07206134498119354
189,0,32,4,0.38369086384773254,0.0926976352930069
189,0,32,5,0.5363560318946838,0.03598785400390625
189,0,32,6,0.45740246772766113,0.05960842967033386
189,0,32,7,0.5167027115821838,0.11562028527259827
189,0,32,8,0.6378241777420044,0.12021499127149582
189,0,32,9,0.3522118031978607,0.06362665444612503
189,0,32,10,0.5549153089523315,0.02020884118974209
189,0,32,11,0.40126869082450867,0.07834585011005402
189,0,32,12,0.33169007301330566,0.10176607966423035
189,0,32,13,0.48279741406440735,0.054072946310043335
189,0,32,14,0.5752986073493958,0.056862641125917435
189,0,32,15,0.4409859776496887,0.02865467220544815
189,0,32,16,0.39027008414268494,0.05204463750123978
189,0,32,17,0.578524649143219,0.020216984674334526
189,0,32,18,0.5041621327400208,0.0384947806596756
189,0,32,19,0.34234419465065,0.06478251516819
189,0,32,20,0.4946350157260895,0.07968001812696457
189,0,32,21,0.49575093388557434,0.0559164360165596
189,0,32,22,0.7137857675552368,0.10243100672960281
189,0,32,23,0.5243478417396545,0.09392445534467697
189,0,32,24,0.5639050006866455,0.02454877272248268
189,0,32,25,0.576287031173706,0.11527404189109802
189,0,32,26,0.36807987093925476,0.07205235958099365
189,0,32,27,0.5582130551338196,0.04956256225705147
189,0,32,28,0.5899820327758789,0.13940683007240295
189,0,32,29,0.558976411819458,0.045817483216524124
189,0,32,30,0.5942713022232056,0.09826654195785522
189,0,32,31,0.39125970005989075,0.04924239218235016
189,1,32,0,0.5604656338691711,0.2312004268169403
189,1,32,1,0.4276426434516907,0.07175473123788834
189,1,32,2,0.500730574131012,0.0882498025894165
189,1,32,3,0.4189910292625427,0.09082755446434021
189,1,32,4,0.4843173623085022,0.0763578712940216
189,1,32,5,0.5015096068382263,0.041789617389440536
189,1,32,6,0.4581802785396576,0.059835776686668396
189,1,32,7,0.5114740133285522,0.09313088655471802
189,1,32,8,0.501553475856781,0.07349064201116562
189,1,32,9,0.5046764612197876,0.07042767107486725
189,1,32,10,0.43238312005996704,0.07240111380815506
189,1,32,11,0.44372236728668213,0.10703601688146591
189,1,32,12,0.3526156544685364,0.12301944941282272
189,1,32,13,0.5995578765869141,0.038668192923069
189,1,32,14,0.6099136471748352,0.0249776728451252
189,1,32,15,0.35740533471107483,0.07612963765859604
189,1,32,16,0.4614045321941376,0.14644202589988708
189,1,32,17,0.3898351788520813,0.08034630864858627
189,1,32,18,0.47261813282966614,0.13669070601463318
189,1,32,19,0.40126168727874756,0.16116440296173096
189,1,32,20,0.4139115512371063,0.11800967901945114
189,1,32,21,0.4830106198787689,0.1253565549850464
189,1,32,22,0.46509021520614624,0.13808324933052063
189,1,32,23,0.46934154629707336,0.08656740933656693
189,1,32,24,0.6375358700752258,0.037682343274354935
189,1,32,25,0.4962334930896759,0.11904759705066681
189,1,32,26,0.46536707878112793,0.14024949073791504
189,1,32,27,0.4470025300979614,0.09877816587686539
189,1,32,28,0.4668550491333008,0.1165638118982315
189,1,32,29,0.5010049939155579,0.10601337999105453
189,1,32,30,0.3868286609649658,0.0684283971786499
189,1,32,31,0.5612624883651733,0.08443466573953629
189,2,64,0,0.5115143060684204,0.09822164475917816
189,2,64,1,0.4320951998233795,0.08788380026817322
189,2,64,2,0.47079238295555115,0.14778698980808258
189,2,64,3,0.3341432809829712,0.09535606950521469
189,2,64,4,0.5199020504951477,0.06617537885904312
189,2,64,5,0.36843374371528625,0.11058471351861954
189,2,64,6,0.5322262048721313,0.11972087621688843
189,2,64,7,0.42598921060562134,0.08619231730699539
189,2,64,8,0.5679990649223328,0.11981064826250076
189,2,64,9,0.38043081760406494,0.13867679238319397
189,2,64,10,0.38842469453811646,0.12103772163391113
189,2,64,11,0.45413854718208313,0.10575161874294281
189,2,64,12,0.4680855870246887,0.08098945766687393
189,2,64,13,0.5349860191345215,0.07106973975896835
189,2,64,14,0.5351668000221252,0.06089123710989952
189,2,64,15,0.5423057675361633,0.06647345423698425
189,2,64,16,0.5318536758422852,0.12675195932388306
189,2,64,17,0.4642719328403473,0.11774252355098724
189,2,64,18,0.4369058907032013,0.06734694540500641
189,2,64,19,0.4982229173183441,0.09402535110712051
189,2,64,20,0.6341161131858826,0.12586361169815063
189,2,64,21,0.6065625548362732,0.0507468581199646
189,2,64,22,0.5122671127319336,0.19496506452560425
189,2,64,23,0.5753400921821594,0.03302844613790512
189,2,64,24,0.5124108791351318,0.11771432310342789
189,2,64,25,0.4263775944709778,0.11662787944078445
189,2,64,26,0.605858564376831,0.14439845085144043
189,2,64,27,0.4782221019268036,0.09241534769535065
189,2,64,28,0.5987216830253601,0.21358276903629303
189,2,64,29,0.4551112949848175,0.09810979664325714
189,2,64,30,0.5746017694473267,0.08838291466236115
189,2,64,31,0.665988028049469,0.0768887847661972
189,2,64,32,0.4636196196079254,0.08150049299001694
189,2,64,33,0.47474977374076843,0.12452512234449387
189,2,64,34,0.6177491545677185,0.07726707309484482
189,2,64,35,0.5387169122695923,0.13748496770858765
189,2,64,36,0.48810654878616333,0.18730348348617554
189,2,64,37,0.604120671749115,0.21273784339427948
189,2,64,38,0.3228335380554199,0.09477471560239792
189,2,64,39,0.5107788443565369,0.14428426325321198
189,2,64,40,0.5119630098342896,0.08140987157821655
189,2,64,41,0.5999231934547424,0.08908748626708984
189,2,64,42,0.5367902517318726,0.09839923679828644
189,2,64,43,0.5650858283042908,0.049771420657634735
189,2,64,44,0.479380339384079,0.13923148810863495
189,2,64,45,0.4797232151031494,0.11645127087831497
189,2,64,46,0.5200028419494629,0.096820168197155
189,2,64,47,0.5473892092704773,0.05443074181675911
189,2,64,48,0.5055820941925049,0.1425808221101761
189,2,64,49,0.5155223608016968,0.06803587824106216
189,2,64,50,0.4651371240615845,0.07400821149349213
189,2,64,51,0.4431783854961395,0.12310866266489029
189,2,64,52,0.633538544178009,0.08085113018751144
189,2,64,53,0.48641395568847656,0.11696571856737137
189,2,64,54,0.5584444999694824,0.07385765016078949
189,2,64,55,0.5168967247009277,0.1216026321053505
189,2,64,56,0.5452907681465149,0.12648865580558777
189,2,64,57,0.3584819734096527,0.09360472857952118
189,2,64,58,0.3305377662181854,0.12331780791282654
189,2,64,59,0.5425484776496887,0.18542946875095367
189,2,64,60,0.6889792084693909,0.08751659095287323
189,2,64,61,0.40698593854904175,0.1305227130651474
189,2,64,62,0.4548889398574829,0.10723758488893509
189,2,64,63,0.4850851893424988,0.08314521610736847
189,3,64,0,0.3075844347476959,0.11848670244216919
189,3,64,1,0.6052912473678589,0.097181536257267
189,3,64,2,0.4859429895877838,0.2610115706920624
189,3,64,3,0.7315139770507812,0.09630509465932846
189,3,64,4,0.5945847630500793,0.17242686450481415
189,3,64,5,0.4831371605396271,0.11953544616699219
189,3,64,6,0.46119415760040283,0.22527118027210236
189,3,64,7,0.3624376058578491,0.14462938904762268
189,3,64,8,0.555756688117981,0.1928190290927887
189,3,64,9,0.6216493248939514,0.11288231611251831
189,3,64,10,0.41375818848609924,0.24014884233474731
189,3,64,11,0.42768344283103943,0.23893143236637115
189,3,64,12,0.4830454885959625,0.12838469445705414
189,3,64,13,0.5060033798217773,0.31430909037590027
189,3,64,14,0.4782792925834656,0.18793442845344543
189,3,64,15,0.5272339582443237,0.19625519216060638
189,3,64,16,0.4824206233024597,0.1850353479385376
189,3,64,17,0.5555282235145569,0.12020717561244965
189,3,64,18,0.41093531250953674,0.18452809751033783
189,3,64,19,0.3394377827644348,0.12388130277395248
189,3,64,20,0.4447576105594635,0.2321833223104477
189,3,64,21,0.35175472497940063,0.10132238268852234
189,3,64,22,0.3795388340950012,0.2853390574455261
189,3,64,23,0.44671890139579773,0.16813963651657104
189,3,64,24,0.2841392457485199,0.14326514303684235
189,3,64,25,0.5668795704841614,0.2713846266269684
189,3,64,26,0.6077502965927124,0.24863244593143463
189,3,64,27,0.5557259917259216,0.13230177760124207
189,3,64,28,0.45065033435821533,0.22531455755233765
189,3,64,29,0.4974847733974457,0.2276797592639923
189,3,64,30,0.5201760530471802,0.23175060749053955
189,3,64,31,0.5421515107154846,0.20478340983390808
189,3,64,32,0.3940334618091583,0.24542146921157837
189,3,64,33,0.6162160038948059,0.14775143563747406
189,3,64,34,0.508807897567749,0.13153591752052307
189,3,64,35,0.419615775346756,0.2474278211593628
189,3,64,36,0.512816846370697,0.2248111367225647
189,3,64,37,0.37418466806411743,0.18795454502105713
189,3,64,38,0.6828819513320923,0.13079242408275604
189,3,64,39,0.3457101285457611,0.16430647671222687
189,3,64,40,0.5751109719276428,0.15555410087108612
189,3,64,41,0.546306848526001,0.1386425644159317
189,3,64,42,0.4548617899417877,0.09607646614313126
189,3,64,43,0.48729223012924194,0.19906699657440186
189,3,64,44,0.5908385515213013,0.15941455960273743
189,3,64,45,0.6193382740020752,0.15701499581336975
189,3,64,46,0.3761488199234009,0.1174459159374237
189,3,64,47,0.3946149945259094,0.10610393434762955
189,3,64,48,0.37708038091659546,0.11932695657014847
189,3,64,49,0.5778996348381042,0.13634954392910004
189,3,64,50,0.528624415397644,0.1866549551486969
189,3,64,51,0.6569731831550598,0.16447825729846954
189,3,64,52,0.5675299167633057,0.24001815915107727
189,3,64,53,0.490845263004303,0.17036686837673187
189,3,64,54,0.4754076302051544,0.18642626702785492
189,3,64,55,0.4643081724643707,0.22853004932403564
189,3,64,56,0.5251011252403259,0.07785464823246002
189,3,64,57,0.5497550964355469,0.19325149059295654
189,3,64,58,0.5157938599586487,0.0754096508026123
189,3,64,59,0.5484481453895569,0.13703303039073944
189,3,64,60,0.4086954891681671,0.18197347223758698
189,3,64,61,0.6127595901489258,0.051359280943870544
189,3,64,62,0.5027613043785095,0.15874436497688293
189,3,64,63,0.5590016841888428,0.11979798972606659
189,4,128,0,0.3580342233181,0.0732937902212143
189,4,128,1,0.700545608997345,0.1943766325712204
189,4,128,2,0.4533124566078186,0.1800522804260254
189,4,128,3,0.5386326909065247,0.125886008143425
189,4,128,4,0.5758401155471802,0.10282053053379059
189,4,128,5,0.2973824441432953,0.14420980215072632
189,4,128,6,0.4598117172718048,0.14354752004146576
189,4,128,7,0.572202205657959,0.11849577724933624
189,4,128,8,0.4482494294643402,0.07438139617443085
189,4,128,9,0.5881299376487732,0.1306248903274536
189,4,128,10,0.46234679222106934,0.12203995883464813
189,4,128,11,0.6227573752403259,0.12799936532974243
189,4,128,12,0.6739696264266968,0.21836750209331512
189,4,128,13,0.3621046543121338,0.2637838125228882
189,4,128,14,0.629808247089386,0.1485598236322403
189,4,128,15,0.6379197239875793,0.23775695264339447
189,4,128,16,0.4414813220500946,0.09557092189788818
189,4,128,17,0.6100530028343201,0.12195634841918945
189,4,128,18,0.45352059602737427,0.1127803698182106
189,4,128,19,0.6964387893676758,0.2092035859823227
189,4,128,20,0.5990145206451416,0.06965333223342896
189,4,128,21,0.4219365119934082,0.12737740576267242
189,4,128,22,0.6403246521949768,0.1765001267194748
189,4,128,23,0.6642016172409058,0.16691772639751434
189,4,128,24,0.5687437653541565,0.23978066444396973
189,4,128,25,0.5117049217224121,0.1931648701429367
189,4,128,26,0.45954424142837524,0.0909687876701355
189,4,128,27,0.4184395670890808,0.14233940839767456
189,4,128,28,0.5399059653282166,0.19222372770309448
189,4,128,29,0.6960259675979614,0.1843237429857254
189,4,128,30,0.5756503939628601,0.06611263006925583
189,4,128,31,0.5397816896438599,0.059798289090394974
189,4,128,32,0.4641776978969574,0.13558295369148254
189,4,128,33,0.730139434337616,0.1826375424861908
189,4,128,34,0.6826153993606567,0.14447830617427826
189,4,128,35,0.4772111177444458,0.16817764937877655
189,4,128,36,0.4409150779247284,0.21123020350933075
189,4,128,37,0.4454117715358734,0.16557377576828003
189,4,128,38,0.4359242618083954,0.12063547968864441
189,4,128,39,0.5159540176391602,0.12921053171157837
189,4,128,40,0.504447877407074,0.23468972742557526
189,4,128,41,0.43004170060157776,0.0815245658159256
189,4,128,42,0.7328919172286987,0.10328768193721771
189,4,128,43,0.5716401934623718,0.2770889103412628
189,4,128,44,0.41332313418388367,0.11496863514184952
189,4,128,45,0.7541084885597229,0.122259221971035
189,4,128,46,0.605148434638977,0.08016280829906464
189,4,128,47,0.5561109185218811,0.174790620803833
189,4,128,48,0.4198949337005615,0.24329540133476257
189,4,128,49,0.44615209102630615,0.20293910801410675
189,4,128,50,0.5537382364273071,0.13234871625900269
189,4,128,51,0.4490147829055786,0.11466719210147858
189,4,128,52,0.5558123588562012,0.09632937610149384
189,4,128,53,0.3632794916629791,0.14786578714847565
189,4,128,54,0.442343145608902,0.13042707741260529
189,4,128,55,0.6576927900314331,0.2582642436027527
189,4,128,56,0.40596649050712585,0.10072455555200577
189,4,128,57,0.5178934335708618,0.14702750742435455
189,4,128,58,0.4194573163986206,0.14539705216884613
189,4,128,59,0.7445943355560303,0.1028679832816124
189,4,128,60,0.49810346961021423,0.2022394835948944
189,4,128,61,0.42011553049087524,0.08126967400312424
189,4,128,62,0.5648679137229919,0.14914608001708984
189,4,128,63,0.39980852603912354,0.24147260189056396
189,4,128,64,0.6468780636787415,0.09405022114515305
189,4,128,65,0.6186460852622986,0.07833752036094666
189,4,128,66,0.32502657175064087,0.13273955881595612
189,4,128,67,0.2701915204524994,0.11723268777132034
189,4,128,68,0.6051068305969238,0.15894944965839386
189,4,128,69,0.7313019037246704,0.1523308902978897
189,4,128,70,0.5666942000389099,0.2050361931324005
189,4,128,71,0.6555830240249634,0.23243361711502075
189,4,128,72,0.6183961033821106,0.19469426572322845
189,4,128,73,0.6041610240936279,0.17922812700271606
189,4,128,74,0.715329110622406,0.1152670606970787
189,4,128,75,0.7429111003875732,0.08882228285074234
189,4,128,76,0.4345720410346985,0.09190887212753296
189,4,128,77,0.44738492369651794,0.07612548023462296
189,4,128,78,0.6332245469093323,0.1423816680908203
189,4,128,79,0.5805916786193848,0.2349439114332199
189,4,128,80,0.5138706564903259,0.18975771963596344
189,4,128,81,0.6984938979148865,0.26439037919044495
189,4,128,82,0.6095536351203918,0.12354954332113266
189,4,128,83,0.35362282395362854,0.10920216888189316
189,4,128,84,0.5041632056236267,0.11617035418748856
189,4,128,85,0.6628395915031433,0.23918674886226654
189,4,128,86,0.5688262581825256,0.1416136622428894
189,4,128,87,0.6871702671051025,0.09191633015871048
189,4,128,88,0.5442492961883545,0.09311976283788681
189,4,128,89,0.40019431710243225,0.11806979775428772
189,4,128,90,0.5628312230110168,0.1778547167778015
189,4,128,91,0.5537248253822327,0.19820305705070496
189,4,128,92,0.6890150904655457,0.19587621092796326
189,4,128,93,0.324621319770813,0.10596585273742676
189,4,128,94,0.49735793471336365,0.15586797893047333
189,4,128,95,0.7134027481079102,0.12546616792678833
189,4,128,96,0.6244993805885315,0.12423569709062576
189,4,128,97,0.5196380019187927,0.15016528964042664
189,4,128,98,0.39593568444252014,0.1801345944404602
189,4,128,99,0.6457586288452148,0.21622401475906372
189,4,128,100,0.6863596439361572,0.13512757420539856
189,4,128,101,0.3552792966365814,0.12406744807958603
189,4,128,102,0.37626680731773376,0.2176252156496048
189,4,128,103,0.5627343058586121,0.0682160034775734
189,4,128,104,0.6552108526229858,0.19012843072414398
189,4,128,105,0.7002763152122498,0.1874190866947174
189,4,128,106,0.6022051572799683,0.08830423653125763
189,4,128,107,0.5052254796028137,0.19789506494998932
189,4,128,108,0.6059701442718506,0.058267734944820404
189,4,128,109,0.6512772440910339,0.1204667016863823
189,4,128,110,0.5442196130752563,0.15429939329624176
189,4,128,111,0.453859806060791,0.1452023983001709
189,4,128,112,0.4575216770172119,0.08460475504398346
189,4,128,113,0.5277149677276611,0.08106929808855057
189,4,128,114,0.37294551730155945,0.24282531440258026
189,4,128,115,0.3473113477230072,0.18568596243858337
189,4,128,116,0.5504888296127319,0.10786216706037521
189,4,128,117,0.37657880783081055,0.18469353020191193
189,4,128,118,0.4164595901966095,0.23341798782348633
189,4,128,119,0.49692025780677795,0.10172898322343826
189,4,128,120,0.37177354097366333,0.20856614410877228
189,4,128,121,0.6559075713157654,0.11721446365118027
189,4,128,122,0.3595200181007385,0.1192210242152214
189,4,128,123,0.5384730696678162,0.129714697599411
189,4,128,124,0.4996436536312103,0.15673212707042694
189,4,128,125,0.5260551571846008,0.14523130655288696
189,4,128,126,0.5253028869628906,0.04544150456786156
189,4,128,127,0.5562676191329956,0.18613319098949432
189,5,128,0,0.5501899719238281,0.04691044241189957
189,5,128,1,0.5444002151489258,0.23653680086135864
189,5,128,2,0.5387017726898193,0.26743122935295105
189,5,128,3,0.6178528070449829,0.08355560153722763
189,5,128,4,0.6874595880508423,0.14411289989948273
189,5,128,5,0.534328043460846,0.11775466054677963
189,5,128,6,0.6572075486183167,0.10547181963920593
189,5,128,7,0.518423318862915,0.07057134807109833
189,5,128,8,0.41077500581741333,0.1613600254058838
189,5,128,9,0.7192535996437073,0.1351112723350525
189,5,128,10,0.41072553396224976,0.14975331723690033
189,5,128,11,0.5090901851654053,0.26134225726127625
189,5,128,12,0.6678759455680847,0.1532687246799469
189,5,128,13,0.7062735557556152,0.14917685091495514
189,5,128,14,0.6052229404449463,0.11747892946004868
189,5,128,15,0.7342426776885986,0.14307816326618195
189,5,128,16,0.5432383418083191,0.21075120568275452
189,5,128,17,0.488275945186615,0.06467418372631073
189,5,128,18,0.48814770579338074,0.25178101658821106
189,5,128,19,0.5527020692825317,0.2885049879550934
189,5,128,20,0.426795095205307,0.21110683679580688
189,5,128,21,0.7482128143310547,0.10871361941099167
189,5,128,22,0.5553377270698547,0.20518770813941956
189,5,128,23,0.4925466477870941,0.2789035439491272
189,5,128,24,0.5407006740570068,0.12752759456634521
189,5,128,25,0.6452457308769226,0.1521138846874237
189,5,128,26,0.5616848468780518,0.24554136395454407
189,5,128,27,0.6017690896987915,0.12121189385652542
189,5,128,28,0.648588240146637,0.11654093861579895
189,5,128,29,0.5806808471679688,0.26661139726638794
189,5,128,30,0.42071759700775146,0.09518074244260788
189,5,128,31,0.6388964653015137,0.1574956476688385
189,5,128,32,0.6093332767486572,0.13342922925949097
189,5,128,33,0.727505624294281,0.1554710865020752
189,5,128,34,0.6865217685699463,0.18298032879829407
189,5,128,35,0.7565096020698547,0.10866132378578186
189,5,128,36,0.6120567917823792,0.0911538153886795
189,5,128,37,0.5742694139480591,0.1809566169977188
189,5,128,38,0.5312080979347229,0.11770961433649063
189,5,128,39,0.6276818513870239,0.10990459471940994
189,5,128,40,0.5749320387840271,0.14954927563667297
189,5,128,41,0.5596996545791626,0.14726576209068298
189,5,128,42,0.6771968603134155,0.1732940822839737
189,5,128,43,0.6405227184295654,0.11011525243520737
189,5,128,44,0.6512755751609802,0.1380513459444046
189,5,128,45,0.6282933950424194,0.14865374565124512
189,5,128,46,0.6928362250328064,0.12468880414962769
189,5,128,47,0.6619144082069397,0.12130936235189438
189,5,128,48,0.6665772199630737,0.1116548553109169
189,5,128,49,0.6975895762443542,0.15482422709465027
189,5,128,50,0.5929376482963562,0.10571441054344177
189,5,128,51,0.5755351185798645,0.2982975244522095
189,5,128,52,0.693487823009491,0.11461759358644485
189,5,128,53,0.527809202671051,0.2737240493297577
189,5,128,54,0.45868393778800964,0.1827247142791748
189,5,128,55,0.5970059633255005,0.22907884418964386
189,5,128,56,0.738054096698761,0.13918359577655792
189,5,128,57,0.46984782814979553,0.11938972026109695
189,5,128,58,0.6075509786605835,0.14197883009910583
189,5,128,59,0.6077247858047485,0.12499068677425385
189,5,128,60,0.594874918460846,0.04361758008599281
189,5,128,61,0.3728164732456207,0.13254553079605103
189,5,128,62,0.4161955416202545,0.19845017790794373
189,5,128,63,0.4486197531223297,0.17318156361579895
189,5,128,64,0.585167407989502,0.10930810123682022
189,5,128,65,0.7082700729370117,0.1415744125843048
189,5,128,66,0.6388033032417297,0.15515901148319244
189,5,128,67,0.48840802907943726,0.076055146753788
189,5,128,68,0.5586438179016113,0.237558513879776
189,5,128,69,0.6798072457313538,0.12421131134033203
189,5,128,70,0.4856060743331909,0.25429871678352356
189,5,128,71,0.6715837717056274,0.13014672696590424
189,5,128,72,0.561872661113739,0.13993602991104126
189,5,128,73,0.579329252243042,0.2501963973045349
189,5,128,74,0.6866931319236755,0.08804582804441452
189,5,128,75,0.5227291584014893,0.3176672160625458
189,5,128,76,0.5459184050559998,0.08711123466491699
189,5,128,77,0.6160150170326233,0.15011513233184814
189,5,128,78,0.5779351592063904,0.1660027951002121
189,5,128,79,0.6147319078445435,0.06814168393611908
189,5,128,80,0.6589374542236328,0.13718773424625397
189,5,128,81,0.7675088047981262,0.11729524284601212
189,5,128,82,0.5739912390708923,0.049418166279792786
189,5,128,83,0.4958118796348572,0.12207887321710587
189,5,128,84,0.6096638441085815,0.1676647812128067
189,5,128,85,0.5180796384811401,0.1886913776397705
189,5,128,86,0.5087408423423767,0.17474274337291718
189,5,128,87,0.6926525235176086,0.12899260222911835
189,5,128,88,0.5440874099731445,0.18482862412929535
189,5,128,89,0.42242687940597534,0.17498847842216492
189,5,128,90,0.5670580267906189,0.2556554079055786
189,5,128,91,0.5633018016815186,0.20572076737880707
189,5,128,92,0.5523207783699036,0.2835417091846466
189,5,128,93,0.5241103768348694,0.2950020432472229
189,5,128,94,0.5931001901626587,0.0985262393951416
189,5,128,95,0.41376736760139465,0.11738909035921097
189,5,128,96,0.5220323801040649,0.2765083611011505
189,5,128,97,0.5041478872299194,0.262492299079895
189,5,128,98,0.6998001337051392,0.10887949913740158
189,5,128,99,0.5781892538070679,0.22262690961360931
189,5,128,100,0.6420151591300964,0.12626540660858154
189,5,128,101,0.7240445613861084,0.12730270624160767
189,5,128,102,0.6817135810852051,0.12415924668312073
189,5,128,103,0.6228508353233337,0.1680394560098648
189,5,128,104,0.5310758948326111,0.2255270630121231
189,5,128,105,0.6777275204658508,0.16427727043628693
189,5,128,106,0.6635137796401978,0.1459875851869583
189,5,128,107,0.681692361831665,0.10939539223909378
189,5,128,108,0.6887289881706238,0.1354132741689682
189,5,128,109,0.614802896976471,0.17264628410339355
189,5,128,110,0.6506280303001404,0.1625206172466278
189,5,128,111,0.5141035318374634,0.1317635178565979
189,5,128,112,0.5451388955116272,0.14217481017112732
189,5,128,113,0.7025665640830994,0.09730987995862961
189,5,128,114,0.5208190679550171,0.04984615370631218
189,5,128,115,0.4039653539657593,0.12121521681547165
189,5,128,116,0.5404638648033142,0.2621830105781555
189,5,128,117,0.6703998446464539,0.07322320342063904
189,5,128,118,0.6851925849914551,0.14701268076896667
189,5,128,119,0.5529679656028748,0.2967391908168793
189,5,128,120,0.6624305844306946,0.10968654602766037
189,5,128,121,0.6666034460067749,0.0990404337644577
189,5,128,122,0.5015522837638855,0.2619384825229645
189,5,128,123,0.6481902599334717,0.10909353941679001
189,5,128,124,0.5715794563293457,0.21822917461395264
189,5,128,125,0.45788440108299255,0.24054354429244995
189,5,128,126,0.6543096303939819,0.17749126255512238
189,5,128,127,0.708153247833252,0.12305744737386703
190,0,32,0,0.48204344511032104,0.08598637580871582
190,0,32,1,0.45850521326065063,0.05117299407720566
190,0,32,2,0.3722240924835205,0.08049210160970688
190,0,32,3,0.39351674914360046,0.06793726235628128
190,0,32,4,0.4469495415687561,0.07303685694932938
190,0,32,5,0.5440174341201782,0.07155138999223709
190,0,32,6,0.3521502912044525,0.06126800924539566
190,0,32,7,0.41779521107673645,0.08259479701519012
190,0,32,8,0.39997953176498413,0.047638945281505585
190,0,32,9,0.4049893617630005,0.07776519656181335
190,0,32,10,0.4843984544277191,0.08572229743003845
190,0,32,11,0.49277642369270325,0.038811296224594116
190,0,32,12,0.6039424538612366,0.09608043730258942
190,0,32,13,0.5141769647598267,0.09607114642858505
190,0,32,14,0.5656681656837463,0.11985970288515091
190,0,32,15,0.4794481098651886,0.12738703191280365
190,0,32,16,0.5484986305236816,0.07430069893598557
190,0,32,17,0.5209006071090698,0.10117709636688232
190,0,32,18,0.4399169683456421,0.1416821926832199
190,0,32,19,0.5359616279602051,0.054996561259031296
190,0,32,20,0.4281271994113922,0.06359373778104782
190,0,32,21,0.4185841977596283,0.06116654723882675
190,0,32,22,0.5033069252967834,0.08928009867668152
190,0,32,23,0.46078765392303467,0.06350334733724594
190,0,32,24,0.5284165143966675,0.11441268771886826
190,0,32,25,0.43500444293022156,0.08939125388860703
190,0,32,26,0.5121597647666931,0.10550841689109802
190,0,32,27,0.5296164155006409,0.10871587693691254
190,0,32,28,0.405652791261673,0.11507412791252136
190,0,32,29,0.4016517400741577,0.10732894390821457
190,0,32,30,0.3548992872238159,0.08383765071630478
190,0,32,31,0.34341275691986084,0.0519302561879158
190,1,32,0,0.6819827556610107,0.1484774947166443
190,1,32,1,0.5152841806411743,0.10172917693853378
190,1,32,2,0.39541375637054443,0.13111555576324463
190,1,32,3,0.28617769479751587,0.11252275854349136
190,1,32,4,0.6666451692581177,0.10366768389940262
190,1,32,5,0.5007125735282898,0.08237142115831375
190,1,32,6,0.36074650287628174,0.12031123042106628
190,1,32,7,0.5754165053367615,0.12606434524059296
190,1,32,8,0.4752669930458069,0.09398992359638214
190,1,32,9,0.5107133984565735,0.13748344779014587
190,1,32,10,0.4100024700164795,0.17036192119121552
190,1,32,11,0.3966391682624817,0.1701040416955948
190,1,32,12,0.4015346169471741,0.1581842005252838
190,1,32,13,0.5618677139282227,0.11896210163831711
190,1,32,14,0.5586806535720825,0.15638813376426697
190,1,32,15,0.663954496383667,0.1411614716053009
190,1,32,16,0.5556350350379944,0.14789828658103943
190,1,32,17,0.3181707262992859,0.13235332071781158
190,1,32,18,0.35200968384742737,0.1018064096570015
190,1,32,19,0.6314808130264282,0.12434976547956467
190,1,32,20,0.4158831238746643,0.12234530597925186
190,1,32,21,0.38429176807403564,0.08757271617650986
190,1,32,22,0.4753299653530121,0.06243608891963959
190,1,32,23,0.42375269532203674,0.10366560518741608
190,1,32,24,0.4915774166584015,0.06199561804533005
190,1,32,25,0.39127132296562195,0.16880373656749725
190,1,32,26,0.35516825318336487,0.10574816912412643
190,1,32,27,0.44120585918426514,0.11150390654802322
190,1,32,28,0.45014747977256775,0.13377031683921814
190,1,32,29,0.5355615019798279,0.10446951538324356
190,1,32,30,0.34287741780281067,0.09399235993623734
190,1,32,31,0.49928563833236694,0.18485139310359955
190,2,64,0,0.4596458971500397,0.11447490006685257
190,2,64,1,0.6395803689956665,0.16072358191013336
190,2,64,2,0.43018993735313416,0.1508961319923401
190,2,64,3,0.6190187931060791,0.19495564699172974
190,2,64,4,0.48907706141471863,0.14561626315116882
190,2,64,5,0.46906808018684387,0.21431134641170502
190,2,64,6,0.4076610505580902,0.14048562943935394
190,2,64,7,0.5115022659301758,0.17196375131607056
190,2,64,8,0.5966988801956177,0.15521784126758575
190,2,64,9,0.45633769035339355,0.09066739678382874
190,2,64,10,0.5943718552589417,0.08502095192670822
190,2,64,11,0.4178733825683594,0.13635313510894775
190,2,64,12,0.6576623320579529,0.16852234303951263
190,2,64,13,0.47929465770721436,0.25516730546951294
190,2,64,14,0.5514315366744995,0.211735337972641
190,2,64,15,0.5440964698791504,0.23263081908226013
190,2,64,16,0.7041441202163696,0.16543371975421906
190,2,64,17,0.37738507986068726,0.18445661664009094
190,2,64,18,0.3833079934120178,0.21580684185028076
190,2,64,19,0.49637967348098755,0.14051903784275055
190,2,64,20,0.36009442806243896,0.180867999792099
190,2,64,21,0.5084120035171509,0.10092101246118546
190,2,64,22,0.5492028594017029,0.24407970905303955
190,2,64,23,0.5826492309570312,0.17019274830818176
190,2,64,24,0.4149060547351837,0.1656375676393509
190,2,64,25,0.5862337350845337,0.13742834329605103
190,2,64,26,0.5428293943405151,0.22181786596775055
190,2,64,27,0.5538516044616699,0.12533432245254517
190,2,64,28,0.4738728702068329,0.1863221675157547
190,2,64,29,0.49097248911857605,0.23881588876247406
190,2,64,30,0.5437944531440735,0.2521897256374359
190,2,64,31,0.5392599105834961,0.11660633981227875
190,2,64,32,0.5128992795944214,0.20958152413368225
190,2,64,33,0.5533230304718018,0.2472706139087677
190,2,64,34,0.35976409912109375,0.17087040841579437
190,2,64,35,0.33656880259513855,0.1600448340177536
190,2,64,36,0.6092889308929443,0.1804419457912445
190,2,64,37,0.5736020803451538,0.12728264927864075
190,2,64,38,0.7300007343292236,0.15391163527965546
190,2,64,39,0.5864302515983582,0.1709250807762146
190,2,64,40,0.6315626502037048,0.19580616056919098
190,2,64,41,0.53292316198349,0.18821623921394348
190,2,64,42,0.44503310322761536,0.22221113741397858
190,2,64,43,0.6051016449928284,0.13492292165756226
190,2,64,44,0.545073390007019,0.29388949275016785
190,2,64,45,0.6367052793502808,0.21739624440670013
190,2,64,46,0.4297422468662262,0.2693935036659241
190,2,64,47,0.40078526735305786,0.2522260546684265
190,2,64,48,0.5408163666725159,0.1794929802417755
190,2,64,49,0.6110177636146545,0.08559579402208328
190,2,64,50,0.5617246031761169,0.18944896757602692
190,2,64,51,0.6316863894462585,0.1613479107618332
190,2,64,52,0.304695725440979,0.1138729378581047
190,2,64,53,0.4206382930278778,0.17984043061733246
190,2,64,54,0.5202135443687439,0.21194680035114288
190,2,64,55,0.6767971515655518,0.14163464307785034
190,2,64,56,0.49018043279647827,0.1674882024526596
190,2,64,57,0.42984485626220703,0.15746934711933136
190,2,64,58,0.5423772931098938,0.2443021535873413
190,2,64,59,0.3530133366584778,0.1326209157705307
190,2,64,60,0.4485357105731964,0.13459517061710358
190,2,64,61,0.5139142274856567,0.17048366367816925
190,2,64,62,0.5817824602127075,0.18493327498435974
190,2,64,63,0.5731515288352966,0.21826328337192535
190,3,64,0,0.4674537479877472,0.09189096838235855
190,3,64,1,0.4008834958076477,0.167345330119133
190,3,64,2,0.5046424269676208,0.1354932337999344
190,3,64,3,0.5418330430984497,0.23957131803035736
190,3,64,4,0.5565839409828186,0.17041179537773132
190,3,64,5,0.6751905083656311,0.09486106783151627
190,3,64,6,0.4147849977016449,0.16460086405277252
190,3,64,7,0.582487940788269,0.2445858120918274
190,3,64,8,0.6464319229125977,0.21634569764137268
190,3,64,9,0.36816948652267456,0.07284802943468094
190,3,64,10,0.5646510124206543,0.12803331017494202
190,3,64,11,0.42097702622413635,0.2116621732711792
190,3,64,12,0.5984022617340088,0.2559542655944824
190,3,64,13,0.46932247281074524,0.1252429336309433
190,3,64,14,0.5361323356628418,0.2944733202457428
190,3,64,15,0.5169389247894287,0.12362212687730789
190,3,64,16,0.393398642539978,0.098704032599926
190,3,64,17,0.2432737648487091,0.09975554049015045
190,3,64,18,0.4579090178012848,0.2043621689081192
190,3,64,19,0.3752846121788025,0.11101054400205612
190,3,64,20,0.353339821100235,0.292067289352417
190,3,64,21,0.6648408770561218,0.08476580679416656
190,3,64,22,0.6609974503517151,0.0663532167673111
190,3,64,23,0.38915038108825684,0.13117942214012146
190,3,64,24,0.4074726402759552,0.19256532192230225
190,3,64,25,0.5488772392272949,0.23901937901973724
190,3,64,26,0.5882173776626587,0.2882116436958313
190,3,64,27,0.5719180107116699,0.08796431869268417
190,3,64,28,0.46895354986190796,0.23984739184379578
190,3,64,29,0.4180165231227875,0.08094783872365952
190,3,64,30,0.6527513265609741,0.053316447883844376
190,3,64,31,0.44905292987823486,0.19241826236248016
190,3,64,32,0.3280845582485199,0.16594168543815613
190,3,64,33,0.5171353220939636,0.13581858575344086
190,3,64,34,0.5035600066184998,0.24628117680549622
190,3,64,35,0.5356301069259644,0.05340512469410896
190,3,64,36,0.5648660063743591,0.2950654625892639
190,3,64,37,0.39087024331092834,0.23991405963897705
190,3,64,38,0.46791672706604004,0.15305757522583008
190,3,64,39,0.5554697513580322,0.05993633344769478
190,3,64,40,0.6110032200813293,0.12503798305988312
190,3,64,41,0.6374579668045044,0.08395976573228836
190,3,64,42,0.4911400079727173,0.10104143619537354
190,3,64,43,0.5278967618942261,0.10129694640636444
190,3,64,44,0.2987705171108246,0.12194598466157913
190,3,64,45,0.5316576957702637,0.23535843193531036
190,3,64,46,0.5926104784011841,0.06980372965335846
190,3,64,47,0.38887110352516174,0.2583974599838257
190,3,64,48,0.5904055833816528,0.08619295805692673
190,3,64,49,0.5394806265830994,0.1581098735332489
190,3,64,50,0.3695467412471771,0.1847054362297058
190,3,64,51,0.3953125774860382,0.12749595940113068
190,3,64,52,0.6138938665390015,0.0842188224196434
190,3,64,53,0.4241587221622467,0.1571468859910965
190,3,64,54,0.5931881070137024,0.2699167728424072
190,3,64,55,0.5826252698898315,0.05166234076023102
190,3,64,56,0.6309791207313538,0.1345432549715042
190,3,64,57,0.2304060012102127,0.08574900776147842
190,3,64,58,0.4809683859348297,0.10425166040658951
190,3,64,59,0.5747395157814026,0.05149637907743454
190,3,64,60,0.3733752369880676,0.2524254322052002
190,3,64,61,0.6945139765739441,0.09037713706493378
190,3,64,62,0.5581082105636597,0.2578892409801483
190,3,64,63,0.41030701994895935,0.13036353886127472
190,4,128,0,0.44660887122154236,0.23456446826457977
190,4,128,1,0.6174708008766174,0.21365180611610413
190,4,128,2,0.5207180380821228,0.24908825755119324
190,4,128,3,0.46984684467315674,0.20442558825016022
190,4,128,4,0.4669770300388336,0.22905738651752472
190,4,128,5,0.6469808220863342,0.06912433356046677
190,4,128,6,0.4917793869972229,0.223770409822464
190,4,128,7,0.5868343710899353,0.08014409244060516
190,4,128,8,0.49699029326438904,0.15078133344650269
190,4,128,9,0.48668086528778076,0.16681087017059326
190,4,128,10,0.5469890236854553,0.1722724288702011
190,4,128,11,0.36958423256874084,0.12343089282512665
190,4,128,12,0.4818980395793915,0.12473267316818237
190,4,128,13,0.46060439944267273,0.24456188082695007
190,4,128,14,0.48968639969825745,0.09661561250686646
190,4,128,15,0.44870805740356445,0.22212305665016174
190,4,128,16,0.735663652420044,0.08845378458499908
190,4,128,17,0.4989091753959656,0.20276807248592377
190,4,128,18,0.5681648850440979,0.27123960852622986
190,4,128,19,0.6942440271377563,0.09566178172826767
190,4,128,20,0.6789813041687012,0.10989674180746078
190,4,128,21,0.5194489359855652,0.2560972571372986
190,4,128,22,0.5080928206443787,0.20079268515110016
190,4,128,23,0.3355472683906555,0.14107556641101837
190,4,128,24,0.4471246004104614,0.12350326776504517
190,4,128,25,0.4630226790904999,0.15182676911354065
190,4,128,26,0.5451364517211914,0.21550211310386658
190,4,128,27,0.5965327024459839,0.10396447032690048
190,4,128,28,0.657173216342926,0.10380328446626663
190,4,128,29,0.4331873059272766,0.10191608220338821
190,4,128,30,0.5976826548576355,0.16436897218227386
190,4,128,31,0.3604200482368469,0.08792011439800262
190,4,128,32,0.7476277351379395,0.08853845298290253
190,4,128,33,0.6079655885696411,0.10495922714471817
190,4,128,34,0.5175492763519287,0.10547801107168198
190,4,128,35,0.5908113718032837,0.2773498594760895
190,4,128,36,0.5774319767951965,0.15979738533496857
190,4,128,37,0.5067183971405029,0.1605233997106552
190,4,128,38,0.4535839855670929,0.15288382768630981
190,4,128,39,0.477697491645813,0.23927205801010132
190,4,128,40,0.5957307815551758,0.16415806114673615
190,4,128,41,0.4432615339756012,0.05740957334637642
190,4,128,42,0.5861453413963318,0.06417857110500336
190,4,128,43,0.6680989265441895,0.08854392170906067
190,4,128,44,0.7063576579093933,0.10903408378362656
190,4,128,45,0.5495219230651855,0.08595018833875656
190,4,128,46,0.4948643743991852,0.20741674304008484
190,4,128,47,0.3292624354362488,0.11137407273054123
190,4,128,48,0.5469070076942444,0.1170271635055542
190,4,128,49,0.508192777633667,0.18262343108654022
190,4,128,50,0.5632782578468323,0.21357369422912598
190,4,128,51,0.5726344585418701,0.09330499917268753
190,4,128,52,0.437877893447876,0.0917736142873764
190,4,128,53,0.4924747943878174,0.19058209657669067
190,4,128,54,0.465526819229126,0.24238327145576477
190,4,128,55,0.680448591709137,0.10189010947942734
190,4,128,56,0.6066597700119019,0.1208692342042923
190,4,128,57,0.5231653451919556,0.048197969794273376
190,4,128,58,0.5118621587753296,0.19120393693447113
190,4,128,59,0.46969497203826904,0.18676725029945374
190,4,128,60,0.5576271414756775,0.26034513115882874
190,4,128,61,0.49132707715034485,0.16865111887454987
190,4,128,62,0.6477704048156738,0.18186089396476746
190,4,128,63,0.444282591342926,0.15883313119411469
190,4,128,64,0.30997949838638306,0.14770236611366272
190,4,128,65,0.5083138942718506,0.13229607045650482
190,4,128,66,0.5550159811973572,0.29233190417289734
190,4,128,67,0.5060313940048218,0.05499158799648285
190,4,128,68,0.4186389148235321,0.27863064408302307
190,4,128,69,0.5405740737915039,0.21661530435085297
190,4,128,70,0.5650529265403748,0.10645925998687744
190,4,128,71,0.41688039898872375,0.2997508943080902
190,4,128,72,0.5494542121887207,0.21118682622909546
190,4,128,73,0.5274394750595093,0.12388825416564941
190,4,128,74,0.5549075603485107,0.16363951563835144
190,4,128,75,0.5379346609115601,0.21121780574321747
190,4,128,76,0.4644163250923157,0.2314269244670868
190,4,128,77,0.552013099193573,0.2732284367084503
190,4,128,78,0.4313602149486542,0.15184707939624786
190,4,128,79,0.44823408126831055,0.25174495577812195
190,4,128,80,0.5686166882514954,0.16575320065021515
190,4,128,81,0.5094600915908813,0.062315668910741806
190,4,128,82,0.4103344678878784,0.24135175347328186
190,4,128,83,0.5147656798362732,0.2532843351364136
190,4,128,84,0.6247042417526245,0.11454632878303528
190,4,128,85,0.5595736503601074,0.14967414736747742
190,4,128,86,0.7470976710319519,0.09431906789541245
190,4,128,87,0.4861006438732147,0.22796855866909027
190,4,128,88,0.4602051377296448,0.28260213136672974
190,4,128,89,0.4029935300350189,0.12394128739833832
190,4,128,90,0.4603038728237152,0.1341141015291214
190,4,128,91,0.44862887263298035,0.20612245798110962
190,4,128,92,0.5450791716575623,0.16626518964767456
190,4,128,93,0.5296390056610107,0.1355339139699936
190,4,128,94,0.5524243116378784,0.16656698286533356
190,4,128,95,0.5511971712112427,0.2651579678058624
190,4,128,96,0.5764049291610718,0.08759721368551254
190,4,128,97,0.44099605083465576,0.1615898758172989
190,4,128,98,0.5760435461997986,0.07688240706920624
190,4,128,99,0.4129297137260437,0.09055124223232269
190,4,128,100,0.526607096195221,0.21348746120929718
190,4,128,101,0.47854676842689514,0.12213202565908432
190,4,128,102,0.4932783842086792,0.1339680701494217
190,4,128,103,0.46834123134613037,0.22558720409870148
190,4,128,104,0.5644789338111877,0.13726897537708282
190,4,128,105,0.45715299248695374,0.12007924169301987
190,4,128,106,0.5486961603164673,0.13476556539535522
190,4,128,107,0.5373308062553406,0.24643658101558685
190,4,128,108,0.5702618360519409,0.15918710827827454
190,4,128,109,0.4497484862804413,0.2560424506664276
190,4,128,110,0.4338914752006531,0.1385386437177658
190,4,128,111,0.4799147844314575,0.13608603179454803
190,4,128,112,0.363572895526886,0.06995274871587753
190,4,128,113,0.4957956075668335,0.23406854271888733
190,4,128,114,0.47015562653541565,0.11657874286174774
190,4,128,115,0.4707314074039459,0.12054210156202316
190,4,128,116,0.6533250212669373,0.11354193091392517
190,4,128,117,0.5534629225730896,0.10665661096572876
190,4,128,118,0.5315988063812256,0.27100372314453125
190,4,128,119,0.5951060652732849,0.08925444632768631
190,4,128,120,0.3885795772075653,0.18343183398246765
190,4,128,121,0.48891976475715637,0.2001056969165802
190,4,128,122,0.43352699279785156,0.09052318334579468
190,4,128,123,0.4515382945537567,0.08316907286643982
190,4,128,124,0.46767693758010864,0.09387560933828354
190,4,128,125,0.4526362419128418,0.20466400682926178
190,4,128,126,0.5590027570724487,0.23943011462688446
190,4,128,127,0.4228159785270691,0.15701235830783844
190,5,128,0,0.40720099210739136,0.19533351063728333
190,5,128,1,0.6200106143951416,0.25111907720565796
190,5,128,2,0.7050866484642029,0.1600589007139206
190,5,128,3,0.7489451766014099,0.1525532305240631
190,5,128,4,0.3524494767189026,0.08285702019929886
190,5,128,5,0.6012107729911804,0.19072429835796356
190,5,128,6,0.658437192440033,0.25245994329452515
190,5,128,7,0.7715059518814087,0.11750821024179459
190,5,128,8,0.683795154094696,0.0891093984246254
190,5,128,9,0.6232288479804993,0.11451993882656097
190,5,128,10,0.6350226402282715,0.21543249487876892
190,5,128,11,0.6498650908470154,0.22193412482738495
190,5,128,12,0.6627156734466553,0.21585820615291595
190,5,128,13,0.7847353219985962,0.17299173772335052
190,5,128,14,0.5581730008125305,0.17895720899105072
190,5,128,15,0.7344673275947571,0.24325333535671234
190,5,128,16,0.5099784135818481,0.2129235863685608
190,5,128,17,0.8339669108390808,0.11160186678171158
190,5,128,18,0.4794439971446991,0.15936461091041565
190,5,128,19,0.844100832939148,0.11700084805488586
190,5,128,20,0.6945152878761292,0.11394891887903214
190,5,128,21,0.5480881333351135,0.15051956474781036
190,5,128,22,0.5235476493835449,0.07350624352693558
190,5,128,23,0.5196714401245117,0.21280373632907867
190,5,128,24,0.6841615438461304,0.13078251481056213
190,5,128,25,0.6273704171180725,0.15539900958538055
190,5,128,26,0.44434690475463867,0.2508464753627777
190,5,128,27,0.5510779023170471,0.07944929599761963
190,5,128,28,0.5398039221763611,0.21444328129291534
190,5,128,29,0.7785851359367371,0.13423709571361542
190,5,128,30,0.6324421763420105,0.11343218386173248
190,5,128,31,0.690250813961029,0.13330961763858795
190,5,128,32,0.7243248224258423,0.1513637900352478
190,5,128,33,0.7210832834243774,0.15872040390968323
190,5,128,34,0.6319206357002258,0.10614985227584839
190,5,128,35,0.6430672407150269,0.18461649119853973
190,5,128,36,0.6153730750083923,0.17157897353172302
190,5,128,37,0.7643629312515259,0.19728313386440277
190,5,128,38,0.8334481120109558,0.13079503178596497
190,5,128,39,0.8134505152702332,0.150551438331604
190,5,128,40,0.6692514419555664,0.1743856519460678
190,5,128,41,0.671910285949707,0.11368878185749054
190,5,128,42,0.7920308709144592,0.13943305611610413
190,5,128,43,0.4989871680736542,0.2649514377117157
190,5,128,44,0.6958434581756592,0.14363901317119598
190,5,128,45,0.6983767151832581,0.16929928958415985
190,5,128,46,0.5472307205200195,0.2481376975774765
190,5,128,47,0.6863256692886353,0.11151662468910217
190,5,128,48,0.8028168678283691,0.13204394280910492
190,5,128,49,0.7645203471183777,0.2136262208223343
190,5,128,50,0.6029596924781799,0.16539722681045532
190,5,128,51,0.5660436749458313,0.23855070769786835
190,5,128,52,0.5164488554000854,0.2994690239429474
190,5,128,53,0.6827523708343506,0.10697692632675171
190,5,128,54,0.8115777373313904,0.12680454552173615
190,5,128,55,0.8140361309051514,0.11248475313186646
190,5,128,56,0.777978777885437,0.13768519461154938
190,5,128,57,0.681254506111145,0.27439215779304504
190,5,128,58,0.5373380780220032,0.22216646373271942
190,5,128,59,0.5143289566040039,0.2237720936536789
190,5,128,60,0.693289041519165,0.2038734406232834
190,5,128,61,0.7145414352416992,0.15413428843021393
190,5,128,62,0.6650103330612183,0.12840841710567474
190,5,128,63,0.6270555853843689,0.1661098301410675
190,5,128,64,0.5005127787590027,0.12596529722213745
190,5,128,65,0.7041425108909607,0.11757903546094894
190,5,128,66,0.8122761845588684,0.1092025637626648
190,5,128,67,0.6072350740432739,0.17901821434497833
190,5,128,68,0.49577921628952026,0.22782078385353088
190,5,128,69,0.7954039573669434,0.13621068000793457
190,5,128,70,0.6578308343887329,0.15474529564380646
190,5,128,71,0.5932517647743225,0.297268807888031
190,5,128,72,0.7820129990577698,0.18493174016475677
190,5,128,73,0.6589584350585938,0.19727133214473724
190,5,128,74,0.8203614950180054,0.12212196737527847
190,5,128,75,0.3330654501914978,0.15385250747203827
190,5,128,76,0.7367193698883057,0.18471376597881317
190,5,128,77,0.8204113245010376,0.1158793494105339
190,5,128,78,0.4358717203140259,0.06099432706832886
190,5,128,79,0.5581525564193726,0.15119437873363495
190,5,128,80,0.6739768385887146,0.22696398198604584
190,5,128,81,0.6365177035331726,0.19020919501781464
190,5,128,82,0.7711545825004578,0.17011785507202148
190,5,128,83,0.8222694396972656,0.11157454550266266
190,5,128,84,0.6864648461341858,0.11023098975419998
190,5,128,85,0.5703312754631042,0.287298321723938
190,5,128,86,0.6430505514144897,0.27675461769104004
190,5,128,87,0.5977524518966675,0.19580256938934326
190,5,128,88,0.6195893883705139,0.20802992582321167
190,5,128,89,0.6051042079925537,0.18335647881031036
190,5,128,90,0.7926565408706665,0.1213914230465889
190,5,128,91,0.7276760339736938,0.1365513950586319
190,5,128,92,0.603520929813385,0.1845335066318512
190,5,128,93,0.424651563167572,0.1946418732404709
190,5,128,94,0.4878462553024292,0.2557104229927063
190,5,128,95,0.7236798405647278,0.14155982434749603
190,5,128,96,0.5722894072532654,0.2567512094974518
190,5,128,97,0.649853527545929,0.13947047293186188
190,5,128,98,0.6441404223442078,0.1438269317150116
190,5,128,99,0.6372073292732239,0.1982557624578476
190,5,128,100,0.7338477969169617,0.19196029007434845
190,5,128,101,0.6700353622436523,0.11054268479347229
190,5,128,102,0.5770649313926697,0.21757186949253082
190,5,128,103,0.4741131067276001,0.20145978033542633
190,5,128,104,0.7665597796440125,0.14252501726150513
190,5,128,105,0.6040764451026917,0.24191175401210785
190,5,128,106,0.6781887412071228,0.15601862967014313
190,5,128,107,0.7431547045707703,0.09773249179124832
190,5,128,108,0.7961583137512207,0.11713656783103943
190,5,128,109,0.5864572525024414,0.21789632737636566
190,5,128,110,0.6122673153877258,0.18928244709968567
190,5,128,111,0.4920407235622406,0.10954578965902328
190,5,128,112,0.608085036277771,0.12522798776626587
190,5,128,113,0.766527533531189,0.1567772924900055
190,5,128,114,0.8251476287841797,0.11346130073070526
190,5,128,115,0.6473591327667236,0.1185702309012413
190,5,128,116,0.6771909594535828,0.2509140968322754
190,5,128,117,0.7616716623306274,0.1720912754535675
190,5,128,118,0.7895644307136536,0.17873790860176086
190,5,128,119,0.7408334016799927,0.17932212352752686
190,5,128,120,0.6976345777511597,0.16405156254768372
190,5,128,121,0.6990110874176025,0.1696908324956894
190,5,128,122,0.621661365032196,0.21158994734287262
190,5,128,123,0.7480195164680481,0.15133295953273773
190,5,128,124,0.5813517570495605,0.18060307204723358
190,5,128,125,0.6333776116371155,0.15311016142368317
190,5,128,126,0.5064734816551208,0.2817762792110443
190,5,128,127,0.6050758957862854,0.0956554040312767
191,0,32,0,0.5534767508506775,0.055728133767843246
191,0,32,1,0.5663209557533264,0.04511355236172676
191,0,32,2,0.5335308313369751,0.08799469470977783
191,0,32,3,0.5695267915725708,0.042580604553222656
191,0,32,4,0.480838418006897,0.054495979100465775
191,0,32,5,0.5609014630317688,0.03311557695269585
191,0,32,6,0.393156498670578,0.10590419918298721
191,0,32,7,0.3544837236404419,0.0895245224237442
191,0,32,8,0.3833141028881073,0.05853179842233658
191,0,32,9,0.4072677195072174,0.08269070088863373
191,0,32,10,0.5606788396835327,0.04956692457199097
191,0,32,11,0.3705318570137024,0.09671793133020401
191,0,32,12,0.5817886590957642,0.12280657142400742
191,0,32,13,0.45653441548347473,0.04948444291949272
191,0,32,14,0.33739590644836426,0.09519536048173904
191,0,32,15,0.4273160398006439,0.01618408039212227
191,0,32,16,0.4682411551475525,0.16526949405670166
191,0,32,17,0.41073110699653625,0.06505103409290314
191,0,32,18,0.5953727960586548,0.039513856172561646
191,0,32,19,0.5320424437522888,0.082181915640831
191,0,32,20,0.5282752513885498,0.06454132497310638
191,0,32,21,0.5358970761299133,0.07757175713777542
191,0,32,22,0.6462826728820801,0.1042524129152298
191,0,32,23,0.3119639754295349,0.10166771709918976
191,0,32,24,0.5188707709312439,0.05762162804603577
191,0,32,25,0.7041276097297668,0.0973193421959877
191,0,32,26,0.49888792634010315,0.09866981208324432
191,0,32,27,0.568286657333374,0.10442713648080826
191,0,32,28,0.4419137239456177,0.04651106148958206
191,0,32,29,0.41299429535865784,0.03994646668434143
191,0,32,30,0.4471225440502167,0.0753413513302803
191,0,32,31,0.47227171063423157,0.08828030526638031
191,1,32,0,0.4068407118320465,0.08998618274927139
191,1,32,1,0.48650455474853516,0.0783224105834961
191,1,32,2,0.5822499990463257,0.056421246379613876
191,1,32,3,0.4470328986644745,0.1301126331090927
191,1,32,4,0.5600957274436951,0.09167170524597168
191,1,32,5,0.5298951268196106,0.09378310292959213
191,1,32,6,0.6121495366096497,0.10629420727491379
191,1,32,7,0.40766313672065735,0.10627373307943344
191,1,32,8,0.28933611512184143,0.07484672218561172
191,1,32,9,0.4694053828716278,0.15044449269771576
191,1,32,10,0.39202409982681274,0.17797084152698517
191,1,32,11,0.4054594039916992,0.0861324742436409
191,1,32,12,0.45153799653053284,0.10239879041910172
191,1,32,13,0.3476085364818573,0.037649691104888916
191,1,32,14,0.37918272614479065,0.08124401420354843
191,1,32,15,0.7132484316825867,0.08203050494194031
191,1,32,16,0.49647095799446106,0.10333454608917236
191,1,32,17,0.48601141571998596,0.08995877951383591
191,1,32,18,0.4941946268081665,0.11462303251028061
191,1,32,19,0.3824883699417114,0.08420456945896149
191,1,32,20,0.48567894101142883,0.08871982991695404
191,1,32,21,0.5151951313018799,0.06363672018051147
191,1,32,22,0.5139977931976318,0.08188129961490631
191,1,32,23,0.6617726683616638,0.09194670617580414
191,1,32,24,0.40871545672416687,0.12390254437923431
191,1,32,25,0.5565823316574097,0.22457355260849
191,1,32,26,0.5833224058151245,0.1330077052116394
191,1,32,27,0.5128975510597229,0.029492028057575226
191,1,32,28,0.36513903737068176,0.10913041979074478
191,1,32,29,0.42487287521362305,0.12922002375125885
191,1,32,30,0.42546385526657104,0.1272503137588501
191,1,32,31,0.6338291764259338,0.056951362639665604
191,2,64,0,0.5791087746620178,0.05964810401201248
191,2,64,1,0.4941020905971527,0.07562931627035141
191,2,64,2,0.5810031890869141,0.10297596454620361
191,2,64,3,0.5855908989906311,0.06182076036930084
191,2,64,4,0.6577816605567932,0.15552683174610138
191,2,64,5,0.34083113074302673,0.1351919025182724
191,2,64,6,0.4021624028682709,0.1599421501159668
191,2,64,7,0.7237363457679749,0.1281227469444275
191,2,64,8,0.47867879271507263,0.16085584461688995
191,2,64,9,0.3885849416255951,0.10229013860225677
191,2,64,10,0.5280451774597168,0.11439081281423569
191,2,64,11,0.4113413393497467,0.0989232137799263
191,2,64,12,0.4416626989841461,0.08858835697174072
191,2,64,13,0.5173749923706055,0.1142885833978653
191,2,64,14,0.4643195867538452,0.15897706151008606
191,2,64,15,0.5435047745704651,0.12430473417043686
191,2,64,16,0.39153891801834106,0.18229646980762482
191,2,64,17,0.4295831322669983,0.07127204537391663
191,2,64,18,0.5893157720565796,0.09143150597810745
191,2,64,19,0.561074435710907,0.10892331600189209
191,2,64,20,0.5889703631401062,0.139611154794693
191,2,64,21,0.6089635491371155,0.11554867029190063
191,2,64,22,0.5839667916297913,0.1109093725681305
191,2,64,23,0.5086503624916077,0.07840929180383682
191,2,64,24,0.5091955065727234,0.07018952071666718
191,2,64,25,0.452182799577713,0.1360841691493988
191,2,64,26,0.3907819986343384,0.12444043904542923
191,2,64,27,0.41317513585090637,0.07657474279403687
191,2,64,28,0.5521445870399475,0.12168531864881516
191,2,64,29,0.6287536025047302,0.1721217930316925
191,2,64,30,0.523032546043396,0.12309350818395615
191,2,64,31,0.45970797538757324,0.11454933136701584
191,2,64,32,0.5972105860710144,0.09082730114459991
191,2,64,33,0.425467312335968,0.0980592891573906
191,2,64,34,0.5040332078933716,0.15048633515834808
191,2,64,35,0.44056206941604614,0.19323211908340454
191,2,64,36,0.541305422782898,0.0752284899353981
191,2,64,37,0.6378039717674255,0.1563025563955307
191,2,64,38,0.5142307281494141,0.059931669384241104
191,2,64,39,0.534082293510437,0.10850057005882263
191,2,64,40,0.425563782453537,0.07731682062149048
191,2,64,41,0.5160940289497375,0.058108482509851456
191,2,64,42,0.5911703109741211,0.04162295535206795
191,2,64,43,0.6943954229354858,0.098591148853302
191,2,64,44,0.3975628912448883,0.07829421013593674
191,2,64,45,0.26488155126571655,0.1492672711610794
191,2,64,46,0.4073649048805237,0.12164982408285141
191,2,64,47,0.728545069694519,0.1435740888118744
191,2,64,48,0.3377346396446228,0.07699967175722122
191,2,64,49,0.48981961607933044,0.09097125381231308
191,2,64,50,0.5071278810501099,0.10197374224662781
191,2,64,51,0.3714286983013153,0.14735455811023712
191,2,64,52,0.39875122904777527,0.11431565135717392
191,2,64,53,0.5500965118408203,0.11414209753274918
191,2,64,54,0.5873737931251526,0.09661976993083954
191,2,64,55,0.5421215295791626,0.07489326596260071
191,2,64,56,0.4708496332168579,0.1016768142580986
191,2,64,57,0.45744606852531433,0.07609571516513824
191,2,64,58,0.45441314578056335,0.15182876586914062
191,2,64,59,0.38655948638916016,0.09176646173000336
191,2,64,60,0.5166016817092896,0.09100674092769623
191,2,64,61,0.425601989030838,0.1513020396232605
191,2,64,62,0.48377853631973267,0.09479080140590668
191,2,64,63,0.5339025855064392,0.06718546897172928
191,3,64,0,0.4992479085922241,0.0808674693107605
191,3,64,1,0.5364891290664673,0.07811988145112991
191,3,64,2,0.5728307962417603,0.0665159747004509
191,3,64,3,0.4686879515647888,0.09843810647726059
191,3,64,4,0.6665889024734497,0.18541187047958374
191,3,64,5,0.353775292634964,0.25544828176498413
191,3,64,6,0.4038728177547455,0.10777132958173752
191,3,64,7,0.5671528577804565,0.22106748819351196
191,3,64,8,0.3415946960449219,0.10823294520378113
191,3,64,9,0.24460776150226593,0.09113503247499466
191,3,64,10,0.5513161420822144,0.1939055472612381
191,3,64,11,0.4234144389629364,0.14297650754451752
191,3,64,12,0.4306640326976776,0.24753180146217346
191,3,64,13,0.6304655075073242,0.18910741806030273
191,3,64,14,0.650299072265625,0.22726458311080933
191,3,64,15,0.4501781761646271,0.07526207715272903
191,3,64,16,0.4516865611076355,0.09650804102420807
191,3,64,17,0.4304340183734894,0.1555510014295578
191,3,64,18,0.5995612144470215,0.10709443688392639
191,3,64,19,0.35623329877853394,0.14605386555194855
191,3,64,20,0.37593623995780945,0.103652223944664
191,3,64,21,0.5481817126274109,0.09461766481399536
191,3,64,22,0.7347136735916138,0.16156046092510223
191,3,64,23,0.26991143822669983,0.07126202434301376
191,3,64,24,0.4132195711135864,0.11239241063594818
191,3,64,25,0.33652010560035706,0.07886242121458054
191,3,64,26,0.35441550612449646,0.09741993993520737
191,3,64,27,0.4713737964630127,0.11158303171396255
191,3,64,28,0.3383003771305084,0.12309915572404861
191,3,64,29,0.473451167345047,0.15710538625717163
191,3,64,30,0.4718191921710968,0.02777651883661747
191,3,64,31,0.6167184114456177,0.0736231580376625
191,3,64,32,0.6845406293869019,0.18754427134990692
191,3,64,33,0.5002620220184326,0.11361067742109299
191,3,64,34,0.5527343153953552,0.20138202607631683
191,3,64,35,0.2965686023235321,0.09900421649217606
191,3,64,36,0.46522608399391174,0.14844316244125366
191,3,64,37,0.5467215180397034,0.2576454281806946
191,3,64,38,0.6676253080368042,0.1934349685907364
191,3,64,39,0.5082185864448547,0.19498711824417114
191,3,64,40,0.42318838834762573,0.10923539847135544
191,3,64,41,0.6383808851242065,0.11198894679546356
191,3,64,42,0.2567068934440613,0.14875297248363495
191,3,64,43,0.6157741546630859,0.1021469235420227
191,3,64,44,0.5688765645027161,0.10886659473180771
191,3,64,45,0.37590378522872925,0.22682124376296997
191,3,64,46,0.37729090452194214,0.05698668956756592
191,3,64,47,0.6309245824813843,0.1788037270307541
191,3,64,48,0.5055597424507141,0.16826193034648895
191,3,64,49,0.31476303935050964,0.16297827661037445
191,3,64,50,0.47565945982933044,0.14016929268836975
191,3,64,51,0.5782103538513184,0.26862820982933044
191,3,64,52,0.4778962731361389,0.17158165574073792
191,3,64,53,0.6180925965309143,0.19137167930603027
191,3,64,54,0.4633477032184601,0.15300439298152924
191,3,64,55,0.3138485252857208,0.12042292207479477
191,3,64,56,0.583174467086792,0.12174175679683685
191,3,64,57,0.5418725609779358,0.19386252760887146
191,3,64,58,0.45361676812171936,0.18595293164253235
191,3,64,59,0.44333523511886597,0.2607031762599945
191,3,64,60,0.3657906949520111,0.12739111483097076
191,3,64,61,0.2357620894908905,0.12969039380550385
191,3,64,62,0.5196813941001892,0.18384124338626862
191,3,64,63,0.47710859775543213,0.2072470784187317
191,4,128,0,0.4454863369464874,0.10291595757007599
191,4,128,1,0.5509597063064575,0.10530216246843338
191,4,128,2,0.37489429116249084,0.23000963032245636
191,4,128,3,0.5314819812774658,0.08592428267002106
191,4,128,4,0.39212366938591003,0.1422675997018814
191,4,128,5,0.4303400218486786,0.23115718364715576
191,4,128,6,0.5281597971916199,0.11234727501869202
191,4,128,7,0.43564069271087646,0.14378269016742706
191,4,128,8,0.5759574770927429,0.1641380339860916
191,4,128,9,0.4943448603153229,0.10111407190561295
191,4,128,10,0.4282274842262268,0.2696738541126251
191,4,128,11,0.45986104011535645,0.24172386527061462
191,4,128,12,0.49285614490509033,0.11870703101158142
191,4,128,13,0.5606461763381958,0.13162776827812195
191,4,128,14,0.46225133538246155,0.14527401328086853
191,4,128,15,0.6141202449798584,0.18717609345912933
191,4,128,16,0.476712167263031,0.20246271789073944
191,4,128,17,0.5474753379821777,0.1908198744058609
191,4,128,18,0.4495975375175476,0.08852672576904297
191,4,128,19,0.494948148727417,0.17200492322444916
191,4,128,20,0.38612109422683716,0.22558295726776123
191,4,128,21,0.643192708492279,0.14344629645347595
191,4,128,22,0.5061239004135132,0.24547775089740753
191,4,128,23,0.6477516293525696,0.08935229480266571
191,4,128,24,0.4437268078327179,0.16261808574199677
191,4,128,25,0.4866686165332794,0.24042294919490814
191,4,128,26,0.5870073437690735,0.11868405342102051
191,4,128,27,0.5072563886642456,0.19287602603435516
191,4,128,28,0.5977209210395813,0.22452698647975922
191,4,128,29,0.5694155693054199,0.24540975689888
191,4,128,30,0.44096893072128296,0.16632097959518433
191,4,128,31,0.3870638906955719,0.17147566378116608
191,4,128,32,0.6016805768013,0.13369430601596832
191,4,128,33,0.4883232116699219,0.19470129907131195
191,4,128,34,0.45381075143814087,0.16326840221881866
191,4,128,35,0.4932745397090912,0.1557132750749588
191,4,128,36,0.4804703891277313,0.2493336796760559
191,4,128,37,0.40079769492149353,0.19349075853824615
191,4,128,38,0.5599497556686401,0.04606666415929794
191,4,128,39,0.7393976449966431,0.1285117268562317
191,4,128,40,0.41134515404701233,0.1152944564819336
191,4,128,41,0.6314346194267273,0.1296081840991974
191,4,128,42,0.419994980096817,0.17628516256809235
191,4,128,43,0.4186405539512634,0.13903450965881348
191,4,128,44,0.6144542694091797,0.12965519726276398
191,4,128,45,0.5049200654029846,0.24056722223758698
191,4,128,46,0.4537767469882965,0.19865165650844574
191,4,128,47,0.42259734869003296,0.2510187029838562
191,4,128,48,0.2678888738155365,0.1478302776813507
191,4,128,49,0.579235851764679,0.16341693699359894
191,4,128,50,0.4711674451828003,0.24647623300552368
191,4,128,51,0.5864671468734741,0.22655551135540009
191,4,128,52,0.6278048753738403,0.18436332046985626
191,4,128,53,0.5651785731315613,0.1647900938987732
191,4,128,54,0.6501079201698303,0.1547997146844864
191,4,128,55,0.45729756355285645,0.2058764547109604
191,4,128,56,0.4574841260910034,0.15107840299606323
191,4,128,57,0.5415365695953369,0.147110715508461
191,4,128,58,0.6374955177307129,0.1915508359670639
191,4,128,59,0.4631492793560028,0.2703506350517273
191,4,128,60,0.3464857339859009,0.14814715087413788
191,4,128,61,0.3417094051837921,0.14708878099918365
191,4,128,62,0.5573076009750366,0.17576612532138824
191,4,128,63,0.555412232875824,0.163385272026062
191,4,128,64,0.5472564101219177,0.16950206458568573
191,4,128,65,0.5437228679656982,0.20986998081207275
191,4,128,66,0.481155127286911,0.15299077332019806
191,4,128,67,0.4378714859485626,0.180362269282341
191,4,128,68,0.4523048996925354,0.2033647894859314
191,4,128,69,0.4514182507991791,0.20074521005153656
191,4,128,70,0.4650450050830841,0.2624448537826538
191,4,128,71,0.6047480702400208,0.09474369883537292
191,4,128,72,0.47785741090774536,0.3091430366039276
191,4,128,73,0.5168435573577881,0.25807395577430725
191,4,128,74,0.5311837792396545,0.15984681248664856
191,4,128,75,0.5674850940704346,0.24779589474201202
191,4,128,76,0.6174140572547913,0.09842681139707565
191,4,128,77,0.47838157415390015,0.298520028591156
191,4,128,78,0.3754391670227051,0.1262674629688263
191,4,128,79,0.49069562554359436,0.20461055636405945
191,4,128,80,0.6078211069107056,0.23267754912376404
191,4,128,81,0.5686439275741577,0.16566328704357147
191,4,128,82,0.5631788372993469,0.20144394040107727
191,4,128,83,0.5742160081863403,0.13911734521389008
191,4,128,84,0.45695075392723083,0.21577438712120056
191,4,128,85,0.5347496867179871,0.20863711833953857
191,4,128,86,0.49536579847335815,0.17467840015888214
191,4,128,87,0.5661524534225464,0.18949535489082336
191,4,128,88,0.3953726589679718,0.18433791399002075
191,4,128,89,0.6348495483398438,0.08922122418880463
191,4,128,90,0.5012730360031128,0.15591032803058624
191,4,128,91,0.6051443219184875,0.18001873791217804
191,4,128,92,0.5545596480369568,0.25514447689056396
191,4,128,93,0.5113364458084106,0.140702486038208
191,4,128,94,0.5205326676368713,0.20238733291625977
191,4,128,95,0.4412999153137207,0.20715130865573883
191,4,128,96,0.4458145499229431,0.21304310858249664
191,4,128,97,0.5946575999259949,0.15496797859668732
191,4,128,98,0.45815402269363403,0.15334321558475494
191,4,128,99,0.45536625385284424,0.17309315502643585
191,4,128,100,0.539506733417511,0.27957457304000854
191,4,128,101,0.5780566930770874,0.20012399554252625
191,4,128,102,0.565280556678772,0.210403174161911
191,4,128,103,0.4893879294395447,0.13042108714580536
191,4,128,104,0.47920945286750793,0.28400251269340515
191,4,128,105,0.40454354882240295,0.24362154304981232
191,4,128,106,0.4893523156642914,0.28424060344696045
191,4,128,107,0.6855634450912476,0.1674906611442566
191,4,128,108,0.43513286113739014,0.19739152491092682
191,4,128,109,0.4981963336467743,0.21222297847270966
191,4,128,110,0.45678800344467163,0.2712271213531494
191,4,128,111,0.5384333729743958,0.12373893707990646
191,4,128,112,0.48440396785736084,0.23052585124969482
191,4,128,113,0.4708928167819977,0.19118452072143555
191,4,128,114,0.527580201625824,0.29447072744369507
191,4,128,115,0.3989960551261902,0.15427981317043304
191,4,128,116,0.5128755569458008,0.24462027847766876
191,4,128,117,0.49227383732795715,0.3185504078865051
191,4,128,118,0.4350121021270752,0.25071007013320923
191,4,128,119,0.4452318549156189,0.11136192083358765
191,4,128,120,0.4547264873981476,0.11682377010583878
191,4,128,121,0.4224967360496521,0.13347741961479187
191,4,128,122,0.5213479995727539,0.13184958696365356
191,4,128,123,0.5307294726371765,0.11994276195764542
191,4,128,124,0.598598837852478,0.10500761866569519
191,4,128,125,0.7379740476608276,0.15854822099208832
191,4,128,126,0.6611831784248352,0.1550455242395401
191,4,128,127,0.5293293595314026,0.21131941676139832
191,5,128,0,0.43670693039894104,0.1396143138408661
191,5,128,1,0.6856986284255981,0.18957096338272095
191,5,128,2,0.3639049530029297,0.243424654006958
191,5,128,3,0.7832596302032471,0.1475483775138855
191,5,128,4,0.6088718771934509,0.11713948845863342
191,5,128,5,0.7587622404098511,0.14763058722019196
191,5,128,6,0.7265027165412903,0.13264597952365875
191,5,128,7,0.6564603447914124,0.1263129711151123
191,5,128,8,0.4925835132598877,0.192547008395195
191,5,128,9,0.36354920268058777,0.15594607591629028
191,5,128,10,0.3543459475040436,0.218983992934227
191,5,128,11,0.5131197571754456,0.1022762581706047
191,5,128,12,0.3306595981121063,0.14098918437957764
191,5,128,13,0.30858075618743896,0.15616901218891144
191,5,128,14,0.7677174210548401,0.18861983716487885
191,5,128,15,0.45625805854797363,0.17937695980072021
191,5,128,16,0.6051358580589294,0.15913164615631104
191,5,128,17,0.7476879358291626,0.17116467654705048
191,5,128,18,0.6858845949172974,0.18575602769851685
191,5,128,19,0.3877106308937073,0.28159216046333313
191,5,128,20,0.45757856965065,0.20871201157569885
191,5,128,21,0.5143882036209106,0.10742510110139847
191,5,128,22,0.6703916192054749,0.2719215452671051
191,5,128,23,0.6245429515838623,0.1667686253786087
191,5,128,24,0.5706281661987305,0.10318860411643982
191,5,128,25,0.7084875702857971,0.16567125916481018
191,5,128,26,0.436514675617218,0.2410593032836914
191,5,128,27,0.5161870121955872,0.11566874384880066
191,5,128,28,0.6987558603286743,0.18478432297706604
191,5,128,29,0.3977173864841461,0.1929488182067871
191,5,128,30,0.49711066484451294,0.20781326293945312
191,5,128,31,0.5960184931755066,0.13955125212669373
191,5,128,32,0.36997342109680176,0.17138610780239105
191,5,128,33,0.6773986220359802,0.10816831886768341
191,5,128,34,0.5361095666885376,0.12929436564445496
191,5,128,35,0.5207521319389343,0.1444925218820572
191,5,128,36,0.6481107473373413,0.18769881129264832
191,5,128,37,0.7006111145019531,0.17627261579036713
191,5,128,38,0.611489474773407,0.09352825582027435
191,5,128,39,0.4892258644104004,0.1775495857000351
191,5,128,40,0.5593483448028564,0.07654523104429245
191,5,128,41,0.6564098596572876,0.12742021679878235
191,5,128,42,0.8347639441490173,0.1327715814113617
191,5,128,43,0.7312411069869995,0.16248123347759247
191,5,128,44,0.6968133449554443,0.22329320013523102
191,5,128,45,0.4193130433559418,0.1756599247455597
191,5,128,46,0.35485804080963135,0.2011755406856537
191,5,128,47,0.7983716130256653,0.13942667841911316
191,5,128,48,0.7386905550956726,0.1859786957502365
191,5,128,49,0.7524411678314209,0.13907884061336517
191,5,128,50,0.7113868594169617,0.26243236660957336
191,5,128,51,0.7581120133399963,0.16413632035255432
191,5,128,52,0.5123197436332703,0.13857150077819824
191,5,128,53,0.7253625392913818,0.25528407096862793
191,5,128,54,0.625576376914978,0.09729526937007904
191,5,128,55,0.6751055717468262,0.1262669712305069
191,5,128,56,0.29312533140182495,0.20785710215568542
191,5,128,57,0.38662585616111755,0.23413527011871338
191,5,128,58,0.650486946105957,0.14317026734352112
191,5,128,59,0.7241035103797913,0.153938889503479
191,5,128,60,0.34800422191619873,0.27326205372810364
191,5,128,61,0.5276159048080444,0.12720057368278503
191,5,128,62,0.5689669847488403,0.10457930713891983
191,5,128,63,0.4424911439418793,0.19068841636180878
191,5,128,64,0.3700096309185028,0.2544061541557312
191,5,128,65,0.7601255774497986,0.14801475405693054
191,5,128,66,0.5972148776054382,0.1384807527065277
191,5,128,67,0.3408113121986389,0.23573146760463715
191,5,128,68,0.5016074776649475,0.19268113374710083
191,5,128,69,0.7329586148262024,0.21989670395851135
191,5,128,70,0.7189685106277466,0.13437950611114502
191,5,128,71,0.7078405618667603,0.15711645781993866
191,5,128,72,0.6771855354309082,0.2499384582042694
191,5,128,73,0.7181872129440308,0.2666313350200653
191,5,128,74,0.548730731010437,0.10445752739906311
191,5,128,75,0.37813231348991394,0.26129150390625
191,5,128,76,0.33604082465171814,0.26047483086586
191,5,128,77,0.2933029532432556,0.20605580508708954
191,5,128,78,0.36489570140838623,0.25682973861694336
191,5,128,79,0.3827497065067291,0.1885858178138733
191,5,128,80,0.34294795989990234,0.18675336241722107
191,5,128,81,0.5093494057655334,0.05874526500701904
191,5,128,82,0.46981140971183777,0.08611491322517395
191,5,128,83,0.3945184648036957,0.14086852967739105
191,5,128,84,0.5679307579994202,0.186306893825531
191,5,128,85,0.5492133498191833,0.1348230093717575
191,5,128,86,0.7241358160972595,0.2008952647447586
191,5,128,87,0.47563666105270386,0.10821396112442017
191,5,128,88,0.5467239618301392,0.13398651778697968
191,5,128,89,0.44844043254852295,0.1223643571138382
191,5,128,90,0.6968669295310974,0.1288284957408905
191,5,128,91,0.46152928471565247,0.1268385499715805
191,5,128,92,0.3771931231021881,0.2713565528392792
191,5,128,93,0.6675603985786438,0.16782034933567047
191,5,128,94,0.6981539130210876,0.15039926767349243
191,5,128,95,0.6534082293510437,0.163519948720932
191,5,128,96,0.4579807221889496,0.23503099381923676
191,5,128,97,0.6712861657142639,0.12604084610939026
191,5,128,98,0.7585111856460571,0.13007918000221252
191,5,128,99,0.6312828063964844,0.08520752936601639
191,5,128,100,0.7454348206520081,0.1818382740020752
191,5,128,101,0.481330543756485,0.1238531619310379
191,5,128,102,0.4391995370388031,0.20740722119808197
191,5,128,103,0.38335543870925903,0.23356199264526367
191,5,128,104,0.7109689712524414,0.17818251252174377
191,5,128,105,0.3455219566822052,0.292861670255661
191,5,128,106,0.358122318983078,0.23972317576408386
191,5,128,107,0.6648367643356323,0.13452965021133423
191,5,128,108,0.6372880935668945,0.1556248664855957
191,5,128,109,0.360881507396698,0.2750104069709778
191,5,128,110,0.8139328360557556,0.13103456795215607
191,5,128,111,0.6577970385551453,0.17894579470157623
191,5,128,112,0.6095255017280579,0.10377971082925797
191,5,128,113,0.6974181532859802,0.09331535547971725
191,5,128,114,0.5551967620849609,0.14737996459007263
191,5,128,115,0.6929052472114563,0.1473599523305893
191,5,128,116,0.5964094996452332,0.0897514596581459
191,5,128,117,0.7222060561180115,0.14980806410312653
191,5,128,118,0.4082258641719818,0.23053835332393646
191,5,128,119,0.6408752799034119,0.11847160011529922
191,5,128,120,0.38425540924072266,0.1758001148700714
191,5,128,121,0.5918160676956177,0.11012005805969238
191,5,128,122,0.25696924328804016,0.1645573377609253
191,5,128,123,0.5965783596038818,0.09141399711370468
191,5,128,124,0.5643286108970642,0.1264011263847351
191,5,128,125,0.6885954737663269,0.28504806756973267
191,5,128,126,0.6597315073013306,0.21372702717781067
191,5,128,127,0.7236142158508301,0.15849576890468597
192,0,32,0,0.33818432688713074,0.11062311381101608
192,0,32,1,0.5814477205276489,0.07951214909553528
192,0,32,2,0.4327789843082428,0.06823316961526871
192,0,32,3,0.4826337993144989,0.09052946418523788
192,0,32,4,0.5058168768882751,0.14829157292842865
192,0,32,5,0.7146482467651367,0.11489537358283997
192,0,32,6,0.44487616419792175,0.032902561128139496
192,0,32,7,0.4461362957954407,0.02139115333557129
192,0,32,8,0.44494277238845825,0.14110007882118225
192,0,32,9,0.3395523428916931,0.12452106922864914
192,0,32,10,0.5150498747825623,0.0861961841583252
192,0,32,11,0.6604283452033997,0.12014004588127136
192,0,32,12,0.5687188506126404,0.0266575887799263
192,0,32,13,0.3891699016094208,0.07817649841308594
192,0,32,14,0.4046587646007538,0.06276649981737137
192,0,32,15,0.5133159160614014,0.06598008424043655
192,0,32,16,0.3999823033809662,0.05494870990514755
192,0,32,17,0.6448717713356018,0.10144230723381042
192,0,32,18,0.5950103998184204,0.08081768453121185
192,0,32,19,0.5169816613197327,0.12258127331733704
192,0,32,20,0.4366897940635681,0.09935324639081955
192,0,32,21,0.4689685106277466,0.05965932086110115
192,0,32,22,0.6012287735939026,0.1300496757030487
192,0,32,23,0.4397442042827606,0.10486137121915817
192,0,32,24,0.5028510093688965,0.07803868502378464
192,0,32,25,0.5644263625144958,0.12941786646842957
192,0,32,26,0.44213584065437317,0.0635317862033844
192,0,32,27,0.4687492251396179,0.12534189224243164
192,0,32,28,0.45892390608787537,0.06689276546239853
192,0,32,29,0.34906935691833496,0.14734070003032684
192,0,32,30,0.3431698977947235,0.05173540860414505
192,0,32,31,0.36436086893081665,0.11128753423690796
192,1,32,0,0.5047609210014343,0.07445434480905533
192,1,32,1,0.5111227035522461,0.06140794977545738
192,1,32,2,0.6299041509628296,0.04855716973543167
192,1,32,3,0.3301507830619812,0.08322317153215408
192,1,32,4,0.5864058136940002,0.10954653471708298
192,1,32,5,0.4540751874446869,0.09162444621324539
192,1,32,6,0.5687964558601379,0.1445368379354477
192,1,32,7,0.370243102312088,0.07333684712648392
192,1,32,8,0.3297153115272522,0.07378483563661575
192,1,32,9,0.42315563559532166,0.13570192456245422
192,1,32,10,0.5586277842521667,0.11120178550481796
192,1,32,11,0.4058328866958618,0.01705169677734375
192,1,32,12,0.5870387554168701,0.06866219639778137
192,1,32,13,0.40771710872650146,0.10963742434978485
192,1,32,14,0.4214383363723755,0.10014791041612625
192,1,32,15,0.5554174184799194,0.08847276866436005
192,1,32,16,0.40895456075668335,0.07742596417665482
192,1,32,17,0.4247642159461975,0.10738246887922287
192,1,32,18,0.33900249004364014,0.13897588849067688
192,1,32,19,0.5179993510246277,0.11489221453666687
192,1,32,20,0.49751484394073486,0.10293953120708466
192,1,32,21,0.5434575080871582,0.08893726766109467
192,1,32,22,0.6024418473243713,0.047599829733371735
192,1,32,23,0.5525515079498291,0.10128790885210037
192,1,32,24,0.4275948405265808,0.12683868408203125
192,1,32,25,0.642483115196228,0.0667569562792778
192,1,32,26,0.5277204513549805,0.08175142109394073
192,1,32,27,0.34529057145118713,0.07113312184810638
192,1,32,28,0.6049343943595886,0.05293850973248482
192,1,32,29,0.5517821311950684,0.035519976168870926
192,1,32,30,0.4092854857444763,0.018850382417440414
192,1,32,31,0.4923588037490845,0.11363090574741364
192,2,64,0,0.5799415111541748,0.1599738448858261
192,2,64,1,0.31095534563064575,0.07891510426998138
192,2,64,2,0.6010434627532959,0.11556807905435562
192,2,64,3,0.455051451921463,0.11179766803979874
192,2,64,4,0.5966930985450745,0.17313635349273682
192,2,64,5,0.37329310178756714,0.07813470810651779
192,2,64,6,0.6693995594978333,0.07692163437604904
192,2,64,7,0.49174436926841736,0.06784173101186752
192,2,64,8,0.5218783020973206,0.09681116044521332
192,2,64,9,0.4522061049938202,0.10255032032728195
192,2,64,10,0.45015931129455566,0.10665223002433777
192,2,64,11,0.6002990007400513,0.07110729813575745
192,2,64,12,0.5808848142623901,0.04962415620684624
192,2,64,13,0.5482584834098816,0.0844450294971466
192,2,64,14,0.48615121841430664,0.07654108107089996
192,2,64,15,0.5525466799736023,0.18210360407829285
192,2,64,16,0.5008284449577332,0.09903641790151596
192,2,64,17,0.4525238275527954,0.07875283062458038
192,2,64,18,0.5078598856925964,0.09869658201932907
192,2,64,19,0.7338864207267761,0.08751039952039719
192,2,64,20,0.5057018399238586,0.15976780652999878
192,2,64,21,0.4062342345714569,0.09743836522102356
192,2,64,22,0.6538276076316833,0.08926372975111008
192,2,64,23,0.49115440249443054,0.0918806716799736
192,2,64,24,0.6052490472793579,0.10263125598430634
192,2,64,25,0.6933324933052063,0.1323138028383255
192,2,64,26,0.5802197456359863,0.1633298397064209
192,2,64,27,0.39519956707954407,0.18768805265426636
192,2,64,28,0.48498252034187317,0.16013777256011963
192,2,64,29,0.4918160140514374,0.06654010713100433
192,2,64,30,0.4907599687576294,0.2091933935880661
192,2,64,31,0.5295512080192566,0.06088540330529213
192,2,64,32,0.4860667586326599,0.1564633995294571
192,2,64,33,0.576577365398407,0.17975492775440216
192,2,64,34,0.4309147000312805,0.10400591790676117
192,2,64,35,0.5607280731201172,0.10601656883955002
192,2,64,36,0.39707767963409424,0.17077089846134186
192,2,64,37,0.34442639350891113,0.11864680796861649
192,2,64,38,0.47088518738746643,0.08017999678850174
192,2,64,39,0.5708011388778687,0.13397885859012604
192,2,64,40,0.5846009850502014,0.19295498728752136
192,2,64,41,0.5994858741760254,0.1124337762594223
192,2,64,42,0.5810375809669495,0.1363166868686676
192,2,64,43,0.4607407748699188,0.1209692433476448
192,2,64,44,0.49003151059150696,0.13772623240947723
192,2,64,45,0.4380057454109192,0.14921797811985016
192,2,64,46,0.5525259971618652,0.1973927766084671
192,2,64,47,0.538081705570221,0.10833360999822617
192,2,64,48,0.5460919737815857,0.15439607203006744
192,2,64,49,0.47086912393569946,0.08416286110877991
192,2,64,50,0.4676017761230469,0.08477088063955307
192,2,64,51,0.5187464356422424,0.053801029920578
192,2,64,52,0.461189866065979,0.04160092771053314
192,2,64,53,0.41843077540397644,0.04939059913158417
192,2,64,54,0.636089563369751,0.0983034148812294
192,2,64,55,0.3989207446575165,0.1295539289712906
192,2,64,56,0.4208870530128479,0.08790436387062073
192,2,64,57,0.5517001748085022,0.1015733927488327
192,2,64,58,0.6110556721687317,0.09307123720645905
192,2,64,59,0.4165056049823761,0.1237337738275528
192,2,64,60,0.43517667055130005,0.09975068271160126
192,2,64,61,0.6226842999458313,0.08671726286411285
192,2,64,62,0.504351019859314,0.17171111702919006
192,2,64,63,0.4025690257549286,0.09162712097167969
192,3,64,0,0.5109145641326904,0.106147401034832
192,3,64,1,0.5595068335533142,0.14626604318618774
192,3,64,2,0.5475431084632874,0.08437562733888626
192,3,64,3,0.5546180605888367,0.05344817042350769
192,3,64,4,0.3821825385093689,0.1593153476715088
192,3,64,5,0.4816799461841583,0.2222926914691925
192,3,64,6,0.47519832849502563,0.07261864840984344
192,3,64,7,0.6054233312606812,0.07717490196228027
192,3,64,8,0.5631269812583923,0.08561711758375168
192,3,64,9,0.3804026246070862,0.18258503079414368
192,3,64,10,0.4735843241214752,0.13506770133972168
192,3,64,11,0.514340877532959,0.15677928924560547
192,3,64,12,0.473592609167099,0.12906679511070251
192,3,64,13,0.5787649750709534,0.12999990582466125
192,3,64,14,0.49216505885124207,0.11866030097007751
192,3,64,15,0.49838244915008545,0.12681865692138672
192,3,64,16,0.5580542683601379,0.0929383933544159
192,3,64,17,0.4299279749393463,0.16713255643844604
192,3,64,18,0.3930346369743347,0.12317561358213425
192,3,64,19,0.37293100357055664,0.11389302462339401
192,3,64,20,0.3901791572570801,0.10016309469938278
192,3,64,21,0.4967397451400757,0.18730387091636658
192,3,64,22,0.33931460976600647,0.11373443901538849
192,3,64,23,0.4307021498680115,0.1845848113298416
192,3,64,24,0.5733881592750549,0.16961127519607544
192,3,64,25,0.5254752039909363,0.17246006429195404
192,3,64,26,0.5517816543579102,0.1479322612285614
192,3,64,27,0.49776431918144226,0.19662167131900787
192,3,64,28,0.3694237768650055,0.10007822513580322
192,3,64,29,0.5041466951370239,0.13685806095600128
192,3,64,30,0.615385890007019,0.09850921481847763
192,3,64,31,0.47170987725257874,0.18680426478385925
192,3,64,32,0.5383056402206421,0.14545893669128418
192,3,64,33,0.5121923089027405,0.10744137316942215
192,3,64,34,0.43268921971321106,0.18536072969436646
192,3,64,35,0.446775883436203,0.1282251626253128
192,3,64,36,0.583145022392273,0.2344592660665512
192,3,64,37,0.39873385429382324,0.23746338486671448
192,3,64,38,0.4855954349040985,0.17002779245376587
192,3,64,39,0.5610932111740112,0.24113711714744568
192,3,64,40,0.5596927404403687,0.2095905840396881
192,3,64,41,0.4238649904727936,0.10247302055358887
192,3,64,42,0.637036919593811,0.10542793571949005
192,3,64,43,0.5577884912490845,0.09708253294229507
192,3,64,44,0.5892305374145508,0.21434199810028076
192,3,64,45,0.4060084819793701,0.13676899671554565
192,3,64,46,0.38978251814842224,0.10205484181642532
192,3,64,47,0.30531805753707886,0.08653511852025986
192,3,64,48,0.43309566378593445,0.15702557563781738
192,3,64,49,0.6281876564025879,0.09084834158420563
192,3,64,50,0.4882371723651886,0.14064601063728333
192,3,64,51,0.5769416689872742,0.10380353778600693
192,3,64,52,0.6608341336250305,0.18313029408454895
192,3,64,53,0.4737761616706848,0.16360168159008026
192,3,64,54,0.42192116379737854,0.10825887322425842
192,3,64,55,0.5838292837142944,0.07722911238670349
192,3,64,56,0.36946234107017517,0.15731775760650635
192,3,64,57,0.6142693161964417,0.0877140462398529
192,3,64,58,0.6097472906112671,0.0884699672460556
192,3,64,59,0.5887010097503662,0.09425345063209534
192,3,64,60,0.3368462920188904,0.06655425578355789
192,3,64,61,0.5090229511260986,0.12945806980133057
192,3,64,62,0.6183183193206787,0.0919843316078186
192,3,64,63,0.4515639841556549,0.13664470613002777
192,4,128,0,0.4702642858028412,0.34115031361579895
192,4,128,1,0.3665708005428314,0.16879823803901672
192,4,128,2,0.6734158396720886,0.19255192577838898
192,4,128,3,0.6727359294891357,0.13758310675621033
192,4,128,4,0.2176584005355835,0.12825123965740204
192,4,128,5,0.5692402124404907,0.25159314274787903
192,4,128,6,0.5852099657058716,0.12145175039768219
192,4,128,7,0.5096808671951294,0.2262224704027176
192,4,128,8,0.359969824552536,0.1348051279783249
192,4,128,9,0.6069207787513733,0.26538515090942383
192,4,128,10,0.5203984379768372,0.3412415683269501
192,4,128,11,0.5771666765213013,0.21729113161563873
192,4,128,12,0.5452411770820618,0.13093313574790955
192,4,128,13,0.6970261931419373,0.14101862907409668
192,4,128,14,0.3891125023365021,0.2196989506483078
192,4,128,15,0.5248319506645203,0.265280157327652
192,4,128,16,0.42548561096191406,0.30721428990364075
192,4,128,17,0.5415568351745605,0.33686795830726624
192,4,128,18,0.5028496980667114,0.10618836432695389
192,4,128,19,0.8525516986846924,0.12394050508737564
192,4,128,20,0.4082205593585968,0.20280858874320984
192,4,128,21,0.6451775431632996,0.2571218013763428
192,4,128,22,0.5232293605804443,0.3346785604953766
192,4,128,23,0.46300986409187317,0.2273390293121338
192,4,128,24,0.3342384397983551,0.21089032292366028
192,4,128,25,0.47672340273857117,0.2132578045129776
192,4,128,26,0.5776135325431824,0.29429322481155396
192,4,128,27,0.6174938678741455,0.24951066076755524
192,4,128,28,0.6090851426124573,0.23339544236660004
192,4,128,29,0.6347383856773376,0.07979700714349747
192,4,128,30,0.5554164052009583,0.28067636489868164
192,4,128,31,0.6103755235671997,0.16738933324813843
192,4,128,32,0.4222732484340668,0.1861095428466797
192,4,128,33,0.5519019961357117,0.2949126660823822
192,4,128,34,0.6286718845367432,0.119713693857193
192,4,128,35,0.6418958306312561,0.23852184414863586
192,4,128,36,0.5478135943412781,0.189885675907135
192,4,128,37,0.48101598024368286,0.3247191309928894
192,4,128,38,0.5669830441474915,0.3197198808193207
192,4,128,39,0.4316975176334381,0.30926164984703064
192,4,128,40,0.48736587166786194,0.21839745342731476
192,4,128,41,0.5732882618904114,0.22750885784626007
192,4,128,42,0.5172938704490662,0.318176805973053
192,4,128,43,0.5590986013412476,0.32076677680015564
192,4,128,44,0.7528204321861267,0.13456016778945923
192,4,128,45,0.476153701543808,0.1880732625722885
192,4,128,46,0.4995926022529602,0.22327005863189697
192,4,128,47,0.28422221541404724,0.1344563066959381
192,4,128,48,0.5210111737251282,0.30722305178642273
192,4,128,49,0.7028002142906189,0.19096973538398743
192,4,128,50,0.46438732743263245,0.16493849456310272
192,4,128,51,0.3062911331653595,0.1535993367433548
192,4,128,52,0.43890008330345154,0.15316008031368256
192,4,128,53,0.6072831153869629,0.22047853469848633
192,4,128,54,0.4163306653499603,0.2129746824502945
192,4,128,55,0.4091060757637024,0.2545018196105957
192,4,128,56,0.6408711075782776,0.26042747497558594
192,4,128,57,0.625016450881958,0.18168534338474274
192,4,128,58,0.7051621079444885,0.12447085976600647
192,4,128,59,0.6769815683364868,0.14737944304943085
192,4,128,60,0.712936282157898,0.1433015614748001
192,4,128,61,0.5781145691871643,0.2636282742023468
192,4,128,62,0.6245729327201843,0.1824122667312622
192,4,128,63,0.6383518576622009,0.2798207104206085
192,4,128,64,0.4306149482727051,0.23816169798374176
192,4,128,65,0.2905218005180359,0.1381407231092453
192,4,128,66,0.35352635383605957,0.13985967636108398
192,4,128,67,0.6120165586471558,0.32314926385879517
192,4,128,68,0.6853029727935791,0.1729619801044464
192,4,128,69,0.5070436000823975,0.34242552518844604
192,4,128,70,0.8255088925361633,0.12872448563575745
192,4,128,71,0.4611462950706482,0.3585144579410553
192,4,128,72,0.4341314435005188,0.2357582002878189
192,4,128,73,0.5363360047340393,0.17734834551811218
192,4,128,74,0.5949050784111023,0.21538163721561432
192,4,128,75,0.4057075083255768,0.20355625450611115
192,4,128,76,0.46312472224235535,0.19200284779071808
192,4,128,77,0.5194708108901978,0.18289092183113098
192,4,128,78,0.5344650149345398,0.1783330887556076
192,4,128,79,0.5642403364181519,0.29644209146499634
192,4,128,80,0.49404141306877136,0.2021881490945816
192,4,128,81,0.5681752562522888,0.29072079062461853
192,4,128,82,0.6596354246139526,0.17426374554634094
192,4,128,83,0.5001237988471985,0.25587084889411926
192,4,128,84,0.5328527092933655,0.33977940678596497
192,4,128,85,0.4805081784725189,0.2810000479221344
192,4,128,86,0.6811612248420715,0.1857384741306305
192,4,128,87,0.5676317811012268,0.237524151802063
192,4,128,88,0.684952437877655,0.1734953373670578
192,4,128,89,0.45725494623184204,0.19379711151123047
192,4,128,90,0.608862578868866,0.060516808182001114
192,4,128,91,0.3978736698627472,0.17925164103507996
192,4,128,92,0.38908442854881287,0.25520938634872437
192,4,128,93,0.5848238468170166,0.07065322250127792
192,4,128,94,0.597634494304657,0.1643715649843216
192,4,128,95,0.4054091274738312,0.21422703564167023
192,4,128,96,0.5398759245872498,0.13249264657497406
192,4,128,97,0.4601821303367615,0.17762970924377441
192,4,128,98,0.4854276180267334,0.1918995976448059
192,4,128,99,0.47790759801864624,0.24381209909915924
192,4,128,100,0.26198944449424744,0.12677165865898132
192,4,128,101,0.4495674967765808,0.21828211843967438
192,4,128,102,0.39799773693084717,0.21032920479774475
192,4,128,103,0.4967900514602661,0.2959994375705719
192,4,128,104,0.5449386239051819,0.1853642612695694
192,4,128,105,0.4130721390247345,0.24951694905757904
192,4,128,106,0.5752944946289062,0.1916719526052475
192,4,128,107,0.5886935591697693,0.17446689307689667
192,4,128,108,0.7854265570640564,0.11588165909051895
192,4,128,109,0.4589959383010864,0.16149209439754486
192,4,128,110,0.4586102366447449,0.3405042290687561
192,4,128,111,0.7622948884963989,0.10057730227708817
192,4,128,112,0.6034486293792725,0.2627769410610199
192,4,128,113,0.560324490070343,0.3612152636051178
192,4,128,114,0.5165671706199646,0.19128049910068512
192,4,128,115,0.27227747440338135,0.16302543878555298
192,4,128,116,0.5259913206100464,0.29636016488075256
192,4,128,117,0.7684390544891357,0.15311670303344727
192,4,128,118,0.5855570435523987,0.277824729681015
192,4,128,119,0.7160751819610596,0.1495470106601715
192,4,128,120,0.5597235560417175,0.18704882264137268
192,4,128,121,0.3053753972053528,0.09628750383853912
192,4,128,122,0.30167093873023987,0.22339913249015808
192,4,128,123,0.4461834728717804,0.22645527124404907
192,4,128,124,0.4852882921695709,0.14597851037979126
192,4,128,125,0.5783434510231018,0.11434073746204376
192,4,128,126,0.6649576425552368,0.1536860316991806
192,4,128,127,0.38554319739341736,0.24846529960632324
192,5,128,0,0.547699511051178,0.22670890390872955
192,5,128,1,0.7223005890846252,0.14213767647743225
192,5,128,2,0.6503250598907471,0.14648199081420898
192,5,128,3,0.7356229424476624,0.15114673972129822
192,5,128,4,0.7008570432662964,0.14086095988750458
192,5,128,5,0.5993207097053528,0.18985144793987274
192,5,128,6,0.543283998966217,0.20608066022396088
192,5,128,7,0.672568678855896,0.1661078929901123
192,5,128,8,0.5092092156410217,0.19162000715732574
192,5,128,9,0.6942138671875,0.14266157150268555
192,5,128,10,0.3584740459918976,0.16756193339824677
192,5,128,11,0.6060547828674316,0.2386087328195572
192,5,128,12,0.7526456713676453,0.09569001942873001
192,5,128,13,0.47730129957199097,0.0917515754699707
192,5,128,14,0.6151736974716187,0.19087311625480652
192,5,128,15,0.4996796250343323,0.24202992022037506
192,5,128,16,0.7458183765411377,0.1257079839706421
192,5,128,17,0.487849622964859,0.23886993527412415
192,5,128,18,0.7949131727218628,0.12492832541465759
192,5,128,19,0.7356542944908142,0.10109691321849823
192,5,128,20,0.7020048499107361,0.1108994409441948
192,5,128,21,0.6806421875953674,0.22543136775493622
192,5,128,22,0.5403221249580383,0.23298469185829163
192,5,128,23,0.7136082649230957,0.10556710511445999
192,5,128,24,0.5912584066390991,0.09101857244968414
192,5,128,25,0.5042642951011658,0.09643400460481644
192,5,128,26,0.7047702670097351,0.1529550850391388
192,5,128,27,0.7623119354248047,0.10250896215438843
192,5,128,28,0.4097798466682434,0.1807076632976532
192,5,128,29,0.5793673992156982,0.21590059995651245
192,5,128,30,0.6153184771537781,0.2444893717765808
192,5,128,31,0.7078590393066406,0.12643161416053772
192,5,128,32,0.7544333934783936,0.10924263298511505
192,5,128,33,0.5893605351448059,0.2606360912322998
192,5,128,34,0.6583760976791382,0.17293070256710052
192,5,128,35,0.5073609352111816,0.11217252165079117
192,5,128,36,0.5943118929862976,0.17828501760959625
192,5,128,37,0.6548017263412476,0.24748656153678894
192,5,128,38,0.6484111547470093,0.10810284316539764
192,5,128,39,0.7527602910995483,0.11604722589254379
192,5,128,40,0.5263930559158325,0.24305137991905212
192,5,128,41,0.6774278879165649,0.13626629114151
192,5,128,42,0.4916130304336548,0.07681809365749359
192,5,128,43,0.7729946374893188,0.13567079603672028
192,5,128,44,0.6138015985488892,0.17626388370990753
192,5,128,45,0.5342431664466858,0.1374315768480301
192,5,128,46,0.6341543793678284,0.14025737345218658
192,5,128,47,0.5794851779937744,0.21275736391544342
192,5,128,48,0.7369591593742371,0.10935337841510773
192,5,128,49,0.6942590475082397,0.1444849818944931
192,5,128,50,0.5961414575576782,0.24880580604076385
192,5,128,51,0.5730569362640381,0.14655940234661102
192,5,128,52,0.44151201844215393,0.24171385169029236
192,5,128,53,0.5863263010978699,0.2618858814239502
192,5,128,54,0.5486322641372681,0.13809272646903992
192,5,128,55,0.758752167224884,0.13312354683876038
192,5,128,56,0.665958821773529,0.07230321317911148
192,5,128,57,0.7714895009994507,0.10976200550794601
192,5,128,58,0.6622468829154968,0.13024307787418365
192,5,128,59,0.6210867762565613,0.10649528354406357
192,5,128,60,0.6310624480247498,0.22211548686027527
192,5,128,61,0.529557466506958,0.2896958589553833
192,5,128,62,0.5471917986869812,0.08436509966850281
192,5,128,63,0.5940003395080566,0.24250675737857819
192,5,128,64,0.5990598797798157,0.16019001603126526
192,5,128,65,0.5228390693664551,0.18790018558502197
192,5,128,66,0.5444583892822266,0.20340727269649506
192,5,128,67,0.7186705470085144,0.08229511976242065
192,5,128,68,0.6895506978034973,0.10090498626232147
192,5,128,69,0.5968281626701355,0.2676348090171814
192,5,128,70,0.6493781208992004,0.19789406657218933
192,5,128,71,0.6983177065849304,0.12643346190452576
192,5,128,72,0.7585089802742004,0.11711335927248001
192,5,128,73,0.5840919613838196,0.2169695347547531
192,5,128,74,0.6492860913276672,0.1982164829969406
192,5,128,75,0.5363203287124634,0.1562969982624054
192,5,128,76,0.6733250617980957,0.17273728549480438
192,5,128,77,0.6003981232643127,0.2286670207977295
192,5,128,78,0.626734733581543,0.22742655873298645
192,5,128,79,0.6492717862129211,0.1793840527534485
192,5,128,80,0.6233168244361877,0.2287636399269104
192,5,128,81,0.6323912739753723,0.2280246615409851
192,5,128,82,0.551734447479248,0.25984594225883484
192,5,128,83,0.5100204348564148,0.22087785601615906
192,5,128,84,0.6612460613250732,0.22633026540279388
192,5,128,85,0.523134708404541,0.26531338691711426
192,5,128,86,0.6182411313056946,0.06433487683534622
192,5,128,87,0.5997439622879028,0.18392568826675415
192,5,128,88,0.5093509554862976,0.09517145156860352
192,5,128,89,0.6540358066558838,0.12959754467010498
192,5,128,90,0.7318709492683411,0.09686847776174545
192,5,128,91,0.6353667974472046,0.1718319207429886
192,5,128,92,0.656353771686554,0.18339121341705322
192,5,128,93,0.7453156113624573,0.11061561852693558
192,5,128,94,0.531140148639679,0.19444938004016876
192,5,128,95,0.6204209923744202,0.12193789333105087
192,5,128,96,0.641380786895752,0.1741163581609726
192,5,128,97,0.603774905204773,0.19049495458602905
192,5,128,98,0.7244546413421631,0.12747730314731598
192,5,128,99,0.5563724040985107,0.2165771871805191
192,5,128,100,0.7260279059410095,0.09101033210754395
192,5,128,101,0.5592209696769714,0.21589632332324982
192,5,128,102,0.6400707960128784,0.11879118531942368
192,5,128,103,0.35093286633491516,0.2085524946451187
192,5,128,104,0.5593660473823547,0.2727576792240143
192,5,128,105,0.6751481294631958,0.1526562124490738
192,5,128,106,0.7869424819946289,0.12943275272846222
192,5,128,107,0.7120568156242371,0.12578065693378448
192,5,128,108,0.6684755682945251,0.1062716394662857
192,5,128,109,0.640444815158844,0.076610267162323
192,5,128,110,0.5021275877952576,0.22458940744400024
192,5,128,111,0.6047506332397461,0.17078299820423126
192,5,128,112,0.6520383954048157,0.25128626823425293
192,5,128,113,0.5159597992897034,0.18884314596652985
192,5,128,114,0.6991328001022339,0.18013596534729004
192,5,128,115,0.6056037545204163,0.180573970079422
192,5,128,116,0.6597670912742615,0.13698682188987732
192,5,128,117,0.41690593957901,0.14895187318325043
192,5,128,118,0.4637485444545746,0.17082396149635315
192,5,128,119,0.7469958066940308,0.10577841103076935
192,5,128,120,0.5698549747467041,0.23897603154182434
192,5,128,121,0.5517398118972778,0.15157780051231384
192,5,128,122,0.5695449113845825,0.1034730076789856
192,5,128,123,0.665488064289093,0.1579371839761734
192,5,128,124,0.5920853018760681,0.20583698153495789
192,5,128,125,0.7199258208274841,0.15384237468242645
192,5,128,126,0.4750973880290985,0.10796529054641724
192,5,128,127,0.5774039030075073,0.14583219587802887
193,0,32,0,0.3216538727283478,0.11898817867040634
193,0,32,1,0.5440876483917236,0.04971151426434517
193,0,32,2,0.4056705832481384,0.10122748464345932
193,0,32,3,0.5300697088241577,0.10175788402557373
193,0,32,4,0.38396501541137695,0.10028919577598572
193,0,32,5,0.7167509198188782,0.11069527268409729
193,0,32,6,0.539181649684906,0.09564998000860214
193,0,32,7,0.4314322769641876,0.03804313763976097
193,0,32,8,0.5264318585395813,0.15179568529129028
193,0,32,9,0.29769793152809143,0.10150901973247528
193,0,32,10,0.5300185084342957,0.04576391354203224
193,0,32,11,0.6908713579177856,0.12757892906665802
193,0,32,12,0.5838252902030945,0.03773435950279236
193,0,32,13,0.39848482608795166,0.09087644517421722
193,0,32,14,0.44134336709976196,0.06118891388177872
193,0,32,15,0.4102087616920471,0.16253463923931122
193,0,32,16,0.30284950137138367,0.13802406191825867
193,0,32,17,0.6176760196685791,0.06673222780227661
193,0,32,18,0.6459361910820007,0.17232100665569305
193,0,32,19,0.5148916244506836,0.1432526409626007
193,0,32,20,0.46499139070510864,0.054306864738464355
193,0,32,21,0.41877368092536926,0.07908601313829422
193,0,32,22,0.6374730467796326,0.14100390672683716
193,0,32,23,0.47949182987213135,0.05534195154905319
193,0,32,24,0.4091514050960541,0.12563899159431458
193,0,32,25,0.6325916647911072,0.14990165829658508
193,0,32,26,0.44636788964271545,0.0655984953045845
193,0,32,27,0.5405821204185486,0.15491800010204315
193,0,32,28,0.3757859468460083,0.1190313920378685
193,0,32,29,0.32288193702697754,0.1500481218099594
193,0,32,30,0.34732815623283386,0.10013051331043243
193,0,32,31,0.38139182329177856,0.086748868227005
193,1,32,0,0.5181066393852234,0.0626472607254982
193,1,32,1,0.5304388403892517,0.07344526052474976
193,1,32,2,0.5680786967277527,0.048877082765102386
193,1,32,3,0.33112484216690063,0.09840424358844757
193,1,32,4,0.6071515679359436,0.08808743208646774
193,1,32,5,0.4732914865016937,0.08459039777517319
193,1,32,6,0.541010320186615,0.14725756645202637
193,1,32,7,0.37703803181648254,0.09271758049726486
193,1,32,8,0.3861619234085083,0.06619544327259064
193,1,32,9,0.46251991391181946,0.12756304442882538
193,1,32,10,0.5360161066055298,0.1266760379076004
193,1,32,11,0.41721731424331665,0.04412198066711426
193,1,32,12,0.5776455998420715,0.0825653225183487
193,1,32,13,0.4042297601699829,0.1298466920852661
193,1,32,14,0.40148666501045227,0.1254148930311203
193,1,32,15,0.4747922420501709,0.11043170839548111
193,1,32,16,0.42503586411476135,0.05009885132312775
193,1,32,17,0.3939450979232788,0.12135201692581177
193,1,32,18,0.34739771485328674,0.1282709240913391
193,1,32,19,0.49839356541633606,0.09031231701374054
193,1,32,20,0.4453335106372833,0.07252000272274017
193,1,32,21,0.5104560256004333,0.10876347124576569
193,1,32,22,0.527484118938446,0.060984451323747635
193,1,32,23,0.536702573299408,0.11700641363859177
193,1,32,24,0.442924827337265,0.10507314652204514
193,1,32,25,0.6245583295822144,0.07619544118642807
193,1,32,26,0.5513152480125427,0.08827278763055801
193,1,32,27,0.32506677508354187,0.07837947458028793
193,1,32,28,0.6104077696800232,0.0854223221540451
193,1,32,29,0.468294233083725,0.0946027860045433
193,1,32,30,0.4172092378139496,0.02068309672176838
193,1,32,31,0.4777578115463257,0.15951983630657196
193,2,64,0,0.4979690611362457,0.187584787607193
193,2,64,1,0.3407283127307892,0.10910560190677643
193,2,64,2,0.5518925786018372,0.13574054837226868
193,2,64,3,0.39931803941726685,0.16607217490673065
193,2,64,4,0.5388113856315613,0.17341606318950653
193,2,64,5,0.363117516040802,0.09935031086206436
193,2,64,6,0.6157385110855103,0.09963308274745941
193,2,64,7,0.49557891488075256,0.07302800565958023
193,2,64,8,0.5292212963104248,0.13934282958507538
193,2,64,9,0.4175468683242798,0.15610790252685547
193,2,64,10,0.5154035091400146,0.124366395175457
193,2,64,11,0.5808716416358948,0.10287918895483017
193,2,64,12,0.5660634636878967,0.097994863986969
193,2,64,13,0.6061049699783325,0.08694958686828613
193,2,64,14,0.47116518020629883,0.21979676187038422
193,2,64,15,0.5553402900695801,0.17686805129051208
193,2,64,16,0.3985465466976166,0.14280179142951965
193,2,64,17,0.458820641040802,0.16423620283603668
193,2,64,18,0.46545544266700745,0.1891474574804306
193,2,64,19,0.6973425149917603,0.10245484113693237
193,2,64,20,0.45930537581443787,0.19367316365242004
193,2,64,21,0.42571714520454407,0.13655073940753937
193,2,64,22,0.5276207327842712,0.18524594604969025
193,2,64,23,0.46311771869659424,0.17040500044822693
193,2,64,24,0.5984240174293518,0.1270119696855545
193,2,64,25,0.5900021195411682,0.10853289812803268
193,2,64,26,0.4210493862628937,0.10443995147943497
193,2,64,27,0.4505602717399597,0.170220747590065
193,2,64,28,0.5931321978569031,0.1858922839164734
193,2,64,29,0.5956506729125977,0.11575734615325928
193,2,64,30,0.6203773617744446,0.194985032081604
193,2,64,31,0.5479305386543274,0.1362171173095703
193,2,64,32,0.34833478927612305,0.2098376303911209
193,2,64,33,0.5786489844322205,0.10677037388086319
193,2,64,34,0.556851863861084,0.10271342843770981
193,2,64,35,0.4955134391784668,0.20071935653686523
193,2,64,36,0.36117979884147644,0.15235042572021484
193,2,64,37,0.3977121412754059,0.11625781655311584
193,2,64,38,0.5165364742279053,0.13657577335834503
193,2,64,39,0.48600050806999207,0.08922328799962997
193,2,64,40,0.6316537261009216,0.11985462158918381
193,2,64,41,0.6009765267372131,0.10767319053411484
193,2,64,42,0.5401089787483215,0.1858922392129898
193,2,64,43,0.45333489775657654,0.0819474533200264
193,2,64,44,0.5514918565750122,0.23100584745407104
193,2,64,45,0.4414343535900116,0.1264333873987198
193,2,64,46,0.48891928791999817,0.15832677483558655
193,2,64,47,0.4674378037452698,0.10295316576957703
193,2,64,48,0.5887927412986755,0.21642665565013885
193,2,64,49,0.3762046992778778,0.0890200063586235
193,2,64,50,0.4539751708507538,0.10363731533288956
193,2,64,51,0.5713108777999878,0.16012251377105713
193,2,64,52,0.5190756916999817,0.12568797171115875
193,2,64,53,0.44720736145973206,0.10157391428947449
193,2,64,54,0.5787545442581177,0.1539396494626999
193,2,64,55,0.35797667503356934,0.10363822430372238
193,2,64,56,0.4302694797515869,0.120040662586689
193,2,64,57,0.4194815158843994,0.19473280012607574
193,2,64,58,0.6610957384109497,0.07321672141551971
193,2,64,59,0.4273514747619629,0.1747274547815323
193,2,64,60,0.4502978026866913,0.10113151371479034
193,2,64,61,0.6324397921562195,0.21249236166477203
193,2,64,62,0.37415048480033875,0.136062890291214
193,2,64,63,0.46947216987609863,0.11371489614248276
193,3,64,0,0.5075705647468567,0.11587060242891312
193,3,64,1,0.5417799353599548,0.21330995857715607
193,3,64,2,0.6575899124145508,0.16865095496177673
193,3,64,3,0.5815284252166748,0.11097843199968338
193,3,64,4,0.3725767433643341,0.153810054063797
193,3,64,5,0.4844971001148224,0.13147500157356262
193,3,64,6,0.48810291290283203,0.1528707891702652
193,3,64,7,0.6666515469551086,0.08864763379096985
193,3,64,8,0.5316867828369141,0.1216697096824646
193,3,64,9,0.46878132224082947,0.21813803911209106
193,3,64,10,0.43633779883384705,0.1125393807888031
193,3,64,11,0.5402108430862427,0.15002776682376862
193,3,64,12,0.5111517310142517,0.1252802312374115
193,3,64,13,0.5886752605438232,0.12452022731304169
193,3,64,14,0.42190250754356384,0.1501939445734024
193,3,64,15,0.5055218935012817,0.07766684144735336
193,3,64,16,0.49558719992637634,0.21431013941764832
193,3,64,17,0.43090349435806274,0.14680586755275726
193,3,64,18,0.5341686606407166,0.09089529514312744
193,3,64,19,0.3094525933265686,0.14169785380363464
193,3,64,20,0.3154652714729309,0.11860683560371399
193,3,64,21,0.5231267809867859,0.1190204992890358
193,3,64,22,0.44757503271102905,0.14108522236347198
193,3,64,23,0.4263553321361542,0.11289341747760773
193,3,64,24,0.5998465418815613,0.15275032818317413
193,3,64,25,0.5609360337257385,0.1308908760547638
193,3,64,26,0.4477613866329193,0.18259721994400024
193,3,64,27,0.5780409574508667,0.13214080035686493
193,3,64,28,0.45982322096824646,0.16055285930633545
193,3,64,29,0.5075305104255676,0.09297087043523788
193,3,64,30,0.4487898051738739,0.18950504064559937
193,3,64,31,0.44393831491470337,0.1196010410785675
193,3,64,32,0.5064641833305359,0.1197044849395752
193,3,64,33,0.5742434859275818,0.09997618198394775
193,3,64,34,0.5202205181121826,0.1395047903060913
193,3,64,35,0.5549113154411316,0.15965880453586578
193,3,64,36,0.47637513279914856,0.25391685962677
193,3,64,37,0.4532860219478607,0.1682712882757187
193,3,64,38,0.5125113725662231,0.1543702632188797
193,3,64,39,0.6301448941230774,0.11390852183103561
193,3,64,40,0.489408016204834,0.0936441496014595
193,3,64,41,0.43899789452552795,0.04126131907105446
193,3,64,42,0.6090301275253296,0.08897490054368973
193,3,64,43,0.5731469392776489,0.151494562625885
193,3,64,44,0.4736561179161072,0.17092084884643555
193,3,64,45,0.494203120470047,0.1270030289888382
193,3,64,46,0.5300229787826538,0.12139520049095154
193,3,64,47,0.33938175439834595,0.1171858012676239
193,3,64,48,0.5097900629043579,0.11282635480165482
193,3,64,49,0.6128261685371399,0.15520749986171722
193,3,64,50,0.4094614088535309,0.14020763337612152
193,3,64,51,0.5280203819274902,0.1540112942457199
193,3,64,52,0.6879797577857971,0.0895022377371788
193,3,64,53,0.37825116515159607,0.11954735964536667
193,3,64,54,0.4372546374797821,0.14451630413532257
193,3,64,55,0.4345453679561615,0.21237054467201233
193,3,64,56,0.3905734717845917,0.12076397985219955
193,3,64,57,0.5686035752296448,0.11497858166694641
193,3,64,58,0.5835733413696289,0.10976051539182663
193,3,64,59,0.5599237680435181,0.16491177678108215
193,3,64,60,0.3579113185405731,0.12237872928380966
193,3,64,61,0.4024932086467743,0.0899321511387825
193,3,64,62,0.5868166089057922,0.07600727677345276
193,3,64,63,0.420789510011673,0.08095824718475342
193,4,128,0,0.38950249552726746,0.21444934606552124
193,4,128,1,0.5134206414222717,0.10447409749031067
193,4,128,2,0.4763464629650116,0.19743023812770844
193,4,128,3,0.4417416751384735,0.08936836570501328
193,4,128,4,0.3460043966770172,0.14587411284446716
193,4,128,5,0.4935299754142761,0.1438061147928238
193,4,128,6,0.5101235508918762,0.17212149500846863
193,4,128,7,0.466096967458725,0.14164692163467407
193,4,128,8,0.453159362077713,0.13568608462810516
193,4,128,9,0.44302985072135925,0.1980053335428238
193,4,128,10,0.49760231375694275,0.16695472598075867
193,4,128,11,0.48587530851364136,0.18699567019939423
193,4,128,12,0.48717939853668213,0.13295002281665802
193,4,128,13,0.5788467526435852,0.1705993413925171
193,4,128,14,0.38144388794898987,0.16821233928203583
193,4,128,15,0.4295748174190521,0.16636256873607635
193,4,128,16,0.405835896730423,0.1969958245754242
193,4,128,17,0.5541273355484009,0.2123228758573532
193,4,128,18,0.5349112153053284,0.16451823711395264
193,4,128,19,0.7149632573127747,0.10900953412055969
193,4,128,20,0.4105255603790283,0.19593296945095062
193,4,128,21,0.5790494680404663,0.18063552677631378
193,4,128,22,0.5001571774482727,0.23396281898021698
193,4,128,23,0.47599709033966064,0.18481957912445068
193,4,128,24,0.5441149473190308,0.20891930162906647
193,4,128,25,0.5302252173423767,0.14684464037418365
193,4,128,26,0.6012126803398132,0.18381382524967194
193,4,128,27,0.5182490348815918,0.1497773677110672
193,4,128,28,0.4909689724445343,0.24500919878482819
193,4,128,29,0.6426601409912109,0.10955100506544113
193,4,128,30,0.5422760844230652,0.1724245548248291
193,4,128,31,0.5872958898544312,0.06925853341817856
193,4,128,32,0.41867828369140625,0.14525623619556427
193,4,128,33,0.4515814483165741,0.10019363462924957
193,4,128,34,0.5487874150276184,0.1135387197136879
193,4,128,35,0.620978057384491,0.18279071152210236
193,4,128,36,0.513464093208313,0.1401757001876831
193,4,128,37,0.452629029750824,0.21635140478610992
193,4,128,38,0.4879092872142792,0.15099699795246124
193,4,128,39,0.39814478158950806,0.18370948731899261
193,4,128,40,0.5655292868614197,0.22776277363300323
193,4,128,41,0.6083185076713562,0.18603961169719696
193,4,128,42,0.5132715106010437,0.19586355984210968
193,4,128,43,0.61250901222229,0.14785830676555634
193,4,128,44,0.5385675430297852,0.1347934454679489
193,4,128,45,0.5267987847328186,0.1379910409450531
193,4,128,46,0.5639283061027527,0.22171123325824738
193,4,128,47,0.30839547514915466,0.11746189743280411
193,4,128,48,0.40836456418037415,0.08733168989419937
193,4,128,49,0.5830978751182556,0.1931752860546112
193,4,128,50,0.5409224629402161,0.15761993825435638
193,4,128,51,0.385389119386673,0.1606328785419464
193,4,128,52,0.3986370861530304,0.13376732170581818
193,4,128,53,0.4002889394760132,0.1771058440208435
193,4,128,54,0.5340296626091003,0.18560458719730377
193,4,128,55,0.44051769375801086,0.17169255018234253
193,4,128,56,0.5196056365966797,0.25443315505981445
193,4,128,57,0.603312075138092,0.11687242984771729
193,4,128,58,0.5383074879646301,0.0773240327835083
193,4,128,59,0.6552167534828186,0.13067883253097534
193,4,128,60,0.5448130965232849,0.12520313262939453
193,4,128,61,0.5068808197975159,0.21173600852489471
193,4,128,62,0.6417840123176575,0.1301117092370987
193,4,128,63,0.6526060104370117,0.18604061007499695
193,4,128,64,0.46285808086395264,0.17007024586200714
193,4,128,65,0.4261157214641571,0.09574853628873825
193,4,128,66,0.5408142805099487,0.11087679862976074
193,4,128,67,0.6167861819267273,0.2314760982990265
193,4,128,68,0.5277047753334045,0.12143891304731369
193,4,128,69,0.5103306174278259,0.2281280755996704
193,4,128,70,0.6350099444389343,0.13718493282794952
193,4,128,71,0.4207950830459595,0.20072568953037262
193,4,128,72,0.49010521173477173,0.22041161358356476
193,4,128,73,0.5062258839607239,0.1695241630077362
193,4,128,74,0.5513693690299988,0.11146830767393112
193,4,128,75,0.6333114504814148,0.24045363068580627
193,4,128,76,0.558190643787384,0.19730982184410095
193,4,128,77,0.4870487153530121,0.15719401836395264
193,4,128,78,0.5041528344154358,0.15204738080501556
193,4,128,79,0.5145295262336731,0.1640622913837433
193,4,128,80,0.48673465847969055,0.19850288331508636
193,4,128,81,0.5627581477165222,0.24824796617031097
193,4,128,82,0.5454936623573303,0.20571891963481903
193,4,128,83,0.46653419733047485,0.11660042405128479
193,4,128,84,0.5537152290344238,0.2453228384256363
193,4,128,85,0.49907898902893066,0.17744414508342743
193,4,128,86,0.6130056381225586,0.06675461679697037
193,4,128,87,0.6490598320960999,0.1372370421886444
193,4,128,88,0.46052297949790955,0.17837899923324585
193,4,128,89,0.5690720677375793,0.057864297181367874
193,4,128,90,0.5619694590568542,0.1110357791185379
193,4,128,91,0.5245814323425293,0.08148303627967834
193,4,128,92,0.496684730052948,0.15425899624824524
193,4,128,93,0.49991491436958313,0.07003167271614075
193,4,128,94,0.4550711214542389,0.1691386103630066
193,4,128,95,0.5572733879089355,0.22563284635543823
193,4,128,96,0.5855110287666321,0.1921423077583313
193,4,128,97,0.45264628529548645,0.165033221244812
193,4,128,98,0.4859533905982971,0.18533451855182648
193,4,128,99,0.5643353462219238,0.10958237200975418
193,4,128,100,0.4030575156211853,0.16367566585540771
193,4,128,101,0.5588238835334778,0.13470478355884552
193,4,128,102,0.5236204862594604,0.15911217033863068
193,4,128,103,0.5661802291870117,0.18694107234477997
193,4,128,104,0.5126532316207886,0.14554624259471893
193,4,128,105,0.3934246301651001,0.15125803649425507
193,4,128,106,0.6461203694343567,0.1084718108177185
193,4,128,107,0.4625157415866852,0.1628108024597168
193,4,128,108,0.7173672318458557,0.09120432287454605
193,4,128,109,0.4526752829551697,0.18417690694332123
193,4,128,110,0.4014919400215149,0.22578251361846924
193,4,128,111,0.5481718182563782,0.14318320155143738
193,4,128,112,0.5820704102516174,0.24449503421783447
193,4,128,113,0.6070343255996704,0.21391403675079346
193,4,128,114,0.5120314359664917,0.12080615758895874
193,4,128,115,0.4756998121738434,0.14389385282993317
193,4,128,116,0.5385259389877319,0.25532951951026917
193,4,128,117,0.5819745063781738,0.15107648074626923
193,4,128,118,0.6491069793701172,0.13603629171848297
193,4,128,119,0.6710426807403564,0.17591971158981323
193,4,128,120,0.603663444519043,0.15388616919517517
193,4,128,121,0.4368938207626343,0.09383842349052429
193,4,128,122,0.4219934940338135,0.18427780270576477
193,4,128,123,0.4588218629360199,0.14755457639694214
193,4,128,124,0.5131546258926392,0.11218129098415375
193,4,128,125,0.5012919306755066,0.177475243806839
193,4,128,126,0.5840193629264832,0.08847823739051819
193,4,128,127,0.40748196840286255,0.12066745012998581
193,5,128,0,0.6324648857116699,0.2137795090675354
193,5,128,1,0.7447188496589661,0.1564604640007019
193,5,128,2,0.7498443126678467,0.1397598385810852
193,5,128,3,0.8002000451087952,0.12123049050569534
193,5,128,4,0.457815945148468,0.20301078259944916
193,5,128,5,0.7795774936676025,0.18687883019447327
193,5,128,6,0.5029080510139465,0.21752169728279114
193,5,128,7,0.7534827589988708,0.277658075094223
193,5,128,8,0.6596112251281738,0.17542672157287598
193,5,128,9,0.5507959127426147,0.1494838297367096
193,5,128,10,0.5516607165336609,0.1990097016096115
193,5,128,11,0.7840100526809692,0.11338270455598831
193,5,128,12,0.5086745619773865,0.24571795761585236
193,5,128,13,0.7395056486129761,0.17372146248817444
193,5,128,14,0.6331148147583008,0.17400482296943665
193,5,128,15,0.33092373609542847,0.23682424426078796
193,5,128,16,0.8558578491210938,0.11257903277873993
193,5,128,17,0.7537109851837158,0.16002948582172394
193,5,128,18,0.8235883712768555,0.1443585753440857
193,5,128,19,0.643365204334259,0.1162601113319397
193,5,128,20,0.8225117325782776,0.12281575053930283
193,5,128,21,0.7890193462371826,0.12761956453323364
193,5,128,22,0.7576251029968262,0.23749446868896484
193,5,128,23,0.7876529097557068,0.11139202117919922
193,5,128,24,0.5202675461769104,0.20277851819992065
193,5,128,25,0.6662161350250244,0.09279952943325043
193,5,128,26,0.6559941172599792,0.20059119164943695
193,5,128,27,0.6003554463386536,0.12934990227222443
193,5,128,28,0.2887724041938782,0.1691809594631195
193,5,128,29,0.38962575793266296,0.17676600813865662
193,5,128,30,0.7931684255599976,0.19695544242858887
193,5,128,31,0.8601952195167542,0.15504728257656097
193,5,128,32,0.7750301957130432,0.10036350041627884
193,5,128,33,0.5861796736717224,0.10294047743082047
193,5,128,34,0.4539642333984375,0.20138992369174957
193,5,128,35,0.6460197567939758,0.11030007153749466
193,5,128,36,0.6748692393302917,0.16519857943058014
193,5,128,37,0.790585458278656,0.1842348575592041
193,5,128,38,0.684100866317749,0.13336962461471558
193,5,128,39,0.835250198841095,0.1875932812690735
193,5,128,40,0.8401475548744202,0.14573964476585388
193,5,128,41,0.8621031641960144,0.11712517589330673
193,5,128,42,0.538030743598938,0.09348895400762558
193,5,128,43,0.8499101400375366,0.13495728373527527
193,5,128,44,0.726693868637085,0.07716502249240875
193,5,128,45,0.53853440284729,0.17621318995952606
193,5,128,46,0.43219882249832153,0.13857196271419525
193,5,128,47,0.6879981756210327,0.18466199934482574
193,5,128,48,0.6610919237136841,0.07772202789783478
193,5,128,49,0.6410554647445679,0.16601423919200897
193,5,128,50,0.5898706316947937,0.1377204954624176
193,5,128,51,0.5923552513122559,0.11037381738424301
193,5,128,52,0.7233042120933533,0.13629288971424103
193,5,128,53,0.7021574378013611,0.22479508817195892
193,5,128,54,0.6686960458755493,0.1166587769985199
193,5,128,55,0.7989706993103027,0.1697697639465332
193,5,128,56,0.7457249164581299,0.1073484793305397
193,5,128,57,0.6545082330703735,0.19609218835830688
193,5,128,58,0.6522384881973267,0.16234725713729858
193,5,128,59,0.6500172019004822,0.15981782972812653
193,5,128,60,0.6869283318519592,0.1837005764245987
193,5,128,61,0.8094115257263184,0.17349906265735626
193,5,128,62,0.5722827315330505,0.15171542763710022
193,5,128,63,0.781732439994812,0.27920904755592346
193,5,128,64,0.6181460022926331,0.16216813027858734
193,5,128,65,0.6298834681510925,0.21276383101940155
193,5,128,66,0.7532063722610474,0.11627471446990967
193,5,128,67,0.7399003505706787,0.14215373992919922
193,5,128,68,0.6678422093391418,0.18213605880737305
193,5,128,69,0.7575847506523132,0.17828181385993958
193,5,128,70,0.6738833785057068,0.07818155735731125
193,5,128,71,0.6251583099365234,0.13326148688793182
193,5,128,72,0.8336618542671204,0.16640065610408783
193,5,128,73,0.7452497482299805,0.13884176313877106
193,5,128,74,0.46743789315223694,0.1495308130979538
193,5,128,75,0.5775395035743713,0.05726422742009163
193,5,128,76,0.6858503818511963,0.1690719574689865
193,5,128,77,0.4745236039161682,0.23850563168525696
193,5,128,78,0.797450065612793,0.20496614277362823
193,5,128,79,0.5369058847427368,0.28329169750213623
193,5,128,80,0.7789708971977234,0.2481357604265213
193,5,128,81,0.7954660058021545,0.15798164904117584
193,5,128,82,0.6808310747146606,0.12572349607944489
193,5,128,83,0.5175687074661255,0.1566573977470398
193,5,128,84,0.8068029880523682,0.21372868120670319
193,5,128,85,0.8170959949493408,0.20914220809936523
193,5,128,86,0.6124457716941833,0.11390390992164612
193,5,128,87,0.8385201692581177,0.14485004544258118
193,5,128,88,0.45368024706840515,0.13830336928367615
193,5,128,89,0.8217962980270386,0.1643262356519699
193,5,128,90,0.6885427236557007,0.0960652232170105
193,5,128,91,0.7213322520256042,0.1918088048696518
193,5,128,92,0.8094842433929443,0.1695661097764969
193,5,128,93,0.735702395439148,0.1255696564912796
193,5,128,94,0.6832831501960754,0.18785616755485535
193,5,128,95,0.4291388988494873,0.26626601815223694
193,5,128,96,0.7320016622543335,0.08933873474597931
193,5,128,97,0.669162929058075,0.18053944408893585
193,5,128,98,0.875266969203949,0.1146288588643074
193,5,128,99,0.5550141334533691,0.0952601358294487
193,5,128,100,0.649940013885498,0.08061431348323822
193,5,128,101,0.6617762446403503,0.18561629951000214
193,5,128,102,0.6994767785072327,0.11708398908376694
193,5,128,103,0.4248610734939575,0.09306775033473969
193,5,128,104,0.7902043461799622,0.1714409738779068
193,5,128,105,0.811479926109314,0.1066102609038353
193,5,128,106,0.810693621635437,0.17314083874225616
193,5,128,107,0.8129071593284607,0.12200258672237396
193,5,128,108,0.4728022515773773,0.1712968945503235
193,5,128,109,0.588003933429718,0.1766889989376068
193,5,128,110,0.8108910322189331,0.20067043602466583
193,5,128,111,0.8112845420837402,0.14195695519447327
193,5,128,112,0.7973423004150391,0.13056233525276184
193,5,128,113,0.4418415129184723,0.08189333230257034
193,5,128,114,0.8176537752151489,0.16204361617565155
193,5,128,115,0.7477207779884338,0.17261050641536713
193,5,128,116,0.5390956997871399,0.16294777393341064
193,5,128,117,0.34898829460144043,0.2166190892457962
193,5,128,118,0.8108318448066711,0.20268821716308594
193,5,128,119,0.8001177906990051,0.1884213387966156
193,5,128,120,0.5017076730728149,0.16818691790103912
193,5,128,121,0.6899470090866089,0.08953041583299637
193,5,128,122,0.5826303362846375,0.09130080789327621
193,5,128,123,0.7836021184921265,0.21317492425441742
193,5,128,124,0.7835177779197693,0.13939079642295837
193,5,128,125,0.827280580997467,0.07742773741483688
193,5,128,126,0.4088243842124939,0.15273417532444
193,5,128,127,0.7946755886077881,0.1793505996465683
194,0,32,0,0.4330615699291229,0.04666543006896973
194,0,32,1,0.6245744824409485,0.07539835572242737
194,0,32,2,0.4679575562477112,0.06899261474609375
194,0,32,3,0.5274544954299927,0.07545705884695053
194,0,32,4,0.4816644489765167,0.04247024655342102
194,0,32,5,0.41933178901672363,0.031146761029958725
194,0,32,6,0.5842221975326538,0.03752252086997032
194,0,32,7,0.4718869626522064,0.08993220329284668
194,0,32,8,0.49420779943466187,0.06693901121616364
194,0,32,9,0.5181242823600769,0.09430965036153793
194,0,32,10,0.41567009687423706,0.038398705422878265
194,0,32,11,0.5486523509025574,0.042291492223739624
194,0,32,12,0.48014649748802185,0.07320120930671692
194,0,32,13,0.4247557818889618,0.09951993823051453
194,0,32,14,0.4224008321762085,0.05963275954127312
194,0,32,15,0.4291991591453552,0.04159928485751152
194,0,32,16,0.5759884119033813,0.018562261015176773
194,0,32,17,0.41772574186325073,0.10933785140514374
194,0,32,18,0.4184657335281372,0.07777800410985947
194,0,32,19,0.4700857996940613,0.04005042463541031
194,0,32,20,0.436837762594223,0.08523643016815186
194,0,32,21,0.42915403842926025,0.008026326075196266
194,0,32,22,0.5927396416664124,0.0736251175403595
194,0,32,23,0.5396126508712769,0.10559839755296707
194,0,32,24,0.5113264322280884,0.10303141921758652
194,0,32,25,0.48912543058395386,0.05111939460039139
194,0,32,26,0.6337647438049316,0.06453403830528259
194,0,32,27,0.47479182481765747,0.0386677011847496
194,0,32,28,0.6004725098609924,0.049343742430210114
194,0,32,29,0.3450373411178589,0.04844566062092781
194,0,32,30,0.5461727380752563,0.07203317433595657
194,0,32,31,0.6043261885643005,0.05785069242119789
194,1,32,0,0.6361057162284851,0.05528297275304794
194,1,32,1,0.4039252698421478,0.15407045185565948
194,1,32,2,0.44582661986351013,0.06767573207616806
194,1,32,3,0.48802870512008667,0.10552069544792175
194,1,32,4,0.5212191343307495,0.06911363452672958
194,1,32,5,0.5725600719451904,0.09281671792268753
194,1,32,6,0.4600324034690857,0.1401635855436325
194,1,32,7,0.47814470529556274,0.07263629883527756
194,1,32,8,0.4224574565887451,0.11774655431509018
194,1,32,9,0.4388405382633209,0.029378177598118782
194,1,32,10,0.49027910828590393,0.08343692123889923
194,1,32,11,0.43996289372444153,0.1746511608362198
194,1,32,12,0.4997284412384033,0.09049233049154282
194,1,32,13,0.3754733204841614,0.10167443007230759
194,1,32,14,0.4311826527118683,0.08394470810890198
194,1,32,15,0.4604512155056,0.1323518604040146
194,1,32,16,0.4965740144252777,0.13396912813186646
194,1,32,17,0.4508577883243561,0.20260795950889587
194,1,32,18,0.4726903736591339,0.11775926500558853
194,1,32,19,0.39546629786491394,0.10914991050958633
194,1,32,20,0.5812296271324158,0.05874001979827881
194,1,32,21,0.5491858720779419,0.18037235736846924
194,1,32,22,0.31874966621398926,0.08454520255327225
194,1,32,23,0.514224112033844,0.08696931600570679
194,1,32,24,0.45291873812675476,0.11079318076372147
194,1,32,25,0.4419440031051636,0.07947026193141937
194,1,32,26,0.48105674982070923,0.13623082637786865
194,1,32,27,0.4129703938961029,0.16500498354434967
194,1,32,28,0.6133236885070801,0.06218009814620018
194,1,32,29,0.5523535013198853,0.1513432115316391
194,1,32,30,0.3541843295097351,0.10728538036346436
194,1,32,31,0.5564493536949158,0.16672904789447784
194,2,64,0,0.47994518280029297,0.04575995355844498
194,2,64,1,0.5975406765937805,0.09516754746437073
194,2,64,2,0.45645850896835327,0.0801948755979538
194,2,64,3,0.583886981010437,0.08381954580545425
194,2,64,4,0.4644891619682312,0.11135038733482361
194,2,64,5,0.5781345367431641,0.06235434114933014
194,2,64,6,0.4736495018005371,0.0632055327296257
194,2,64,7,0.47969353199005127,0.10863227397203445
194,2,64,8,0.6579328179359436,0.07881777733564377
194,2,64,9,0.599765419960022,0.11806633323431015
194,2,64,10,0.4212547540664673,0.0877365916967392
194,2,64,11,0.5094154477119446,0.19830693304538727
194,2,64,12,0.3981529176235199,0.10680262744426727
194,2,64,13,0.535271167755127,0.15042953193187714
194,2,64,14,0.5920121073722839,0.10103687644004822
194,2,64,15,0.48304229974746704,0.09217799454927444
194,2,64,16,0.45410218834877014,0.0807793065905571
194,2,64,17,0.3859773874282837,0.06074587255716324
194,2,64,18,0.4838142395019531,0.1086968332529068
194,2,64,19,0.4688723385334015,0.12655001878738403
194,2,64,20,0.5783522725105286,0.12038136273622513
194,2,64,21,0.4574849009513855,0.1404634416103363
194,2,64,22,0.5502550601959229,0.06984905898571014
194,2,64,23,0.4898250997066498,0.14345772564411163
194,2,64,24,0.6341427564620972,0.07714956998825073
194,2,64,25,0.5161474943161011,0.08309780061244965
194,2,64,26,0.38704854249954224,0.07352852076292038
194,2,64,27,0.5029473304748535,0.11860085278749466
194,2,64,28,0.5406280159950256,0.09185434132814407
194,2,64,29,0.5332809686660767,0.08852506428956985
194,2,64,30,0.5100001096725464,0.1387999951839447
194,2,64,31,0.6555184721946716,0.07532051205635071
194,2,64,32,0.4729323387145996,0.08358322083950043
194,2,64,33,0.550674557685852,0.08239228278398514
194,2,64,34,0.48696252703666687,0.11701374500989914
194,2,64,35,0.5637387037277222,0.052613019943237305
194,2,64,36,0.49917900562286377,0.1557357907295227
194,2,64,37,0.5048195123672485,0.1027166023850441
194,2,64,38,0.47703781723976135,0.0858994573354721
194,2,64,39,0.3914787173271179,0.09903804212808609
194,2,64,40,0.518014132976532,0.16694973409175873
194,2,64,41,0.6177771687507629,0.08074821531772614
194,2,64,42,0.5086327195167542,0.10913001745939255
194,2,64,43,0.5746164917945862,0.06858415901660919
194,2,64,44,0.6331990361213684,0.06876946985721588
194,2,64,45,0.4105663597583771,0.1206139400601387
194,2,64,46,0.3061607778072357,0.09070377796888351
194,2,64,47,0.5162181258201599,0.1300070732831955
194,2,64,48,0.6890889406204224,0.10644902288913727
194,2,64,49,0.45669254660606384,0.08989864587783813
194,2,64,50,0.42750847339630127,0.1303451657295227
194,2,64,51,0.5113298296928406,0.10879596322774887
194,2,64,52,0.3707437515258789,0.066363126039505
194,2,64,53,0.5853211879730225,0.06191793456673622
194,2,64,54,0.45203882455825806,0.1317857801914215
194,2,64,55,0.5530321598052979,0.09152542799711227
194,2,64,56,0.5468756556510925,0.12798525393009186
194,2,64,57,0.6116045117378235,0.10955072194337845
194,2,64,58,0.4192837178707123,0.10939104855060577
194,2,64,59,0.4878568947315216,0.12581031024456024
194,2,64,60,0.4836711585521698,0.07599646598100662
194,2,64,61,0.4941905438899994,0.12513327598571777
194,2,64,62,0.5449733734130859,0.10436652600765228
194,2,64,63,0.4231925904750824,0.07581482827663422
194,3,64,0,0.4691115915775299,0.07876796275377274
194,3,64,1,0.5604538917541504,0.09443548321723938
194,3,64,2,0.5586766004562378,0.09100594371557236
194,3,64,3,0.5424829125404358,0.07305892556905746
194,3,64,4,0.5862201452255249,0.06315644085407257
194,3,64,5,0.40770360827445984,0.18062593042850494
194,3,64,6,0.39210256934165955,0.21106813848018646
194,3,64,7,0.3652347922325134,0.11596514284610748
194,3,64,8,0.39769768714904785,0.12593242526054382
194,3,64,9,0.49516862630844116,0.12362530082464218
194,3,64,10,0.33818331360816956,0.08558277040719986
194,3,64,11,0.5028863549232483,0.16210292279720306
194,3,64,12,0.25064796209335327,0.11467579752206802
194,3,64,13,0.7217961549758911,0.10133032500743866
194,3,64,14,0.5095149278640747,0.17877879738807678
194,3,64,15,0.5916178226470947,0.26077818870544434
194,3,64,16,0.48991766571998596,0.2627536654472351
194,3,64,17,0.5831854343414307,0.24743057787418365
194,3,64,18,0.38893184065818787,0.171192929148674
194,3,64,19,0.6998782753944397,0.0961223915219307
194,3,64,20,0.41512444615364075,0.11340780556201935
194,3,64,21,0.5958027243614197,0.21152827143669128
194,3,64,22,0.4723187983036041,0.11641214042901993
194,3,64,23,0.43957045674324036,0.17879943549633026
194,3,64,24,0.4732130765914917,0.15346750617027283
194,3,64,25,0.5435585379600525,0.13947537541389465
194,3,64,26,0.457189679145813,0.11762633919715881
194,3,64,27,0.37479788064956665,0.21753476560115814
194,3,64,28,0.6242061257362366,0.08986147493124008
194,3,64,29,0.28753897547721863,0.14625851809978485
194,3,64,30,0.49717170000076294,0.12192492932081223
194,3,64,31,0.5783509612083435,0.08124686032533646
194,3,64,32,0.5634765625,0.15975549817085266
194,3,64,33,0.5611554384231567,0.15199345350265503
194,3,64,34,0.5495197772979736,0.13294710218906403
194,3,64,35,0.4189756214618683,0.21332404017448425
194,3,64,36,0.32374268770217896,0.14427396655082703
194,3,64,37,0.5499027371406555,0.058757610619068146
194,3,64,38,0.4411068856716156,0.1092250868678093
194,3,64,39,0.575383722782135,0.22910279035568237
194,3,64,40,0.5220208168029785,0.10989438742399216
194,3,64,41,0.421063095331192,0.12733417749404907
194,3,64,42,0.5796555876731873,0.12062681466341019
194,3,64,43,0.5582396984100342,0.14077527821063995
194,3,64,44,0.6385579705238342,0.06556672602891922
194,3,64,45,0.5798494815826416,0.0871272161602974
194,3,64,46,0.4055344760417938,0.20877698063850403
194,3,64,47,0.5819777846336365,0.0967530757188797
194,3,64,48,0.5880225896835327,0.21781444549560547
194,3,64,49,0.5124033093452454,0.16237549483776093
194,3,64,50,0.40662118792533875,0.19317790865898132
194,3,64,51,0.6791500449180603,0.11431556940078735
194,3,64,52,0.3521421551704407,0.07512912899255753
194,3,64,53,0.5007631778717041,0.0756036639213562
194,3,64,54,0.37908047437667847,0.15700635313987732
194,3,64,55,0.6074963808059692,0.21351733803749084
194,3,64,56,0.4421807527542114,0.10138776898384094
194,3,64,57,0.512958824634552,0.12314170598983765
194,3,64,58,0.5717909336090088,0.23334631323814392
194,3,64,59,0.47663700580596924,0.19429944455623627
194,3,64,60,0.5365079641342163,0.14850446581840515
194,3,64,61,0.38374149799346924,0.16732871532440186
194,3,64,62,0.2883976697921753,0.1460980325937271
194,3,64,63,0.6030459403991699,0.17704714834690094
194,4,128,0,0.4814722239971161,0.06584016233682632
194,4,128,1,0.5340065360069275,0.16265073418617249
194,4,128,2,0.5655434727668762,0.07695264369249344
194,4,128,3,0.47954413294792175,0.13698896765708923
194,4,128,4,0.45215746760368347,0.16526605188846588
194,4,128,5,0.44301745295524597,0.1428470015525818
194,4,128,6,0.5719807147979736,0.09630977362394333
194,4,128,7,0.507847249507904,0.09830198436975479
194,4,128,8,0.4589192569255829,0.16625000536441803
194,4,128,9,0.5575804710388184,0.16483983397483826
194,4,128,10,0.5273691415786743,0.17264820635318756
194,4,128,11,0.5316437482833862,0.2623468339443207
194,4,128,12,0.6052080392837524,0.07768360525369644
194,4,128,13,0.4999768137931824,0.14160095155239105
194,4,128,14,0.4994247555732727,0.07485408335924149
194,4,128,15,0.4686894118785858,0.16300536692142487
194,4,128,16,0.5618928670883179,0.11341416090726852
194,4,128,17,0.6578036546707153,0.1477077305316925
194,4,128,18,0.3837316930294037,0.12481982260942459
194,4,128,19,0.36122992634773254,0.11964382231235504
194,4,128,20,0.427687406539917,0.10121976584196091
194,4,128,21,0.6525374054908752,0.13307492434978485
194,4,128,22,0.5447632670402527,0.17427624762058258
194,4,128,23,0.6510491967201233,0.14926956593990326
194,4,128,24,0.5630740523338318,0.1368555724620819
194,4,128,25,0.3896664083003998,0.10167413204908371
194,4,128,26,0.5022271275520325,0.2404150664806366
194,4,128,27,0.5952337980270386,0.20369024574756622
194,4,128,28,0.5965388417243958,0.1511164754629135
194,4,128,29,0.6009060740470886,0.16757681965827942
194,4,128,30,0.659821629524231,0.10322173684835434
194,4,128,31,0.5103999376296997,0.14194008708000183
194,4,128,32,0.4538085162639618,0.15343299508094788
194,4,128,33,0.5515211820602417,0.18973727524280548
194,4,128,34,0.4056204855442047,0.17860005795955658
194,4,128,35,0.5453364849090576,0.20904813706874847
194,4,128,36,0.6213613748550415,0.09464144706726074
194,4,128,37,0.3294026553630829,0.10911034792661667
194,4,128,38,0.44194522500038147,0.09873303025960922
194,4,128,39,0.6044350862503052,0.10584037750959396
194,4,128,40,0.5729613304138184,0.06510251015424728
194,4,128,41,0.5022020936012268,0.1340697705745697
194,4,128,42,0.5442996025085449,0.1840972751379013
194,4,128,43,0.47662419080734253,0.20023052394390106
194,4,128,44,0.6609207391738892,0.07132527232170105
194,4,128,45,0.5759118795394897,0.22759321331977844
194,4,128,46,0.4177795648574829,0.0840756744146347
194,4,128,47,0.44836440682411194,0.1235862597823143
194,4,128,48,0.5060489773750305,0.1030331403017044
194,4,128,49,0.48922955989837646,0.24454382061958313
194,4,128,50,0.5548956394195557,0.1399870365858078
194,4,128,51,0.5012657642364502,0.0861615538597107
194,4,128,52,0.5164867043495178,0.2629716098308563
194,4,128,53,0.6121969819068909,0.1978338211774826
194,4,128,54,0.6327372193336487,0.11745605617761612
194,4,128,55,0.6692785024642944,0.09141778200864792
194,4,128,56,0.5392935276031494,0.23002909123897552
194,4,128,57,0.660070538520813,0.10641761124134064
194,4,128,58,0.6254689693450928,0.16994886100292206
194,4,128,59,0.5805057883262634,0.16879300773143768
194,4,128,60,0.4129454791545868,0.12043243646621704
194,4,128,61,0.41909539699554443,0.09101136028766632
194,4,128,62,0.5557950735092163,0.11790682375431061
194,4,128,63,0.470136433839798,0.16915230453014374
194,4,128,64,0.5178659558296204,0.1701229065656662
194,4,128,65,0.552196741104126,0.17468443512916565
194,4,128,66,0.4517703056335449,0.1286739557981491
194,4,128,67,0.5062301754951477,0.12321668863296509
194,4,128,68,0.48354625701904297,0.10848531872034073
194,4,128,69,0.5814041495323181,0.1537611484527588
194,4,128,70,0.40073245763778687,0.23215000331401825
194,4,128,71,0.5484020709991455,0.17038588225841522
194,4,128,72,0.4946156144142151,0.08384803682565689
194,4,128,73,0.4408271610736847,0.26217779517173767
194,4,128,74,0.5449718832969666,0.20647993683815002
194,4,128,75,0.5877071022987366,0.17252136766910553
194,4,128,76,0.6897704005241394,0.09256868064403534
194,4,128,77,0.49142295122146606,0.2382311075925827
194,4,128,78,0.4709489941596985,0.1947088986635208
194,4,128,79,0.4980650246143341,0.16011111438274384
194,4,128,80,0.5811553597450256,0.14616800844669342
194,4,128,81,0.6072951555252075,0.14342257380485535
194,4,128,82,0.5108233094215393,0.19456073641777039
194,4,128,83,0.5852574706077576,0.09585588425397873
194,4,128,84,0.38541653752326965,0.0785231962800026
194,4,128,85,0.6187004446983337,0.12411835789680481
194,4,128,86,0.5008336305618286,0.18852318823337555
194,4,128,87,0.4393584728240967,0.1011107787489891
194,4,128,88,0.5553895831108093,0.14472521841526031
194,4,128,89,0.5707120299339294,0.18131139874458313
194,4,128,90,0.5225597023963928,0.14558829367160797
194,4,128,91,0.4685173034667969,0.09227559715509415
194,4,128,92,0.5336542129516602,0.23434117436408997
194,4,128,93,0.5861135721206665,0.08484835922718048
194,4,128,94,0.5163191556930542,0.16102218627929688
194,4,128,95,0.5016523003578186,0.08088935166597366
194,4,128,96,0.5767224431037903,0.06432004272937775
194,4,128,97,0.4590132236480713,0.20223771035671234
194,4,128,98,0.5654182434082031,0.16644132137298584
194,4,128,99,0.48931795358657837,0.08931562304496765
194,4,128,100,0.6774522066116333,0.11901045590639114
194,4,128,101,0.5463324785232544,0.12870442867279053
194,4,128,102,0.5280470252037048,0.2087232917547226
194,4,128,103,0.6152210235595703,0.0781760886311531
194,4,128,104,0.5199483036994934,0.1379595398902893
194,4,128,105,0.5131168961524963,0.20907007157802582
194,4,128,106,0.545571506023407,0.1889628916978836
194,4,128,107,0.7066463828086853,0.11099041998386383
194,4,128,108,0.4868488609790802,0.21373824775218964
194,4,128,109,0.4556986391544342,0.13778528571128845
194,4,128,110,0.5086162090301514,0.18633967638015747
194,4,128,111,0.46605223417282104,0.18597804009914398
194,4,128,112,0.7260410785675049,0.09316172450780869
194,4,128,113,0.5454142093658447,0.06300114095211029
194,4,128,114,0.5356413125991821,0.12836316227912903
194,4,128,115,0.5286905169487,0.2126678079366684
194,4,128,116,0.4826623201370239,0.16178707778453827
194,4,128,117,0.44762298464775085,0.1689448356628418
194,4,128,118,0.49634552001953125,0.05611298605799675
194,4,128,119,0.4508342742919922,0.16449135541915894
194,4,128,120,0.5514746308326721,0.19413265585899353
194,4,128,121,0.4998959004878998,0.20748399198055267
194,4,128,122,0.5203858613967896,0.12728694081306458
194,4,128,123,0.529784083366394,0.20892761647701263
194,4,128,124,0.6007041931152344,0.18512248992919922
194,4,128,125,0.7075698375701904,0.14329423010349274
194,4,128,126,0.594266414642334,0.186102032661438
194,4,128,127,0.5255972743034363,0.09262774139642715
194,5,128,0,0.5925365686416626,0.19036909937858582
194,5,128,1,0.6452025175094604,0.15903298556804657
194,5,128,2,0.5449733734130859,0.16586002707481384
194,5,128,3,0.5668681263923645,0.06946807354688644
194,5,128,4,0.6145864725112915,0.2146071344614029
194,5,128,5,0.6338641047477722,0.07124390453100204
194,5,128,6,0.7139753103256226,0.09356039762496948
194,5,128,7,0.663673996925354,0.14785121381282806
194,5,128,8,0.6713939905166626,0.28290846943855286
194,5,128,9,0.7938115000724792,0.14235901832580566
194,5,128,10,0.5823368430137634,0.09794870764017105
194,5,128,11,0.41458022594451904,0.21313248574733734
194,5,128,12,0.6141103506088257,0.13164211809635162
194,5,128,13,0.6265637874603271,0.14255009591579437
194,5,128,14,0.5037134289741516,0.2580229341983795
194,5,128,15,0.40286338329315186,0.09651906043291092
194,5,128,16,0.5254882574081421,0.13739268481731415
194,5,128,17,0.6602548956871033,0.2097986489534378
194,5,128,18,0.49852898716926575,0.15667447447776794
194,5,128,19,0.4929303824901581,0.07977405935525894
194,5,128,20,0.5432227253913879,0.10703995078802109
194,5,128,21,0.7250316739082336,0.1159033328294754
194,5,128,22,0.6509516835212708,0.2280758172273636
194,5,128,23,0.7314864993095398,0.12670786678791046
194,5,128,24,0.5521155595779419,0.11190265417098999
194,5,128,25,0.7742899656295776,0.11505237966775894
194,5,128,26,0.7147589921951294,0.2751016616821289
194,5,128,27,0.7465365529060364,0.13833709061145782
194,5,128,28,0.6697153449058533,0.22522009909152985
194,5,128,29,0.5193506479263306,0.23238660395145416
194,5,128,30,0.7686641812324524,0.08917611837387085
194,5,128,31,0.5227420926094055,0.13710278272628784
194,5,128,32,0.5322290062904358,0.06070118397474289
194,5,128,33,0.6109534502029419,0.09479697048664093
194,5,128,34,0.6913058757781982,0.1282065510749817
194,5,128,35,0.657849907875061,0.16863252222537994
194,5,128,36,0.7881011962890625,0.1230010911822319
194,5,128,37,0.5324702858924866,0.16152554750442505
194,5,128,38,0.36444422602653503,0.10672326385974884
194,5,128,39,0.5918956995010376,0.18145786225795746
194,5,128,40,0.7074233293533325,0.14387953281402588
194,5,128,41,0.6393780708312988,0.0895218625664711
194,5,128,42,0.5954413414001465,0.13130168616771698
194,5,128,43,0.7368229031562805,0.17152123153209686
194,5,128,44,0.7153229713439941,0.14045923948287964
194,5,128,45,0.7329896688461304,0.15551504492759705
194,5,128,46,0.4897107779979706,0.16489017009735107
194,5,128,47,0.5339613556861877,0.15369737148284912
194,5,128,48,0.701861560344696,0.16466307640075684
194,5,128,49,0.4864826798439026,0.14954540133476257
194,5,128,50,0.6335170269012451,0.14615994691848755
194,5,128,51,0.5280540585517883,0.09918303787708282
194,5,128,52,0.7427915334701538,0.15035702288150787
194,5,128,53,0.7260112166404724,0.1865060180425644
194,5,128,54,0.7375438809394836,0.08177874237298965
194,5,128,55,0.6293843388557434,0.15365013480186462
194,5,128,56,0.7080108523368835,0.20786942541599274
194,5,128,57,0.5309566259384155,0.24092182517051697
194,5,128,58,0.6621041893959045,0.2482650727033615
194,5,128,59,0.7392146587371826,0.18487976491451263
194,5,128,60,0.6069428324699402,0.15018688142299652
194,5,128,61,0.5451594591140747,0.11104466021060944
194,5,128,62,0.49543848633766174,0.16787339746952057
194,5,128,63,0.714708685874939,0.15333177149295807
194,5,128,64,0.5751993060112,0.16348934173583984
194,5,128,65,0.6883909702301025,0.1371259093284607
194,5,128,66,0.5685910582542419,0.15080846846103668
194,5,128,67,0.5959749817848206,0.14242678880691528
194,5,128,68,0.6506121754646301,0.13971541821956635
194,5,128,69,0.6788704991340637,0.2391408085823059
194,5,128,70,0.6877575516700745,0.19959641993045807
194,5,128,71,0.6274839639663696,0.1201624646782875
194,5,128,72,0.49742215871810913,0.18792380392551422
194,5,128,73,0.5889101028442383,0.1428978592157364
194,5,128,74,0.7197136282920837,0.13518160581588745
194,5,128,75,0.7602789998054504,0.1657288819551468
194,5,128,76,0.521018385887146,0.2009810358285904
194,5,128,77,0.6354064345359802,0.08117400854825974
194,5,128,78,0.5903961062431335,0.1442340463399887
194,5,128,79,0.7065863609313965,0.22238318622112274
194,5,128,80,0.6299831867218018,0.21075141429901123
194,5,128,81,0.3905481994152069,0.25548428297042847
194,5,128,82,0.4768791198730469,0.2123466581106186
194,5,128,83,0.3207404613494873,0.07017829269170761
194,5,128,84,0.5405085682868958,0.13432008028030396
194,5,128,85,0.5861558318138123,0.1324026882648468
194,5,128,86,0.4583657681941986,0.10575846582651138
194,5,128,87,0.5576123595237732,0.10281973332166672
194,5,128,88,0.539004385471344,0.19221577048301697
194,5,128,89,0.46170860528945923,0.15069670975208282
194,5,128,90,0.640228271484375,0.1263730823993683
194,5,128,91,0.5556554198265076,0.1382165551185608
194,5,128,92,0.6746640205383301,0.23968899250030518
194,5,128,93,0.6277633905410767,0.12152624130249023
194,5,128,94,0.6952762007713318,0.12418126314878464
194,5,128,95,0.6209655404090881,0.10831836611032486
194,5,128,96,0.7244895696640015,0.14605149626731873
194,5,128,97,0.5863326191902161,0.05771175026893616
194,5,128,98,0.5877516269683838,0.24350877106189728
194,5,128,99,0.5757737755775452,0.06250599771738052
194,5,128,100,0.6934081315994263,0.18987219035625458
194,5,128,101,0.44970348477363586,0.0856364443898201
194,5,128,102,0.586716890335083,0.20883652567863464
194,5,128,103,0.6690986156463623,0.08837050944566727
194,5,128,104,0.5821283459663391,0.12410209327936172
194,5,128,105,0.5271671414375305,0.10742112249135971
194,5,128,106,0.6089200377464294,0.25381290912628174
194,5,128,107,0.5954654812812805,0.1687171459197998
194,5,128,108,0.6737063527107239,0.09571366757154465
194,5,128,109,0.48453694581985474,0.1754646599292755
194,5,128,110,0.6820964813232422,0.16157029569149017
194,5,128,111,0.47684261202812195,0.1859143078327179
194,5,128,112,0.5042570233345032,0.08567439019680023
194,5,128,113,0.5570728778839111,0.11422953754663467
194,5,128,114,0.672204315662384,0.14379191398620605
194,5,128,115,0.5785148739814758,0.10102126747369766
194,5,128,116,0.7125011086463928,0.1962352693080902
194,5,128,117,0.607475757598877,0.15526002645492554
194,5,128,118,0.5195887088775635,0.16034604609012604
194,5,128,119,0.602236807346344,0.15881973505020142
194,5,128,120,0.406080961227417,0.13301415741443634
194,5,128,121,0.640449583530426,0.14679500460624695
194,5,128,122,0.6959635019302368,0.19101278483867645
194,5,128,123,0.7043732404708862,0.17204460501670837
194,5,128,124,0.715618908405304,0.14616252481937408
194,5,128,125,0.6835042834281921,0.21834346652030945
194,5,128,126,0.5276452302932739,0.24956412613391876
194,5,128,127,0.5568575859069824,0.1244560182094574
