model,f1_macro_mean,bal_acc_mean,acc_mean,f1_macro_sd,bal_acc_sd
SVM,0.7080048834783753,0.7250207461465774,0.7985138745513343,0.0684607708945004,0.0690302778924316
