model,f1_macro_mean,bal_acc_mean,acc_mean,f1_macro_sd,bal_acc_sd
RF,0.7218660673529346,0.7257960532828995,0.8172104972227838,0.07960490072057218,0.07659604433618683
