model,delta_f1,delta_bal_acc
SVM,0.1567757614521102,0.14354292734833204
RF,0.1274040987999528,0.1186178484011619
