model,f1_macro_mean,bal_acc_mean,acc_mean,f1_macro_sd,bal_acc_sd
RF,0.7550036703311369,0.7571451879938289,0.8408316984704204,0.06873686649678099,0.06733487105533975
