model,f1_macro_mean,bal_acc_mean,acc_mean,f1_macro_sd,bal_acc_sd
SVM,0.7746017063198221,0.7882765789680667,0.8488500547763393,0.06301889055670656,0.059905389679361085
