model,sd_paradigm,f1_sd,f1_loso,delta_f1,delta_bal_acc,delta_f1_std
SVM,per_subject_5fold,0.8602526958295391,0.7034769343774288,0.1567757614521102,0.143542927348332,0.05516358886459351
RF,per_subject_5fold,0.8393470745911886,0.7119429757912357,0.1274040987999528,0.1186178484011619,0.07457965926457041
CNN,per_subject_5fold,0.95157,0.6815871874241448,0.2699828125758552,0.2466923683441376,0.10222964555150311
