model,f1_sd_mean,f1_sd_std,f1_loso_mean,f1_loso_std,delta_f1_mean,delta_f1_std,n
CNN,0.9043049999999999,0.06342306039402065,0.7537097920607884,0.07525546258463091,0.15059520793921166,0.07846895149220082,40
RF,0.8429911687952542,0.04658566864722029,0.7732421386023015,0.05989313088227131,0.06974903019295267,0.05760234910462468,40
SVM,0.8740058424400265,0.029892501685554948,0.776700141407124,0.054726476740271396,0.09730570103290258,0.05084203182161091,40
