paradigm,feat_set,model,f1_macro_mean,f1_macro_sd,bal_acc_mean,acc_mean,n_subjects
SD,base-36,SVM,0.8602526958295391,0.039911844284774234,0.8671977591278551,0.9087233553934034,40
SD,base-36,RF,0.8393470745911884,0.04612096718838812,0.8352604767357533,0.8961297186462772,40
SD,freq-72,SVM,0.8733949177272686,0.0071716568508737,0.8745745779319657,0.9191180594094636,40
SD,freq-72,RF,0.8434481111371748,0.0075965788387541,0.8360361118117108,0.8981668295061553,40
SD,raw-signal,CNN,0.9043049999999999,0.06342306039402064,0.90133,0.9355775000000002,40
