Model,Accuracy_mean,Accuracy_sd,Accuracy_n,BalancedAcc_mean,BalancedAcc_sd,BalancedAcc_n,MacroF1_mean,MacroF1_sd,MacroF1_n
CNN (env+zscore),0.9680099999999999,0.02797497783047173,40,0.95268,0.036613260873553335,40,0.9515699999999999,0.037293604318661966,40
SVM,0.9087233553934034,0.02993023866172554,40,0.8671977591278551,0.03656569542954526,40,0.8602526958295391,0.039911844284774234,40
RF,0.8961297186462772,0.033724656580880884,40,0.8352604767357533,0.047182392263779016,40,0.8393470745911884,0.04612096718838812,40
LDA,0.7242552349852799,0.061438436114151375,40,0.55925640139835,0.07247809236314116,40,0.566705149208191,0.07026212645386432,40
