subject,block,block_width,feature_channel,gate_mean,gate_sd
1,0,32,0,0.5066551566123962,0.11870425939559937
1,0,32,1,0.4327434301376343,0.12539154291152954
1,0,32,2,0.4552037715911865,0.12488420307636261
1,0,32,3,0.56607586145401,0.1149221807718277
1,0,32,4,0.42418792843818665,0.13086743652820587
1,0,32,5,0.3949568569660187,0.025605887174606323
1,0,32,6,0.45482364296913147,0.060816556215286255
1,0,32,7,0.38128578662872314,0.0789744034409523
1,0,32,8,0.5110805630683899,0.04030482843518257
1,0,32,9,0.6174229383468628,0.09373588114976883
1,0,32,10,0.4181344211101532,0.15621475875377655
1,0,32,11,0.47452667355537415,0.12994730472564697
1,0,32,12,0.6073009371757507,0.1470089852809906
1,0,32,13,0.4416634738445282,0.1085968166589737
1,0,32,14,0.4290741980075836,0.04570389166474342
1,0,32,15,0.4804672598838806,0.14708980917930603
1,0,32,16,0.49547839164733887,0.04947910085320473
1,0,32,17,0.4660716652870178,0.04634440690279007
1,0,32,18,0.5519667863845825,0.0849420502781868
1,0,32,19,0.4331570863723755,0.109956294298172
1,0,32,20,0.585809588432312,0.07091785222291946
1,0,32,21,0.5192055702209473,0.14190888404846191
1,0,32,22,0.5635145306587219,0.07926417887210846
1,0,32,23,0.4323325455188751,0.04589341953396797
1,0,32,24,0.44162553548812866,0.042254991829395294
1,0,32,25,0.6072177290916443,0.09562905877828598
1,0,32,26,0.38633161783218384,0.12315511703491211
1,0,32,27,0.5596018433570862,0.10016391426324844
1,0,32,28,0.2896876633167267,0.09325665235519409
1,0,32,29,0.5571625232696533,0.1001671776175499
1,0,32,30,0.6641246676445007,0.1100042536854744
1,0,32,31,0.46269291639328003,0.08680358529090881
1,1,32,0,0.32908421754837036,0.07925797253847122
1,1,32,1,0.4892326593399048,0.10342816263437271
1,1,32,2,0.4418291747570038,0.15138636529445648
1,1,32,3,0.44455620646476746,0.13232582807540894
1,1,32,4,0.6811040043830872,0.0890074297785759
1,1,32,5,0.5143944621086121,0.13368193805217743
1,1,32,6,0.4610314965248108,0.10884096473455429
1,1,32,7,0.6050918102264404,0.03471183404326439
1,1,32,8,0.5700175166130066,0.048308227211236954
1,1,32,9,0.5225429534912109,0.036229051649570465
1,1,32,10,0.617318332195282,0.09935034066438675
1,1,32,11,0.46429336071014404,0.06797266751527786
1,1,32,12,0.5082676410675049,0.11473530530929565
1,1,32,13,0.41442179679870605,0.08877862989902496
1,1,32,14,0.49654391407966614,0.15509869158267975
1,1,32,15,0.4481517970561981,0.14004170894622803
1,1,32,16,0.545083224773407,0.06092226877808571
1,1,32,17,0.3872496783733368,0.06140980124473572
1,1,32,18,0.6463443636894226,0.05001963675022125
1,1,32,19,0.7045623064041138,0.062137670814991
1,1,32,20,0.37651801109313965,0.0954030379652977
1,1,32,21,0.3358398377895355,0.08493458479642868
1,1,32,22,0.43473708629608154,0.1078541949391365
1,1,32,23,0.6315420866012573,0.038743939250707626
1,1,32,24,0.4738001823425293,0.1668923795223236
1,1,32,25,0.48679861426353455,0.09785513579845428
1,1,32,26,0.4906570613384247,0.12301044911146164
1,1,32,27,0.40188705921173096,0.09705614298582077
1,1,32,28,0.45640143752098083,0.13795211911201477
1,1,32,29,0.4934625029563904,0.03240728750824928
1,1,32,30,0.3337019085884094,0.06713291257619858
1,1,32,31,0.39061111211776733,0.09586741775274277
1,2,64,0,0.603101909160614,0.11536947637796402
1,2,64,1,0.6196559071540833,0.24717813730239868
1,2,64,2,0.5342903733253479,0.07439247518777847
1,2,64,3,0.5129208564758301,0.2848288118839264
1,2,64,4,0.4885666072368622,0.19066222012043
1,2,64,5,0.5033926963806152,0.18162181973457336
1,2,64,6,0.6094712615013123,0.27239611744880676
1,2,64,7,0.4654407799243927,0.121192067861557
1,2,64,8,0.6261436939239502,0.12122642993927002
1,2,64,9,0.48536181449890137,0.2206527590751648
1,2,64,10,0.49224287271499634,0.10980211198329926
1,2,64,11,0.4518445134162903,0.14657549560070038
1,2,64,12,0.5231923460960388,0.2303740382194519
1,2,64,13,0.5896575450897217,0.17128531634807587
1,2,64,14,0.24214230477809906,0.12389256060123444
1,2,64,15,0.3850769102573395,0.12435413897037506
1,2,64,16,0.5209834575653076,0.19692504405975342
1,2,64,17,0.6565291881561279,0.17375096678733826
1,2,64,18,0.6275570392608643,0.14737802743911743
1,2,64,19,0.49124932289123535,0.24122048914432526
1,2,64,20,0.4578248858451843,0.1124480813741684
1,2,64,21,0.50284743309021,0.18906733393669128
1,2,64,22,0.3857325315475464,0.14706449210643768
1,2,64,23,0.7123336791992188,0.09619758278131485
1,2,64,24,0.5808023810386658,0.1638953983783722
1,2,64,25,0.445218026638031,0.14600878953933716
1,2,64,26,0.47746580839157104,0.07048317790031433
1,2,64,27,0.41156333684921265,0.13227279484272003
1,2,64,28,0.3304070830345154,0.09954986721277237
1,2,64,29,0.6248478293418884,0.10525231063365936
1,2,64,30,0.5947988033294678,0.20828184485435486
1,2,64,31,0.5871520638465881,0.24365860223770142
1,2,64,32,0.7172617316246033,0.18910913169384003
1,2,64,33,0.45570603013038635,0.2824377119541168
1,2,64,34,0.41440996527671814,0.2465188354253769
1,2,64,35,0.518593430519104,0.12686195969581604
1,2,64,36,0.21704138815402985,0.08836592733860016
1,2,64,37,0.5896639823913574,0.2582956850528717
1,2,64,38,0.5727785229682922,0.2505433261394501
1,2,64,39,0.494856059551239,0.17443232238292694
1,2,64,40,0.5490863919258118,0.26959654688835144
1,2,64,41,0.6035475730895996,0.11169229447841644
1,2,64,42,0.493829607963562,0.2136470526456833
1,2,64,43,0.395991712808609,0.23254278302192688
1,2,64,44,0.6669771671295166,0.1506960541009903
1,2,64,45,0.4471505284309387,0.22742056846618652
1,2,64,46,0.569454550743103,0.0799194723367691
1,2,64,47,0.4838292598724365,0.10008864849805832
1,2,64,48,0.5341582894325256,0.1722661256790161
1,2,64,49,0.442435622215271,0.0758872702717781
1,2,64,50,0.465975821018219,0.07135103642940521
1,2,64,51,0.7100976705551147,0.1732499599456787
1,2,64,52,0.4093415141105652,0.17698192596435547
1,2,64,53,0.44796279072761536,0.07814452797174454
1,2,64,54,0.5196718573570251,0.27942562103271484
1,2,64,55,0.5744293928146362,0.14983972907066345
1,2,64,56,0.6192802786827087,0.09801676869392395
1,2,64,57,0.35171452164649963,0.12356676161289215
1,2,64,58,0.505016565322876,0.25230246782302856
1,2,64,59,0.5303704738616943,0.29687583446502686
1,2,64,60,0.4545446038246155,0.22361676394939423
1,2,64,61,0.44045355916023254,0.20413658022880554
1,2,64,62,0.4370288848876953,0.24168021976947784
1,2,64,63,0.5492244958877563,0.30157747864723206
1,3,64,0,0.5295796990394592,0.06584431976079941
1,3,64,1,0.5351613759994507,0.06692234426736832
1,3,64,2,0.5311554670333862,0.06664217263460159
1,3,64,3,0.4379786252975464,0.08598119020462036
1,3,64,4,0.517047107219696,0.06328262388706207
1,3,64,5,0.49729862809181213,0.06296758353710175
1,3,64,6,0.45929911732673645,0.10065947473049164
1,3,64,7,0.521323025226593,0.051609233021736145
1,3,64,8,0.3831685781478882,0.06121279299259186
1,3,64,9,0.5554916262626648,0.09437543898820877
1,3,64,10,0.3986642062664032,0.08179708570241928
1,3,64,11,0.6247639656066895,0.04722801595926285
1,3,64,12,0.49450817704200745,0.0778803750872612
1,3,64,13,0.42868727445602417,0.0725516825914383
1,3,64,14,0.42138636112213135,0.057577114552259445
1,3,64,15,0.5881569981575012,0.09437264502048492
1,3,64,16,0.488463819026947,0.055945463478565216
1,3,64,17,0.49375826120376587,0.08180562406778336
1,3,64,18,0.5567156076431274,0.08832742273807526
1,3,64,19,0.5310535430908203,0.07886994630098343
1,3,64,20,0.41983550786972046,0.0909813791513443
1,3,64,21,0.41546931862831116,0.06888918578624725
1,3,64,22,0.5767405033111572,0.06807242333889008
1,3,64,23,0.48286184668540955,0.07157135754823685
1,3,64,24,0.4748282730579376,0.057656947523355484
1,3,64,25,0.48689115047454834,0.09313513338565826
1,3,64,26,0.4992557764053345,0.05150650441646576
1,3,64,27,0.5863379240036011,0.05812723562121391
1,3,64,28,0.5515408515930176,0.1524658203125
1,3,64,29,0.49407458305358887,0.0655483528971672
1,3,64,30,0.528567373752594,0.04931268468499184
1,3,64,31,0.4425971508026123,0.06225743144750595
1,3,64,32,0.5454360842704773,0.06086191534996033
1,3,64,33,0.48297202587127686,0.09772025048732758
1,3,64,34,0.5701578855514526,0.04922778904438019
1,3,64,35,0.5528805255889893,0.0789690911769867
1,3,64,36,0.39991602301597595,0.07600298523902893
1,3,64,37,0.46449336409568787,0.1138981506228447
1,3,64,38,0.3959149718284607,0.0977066233754158
1,3,64,39,0.47684794664382935,0.09834758937358856
1,3,64,40,0.5304031372070312,0.11948397755622864
1,3,64,41,0.5271195769309998,0.06346043199300766
1,3,64,42,0.4417226016521454,0.0909973755478859
1,3,64,43,0.39969128370285034,0.061597924679517746
1,3,64,44,0.476533979177475,0.15836113691329956
1,3,64,45,0.4708939790725708,0.04277236759662628
1,3,64,46,0.5121844410896301,0.056419823318719864
1,3,64,47,0.4685877561569214,0.0740174725651741
1,3,64,48,0.5115236043930054,0.07008235156536102
1,3,64,49,0.5025642514228821,0.031870074570178986
1,3,64,50,0.45880192518234253,0.036821700632572174
1,3,64,51,0.3731768727302551,0.10196971893310547
1,3,64,52,0.43204760551452637,0.03797103092074394
1,3,64,53,0.41886821389198303,0.05940016359090805
1,3,64,54,0.5093168020248413,0.11589181423187256
1,3,64,55,0.3955809772014618,0.07948048412799835
1,3,64,56,0.4701453149318695,0.051578205078840256
1,3,64,57,0.4281363785266876,0.057740237563848495
1,3,64,58,0.422477126121521,0.04763929173350334
1,3,64,59,0.5687330961227417,0.1100076287984848
1,3,64,60,0.5641021132469177,0.08035103976726532
1,3,64,61,0.5316823124885559,0.05740152299404144
1,3,64,62,0.41737502813339233,0.08193205296993256
1,3,64,63,0.4458562135696411,0.09773708879947662
1,4,128,0,0.4024256467819214,0.09639263153076172
1,4,128,1,0.44328007102012634,0.05040822923183441
1,4,128,2,0.4457312226295471,0.05716252699494362
1,4,128,3,0.5511394739151001,0.19833815097808838
1,4,128,4,0.5957080721855164,0.07595093548297882
1,4,128,5,0.48144620656967163,0.08633393049240112
1,4,128,6,0.6119138598442078,0.07767787575721741
1,4,128,7,0.34181201457977295,0.10488522797822952
1,4,128,8,0.37372851371765137,0.08614521473646164
1,4,128,9,0.5325849652290344,0.11819956451654434
1,4,128,10,0.5475010275840759,0.1640835702419281
1,4,128,11,0.3956782817840576,0.07043857872486115
1,4,128,12,0.5997195839881897,0.09546039253473282
1,4,128,13,0.715738832950592,0.10968125611543655
1,4,128,14,0.5532940626144409,0.08324240893125534
1,4,128,15,0.5690121054649353,0.17780590057373047
1,4,128,16,0.6144891977310181,0.06576374918222427
1,4,128,17,0.49829861521720886,0.21389243006706238
1,4,128,18,0.5182482004165649,0.10812439024448395
1,4,128,19,0.4816799461841583,0.0825042575597763
1,4,128,20,0.5316471457481384,0.24586795270442963
1,4,128,21,0.40528446435928345,0.2954268157482147
1,4,128,22,0.7028733491897583,0.14521676301956177
1,4,128,23,0.5425111651420593,0.2357310652732849
1,4,128,24,0.5574955344200134,0.11370308697223663
1,4,128,25,0.2919865548610687,0.20607663691043854
1,4,128,26,0.45859259366989136,0.17866136133670807
1,4,128,27,0.5812214016914368,0.25187215209007263
1,4,128,28,0.5211790204048157,0.2634349763393402
1,4,128,29,0.6522892117500305,0.0905439630150795
1,4,128,30,0.5246832370758057,0.13382317125797272
1,4,128,31,0.6192324161529541,0.20838510990142822
1,4,128,32,0.7205212712287903,0.10078159719705582
1,4,128,33,0.5591834783554077,0.08366940170526505
1,4,128,34,0.6441311836242676,0.16917107999324799
1,4,128,35,0.5825954079627991,0.20582647621631622
1,4,128,36,0.4309098720550537,0.14679285883903503
1,4,128,37,0.4127640128135681,0.22251245379447937
1,4,128,38,0.7053418159484863,0.11006516218185425
1,4,128,39,0.47065114974975586,0.11451524496078491
1,4,128,40,0.6649642586708069,0.17595131695270538
1,4,128,41,0.6571373343467712,0.10417761653661728
1,4,128,42,0.5226050615310669,0.044096074998378754
1,4,128,43,0.4477824866771698,0.13309863209724426
1,4,128,44,0.75656658411026,0.10001029819250107
1,4,128,45,0.4316180348396301,0.2847687602043152
1,4,128,46,0.5569549202919006,0.06190711632370949
1,4,128,47,0.6231455206871033,0.284016489982605
1,4,128,48,0.5143139958381653,0.057853616774082184
1,4,128,49,0.7268364429473877,0.14932753145694733
1,4,128,50,0.48424139618873596,0.11585195362567902
1,4,128,51,0.4753775894641876,0.237455815076828
1,4,128,52,0.5485161542892456,0.23284903168678284
1,4,128,53,0.5826001763343811,0.15860790014266968
1,4,128,54,0.6213844418525696,0.19267943501472473
1,4,128,55,0.6732848882675171,0.05408460274338722
1,4,128,56,0.55577152967453,0.10765708982944489
1,4,128,57,0.5929008722305298,0.1834479421377182
1,4,128,58,0.5200963020324707,0.07135899364948273
1,4,128,59,0.3850627839565277,0.16540250182151794
1,4,128,60,0.6081913113594055,0.07753440737724304
1,4,128,61,0.4890003502368927,0.27793407440185547
1,4,128,62,0.6818745732307434,0.1063428670167923
1,4,128,63,0.5654945969581604,0.1272849440574646
1,4,128,64,0.6439977288246155,0.20537829399108887
1,4,128,65,0.6488941311836243,0.07799499481916428
1,4,128,66,0.6278207302093506,0.14594124257564545
1,4,128,67,0.7178857922554016,0.12244896590709686
1,4,128,68,0.469133585691452,0.15276458859443665
1,4,128,69,0.52751225233078,0.14612527191638947
1,4,128,70,0.685248076915741,0.2253940850496292
1,4,128,71,0.4513857662677765,0.35605189204216003
1,4,128,72,0.42429840564727783,0.06022294983267784
1,4,128,73,0.6158507466316223,0.22105172276496887
1,4,128,74,0.5585750341415405,0.13813629746437073
1,4,128,75,0.40238502621650696,0.1256645768880844
1,4,128,76,0.5927978754043579,0.061041589826345444
1,4,128,77,0.5880870223045349,0.1132095530629158
1,4,128,78,0.4073590338230133,0.12409711629152298
1,4,128,79,0.5257206559181213,0.11875919252634048
1,4,128,80,0.6189022064208984,0.18234005570411682
1,4,128,81,0.6145936250686646,0.19430765509605408
1,4,128,82,0.5569748282432556,0.1800197958946228
1,4,128,83,0.33645138144493103,0.143590047955513
1,4,128,84,0.5521126389503479,0.1610943228006363
1,4,128,85,0.5342599749565125,0.07332827895879745
1,4,128,86,0.545028030872345,0.18881583213806152
1,4,128,87,0.46342137455940247,0.09237100929021835
1,4,128,88,0.6037164330482483,0.2135591357946396
1,4,128,89,0.5750616788864136,0.05272222310304642
1,4,128,90,0.5179772973060608,0.11376433819532394
1,4,128,91,0.6818467378616333,0.12967327237129211
1,4,128,92,0.5114163756370544,0.20754434168338776
1,4,128,93,0.5615575909614563,0.2112436443567276
1,4,128,94,0.6732548475265503,0.06662088632583618
1,4,128,95,0.5316903591156006,0.15333272516727448
1,4,128,96,0.5013096332550049,0.1493033915758133
1,4,128,97,0.5790481567382812,0.22624586522579193
1,4,128,98,0.595665693283081,0.09778900444507599
1,4,128,99,0.4647476077079773,0.21124106645584106
1,4,128,100,0.6488699316978455,0.13435745239257812
1,4,128,101,0.5026291012763977,0.2003161907196045
1,4,128,102,0.41182154417037964,0.09747262299060822
1,4,128,103,0.5793579816818237,0.07591800391674042
1,4,128,104,0.4924355447292328,0.11909816414117813
1,4,128,105,0.742202877998352,0.11486388742923737
1,4,128,106,0.49884510040283203,0.24617020785808563
1,4,128,107,0.6110567450523376,0.2814302444458008
1,4,128,108,0.48948031663894653,0.3361353874206543
1,4,128,109,0.6195261478424072,0.2113550752401352
1,4,128,110,0.432433545589447,0.06878150999546051
1,4,128,111,0.6542901992797852,0.12101849168539047
1,4,128,112,0.3643491268157959,0.21502754092216492
1,4,128,113,0.5419905781745911,0.2016812562942505
1,4,128,114,0.7538716793060303,0.10685542970895767
1,4,128,115,0.667973518371582,0.2078317254781723
1,4,128,116,0.40679749846458435,0.13288070261478424
1,4,128,117,0.40984266996383667,0.09681274741888046
1,4,128,118,0.4523302912712097,0.05648175626993179
1,4,128,119,0.4592839777469635,0.09022489190101624
1,4,128,120,0.5311020016670227,0.3108499348163605
1,4,128,121,0.6253437399864197,0.06339642405509949
1,4,128,122,0.701457142829895,0.1462097465991974
1,4,128,123,0.40755996108055115,0.2220131903886795
1,4,128,124,0.40099090337753296,0.0825287401676178
1,4,128,125,0.5469046235084534,0.25463199615478516
1,4,128,126,0.7400931715965271,0.10516464710235596
1,4,128,127,0.5798311829566956,0.14820058643817902
1,5,128,0,0.6328669190406799,0.22238938510417938
1,5,128,1,0.6010069847106934,0.03604331240057945
1,5,128,2,0.5789768695831299,0.09660683572292328
1,5,128,3,0.5164668560028076,0.04128300026059151
1,5,128,4,0.6906464695930481,0.18268133699893951
1,5,128,5,0.5059776306152344,0.019098101183772087
1,5,128,6,0.5061080455780029,0.23425883054733276
1,5,128,7,0.3498894274234772,0.0690319612622261
1,5,128,8,0.4105614125728607,0.12117141485214233
1,5,128,9,0.7393215298652649,0.086782306432724
1,5,128,10,0.4452087879180908,0.06866893172264099
1,5,128,11,0.6173446178436279,0.05747431889176369
1,5,128,12,0.34095048904418945,0.13185285031795502
1,5,128,13,0.7019991278648376,0.15776406228542328
1,5,128,14,0.6383692026138306,0.11327938735485077
1,5,128,15,0.5868982672691345,0.0946836918592453
1,5,128,16,0.5013614296913147,0.2502429485321045
1,5,128,17,0.6501640677452087,0.07806997746229172
1,5,128,18,0.671758234500885,0.22071604430675507
1,5,128,19,0.6802114248275757,0.08337096124887466
1,5,128,20,0.39920756220817566,0.0931597501039505
1,5,128,21,0.5479368567466736,0.04087795689702034
1,5,128,22,0.5074399709701538,0.23359844088554382
1,5,128,23,0.43493351340293884,0.13914057612419128
1,5,128,24,0.716147243976593,0.11508766561746597
1,5,128,25,0.634168267250061,0.19377848505973816
1,5,128,26,0.46483486890792847,0.08248638361692429
1,5,128,27,0.5541127324104309,0.2424643188714981
1,5,128,28,0.7450082898139954,0.11784747987985611
1,5,128,29,0.6236545443534851,0.1633392870426178
1,5,128,30,0.5411269068717957,0.07011913508176804
1,5,128,31,0.6550281643867493,0.22092871367931366
1,5,128,32,0.5752341151237488,0.21274518966674805
1,5,128,33,0.351382851600647,0.11126452684402466
1,5,128,34,0.5478113293647766,0.27144965529441833
1,5,128,35,0.6786235570907593,0.1223982498049736
1,5,128,36,0.5597090125083923,0.12251510471105576
1,5,128,37,0.5003392696380615,0.24238520860671997
1,5,128,38,0.5392648577690125,0.06683394312858582
1,5,128,39,0.6433106064796448,0.1518847644329071
1,5,128,40,0.5436235666275024,0.12960059940814972
1,5,128,41,0.5509899258613586,0.07419820874929428
1,5,128,42,0.7988954186439514,0.12226276844739914
1,5,128,43,0.6140874624252319,0.07788033038377762
1,5,128,44,0.6209986209869385,0.06275956332683563
1,5,128,45,0.4139128625392914,0.08254952728748322
1,5,128,46,0.5287596583366394,0.1040358915925026
1,5,128,47,0.7010220289230347,0.08180513232946396
1,5,128,48,0.4550667703151703,0.057405173778533936
1,5,128,49,0.4981061518192291,0.05929948017001152
1,5,128,50,0.46774518489837646,0.12442545592784882
1,5,128,51,0.5965846180915833,0.04404943436384201
1,5,128,52,0.45469677448272705,0.09617538005113602
1,5,128,53,0.5394083857536316,0.14263705909252167
1,5,128,54,0.6506693363189697,0.1721687614917755
1,5,128,55,0.7671120166778564,0.11743336915969849
1,5,128,56,0.5555991530418396,0.17315874993801117
1,5,128,57,0.4512461721897125,0.08704948425292969
1,5,128,58,0.6662459373474121,0.14616870880126953
1,5,128,59,0.49943453073501587,0.23518741130828857
1,5,128,60,0.6219903230667114,0.24173814058303833
1,5,128,61,0.6289492249488831,0.06963157653808594
1,5,128,62,0.5364953875541687,0.11600454896688461
1,5,128,63,0.7147430181503296,0.1581762284040451
1,5,128,64,0.636907160282135,0.23690152168273926
1,5,128,65,0.6969785690307617,0.14920219779014587
1,5,128,66,0.7165842056274414,0.10948076844215393
1,5,128,67,0.6305530667304993,0.10896443575620651
1,5,128,68,0.576943576335907,0.10348642617464066
1,5,128,69,0.3670971393585205,0.07020507007837296
1,5,128,70,0.8096790909767151,0.10111890733242035
1,5,128,71,0.5682716965675354,0.05961214378476143
1,5,128,72,0.5242342948913574,0.15606461465358734
1,5,128,73,0.7512322068214417,0.10095497220754623
1,5,128,74,0.5889198184013367,0.11758307367563248
1,5,128,75,0.6251984238624573,0.08639834076166153
1,5,128,76,0.320840060710907,0.11622238159179688
1,5,128,77,0.5861800909042358,0.08807143568992615
1,5,128,78,0.49560967087745667,0.11588490009307861
1,5,128,79,0.44873034954071045,0.07529947906732559
1,5,128,80,0.6081855297088623,0.09991859644651413
1,5,128,81,0.7226836681365967,0.15216124057769775
1,5,128,82,0.6012822985649109,0.15492872893810272
1,5,128,83,0.7155210375785828,0.1013091430068016
1,5,128,84,0.7052954435348511,0.09383463114500046
1,5,128,85,0.6140405535697937,0.2645006477832794
1,5,128,86,0.5165947079658508,0.13222716748714447
1,5,128,87,0.6112839579582214,0.07672066986560822
1,5,128,88,0.7700234055519104,0.10594599694013596
1,5,128,89,0.5630782842636108,0.04842117801308632
1,5,128,90,0.4336743652820587,0.05898140370845795
1,5,128,91,0.7212206125259399,0.1017533540725708
1,5,128,92,0.4017970860004425,0.06328670680522919
1,5,128,93,0.6294155120849609,0.20481060445308685
1,5,128,94,0.6720926761627197,0.16840584576129913
1,5,128,95,0.5336030125617981,0.060334909707307816
1,5,128,96,0.7310341596603394,0.07874562591314316
1,5,128,97,0.5383408665657043,0.09896352887153625
1,5,128,98,0.5260487198829651,0.09946753084659576
1,5,128,99,0.28336766362190247,0.10390429943799973
1,5,128,100,0.6062812805175781,0.14406818151474
1,5,128,101,0.5488113760948181,0.09876677393913269
1,5,128,102,0.6152142286300659,0.06527985632419586
1,5,128,103,0.542334794998169,0.1272777020931244
1,5,128,104,0.6783772110939026,0.10475528240203857
1,5,128,105,0.7769857048988342,0.10447896271944046
1,5,128,106,0.6761490702629089,0.15038423240184784
1,5,128,107,0.7636855244636536,0.1028292253613472
1,5,128,108,0.38298529386520386,0.1433970332145691
1,5,128,109,0.6514396071434021,0.21823839843273163
1,5,128,110,0.5146996378898621,0.12915165722370148
1,5,128,111,0.7211952209472656,0.10002444684505463
1,5,128,112,0.28928640484809875,0.10538461804389954
1,5,128,113,0.6724319458007812,0.0930524691939354
1,5,128,114,0.6332355737686157,0.2827669084072113
1,5,128,115,0.48897281289100647,0.07382155954837799
1,5,128,116,0.5512745380401611,0.20374219119548798
1,5,128,117,0.5469151735305786,0.14691975712776184
1,5,128,118,0.5570958852767944,0.09739997982978821
1,5,128,119,0.4193025529384613,0.06146175041794777
1,5,128,120,0.6833073496818542,0.12394446134567261
1,5,128,121,0.6147487759590149,0.21110834181308746
1,5,128,122,0.5715031027793884,0.2185845524072647
1,5,128,123,0.5052492618560791,0.09184405952692032
1,5,128,124,0.6239105463027954,0.2125895470380783
1,5,128,125,0.6613022089004517,0.11042553931474686
1,5,128,126,0.667669951915741,0.10576249659061432
1,5,128,127,0.674670398235321,0.14180099964141846
2,0,32,0,0.5753922462463379,0.05286932736635208
2,0,32,1,0.4237842261791229,0.04284529387950897
2,0,32,2,0.3794851303100586,0.041009750217199326
2,0,32,3,0.5255095362663269,0.05594964325428009
2,0,32,4,0.47619348764419556,0.06701976805925369
2,0,32,5,0.5002532601356506,0.11043915897607803
2,0,32,6,0.35094261169433594,0.03281933441758156
2,0,32,7,0.4964887201786041,0.056891631335020065
2,0,32,8,0.4493497908115387,0.0998757928609848
2,0,32,9,0.366109699010849,0.10238849371671677
2,0,32,10,0.4387684464454651,0.07721006870269775
2,0,32,11,0.35422483086586,0.08246944099664688
2,0,32,12,0.5310215353965759,0.1333218663930893
2,0,32,13,0.48482125997543335,0.10174114257097244
2,0,32,14,0.3844146132469177,0.10451391339302063
2,0,32,15,0.5001533627510071,0.1121915802359581
2,0,32,16,0.5137317776679993,0.06121707707643509
2,0,32,17,0.3881224989891052,0.05013783276081085
2,0,32,18,0.7457934617996216,0.06650716811418533
2,0,32,19,0.48151689767837524,0.1147063598036766
2,0,32,20,0.6469806432723999,0.07228249311447144
2,0,32,21,0.5130892395973206,0.032787322998046875
2,0,32,22,0.4024406969547272,0.04879762604832649
2,0,32,23,0.40205255150794983,0.062396567314863205
2,0,32,24,0.4873841404914856,0.09391095489263535
2,0,32,25,0.3859873116016388,0.046216096729040146
2,0,32,26,0.49623793363571167,0.10773415863513947
2,0,32,27,0.5799056887626648,0.057805873453617096
2,0,32,28,0.5156543850898743,0.05860016494989395
2,0,32,29,0.4581250548362732,0.0915711373090744
2,0,32,30,0.43225333094596863,0.048324164003133774
2,0,32,31,0.4819934368133545,0.021572887897491455
2,1,32,0,0.6382752656936646,0.021318163722753525
2,1,32,1,0.34291985630989075,0.09295942634344101
2,1,32,2,0.3677225112915039,0.04311187192797661
2,1,32,3,0.45962196588516235,0.011872486211359501
2,1,32,4,0.4815589189529419,0.0147540969774127
2,1,32,5,0.6859334707260132,0.04625580087304115
2,1,32,6,0.4522120952606201,0.049350667744874954
2,1,32,7,0.46328258514404297,0.03151976689696312
2,1,32,8,0.49318060278892517,0.06232522428035736
2,1,32,9,0.4497041702270508,0.016345417127013206
2,1,32,10,0.3258270025253296,0.04741296172142029
2,1,32,11,0.5612699389457703,0.010331148281693459
2,1,32,12,0.6401392817497253,0.03734731301665306
2,1,32,13,0.5235464572906494,0.04598368704319
2,1,32,14,0.5776515007019043,0.09452711045742035
2,1,32,15,0.5877090096473694,0.05331456661224365
2,1,32,16,0.3958018720149994,0.022845007479190826
2,1,32,17,0.5957324504852295,0.01801527850329876
2,1,32,18,0.3327277898788452,0.03000824525952339
2,1,32,19,0.48302364349365234,0.046887993812561035
2,1,32,20,0.44751450419425964,0.019987421110272408
2,1,32,21,0.3935311734676361,0.014974622055888176
2,1,32,22,0.43422815203666687,0.02904593013226986
2,1,32,23,0.5093002319335938,0.035051845014095306
2,1,32,24,0.4017440974712372,0.04525594785809517
2,1,32,25,0.4972880482673645,0.04638261720538139
2,1,32,26,0.4988555908203125,0.058309875428676605
2,1,32,27,0.5544918775558472,0.012963920831680298
2,1,32,28,0.4759373664855957,0.03600187972187996
2,1,32,29,0.32603415846824646,0.0382111482322216
2,1,32,30,0.5919755697250366,0.02068980410695076
2,1,32,31,0.532105565071106,0.04836507886648178
2,2,64,0,0.44812247157096863,0.0653034895658493
2,2,64,1,0.5525209903717041,0.10543157160282135
2,2,64,2,0.5131832361221313,0.09408511221408844
2,2,64,3,0.4851803779602051,0.09221641719341278
2,2,64,4,0.5348026156425476,0.10520221292972565
2,2,64,5,0.45181968808174133,0.14749303460121155
2,2,64,6,0.37888655066490173,0.12689435482025146
2,2,64,7,0.37780922651290894,0.10513217747211456
2,2,64,8,0.45926433801651,0.07742470502853394
2,2,64,9,0.5964619517326355,0.07376699149608612
2,2,64,10,0.5536649823188782,0.10029827803373337
2,2,64,11,0.5142909288406372,0.11822288483381271
2,2,64,12,0.44599607586860657,0.08541209995746613
2,2,64,13,0.4917147755622864,0.12833432853221893
2,2,64,14,0.6286667585372925,0.11686538904905319
2,2,64,15,0.5567980408668518,0.09707099199295044
2,2,64,16,0.5202321410179138,0.08448854833841324
2,2,64,17,0.5039868950843811,0.1319851577281952
2,2,64,18,0.42816847562789917,0.12876395881175995
2,2,64,19,0.5155851244926453,0.1341482251882553
2,2,64,20,0.4562731981277466,0.07555810362100601
2,2,64,21,0.5392206311225891,0.11814231425523758
2,2,64,22,0.42356276512145996,0.09155186265707016
2,2,64,23,0.5100785493850708,0.05880080163478851
2,2,64,24,0.4903489947319031,0.0620301254093647
2,2,64,25,0.5410239100456238,0.06616076081991196
2,2,64,26,0.5819916129112244,0.07104701548814774
2,2,64,27,0.4472714960575104,0.07780492305755615
2,2,64,28,0.4756321310997009,0.14655175805091858
2,2,64,29,0.503266453742981,0.07355175167322159
2,2,64,30,0.5229247212409973,0.12752601504325867
2,2,64,31,0.517400860786438,0.08718551695346832
2,2,64,32,0.43881794810295105,0.059775665402412415
2,2,64,33,0.49093765020370483,0.12484234571456909
2,2,64,34,0.5002779364585876,0.10099435597658157
2,2,64,35,0.4837031066417694,0.09232570976018906
2,2,64,36,0.4520506262779236,0.06583081185817719
2,2,64,37,0.40484029054641724,0.06776289641857147
2,2,64,38,0.48998141288757324,0.10099907219409943
2,2,64,39,0.4434848725795746,0.12474968284368515
2,2,64,40,0.3731140196323395,0.08508911728858948
2,2,64,41,0.4692847728729248,0.0792536661028862
2,2,64,42,0.5329845547676086,0.11722538620233536
2,2,64,43,0.4998750686645508,0.09906959533691406
2,2,64,44,0.4454936683177948,0.0897979587316513
2,2,64,45,0.44890278577804565,0.10780961066484451
2,2,64,46,0.4419032335281372,0.08833316713571548
2,2,64,47,0.4683244526386261,0.15449529886245728
2,2,64,48,0.3847861588001251,0.06328212469816208
2,2,64,49,0.4051893651485443,0.1154116839170456
2,2,64,50,0.45356467366218567,0.12281562387943268
2,2,64,51,0.4780982434749603,0.08621276915073395
2,2,64,52,0.4924704432487488,0.1140206903219223
2,2,64,53,0.4112209975719452,0.050610143691301346
2,2,64,54,0.5018207430839539,0.08439042419195175
2,2,64,55,0.5447662472724915,0.09218337386846542
2,2,64,56,0.3754183351993561,0.08266833424568176
2,2,64,57,0.37063461542129517,0.09794747084379196
2,2,64,58,0.49567148089408875,0.07901772111654282
2,2,64,59,0.48243626952171326,0.10205710679292679
2,2,64,60,0.47472551465034485,0.16754817962646484
2,2,64,61,0.5123282670974731,0.10008836537599564
2,2,64,62,0.45381665229797363,0.10214333236217499
2,2,64,63,0.39975616335868835,0.08883561939001083
2,3,64,0,0.38954392075538635,0.09592415392398834
2,3,64,1,0.4630269706249237,0.06680737435817719
2,3,64,2,0.5038522481918335,0.11060097068548203
2,3,64,3,0.45032578706741333,0.2283790558576584
2,3,64,4,0.43931642174720764,0.21747678518295288
2,3,64,5,0.45071151852607727,0.21747221052646637
2,3,64,6,0.5210777521133423,0.20116502046585083
2,3,64,7,0.6068548560142517,0.16465984284877777
2,3,64,8,0.5130276679992676,0.1611863225698471
2,3,64,9,0.5324689149856567,0.12370698899030685
2,3,64,10,0.3537544310092926,0.09053478389978409
2,3,64,11,0.29066377878189087,0.13044720888137817
2,3,64,12,0.5086696743965149,0.2034522294998169
2,3,64,13,0.4406103789806366,0.0979844406247139
2,3,64,14,0.5881536602973938,0.254885196685791
2,3,64,15,0.5605832934379578,0.10249476879835129
2,3,64,16,0.6872338652610779,0.10082615911960602
2,3,64,17,0.5216420888900757,0.16825196146965027
2,3,64,18,0.5123633742332458,0.16983409225940704
2,3,64,19,0.3929482102394104,0.17713266611099243
2,3,64,20,0.5057224035263062,0.14094631373882294
2,3,64,21,0.4828532338142395,0.13308854401111603
2,3,64,22,0.46071916818618774,0.23474887013435364
2,3,64,23,0.49228695034980774,0.05886438116431236
2,3,64,24,0.506974458694458,0.19729338586330414
2,3,64,25,0.5489925146102905,0.10252346843481064
2,3,64,26,0.6541928052902222,0.20368656516075134
2,3,64,27,0.6617828607559204,0.09018727391958237
2,3,64,28,0.630422830581665,0.1376873105764389
2,3,64,29,0.4351779818534851,0.11079613864421844
2,3,64,30,0.4266454577445984,0.053123462945222855
2,3,64,31,0.5188845992088318,0.12361788004636765
2,3,64,32,0.46611878275871277,0.22920650243759155
2,3,64,33,0.6454203128814697,0.1398656815290451
2,3,64,34,0.4489363133907318,0.0652068629860878
2,3,64,35,0.4550592601299286,0.0626521110534668
2,3,64,36,0.3533659875392914,0.05133979767560959
2,3,64,37,0.5656099319458008,0.12124045193195343
2,3,64,38,0.38602444529533386,0.10241927951574326
2,3,64,39,0.4194081127643585,0.0739988312125206
2,3,64,40,0.31587594747543335,0.18791653215885162
2,3,64,41,0.3953908085823059,0.11879262328147888
2,3,64,42,0.4208107590675354,0.1482524573802948
2,3,64,43,0.3818590044975281,0.11388790607452393
2,3,64,44,0.46844595670700073,0.05302741378545761
2,3,64,45,0.35553178191185,0.16094183921813965
2,3,64,46,0.5060973167419434,0.20040073990821838
2,3,64,47,0.44455504417419434,0.08624710142612457
2,3,64,48,0.5638773441314697,0.07260069251060486
2,3,64,49,0.4840150475502014,0.189834326505661
2,3,64,50,0.6159431338310242,0.07579697668552399
2,3,64,51,0.4850303828716278,0.29141899943351746
2,3,64,52,0.396297425031662,0.08463104814291
2,3,64,53,0.6627089977264404,0.07590480148792267
2,3,64,54,0.465008407831192,0.2839396595954895
2,3,64,55,0.5468011498451233,0.14511263370513916
2,3,64,56,0.6064068078994751,0.15785625576972961
2,3,64,57,0.32729050517082214,0.14043359458446503
2,3,64,58,0.42420271039009094,0.11401538550853729
2,3,64,59,0.7053676247596741,0.09385255724191666
2,3,64,60,0.5227323174476624,0.0245369803160429
2,3,64,61,0.4368945062160492,0.13915063440799713
2,3,64,62,0.25987130403518677,0.08851557224988937
2,3,64,63,0.6062266230583191,0.0940629318356514
2,4,128,0,0.6259377002716064,0.12097058445215225
2,4,128,1,0.600172758102417,0.19242793321609497
2,4,128,2,0.7316665649414062,0.11710111796855927
2,4,128,3,0.4950287938117981,0.056456711143255234
2,4,128,4,0.5963277816772461,0.05213667079806328
2,4,128,5,0.4508737325668335,0.05925428867340088
2,4,128,6,0.3732350766658783,0.09682787209749222
2,4,128,7,0.6042463779449463,0.101830393075943
2,4,128,8,0.3110840320587158,0.10104840248823166
2,4,128,9,0.5133621096611023,0.10636866837739944
2,4,128,10,0.46945592761039734,0.10082320868968964
2,4,128,11,0.5533501505851746,0.1963498890399933
2,4,128,12,0.7032149434089661,0.13478831946849823
2,4,128,13,0.6346244812011719,0.10156948864459991
2,4,128,14,0.26493075489997864,0.1649618148803711
2,4,128,15,0.6720896363258362,0.1823369264602661
2,4,128,16,0.40979427099227905,0.15636204183101654
2,4,128,17,0.5032992362976074,0.10802209377288818
2,4,128,18,0.45000559091567993,0.1017075777053833
2,4,128,19,0.5083292126655579,0.08947169035673141
2,4,128,20,0.4394588768482208,0.059545569121837616
2,4,128,21,0.39285606145858765,0.11893574893474579
2,4,128,22,0.7459423542022705,0.1614469438791275
2,4,128,23,0.5672338008880615,0.15023547410964966
2,4,128,24,0.5975127816200256,0.05788614973425865
2,4,128,25,0.5638103485107422,0.17280010879039764
2,4,128,26,0.4481668770313263,0.03883080556988716
2,4,128,27,0.5282567739486694,0.05998101457953453
2,4,128,28,0.37515687942504883,0.11952591687440872
2,4,128,29,0.4066435992717743,0.0949765145778656
2,4,128,30,0.2639482319355011,0.18123392760753632
2,4,128,31,0.6253154873847961,0.10160611569881439
2,4,128,32,0.42115360498428345,0.08910868316888809
2,4,128,33,0.316317617893219,0.1371256709098816
2,4,128,34,0.2588423192501068,0.12845027446746826
2,4,128,35,0.7252240180969238,0.1645672470331192
2,4,128,36,0.4963185787200928,0.0697186142206192
2,4,128,37,0.4759175777435303,0.11842427402734756
2,4,128,38,0.6159821152687073,0.22029079496860504
2,4,128,39,0.6086754202842712,0.20306268334388733
2,4,128,40,0.7236336469650269,0.20274311304092407
2,4,128,41,0.5748680233955383,0.04547037556767464
2,4,128,42,0.7338919043540955,0.1530086100101471
2,4,128,43,0.4408104121685028,0.06223590672016144
2,4,128,44,0.31835100054740906,0.09298895299434662
2,4,128,45,0.4222452938556671,0.11133048683404922
2,4,128,46,0.3142673671245575,0.21389226615428925
2,4,128,47,0.7134511470794678,0.19369639456272125
2,4,128,48,0.5326390266418457,0.10347481071949005
2,4,128,49,0.6975193023681641,0.1538301259279251
2,4,128,50,0.5469242930412292,0.11498632282018661
2,4,128,51,0.7340283393859863,0.1757640391588211
2,4,128,52,0.592999279499054,0.15082022547721863
2,4,128,53,0.7155013084411621,0.23229524493217468
2,4,128,54,0.6560744047164917,0.14837341010570526
2,4,128,55,0.6494399309158325,0.19809040427207947
2,4,128,56,0.7358115315437317,0.20164544880390167
2,4,128,57,0.5089001655578613,0.05261056870222092
2,4,128,58,0.509793221950531,0.06616821885108948
2,4,128,59,0.6503234505653381,0.22321605682373047
2,4,128,60,0.7867153286933899,0.14086955785751343
2,4,128,61,0.63068026304245,0.11752820014953613
2,4,128,62,0.7515484690666199,0.1473238170146942
2,4,128,63,0.5978222489356995,0.1265157163143158
2,4,128,64,0.43813562393188477,0.09559367597103119
2,4,128,65,0.5550810694694519,0.036315497010946274
2,4,128,66,0.6371143460273743,0.19649769365787506
2,4,128,67,0.5220317840576172,0.09639528393745422
2,4,128,68,0.7240774631500244,0.1263829469680786
2,4,128,69,0.7603380680084229,0.1638556271791458
2,4,128,70,0.6579232811927795,0.2030690312385559
2,4,128,71,0.3788292109966278,0.06690813601016998
2,4,128,72,0.6112284064292908,0.12957949936389923
2,4,128,73,0.3608284890651703,0.07953748106956482
2,4,128,74,0.7495638728141785,0.17161835730075836
2,4,128,75,0.41644662618637085,0.08327712118625641
2,4,128,76,0.2816830277442932,0.12354040145874023
2,4,128,77,0.4316065311431885,0.1534987837076187
2,4,128,78,0.5257585048675537,0.0814402773976326
2,4,128,79,0.48702046275138855,0.05312943086028099
2,4,128,80,0.3850444555282593,0.0736866444349289
2,4,128,81,0.5269990563392639,0.14828179776668549
2,4,128,82,0.5101277828216553,0.08035565912723541
2,4,128,83,0.6463092565536499,0.08974603563547134
2,4,128,84,0.694377601146698,0.21334309875965118
2,4,128,85,0.2881719768047333,0.21270723640918732
2,4,128,86,0.45454084873199463,0.12402456253767014
2,4,128,87,0.6327622532844543,0.13955086469650269
2,4,128,88,0.30229413509368896,0.13686701655387878
2,4,128,89,0.6431164145469666,0.18459264934062958
2,4,128,90,0.6345452666282654,0.1066443994641304
2,4,128,91,0.2144915759563446,0.18055683374404907
2,4,128,92,0.7101946473121643,0.11062418669462204
2,4,128,93,0.6010921597480774,0.10288561135530472
2,4,128,94,0.4535672068595886,0.16912195086479187
2,4,128,95,0.40945813059806824,0.049363214522600174
2,4,128,96,0.5477398633956909,0.13635216653347015
2,4,128,97,0.41219955682754517,0.19645895063877106
2,4,128,98,0.551033616065979,0.060325633734464645
2,4,128,99,0.6781388521194458,0.13923461735248566
2,4,128,100,0.7097634673118591,0.1351146399974823
2,4,128,101,0.5697075128555298,0.16998445987701416
2,4,128,102,0.6125401258468628,0.20099389553070068
2,4,128,103,0.733240008354187,0.1566031277179718
2,4,128,104,0.6014958024024963,0.1966717541217804
2,4,128,105,0.7094966769218445,0.17486576735973358
2,4,128,106,0.7273722887039185,0.2219972163438797
2,4,128,107,0.569675087928772,0.13295970857143402
2,4,128,108,0.5296834111213684,0.1362244337797165
2,4,128,109,0.593760073184967,0.09011799097061157
2,4,128,110,0.65568608045578,0.18939566612243652
2,4,128,111,0.370887815952301,0.1503308117389679
2,4,128,112,0.324515163898468,0.17881393432617188
2,4,128,113,0.3215709626674652,0.13465768098831177
2,4,128,114,0.47868460416793823,0.07151666283607483
2,4,128,115,0.6635051965713501,0.1634284257888794
2,4,128,116,0.5756412148475647,0.09319329261779785
2,4,128,117,0.689232349395752,0.1730850785970688
2,4,128,118,0.7359930276870728,0.16187110543251038
2,4,128,119,0.2844584286212921,0.0921747088432312
2,4,128,120,0.6513496041297913,0.21635441482067108
2,4,128,121,0.3732515275478363,0.18998804688453674
2,4,128,122,0.6431827545166016,0.12748730182647705
2,4,128,123,0.6417765021324158,0.06134188547730446
2,4,128,124,0.49185845255851746,0.04645361751317978
2,4,128,125,0.6785939931869507,0.15945442020893097
2,4,128,126,0.5823131203651428,0.057830505073070526
2,4,128,127,0.5173026323318481,0.10240669548511505
2,5,128,0,0.35664984583854675,0.08960264921188354
2,5,128,1,0.6177712082862854,0.14767953753471375
2,5,128,2,0.7424420118331909,0.1364140659570694
2,5,128,3,0.3874460458755493,0.09803393483161926
2,5,128,4,0.3993704617023468,0.04109782725572586
2,5,128,5,0.34881046414375305,0.08975584805011749
2,5,128,6,0.3019132912158966,0.09328369796276093
2,5,128,7,0.6640674471855164,0.10802911967039108
2,5,128,8,0.6501438617706299,0.15427468717098236
2,5,128,9,0.6501641869544983,0.15769794583320618
2,5,128,10,0.6993972659111023,0.06494814157485962
2,5,128,11,0.6530359983444214,0.22999994456768036
2,5,128,12,0.7059957981109619,0.14963500201702118
2,5,128,13,0.7753881812095642,0.18487051129341125
2,5,128,14,0.7238184809684753,0.22948578000068665
2,5,128,15,0.32063713669776917,0.1930965632200241
2,5,128,16,0.3594570457935333,0.06334036588668823
2,5,128,17,0.4068927466869354,0.1081480085849762
2,5,128,18,0.6733599305152893,0.21602454781532288
2,5,128,19,0.7284203767776489,0.1965818703174591
2,5,128,20,0.4589753746986389,0.04089590162038803
2,5,128,21,0.5915168523788452,0.14328010380268097
2,5,128,22,0.38169747591018677,0.06123790144920349
2,5,128,23,0.7076624035835266,0.2576703429222107
2,5,128,24,0.7080807089805603,0.11961293965578079
2,5,128,25,0.6059456467628479,0.16283145546913147
2,5,128,26,0.43462827801704407,0.14712007343769073
2,5,128,27,0.46871355175971985,0.0662989541888237
2,5,128,28,0.42387211322784424,0.06428185105323792
2,5,128,29,0.39027392864227295,0.1904022991657257
2,5,128,30,0.5246661305427551,0.18510930240154266
2,5,128,31,0.7255949378013611,0.19609637558460236
2,5,128,32,0.760312020778656,0.2045794278383255
2,5,128,33,0.37902897596359253,0.10266385972499847
2,5,128,34,0.6404115557670593,0.23539070785045624
2,5,128,35,0.7616335153579712,0.23590382933616638
2,5,128,36,0.4770485460758209,0.029490338638424873
2,5,128,37,0.37149617075920105,0.13068942725658417
2,5,128,38,0.7592896223068237,0.17064858973026276
2,5,128,39,0.7035289406776428,0.1909836232662201
2,5,128,40,0.616576611995697,0.16607585549354553
2,5,128,41,0.6512047052383423,0.1371602565050125
2,5,128,42,0.7146629095077515,0.2021326869726181
2,5,128,43,0.5840336084365845,0.033633891493082047
2,5,128,44,0.6493019461631775,0.2647625505924225
2,5,128,45,0.3765665590763092,0.1462557315826416
2,5,128,46,0.6074206233024597,0.16475142538547516
2,5,128,47,0.731512725353241,0.22055253386497498
2,5,128,48,0.47717350721359253,0.049934402108192444
2,5,128,49,0.7366935014724731,0.22107605636119843
2,5,128,50,0.6176607608795166,0.24258233606815338
2,5,128,51,0.7079024314880371,0.197050079703331
2,5,128,52,0.683391809463501,0.20876149833202362
2,5,128,53,0.596605122089386,0.09684965014457703
2,5,128,54,0.7124099731445312,0.21421857178211212
2,5,128,55,0.6588214039802551,0.2011115550994873
2,5,128,56,0.5717706084251404,0.07390189915895462
2,5,128,57,0.6307024359703064,0.17322935163974762
2,5,128,58,0.6978495121002197,0.2747455835342407
2,5,128,59,0.6659947037696838,0.26670771837234497
2,5,128,60,0.7039889693260193,0.23425455391407013
2,5,128,61,0.7243780493736267,0.23938100039958954
2,5,128,62,0.7434191107749939,0.22524021565914154
2,5,128,63,0.6791768074035645,0.08471836894750595
2,5,128,64,0.5469819903373718,0.04783768951892853
2,5,128,65,0.5041406750679016,0.05528935790061951
2,5,128,66,0.689656674861908,0.19751571118831635
2,5,128,67,0.6908615827560425,0.21168936789035797
2,5,128,68,0.7049083709716797,0.17584580183029175
2,5,128,69,0.7907163500785828,0.16871561110019684
2,5,128,70,0.7065502405166626,0.23423485457897186
2,5,128,71,0.46144071221351624,0.01909753493964672
2,5,128,72,0.7350788116455078,0.18836894631385803
2,5,128,73,0.4114217460155487,0.1130441352725029
2,5,128,74,0.7141593098640442,0.2448817640542984
2,5,128,75,0.5694043040275574,0.046285104006528854
2,5,128,76,0.5900577902793884,0.1745682656764984
2,5,128,77,0.503204345703125,0.12157683074474335
2,5,128,78,0.2750243842601776,0.1211465373635292
2,5,128,79,0.4718531370162964,0.08778557181358337
2,5,128,80,0.518212080001831,0.17157328128814697
2,5,128,81,0.6610468626022339,0.2173582762479782
2,5,128,82,0.24107851088047028,0.16485466063022614
2,5,128,83,0.3182445466518402,0.06001440808176994
2,5,128,84,0.6988747119903564,0.2849736511707306
2,5,128,85,0.7132382392883301,0.21200957894325256
2,5,128,86,0.676842451095581,0.23803414404392242
2,5,128,87,0.7200351357460022,0.1995399445295334
2,5,128,88,0.5179109573364258,0.06910718977451324
2,5,128,89,0.7599759101867676,0.20057272911071777
2,5,128,90,0.6042389273643494,0.19586211442947388
2,5,128,91,0.632369339466095,0.11523184925317764
2,5,128,92,0.6590092778205872,0.10751591622829437
2,5,128,93,0.6701498031616211,0.0979568138718605
2,5,128,94,0.7946205735206604,0.16245299577713013
2,5,128,95,0.7317953705787659,0.17791838943958282
2,5,128,96,0.6301600337028503,0.13893046975135803
2,5,128,97,0.5389736294746399,0.13085201382637024
2,5,128,98,0.3228662610054016,0.06108398735523224
2,5,128,99,0.6610556244850159,0.22259074449539185
2,5,128,100,0.7510099411010742,0.18856973946094513
2,5,128,101,0.6995145082473755,0.2083769142627716
2,5,128,102,0.5151227116584778,0.14267447590827942
2,5,128,103,0.30117812752723694,0.17162813246250153
2,5,128,104,0.5941271781921387,0.15684905648231506
2,5,128,105,0.6431460976600647,0.2228931039571762
2,5,128,106,0.6761317849159241,0.22156085073947906
2,5,128,107,0.5115238428115845,0.21486587822437286
2,5,128,108,0.6638588905334473,0.22475866973400116
2,5,128,109,0.5807884931564331,0.04320535436272621
2,5,128,110,0.6191167235374451,0.13480709493160248
2,5,128,111,0.32979342341423035,0.2560109794139862
2,5,128,112,0.3069659471511841,0.13424524664878845
2,5,128,113,0.2742994427680969,0.22015275061130524
2,5,128,114,0.7399968504905701,0.21985091269016266
2,5,128,115,0.7413566708564758,0.2113601416349411
2,5,128,116,0.24852001667022705,0.19026796519756317
2,5,128,117,0.6546302437782288,0.17011578381061554
2,5,128,118,0.7246232628822327,0.2192634642124176
2,5,128,119,0.46474689245224,0.09180847555398941
2,5,128,120,0.7168521285057068,0.23679639399051666
2,5,128,121,0.7926132082939148,0.1308675855398178
2,5,128,122,0.5278852581977844,0.13644425570964813
2,5,128,123,0.7551514506340027,0.22037799656391144
2,5,128,124,0.6344180107116699,0.11929090321063995
2,5,128,125,0.5659813284873962,0.07483135163784027
2,5,128,126,0.5017688870429993,0.081673264503479
2,5,128,127,0.34645718336105347,0.09751071780920029
3,0,32,0,0.38680770993232727,0.04491608962416649
3,0,32,1,0.41529548168182373,0.06578795611858368
3,0,32,2,0.5721930265426636,0.06405025720596313
3,0,32,3,0.4220920205116272,0.06626804918050766
3,0,32,4,0.41776564717292786,0.08508682250976562
3,0,32,5,0.41337868571281433,0.07537684589624405
3,0,32,6,0.5737111568450928,0.09257697314023972
3,0,32,7,0.4035916030406952,0.08962693065404892
3,0,32,8,0.38568851351737976,0.03360762447118759
3,0,32,9,0.4640847146511078,0.08236964046955109
3,0,32,10,0.5056183934211731,0.045216403901576996
3,0,32,11,0.41978874802589417,0.08877749741077423
3,0,32,12,0.5809835195541382,0.05204036831855774
3,0,32,13,0.4550405740737915,0.04880887642502785
3,0,32,14,0.6390840411186218,0.06838654726743698
3,0,32,15,0.4377797842025757,0.06681795418262482
3,0,32,16,0.49783962965011597,0.09166628122329712
3,0,32,17,0.5223645567893982,0.07457178086042404
3,0,32,18,0.5097151398658752,0.10530579835176468
3,0,32,19,0.5070784091949463,0.027704741805791855
3,0,32,20,0.4684160053730011,0.07481714338064194
3,0,32,21,0.5628998279571533,0.052595242857933044
3,0,32,22,0.431560218334198,0.09660778194665909
3,0,32,23,0.3863843083381653,0.03141270950436592
3,0,32,24,0.44076281785964966,0.08040374517440796
3,0,32,25,0.4624696373939514,0.02473803609609604
3,0,32,26,0.5348039269447327,0.055269915610551834
3,0,32,27,0.41228964924812317,0.06892617791891098
3,0,32,28,0.44677621126174927,0.062230434268713
3,0,32,29,0.6106474995613098,0.04296279326081276
3,0,32,30,0.5520418286323547,0.04895297437906265
3,0,32,31,0.43479353189468384,0.045409783720970154
3,1,32,0,0.4370681345462799,0.024057257920503616
3,1,32,1,0.4992639720439911,0.031872864812612534
3,1,32,2,0.44602277874946594,0.04385747015476227
3,1,32,3,0.44763991236686707,0.01001102663576603
3,1,32,4,0.4310157299041748,0.03479569032788277
3,1,32,5,0.5447591543197632,0.05145560950040817
3,1,32,6,0.6109697222709656,0.013359514996409416
3,1,32,7,0.5212266445159912,0.047596074640750885
3,1,32,8,0.49751415848731995,0.06013263389468193
3,1,32,9,0.4441855549812317,0.05477598309516907
3,1,32,10,0.448005348443985,0.036844223737716675
3,1,32,11,0.6021078824996948,0.035483334213495255
3,1,32,12,0.402935653924942,0.019870826974511147
3,1,32,13,0.44709381461143494,0.034113988280296326
3,1,32,14,0.517055094242096,0.04485069587826729
3,1,32,15,0.36568883061408997,0.047022745013237
3,1,32,16,0.5252850651741028,0.0430305153131485
3,1,32,17,0.49355795979499817,0.015520120039582253
3,1,32,18,0.49164238572120667,0.021664580330252647
3,1,32,19,0.43132010102272034,0.014400724321603775
3,1,32,20,0.3856169879436493,0.026355769485235214
3,1,32,21,0.5621429681777954,0.028761696070432663
3,1,32,22,0.5310510993003845,0.035220157355070114
3,1,32,23,0.3741264343261719,0.018046624958515167
3,1,32,24,0.6159585118293762,0.005771638359874487
3,1,32,25,0.6493772864341736,0.032365310937166214
3,1,32,26,0.5475513339042664,0.008977489545941353
3,1,32,27,0.5294879674911499,0.033434513956308365
3,1,32,28,0.4164692163467407,0.04655206948518753
3,1,32,29,0.5217775106430054,0.0459650456905365
3,1,32,30,0.584902286529541,0.024860555306077003
3,1,32,31,0.5526849031448364,0.02791002206504345
3,2,64,0,0.4583892226219177,0.08283291012048721
3,2,64,1,0.45218172669410706,0.11570516973733902
3,2,64,2,0.562681257724762,0.10054942965507507
3,2,64,3,0.5713067650794983,0.11056677997112274
3,2,64,4,0.5460119843482971,0.09132861346006393
3,2,64,5,0.4359915852546692,0.12735553085803986
3,2,64,6,0.49797526001930237,0.07325722277164459
3,2,64,7,0.5577363967895508,0.07064224779605865
3,2,64,8,0.427537739276886,0.0810362920165062
3,2,64,9,0.6308048367500305,0.08870792388916016
3,2,64,10,0.5608726143836975,0.10858456045389175
3,2,64,11,0.5349991321563721,0.0698084682226181
3,2,64,12,0.5694210529327393,0.12933489680290222
3,2,64,13,0.5759047269821167,0.06411148607730865
3,2,64,14,0.5394442081451416,0.11575412005186081
3,2,64,15,0.5796842575073242,0.10227036476135254
3,2,64,16,0.5043686628341675,0.04452532157301903
3,2,64,17,0.42654553055763245,0.11546936631202698
3,2,64,18,0.5203975439071655,0.10445266962051392
3,2,64,19,0.5470684170722961,0.06324544548988342
3,2,64,20,0.541421115398407,0.069173164665699
3,2,64,21,0.46750742197036743,0.06633619964122772
3,2,64,22,0.46618518233299255,0.05864762142300606
3,2,64,23,0.46562761068344116,0.05443410202860832
3,2,64,24,0.6008720397949219,0.034183524549007416
3,2,64,25,0.46703702211380005,0.06781447678804398
3,2,64,26,0.3843715190887451,0.10383214056491852
3,2,64,27,0.6071850061416626,0.08360978960990906
3,2,64,28,0.5701228976249695,0.1369919329881668
3,2,64,29,0.4933122396469116,0.10337261110544205
3,2,64,30,0.4779273271560669,0.08963770419359207
3,2,64,31,0.3836953341960907,0.08015172183513641
3,2,64,32,0.4822651743888855,0.07788164913654327
3,2,64,33,0.508596658706665,0.11782506853342056
3,2,64,34,0.4270666241645813,0.05114257335662842
3,2,64,35,0.5214589834213257,0.08175589889287949
3,2,64,36,0.5526984930038452,0.06272309273481369
3,2,64,37,0.48386910557746887,0.12113834172487259
3,2,64,38,0.4726783037185669,0.0583064891397953
3,2,64,39,0.42813852429389954,0.11892260611057281
3,2,64,40,0.39406800270080566,0.08381422609090805
3,2,64,41,0.5740565061569214,0.07567117363214493
3,2,64,42,0.39781245589256287,0.0694817304611206
3,2,64,43,0.49798583984375,0.06512858718633652
3,2,64,44,0.4829159677028656,0.09300941228866577
3,2,64,45,0.4768904745578766,0.07459510862827301
3,2,64,46,0.44115573167800903,0.07835864275693893
3,2,64,47,0.41346827149391174,0.09467296302318573
3,2,64,48,0.5140886902809143,0.12051352113485336
3,2,64,49,0.41645294427871704,0.08010862022638321
3,2,64,50,0.40159091353416443,0.07815038412809372
3,2,64,51,0.416094571352005,0.1089233011007309
3,2,64,52,0.44088682532310486,0.11296994239091873
3,2,64,53,0.6252647042274475,0.0861651748418808
3,2,64,54,0.5182403326034546,0.12980112433433533
3,2,64,55,0.5238382816314697,0.09079615771770477
3,2,64,56,0.3494254946708679,0.10121338069438934
3,2,64,57,0.42536190152168274,0.039802007377147675
3,2,64,58,0.4992244243621826,0.1046210378408432
3,2,64,59,0.5254437327384949,0.11222793906927109
3,2,64,60,0.5263763666152954,0.037726547569036484
3,2,64,61,0.4618510603904724,0.07304111868143082
3,2,64,62,0.50373774766922,0.07483741641044617
3,2,64,63,0.494562566280365,0.0641072615981102
3,3,64,0,0.5606440901756287,0.08480026572942734
3,3,64,1,0.5109753608703613,0.05638379231095314
3,3,64,2,0.5852285027503967,0.05403541773557663
3,3,64,3,0.6110824346542358,0.09752793610095978
3,3,64,4,0.5630465149879456,0.05062548816204071
3,3,64,5,0.5464373826980591,0.14673607051372528
3,3,64,6,0.5915393829345703,0.063416987657547
3,3,64,7,0.6765170693397522,0.08863367885351181
3,3,64,8,0.5709556937217712,0.0332791842520237
3,3,64,9,0.33869123458862305,0.042449045926332474
3,3,64,10,0.5307152271270752,0.14369390904903412
3,3,64,11,0.5981587171554565,0.08412349969148636
3,3,64,12,0.6300029158592224,0.09510741382837296
3,3,64,13,0.3896251618862152,0.1431412696838379
3,3,64,14,0.4638071656227112,0.16039377450942993
3,3,64,15,0.5118047595024109,0.06693075597286224
3,3,64,16,0.5975212454795837,0.17299620807170868
3,3,64,17,0.45310258865356445,0.04988200217485428
3,3,64,18,0.5991976261138916,0.03750699386000633
3,3,64,19,0.5644883513450623,0.08626005798578262
3,3,64,20,0.5774317383766174,0.12168239802122116
3,3,64,21,0.43095895648002625,0.11053705960512161
3,3,64,22,0.4814627170562744,0.05949683114886284
3,3,64,23,0.5208219289779663,0.08861745148897171
3,3,64,24,0.4291408956050873,0.061566080898046494
3,3,64,25,0.45848438143730164,0.07091497629880905
3,3,64,26,0.6963474750518799,0.056458938866853714
3,3,64,27,0.6024088859558105,0.12019499391317368
3,3,64,28,0.5959906578063965,0.06611678004264832
3,3,64,29,0.41946688294410706,0.0927630141377449
3,3,64,30,0.502640962600708,0.0531795471906662
3,3,64,31,0.6353780031204224,0.08238169550895691
3,3,64,32,0.609459638595581,0.061530888080596924
3,3,64,33,0.6256991624832153,0.055222686380147934
3,3,64,34,0.5025842189788818,0.07969672977924347
3,3,64,35,0.5210952758789062,0.04134071245789528
3,3,64,36,0.3961688280105591,0.06327994912862778
3,3,64,37,0.46454617381095886,0.04295151308178902
3,3,64,38,0.3623962998390198,0.06340031325817108
3,3,64,39,0.5396935343742371,0.23538948595523834
3,3,64,40,0.44222062826156616,0.046951815485954285
3,3,64,41,0.5096356272697449,0.11428573727607727
3,3,64,42,0.6146369576454163,0.14084799587726593
3,3,64,43,0.4269505739212036,0.06091621145606041
3,3,64,44,0.5657516121864319,0.08733256161212921
3,3,64,45,0.3494071364402771,0.06592831015586853
3,3,64,46,0.5658186674118042,0.08057314902544022
3,3,64,47,0.46928298473358154,0.053274210542440414
3,3,64,48,0.5709339380264282,0.11522074043750763
3,3,64,49,0.4251934587955475,0.04707156866788864
3,3,64,50,0.537768542766571,0.047717541456222534
3,3,64,51,0.39102834463119507,0.09204599261283875
3,3,64,52,0.42631974816322327,0.15958678722381592
3,3,64,53,0.7237806916236877,0.0631677582859993
3,3,64,54,0.5119525790214539,0.05740481987595558
3,3,64,55,0.4185023307800293,0.13419920206069946
3,3,64,56,0.4246777296066284,0.03770378604531288
3,3,64,57,0.5002678632736206,0.04304691404104233
3,3,64,58,0.5203551650047302,0.13665874302387238
3,3,64,59,0.48926347494125366,0.05124211683869362
3,3,64,60,0.4605570435523987,0.09828007966279984
3,3,64,61,0.5647356510162354,0.12449385970830917
3,3,64,62,0.47183695435523987,0.08711063861846924
3,3,64,63,0.5892830491065979,0.0653848722577095
3,4,128,0,0.6468223333358765,0.26074284315109253
3,4,128,1,0.7493611574172974,0.18477697670459747
3,4,128,2,0.560322642326355,0.07503034919500351
3,4,128,3,0.35828015208244324,0.16932633519172668
3,4,128,4,0.7325586080551147,0.1969221830368042
3,4,128,5,0.601298451423645,0.238538458943367
3,4,128,6,0.6596097946166992,0.30695584416389465
3,4,128,7,0.7324562072753906,0.19609613716602325
3,4,128,8,0.6772950291633606,0.07675986737012863
3,4,128,9,0.37409332394599915,0.15971389412879944
3,4,128,10,0.5982003211975098,0.10255410522222519
3,4,128,11,0.28928253054618835,0.07886594533920288
3,4,128,12,0.6703688502311707,0.1137937530875206
3,4,128,13,0.533778190612793,0.09042826294898987
3,4,128,14,0.5135389566421509,0.20847319066524506
3,4,128,15,0.5740845203399658,0.0960710272192955
3,4,128,16,0.7202255129814148,0.2369326651096344
3,4,128,17,0.6440412998199463,0.31968575716018677
3,4,128,18,0.6586638689041138,0.1365317404270172
3,4,128,19,0.3933151960372925,0.058631833642721176
3,4,128,20,0.43716198205947876,0.12388283759355545
3,4,128,21,0.5835316181182861,0.07048202306032181
3,4,128,22,0.658438503742218,0.2141994833946228
3,4,128,23,0.4163374602794647,0.03846925124526024
3,4,128,24,0.566050112247467,0.10198599845170975
3,4,128,25,0.6489790678024292,0.2250855714082718
3,4,128,26,0.45929068326950073,0.05558409541845322
3,4,128,27,0.6638412475585938,0.17699061334133148
3,4,128,28,0.5017601847648621,0.13586489856243134
3,4,128,29,0.7319270968437195,0.21997512876987457
3,4,128,30,0.35714685916900635,0.16225281357765198
3,4,128,31,0.3371647000312805,0.05866187810897827
3,4,128,32,0.6836398839950562,0.23443308472633362
3,4,128,33,0.564882755279541,0.2574161887168884
3,4,128,34,0.4643644690513611,0.03332721069455147
3,4,128,35,0.35090652108192444,0.10585426539182663
3,4,128,36,0.7426891922950745,0.21982312202453613
3,4,128,37,0.5775370597839355,0.2004970908164978
3,4,128,38,0.22552929818630219,0.20153753459453583
3,4,128,39,0.6889230608940125,0.07621199637651443
3,4,128,40,0.5401135087013245,0.18738456070423126
3,4,128,41,0.7691322565078735,0.13028337061405182
3,4,128,42,0.5606628656387329,0.08118682354688644
3,4,128,43,0.6361411809921265,0.22977736592292786
3,4,128,44,0.629364013671875,0.26795634627342224
3,4,128,45,0.681609570980072,0.2662513554096222
3,4,128,46,0.5505217909812927,0.045259833335876465
3,4,128,47,0.6836228370666504,0.3060548007488251
3,4,128,48,0.8167091608047485,0.12597700953483582
3,4,128,49,0.7147181034088135,0.13559289276599884
3,4,128,50,0.8053860068321228,0.13239926099777222
3,4,128,51,0.712070643901825,0.08358277380466461
3,4,128,52,0.4304892420768738,0.12960989773273468
3,4,128,53,0.5832521319389343,0.17180192470550537
3,4,128,54,0.767737627029419,0.20728987455368042
3,4,128,55,0.6165981292724609,0.0940823182463646
3,4,128,56,0.6712446808815002,0.29093414545059204
3,4,128,57,0.603053867816925,0.2234637290239334
3,4,128,58,0.30314311385154724,0.08503969013690948
3,4,128,59,0.7322437167167664,0.18168166279792786
3,4,128,60,0.7400242686271667,0.11192479729652405
3,4,128,61,0.49286577105522156,0.08714776486158371
3,4,128,62,0.31617313623428345,0.17877306044101715
3,4,128,63,0.6665506362915039,0.09204237908124924
3,4,128,64,0.4770559072494507,0.09138762950897217
3,4,128,65,0.6893701553344727,0.21985843777656555
3,4,128,66,0.3246386647224426,0.10646476596593857
3,4,128,67,0.33847296237945557,0.1966823935508728
3,4,128,68,0.806388795375824,0.08912976831197739
3,4,128,69,0.45374974608421326,0.16250017285346985
3,4,128,70,0.16313119232654572,0.10264403373003006
3,4,128,71,0.7769215703010559,0.12734279036521912
3,4,128,72,0.4143126308917999,0.24481207132339478
3,4,128,73,0.42080479860305786,0.053287606686353683
3,4,128,74,0.5038331151008606,0.197228342294693
3,4,128,75,0.38471099734306335,0.09225879609584808
3,4,128,76,0.3775111734867096,0.17834030091762543
3,4,128,77,0.5818085670471191,0.18829746544361115
3,4,128,78,0.4437083601951599,0.05669581890106201
3,4,128,79,0.6211085319519043,0.2825554311275482
3,4,128,80,0.2973114550113678,0.2264234721660614
3,4,128,81,0.697327196598053,0.3097911775112152
3,4,128,82,0.6774890422821045,0.09032270312309265
3,4,128,83,0.7764736413955688,0.13823223114013672
3,4,128,84,0.7306535243988037,0.2345774620771408
3,4,128,85,0.36849716305732727,0.17315582931041718
3,4,128,86,0.45596322417259216,0.09697508811950684
3,4,128,87,0.4098868668079376,0.04182624816894531
3,4,128,88,0.3048052191734314,0.1086631789803505
3,4,128,89,0.4979289770126343,0.09592635184526443
3,4,128,90,0.6691639423370361,0.19363455474376678
3,4,128,91,0.6010931134223938,0.23165935277938843
3,4,128,92,0.6449665427207947,0.05072151869535446
3,4,128,93,0.6980946063995361,0.20556218922138214
3,4,128,94,0.6917480230331421,0.1409827172756195
3,4,128,95,0.6395424604415894,0.21528959274291992
3,4,128,96,0.6444255113601685,0.2275470644235611
3,4,128,97,0.6924014687538147,0.06235114857554436
3,4,128,98,0.6767809391021729,0.1084447056055069
3,4,128,99,0.7272830009460449,0.21059632301330566
3,4,128,100,0.6806790232658386,0.23344048857688904
3,4,128,101,0.49456119537353516,0.08129575103521347
3,4,128,102,0.7855481505393982,0.19030120968818665
3,4,128,103,0.5381876230239868,0.1724313497543335
3,4,128,104,0.44311657547950745,0.17192630469799042
3,4,128,105,0.52556312084198,0.13270428776741028
3,4,128,106,0.7430711984634399,0.11322373896837234
3,4,128,107,0.29493483901023865,0.07309433817863464
3,4,128,108,0.6835113167762756,0.2633102238178253
3,4,128,109,0.7920230627059937,0.15737639367580414
3,4,128,110,0.4917800724506378,0.05933569744229317
3,4,128,111,0.22934630513191223,0.11017344892024994
3,4,128,112,0.356425404548645,0.1952771693468094
3,4,128,113,0.30983567237854004,0.05834493041038513
3,4,128,114,0.6058805584907532,0.2653456926345825
3,4,128,115,0.5292856693267822,0.05544884130358696
3,4,128,116,0.7573155164718628,0.15866883099079132
3,4,128,117,0.7500429749488831,0.15640972554683685
3,4,128,118,0.6152151226997375,0.07797208428382874
3,4,128,119,0.5916730165481567,0.15160536766052246
3,4,128,120,0.7045705914497375,0.0662400871515274
3,4,128,121,0.439691960811615,0.17238640785217285
3,4,128,122,0.7340599894523621,0.10804683715105057
3,4,128,123,0.3528050482273102,0.0635829046368599
3,4,128,124,0.7022783160209656,0.22085987031459808
3,4,128,125,0.6695586442947388,0.14514851570129395
3,4,128,126,0.7110462784767151,0.22243010997772217
3,4,128,127,0.40104615688323975,0.17389890551567078
3,5,128,0,0.5591378808021545,0.1446303427219391
3,5,128,1,0.6147699356079102,0.06256915628910065
3,5,128,2,0.4584417939186096,0.05204372480511665
3,5,128,3,0.4605932831764221,0.10874512791633606
3,5,128,4,0.7309702634811401,0.10533269494771957
3,5,128,5,0.5398541688919067,0.05650701746344566
3,5,128,6,0.3102397918701172,0.09742312878370285
3,5,128,7,0.6129855513572693,0.0694974735379219
3,5,128,8,0.6450947523117065,0.15245796740055084
3,5,128,9,0.6974421739578247,0.08552324771881104
3,5,128,10,0.5577697157859802,0.07409743219614029
3,5,128,11,0.4852284789085388,0.046609386801719666
3,5,128,12,0.5478737950325012,0.09905698150396347
3,5,128,13,0.6462796926498413,0.0936349406838417
3,5,128,14,0.6288093328475952,0.1427765190601349
3,5,128,15,0.539409339427948,0.04053112864494324
3,5,128,16,0.52543044090271,0.12350013107061386
3,5,128,17,0.5781277418136597,0.1272766888141632
3,5,128,18,0.5302800536155701,0.07296614348888397
3,5,128,19,0.5863037705421448,0.06881344318389893
3,5,128,20,0.4018968939781189,0.11084721237421036
3,5,128,21,0.47789233922958374,0.0740383192896843
3,5,128,22,0.3551952838897705,0.04878656193614006
3,5,128,23,0.6755923628807068,0.11201497167348862
3,5,128,24,0.7022361755371094,0.14169326424598694
3,5,128,25,0.7429778575897217,0.1588980108499527
3,5,128,26,0.6492167711257935,0.1256134957075119
3,5,128,27,0.5677525401115417,0.037675485014915466
3,5,128,28,0.5407169461250305,0.03268019109964371
3,5,128,29,0.5787593126296997,0.07251757383346558
3,5,128,30,0.5262226462364197,0.10020407289266586
3,5,128,31,0.6501805782318115,0.07479652017354965
3,5,128,32,0.747590959072113,0.1634441465139389
3,5,128,33,0.39701735973358154,0.04893451929092407
3,5,128,34,0.6518139243125916,0.21296952664852142
3,5,128,35,0.583271324634552,0.09395080804824829
3,5,128,36,0.6862779259681702,0.117955781519413
3,5,128,37,0.6605276465415955,0.04251175373792648
3,5,128,38,0.7117372751235962,0.10308536887168884
3,5,128,39,0.5779204964637756,0.10535899549722672
3,5,128,40,0.5645942091941833,0.20799964666366577
3,5,128,41,0.6529818773269653,0.154752716422081
3,5,128,42,0.4300765097141266,0.07069839537143707
3,5,128,43,0.6787596940994263,0.12504558265209198
3,5,128,44,0.640256404876709,0.17783448100090027
3,5,128,45,0.542959451675415,0.14970164000988007
3,5,128,46,0.4673722982406616,0.10967313498258591
3,5,128,47,0.5663905739784241,0.03697992116212845
3,5,128,48,0.6358988285064697,0.14958684146404266
3,5,128,49,0.5795912146568298,0.11647025495767593
3,5,128,50,0.5349981784820557,0.05927450954914093
3,5,128,51,0.6571037769317627,0.04532603174448013
3,5,128,52,0.6620640158653259,0.20391879975795746
3,5,128,53,0.5134509205818176,0.10728760808706284
3,5,128,54,0.6568217277526855,0.14676733314990997
3,5,128,55,0.5902743935585022,0.03476380556821823
3,5,128,56,0.6137209534645081,0.07778514176607132
3,5,128,57,0.5090959668159485,0.04117694869637489
3,5,128,58,0.5315116047859192,0.0583706796169281
3,5,128,59,0.364376425743103,0.04915013909339905
3,5,128,60,0.7202669382095337,0.19652697443962097
3,5,128,61,0.6343563795089722,0.08371199667453766
3,5,128,62,0.6190731525421143,0.061855122447013855
3,5,128,63,0.7717767357826233,0.10489312559366226
3,5,128,64,0.3855881989002228,0.030680621042847633
3,5,128,65,0.6452850103378296,0.12947525084018707
3,5,128,66,0.7063184976577759,0.07874135673046112
3,5,128,67,0.41967758536338806,0.022785790264606476
3,5,128,68,0.7170678973197937,0.1641368418931961
3,5,128,69,0.5620705485343933,0.08962085843086243
3,5,128,70,0.5044080018997192,0.07627835869789124
3,5,128,71,0.49538466334342957,0.06332042068243027
3,5,128,72,0.5243889093399048,0.02560793235898018
3,5,128,73,0.6326478123664856,0.050029803067445755
3,5,128,74,0.483865350484848,0.10011380165815353
3,5,128,75,0.5742881894111633,0.11837880313396454
3,5,128,76,0.34121400117874146,0.10545174777507782
3,5,128,77,0.5278826951980591,0.06419654190540314
3,5,128,78,0.6371166706085205,0.2617838382720947
3,5,128,79,0.5179234743118286,0.0793861597776413
3,5,128,80,0.3202415704727173,0.07786170393228531
3,5,128,81,0.5118730068206787,0.10207531601190567
3,5,128,82,0.42675885558128357,0.12179362028837204
3,5,128,83,0.5910682082176208,0.12680697441101074
3,5,128,84,0.644859790802002,0.0475345216691494
3,5,128,85,0.33754903078079224,0.0875975638628006
3,5,128,86,0.5185437798500061,0.06186402961611748
3,5,128,87,0.7067046761512756,0.1508963257074356
3,5,128,88,0.7081874012947083,0.12651051580905914
3,5,128,89,0.6646910309791565,0.0676950141787529
3,5,128,90,0.5006629824638367,0.04091744124889374
3,5,128,91,0.6048367023468018,0.04597547650337219
3,5,128,92,0.4990482032299042,0.02048402652144432
3,5,128,93,0.5604647994041443,0.08320918679237366
3,5,128,94,0.7342739105224609,0.0946476086974144
3,5,128,95,0.6314612030982971,0.18320156633853912
3,5,128,96,0.6679102182388306,0.11989568173885345
3,5,128,97,0.3740391135215759,0.1032726988196373
3,5,128,98,0.5653560757637024,0.24168814718723297
3,5,128,99,0.6557297110557556,0.18704508244991302
3,5,128,100,0.6036050319671631,0.0606161504983902
3,5,128,101,0.5024988651275635,0.08908692747354507
3,5,128,102,0.5830283164978027,0.204367533326149
3,5,128,103,0.49054381251335144,0.057903535664081573
3,5,128,104,0.5541413426399231,0.08186367154121399
3,5,128,105,0.3760025203227997,0.0692279040813446
3,5,128,106,0.44390755891799927,0.0959615483880043
3,5,128,107,0.488456130027771,0.0949430763721466
3,5,128,108,0.6509401202201843,0.16127179563045502
3,5,128,109,0.7106842994689941,0.1223883256316185
3,5,128,110,0.6001227498054504,0.039999768137931824
3,5,128,111,0.4101446270942688,0.12624886631965637
3,5,128,112,0.5895953178405762,0.08529773354530334
3,5,128,113,0.41085192561149597,0.1548178493976593
3,5,128,114,0.4324837028980255,0.03347175195813179
3,5,128,115,0.7088941931724548,0.09189972281455994
3,5,128,116,0.5909870862960815,0.0765593945980072
3,5,128,117,0.6555176377296448,0.13723550736904144
3,5,128,118,0.43325164914131165,0.04489587992429733
3,5,128,119,0.5079680681228638,0.07487227022647858
3,5,128,120,0.558454692363739,0.07604746520519257
3,5,128,121,0.6706672310829163,0.18720485270023346
3,5,128,122,0.5430176854133606,0.04885946959257126
3,5,128,123,0.5854318737983704,0.04499185085296631
3,5,128,124,0.4000113904476166,0.13490964472293854
3,5,128,125,0.4671987295150757,0.142172709107399
3,5,128,126,0.6541541218757629,0.15787535905838013
3,5,128,127,0.5878230333328247,0.14277367293834686
4,0,32,0,0.5692340135574341,0.054406896233558655
4,0,32,1,0.43674173951148987,0.05694101005792618
4,0,32,2,0.45518043637275696,0.053613919764757156
4,0,32,3,0.6444104909896851,0.09449843317270279
4,0,32,4,0.5396387577056885,0.032040707767009735
4,0,32,5,0.4871268570423126,0.06553182005882263
4,0,32,6,0.6173250675201416,0.08279023319482803
4,0,32,7,0.674902081489563,0.05383044853806496
4,0,32,8,0.583643913269043,0.1030828133225441
4,0,32,9,0.40998220443725586,0.030852997675538063
4,0,32,10,0.5105029344558716,0.042144156992435455
4,0,32,11,0.5545989274978638,0.05867067724466324
4,0,32,12,0.5424324870109558,0.0398578979074955
4,0,32,13,0.4821684658527374,0.042648933827877045
4,0,32,14,0.38926467299461365,0.03005276992917061
4,0,32,15,0.5986527800559998,0.07067561149597168
4,0,32,16,0.56427001953125,0.03249005973339081
4,0,32,17,0.5562127232551575,0.07165858894586563
4,0,32,18,0.4653572142124176,0.0320747010409832
4,0,32,19,0.5199172496795654,0.04255238547921181
4,0,32,20,0.3563701808452606,0.047608401626348495
4,0,32,21,0.4272106885910034,0.08306907117366791
4,0,32,22,0.36547723412513733,0.06101152300834656
4,0,32,23,0.5019174218177795,0.054571472108364105
4,0,32,24,0.5307469367980957,0.0737035870552063
4,0,32,25,0.6103559136390686,0.048192232847213745
4,0,32,26,0.4227875769138336,0.04760231077671051
4,0,32,27,0.5478817820549011,0.08186674118041992
4,0,32,28,0.41185131669044495,0.06358516216278076
4,0,32,29,0.6118021011352539,0.064325712621212
4,0,32,30,0.6570684313774109,0.05524928495287895
4,0,32,31,0.6279241442680359,0.07151336222887039
4,1,32,0,0.3980180025100708,0.08966493606567383
4,1,32,1,0.49892914295196533,0.04292406141757965
4,1,32,2,0.40484389662742615,0.04724757745862007
4,1,32,3,0.5843923091888428,0.0960579589009285
4,1,32,4,0.523048996925354,0.053796008229255676
4,1,32,5,0.38965481519699097,0.07598718255758286
4,1,32,6,0.46716269850730896,0.07183188945055008
4,1,32,7,0.46102240681648254,0.011289170011878014
4,1,32,8,0.5858070254325867,0.02796519361436367
4,1,32,9,0.3590584993362427,0.05717646703124046
4,1,32,10,0.4453943073749542,0.09300815314054489
4,1,32,11,0.39415478706359863,0.06899938732385635
4,1,32,12,0.6204535365104675,0.045268166810274124
4,1,32,13,0.4743342101573944,0.09388238191604614
4,1,32,14,0.3310968279838562,0.08993520587682724
4,1,32,15,0.4837208390235901,0.03549209609627724
4,1,32,16,0.37967976927757263,0.018802346661686897
4,1,32,17,0.639710545539856,0.07739174365997314
4,1,32,18,0.4588281810283661,0.07517466694116592
4,1,32,19,0.3974131643772125,0.05164863169193268
4,1,32,20,0.6557390689849854,0.06758517026901245
4,1,32,21,0.6034346222877502,0.05459041893482208
4,1,32,22,0.40671107172966003,0.10608935356140137
4,1,32,23,0.4645397961139679,0.05186274275183678
4,1,32,24,0.4924756586551666,0.04214021936058998
4,1,32,25,0.5188663005828857,0.036366600543260574
4,1,32,26,0.6640635132789612,0.07214614748954773
4,1,32,27,0.6414098143577576,0.08958705514669418
4,1,32,28,0.46356701850891113,0.0674264207482338
4,1,32,29,0.5189412236213684,0.03326106816530228
4,1,32,30,0.44893765449523926,0.04883107170462608
4,1,32,31,0.49738597869873047,0.02713632583618164
4,2,64,0,0.4192858338356018,0.04374207183718681
4,2,64,1,0.44476547837257385,0.0419468954205513
4,2,64,2,0.41437098383903503,0.09454174339771271
4,2,64,3,0.44911906123161316,0.12766966223716736
4,2,64,4,0.6428211331367493,0.1322992593050003
4,2,64,5,0.46885186433792114,0.07507146894931793
4,2,64,6,0.41663840413093567,0.17055854201316833
4,2,64,7,0.44891026616096497,0.09230197221040726
4,2,64,8,0.6165673732757568,0.18926256895065308
4,2,64,9,0.5467318892478943,0.0882125273346901
4,2,64,10,0.48842400312423706,0.07717268913984299
4,2,64,11,0.5499266386032104,0.1738957017660141
4,2,64,12,0.4327143728733063,0.10029895603656769
4,2,64,13,0.4458133578300476,0.05792415142059326
4,2,64,14,0.40917882323265076,0.16812878847122192
4,2,64,15,0.284736692905426,0.17179971933364868
4,2,64,16,0.6389877796173096,0.10746694356203079
4,2,64,17,0.6110541820526123,0.04307913780212402
4,2,64,18,0.3727627098560333,0.06265956163406372
4,2,64,19,0.5284772515296936,0.08364111930131912
4,2,64,20,0.5702298879623413,0.1877385973930359
4,2,64,21,0.465465784072876,0.044265780597925186
4,2,64,22,0.6307869553565979,0.18414872884750366
4,2,64,23,0.40807947516441345,0.10895571112632751
4,2,64,24,0.5777165293693542,0.0891602486371994
4,2,64,25,0.5121954083442688,0.04813019558787346
4,2,64,26,0.600125789642334,0.08488800376653671
4,2,64,27,0.5742502808570862,0.12801463901996613
4,2,64,28,0.49311214685440063,0.028658989816904068
4,2,64,29,0.5477508902549744,0.07940830290317535
4,2,64,30,0.3799118399620056,0.11113165318965912
4,2,64,31,0.4069119393825531,0.04826197400689125
4,2,64,32,0.6039981245994568,0.08404400199651718
4,2,64,33,0.3442673981189728,0.18750882148742676
4,2,64,34,0.6894139051437378,0.1643839329481125
4,2,64,35,0.538791298866272,0.028925955295562744
4,2,64,36,0.3195838928222656,0.15766224265098572
4,2,64,37,0.5389837622642517,0.10689736902713776
4,2,64,38,0.5578218102455139,0.06027337163686752
4,2,64,39,0.3454728126525879,0.13147032260894775
4,2,64,40,0.5827938318252563,0.02699541300535202
4,2,64,41,0.5707564949989319,0.025210581719875336
4,2,64,42,0.3946612477302551,0.1037793755531311
4,2,64,43,0.46794435381889343,0.03963712975382805
4,2,64,44,0.3837313950061798,0.1438964605331421
4,2,64,45,0.5921787023544312,0.12265356630086899
4,2,64,46,0.31910350918769836,0.1645672470331192
4,2,64,47,0.4940670132637024,0.07566922158002853
4,2,64,48,0.4380929470062256,0.05924415960907936
4,2,64,49,0.3823772668838501,0.1788603961467743
4,2,64,50,0.4644649624824524,0.02528580091893673
4,2,64,51,0.39453980326652527,0.16045153141021729
4,2,64,52,0.5444666147232056,0.038916636258363724
4,2,64,53,0.32752469182014465,0.15807288885116577
4,2,64,54,0.5091809034347534,0.07254409044981003
4,2,64,55,0.401613712310791,0.05842500180006027
4,2,64,56,0.32171860337257385,0.1966344267129898
4,2,64,57,0.6885505318641663,0.15424001216888428
4,2,64,58,0.4936279058456421,0.06322100758552551
4,2,64,59,0.3719015121459961,0.15758197009563446
4,2,64,60,0.600209653377533,0.15990988910198212
4,2,64,61,0.7048236727714539,0.17488078773021698
4,2,64,62,0.3764791190624237,0.18599645793437958
4,2,64,63,0.5302273035049438,0.058058448135852814
4,3,64,0,0.5554230213165283,0.1594240516424179
4,3,64,1,0.43215394020080566,0.1061994656920433
4,3,64,2,0.6369009613990784,0.13879072666168213
4,3,64,3,0.6278673410415649,0.11358897387981415
4,3,64,4,0.6032891273498535,0.09265953302383423
4,3,64,5,0.4384211301803589,0.06833998113870621
4,3,64,6,0.3308315575122833,0.11292432248592377
4,3,64,7,0.5842306017875671,0.08748458325862885
4,3,64,8,0.6066811680793762,0.1499241143465042
4,3,64,9,0.6146595478057861,0.12836848199367523
4,3,64,10,0.4239480495452881,0.16965645551681519
4,3,64,11,0.5446490049362183,0.19171012938022614
4,3,64,12,0.5769767761230469,0.1315843015909195
4,3,64,13,0.565631628036499,0.06396076083183289
4,3,64,14,0.6596165299415588,0.09033042192459106
4,3,64,15,0.49591735005378723,0.18302154541015625
4,3,64,16,0.39691686630249023,0.11280044913291931
4,3,64,17,0.5619534850120544,0.25437211990356445
4,3,64,18,0.5180913805961609,0.19165882468223572
4,3,64,19,0.43680769205093384,0.09967474639415741
4,3,64,20,0.534669816493988,0.2748609781265259
4,3,64,21,0.5455915331840515,0.10146229714155197
4,3,64,22,0.615855872631073,0.08235973119735718
4,3,64,23,0.5089017748832703,0.2313244342803955
4,3,64,24,0.48521894216537476,0.18178527057170868
4,3,64,25,0.5569594502449036,0.08938485383987427
4,3,64,26,0.586603581905365,0.16406798362731934
4,3,64,27,0.4739800989627838,0.18671441078186035
4,3,64,28,0.5209313035011292,0.11312504857778549
4,3,64,29,0.4555278718471527,0.1314193159341812
4,3,64,30,0.6539243459701538,0.12276699393987656
4,3,64,31,0.4229786694049835,0.09083854407072067
4,3,64,32,0.5439228415489197,0.11577949672937393
4,3,64,33,0.7587729692459106,0.08762456476688385
4,3,64,34,0.42378944158554077,0.09978348016738892
4,3,64,35,0.5179759860038757,0.13164807856082916
4,3,64,36,0.44626957178115845,0.15021321177482605
4,3,64,37,0.47604069113731384,0.14691753685474396
4,3,64,38,0.4426136016845703,0.19350622594356537
4,3,64,39,0.5345178842544556,0.1954190880060196
4,3,64,40,0.5211517810821533,0.09431617707014084
4,3,64,41,0.6068163514137268,0.12258290499448776
4,3,64,42,0.5886586904525757,0.14855532348155975
4,3,64,43,0.3765253722667694,0.11242891103029251
4,3,64,44,0.3758775591850281,0.12046000361442566
4,3,64,45,0.47995999455451965,0.1532902866601944
4,3,64,46,0.34714004397392273,0.150076761841774
4,3,64,47,0.5002596378326416,0.1409628838300705
4,3,64,48,0.5722683668136597,0.2404719889163971
4,3,64,49,0.6207778453826904,0.20957565307617188
4,3,64,50,0.49464812874794006,0.23546046018600464
4,3,64,51,0.4577431380748749,0.24352571368217468
4,3,64,52,0.2657960057258606,0.11598078161478043
4,3,64,53,0.4939207434654236,0.0797811895608902
4,3,64,54,0.49641692638397217,0.15070392191410065
4,3,64,55,0.4848047196865082,0.1884946972131729
4,3,64,56,0.500663697719574,0.10638178139925003
4,3,64,57,0.5667209625244141,0.14245356619358063
4,3,64,58,0.3536968529224396,0.08612222969532013
4,3,64,59,0.6306918859481812,0.21676500141620636
4,3,64,60,0.7298782467842102,0.12548238039016724
4,3,64,61,0.5292752385139465,0.14415119588375092
4,3,64,62,0.5983930826187134,0.159165620803833
4,3,64,63,0.40309587121009827,0.15558329224586487
4,4,128,0,0.6626785397529602,0.12174885720014572
4,4,128,1,0.4086048901081085,0.02781577780842781
4,4,128,2,0.6091706156730652,0.09436173737049103
4,4,128,3,0.7488172054290771,0.18354704976081848
4,4,128,4,0.5724471211433411,0.08900591731071472
4,4,128,5,0.7515300512313843,0.1358833760023117
4,4,128,6,0.6204802989959717,0.04450760781764984
4,4,128,7,0.6808512210845947,0.10480675846338272
4,4,128,8,0.4637715816497803,0.02580062486231327
4,4,128,9,0.676500141620636,0.2460366189479828
4,4,128,10,0.6966524124145508,0.17855757474899292
4,4,128,11,0.48835375905036926,0.11214315891265869
4,4,128,12,0.7221263647079468,0.18146024644374847
4,4,128,13,0.5970837473869324,0.17497406899929047
4,4,128,14,0.43022653460502625,0.20209765434265137
4,4,128,15,0.46729564666748047,0.16877655684947968
4,4,128,16,0.3866042494773865,0.07763688266277313
4,4,128,17,0.44823259115219116,0.06539806723594666
4,4,128,18,0.5194223523139954,0.0927514135837555
4,4,128,19,0.45701274275779724,0.04350396618247032
4,4,128,20,0.5410100817680359,0.1987336277961731
4,4,128,21,0.7191644310951233,0.17234693467617035
4,4,128,22,0.38882914185523987,0.1626926064491272
4,4,128,23,0.4549695551395416,0.19205859303474426
4,4,128,24,0.6308847069740295,0.04451443627476692
4,4,128,25,0.5348930954933167,0.04771355912089348
4,4,128,26,0.688318133354187,0.18990595638751984
4,4,128,27,0.6852237582206726,0.19708721339702606
4,4,128,28,0.5343868732452393,0.11720302700996399
4,4,128,29,0.4246847331523895,0.0828225240111351
4,4,128,30,0.6351930499076843,0.08072983473539352
4,4,128,31,0.7143672704696655,0.18841883540153503
4,4,128,32,0.6902139186859131,0.1917489767074585
4,4,128,33,0.6121233105659485,0.2462165206670761
4,4,128,34,0.3614655137062073,0.061913665384054184
4,4,128,35,0.5214530825614929,0.0367605984210968
4,4,128,36,0.38314539194107056,0.06864050030708313
4,4,128,37,0.22788508236408234,0.1349535435438156
4,4,128,38,0.6618653535842896,0.1206427738070488
4,4,128,39,0.6178238987922668,0.06306210160255432
4,4,128,40,0.7757113575935364,0.12055322527885437
4,4,128,41,0.4420900344848633,0.17669905722141266
4,4,128,42,0.3427093029022217,0.1571582853794098
4,4,128,43,0.6094134449958801,0.04456503689289093
4,4,128,44,0.683958888053894,0.18725614249706268
4,4,128,45,0.44763118028640747,0.20071743428707123
4,4,128,46,0.6402052044868469,0.19636552035808563
4,4,128,47,0.5250245928764343,0.08131877332925797
4,4,128,48,0.48701295256614685,0.10487168282270432
4,4,128,49,0.45921188592910767,0.05198865011334419
4,4,128,50,0.4398873448371887,0.22084461152553558
4,4,128,51,0.6556967496871948,0.16593600809574127
4,4,128,52,0.6558460593223572,0.150645911693573
4,4,128,53,0.5456753969192505,0.09299592673778534
4,4,128,54,0.6711922883987427,0.0479029044508934
4,4,128,55,0.5491137504577637,0.09591425210237503
4,4,128,56,0.3781108856201172,0.05245327949523926
4,4,128,57,0.37103602290153503,0.2365570366382599
4,4,128,58,0.44910284876823425,0.10870032757520676
4,4,128,59,0.606722354888916,0.23446445167064667
4,4,128,60,0.6037594079971313,0.15241499245166779
4,4,128,61,0.7499920725822449,0.0799439549446106
4,4,128,62,0.48840945959091187,0.09137790650129318
4,4,128,63,0.7812701463699341,0.132747083902359
4,4,128,64,0.35752859711647034,0.1603614240884781
4,4,128,65,0.5739072561264038,0.1091095581650734
4,4,128,66,0.41744714975357056,0.07671777158975601
4,4,128,67,0.4592649042606354,0.06156153231859207
4,4,128,68,0.5626670718193054,0.20370875298976898
4,4,128,69,0.6182938814163208,0.07283180207014084
4,4,128,70,0.7345885634422302,0.13648125529289246
4,4,128,71,0.7106150388717651,0.1574227511882782
4,4,128,72,0.5519035458564758,0.09227119386196136
4,4,128,73,0.5624738931655884,0.26340073347091675
4,4,128,74,0.481880247592926,0.10728630423545837
4,4,128,75,0.6049482226371765,0.032488252967596054
4,4,128,76,0.37400808930397034,0.05847633630037308
4,4,128,77,0.4867153465747833,0.05842713639140129
4,4,128,78,0.390338659286499,0.19350914657115936
4,4,128,79,0.5988599061965942,0.06499801576137543
4,4,128,80,0.6185413002967834,0.190576434135437
4,4,128,81,0.633969247341156,0.06853023916482925
4,4,128,82,0.27050837874412537,0.14211520552635193
4,4,128,83,0.6449602246284485,0.18297411501407623
4,4,128,84,0.537679135799408,0.10318895429372787
4,4,128,85,0.4837552011013031,0.14950159192085266
4,4,128,86,0.6618085503578186,0.05246618017554283
4,4,128,87,0.6364384889602661,0.1592881828546524
4,4,128,88,0.4727564752101898,0.11810828000307083
4,4,128,89,0.5094722509384155,0.0634787455201149
4,4,128,90,0.7001516819000244,0.14197209477424622
4,4,128,91,0.6189769506454468,0.08004596829414368
4,4,128,92,0.5097396373748779,0.08898868411779404
4,4,128,93,0.5764632225036621,0.10512349009513855
4,4,128,94,0.4365982115268707,0.10514665395021439
4,4,128,95,0.8014242649078369,0.128769189119339
4,4,128,96,0.4732934534549713,0.07183796167373657
4,4,128,97,0.7140364646911621,0.13355079293251038
4,4,128,98,0.5449968576431274,0.14201873540878296
4,4,128,99,0.5870210528373718,0.1168103814125061
4,4,128,100,0.7020922899246216,0.091021828353405
4,4,128,101,0.7586422562599182,0.16081106662750244
4,4,128,102,0.7525783777236938,0.14578188955783844
4,4,128,103,0.6040117144584656,0.1633908450603485
4,4,128,104,0.3573894798755646,0.20296210050582886
4,4,128,105,0.6581062078475952,0.1480906754732132
4,4,128,106,0.6775504350662231,0.2428285777568817
4,4,128,107,0.6575115323066711,0.17999982833862305
4,4,128,108,0.6158254146575928,0.07111157476902008
4,4,128,109,0.7458500862121582,0.1365399956703186
4,4,128,110,0.7419260740280151,0.20470616221427917
4,4,128,111,0.37079140543937683,0.09683460742235184
4,4,128,112,0.5978744626045227,0.05889468267560005
4,4,128,113,0.7159010171890259,0.10330972075462341
4,4,128,114,0.7192648649215698,0.12787893414497375
4,4,128,115,0.35797667503356934,0.103448785841465
4,4,128,116,0.4049009680747986,0.14746734499931335
4,4,128,117,0.47362107038497925,0.06760464608669281
4,4,128,118,0.5207716226577759,0.09506753087043762
4,4,128,119,0.5732772350311279,0.16848649084568024
4,4,128,120,0.6471417546272278,0.11224013566970825
4,4,128,121,0.3157973885536194,0.07144840061664581
4,4,128,122,0.5448881983757019,0.05203251913189888
4,4,128,123,0.37460073828697205,0.0841720774769783
4,4,128,124,0.3827773928642273,0.0930839255452156
4,4,128,125,0.5340440273284912,0.08624492585659027
4,4,128,126,0.64674311876297,0.06812439858913422
4,4,128,127,0.581562876701355,0.05464937165379524
4,5,128,0,0.5793452262878418,0.11144279688596725
4,5,128,1,0.5694245100021362,0.0685877650976181
4,5,128,2,0.4940192699432373,0.10955800116062164
4,5,128,3,0.660578191280365,0.2044685035943985
4,5,128,4,0.5569418668746948,0.1074284091591835
4,5,128,5,0.5957972407341003,0.09846094250679016
4,5,128,6,0.5914207696914673,0.06150662899017334
4,5,128,7,0.5917357802391052,0.167079359292984
4,5,128,8,0.540647566318512,0.07950123399496078
4,5,128,9,0.5309246778488159,0.05501638352870941
4,5,128,10,0.6150933504104614,0.0567377433180809
4,5,128,11,0.5528022050857544,0.0826534777879715
4,5,128,12,0.6640492081642151,0.2377883791923523
4,5,128,13,0.6959627866744995,0.10431376844644547
4,5,128,14,0.6978387236595154,0.128703773021698
4,5,128,15,0.3850702941417694,0.12846656143665314
4,5,128,16,0.692732572555542,0.09474331885576248
4,5,128,17,0.7207521796226501,0.14952106773853302
4,5,128,18,0.49424830079078674,0.11744652688503265
4,5,128,19,0.42597347497940063,0.09643178433179855
4,5,128,20,0.5533316731452942,0.16366609930992126
4,5,128,21,0.6399347186088562,0.20407499372959137
4,5,128,22,0.5862818956375122,0.13606306910514832
4,5,128,23,0.44884708523750305,0.047190964221954346
4,5,128,24,0.6284765005111694,0.15847592055797577
4,5,128,25,0.5223670601844788,0.14105325937271118
4,5,128,26,0.667594313621521,0.14628517627716064
4,5,128,27,0.6908836960792542,0.07395564019680023
4,5,128,28,0.5053786635398865,0.09850672632455826
4,5,128,29,0.6083658933639526,0.09619011729955673
4,5,128,30,0.6095424890518188,0.08685006946325302
4,5,128,31,0.7227692008018494,0.1777171492576599
4,5,128,32,0.6456794142723083,0.1258910745382309
4,5,128,33,0.6253990530967712,0.23792628943920135
4,5,128,34,0.5076392889022827,0.12439911812543869
4,5,128,35,0.7904438376426697,0.09952760487794876
4,5,128,36,0.5458665490150452,0.08751225471496582
4,5,128,37,0.546413779258728,0.16167663037776947
4,5,128,38,0.6771111488342285,0.09585008025169373
4,5,128,39,0.5041946768760681,0.11821115761995316
4,5,128,40,0.7019178867340088,0.14494740962982178
4,5,128,41,0.6892815232276917,0.15420247614383698
4,5,128,42,0.5246191024780273,0.08844158798456192
4,5,128,43,0.5372382402420044,0.15642400085926056
4,5,128,44,0.6557613015174866,0.20156307518482208
4,5,128,45,0.4274703562259674,0.13541929423809052
4,5,128,46,0.6424945592880249,0.1264301985502243
4,5,128,47,0.5507945418357849,0.04253208637237549
4,5,128,48,0.49901530146598816,0.10024639219045639
4,5,128,49,0.611521303653717,0.16671724617481232
4,5,128,50,0.6357259750366211,0.12826964259147644
4,5,128,51,0.486484169960022,0.1423393189907074
4,5,128,52,0.530741274356842,0.040204379707574844
4,5,128,53,0.57597815990448,0.19847369194030762
4,5,128,54,0.4758901298046112,0.12193088233470917
4,5,128,55,0.7939856648445129,0.12067077308893204
4,5,128,56,0.42635709047317505,0.03646792843937874
4,5,128,57,0.637479841709137,0.08550690859556198
4,5,128,58,0.5393324494361877,0.023474952206015587
4,5,128,59,0.47753357887268066,0.06100829318165779
4,5,128,60,0.5299595594406128,0.035360731184482574
4,5,128,61,0.7137782573699951,0.17128565907478333
4,5,128,62,0.6314617991447449,0.12351441383361816
4,5,128,63,0.5528547763824463,0.11617196351289749
4,5,128,64,0.4262722134590149,0.03989972919225693
4,5,128,65,0.6133426427841187,0.1738298237323761
4,5,128,66,0.5605282187461853,0.03541072458028793
4,5,128,67,0.7195770144462585,0.12330020219087601
4,5,128,68,0.5123184323310852,0.10804353654384613
4,5,128,69,0.5866924524307251,0.08645244687795639
4,5,128,70,0.70708829164505,0.10190282016992569
4,5,128,71,0.6993286609649658,0.1590126007795334
4,5,128,72,0.7277964949607849,0.12127138674259186
4,5,128,73,0.6019104719161987,0.22004307806491852
4,5,128,74,0.5609378218650818,0.03175993263721466
4,5,128,75,0.48402079939842224,0.06679274141788483
4,5,128,76,0.6909439563751221,0.17321547865867615
4,5,128,77,0.5236883759498596,0.031091874465346336
4,5,128,78,0.5459606051445007,0.07655376940965652
4,5,128,79,0.6765637397766113,0.13478748500347137
4,5,128,80,0.6831925511360168,0.19932515919208527
4,5,128,81,0.6137328743934631,0.09468173235654831
4,5,128,82,0.47244992852211,0.04064085707068443
4,5,128,83,0.6304743885993958,0.13607890903949738
4,5,128,84,0.4299308657646179,0.13810878992080688
4,5,128,85,0.3705666661262512,0.21713127195835114
4,5,128,86,0.6528515815734863,0.08329268544912338
4,5,128,87,0.5675252676010132,0.20927706360816956
4,5,128,88,0.5755614638328552,0.07134699076414108
4,5,128,89,0.4532395601272583,0.08533123135566711
4,5,128,90,0.715603768825531,0.18007738888263702
4,5,128,91,0.6743020415306091,0.09325902909040451
4,5,128,92,0.7296963930130005,0.20742559432983398
4,5,128,93,0.5059758424758911,0.08713527768850327
4,5,128,94,0.6123794913291931,0.058204635977745056
4,5,128,95,0.6641574501991272,0.08256033807992935
4,5,128,96,0.6276264786720276,0.04887755960226059
4,5,128,97,0.667424738407135,0.1925671398639679
4,5,128,98,0.6868427991867065,0.08978722244501114
4,5,128,99,0.6096236705780029,0.22205804288387299
4,5,128,100,0.5018970966339111,0.055227454751729965
4,5,128,101,0.5760033130645752,0.0957198441028595
4,5,128,102,0.7401325106620789,0.13057255744934082
4,5,128,103,0.5575000047683716,0.15910717844963074
4,5,128,104,0.7372925281524658,0.11405306309461594
4,5,128,105,0.6080251932144165,0.17291180789470673
4,5,128,106,0.5478116273880005,0.17943331599235535
4,5,128,107,0.6208016276359558,0.14106912910938263
4,5,128,108,0.6506040692329407,0.1421332210302353
4,5,128,109,0.6665769815444946,0.10114718228578568
4,5,128,110,0.6956773400306702,0.25224125385284424
4,5,128,111,0.5605325698852539,0.06640757620334625
4,5,128,112,0.47416895627975464,0.07868178933858871
4,5,128,113,0.5300007462501526,0.04430662468075752
4,5,128,114,0.379903107881546,0.10375431925058365
4,5,128,115,0.6075596809387207,0.06101592630147934
4,5,128,116,0.3280693590641022,0.1667548418045044
4,5,128,117,0.799407958984375,0.12557406723499298
4,5,128,118,0.6660343408584595,0.17846734821796417
4,5,128,119,0.41148748993873596,0.08065662533044815
4,5,128,120,0.7177387475967407,0.09011851996183395
4,5,128,121,0.5794309377670288,0.2633192837238312
4,5,128,122,0.5602032542228699,0.12848882377147675
4,5,128,123,0.6555796265602112,0.1103963553905487
4,5,128,124,0.47901198267936707,0.046961575746536255
4,5,128,125,0.42625588178634644,0.14416953921318054
4,5,128,126,0.5387569665908813,0.03547284007072449
4,5,128,127,0.5061827898025513,0.09155332297086716
5,0,32,0,0.6107019782066345,0.025668341666460037
5,0,32,1,0.587438702583313,0.05628611147403717
5,0,32,2,0.5229241251945496,0.03657044097781181
5,0,32,3,0.501009464263916,0.019238963723182678
5,0,32,4,0.4992426633834839,0.057640738785266876
5,0,32,5,0.54100501537323,0.021685047075152397
5,0,32,6,0.5629141926765442,0.02852821908891201
5,0,32,7,0.5378776788711548,0.038768891245126724
5,0,32,8,0.542227566242218,0.01961410604417324
5,0,32,9,0.47286343574523926,0.02828792855143547
5,0,32,10,0.6053037047386169,0.023555969819426537
5,0,32,11,0.4885123670101166,0.062385816127061844
5,0,32,12,0.42439886927604675,0.027664629742503166
5,0,32,13,0.515086829662323,0.02762874774634838
5,0,32,14,0.5618606209754944,0.07651980221271515
5,0,32,15,0.46349650621414185,0.03994743525981903
5,0,32,16,0.47600147128105164,0.031996939331293106
5,0,32,17,0.4361764192581177,0.029881758615374565
5,0,32,18,0.5015349388122559,0.027208596467971802
5,0,32,19,0.6000592708587646,0.052286986261606216
5,0,32,20,0.4724176824092865,0.047921307384967804
5,0,32,21,0.5041316747665405,0.027970286086201668
5,0,32,22,0.5010207295417786,0.028647521510720253
5,0,32,23,0.5274931192398071,0.023375142365694046
5,0,32,24,0.5989511609077454,0.06566661596298218
5,0,32,25,0.4535355269908905,0.036337465047836304
5,0,32,26,0.4546489417552948,0.03313596919178963
5,0,32,27,0.48205259442329407,0.04137851297855377
5,0,32,28,0.48669955134391785,0.017452148720622063
5,0,32,29,0.40495532751083374,0.03781720995903015
5,0,32,30,0.4385705590248108,0.03624996542930603
5,0,32,31,0.40050631761550903,0.036339908838272095
5,1,32,0,0.43716558814048767,0.039198413491249084
5,1,32,1,0.5619235038757324,0.017037125304341316
5,1,32,2,0.6235225796699524,0.03576657921075821
5,1,32,3,0.541074275970459,0.046212438493967056
5,1,32,4,0.4678267538547516,0.037227313965559006
5,1,32,5,0.48266860842704773,0.014607605524361134
5,1,32,6,0.5314804315567017,0.03143811970949173
5,1,32,7,0.4269165098667145,0.04786110669374466
5,1,32,8,0.4948062300682068,0.033130381256341934
5,1,32,9,0.4144207835197449,0.04797826334834099
5,1,32,10,0.41416776180267334,0.023871932178735733
5,1,32,11,0.5910170674324036,0.03451092913746834
5,1,32,12,0.47959059476852417,0.05140217766165733
5,1,32,13,0.5744994282722473,0.020618721842765808
5,1,32,14,0.4930855631828308,0.06140706688165665
5,1,32,15,0.4059165418148041,0.04656325653195381
5,1,32,16,0.5695303082466125,0.04717336967587471
5,1,32,17,0.5497593879699707,0.03796860948204994
5,1,32,18,0.46080607175827026,0.04541819542646408
5,1,32,19,0.4173548221588135,0.04015958681702614
5,1,32,20,0.5412247776985168,0.04411407932639122
5,1,32,21,0.44058674573898315,0.03778431564569473
5,1,32,22,0.38458994030952454,0.036914851516485214
5,1,32,23,0.5488633513450623,0.037876907736063004
5,1,32,24,0.5960639119148254,0.014330558478832245
5,1,32,25,0.5102584958076477,0.04450371488928795
5,1,32,26,0.43195873498916626,0.012093731202185154
5,1,32,27,0.4475291669368744,0.016787275671958923
5,1,32,28,0.49265190958976746,0.0335732065141201
5,1,32,29,0.6297389268875122,0.02500009909272194
5,1,32,30,0.44177600741386414,0.040020350366830826
5,1,32,31,0.546868085861206,0.03407280892133713
5,2,64,0,0.511380672454834,0.09541165828704834
5,2,64,1,0.531680166721344,0.0737907737493515
5,2,64,2,0.5461517572402954,0.057610247284173965
5,2,64,3,0.44041556119918823,0.037789106369018555
5,2,64,4,0.5214285254478455,0.04630541056394577
5,2,64,5,0.528132975101471,0.08728141337633133
5,2,64,6,0.4912450611591339,0.03596669062972069
5,2,64,7,0.44694337248802185,0.0698123350739479
5,2,64,8,0.569194495677948,0.0723799467086792
5,2,64,9,0.44904306530952454,0.07066017389297485
5,2,64,10,0.5742164850234985,0.056739844381809235
5,2,64,11,0.5014935731887817,0.061863064765930176
5,2,64,12,0.4089048206806183,0.030968884006142616
5,2,64,13,0.4735265076160431,0.04884301871061325
5,2,64,14,0.5650711059570312,0.04698265343904495
5,2,64,15,0.40565288066864014,0.07507922500371933
5,2,64,16,0.6237269043922424,0.05461433157324791
5,2,64,17,0.6215723156929016,0.06481236964464188
5,2,64,18,0.4661586284637451,0.09087705612182617
5,2,64,19,0.5189865231513977,0.07738179713487625
5,2,64,20,0.4668213725090027,0.07799553871154785
5,2,64,21,0.44842422008514404,0.03985442966222763
5,2,64,22,0.46891406178474426,0.07629593461751938
5,2,64,23,0.42081594467163086,0.05939183011651039
5,2,64,24,0.48658788204193115,0.031143316999077797
5,2,64,25,0.5050400495529175,0.052921704947948456
5,2,64,26,0.4736930727958679,0.09380429983139038
5,2,64,27,0.5152803063392639,0.04649775102734566
5,2,64,28,0.5566629767417908,0.04161260277032852
5,2,64,29,0.445298433303833,0.04714103788137436
5,2,64,30,0.412689208984375,0.06016180291771889
5,2,64,31,0.48405852913856506,0.10904788970947266
5,2,64,32,0.5065937042236328,0.10213581472635269
5,2,64,33,0.5355048179626465,0.0505574494600296
5,2,64,34,0.5859897136688232,0.054711561650037766
5,2,64,35,0.47308534383773804,0.035116203129291534
5,2,64,36,0.42620572447776794,0.07847246527671814
5,2,64,37,0.5564358830451965,0.0826343521475792
5,2,64,38,0.512243390083313,0.04471782594919205
5,2,64,39,0.5602835416793823,0.07743574678897858
5,2,64,40,0.5032627582550049,0.02968475967645645
5,2,64,41,0.5439874529838562,0.03882743418216705
5,2,64,42,0.4938914477825165,0.0616118423640728
5,2,64,43,0.505355954170227,0.06263072788715363
5,2,64,44,0.4703049659729004,0.05322348326444626
5,2,64,45,0.5355448126792908,0.06275781244039536
5,2,64,46,0.43155622482299805,0.06741275638341904
5,2,64,47,0.5463957190513611,0.08816956728696823
5,2,64,48,0.4764179289340973,0.030132625252008438
5,2,64,49,0.581308901309967,0.04481937363743782
5,2,64,50,0.4957541227340698,0.05515045300126076
5,2,64,51,0.502581775188446,0.06609202921390533
5,2,64,52,0.455180287361145,0.06965930759906769
5,2,64,53,0.42957714200019836,0.10381484031677246
5,2,64,54,0.5560030937194824,0.045295488089323044
5,2,64,55,0.4695359170436859,0.05212555453181267
5,2,64,56,0.4207209050655365,0.0433063767850399
5,2,64,57,0.598483681678772,0.025349264964461327
5,2,64,58,0.6116244792938232,0.06120187044143677
5,2,64,59,0.4923439621925354,0.09178540110588074
5,2,64,60,0.39428916573524475,0.07412417232990265
5,2,64,61,0.4028308391571045,0.037022195756435394
5,2,64,62,0.48785266280174255,0.07136797159910202
5,2,64,63,0.445963591337204,0.044037386775016785
5,3,64,0,0.5341748595237732,0.09250062704086304
5,3,64,1,0.597669243812561,0.12270843237638474
5,3,64,2,0.46456998586654663,0.03691026568412781
5,3,64,3,0.28698816895484924,0.09506082534790039
5,3,64,4,0.6387957334518433,0.03664412349462509
5,3,64,5,0.6364898085594177,0.16425937414169312
5,3,64,6,0.6486890316009521,0.12424483895301819
5,3,64,7,0.6350367665290833,0.06296360492706299
5,3,64,8,0.48006314039230347,0.02640138380229473
5,3,64,9,0.47595861554145813,0.14339391887187958
5,3,64,10,0.45243558287620544,0.06548965722322464
5,3,64,11,0.5213278532028198,0.02758074551820755
5,3,64,12,0.454891175031662,0.062012914568185806
5,3,64,13,0.36000585556030273,0.028790725395083427
5,3,64,14,0.36395424604415894,0.049521055072546005
5,3,64,15,0.29993441700935364,0.0702965036034584
5,3,64,16,0.535642147064209,0.07612182199954987
5,3,64,17,0.6221421957015991,0.060813773423433304
5,3,64,18,0.5155932903289795,0.040460892021656036
5,3,64,19,0.6569859385490417,0.11497624218463898
5,3,64,20,0.35355398058891296,0.06750553101301193
5,3,64,21,0.537186861038208,0.0332501195371151
5,3,64,22,0.6824966073036194,0.1636611968278885
5,3,64,23,0.44423744082450867,0.08601965755224228
5,3,64,24,0.5794322490692139,0.11596763134002686
5,3,64,25,0.5226848721504211,0.07606955617666245
5,3,64,26,0.4083044230937958,0.0839681327342987
5,3,64,27,0.549591600894928,0.09419866651296616
5,3,64,28,0.3419189155101776,0.07393688708543777
5,3,64,29,0.581066906452179,0.06342583894729614
5,3,64,30,0.7477719783782959,0.15089526772499084
5,3,64,31,0.41972672939300537,0.07105080783367157
5,3,64,32,0.5065620541572571,0.08048402518033981
5,3,64,33,0.5178192257881165,0.0419013574719429
5,3,64,34,0.5418792963027954,0.062278855592012405
5,3,64,35,0.43173807859420776,0.05950995534658432
5,3,64,36,0.6907786726951599,0.07635171711444855
5,3,64,37,0.5842015147209167,0.058543261140584946
5,3,64,38,0.6586460471153259,0.1599264293909073
5,3,64,39,0.6045739650726318,0.18900951743125916
5,3,64,40,0.4493729770183563,0.15276280045509338
5,3,64,41,0.5822357535362244,0.11146716773509979
5,3,64,42,0.423922061920166,0.0857127383351326
5,3,64,43,0.2886808514595032,0.08868208527565002
5,3,64,44,0.48495009541511536,0.017941255122423172
5,3,64,45,0.4225446581840515,0.05362715572118759
5,3,64,46,0.5313788652420044,0.05433545634150505
5,3,64,47,0.41713282465934753,0.11261285096406937
5,3,64,48,0.6072940230369568,0.06944435089826584
5,3,64,49,0.5166398286819458,0.08382688462734222
5,3,64,50,0.5574553608894348,0.06314515322446823
5,3,64,51,0.39228472113609314,0.10242049396038055
5,3,64,52,0.6974433660507202,0.11754041165113449
5,3,64,53,0.37306568026542664,0.13216257095336914
5,3,64,54,0.5840849280357361,0.08297734707593918
5,3,64,55,0.37153083086013794,0.12016162276268005
5,3,64,56,0.7126821875572205,0.08209498226642609
5,3,64,57,0.7150897979736328,0.19290010631084442
5,3,64,58,0.5536128878593445,0.053363244980573654
5,3,64,59,0.6340949535369873,0.05540242791175842
5,3,64,60,0.3374019265174866,0.053249627351760864
5,3,64,61,0.5890356302261353,0.08599980175495148
5,3,64,62,0.6966288685798645,0.10394415259361267
5,3,64,63,0.5407077670097351,0.013656221330165863
5,4,128,0,0.6905481219291687,0.14655546844005585
5,4,128,1,0.6034325361251831,0.055054426193237305
5,4,128,2,0.5940021276473999,0.12142918258905411
5,4,128,3,0.5871527194976807,0.055847443640232086
5,4,128,4,0.6152679920196533,0.14646710455417633
5,4,128,5,0.5538769364356995,0.035715386271476746
5,4,128,6,0.5879827737808228,0.1013571098446846
5,4,128,7,0.6070820093154907,0.06745174527168274
5,4,128,8,0.6294906735420227,0.11618851870298386
5,4,128,9,0.5558982491493225,0.04471614956855774
5,4,128,10,0.4926035702228546,0.07840596139431
5,4,128,11,0.5669063925743103,0.07290337979793549
5,4,128,12,0.6240159273147583,0.0861821249127388
5,4,128,13,0.5621206164360046,0.12136619538068771
5,4,128,14,0.7533629536628723,0.14986170828342438
5,4,128,15,0.4710938632488251,0.04555223882198334
5,4,128,16,0.572847843170166,0.08852989971637726
5,4,128,17,0.49929723143577576,0.08952851593494415
5,4,128,18,0.6189118027687073,0.0734877660870552
5,4,128,19,0.44780221581459045,0.04283406585454941
5,4,128,20,0.4099135398864746,0.08810769021511078
5,4,128,21,0.3993399143218994,0.08908693492412567
5,4,128,22,0.6094396114349365,0.1433233618736267
5,4,128,23,0.4353235960006714,0.03451158106327057
5,4,128,24,0.6438987255096436,0.10860179364681244
5,4,128,25,0.3234088718891144,0.07944581657648087
5,4,128,26,0.644438624382019,0.039502356201410294
5,4,128,27,0.5808788537979126,0.08516722917556763
5,4,128,28,0.3813930153846741,0.1511252373456955
5,4,128,29,0.45555412769317627,0.03744872659444809
5,4,128,30,0.5672787427902222,0.07553257048130035
5,4,128,31,0.41344696283340454,0.11968586593866348
5,4,128,32,0.34142449498176575,0.08253150433301926
5,4,128,33,0.4910964071750641,0.07703491300344467
5,4,128,34,0.4813081622123718,0.041917331516742706
5,4,128,35,0.49867329001426697,0.10770834982395172
5,4,128,36,0.3253479301929474,0.0625368058681488
5,4,128,37,0.554407000541687,0.09533729404211044
5,4,128,38,0.6408950090408325,0.053242702037096024
5,4,128,39,0.6015698909759521,0.09384313225746155
5,4,128,40,0.4302423298358917,0.04471921548247337
5,4,128,41,0.4771629869937897,0.07211640477180481
5,4,128,42,0.4274349808692932,0.032552145421504974
5,4,128,43,0.5277110934257507,0.06539561599493027
5,4,128,44,0.4781526029109955,0.06824080646038055
5,4,128,45,0.4874015748500824,0.04204936698079109
5,4,128,46,0.539831280708313,0.05577733740210533
5,4,128,47,0.5549739003181458,0.11620777100324631
5,4,128,48,0.48004674911499023,0.03398409113287926
5,4,128,49,0.6054317951202393,0.126856729388237
5,4,128,50,0.6251665353775024,0.07516428083181381
5,4,128,51,0.5438440442085266,0.06338099390268326
5,4,128,52,0.5240647196769714,0.07097844779491425
5,4,128,53,0.4763835370540619,0.0420953668653965
5,4,128,54,0.41651615500450134,0.04750080034136772
5,4,128,55,0.45169344544410706,0.059979185461997986
5,4,128,56,0.6877731084823608,0.10261481255292892
5,4,128,57,0.4794689118862152,0.03739995136857033
5,4,128,58,0.5555582046508789,0.15491291880607605
5,4,128,59,0.6541219353675842,0.15917998552322388
5,4,128,60,0.5931904911994934,0.07394217699766159
5,4,128,61,0.6747733950614929,0.16540992259979248
5,4,128,62,0.5828834772109985,0.07834502309560776
5,4,128,63,0.6091791391372681,0.08444501459598541
5,4,128,64,0.4262799322605133,0.079922616481781
5,4,128,65,0.5369573831558228,0.07553845643997192
5,4,128,66,0.6460920572280884,0.13358069956302643
5,4,128,67,0.5672020316123962,0.12424815446138382
5,4,128,68,0.5456182360649109,0.10222207009792328
5,4,128,69,0.4061412513256073,0.11037605255842209
5,4,128,70,0.6560593247413635,0.07743024826049805
5,4,128,71,0.7185227274894714,0.10667247325181961
5,4,128,72,0.4838801622390747,0.0595133975148201
5,4,128,73,0.7262343764305115,0.1236533373594284
5,4,128,74,0.4993264675140381,0.08305397629737854
5,4,128,75,0.48007452487945557,0.11541471630334854
5,4,128,76,0.6161287426948547,0.11057592928409576
5,4,128,77,0.5871635675430298,0.1296302080154419
5,4,128,78,0.5823410749435425,0.04253391548991203
5,4,128,79,0.6448736190795898,0.1617828607559204
5,4,128,80,0.5559824109077454,0.10965549200773239
5,4,128,81,0.6316604018211365,0.13008995354175568
5,4,128,82,0.3433069586753845,0.12401092797517776
5,4,128,83,0.613131046295166,0.16928532719612122
5,4,128,84,0.6723489761352539,0.09265061467885971
5,4,128,85,0.6090566515922546,0.05880885571241379
5,4,128,86,0.498026579618454,0.062156882137060165
5,4,128,87,0.39775994420051575,0.03104599192738533
5,4,128,88,0.3684953451156616,0.05917809531092644
5,4,128,89,0.3938634395599365,0.10260163247585297
5,4,128,90,0.5987339615821838,0.060071785002946854
5,4,128,91,0.5640723705291748,0.13160309195518494
5,4,128,92,0.46806207299232483,0.06785981357097626
5,4,128,93,0.4152333736419678,0.04201192036271095
5,4,128,94,0.5053807497024536,0.05026949942111969
5,4,128,95,0.4824371039867401,0.036835409700870514
5,4,128,96,0.4899972975254059,0.04428481683135033
5,4,128,97,0.42593100666999817,0.06075113266706467
5,4,128,98,0.46591612696647644,0.09014637768268585
5,4,128,99,0.5681976079940796,0.043064847588539124
5,4,128,100,0.42501670122146606,0.10893088579177856
5,4,128,101,0.5645055174827576,0.06171556934714317
5,4,128,102,0.6424591541290283,0.07744254171848297
5,4,128,103,0.6701419353485107,0.1198718398809433
5,4,128,104,0.6747027635574341,0.11613129824399948
5,4,128,105,0.584679365158081,0.0734393522143364
5,4,128,106,0.49828335642814636,0.11944269388914108
5,4,128,107,0.4710894525051117,0.16280637681484222
5,4,128,108,0.6667011976242065,0.13951221108436584
5,4,128,109,0.486812561750412,0.06848341971635818
5,4,128,110,0.49464231729507446,0.07723316550254822
5,4,128,111,0.7137221097946167,0.09705280512571335
5,4,128,112,0.3877815306186676,0.051742035895586014
5,4,128,113,0.4420335292816162,0.030687203630805016
5,4,128,114,0.6461175680160522,0.07247883081436157
5,4,128,115,0.45878514647483826,0.0976780503988266
5,4,128,116,0.40278083086013794,0.1342771351337433
5,4,128,117,0.584880530834198,0.09681397676467896
5,4,128,118,0.6743893027305603,0.09182129055261612
5,4,128,119,0.5753639936447144,0.06548292934894562
5,4,128,120,0.5552605986595154,0.1382424533367157
5,4,128,121,0.6570215821266174,0.1114506796002388
5,4,128,122,0.6754685640335083,0.1074293851852417
5,4,128,123,0.4040983319282532,0.11645112186670303
5,4,128,124,0.6911348104476929,0.11604434996843338
5,4,128,125,0.43172457814216614,0.04077984765172005
5,4,128,126,0.6535560488700867,0.1125197559595108
5,4,128,127,0.42512959241867065,0.06295140832662582
5,5,128,0,0.49883580207824707,0.05293957144021988
5,5,128,1,0.5050503611564636,0.08062475174665451
5,5,128,2,0.5020102262496948,0.06494332104921341
5,5,128,3,0.5308897495269775,0.03424951806664467
5,5,128,4,0.4042800962924957,0.0854954719543457
5,5,128,5,0.6212016940116882,0.16686610877513885
5,5,128,6,0.6046690344810486,0.059821609407663345
5,5,128,7,0.6964355111122131,0.23206132650375366
5,5,128,8,0.5280613303184509,0.13043959438800812
5,5,128,9,0.6281312704086304,0.1947227418422699
5,5,128,10,0.580808162689209,0.21830634772777557
5,5,128,11,0.5671529769897461,0.06393025815486908
5,5,128,12,0.6413693428039551,0.20704810321331024
5,5,128,13,0.49854087829589844,0.1117999255657196
5,5,128,14,0.6232703924179077,0.1384410858154297
5,5,128,15,0.6259132027626038,0.11293724179267883
5,5,128,16,0.6647412180900574,0.07274072617292404
5,5,128,17,0.5069594979286194,0.1147594153881073
5,5,128,18,0.3427225351333618,0.10066301375627518
5,5,128,19,0.5849079489707947,0.1936967670917511
5,5,128,20,0.6037002801895142,0.1267973929643631
5,5,128,21,0.6079342365264893,0.05883423238992691
5,5,128,22,0.5140926837921143,0.06662032008171082
5,5,128,23,0.5917069315910339,0.032225046306848526
5,5,128,24,0.39426538348197937,0.05830562487244606
5,5,128,25,0.6656129360198975,0.055432870984077454
5,5,128,26,0.6370905637741089,0.058074284344911575
5,5,128,27,0.6234058737754822,0.21044999361038208
5,5,128,28,0.5658615827560425,0.10607050359249115
5,5,128,29,0.5148554444313049,0.08701848238706589
5,5,128,30,0.5853327512741089,0.02901359647512436
5,5,128,31,0.5932770371437073,0.1541709005832672
5,5,128,32,0.45508381724357605,0.05111710727214813
5,5,128,33,0.6439924836158752,0.0641951858997345
5,5,128,34,0.7866119742393494,0.09366799890995026
5,5,128,35,0.3465370237827301,0.0358961820602417
5,5,128,36,0.4710615873336792,0.10944400727748871
5,5,128,37,0.6654133200645447,0.15457256138324738
5,5,128,38,0.6486918330192566,0.1171770840883255
5,5,128,39,0.6224254965782166,0.07227662205696106
5,5,128,40,0.5723522901535034,0.07186916470527649
5,5,128,41,0.5155078172683716,0.04113834723830223
5,5,128,42,0.5062245726585388,0.1229362040758133
5,5,128,43,0.6128713488578796,0.05516333878040314
5,5,128,44,0.3743681311607361,0.056925296783447266
5,5,128,45,0.556599497795105,0.05624602735042572
5,5,128,46,0.6682370901107788,0.11559973657131195
5,5,128,47,0.39489254355430603,0.08222334086894989
5,5,128,48,0.4943057894706726,0.09418045729398727
5,5,128,49,0.5080676078796387,0.03196832910180092
5,5,128,50,0.5101127028465271,0.027542773634195328
5,5,128,51,0.4165233075618744,0.04460575804114342
5,5,128,52,0.516853928565979,0.08822395652532578
5,5,128,53,0.5343469977378845,0.06576857715845108
5,5,128,54,0.3527020514011383,0.14351575076580048
5,5,128,55,0.5036291480064392,0.13232024013996124
5,5,128,56,0.6671424508094788,0.1092376783490181
5,5,128,57,0.46686479449272156,0.10154534876346588
5,5,128,58,0.5774874687194824,0.1727525144815445
5,5,128,59,0.670769453048706,0.19038616120815277
5,5,128,60,0.622559130191803,0.059704624116420746
5,5,128,61,0.43325933814048767,0.07302152365446091
5,5,128,62,0.6940754055976868,0.13105930387973785
5,5,128,63,0.5945467352867126,0.16466008126735687
5,5,128,64,0.6291676759719849,0.1949445605278015
5,5,128,65,0.7790606617927551,0.169280007481575
5,5,128,66,0.5762622952461243,0.1250918060541153
5,5,128,67,0.5553315877914429,0.048595529049634933
5,5,128,68,0.6856536865234375,0.20395255088806152
5,5,128,69,0.5681976675987244,0.16495132446289062
5,5,128,70,0.6500899791717529,0.12258162349462509
5,5,128,71,0.578088104724884,0.09872349351644516
5,5,128,72,0.678225040435791,0.07053685933351517
5,5,128,73,0.6973568797111511,0.2191089689731598
5,5,128,74,0.6894625425338745,0.08073912560939789
5,5,128,75,0.687427818775177,0.19664891064167023
5,5,128,76,0.4572809934616089,0.06117820367217064
5,5,128,77,0.6562296748161316,0.21182838082313538
5,5,128,78,0.5302597880363464,0.061728790402412415
5,5,128,79,0.5265292525291443,0.12393251061439514
5,5,128,80,0.6232362985610962,0.13812145590782166
5,5,128,81,0.6189842820167542,0.04400458186864853
5,5,128,82,0.4952232539653778,0.09988988190889359
5,5,128,83,0.4628654420375824,0.07646571844816208
5,5,128,84,0.5578988790512085,0.05744319409132004
5,5,128,85,0.5251635313034058,0.07644882798194885
5,5,128,86,0.5725202560424805,0.04482207074761391
5,5,128,87,0.5380891561508179,0.10427677631378174
5,5,128,88,0.5287797451019287,0.03524233028292656
5,5,128,89,0.7088601589202881,0.14471662044525146
5,5,128,90,0.6883364915847778,0.1904551386833191
5,5,128,91,0.7117138504981995,0.13262435793876648
5,5,128,92,0.607864260673523,0.12730534374713898
5,5,128,93,0.7551351189613342,0.12303813546895981
5,5,128,94,0.30079516768455505,0.19088959693908691
5,5,128,95,0.6227931380271912,0.18448661267757416
5,5,128,96,0.734478771686554,0.12652648985385895
5,5,128,97,0.3831973373889923,0.11986111849546432
5,5,128,98,0.6750187277793884,0.14646542072296143
5,5,128,99,0.5107746720314026,0.02330540493130684
5,5,128,100,0.42827191948890686,0.034411411732435226
5,5,128,101,0.5153326988220215,0.17066851258277893
5,5,128,102,0.4076251983642578,0.0890713632106781
5,5,128,103,0.5256339311599731,0.14921288192272186
5,5,128,104,0.4158194065093994,0.10528723895549774
5,5,128,105,0.5439030528068542,0.03574427589774132
5,5,128,106,0.48331964015960693,0.042088303714990616
5,5,128,107,0.30083245038986206,0.06798557192087173
5,5,128,108,0.6698696613311768,0.17387373745441437
5,5,128,109,0.4815365672111511,0.06715745478868484
5,5,128,110,0.5017314553260803,0.049375515431165695
5,5,128,111,0.490487277507782,0.1335494965314865
5,5,128,112,0.45449426770210266,0.10493142157793045
5,5,128,113,0.6639147400856018,0.18688970804214478
5,5,128,114,0.5163800120353699,0.029581015929579735
5,5,128,115,0.5845821499824524,0.08450604975223541
5,5,128,116,0.5500163435935974,0.08647516369819641
5,5,128,117,0.6987154483795166,0.18175537884235382
5,5,128,118,0.6396440267562866,0.0800524428486824
5,5,128,119,0.5984418988227844,0.042075060307979584
5,5,128,120,0.30014780163764954,0.08557189255952835
5,5,128,121,0.6899589896202087,0.08862172067165375
5,5,128,122,0.5209081768989563,0.019567253068089485
5,5,128,123,0.6733983755111694,0.10744181275367737
5,5,128,124,0.7536068558692932,0.14668792486190796
5,5,128,125,0.6176238656044006,0.06629069149494171
5,5,128,126,0.4329661428928375,0.05337829142808914
5,5,128,127,0.5373630523681641,0.04192635044455528
6,0,32,0,0.5178271532058716,0.0976557582616806
6,0,32,1,0.5123438239097595,0.08043383061885834
6,0,32,2,0.5168552994728088,0.10258392244577408
6,0,32,3,0.4275118112564087,0.035541679710149765
6,0,32,4,0.6859683394432068,0.07683929055929184
6,0,32,5,0.43287917971611023,0.08068294078111649
6,0,32,6,0.4518681764602661,0.16610008478164673
6,0,32,7,0.5059921145439148,0.07013288885354996
6,0,32,8,0.5005407333374023,0.10672073066234589
6,0,32,9,0.5788812041282654,0.011009251698851585
6,0,32,10,0.4815651774406433,0.11217750608921051
6,0,32,11,0.6215938329696655,0.1036413162946701
6,0,32,12,0.6374377012252808,0.11755291372537613
6,0,32,13,0.6444314122200012,0.09204670786857605
6,0,32,14,0.48127952218055725,0.0785984918475151
6,0,32,15,0.6334677934646606,0.07585158199071884
6,0,32,16,0.5514540076255798,0.13550226390361786
6,0,32,17,0.5220162272453308,0.06849335134029388
6,0,32,18,0.505936861038208,0.11647164821624756
6,0,32,19,0.4327043294906616,0.027758575975894928
6,0,32,20,0.4809904396533966,0.08078238368034363
6,0,32,21,0.5884609818458557,0.11489377915859222
6,0,32,22,0.5429171919822693,0.11170780658721924
6,0,32,23,0.5637394785881042,0.012766556814312935
6,0,32,24,0.49116864800453186,0.08206038922071457
6,0,32,25,0.47790491580963135,0.12017054110765457
6,0,32,26,0.48006489872932434,0.02497561275959015
6,0,32,27,0.3650703728199005,0.04375085234642029
6,0,32,28,0.478254109621048,0.05953972414135933
6,0,32,29,0.5790537595748901,0.1313602477312088
6,0,32,30,0.4227176308631897,0.07721138000488281
6,0,32,31,0.5063026547431946,0.05643433332443237
6,1,32,0,0.6868215203285217,0.09372679144144058
6,1,32,1,0.4880003035068512,0.09063613414764404
6,1,32,2,0.48891541361808777,0.061942439526319504
6,1,32,3,0.4577498435974121,0.07513163238763809
6,1,32,4,0.37831032276153564,0.07582063227891922
6,1,32,5,0.3951182961463928,0.03596173971891403
6,1,32,6,0.4769125282764435,0.09095406532287598
6,1,32,7,0.4682752788066864,0.1452784687280655
6,1,32,8,0.5339131951332092,0.10125121474266052
6,1,32,9,0.5379410982131958,0.0575716458261013
6,1,32,10,0.4170156419277191,0.07497863471508026
6,1,32,11,0.4761779010295868,0.05389300733804703
6,1,32,12,0.4685719609260559,0.11162456125020981
6,1,32,13,0.37892135977745056,0.07566916197538376
6,1,32,14,0.5610154867172241,0.10021901875734329
6,1,32,15,0.38194528222084045,0.06262519210577011
6,1,32,16,0.5607183575630188,0.09246854484081268
6,1,32,17,0.3954847753047943,0.09341508150100708
6,1,32,18,0.3949691951274872,0.04687904566526413
6,1,32,19,0.46010833978652954,0.15733638405799866
6,1,32,20,0.3725033104419708,0.051185332238674164
6,1,32,21,0.5196260213851929,0.04019525647163391
6,1,32,22,0.5453191995620728,0.06663724035024643
6,1,32,23,0.46876832842826843,0.10706888139247894
6,1,32,24,0.4837275445461273,0.09556801617145538
6,1,32,25,0.4297311007976532,0.04981036111712456
6,1,32,26,0.622074544429779,0.10006368160247803
6,1,32,27,0.34428760409355164,0.11392764747142792
6,1,32,28,0.49800431728363037,0.05091075971722603
6,1,32,29,0.47580018639564514,0.11784832924604416
6,1,32,30,0.6649549603462219,0.0719795823097229
6,1,32,31,0.5520060658454895,0.10281679779291153
6,2,64,0,0.48256900906562805,0.026025474071502686
6,2,64,1,0.5095760226249695,0.07946739345788956
6,2,64,2,0.46227604150772095,0.08553704619407654
6,2,64,3,0.5104086399078369,0.14468827843666077
6,2,64,4,0.49753251671791077,0.08053737878799438
6,2,64,5,0.512850284576416,0.10030163079500198
6,2,64,6,0.4757228195667267,0.07262353599071503
6,2,64,7,0.5799868106842041,0.08685533702373505
6,2,64,8,0.44125130772590637,0.07519293576478958
6,2,64,9,0.45612069964408875,0.1097559779882431
6,2,64,10,0.5011948347091675,0.17632655799388885
6,2,64,11,0.4712543189525604,0.12297752499580383
6,2,64,12,0.4387010335922241,0.10303466022014618
6,2,64,13,0.583090603351593,0.11680485308170319
6,2,64,14,0.35900238156318665,0.10983951389789581
6,2,64,15,0.4758177697658539,0.09266924858093262
6,2,64,16,0.4071166217327118,0.12491101771593094
6,2,64,17,0.38098692893981934,0.06452982127666473
6,2,64,18,0.5284608006477356,0.11578651517629623
6,2,64,19,0.5518690943717957,0.11302396655082703
6,2,64,20,0.4997175931930542,0.029933419078588486
6,2,64,21,0.5918445587158203,0.11592502892017365
6,2,64,22,0.5696950554847717,0.11632994562387466
6,2,64,23,0.47875693440437317,0.12860585749149323
6,2,64,24,0.5511037111282349,0.1699465960264206
6,2,64,25,0.535246729850769,0.07667593657970428
6,2,64,26,0.3244900107383728,0.10355796664953232
6,2,64,27,0.44497066736221313,0.09891580045223236
6,2,64,28,0.38830888271331787,0.0863267183303833
6,2,64,29,0.4455682635307312,0.13547533750534058
6,2,64,30,0.40130025148391724,0.09985984861850739
6,2,64,31,0.5323112607002258,0.04324427247047424
6,2,64,32,0.488569974899292,0.15708787739276886
6,2,64,33,0.48969945311546326,0.11098557710647583
6,2,64,34,0.5495570302009583,0.08171355724334717
6,2,64,35,0.4821561574935913,0.13743460178375244
6,2,64,36,0.463253915309906,0.14000938832759857
6,2,64,37,0.6445033550262451,0.09524191915988922
6,2,64,38,0.36436858773231506,0.15853190422058105
6,2,64,39,0.4890347123146057,0.147498220205307
6,2,64,40,0.464733362197876,0.12243980914354324
6,2,64,41,0.48517003655433655,0.09028937667608261
6,2,64,42,0.5305870175361633,0.1258847713470459
6,2,64,43,0.41552284359931946,0.10580071061849594
6,2,64,44,0.5432924628257751,0.1710030734539032
6,2,64,45,0.47671735286712646,0.15458202362060547
6,2,64,46,0.42155978083610535,0.1424674093723297
6,2,64,47,0.48388442397117615,0.10819472372531891
6,2,64,48,0.3919369876384735,0.10600187629461288
6,2,64,49,0.3730500638484955,0.1592809557914734
6,2,64,50,0.5769115686416626,0.07837754487991333
6,2,64,51,0.5114195942878723,0.1540118157863617
6,2,64,52,0.5806211829185486,0.0796380415558815
6,2,64,53,0.40210846066474915,0.08884690701961517
6,2,64,54,0.44234511256217957,0.14714492857456207
6,2,64,55,0.4153394103050232,0.12768356502056122
6,2,64,56,0.4429331123828888,0.1631290763616562
6,2,64,57,0.491098016500473,0.06230036914348602
6,2,64,58,0.5030069947242737,0.07593508809804916
6,2,64,59,0.4557916522026062,0.10196337103843689
6,2,64,60,0.4653526544570923,0.13046574592590332
6,2,64,61,0.44922271370887756,0.0761466696858406
6,2,64,62,0.583591639995575,0.10391256958246231
6,2,64,63,0.6178566813468933,0.0717453584074974
6,3,64,0,0.5513599514961243,0.04567183926701546
6,3,64,1,0.5762678980827332,0.10369225591421127
6,3,64,2,0.6309111714363098,0.08947474509477615
6,3,64,3,0.4380228519439697,0.06671036034822464
6,3,64,4,0.4735003709793091,0.08975233137607574
6,3,64,5,0.48228639364242554,0.14374962449073792
6,3,64,6,0.6061792969703674,0.05436477065086365
6,3,64,7,0.4048921763896942,0.09408367425203323
6,3,64,8,0.4604962170124054,0.12686069309711456
6,3,64,9,0.469159334897995,0.10787822306156158
6,3,64,10,0.5354498624801636,0.09578341990709305
6,3,64,11,0.6712858080863953,0.10453899204730988
6,3,64,12,0.49625927209854126,0.13607780635356903
6,3,64,13,0.6163925528526306,0.07762505114078522
6,3,64,14,0.44202151894569397,0.03377339616417885
6,3,64,15,0.5504199862480164,0.08998961001634598
6,3,64,16,0.589819610118866,0.12069801241159439
6,3,64,17,0.4647606909275055,0.07431318610906601
6,3,64,18,0.33906134963035583,0.09041835367679596
6,3,64,19,0.5481569766998291,0.04781900346279144
6,3,64,20,0.5581918954849243,0.03781865909695625
6,3,64,21,0.5075692534446716,0.1086401641368866
6,3,64,22,0.41706955432891846,0.05176682397723198
6,3,64,23,0.5191574096679688,0.09803441166877747
6,3,64,24,0.42888396978378296,0.08244450390338898
6,3,64,25,0.4720030725002289,0.11008936166763306
6,3,64,26,0.5445860624313354,0.05786094814538956
6,3,64,27,0.4077009856700897,0.07012582570314407
6,3,64,28,0.515555739402771,0.05024603009223938
6,3,64,29,0.5547465085983276,0.15372636914253235
6,3,64,30,0.5214897394180298,0.0656958743929863
6,3,64,31,0.4915127754211426,0.022233273833990097
6,3,64,32,0.6010542511940002,0.16640271246433258
6,3,64,33,0.5432852506637573,0.10831274092197418
6,3,64,34,0.5160762071609497,0.14379148185253143
6,3,64,35,0.672200620174408,0.08735837787389755
6,3,64,36,0.6013761758804321,0.10544397681951523
6,3,64,37,0.5677899718284607,0.11628877371549606
6,3,64,38,0.3611704111099243,0.11607657372951508
6,3,64,39,0.5866310000419617,0.09123563766479492
6,3,64,40,0.5606244206428528,0.05281323939561844
6,3,64,41,0.5409334301948547,0.13295961916446686
6,3,64,42,0.4827544689178467,0.15799130499362946
6,3,64,43,0.380181223154068,0.07067673653364182
6,3,64,44,0.5282381772994995,0.1116596907377243
6,3,64,45,0.29094627499580383,0.08126173913478851
6,3,64,46,0.5986774563789368,0.07483044266700745
6,3,64,47,0.38756823539733887,0.07883884012699127
6,3,64,48,0.5426304936408997,0.13635994493961334
6,3,64,49,0.47293347120285034,0.03230637311935425
6,3,64,50,0.5540482401847839,0.05991007760167122
6,3,64,51,0.546211838722229,0.07678379118442535
6,3,64,52,0.45292168855667114,0.03885728120803833
6,3,64,53,0.4756852388381958,0.0777786374092102
6,3,64,54,0.34508419036865234,0.14450880885124207
6,3,64,55,0.46771061420440674,0.06299334764480591
6,3,64,56,0.33973947167396545,0.10186054557561874
6,3,64,57,0.405508428812027,0.08712833374738693
6,3,64,58,0.5031654238700867,0.06840816885232925
6,3,64,59,0.5844895243644714,0.13585670292377472
6,3,64,60,0.36138486862182617,0.07280270010232925
6,3,64,61,0.4573880434036255,0.09435153752565384
6,3,64,62,0.590390682220459,0.139743834733963
6,3,64,63,0.491869181394577,0.08995939791202545
6,4,128,0,0.582698404788971,0.27450063824653625
6,4,128,1,0.66066974401474,0.18604865670204163
6,4,128,2,0.4668269157409668,0.2672785222530365
6,4,128,3,0.49541711807250977,0.0868820920586586
6,4,128,4,0.4133203625679016,0.06878644973039627
6,4,128,5,0.5150344967842102,0.2530744671821594
6,4,128,6,0.738770604133606,0.14031904935836792
6,4,128,7,0.698839008808136,0.08178519457578659
6,4,128,8,0.6538603901863098,0.16605804860591888
6,4,128,9,0.49193090200424194,0.10609709471464157
6,4,128,10,0.5288202166557312,0.06876984238624573
6,4,128,11,0.6924421787261963,0.14605632424354553
6,4,128,12,0.4742368161678314,0.3485648036003113
6,4,128,13,0.693690836429596,0.13939768075942993
6,4,128,14,0.5046581029891968,0.3196917176246643
6,4,128,15,0.31759554147720337,0.08782010525465012
6,4,128,16,0.3538471758365631,0.09842849522829056
6,4,128,17,0.5995520353317261,0.12819305062294006
6,4,128,18,0.30821672081947327,0.1597830057144165
6,4,128,19,0.3243424892425537,0.11811311542987823
6,4,128,20,0.5076537132263184,0.09220483899116516
6,4,128,21,0.5459955930709839,0.11231009662151337
6,4,128,22,0.5760366916656494,0.08530023694038391
6,4,128,23,0.7309520244598389,0.08596393465995789
6,4,128,24,0.5562984347343445,0.2628403604030609
6,4,128,25,0.41297709941864014,0.23265452682971954
6,4,128,26,0.4893520474433899,0.05696142092347145
6,4,128,27,0.5596449971199036,0.18773521482944489
6,4,128,28,0.5961018204689026,0.14519983530044556
6,4,128,29,0.5200657844543457,0.04081406816840172
6,4,128,30,0.659213125705719,0.14144274592399597
6,4,128,31,0.49499717354774475,0.1297398954629898
6,4,128,32,0.47927820682525635,0.2691996991634369
6,4,128,33,0.3477742373943329,0.19691897928714752
6,4,128,34,0.7062414288520813,0.13712193071842194
6,4,128,35,0.6608543395996094,0.18074123561382294
6,4,128,36,0.3714997470378876,0.1450679451227188
6,4,128,37,0.39616331458091736,0.13622862100601196
6,4,128,38,0.24818198382854462,0.16847026348114014
6,4,128,39,0.6795417666435242,0.19711239635944366
6,4,128,40,0.6079239845275879,0.11006743460893631
6,4,128,41,0.8135916590690613,0.13249187171459198
6,4,128,42,0.6246404647827148,0.2143312245607376
6,4,128,43,0.48212501406669617,0.20404790341854095
6,4,128,44,0.6536325812339783,0.2581537365913391
6,4,128,45,0.6913895010948181,0.08864635229110718
6,4,128,46,0.3750354051589966,0.1329137235879898
6,4,128,47,0.4330593943595886,0.32851073145866394
6,4,128,48,0.309551477432251,0.2285117655992508
6,4,128,49,0.5233882665634155,0.1811235100030899
6,4,128,50,0.6425968408584595,0.10912906378507614
6,4,128,51,0.6124674677848816,0.13061438500881195
6,4,128,52,0.5399104952812195,0.17480073869228363
6,4,128,53,0.7304795384407043,0.0930008590221405
6,4,128,54,0.6399258971214294,0.26196661591529846
6,4,128,55,0.71865314245224,0.09359142929315567
6,4,128,56,0.6573601961135864,0.17131933569908142
6,4,128,57,0.5714683532714844,0.12175821512937546
6,4,128,58,0.686604380607605,0.08985556662082672
6,4,128,59,0.6830615997314453,0.12961018085479736
6,4,128,60,0.5585058927536011,0.26889699697494507
6,4,128,61,0.3916274607181549,0.18020212650299072
6,4,128,62,0.7472567558288574,0.11052221804857254
6,4,128,63,0.3346205949783325,0.11152110248804092
6,4,128,64,0.8033768534660339,0.10505949705839157
6,4,128,65,0.5225561857223511,0.19172321259975433
6,4,128,66,0.755355179309845,0.12846176326274872
6,4,128,67,0.5845265984535217,0.24744705855846405
6,4,128,68,0.7427613735198975,0.1864650696516037
6,4,128,69,0.5689155459403992,0.23053258657455444
6,4,128,70,0.6666304469108582,0.10444951057434082
6,4,128,71,0.3926849067211151,0.09995678812265396
6,4,128,72,0.5571582913398743,0.223258376121521
6,4,128,73,0.7645017504692078,0.17197991907596588
6,4,128,74,0.37083423137664795,0.20111383497714996
6,4,128,75,0.592623233795166,0.07935808598995209
6,4,128,76,0.7349876165390015,0.1081661731004715
6,4,128,77,0.5581274628639221,0.20089662075042725
6,4,128,78,0.6136719584465027,0.3155606985092163
6,4,128,79,0.6755790710449219,0.19806477427482605
6,4,128,80,0.37290459871292114,0.31405332684516907
6,4,128,81,0.44852423667907715,0.30728065967559814
6,4,128,82,0.36803489923477173,0.2393771857023239
6,4,128,83,0.5384950637817383,0.0809747576713562
6,4,128,84,0.33152347803115845,0.18941248953342438
6,4,128,85,0.6790405511856079,0.08968092501163483
6,4,128,86,0.46716126799583435,0.29948779940605164
6,4,128,87,0.654179573059082,0.13504260778427124
6,4,128,88,0.7851662635803223,0.16130365431308746
6,4,128,89,0.6003820896148682,0.10726267844438553
6,4,128,90,0.386609822511673,0.10032056272029877
6,4,128,91,0.39117637276649475,0.1139976754784584
6,4,128,92,0.4318850636482239,0.3017438054084778
6,4,128,93,0.33133891224861145,0.09989967197179794
6,4,128,94,0.4231311082839966,0.2480631172657013
6,4,128,95,0.4098341763019562,0.26312264800071716
6,4,128,96,0.6004738807678223,0.2757871747016907
6,4,128,97,0.6690172553062439,0.14053213596343994
6,4,128,98,0.7241462469100952,0.11765965819358826
6,4,128,99,0.2189277559518814,0.13630689680576324
6,4,128,100,0.4660293757915497,0.22872136533260345
6,4,128,101,0.7785832285881042,0.11316867172718048
6,4,128,102,0.5802919864654541,0.11081691086292267
6,4,128,103,0.5212846994400024,0.22897815704345703
6,4,128,104,0.7012166976928711,0.16493010520935059
6,4,128,105,0.5769426822662354,0.34151360392570496
6,4,128,106,0.7024379968643188,0.20081517100334167
6,4,128,107,0.7946513891220093,0.10846088826656342
6,4,128,108,0.6412379145622253,0.1918489933013916
6,4,128,109,0.6093740463256836,0.2929729223251343
6,4,128,110,0.5640926957130432,0.239815816283226
6,4,128,111,0.5672909021377563,0.23608605563640594
6,4,128,112,0.2927355170249939,0.07726295292377472
6,4,128,113,0.8101447820663452,0.10197155922651291
6,4,128,114,0.576120913028717,0.14779037237167358
6,4,128,115,0.7403020262718201,0.07481265068054199
6,4,128,116,0.5162779688835144,0.09975817054510117
6,4,128,117,0.6071107387542725,0.23870308697223663
6,4,128,118,0.43606945872306824,0.2051352709531784
6,4,128,119,0.6986802220344543,0.1472557783126831
6,4,128,120,0.8328650593757629,0.10550995916128159
6,4,128,121,0.6551949381828308,0.2790699601173401
6,4,128,122,0.606785237789154,0.17338396608829498
6,4,128,123,0.5657418370246887,0.16283953189849854
6,4,128,124,0.5475866794586182,0.28260576725006104
6,4,128,125,0.6896486878395081,0.19031044840812683
6,4,128,126,0.7681704163551331,0.15383365750312805
6,4,128,127,0.48739907145500183,0.08480475097894669
6,5,128,0,0.7701948285102844,0.08619542419910431
6,5,128,1,0.6018861532211304,0.05197790637612343
6,5,128,2,0.7077041864395142,0.056916493922472
6,5,128,3,0.6907941102981567,0.1450134813785553
6,5,128,4,0.6220702528953552,0.06363219022750854
6,5,128,5,0.49803006649017334,0.025666872039437294
6,5,128,6,0.7102826833724976,0.14384102821350098
6,5,128,7,0.715752899646759,0.08980421721935272
6,5,128,8,0.7356640100479126,0.1413184106349945
6,5,128,9,0.47943392395973206,0.04080754518508911
6,5,128,10,0.445548951625824,0.149025559425354
6,5,128,11,0.7105519771575928,0.15376333892345428
6,5,128,12,0.7376336455345154,0.11897680908441544
6,5,128,13,0.7439056634902954,0.1090788021683693
6,5,128,14,0.5138620138168335,0.04518681764602661
6,5,128,15,0.3804982304573059,0.11965008080005646
6,5,128,16,0.5631126761436462,0.0861700102686882
6,5,128,17,0.6649734377861023,0.15673552453517914
6,5,128,18,0.4277987480163574,0.11797544360160828
6,5,128,19,0.49179506301879883,0.021515274420380592
6,5,128,20,0.5521259307861328,0.061014436185359955
6,5,128,21,0.6597794890403748,0.1280544102191925
6,5,128,22,0.6583478450775146,0.059154678136110306
6,5,128,23,0.7174897193908691,0.19842685759067535
6,5,128,24,0.5212934017181396,0.09446289390325546
6,5,128,25,0.7266181111335754,0.1367965042591095
6,5,128,26,0.6119932532310486,0.07348780333995819
6,5,128,27,0.7667036652565002,0.08445847779512405
6,5,128,28,0.7753736972808838,0.09600046277046204
6,5,128,29,0.5664507150650024,0.06114340201020241
6,5,128,30,0.6950271725654602,0.1851748824119568
6,5,128,31,0.54086834192276,0.09585800021886826
6,5,128,32,0.5425766706466675,0.09667021036148071
6,5,128,33,0.512117862701416,0.04637796804308891
6,5,128,34,0.7040377259254456,0.12334846705198288
6,5,128,35,0.7402228713035583,0.11648005992174149
6,5,128,36,0.5854340195655823,0.041080739349126816
6,5,128,37,0.4397016167640686,0.08701422065496445
6,5,128,38,0.434842586517334,0.1764022707939148
6,5,128,39,0.7110825777053833,0.1939641535282135
6,5,128,40,0.695881187915802,0.10828274488449097
6,5,128,41,0.7337173819541931,0.129435196518898
6,5,128,42,0.7397103309631348,0.1393943428993225
6,5,128,43,0.5382553935050964,0.10535843670368195
6,5,128,44,0.7186764478683472,0.07869654148817062
6,5,128,45,0.6894221901893616,0.07690674066543579
6,5,128,46,0.4633364677429199,0.02709430456161499
6,5,128,47,0.609778881072998,0.07377047836780548
6,5,128,48,0.5042449831962585,0.012269473634660244
6,5,128,49,0.7294172048568726,0.12252940982580185
6,5,128,50,0.6250668168067932,0.10245645046234131
6,5,128,51,0.7117465734481812,0.19010378420352936
6,5,128,52,0.4035812020301819,0.05434652045369148
6,5,128,53,0.6122008562088013,0.09965378046035767
6,5,128,54,0.5004256367683411,0.08911292999982834
6,5,128,55,0.45375287532806396,0.08428768813610077
6,5,128,56,0.4622058868408203,0.08311288058757782
6,5,128,57,0.6175466775894165,0.060007043182849884
6,5,128,58,0.7257215976715088,0.1187550500035286
6,5,128,59,0.6833301782608032,0.1582028567790985
6,5,128,60,0.5964755415916443,0.054131969809532166
6,5,128,61,0.3515910804271698,0.14513148367404938
6,5,128,62,0.7184861898422241,0.12989723682403564
6,5,128,63,0.47359710931777954,0.14990723133087158
6,5,128,64,0.7038241028785706,0.08974198997020721
6,5,128,65,0.43646588921546936,0.15554799139499664
6,5,128,66,0.7333500385284424,0.10516291111707687
6,5,128,67,0.6594098806381226,0.15411625802516937
6,5,128,68,0.7097363471984863,0.07625728100538254
6,5,128,69,0.4739310145378113,0.09301115572452545
6,5,128,70,0.6232855916023254,0.06551449745893478
6,5,128,71,0.5972743630409241,0.04610716551542282
6,5,128,72,0.5885316133499146,0.06101158261299133
6,5,128,73,0.7641801238059998,0.09798240661621094
6,5,128,74,0.5477228760719299,0.0962304100394249
6,5,128,75,0.7000552415847778,0.08804870396852493
6,5,128,76,0.6872983574867249,0.0896117240190506
6,5,128,77,0.7473457455635071,0.10796357691287994
6,5,128,78,0.690312385559082,0.08082180470228195
6,5,128,79,0.7549372911453247,0.10400787740945816
6,5,128,80,0.38675206899642944,0.06714467704296112
6,5,128,81,0.7422869801521301,0.10402248799800873
6,5,128,82,0.3404184579849243,0.10433035343885422
6,5,128,83,0.49867016077041626,0.10549420863389969
6,5,128,84,0.45640331506729126,0.1293671578168869
6,5,128,85,0.5421685576438904,0.08029872179031372
6,5,128,86,0.40607500076293945,0.05370703712105751
6,5,128,87,0.4259471595287323,0.12066496163606644
6,5,128,88,0.7005285620689392,0.17616738379001617
6,5,128,89,0.6828000545501709,0.09379108995199203
6,5,128,90,0.6165400743484497,0.05783558636903763
6,5,128,91,0.6388087272644043,0.16920557618141174
6,5,128,92,0.40894630551338196,0.12948289513587952
6,5,128,93,0.7377485632896423,0.08918409049510956
6,5,128,94,0.4258197546005249,0.052710242569446564
6,5,128,95,0.6488916277885437,0.08209247887134552
6,5,128,96,0.6132762432098389,0.05052272975444794
6,5,128,97,0.7046054005622864,0.12775655090808868
6,5,128,98,0.7430369853973389,0.1372891068458557
6,5,128,99,0.5621172189712524,0.1193116158246994
6,5,128,100,0.5168992877006531,0.09457291662693024
6,5,128,101,0.6521425247192383,0.1250578910112381
6,5,128,102,0.45961859822273254,0.054312970489263535
6,5,128,103,0.46484479308128357,0.05513179674744606
6,5,128,104,0.6904966831207275,0.13051830232143402
6,5,128,105,0.6843106746673584,0.06536667793989182
6,5,128,106,0.5753081440925598,0.07852528989315033
6,5,128,107,0.6228998899459839,0.04094471037387848
6,5,128,108,0.6965230703353882,0.15852010250091553
6,5,128,109,0.7172502875328064,0.06291089206933975
6,5,128,110,0.6661991477012634,0.16882258653640747
6,5,128,111,0.4900137782096863,0.065501868724823
6,5,128,112,0.5153735876083374,0.06955308467149734
6,5,128,113,0.7099955677986145,0.10051675140857697
6,5,128,114,0.5532374382019043,0.12163491547107697
6,5,128,115,0.6807852387428284,0.1593879759311676
6,5,128,116,0.6577814817428589,0.15121540427207947
6,5,128,117,0.6723792552947998,0.1946331113576889
6,5,128,118,0.6152936816215515,0.06892234832048416
6,5,128,119,0.7018468379974365,0.17307841777801514
6,5,128,120,0.7328431606292725,0.10125204920768738
6,5,128,121,0.6218060851097107,0.07081063836812973
6,5,128,122,0.5310781002044678,0.057254958897829056
6,5,128,123,0.6347984671592712,0.08504987508058548
6,5,128,124,0.7237932682037354,0.1286095678806305
6,5,128,125,0.7342139482498169,0.18064846098423004
6,5,128,126,0.7423077821731567,0.12486390769481659
6,5,128,127,0.6964673399925232,0.07857991009950638
7,0,32,0,0.5648900270462036,0.0361575186252594
7,0,32,1,0.6593545079231262,0.09007234871387482
7,0,32,2,0.45434823632240295,0.032305508852005005
7,0,32,3,0.46083545684814453,0.13207454979419708
7,0,32,4,0.43249741196632385,0.06269312649965286
7,0,32,5,0.5339577794075012,0.06266677379608154
7,0,32,6,0.5210075974464417,0.16391605138778687
7,0,32,7,0.4511929750442505,0.1580689549446106
7,0,32,8,0.46621572971343994,0.14791655540466309
7,0,32,9,0.3800773322582245,0.07566843181848526
7,0,32,10,0.49628010392189026,0.15783892571926117
7,0,32,11,0.28771883249282837,0.08901052176952362
7,0,32,12,0.392596036195755,0.11384888738393784
7,0,32,13,0.5036782622337341,0.05992507562041283
7,0,32,14,0.49986031651496887,0.08252252638339996
7,0,32,15,0.2971794009208679,0.06572667509317398
7,0,32,16,0.43428686261177063,0.09539972245693207
7,0,32,17,0.4075744152069092,0.09269864857196808
7,0,32,18,0.6060205698013306,0.056023769080638885
7,0,32,19,0.47807738184928894,0.06006209924817085
7,0,32,20,0.5792325735092163,0.08572358638048172
7,0,32,21,0.5163583755493164,0.1899891197681427
7,0,32,22,0.5201224684715271,0.07499996572732925
7,0,32,23,0.4427003860473633,0.1265723705291748
7,0,32,24,0.629364550113678,0.11698072403669357
7,0,32,25,0.41374316811561584,0.059522151947021484
7,0,32,26,0.5348431468009949,0.07875141501426697
7,0,32,27,0.48395249247550964,0.10078868269920349
7,0,32,28,0.5081796050071716,0.09328430891036987
7,0,32,29,0.48957559466362,0.06410787254571915
7,0,32,30,0.4623551070690155,0.08830863982439041
7,0,32,31,0.49893203377723694,0.10582363605499268
7,1,32,0,0.42328202724456787,0.02641133964061737
7,1,32,1,0.41478002071380615,0.036359019577503204
7,1,32,2,0.46399161219596863,0.05225568264722824
7,1,32,3,0.4009373188018799,0.03326065093278885
7,1,32,4,0.36101430654525757,0.039144668728113174
7,1,32,5,0.5378357768058777,0.03289932757616043
7,1,32,6,0.6187187433242798,0.021649517118930817
7,1,32,7,0.5132756233215332,0.047332827001810074
7,1,32,8,0.43976131081581116,0.05091523006558418
7,1,32,9,0.46869099140167236,0.05967092886567116
7,1,32,10,0.5205745697021484,0.04169757664203644
7,1,32,11,0.6506065726280212,0.02658824250102043
7,1,32,12,0.41934335231781006,0.024677027016878128
7,1,32,13,0.49798813462257385,0.048229195177555084
7,1,32,14,0.4413829445838928,0.026272712275385857
7,1,32,15,0.4658336341381073,0.034329604357481
7,1,32,16,0.4175375998020172,0.03768730163574219
7,1,32,17,0.6451804637908936,0.038233861327171326
7,1,32,18,0.5612636804580688,0.024814242497086525
7,1,32,19,0.47918465733528137,0.023387448862195015
7,1,32,20,0.41728708148002625,0.04702603816986084
7,1,32,21,0.5065323114395142,0.019556032493710518
7,1,32,22,0.3900490403175354,0.028901198878884315
7,1,32,23,0.559369683265686,0.03515957295894623
7,1,32,24,0.38812729716300964,0.021753497421741486
7,1,32,25,0.3891083598136902,0.06926559656858444
7,1,32,26,0.48259028792381287,0.04030480608344078
7,1,32,27,0.4161982834339142,0.018887262791395187
7,1,32,28,0.5437684655189514,0.03653508797287941
7,1,32,29,0.4982832968235016,0.029464945197105408
7,1,32,30,0.4644535779953003,0.05378517135977745
7,1,32,31,0.4447989761829376,0.02565060555934906
7,2,64,0,0.4661917984485626,0.09570342302322388
7,2,64,1,0.3953498303890228,0.042716577649116516
7,2,64,2,0.5259234309196472,0.11592026799917221
7,2,64,3,0.577567994594574,0.12711505591869354
7,2,64,4,0.4855477809906006,0.09331629425287247
7,2,64,5,0.5267397165298462,0.10859373956918716
7,2,64,6,0.49222391843795776,0.11928699910640717
7,2,64,7,0.5477273464202881,0.19387279450893402
7,2,64,8,0.4010777175426483,0.09109614044427872
7,2,64,9,0.4445502758026123,0.1577805131673813
7,2,64,10,0.5245599746704102,0.15856821835041046
7,2,64,11,0.48353689908981323,0.1164558008313179
7,2,64,12,0.4169025421142578,0.0837872251868248
7,2,64,13,0.4340532422065735,0.162481889128685
7,2,64,14,0.5720035433769226,0.08916454017162323
7,2,64,15,0.6441722512245178,0.11376383900642395
7,2,64,16,0.5370197892189026,0.15305396914482117
7,2,64,17,0.5896545648574829,0.09828590601682663
7,2,64,18,0.448586642742157,0.10649898648262024
7,2,64,19,0.4958809018135071,0.07443905621767044
7,2,64,20,0.4998733401298523,0.12300101667642593
7,2,64,21,0.5614814162254333,0.06538098305463791
7,2,64,22,0.5049962401390076,0.12647774815559387
7,2,64,23,0.5505931377410889,0.15732161700725555
7,2,64,24,0.4822152256965637,0.1052878201007843
7,2,64,25,0.5628163814544678,0.07322894036769867
7,2,64,26,0.4455031454563141,0.07118123024702072
7,2,64,27,0.5580934882164001,0.08727755397558212
7,2,64,28,0.48746973276138306,0.1684020757675171
7,2,64,29,0.541456401348114,0.13875316083431244
7,2,64,30,0.5209259986877441,0.05624011158943176
7,2,64,31,0.47015127539634705,0.1132245734333992
7,2,64,32,0.5542766451835632,0.07033040374517441
7,2,64,33,0.4968847632408142,0.03297634795308113
7,2,64,34,0.36155033111572266,0.12213148921728134
7,2,64,35,0.47559070587158203,0.12877395749092102
7,2,64,36,0.5048224329948425,0.13984622061252594
7,2,64,37,0.500187337398529,0.06456787139177322
7,2,64,38,0.44786977767944336,0.036176055669784546
7,2,64,39,0.5477980375289917,0.13475680351257324
7,2,64,40,0.45318955183029175,0.14841720461845398
7,2,64,41,0.47049427032470703,0.09160938113927841
7,2,64,42,0.4321238696575165,0.10222833603620529
7,2,64,43,0.4427338242530823,0.161142960190773
7,2,64,44,0.4782116711139679,0.16225087642669678
7,2,64,45,0.4378493130207062,0.12572243809700012
7,2,64,46,0.48484355211257935,0.0873972699046135
7,2,64,47,0.4596359133720398,0.09534083306789398
7,2,64,48,0.4139864444732666,0.10475985705852509
7,2,64,49,0.5449987649917603,0.0649566650390625
7,2,64,50,0.4235541820526123,0.20468050241470337
7,2,64,51,0.44566869735717773,0.1657865345478058
7,2,64,52,0.4615507423877716,0.11399199068546295
7,2,64,53,0.5178133249282837,0.14150507748126984
7,2,64,54,0.36846327781677246,0.12657848000526428
7,2,64,55,0.5541629195213318,0.08165933191776276
7,2,64,56,0.5455065965652466,0.13250857591629028
7,2,64,57,0.41869065165519714,0.14817774295806885
7,2,64,58,0.29781854152679443,0.08476350456476212
7,2,64,59,0.42896831035614014,0.08664819598197937
7,2,64,60,0.5025378465652466,0.1563057154417038
7,2,64,61,0.4296088218688965,0.1476999819278717
7,2,64,62,0.46904999017715454,0.09956082701683044
7,2,64,63,0.49749308824539185,0.11716079711914062
7,3,64,0,0.3801368176937103,0.19485659897327423
7,3,64,1,0.4370485842227936,0.09908653050661087
7,3,64,2,0.4407532215118408,0.05878511071205139
7,3,64,3,0.6510053873062134,0.19859039783477783
7,3,64,4,0.6364926695823669,0.09231705963611603
7,3,64,5,0.6042064428329468,0.14594323933124542
7,3,64,6,0.4703836441040039,0.16819553077220917
7,3,64,7,0.5970075726509094,0.2799423635005951
7,3,64,8,0.6418161988258362,0.17177940905094147
7,3,64,9,0.5493308305740356,0.15773893892765045
7,3,64,10,0.3654031753540039,0.08433668315410614
7,3,64,11,0.38714051246643066,0.08779843896627426
7,3,64,12,0.4997451901435852,0.1022845134139061
7,3,64,13,0.408975213766098,0.2528369426727295
7,3,64,14,0.4087678790092468,0.21869826316833496
7,3,64,15,0.6783867478370667,0.09923318773508072
7,3,64,16,0.4848005175590515,0.19160188734531403
7,3,64,17,0.5747812390327454,0.2136944830417633
7,3,64,18,0.5135269165039062,0.08573008328676224
7,3,64,19,0.4825333058834076,0.10349618643522263
7,3,64,20,0.5600741505622864,0.198730930685997
7,3,64,21,0.41519400477409363,0.0787249505519867
7,3,64,22,0.5881525874137878,0.13604894280433655
7,3,64,23,0.5072351694107056,0.059106819331645966
7,3,64,24,0.5441032648086548,0.12054859846830368
7,3,64,25,0.5750378966331482,0.07703684270381927
7,3,64,26,0.35461530089378357,0.11157092452049255
7,3,64,27,0.6653996109962463,0.08015905320644379
7,3,64,28,0.7301229238510132,0.09105261415243149
7,3,64,29,0.6166470646858215,0.20513568818569183
7,3,64,30,0.5398975610733032,0.034653548151254654
7,3,64,31,0.5548080801963806,0.04582400619983673
7,3,64,32,0.5671082139015198,0.028714708983898163
7,3,64,33,0.45711803436279297,0.1840737760066986
7,3,64,34,0.6692562699317932,0.12379918247461319
7,3,64,35,0.4518398940563202,0.0741218850016594
7,3,64,36,0.44889527559280396,0.31875577569007874
7,3,64,37,0.6036635637283325,0.21096089482307434
7,3,64,38,0.35264816880226135,0.10507144778966904
7,3,64,39,0.5399665236473083,0.06493707746267319
7,3,64,40,0.47441741824150085,0.2145223766565323
7,3,64,41,0.27477288246154785,0.10740837454795837
7,3,64,42,0.4208976626396179,0.170577272772789
7,3,64,43,0.5557332634925842,0.2635786533355713
7,3,64,44,0.5772436857223511,0.08592456579208374
7,3,64,45,0.5190982818603516,0.2683679461479187
7,3,64,46,0.5473693609237671,0.14847572147846222
7,3,64,47,0.3838072419166565,0.08264060318470001
7,3,64,48,0.4855499863624573,0.13170921802520752
7,3,64,49,0.3955997824668884,0.14753101766109467
7,3,64,50,0.6267046332359314,0.1155942901968956
7,3,64,51,0.3783613443374634,0.15137118101119995
7,3,64,52,0.6360915899276733,0.08123528957366943
7,3,64,53,0.5171814560890198,0.2615673840045929
7,3,64,54,0.7775752544403076,0.08067519962787628
7,3,64,55,0.6159176230430603,0.11272754520177841
7,3,64,56,0.5039471983909607,0.14276286959648132
7,3,64,57,0.463386595249176,0.1888595074415207
7,3,64,58,0.36879751086235046,0.10844273865222931
7,3,64,59,0.4880814254283905,0.10923498123884201
7,3,64,60,0.6240919232368469,0.11010442674160004
7,3,64,61,0.486047625541687,0.043008312582969666
7,3,64,62,0.4629593789577484,0.0963311493396759
7,3,64,63,0.3184538781642914,0.051593657582998276
7,4,128,0,0.6292821764945984,0.11064103245735168
7,4,128,1,0.5850448608398438,0.1674608439207077
7,4,128,2,0.6008528470993042,0.2574182450771332
7,4,128,3,0.573404848575592,0.15236495435237885
7,4,128,4,0.5840768218040466,0.07637935876846313
7,4,128,5,0.5975086092948914,0.12143753468990326
7,4,128,6,0.7109110951423645,0.14930537343025208
7,4,128,7,0.611765444278717,0.08009397983551025
7,4,128,8,0.5768446922302246,0.18724840879440308
7,4,128,9,0.4806461036205292,0.25800496339797974
7,4,128,10,0.43636637926101685,0.20313508808612823
7,4,128,11,0.5956162214279175,0.1289292871952057
7,4,128,12,0.5292723178863525,0.17096808552742004
7,4,128,13,0.69002366065979,0.12816208600997925
7,4,128,14,0.3427123427391052,0.06727251410484314
7,4,128,15,0.5031499266624451,0.23466283082962036
7,4,128,16,0.6227455139160156,0.07897347956895828
7,4,128,17,0.6195799112319946,0.13351111114025116
7,4,128,18,0.31986868381500244,0.14765897393226624
7,4,128,19,0.6296504735946655,0.21286994218826294
7,4,128,20,0.6173601746559143,0.08112093061208725
7,4,128,21,0.47721612453460693,0.16776901483535767
7,4,128,22,0.38391220569610596,0.1177726536989212
7,4,128,23,0.5964763760566711,0.11704787611961365
7,4,128,24,0.441862016916275,0.13120132684707642
7,4,128,25,0.7798342704772949,0.11461485922336578
7,4,128,26,0.5756613612174988,0.15748436748981476
7,4,128,27,0.5681562423706055,0.08485574275255203
7,4,128,28,0.5587247610092163,0.12625433504581451
7,4,128,29,0.6000359058380127,0.23219051957130432
7,4,128,30,0.5576381683349609,0.1897541880607605
7,4,128,31,0.5914138555526733,0.1901744306087494
7,4,128,32,0.2980862855911255,0.1830289363861084
7,4,128,33,0.38649365305900574,0.15528525412082672
7,4,128,34,0.32243573665618896,0.21054790914058685
7,4,128,35,0.4660263955593109,0.12978681921958923
7,4,128,36,0.34098169207572937,0.17727062106132507
7,4,128,37,0.7016581296920776,0.18799501657485962
7,4,128,38,0.5894016623497009,0.18636846542358398
7,4,128,39,0.38702166080474854,0.21371044218540192
7,4,128,40,0.7072776556015015,0.0832323357462883
7,4,128,41,0.6861028075218201,0.2442249059677124
7,4,128,42,0.6212487816810608,0.24951955676078796
7,4,128,43,0.45674437284469604,0.12265031039714813
7,4,128,44,0.5728800296783447,0.10081708431243896
7,4,128,45,0.5006082057952881,0.1565752923488617
7,4,128,46,0.6272201538085938,0.10962554812431335
7,4,128,47,0.4811914563179016,0.27992892265319824
7,4,128,48,0.682028591632843,0.18233224749565125
7,4,128,49,0.6621197462081909,0.17056502401828766
7,4,128,50,0.4291277527809143,0.22305090725421906
7,4,128,51,0.7112518548965454,0.06825798004865646
7,4,128,52,0.4463868737220764,0.14660169184207916
7,4,128,53,0.7167647480964661,0.17085383832454681
7,4,128,54,0.43266916275024414,0.09489141404628754
7,4,128,55,0.7239606976509094,0.12417646497488022
7,4,128,56,0.6363021731376648,0.2440355271100998
7,4,128,57,0.5405279994010925,0.18260598182678223
7,4,128,58,0.4922999143600464,0.24039074778556824
7,4,128,59,0.6566373109817505,0.1076943427324295
7,4,128,60,0.8224592804908752,0.08870638161897659
7,4,128,61,0.6543731689453125,0.2438165247440338
7,4,128,62,0.6984242796897888,0.11595752090215683
7,4,128,63,0.622864305973053,0.22642774879932404
7,4,128,64,0.5229752659797668,0.18297037482261658
7,4,128,65,0.6514939069747925,0.23904381692409515
7,4,128,66,0.7427668571472168,0.11417248845100403
7,4,128,67,0.6441924571990967,0.2492670714855194
7,4,128,68,0.6178213953971863,0.235452339053154
7,4,128,69,0.7124351263046265,0.11838464438915253
7,4,128,70,0.37779513001441956,0.11617274582386017
7,4,128,71,0.44301584362983704,0.14004112780094147
7,4,128,72,0.8227332830429077,0.1189538910984993
7,4,128,73,0.4759956896305084,0.14227640628814697
7,4,128,74,0.48682454228401184,0.22333495318889618
7,4,128,75,0.726264238357544,0.08059530705213547
7,4,128,76,0.4342838525772095,0.269101619720459
7,4,128,77,0.5009753704071045,0.14344742894172668
7,4,128,78,0.3827876150608063,0.22023329138755798
7,4,128,79,0.6205187439918518,0.12206666171550751
7,4,128,80,0.4610779881477356,0.22612516582012177
7,4,128,81,0.44355809688568115,0.15260127186775208
7,4,128,82,0.38482552766799927,0.19429175555706024
7,4,128,83,0.6210600137710571,0.07547549158334732
7,4,128,84,0.5489715933799744,0.14546209573745728
7,4,128,85,0.5130820870399475,0.14692465960979462
7,4,128,86,0.6561668515205383,0.1319158375263214
7,4,128,87,0.5515474677085876,0.16227327287197113
7,4,128,88,0.2799755036830902,0.17630989849567413
7,4,128,89,0.40758970379829407,0.1429857611656189
7,4,128,90,0.6027436256408691,0.21940213441848755
7,4,128,91,0.6795731782913208,0.15332147479057312
7,4,128,92,0.38621988892555237,0.10827650874853134
7,4,128,93,0.6472676396369934,0.13377493619918823
7,4,128,94,0.5216324329376221,0.13740438222885132
7,4,128,95,0.3615761697292328,0.2592204213142395
7,4,128,96,0.6044855117797852,0.17538149654865265
7,4,128,97,0.46308958530426025,0.23948292434215546
7,4,128,98,0.7592105269432068,0.06911030411720276
7,4,128,99,0.6990427374839783,0.19220168888568878
7,4,128,100,0.5142534971237183,0.19852010905742645
7,4,128,101,0.61214679479599,0.08820158988237381
7,4,128,102,0.5880215167999268,0.12842272222042084
7,4,128,103,0.6284974217414856,0.12090982496738434
7,4,128,104,0.6424115896224976,0.11789336800575256
7,4,128,105,0.6729921698570251,0.19876907765865326
7,4,128,106,0.7489822506904602,0.0945664569735527
7,4,128,107,0.6072900295257568,0.21077211201190948
7,4,128,108,0.3277168571949005,0.1687888652086258
7,4,128,109,0.5114958882331848,0.20266743004322052
7,4,128,110,0.7060208916664124,0.1019611582159996
7,4,128,111,0.7146657705307007,0.088876873254776
7,4,128,112,0.5617424249649048,0.09244799613952637
7,4,128,113,0.44569966197013855,0.23672163486480713
7,4,128,114,0.6242977380752563,0.1908484697341919
7,4,128,115,0.4808598458766937,0.20650430023670197
7,4,128,116,0.5824597477912903,0.05422738194465637
7,4,128,117,0.726349413394928,0.13090209662914276
7,4,128,118,0.5611603856086731,0.15627306699752808
7,4,128,119,0.43713614344596863,0.29246553778648376
7,4,128,120,0.7609285712242126,0.11861526221036911
7,4,128,121,0.6372014284133911,0.1317429393529892
7,4,128,122,0.574399471282959,0.11628545820713043
7,4,128,123,0.6124561429023743,0.16326940059661865
7,4,128,124,0.6385537981987,0.06933653354644775
7,4,128,125,0.5440790057182312,0.12530012428760529
7,4,128,126,0.5374265909194946,0.14184856414794922
7,4,128,127,0.6305912733078003,0.10857390612363815
7,5,128,0,0.5848421454429626,0.041655153036117554
7,5,128,1,0.47825875878334045,0.09987922012805939
7,5,128,2,0.7161849141120911,0.17449592053890228
7,5,128,3,0.5180319547653198,0.047299567610025406
7,5,128,4,0.7294362187385559,0.16718557476997375
7,5,128,5,0.4213602542877197,0.23690664768218994
7,5,128,6,0.6371669769287109,0.24459007382392883
7,5,128,7,0.6055870652198792,0.1770850121974945
7,5,128,8,0.726362943649292,0.16236726939678192
7,5,128,9,0.6393766403198242,0.08747988939285278
7,5,128,10,0.4420897960662842,0.12481313198804855
7,5,128,11,0.6611707806587219,0.1883145123720169
7,5,128,12,0.4169359803199768,0.14050327241420746
7,5,128,13,0.7209455370903015,0.05970533564686775
7,5,128,14,0.5952978730201721,0.10699336230754852
7,5,128,15,0.5651862621307373,0.026568835601210594
7,5,128,16,0.6839070916175842,0.11206221580505371
7,5,128,17,0.6312851905822754,0.16007433831691742
7,5,128,18,0.5964763164520264,0.13205361366271973
7,5,128,19,0.7246899008750916,0.17360016703605652
7,5,128,20,0.7230095267295837,0.14142009615898132
7,5,128,21,0.658724844455719,0.21993733942508698
7,5,128,22,0.3370387852191925,0.1338321566581726
7,5,128,23,0.49625417590141296,0.13347889482975006
7,5,128,24,0.5198795795440674,0.16913366317749023
7,5,128,25,0.7638314962387085,0.11191077530384064
7,5,128,26,0.4420658349990845,0.05463298410177231
7,5,128,27,0.5448592901229858,0.11927419155836105
7,5,128,28,0.7524513006210327,0.1620943695306778
7,5,128,29,0.7236046195030212,0.18227218091487885
7,5,128,30,0.5849689245223999,0.14314748346805573
7,5,128,31,0.578098714351654,0.20142294466495514
7,5,128,32,0.6007782220840454,0.1332559436559677
7,5,128,33,0.6213840246200562,0.049698084592819214
7,5,128,34,0.2881876230239868,0.2105066031217575
7,5,128,35,0.6295773983001709,0.06990399956703186
7,5,128,36,0.6686983108520508,0.04449402168393135
7,5,128,37,0.7465482354164124,0.15581075847148895
7,5,128,38,0.7614324688911438,0.15960602462291718
7,5,128,39,0.5850274562835693,0.04449329897761345
7,5,128,40,0.6979490518569946,0.10822658985853195
7,5,128,41,0.7924190163612366,0.13695666193962097
7,5,128,42,0.7052426338195801,0.1954437494277954
7,5,128,43,0.37885335087776184,0.1558973789215088
7,5,128,44,0.7454015612602234,0.17279021441936493
7,5,128,45,0.644300639629364,0.13866464793682098
7,5,128,46,0.5411843657493591,0.12921428680419922
7,5,128,47,0.5704891085624695,0.05406272038817406
7,5,128,48,0.685631275177002,0.252797394990921
7,5,128,49,0.7342146635055542,0.10587210953235626
7,5,128,50,0.6881449222564697,0.19132331013679504
7,5,128,51,0.5332151651382446,0.06154301017522812
7,5,128,52,0.6339074969291687,0.11227882653474808
7,5,128,53,0.6994994878768921,0.15362221002578735
7,5,128,54,0.5079049468040466,0.084805428981781
7,5,128,55,0.7143868803977966,0.16930903494358063
7,5,128,56,0.7255868315696716,0.16160699725151062
7,5,128,57,0.6679965257644653,0.20359830558300018
7,5,128,58,0.6547406315803528,0.1134563460946083
7,5,128,59,0.6896159648895264,0.18483330309391022
7,5,128,60,0.6705273389816284,0.1610487550497055
7,5,128,61,0.7776473164558411,0.11541245132684708
7,5,128,62,0.7303774356842041,0.1516728699207306
7,5,128,63,0.6947212815284729,0.1606353521347046
7,5,128,64,0.7694638967514038,0.15499022603034973
7,5,128,65,0.6710389256477356,0.19153644144535065
7,5,128,66,0.7545634508132935,0.14023689925670624
7,5,128,67,0.7488253712654114,0.16288143396377563
7,5,128,68,0.7522785067558289,0.1636161059141159
7,5,128,69,0.7113469243049622,0.0593976229429245
7,5,128,70,0.6165845394134521,0.11189034581184387
7,5,128,71,0.6055356860160828,0.08411349356174469
7,5,128,72,0.7464553713798523,0.1526421159505844
7,5,128,73,0.7973392009735107,0.10950708389282227
7,5,128,74,0.624958336353302,0.15703144669532776
7,5,128,75,0.6878219842910767,0.08451125770807266
7,5,128,76,0.46883419156074524,0.06887674331665039
7,5,128,77,0.4017336964607239,0.05343161150813103
7,5,128,78,0.6371153593063354,0.09513325989246368
7,5,128,79,0.6575540900230408,0.12306273728609085
7,5,128,80,0.7707428932189941,0.15368834137916565
7,5,128,81,0.4692113697528839,0.059420328587293625
7,5,128,82,0.4182089865207672,0.04892127960920334
7,5,128,83,0.3180903494358063,0.13359400629997253
7,5,128,84,0.4486934542655945,0.052088506519794464
7,5,128,85,0.5801921486854553,0.13864150643348694
7,5,128,86,0.40602606534957886,0.08367577195167542
7,5,128,87,0.6822683215141296,0.1290939897298813
7,5,128,88,0.6022586822509766,0.17725704610347748
7,5,128,89,0.4062868356704712,0.17822173237800598
7,5,128,90,0.6432994604110718,0.2789101004600525
7,5,128,91,0.6673880815505981,0.1893848180770874
7,5,128,92,0.6592130661010742,0.08560807257890701
7,5,128,93,0.546305775642395,0.07605989277362823
7,5,128,94,0.5893973708152771,0.04037247598171234
7,5,128,95,0.7660289406776428,0.15487198531627655
7,5,128,96,0.6568182110786438,0.18284378945827484
7,5,128,97,0.3506459593772888,0.1666969656944275
7,5,128,98,0.5382755994796753,0.11512921750545502
7,5,128,99,0.7424013614654541,0.16012883186340332
7,5,128,100,0.69183748960495,0.12380599975585938
7,5,128,101,0.3592491149902344,0.19378206133842468
7,5,128,102,0.4069027602672577,0.1581544280052185
7,5,128,103,0.638278603553772,0.1462121456861496
7,5,128,104,0.4756498336791992,0.07936415076255798
7,5,128,105,0.7659344673156738,0.1365939825773239
7,5,128,106,0.559710681438446,0.08769795298576355
7,5,128,107,0.7139586806297302,0.14722824096679688
7,5,128,108,0.6939573287963867,0.09510092437267303
7,5,128,109,0.39872273802757263,0.26517754793167114
7,5,128,110,0.25048360228538513,0.12577225267887115
7,5,128,111,0.7072197794914246,0.08533980697393417
7,5,128,112,0.7183776497840881,0.18244901299476624
7,5,128,113,0.5317635536193848,0.20183630287647247
7,5,128,114,0.7069646716117859,0.17636658251285553
7,5,128,115,0.557007372379303,0.10901502519845963
7,5,128,116,0.6977823972702026,0.18150286376476288
7,5,128,117,0.7070707082748413,0.13020922243595123
7,5,128,118,0.37726736068725586,0.05465073883533478
7,5,128,119,0.4849439859390259,0.06784028559923172
7,5,128,120,0.7326641082763672,0.17711912095546722
7,5,128,121,0.7731803059577942,0.1254965215921402
7,5,128,122,0.6790459156036377,0.07021840661764145
7,5,128,123,0.5877333283424377,0.09814195334911346
7,5,128,124,0.7459724545478821,0.09554395824670792
7,5,128,125,0.4424966871738434,0.17420494556427002
7,5,128,126,0.6353842616081238,0.10060903429985046
7,5,128,127,0.4439191222190857,0.20845307409763336
8,0,32,0,0.5924724340438843,0.09796768426895142
8,0,32,1,0.406353622674942,0.06857708096504211
8,0,32,2,0.3645871579647064,0.05628791078925133
8,0,32,3,0.4994834363460541,0.08089783787727356
8,0,32,4,0.4721815884113312,0.06858039647340775
8,0,32,5,0.4373132884502411,0.10195746272802353
8,0,32,6,0.33987659215927124,0.06349850445985794
8,0,32,7,0.550288200378418,0.11488693952560425
8,0,32,8,0.49588581919670105,0.08397036790847778
8,0,32,9,0.4007987082004547,0.09359193593263626
8,0,32,10,0.39359015226364136,0.11586365848779678
8,0,32,11,0.3455493450164795,0.0934503898024559
8,0,32,12,0.5928704142570496,0.11125006526708603
8,0,32,13,0.47642746567726135,0.07982273399829865
8,0,32,14,0.357761949300766,0.10016928613185883
8,0,32,15,0.5100611448287964,0.0588839128613472
8,0,32,16,0.4715026319026947,0.0819689929485321
8,0,32,17,0.4174124598503113,0.058797404170036316
8,0,32,18,0.7112216949462891,0.07480865716934204
8,0,32,19,0.5028886198997498,0.04637390747666359
8,0,32,20,0.5974705815315247,0.055177003145217896
8,0,32,21,0.5461452007293701,0.06330379098653793
8,0,32,22,0.35784173011779785,0.08185860514640808
8,0,32,23,0.4462089538574219,0.08574546128511429
8,0,32,24,0.50289386510849,0.06708645075559616
8,0,32,25,0.40550312399864197,0.0707915723323822
8,0,32,26,0.5209718942642212,0.10964924842119217
8,0,32,27,0.5743017196655273,0.03352360799908638
8,0,32,28,0.46799173951148987,0.05448732152581215
8,0,32,29,0.4641707241535187,0.07635122537612915
8,0,32,30,0.397716224193573,0.052790891379117966
8,0,32,31,0.461972177028656,0.038671236485242844
8,1,32,0,0.6651326417922974,0.04797481745481491
8,1,32,1,0.37354010343551636,0.09954724460840225
8,1,32,2,0.404574453830719,0.031188448891043663
8,1,32,3,0.4973064363002777,0.04578664153814316
8,1,32,4,0.4973849058151245,0.032739605754613876
8,1,32,5,0.630299985408783,0.035983141511678696
8,1,32,6,0.4488303065299988,0.05504816398024559
8,1,32,7,0.4832097589969635,0.04425010457634926
8,1,32,8,0.42051196098327637,0.09096172451972961
8,1,32,9,0.42059582471847534,0.12529289722442627
8,1,32,10,0.38395655155181885,0.054441340267658234
8,1,32,11,0.5767080187797546,0.037054818123579025
8,1,32,12,0.5825872421264648,0.08275898545980453
8,1,32,13,0.5105096101760864,0.03633904457092285
8,1,32,14,0.5345712900161743,0.0927940309047699
8,1,32,15,0.5036236643791199,0.0658729150891304
8,1,32,16,0.4494324326515198,0.08671479672193527
8,1,32,17,0.5757364630699158,0.056308917701244354
8,1,32,18,0.3745933473110199,0.019317200407385826
8,1,32,19,0.4290539026260376,0.04289189353585243
8,1,32,20,0.49224603176116943,0.019363312050700188
8,1,32,21,0.3761693239212036,0.027160564437508583
8,1,32,22,0.4350599944591522,0.037300512194633484
8,1,32,23,0.5539376735687256,0.0638333410024643
8,1,32,24,0.4658268988132477,0.05411333963274956
8,1,32,25,0.5007283687591553,0.06285881251096725
8,1,32,26,0.4551122188568115,0.038687970489263535
8,1,32,27,0.5697866678237915,0.014857427217066288
8,1,32,28,0.49015000462532043,0.05730306729674339
8,1,32,29,0.4015393555164337,0.08198852837085724
8,1,32,30,0.6320741772651672,0.0696018785238266
8,1,32,31,0.5611605644226074,0.05867703631520271
8,2,64,0,0.41371285915374756,0.05418197065591812
8,2,64,1,0.49502673745155334,0.12210483103990555
8,2,64,2,0.5660381317138672,0.18895398080348969
8,2,64,3,0.5259513258934021,0.13125938177108765
8,2,64,4,0.531801700592041,0.07028345763683319
8,2,64,5,0.5498226881027222,0.09238003194332123
8,2,64,6,0.39528462290763855,0.0691513642668724
8,2,64,7,0.42732590436935425,0.15376514196395874
8,2,64,8,0.4869016408920288,0.2153966724872589
8,2,64,9,0.4484999477863312,0.10771290212869644
8,2,64,10,0.5485172867774963,0.14207032322883606
8,2,64,11,0.49004048109054565,0.033931296318769455
8,2,64,12,0.4170903265476227,0.08082420378923416
8,2,64,13,0.5557292103767395,0.12048161774873734
8,2,64,14,0.5976353287696838,0.10655537247657776
8,2,64,15,0.552483856678009,0.1616353988647461
8,2,64,16,0.6126217246055603,0.07034459710121155
8,2,64,17,0.48394307494163513,0.07726123929023743
8,2,64,18,0.44106221199035645,0.07153560221195221
8,2,64,19,0.5313066840171814,0.16805334389209747
8,2,64,20,0.43133744597435,0.0439547635614872
8,2,64,21,0.4776872396469116,0.13351720571517944
8,2,64,22,0.4116191864013672,0.08536399900913239
8,2,64,23,0.44638195633888245,0.11177819222211838
8,2,64,24,0.5489749908447266,0.08635880053043365
8,2,64,25,0.5224236249923706,0.11299622058868408
8,2,64,26,0.5823044180870056,0.10764137655496597
8,2,64,27,0.3888303339481354,0.1404542177915573
8,2,64,28,0.5391923785209656,0.14322829246520996
8,2,64,29,0.5743218660354614,0.06787825375795364
8,2,64,30,0.4886374771595001,0.11796535551548004
8,2,64,31,0.49524134397506714,0.11412909626960754
8,2,64,32,0.5120134949684143,0.08169973641633987
8,2,64,33,0.41170841455459595,0.10351015627384186
8,2,64,34,0.5311208367347717,0.13090410828590393
8,2,64,35,0.449661523103714,0.10055533051490784
8,2,64,36,0.46464186906814575,0.08986309170722961
8,2,64,37,0.4569089710712433,0.12833784520626068
8,2,64,38,0.4645037055015564,0.0608871690928936
8,2,64,39,0.4492902159690857,0.16562622785568237
8,2,64,40,0.35334011912345886,0.16966043412685394
8,2,64,41,0.41662612557411194,0.09530124813318253
8,2,64,42,0.5155885219573975,0.1682600975036621
8,2,64,43,0.3972570300102234,0.10403894633054733
8,2,64,44,0.4681652784347534,0.11499637365341187
8,2,64,45,0.45637091994285583,0.06269408762454987
8,2,64,46,0.4118002951145172,0.14302802085876465
8,2,64,47,0.37854713201522827,0.13185720145702362
8,2,64,48,0.36524665355682373,0.06855965405702591
8,2,64,49,0.4424104392528534,0.1481301635503769
8,2,64,50,0.4519723057746887,0.14564692974090576
8,2,64,51,0.5507084131240845,0.17076535522937775
8,2,64,52,0.4414805769920349,0.11352573335170746
8,2,64,53,0.38102903962135315,0.10808631032705307
8,2,64,54,0.5477798581123352,0.1432511806488037
8,2,64,55,0.5509241223335266,0.11782658100128174
8,2,64,56,0.31474676728248596,0.0614679679274559
8,2,64,57,0.419534832239151,0.07392285019159317
8,2,64,58,0.4486498534679413,0.0972202867269516
8,2,64,59,0.4310154616832733,0.15068623423576355
8,2,64,60,0.4024781584739685,0.08380947262048721
8,2,64,61,0.5406355857849121,0.1673785150051117
8,2,64,62,0.49445176124572754,0.1636383831501007
8,2,64,63,0.3928793668746948,0.07335592061281204
8,3,64,0,0.43453121185302734,0.11831647902727127
8,3,64,1,0.5180631875991821,0.06161195784807205
8,3,64,2,0.5182024836540222,0.08961643278598785
8,3,64,3,0.5188969969749451,0.17298749089241028
8,3,64,4,0.41089048981666565,0.17124037444591522
8,3,64,5,0.5043646693229675,0.1550726741552353
8,3,64,6,0.5390409231185913,0.21648666262626648
8,3,64,7,0.5595232844352722,0.15039949119091034
8,3,64,8,0.6124699115753174,0.12207996100187302
8,3,64,9,0.4928945004940033,0.07464904338121414
8,3,64,10,0.4263050854206085,0.07225348055362701
8,3,64,11,0.3592574894428253,0.13030654191970825
8,3,64,12,0.5405354499816895,0.17707495391368866
8,3,64,13,0.4748809039592743,0.09769266843795776
8,3,64,14,0.5720106959342957,0.21988674998283386
8,3,64,15,0.5093018412590027,0.07079364359378815
8,3,64,16,0.622054934501648,0.1266072690486908
8,3,64,17,0.5570719838142395,0.19181500375270844
8,3,64,18,0.45082607865333557,0.08192607015371323
8,3,64,19,0.4224720001220703,0.17367184162139893
8,3,64,20,0.5253516435623169,0.10686787962913513
8,3,64,21,0.5216516256332397,0.12502725422382355
8,3,64,22,0.49392539262771606,0.18836620450019836
8,3,64,23,0.5767620205879211,0.055479228496551514
8,3,64,24,0.5937008857727051,0.12223800271749496
8,3,64,25,0.551196277141571,0.10050056874752045
8,3,64,26,0.6038644909858704,0.21189723908901215
8,3,64,27,0.6312049627304077,0.0806560143828392
8,3,64,28,0.6045593023300171,0.10942698270082474
8,3,64,29,0.4002712070941925,0.0956423357129097
8,3,64,30,0.4394809901714325,0.06684832274913788
8,3,64,31,0.5099105834960938,0.1521374136209488
8,3,64,32,0.550640881061554,0.1415891796350479
8,3,64,33,0.6133275032043457,0.1481143683195114
8,3,64,34,0.45630425214767456,0.06749337911605835
8,3,64,35,0.4754406213760376,0.04764286428689957
8,3,64,36,0.3855742812156677,0.10804931819438934
8,3,64,37,0.6082730293273926,0.0635652020573616
8,3,64,38,0.43118488788604736,0.10836976766586304
8,3,64,39,0.5221529006958008,0.12963725626468658
8,3,64,40,0.3218057453632355,0.15621456503868103
8,3,64,41,0.43028196692466736,0.15313851833343506
8,3,64,42,0.4290745258331299,0.10667068511247635
8,3,64,43,0.4070795774459839,0.09825942665338516
8,3,64,44,0.5023796558380127,0.03150353953242302
8,3,64,45,0.34196192026138306,0.14965589344501495
8,3,64,46,0.48724672198295593,0.18157342076301575
8,3,64,47,0.45048463344573975,0.15768185257911682
8,3,64,48,0.5480160117149353,0.04686373099684715
8,3,64,49,0.41834622621536255,0.12968960404396057
8,3,64,50,0.6008580327033997,0.08233383297920227
8,3,64,51,0.4349691867828369,0.24415217339992523
8,3,64,52,0.4173438251018524,0.15197522938251495
8,3,64,53,0.6173447966575623,0.10081177949905396
8,3,64,54,0.4698319435119629,0.2712567150592804
8,3,64,55,0.49423131346702576,0.059970322996377945
8,3,64,56,0.581153154373169,0.11102275550365448
8,3,64,57,0.403949499130249,0.13622251152992249
8,3,64,58,0.4711301028728485,0.13440220057964325
8,3,64,59,0.6290407180786133,0.07920697331428528
8,3,64,60,0.5404271483421326,0.039038144052028656
8,3,64,61,0.4332573711872101,0.13875021040439606
8,3,64,62,0.32146790623664856,0.09019128978252411
8,3,64,63,0.6183345317840576,0.13011670112609863
8,4,128,0,0.6877153515815735,0.18539416790008545
8,4,128,1,0.6057584285736084,0.16927501559257507
8,4,128,2,0.6895297765731812,0.08961504697799683
8,4,128,3,0.5064545273780823,0.04827689006924629
8,4,128,4,0.625315248966217,0.06340330094099045
8,4,128,5,0.44311442971229553,0.11070723086595535
8,4,128,6,0.4902326762676239,0.10726298391819
8,4,128,7,0.597362756729126,0.09057147055864334
8,4,128,8,0.3367602825164795,0.1636236608028412
8,4,128,9,0.4624440670013428,0.1288539618253708
8,4,128,10,0.39947932958602905,0.1841609925031662
8,4,128,11,0.6391212344169617,0.2728905975818634
8,4,128,12,0.6688661575317383,0.1601783186197281
8,4,128,13,0.6235811710357666,0.11679267883300781
8,4,128,14,0.36445096135139465,0.22554221749305725
8,4,128,15,0.4866628050804138,0.1460212767124176
8,4,128,16,0.37588098645210266,0.1444549262523651
8,4,128,17,0.5026146173477173,0.08637451380491257
8,4,128,18,0.5493772029876709,0.03841555491089821
8,4,128,19,0.6555156111717224,0.13338470458984375
8,4,128,20,0.6142242550849915,0.23336337506771088
8,4,128,21,0.4028705358505249,0.1132490411400795
8,4,128,22,0.7706661820411682,0.1729673594236374
8,4,128,23,0.6965912580490112,0.20912125706672668
8,4,128,24,0.5510267615318298,0.0623592846095562
8,4,128,25,0.6730459928512573,0.25438356399536133
8,4,128,26,0.4642179310321808,0.06594128906726837
8,4,128,27,0.5208640098571777,0.10424835979938507
8,4,128,28,0.38080844283103943,0.157549649477005
8,4,128,29,0.32167133688926697,0.09109260886907578
8,4,128,30,0.27285662293434143,0.15150384604930878
8,4,128,31,0.6877865791320801,0.13014265894889832
8,4,128,32,0.43081599473953247,0.13271364569664001
8,4,128,33,0.4583051800727844,0.08126126229763031
8,4,128,34,0.20480592548847198,0.16772663593292236
8,4,128,35,0.7599037289619446,0.1721525490283966
8,4,128,36,0.47318345308303833,0.09728337824344635
8,4,128,37,0.42405471205711365,0.11463046073913574
8,4,128,38,0.6549280881881714,0.1726623773574829
8,4,128,39,0.4888538122177124,0.05362857133150101
8,4,128,40,0.7221084833145142,0.20970647037029266
8,4,128,41,0.5542330145835876,0.09257514029741287
8,4,128,42,0.7048397660255432,0.17905420064926147
8,4,128,43,0.30036529898643494,0.20413342118263245
8,4,128,44,0.37534379959106445,0.15036889910697937
8,4,128,45,0.5818501114845276,0.03950794041156769
8,4,128,46,0.3026036024093628,0.22669729590415955
8,4,128,47,0.7130357623100281,0.16448311507701874
8,4,128,48,0.5526859164237976,0.05294008553028107
8,4,128,49,0.7095851302146912,0.14423906803131104
8,4,128,50,0.6833194494247437,0.22549059987068176
8,4,128,51,0.7062545418739319,0.24774061143398285
8,4,128,52,0.541632354259491,0.10680713504552841
8,4,128,53,0.704081118106842,0.22132976353168488
8,4,128,54,0.6338531374931335,0.18784095346927643
8,4,128,55,0.6476137638092041,0.1366344541311264
8,4,128,56,0.7361891269683838,0.18413309752941132
8,4,128,57,0.641230583190918,0.15187786519527435
8,4,128,58,0.6366196274757385,0.19382642209529877
8,4,128,59,0.5951100587844849,0.054418329149484634
8,4,128,60,0.757737934589386,0.19204676151275635
8,4,128,61,0.681738555431366,0.15973038971424103
8,4,128,62,0.7493798732757568,0.19761256873607635
8,4,128,63,0.5466563105583191,0.10158254951238632
8,4,128,64,0.6273236870765686,0.1050218865275383
8,4,128,65,0.7142179608345032,0.12883661687374115
8,4,128,66,0.7207755446434021,0.22068645060062408
8,4,128,67,0.5348490476608276,0.03254508227109909
8,4,128,68,0.5985828042030334,0.08692062646150589
8,4,128,69,0.7165814638137817,0.22838342189788818
8,4,128,70,0.5766941905021667,0.13350899517536163
8,4,128,71,0.3787536323070526,0.12052575498819351
8,4,128,72,0.6978247165679932,0.13651816546916962
8,4,128,73,0.2715299427509308,0.18712468445301056
8,4,128,74,0.6837666034698486,0.16885565221309662
8,4,128,75,0.5247474312782288,0.1568901687860489
8,4,128,76,0.3728565275669098,0.15333214402198792
8,4,128,77,0.4683407247066498,0.07674716413021088
8,4,128,78,0.6052857041358948,0.05197976902127266
8,4,128,79,0.5459783673286438,0.042100630700588226
8,4,128,80,0.3920099437236786,0.18816764652729034
8,4,128,81,0.647463321685791,0.1775352954864502
8,4,128,82,0.3495456874370575,0.1279038041830063
8,4,128,83,0.5417004227638245,0.09629274904727936
8,4,128,84,0.6913831830024719,0.260013222694397
8,4,128,85,0.3341883718967438,0.19742926955223083
8,4,128,86,0.6462962627410889,0.12249042838811874
8,4,128,87,0.7043924927711487,0.19155332446098328
8,4,128,88,0.3181385099887848,0.18294452130794525
8,4,128,89,0.5919029712677002,0.07432163506746292
8,4,128,90,0.6685267090797424,0.15514394640922546
8,4,128,91,0.3050597012042999,0.18404018878936768
8,4,128,92,0.7764420509338379,0.1332555115222931
8,4,128,93,0.6900675892829895,0.2232409417629242
8,4,128,94,0.3871726989746094,0.1775633692741394
8,4,128,95,0.42405015230178833,0.09706328064203262
8,4,128,96,0.43991875648498535,0.09753377735614777
8,4,128,97,0.5286533236503601,0.11916851252317429
8,4,128,98,0.556693971157074,0.10294591635465622
8,4,128,99,0.7551530599594116,0.17250299453735352
8,4,128,100,0.7615744471549988,0.16076341271400452
8,4,128,101,0.6710070967674255,0.24567048251628876
8,4,128,102,0.6030057072639465,0.17559073865413666
8,4,128,103,0.6669765710830688,0.11058424413204193
8,4,128,104,0.6678480505943298,0.16537562012672424
8,4,128,105,0.6743677258491516,0.2075306922197342
8,4,128,106,0.6899905800819397,0.23960870504379272
8,4,128,107,0.6619767546653748,0.21058018505573273
8,4,128,108,0.5793415307998657,0.12848782539367676
8,4,128,109,0.44507989287376404,0.028585506603121758
8,4,128,110,0.6846645474433899,0.23663365840911865
8,4,128,111,0.33311986923217773,0.171926811337471
8,4,128,112,0.3321182131767273,0.17423957586288452
8,4,128,113,0.4312739372253418,0.08268829435110092
8,4,128,114,0.415947824716568,0.1762704849243164
8,4,128,115,0.6104334592819214,0.22841773927211761
8,4,128,116,0.5573043823242188,0.12407931685447693
8,4,128,117,0.7311832308769226,0.16295717656612396
8,4,128,118,0.6505869030952454,0.11651453375816345
8,4,128,119,0.28869864344596863,0.1924033761024475
8,4,128,120,0.6483393311500549,0.21255216002464294
8,4,128,121,0.34479281306266785,0.18685345351696014
8,4,128,122,0.6037523746490479,0.1988803893327713
8,4,128,123,0.655859649181366,0.0778585821390152
8,4,128,124,0.38764017820358276,0.17268389463424683
8,4,128,125,0.5529130697250366,0.04109654203057289
8,4,128,126,0.46688809990882874,0.10468662530183792
8,4,128,127,0.49737489223480225,0.08677088469266891
8,5,128,0,0.70155930519104,0.13254901766777039
8,5,128,1,0.4328748881816864,0.18008434772491455
8,5,128,2,0.5874691009521484,0.1275712251663208
8,5,128,3,0.4906327426433563,0.07972347736358643
8,5,128,4,0.563467800617218,0.04905584082007408
8,5,128,5,0.5424231290817261,0.08155631273984909
8,5,128,6,0.5101547241210938,0.18250298500061035
8,5,128,7,0.6346889138221741,0.08279643952846527
8,5,128,8,0.6675716638565063,0.11532063782215118
8,5,128,9,0.5952636003494263,0.04967622831463814
8,5,128,10,0.7131710052490234,0.08062703907489777
8,5,128,11,0.5884809494018555,0.22383223474025726
8,5,128,12,0.7008341550827026,0.06544146686792374
8,5,128,13,0.8073443174362183,0.1007513478398323
8,5,128,14,0.7938408851623535,0.13851214945316315
8,5,128,15,0.6306847929954529,0.13730542361736298
8,5,128,16,0.30469590425491333,0.1068769320845604
8,5,128,17,0.6530867218971252,0.04957382753491402
8,5,128,18,0.5493672490119934,0.058982137590646744
8,5,128,19,0.7111431956291199,0.08597301691770554
8,5,128,20,0.4354977607727051,0.06839768588542938
8,5,128,21,0.5526232719421387,0.05408212170004845
8,5,128,22,0.4398033916950226,0.05618389695882797
8,5,128,23,0.747920572757721,0.18171483278274536
8,5,128,24,0.694003164768219,0.054017432034015656
8,5,128,25,0.6761443614959717,0.16844138503074646
8,5,128,26,0.402152955532074,0.1725967526435852
8,5,128,27,0.5118041634559631,0.04298778250813484
8,5,128,28,0.6045112013816833,0.21345943212509155
8,5,128,29,0.46618911623954773,0.18579569458961487
8,5,128,30,0.5716750621795654,0.22808930277824402
8,5,128,31,0.769303560256958,0.09842921048402786
8,5,128,32,0.8211259841918945,0.1472533494234085
8,5,128,33,0.4281333088874817,0.04509435221552849
8,5,128,34,0.36739134788513184,0.09225744754076004
8,5,128,35,0.7900944948196411,0.15538787841796875
8,5,128,36,0.5954288244247437,0.11242297291755676
8,5,128,37,0.4259337782859802,0.11824805289506912
8,5,128,38,0.7928056120872498,0.13162073493003845
8,5,128,39,0.6913458704948425,0.23321491479873657
8,5,128,40,0.5901471972465515,0.13997532427310944
8,5,128,41,0.6229706406593323,0.05997099727392197
8,5,128,42,0.6543261408805847,0.14308902621269226
8,5,128,43,0.5828294157981873,0.025338204577565193
8,5,128,44,0.6354923248291016,0.26499640941619873
8,5,128,45,0.38967838883399963,0.11240079253911972
8,5,128,46,0.6458014845848083,0.22308190166950226
8,5,128,47,0.7528238892555237,0.1614241898059845
8,5,128,48,0.3411273658275604,0.09875635802745819
8,5,128,49,0.7727999091148376,0.1165832057595253
8,5,128,50,0.6401678323745728,0.23664848506450653
8,5,128,51,0.6593586206436157,0.1987861692905426
8,5,128,52,0.618835985660553,0.2545352578163147
8,5,128,53,0.5671972036361694,0.10195793956518173
8,5,128,54,0.6914581656455994,0.1479308307170868
8,5,128,55,0.6664324998855591,0.16821162402629852
8,5,128,56,0.5794640779495239,0.06771138310432434
8,5,128,57,0.5847504138946533,0.17834517359733582
8,5,128,58,0.6793124079704285,0.27244633436203003
8,5,128,59,0.6655664443969727,0.27515745162963867
8,5,128,60,0.7107453942298889,0.171175017952919
8,5,128,61,0.6680459976196289,0.2508212625980377
8,5,128,62,0.756127119064331,0.21880030632019043
8,5,128,63,0.7166060209274292,0.06902993470430374
8,5,128,64,0.4934529662132263,0.08667559921741486
8,5,128,65,0.6243071556091309,0.14155350625514984
8,5,128,66,0.7298315167427063,0.14223094284534454
8,5,128,67,0.7452658414840698,0.17786264419555664
8,5,128,68,0.7166396379470825,0.13115239143371582
8,5,128,69,0.8202335238456726,0.12621480226516724
8,5,128,70,0.7527315616607666,0.14544419944286346
8,5,128,71,0.558800995349884,0.03909625485539436
8,5,128,72,0.7014174461364746,0.16460900008678436
8,5,128,73,0.7250902652740479,0.12457791715860367
8,5,128,74,0.7201361656188965,0.1895185112953186
8,5,128,75,0.6837574243545532,0.03981012478470802
8,5,128,76,0.6547393202781677,0.21700337529182434
8,5,128,77,0.5840033292770386,0.20698516070842743
8,5,128,78,0.5195944905281067,0.07814067602157593
8,5,128,79,0.42507871985435486,0.1007571890950203
8,5,128,80,0.42950010299682617,0.06662078201770782
8,5,128,81,0.6118422150611877,0.1774858683347702
8,5,128,82,0.24310638010501862,0.1567431390285492
8,5,128,83,0.2510683536529541,0.11514578014612198
8,5,128,84,0.6514561772346497,0.2834051549434662
8,5,128,85,0.671681821346283,0.19569548964500427
8,5,128,86,0.6656545400619507,0.11757943034172058
8,5,128,87,0.7449980974197388,0.1815878003835678
8,5,128,88,0.6100588440895081,0.057774193584918976
8,5,128,89,0.826323926448822,0.12801696360111237
8,5,128,90,0.634574294090271,0.22556808590888977
8,5,128,91,0.4442119300365448,0.10030948370695114
8,5,128,92,0.5496631860733032,0.09567391872406006
8,5,128,93,0.504764199256897,0.139956995844841
8,5,128,94,0.7742382884025574,0.09241342544555664
8,5,128,95,0.7861170768737793,0.11589183658361435
8,5,128,96,0.6216831803321838,0.0787094309926033
8,5,128,97,0.5727940201759338,0.19504864513874054
8,5,128,98,0.3310689926147461,0.05142011120915413
8,5,128,99,0.7147470116615295,0.2066381871700287
8,5,128,100,0.7388513088226318,0.20758996903896332
8,5,128,101,0.7800217866897583,0.1409899741411209
8,5,128,102,0.6431229710578918,0.24532367289066315
8,5,128,103,0.5048043131828308,0.09940865635871887
8,5,128,104,0.6396298408508301,0.25627195835113525
8,5,128,105,0.6347708702087402,0.2532832622528076
8,5,128,106,0.6515982747077942,0.18658293783664703
8,5,128,107,0.5435622930526733,0.27970561385154724
8,5,128,108,0.6711307764053345,0.22152897715568542
8,5,128,109,0.5369033813476562,0.13398166000843048
8,5,128,110,0.6937239766120911,0.15700256824493408
8,5,128,111,0.4273219704627991,0.23040184378623962
8,5,128,112,0.5403102040290833,0.09850797802209854
8,5,128,113,0.36269891262054443,0.232708141207695
8,5,128,114,0.7354744672775269,0.1873558610677719
8,5,128,115,0.7962072491645813,0.15493619441986084
8,5,128,116,0.6104803681373596,0.14378267526626587
8,5,128,117,0.5787100791931152,0.09622176736593246
8,5,128,118,0.6390001773834229,0.21493719518184662
8,5,128,119,0.2974647879600525,0.15576256811618805
8,5,128,120,0.6823482513427734,0.17992225289344788
8,5,128,121,0.6897388696670532,0.0674777552485466
8,5,128,122,0.2995832562446594,0.10081156343221664
8,5,128,123,0.7365672588348389,0.20666217803955078
8,5,128,124,0.6489550471305847,0.06230064854025841
8,5,128,125,0.5569044351577759,0.07861826568841934
8,5,128,126,0.5029021501541138,0.047841377556324005
8,5,128,127,0.5382960438728333,0.048356566578149796
9,0,32,0,0.5843395590782166,0.040044259279966354
9,0,32,1,0.6044781804084778,0.059833500534296036
9,0,32,2,0.49752870202064514,0.022890804335474968
9,0,32,3,0.49645715951919556,0.01539645530283451
9,0,32,4,0.4919660687446594,0.05310327559709549
9,0,32,5,0.5732672214508057,0.02592233195900917
9,0,32,6,0.556094229221344,0.02642352133989334
9,0,32,7,0.5536505579948425,0.02006465755403042
9,0,32,8,0.5348191857337952,0.022804925218224525
9,0,32,9,0.5154365301132202,0.05312449485063553
9,0,32,10,0.6165218353271484,0.01697678491473198
9,0,32,11,0.5060858726501465,0.06835624575614929
9,0,32,12,0.4172958433628082,0.028733106330037117
9,0,32,13,0.5291232466697693,0.03979422524571419
9,0,32,14,0.570382297039032,0.0609687939286232
9,0,32,15,0.43620550632476807,0.054732371121644974
9,0,32,16,0.5105565786361694,0.02993892878293991
9,0,32,17,0.4237799048423767,0.04538625478744507
9,0,32,18,0.5194646716117859,0.025780875235795975
9,0,32,19,0.6098133325576782,0.056796129792928696
9,0,32,20,0.46909159421920776,0.060105014592409134
9,0,32,21,0.47704365849494934,0.027868423610925674
9,0,32,22,0.5359388589859009,0.030569138005375862
9,0,32,23,0.4920686185359955,0.037720613181591034
9,0,32,24,0.6027517318725586,0.05964861065149307
9,0,32,25,0.4330980181694031,0.015859942883253098
9,0,32,26,0.4567091763019562,0.029517697170376778
9,0,32,27,0.46348151564598083,0.017270879819989204
9,0,32,28,0.47515207529067993,0.02084500715136528
9,0,32,29,0.3611169755458832,0.02898467890918255
9,0,32,30,0.4599790573120117,0.05244556814432144
9,0,32,31,0.39243283867836,0.04082360863685608
9,1,32,0,0.42232832312583923,0.04592916741967201
9,1,32,1,0.5646257400512695,0.012726789340376854
9,1,32,2,0.6309422850608826,0.018315646797418594
9,1,32,3,0.5391191244125366,0.05455857142806053
9,1,32,4,0.442793071269989,0.03373544290661812
9,1,32,5,0.46129730343818665,0.026896467432379723
9,1,32,6,0.5251073837280273,0.021247845143079758
9,1,32,7,0.4220612943172455,0.03221466764807701
9,1,32,8,0.48746100068092346,0.030084721744060516
9,1,32,9,0.40298542380332947,0.059565864503383636
9,1,32,10,0.4204259216785431,0.020764697343111038
9,1,32,11,0.6158540844917297,0.029713639989495277
9,1,32,12,0.48024076223373413,0.05369206890463829
9,1,32,13,0.5720238089561462,0.02796166017651558
9,1,32,14,0.531910240650177,0.040805425494909286
9,1,32,15,0.4337044656276703,0.059604011476039886
9,1,32,16,0.551358699798584,0.05017372593283653
9,1,32,17,0.5337621569633484,0.048126742243766785
9,1,32,18,0.4848477840423584,0.03718481957912445
9,1,32,19,0.4172520935535431,0.021820178255438805
9,1,32,20,0.5495750308036804,0.03372246399521828
9,1,32,21,0.47416406869888306,0.04268208518624306
9,1,32,22,0.36532479524612427,0.04358898848295212
9,1,32,23,0.5477265119552612,0.04778847470879555
9,1,32,24,0.5798372030258179,0.018562056124210358
9,1,32,25,0.5343620181083679,0.02045571617782116
9,1,32,26,0.420717716217041,0.015631960704922676
9,1,32,27,0.4506230652332306,0.018769782036542892
9,1,32,28,0.5034167170524597,0.029819035902619362
9,1,32,29,0.6117225885391235,0.021418584510684013
9,1,32,30,0.4088984429836273,0.026997564360499382
9,1,32,31,0.5379917621612549,0.01985136792063713
9,2,64,0,0.47936877608299255,0.1370791792869568
9,2,64,1,0.5397334098815918,0.0888771340250969
9,2,64,2,0.5370311737060547,0.06070834398269653
9,2,64,3,0.442058265209198,0.030728114768862724
9,2,64,4,0.512885570526123,0.05942949280142784
9,2,64,5,0.5418462753295898,0.13550709187984467
9,2,64,6,0.5030716061592102,0.09066189080476761
9,2,64,7,0.4294736087322235,0.07249122112989426
9,2,64,8,0.566171407699585,0.052035316824913025
9,2,64,9,0.448560893535614,0.042487628757953644
9,2,64,10,0.5653817653656006,0.10018379241228104
9,2,64,11,0.4765254259109497,0.08991701155900955
9,2,64,12,0.39940300583839417,0.06079372018575668
9,2,64,13,0.4391263723373413,0.09883011132478714
9,2,64,14,0.5502767562866211,0.02820477820932865
9,2,64,15,0.39110273122787476,0.11105586588382721
9,2,64,16,0.6328126192092896,0.07377339154481888
9,2,64,17,0.6380160450935364,0.09208288043737411
9,2,64,18,0.43191999197006226,0.09849023818969727
9,2,64,19,0.5464271903038025,0.127230703830719
9,2,64,20,0.4481450617313385,0.10120662301778793
9,2,64,21,0.4465166926383972,0.04575464501976967
9,2,64,22,0.4722381830215454,0.061866484582424164
9,2,64,23,0.40370965003967285,0.0544368252158165
9,2,64,24,0.4936193525791168,0.08418586105108261
9,2,64,25,0.5159400105476379,0.04207945987582207
9,2,64,26,0.4911744296550751,0.0835922360420227
9,2,64,27,0.5334038734436035,0.0695618987083435
9,2,64,28,0.5465571284294128,0.0682128369808197
9,2,64,29,0.4443909823894501,0.06046662479639053
9,2,64,30,0.4017997086048126,0.09449752420186996
9,2,64,31,0.512505292892456,0.145120769739151
9,2,64,32,0.5228376984596252,0.09172771126031876
9,2,64,33,0.5204873085021973,0.1083386018872261
9,2,64,34,0.6067987084388733,0.11317409574985504
9,2,64,35,0.489873468875885,0.062314730137586594
9,2,64,36,0.4065157175064087,0.10269804298877716
9,2,64,37,0.5316383242607117,0.12250158935785294
9,2,64,38,0.5295720100402832,0.04358021169900894
9,2,64,39,0.5395231246948242,0.13313443958759308
9,2,64,40,0.5259528756141663,0.05567464977502823
9,2,64,41,0.5642560720443726,0.034777432680130005
9,2,64,42,0.47200778126716614,0.08668086677789688
9,2,64,43,0.4980204403400421,0.12141942232847214
9,2,64,44,0.46895769238471985,0.042299140244722366
9,2,64,45,0.5413841605186462,0.04703715816140175
9,2,64,46,0.40822720527648926,0.10979032516479492
9,2,64,47,0.5526367425918579,0.0734231099486351
9,2,64,48,0.48650747537612915,0.04196407273411751
9,2,64,49,0.6004431843757629,0.06498607993125916
9,2,64,50,0.49323466420173645,0.06949497759342194
9,2,64,51,0.469387412071228,0.08914001286029816
9,2,64,52,0.4361547529697418,0.03880447894334793
9,2,64,53,0.40689370036125183,0.13952600955963135
9,2,64,54,0.5613258481025696,0.06306225061416626
9,2,64,55,0.47114405035972595,0.07225116342306137
9,2,64,56,0.43399977684020996,0.05508825555443764
9,2,64,57,0.600254476070404,0.03575284406542778
9,2,64,58,0.6110945343971252,0.0635821595788002
9,2,64,59,0.4668996334075928,0.12749823927879333
9,2,64,60,0.38278865814208984,0.08743581175804138
9,2,64,61,0.4068835973739624,0.0453113317489624
9,2,64,62,0.49624964594841003,0.053584083914756775
9,2,64,63,0.42022985219955444,0.08815369755029678
9,3,64,0,0.4849811792373657,0.08826925605535507
9,3,64,1,0.5302292108535767,0.0989273265004158
9,3,64,2,0.46962448954582214,0.08494298160076141
9,3,64,3,0.3473493754863739,0.07464705407619476
9,3,64,4,0.6286502480506897,0.03168794512748718
9,3,64,5,0.5614619255065918,0.15458445250988007
9,3,64,6,0.6132597923278809,0.07254409790039062
9,3,64,7,0.6166949272155762,0.061369918286800385
9,3,64,8,0.4911724627017975,0.01832490600645542
9,3,64,9,0.5244436264038086,0.12816445529460907
9,3,64,10,0.4854668080806732,0.10453157871961594
9,3,64,11,0.5142306089401245,0.04986756294965744
9,3,64,12,0.5049198865890503,0.04298033565282822
9,3,64,13,0.36654573678970337,0.03985254094004631
9,3,64,14,0.3945460915565491,0.05169796943664551
9,3,64,15,0.34370359778404236,0.06658576428890228
9,3,64,16,0.5161816477775574,0.14035972952842712
9,3,64,17,0.5913705825805664,0.062413305044174194
9,3,64,18,0.4683079719543457,0.03178280219435692
9,3,64,19,0.6061206459999084,0.07608138024806976
9,3,64,20,0.3726806938648224,0.04625741392374039
9,3,64,21,0.5075194835662842,0.03940297290682793
9,3,64,22,0.6081231832504272,0.12508682906627655
9,3,64,23,0.48212993144989014,0.036319032311439514
9,3,64,24,0.5318896174430847,0.12051103264093399
9,3,64,25,0.5090663433074951,0.07004089653491974
9,3,64,26,0.45078861713409424,0.10870577394962311
9,3,64,27,0.5096591711044312,0.07157354056835175
9,3,64,28,0.4062575697898865,0.0266986433416605
9,3,64,29,0.5495568513870239,0.08187607675790787
9,3,64,30,0.695086658000946,0.11364513635635376
9,3,64,31,0.47084590792655945,0.0912095457315445
9,3,64,32,0.46341317892074585,0.08625886589288712
9,3,64,33,0.4991433322429657,0.02346455119550228
9,3,64,34,0.544356644153595,0.03705928102135658
9,3,64,35,0.479985773563385,0.03718137741088867
9,3,64,36,0.6618454456329346,0.07277103513479233
9,3,64,37,0.5413978695869446,0.05830244719982147
9,3,64,38,0.5817939043045044,0.17179332673549652
9,3,64,39,0.5262871384620667,0.20903457701206207
9,3,64,40,0.5135679841041565,0.1371149718761444
9,3,64,41,0.5231350064277649,0.09130235761404037
9,3,64,42,0.4627161920070648,0.11030084639787674
9,3,64,43,0.34268853068351746,0.07023555040359497
9,3,64,44,0.47398635745048523,0.023074578493833542
9,3,64,45,0.4558180272579193,0.07552198320627213
9,3,64,46,0.5549065470695496,0.05518626049160957
9,3,64,47,0.49340149760246277,0.12044639885425568
9,3,64,48,0.541436493396759,0.06543110311031342
9,3,64,49,0.5474291443824768,0.05534087494015694
9,3,64,50,0.5498895645141602,0.07032479345798492
9,3,64,51,0.45491650700569153,0.10950221121311188
9,3,64,52,0.6320091485977173,0.08080030977725983
9,3,64,53,0.41083216667175293,0.16492006182670593
9,3,64,54,0.5067577362060547,0.04847804829478264
9,3,64,55,0.4223790764808655,0.08229031413793564
9,3,64,56,0.6445578336715698,0.058190785348415375
9,3,64,57,0.6458525657653809,0.14638042449951172
9,3,64,58,0.4982408285140991,0.04159688204526901
9,3,64,59,0.6199087500572205,0.05362820625305176
9,3,64,60,0.3881174325942993,0.0483308844268322
9,3,64,61,0.5721057653427124,0.12837328016757965
9,3,64,62,0.6431470513343811,0.055880896747112274
9,3,64,63,0.5660108923912048,0.025588296353816986
9,4,128,0,0.6091827750205994,0.0934806689620018
9,4,128,1,0.5510600805282593,0.050994839519262314
9,4,128,2,0.5139347910881042,0.12563355267047882
9,4,128,3,0.5514028668403625,0.06246066465973854
9,4,128,4,0.5191947221755981,0.14418359100818634
9,4,128,5,0.5751833319664001,0.045758455991744995
9,4,128,6,0.5157442688941956,0.06705731898546219
9,4,128,7,0.5849830508232117,0.06597648561000824
9,4,128,8,0.5652023553848267,0.08492311090230942
9,4,128,9,0.5464550852775574,0.04088522493839264
9,4,128,10,0.4730762243270874,0.07321999967098236
9,4,128,11,0.5268602967262268,0.061211347579956055
9,4,128,12,0.5798101425170898,0.113758385181427
9,4,128,13,0.47631949186325073,0.06474606692790985
9,4,128,14,0.6581758856773376,0.11621572077274323
9,4,128,15,0.4914652109146118,0.03148643299937248
9,4,128,16,0.5424115657806396,0.05325356498360634
9,4,128,17,0.4895082116127014,0.09099917113780975
9,4,128,18,0.5844671726226807,0.0530761294066906
9,4,128,19,0.4865059554576874,0.03185376152396202
9,4,128,20,0.4575527310371399,0.04657147079706192
9,4,128,21,0.4639696776866913,0.041581735014915466
9,4,128,22,0.5129520297050476,0.10927614569664001
9,4,128,23,0.46702542901039124,0.03336215764284134
9,4,128,24,0.60882568359375,0.10474503040313721
9,4,128,25,0.3713640570640564,0.044480931013822556
9,4,128,26,0.6420997381210327,0.03746915981173515
9,4,128,27,0.5204410552978516,0.07459073513746262
9,4,128,28,0.4677765965461731,0.08816912770271301
9,4,128,29,0.46638062596321106,0.03025146946310997
9,4,128,30,0.5330151915550232,0.05558498203754425
9,4,128,31,0.5121820569038391,0.03494502604007721
9,4,128,32,0.4077222943305969,0.10667677968740463
9,4,128,33,0.5158324241638184,0.03355501592159271
9,4,128,34,0.45871204137802124,0.02917804941534996
9,4,128,35,0.4282657206058502,0.04632287099957466
9,4,128,36,0.3666151762008667,0.07969465106725693
9,4,128,37,0.49773600697517395,0.05754685401916504
9,4,128,38,0.5511350035667419,0.04034358263015747
9,4,128,39,0.5461870431900024,0.06499290466308594
9,4,128,40,0.43617528676986694,0.0456034392118454
9,4,128,41,0.5089657306671143,0.06985397636890411
9,4,128,42,0.4275396466255188,0.052594996988773346
9,4,128,43,0.4861355125904083,0.07693656533956528
9,4,128,44,0.4965634047985077,0.10101471841335297
9,4,128,45,0.5253270268440247,0.055255789309740067
9,4,128,46,0.49548134207725525,0.045418329536914825
9,4,128,47,0.5121672749519348,0.08990305662155151
9,4,128,48,0.485569566488266,0.0475132130086422
9,4,128,49,0.5239788293838501,0.12109225243330002
9,4,128,50,0.6125413179397583,0.08598897606134415
9,4,128,51,0.5212844610214233,0.06638253480195999
9,4,128,52,0.48534247279167175,0.032792285084724426
9,4,128,53,0.4664340615272522,0.051056746393442154
9,4,128,54,0.42830899357795715,0.047439541667699814
9,4,128,55,0.4164447486400604,0.053091518580913544
9,4,128,56,0.6096246838569641,0.07891447842121124
9,4,128,57,0.4770195782184601,0.0535503588616848
9,4,128,58,0.4929124712944031,0.09757497906684875
9,4,128,59,0.5713070034980774,0.08714764565229416
9,4,128,60,0.5321532487869263,0.04305942729115486
9,4,128,61,0.6120708584785461,0.10205282270908356
9,4,128,62,0.5669840574264526,0.09221986681222916
9,4,128,63,0.5578686594963074,0.10383390635251999
9,4,128,64,0.46968820691108704,0.04742967709898949
9,4,128,65,0.5877358913421631,0.0870472639799118
9,4,128,66,0.5777766704559326,0.10266975313425064
9,4,128,67,0.5321811437606812,0.057670388370752335
9,4,128,68,0.47009629011154175,0.08391744643449783
9,4,128,69,0.48845428228378296,0.08184773474931717
9,4,128,70,0.6091566681861877,0.08558961749076843
9,4,128,71,0.6291288137435913,0.09015833586454391
9,4,128,72,0.47372353076934814,0.0469437800347805
9,4,128,73,0.6147736310958862,0.0715770572423935
9,4,128,74,0.5494229793548584,0.08400309085845947
9,4,128,75,0.424082487821579,0.09071367233991623
9,4,128,76,0.5254228711128235,0.07605333626270294
9,4,128,77,0.4881378412246704,0.10676351189613342
9,4,128,78,0.5685716271400452,0.06523952633142471
9,4,128,79,0.5928968191146851,0.0884917676448822
9,4,128,80,0.5883311033248901,0.10068096965551376
9,4,128,81,0.5473690629005432,0.11086823046207428
9,4,128,82,0.4320518672466278,0.06616479158401489
9,4,128,83,0.5020166635513306,0.12542754411697388
9,4,128,84,0.5787330269813538,0.06431294232606888
9,4,128,85,0.57697594165802,0.06423219293355942
9,4,128,86,0.4677548110485077,0.04847332462668419
9,4,128,87,0.42435094714164734,0.05676179751753807
9,4,128,88,0.39749518036842346,0.073330819606781
9,4,128,89,0.45516863465309143,0.07463814318180084
9,4,128,90,0.535862147808075,0.05349075049161911
9,4,128,91,0.5175497531890869,0.11544147878885269
9,4,128,92,0.5198491811752319,0.055126626044511795
9,4,128,93,0.4373345673084259,0.07629072666168213
9,4,128,94,0.5083426833152771,0.03952617570757866
9,4,128,95,0.4465848505496979,0.022086909040808678
9,4,128,96,0.4634440839290619,0.05270553007721901
9,4,128,97,0.4530954658985138,0.0515238381922245
9,4,128,98,0.4737586975097656,0.0496930330991745
9,4,128,99,0.5461485385894775,0.050625551491975784
9,4,128,100,0.49389544129371643,0.07698007673025131
9,4,128,101,0.5959597826004028,0.03287670761346817
9,4,128,102,0.5771524310112,0.07540503144264221
9,4,128,103,0.5919041037559509,0.12103800475597382
9,4,128,104,0.6052966713905334,0.048890870064496994
9,4,128,105,0.5183737874031067,0.03980717435479164
9,4,128,106,0.4343547821044922,0.09425614774227142
9,4,128,107,0.5522329211235046,0.0824870765209198
9,4,128,108,0.5788169503211975,0.07107093930244446
9,4,128,109,0.42285993695259094,0.03785485774278641
9,4,128,110,0.49998098611831665,0.08889264613389969
9,4,128,111,0.6409267783164978,0.09223121404647827
9,4,128,112,0.419752299785614,0.05214207246899605
9,4,128,113,0.4424901008605957,0.027842968702316284
9,4,128,114,0.5870420932769775,0.027273118495941162
9,4,128,115,0.44310274720191956,0.10612546652555466
9,4,128,116,0.46214768290519714,0.07283717393875122
9,4,128,117,0.5089221000671387,0.07825542241334915
9,4,128,118,0.594758927822113,0.06268655508756638
9,4,128,119,0.491369366645813,0.0341966450214386
9,4,128,120,0.4910072684288025,0.053895797580480576
9,4,128,121,0.5599834322929382,0.06063884496688843
9,4,128,122,0.6294779777526855,0.06903781741857529
9,4,128,123,0.46538835763931274,0.09971790760755539
9,4,128,124,0.6285254955291748,0.09131069481372833
9,4,128,125,0.4269624650478363,0.0519707165658474
9,4,128,126,0.5784057974815369,0.11397271603345871
9,4,128,127,0.4617728888988495,0.0204392708837986
9,5,128,0,0.4871924817562103,0.08059258759021759
9,5,128,1,0.4281381666660309,0.1348358541727066
9,5,128,2,0.43334996700286865,0.04101603850722313
9,5,128,3,0.530427098274231,0.06886409223079681
9,5,128,4,0.3154989182949066,0.14991839230060577
9,5,128,5,0.5641872882843018,0.16875578463077545
9,5,128,6,0.6068918704986572,0.07356800884008408
9,5,128,7,0.6127878427505493,0.23940712213516235
9,5,128,8,0.5059670209884644,0.11813448369503021
9,5,128,9,0.5470880270004272,0.23394480347633362
9,5,128,10,0.47215041518211365,0.2666735053062439
9,5,128,11,0.6129472255706787,0.145346999168396
9,5,128,12,0.6100417375564575,0.22947286069393158
9,5,128,13,0.48862746357917786,0.09540549665689468
9,5,128,14,0.6127773523330688,0.09820275008678436
9,5,128,15,0.5023825168609619,0.1407676488161087
9,5,128,16,0.6147347092628479,0.05880860984325409
9,5,128,17,0.4427209794521332,0.1481349617242813
9,5,128,18,0.2906478941440582,0.10496889799833298
9,5,128,19,0.5060597062110901,0.24334584176540375
9,5,128,20,0.5493255853652954,0.08931618183851242
9,5,128,21,0.5472296476364136,0.0677836462855339
9,5,128,22,0.38198453187942505,0.062095578759908676
9,5,128,23,0.5281157493591309,0.08657307922840118
9,5,128,24,0.30916401743888855,0.08255292475223541
9,5,128,25,0.6699607372283936,0.059060271829366684
9,5,128,26,0.6894513368606567,0.13824771344661713
9,5,128,27,0.5849002599716187,0.20993965864181519
9,5,128,28,0.588840901851654,0.11814504861831665
9,5,128,29,0.4583524763584137,0.07765940576791763
9,5,128,30,0.6095961928367615,0.09388592839241028
9,5,128,31,0.4945313632488251,0.20757217705249786
9,5,128,32,0.379584401845932,0.1375284045934677
9,5,128,33,0.6698698401451111,0.08562404662370682
9,5,128,34,0.7656320929527283,0.10102462768554688
9,5,128,35,0.27312564849853516,0.06595907360315323
9,5,128,36,0.5114354491233826,0.04521776735782623
9,5,128,37,0.6193084716796875,0.16333051025867462
9,5,128,38,0.5752662420272827,0.11758814752101898
9,5,128,39,0.6858384609222412,0.0972026139497757
9,5,128,40,0.5494763255119324,0.10143639147281647
9,5,128,41,0.5376635193824768,0.12579767405986786
9,5,128,42,0.4462485909461975,0.21617546677589417
9,5,128,43,0.6169611811637878,0.06994880735874176
9,5,128,44,0.3279876112937927,0.13166745007038116
9,5,128,45,0.5619949102401733,0.0923546627163887
9,5,128,46,0.6706109642982483,0.07449589669704437
9,5,128,47,0.3715801239013672,0.07444662600755692
9,5,128,48,0.4386419653892517,0.11223679780960083
9,5,128,49,0.514502763748169,0.08096171170473099
9,5,128,50,0.4259316027164459,0.06737368553876877
9,5,128,51,0.3739820420742035,0.06202416494488716
9,5,128,52,0.4539330303668976,0.09194942563772202
9,5,128,53,0.599057674407959,0.09430263191461563
9,5,128,54,0.35053983330726624,0.1156938299536705
9,5,128,55,0.3817230463027954,0.13798919320106506
9,5,128,56,0.5934271812438965,0.09913201630115509
9,5,128,57,0.45226848125457764,0.1670892983675003
9,5,128,58,0.5508546233177185,0.1554887294769287
9,5,128,59,0.5774422883987427,0.24026888608932495
9,5,128,60,0.6512247920036316,0.07227157056331635
9,5,128,61,0.3882525563240051,0.06904800236225128
9,5,128,62,0.6614065170288086,0.15584953129291534
9,5,128,63,0.521686851978302,0.20530584454536438
9,5,128,64,0.5565455555915833,0.183840811252594
9,5,128,65,0.7843815088272095,0.14679086208343506
9,5,128,66,0.5240249633789062,0.12674027681350708
9,5,128,67,0.5034553408622742,0.10685092955827713
9,5,128,68,0.627844512462616,0.1949656456708908
9,5,128,69,0.5226614475250244,0.18174484372138977
9,5,128,70,0.6898245811462402,0.13968634605407715
9,5,128,71,0.5633469820022583,0.12842944264411926
9,5,128,72,0.7292119264602661,0.09027758985757828
9,5,128,73,0.6310561895370483,0.2122480869293213
9,5,128,74,0.7510311603546143,0.09878642112016678
9,5,128,75,0.6477057337760925,0.1774776130914688
9,5,128,76,0.41291874647140503,0.10103900730609894
9,5,128,77,0.5695663094520569,0.2423086166381836
9,5,128,78,0.524246335029602,0.06598911434412003
9,5,128,79,0.434238076210022,0.16442321240901947
9,5,128,80,0.5216240882873535,0.2038525640964508
9,5,128,81,0.6452094316482544,0.052761469036340714
9,5,128,82,0.38329610228538513,0.09051255136728287
9,5,128,83,0.4362446069717407,0.07259635627269745
9,5,128,84,0.4993043541908264,0.04407735913991928
9,5,128,85,0.44560831785202026,0.16535799205303192
9,5,128,86,0.5827664732933044,0.06830136477947235
9,5,128,87,0.45534658432006836,0.16380555927753448
9,5,128,88,0.42930930852890015,0.1657974272966385
9,5,128,89,0.6669778823852539,0.18147242069244385
9,5,128,90,0.6247216463088989,0.2165435403585434
9,5,128,91,0.6804823279380798,0.1113930344581604
9,5,128,92,0.5595552921295166,0.09954734891653061
9,5,128,93,0.7218654751777649,0.12309972196817398
9,5,128,94,0.38491252064704895,0.2622348368167877
9,5,128,95,0.5282348394393921,0.2010817974805832
9,5,128,96,0.7344949245452881,0.08408410847187042
9,5,128,97,0.30587098002433777,0.14666324853897095
9,5,128,98,0.6004487872123718,0.12350012362003326
9,5,128,99,0.4978847801685333,0.05224458873271942
9,5,128,100,0.46256086230278015,0.07534011453390121
9,5,128,101,0.47162747383117676,0.2339956909418106
9,5,128,102,0.4690374732017517,0.06177564710378647
9,5,128,103,0.4174676537513733,0.2334834486246109
9,5,128,104,0.3597860634326935,0.13520216941833496
9,5,128,105,0.5552338361740112,0.040543053299188614
9,5,128,106,0.48754966259002686,0.056389082223176956
9,5,128,107,0.2863984704017639,0.0916929543018341
9,5,128,108,0.5957459211349487,0.17832039296627045
9,5,128,109,0.4248613715171814,0.01968616433441639
9,5,128,110,0.5220419764518738,0.05690981447696686
9,5,128,111,0.43833237886428833,0.08626735955476761
9,5,128,112,0.48351162672042847,0.1266210526227951
9,5,128,113,0.560331404209137,0.1971239149570465
9,5,128,114,0.48146024346351624,0.02458871342241764
9,5,128,115,0.5826501250267029,0.05355027690529823
9,5,128,116,0.5266165137290955,0.11353573203086853
9,5,128,117,0.6239639520645142,0.20157280564308167
9,5,128,118,0.661754846572876,0.0760323703289032
9,5,128,119,0.5847442746162415,0.08994926512241364
9,5,128,120,0.24430735409259796,0.0971989780664444
9,5,128,121,0.6786435842514038,0.09445216506719589
9,5,128,122,0.5383538603782654,0.039779771119356155
9,5,128,123,0.6239581108093262,0.06303588300943375
9,5,128,124,0.7704504132270813,0.1113976389169693
9,5,128,125,0.6085072755813599,0.058764100074768066
9,5,128,126,0.36106693744659424,0.08221407234668732
9,5,128,127,0.514802873134613,0.1621447056531906
10,0,32,0,0.45649290084838867,0.08899004757404327
10,0,32,1,0.34286272525787354,0.09127428382635117
10,0,32,2,0.5027033090591431,0.08793275058269501
10,0,32,3,0.36393070220947266,0.10036403685808182
10,0,32,4,0.4341379404067993,0.046362362802028656
10,0,32,5,0.5829834938049316,0.05827583000063896
10,0,32,6,0.5844908356666565,0.07941137254238129
10,0,32,7,0.5353000164031982,0.10257311165332794
10,0,32,8,0.4139220714569092,0.09977566450834274
10,0,32,9,0.481727659702301,0.05278947949409485
10,0,32,10,0.6356491446495056,0.06098795309662819
10,0,32,11,0.3720186650753021,0.05878568813204765
10,0,32,12,0.40208137035369873,0.0766594335436821
10,0,32,13,0.5976978540420532,0.12205882370471954
10,0,32,14,0.43781939148902893,0.04570731893181801
10,0,32,15,0.6139669418334961,0.07685805857181549
10,0,32,16,0.6800617575645447,0.07988487929105759
10,0,32,17,0.5296030640602112,0.10108484327793121
10,0,32,18,0.6567524075508118,0.06184092164039612
10,0,32,19,0.5730938911437988,0.06023964658379555
10,0,32,20,0.41658544540405273,0.08574791997671127
10,0,32,21,0.6159997582435608,0.07654277235269547
10,0,32,22,0.5559031963348389,0.08373366296291351
10,0,32,23,0.6684667468070984,0.09082681685686111
10,0,32,24,0.5187219381332397,0.09503605961799622
10,0,32,25,0.510138988494873,0.09914126247167587
10,0,32,26,0.38675159215927124,0.09190531820058823
10,0,32,27,0.489657998085022,0.0927390307188034
10,0,32,28,0.49343517422676086,0.04293573275208473
10,0,32,29,0.5199034810066223,0.06341749429702759
10,0,32,30,0.5234724283218384,0.058616504073143005
10,0,32,31,0.6746935248374939,0.08009248971939087
10,1,32,0,0.677954912185669,0.07880551367998123
10,1,32,1,0.5753200054168701,0.04571253061294556
10,1,32,2,0.6323682069778442,0.15971529483795166
10,1,32,3,0.43767499923706055,0.15732364356517792
10,1,32,4,0.3778906464576721,0.09930228441953659
10,1,32,5,0.346729576587677,0.11148373782634735
10,1,32,6,0.5214772820472717,0.0660896971821785
10,1,32,7,0.6606382727622986,0.07511941343545914
10,1,32,8,0.660868227481842,0.09037560969591141
10,1,32,9,0.6659620404243469,0.08511202782392502
10,1,32,10,0.37179073691368103,0.0921989157795906
10,1,32,11,0.26062485575675964,0.09601204097270966
10,1,32,12,0.28332212567329407,0.09451918303966522
10,1,32,13,0.5519996285438538,0.03444036841392517
10,1,32,14,0.57370924949646,0.04452231526374817
10,1,32,15,0.41030874848365784,0.10886115580797195
10,1,32,16,0.4335715174674988,0.08462514728307724
10,1,32,17,0.5515632033348083,0.12959061563014984
10,1,32,18,0.5439866185188293,0.0891781821846962
10,1,32,19,0.30032047629356384,0.10352984815835953
10,1,32,20,0.467276394367218,0.09430953115224838
10,1,32,21,0.4662621319293976,0.12310165911912918
10,1,32,22,0.45391300320625305,0.08911322802305222
10,1,32,23,0.5585886240005493,0.11351341754198074
10,1,32,24,0.570694625377655,0.08175353705883026
10,1,32,25,0.4535110592842102,0.04791264608502388
10,1,32,26,0.4027235209941864,0.17714552581310272
10,1,32,27,0.40178465843200684,0.16342733800411224
10,1,32,28,0.4495594799518585,0.08317166566848755
10,1,32,29,0.4166294038295746,0.06524746865034103
10,1,32,30,0.3941204249858856,0.16195745766162872
10,1,32,31,0.42361339926719666,0.05633934587240219
10,2,64,0,0.4691220819950104,0.08071524649858475
10,2,64,1,0.4983466565608978,0.17227044701576233
10,2,64,2,0.5577123165130615,0.03141578659415245
10,2,64,3,0.4455080032348633,0.10234436392784119
10,2,64,4,0.6277799606323242,0.07223992049694061
10,2,64,5,0.4923143684864044,0.16603627800941467
10,2,64,6,0.4368412494659424,0.1167735904455185
10,2,64,7,0.5025767683982849,0.02336191199719906
10,2,64,8,0.3988886773586273,0.08199527114629745
10,2,64,9,0.35365694761276245,0.14346657693386078
10,2,64,10,0.49709656834602356,0.13249900937080383
10,2,64,11,0.5961287617683411,0.10828743129968643
10,2,64,12,0.5305812358856201,0.06178174912929535
10,2,64,13,0.5014883279800415,0.10505958646535873
10,2,64,14,0.5195632576942444,0.10295869410037994
10,2,64,15,0.3606291711330414,0.17544732987880707
10,2,64,16,0.4489867687225342,0.1484343260526657
10,2,64,17,0.38406822085380554,0.06810850650072098
10,2,64,18,0.3951375484466553,0.07554879784584045
10,2,64,19,0.46911680698394775,0.16812467575073242
10,2,64,20,0.546249270439148,0.1588270217180252
10,2,64,21,0.3502148687839508,0.06700530648231506
10,2,64,22,0.48830342292785645,0.04891836643218994
10,2,64,23,0.5281181335449219,0.04679393395781517
10,2,64,24,0.44992440938949585,0.14867183566093445
10,2,64,25,0.580323338508606,0.11043958365917206
10,2,64,26,0.4195915758609772,0.037685636430978775
10,2,64,27,0.46416738629341125,0.16329734027385712
10,2,64,28,0.5009872317314148,0.1756443977355957
10,2,64,29,0.4530108571052551,0.0765518844127655
10,2,64,30,0.6097705960273743,0.06765707582235336
10,2,64,31,0.49947917461395264,0.11824387311935425
10,2,64,32,0.48903384804725647,0.1246008649468422
10,2,64,33,0.46846726536750793,0.047417331486940384
10,2,64,34,0.3354039788246155,0.06586093455553055
10,2,64,35,0.4605681300163269,0.06302734464406967
10,2,64,36,0.40554365515708923,0.07453222572803497
10,2,64,37,0.5819046497344971,0.0782807394862175
10,2,64,38,0.4837097227573395,0.11445826292037964
10,2,64,39,0.3494739830493927,0.1173737421631813
10,2,64,40,0.6392043828964233,0.06886348128318787
10,2,64,41,0.5738383531570435,0.14827145636081696
10,2,64,42,0.2698061168193817,0.10751423239707947
10,2,64,43,0.5178797841072083,0.1164136603474617
10,2,64,44,0.38605526089668274,0.03579151630401611
10,2,64,45,0.46457457542419434,0.12970004975795746
10,2,64,46,0.45742613077163696,0.04791196063160896
10,2,64,47,0.43774381279945374,0.11743264645338058
10,2,64,48,0.5236374735832214,0.09244538843631744
10,2,64,49,0.3516544699668884,0.0976022407412529
10,2,64,50,0.5473714470863342,0.07179296761751175
10,2,64,51,0.5507423877716064,0.1003108024597168
10,2,64,52,0.3875865936279297,0.09507881104946136
10,2,64,53,0.46456095576286316,0.13191373646259308
10,2,64,54,0.44871756434440613,0.1098259761929512
10,2,64,55,0.42051100730895996,0.1339389979839325
10,2,64,56,0.41775861382484436,0.14222711324691772
10,2,64,57,0.4911224842071533,0.11013536900281906
10,2,64,58,0.4907004237174988,0.14374925196170807
10,2,64,59,0.36240631341934204,0.10742992907762527
10,2,64,60,0.5269376039505005,0.06840591132640839
10,2,64,61,0.3854696750640869,0.08911522477865219
10,2,64,62,0.45700132846832275,0.11360785365104675
10,2,64,63,0.48563793301582336,0.09022068232297897
10,3,64,0,0.40960952639579773,0.11096423119306564
10,3,64,1,0.5092431902885437,0.10128414630889893
10,3,64,2,0.681958019733429,0.09279858320951462
10,3,64,3,0.6200523376464844,0.09569969028234482
10,3,64,4,0.5659765005111694,0.1230844259262085
10,3,64,5,0.6100817322731018,0.11115085333585739
10,3,64,6,0.4971711039543152,0.1386047601699829
10,3,64,7,0.5887271165847778,0.0709613636136055
10,3,64,8,0.4731976389884949,0.09879624098539352
10,3,64,9,0.3710247874259949,0.08022108674049377
10,3,64,10,0.44446372985839844,0.0535789392888546
10,3,64,11,0.4904797673225403,0.18926453590393066
10,3,64,12,0.6525797247886658,0.1103484183549881
10,3,64,13,0.3716191351413727,0.20183509588241577
10,3,64,14,0.5922519564628601,0.03138964995741844
10,3,64,15,0.4608716070652008,0.09931287169456482
10,3,64,16,0.5662574172019958,0.055873557925224304
10,3,64,17,0.6227678656578064,0.11649522185325623
10,3,64,18,0.5002910494804382,0.1467437446117401
10,3,64,19,0.3595395088195801,0.0760468915104866
10,3,64,20,0.378338485956192,0.08292069286108017
10,3,64,21,0.4225870966911316,0.11913903057575226
10,3,64,22,0.45274972915649414,0.16711188852787018
10,3,64,23,0.4652289152145386,0.114528588950634
10,3,64,24,0.46612548828125,0.03690042719244957
10,3,64,25,0.6227505803108215,0.059004999697208405
10,3,64,26,0.4709707200527191,0.05967503413558006
10,3,64,27,0.5680177211761475,0.09094475954771042
10,3,64,28,0.5802590847015381,0.11901328712701797
10,3,64,29,0.4280094504356384,0.09754190593957901
10,3,64,30,0.49572503566741943,0.08195874094963074
10,3,64,31,0.4961938261985779,0.11540138721466064
10,3,64,32,0.5154718160629272,0.0967327281832695
10,3,64,33,0.581335186958313,0.11155714094638824
10,3,64,34,0.4804933965206146,0.12533284723758698
10,3,64,35,0.49691563844680786,0.174213245511055
10,3,64,36,0.702623188495636,0.09958633780479431
10,3,64,37,0.5472530722618103,0.09942925721406937
10,3,64,38,0.5748015642166138,0.09442271292209625
10,3,64,39,0.5149742364883423,0.03950627148151398
10,3,64,40,0.5327392220497131,0.06952424347400665
10,3,64,41,0.5570296049118042,0.10226369649171829
10,3,64,42,0.6339539289474487,0.05664430558681488
10,3,64,43,0.4943423867225647,0.1146201342344284
10,3,64,44,0.5073201656341553,0.10618288815021515
10,3,64,45,0.5698007941246033,0.09512147307395935
10,3,64,46,0.43705397844314575,0.1359776258468628
10,3,64,47,0.5137675404548645,0.047076113522052765
10,3,64,48,0.3447543680667877,0.07969645410776138
10,3,64,49,0.29250240325927734,0.07390563935041428
10,3,64,50,0.5315625071525574,0.06038844212889671
10,3,64,51,0.3437754213809967,0.06419635564088821
10,3,64,52,0.5072921514511108,0.12565495073795319
10,3,64,53,0.48714107275009155,0.10231704264879227
10,3,64,54,0.49533236026763916,0.14710932970046997
10,3,64,55,0.42908474802970886,0.12023887038230896
10,3,64,56,0.4946473240852356,0.12576331198215485
10,3,64,57,0.40163490176200867,0.11830654740333557
10,3,64,58,0.3939460813999176,0.15700732171535492
10,3,64,59,0.4207490384578705,0.09203959256410599
10,3,64,60,0.44123661518096924,0.16370904445648193
10,3,64,61,0.3188968896865845,0.07043739408254623
10,3,64,62,0.5509147047996521,0.07077022641897202
10,3,64,63,0.6265081167221069,0.11942154169082642
10,4,128,0,0.5629498958587646,0.12504632771015167
10,4,128,1,0.4035697877407074,0.0829748585820198
10,4,128,2,0.7522964477539062,0.109804168343544
10,4,128,3,0.4168596863746643,0.15292547643184662
10,4,128,4,0.2470521777868271,0.13105912506580353
10,4,128,5,0.6198194026947021,0.21864299476146698
10,4,128,6,0.7113684415817261,0.1299331933259964
10,4,128,7,0.5445476174354553,0.07690279930830002
10,4,128,8,0.5402893424034119,0.1714572012424469
10,4,128,9,0.5741072297096252,0.15800446271896362
10,4,128,10,0.6656978726387024,0.26679104566574097
10,4,128,11,0.3789362609386444,0.061502907425165176
10,4,128,12,0.5927738547325134,0.2943589687347412
10,4,128,13,0.7595846652984619,0.12435586750507355
10,4,128,14,0.6358636021614075,0.2967166006565094
10,4,128,15,0.44165554642677307,0.19365935027599335
10,4,128,16,0.4310580790042877,0.09372314065694809
10,4,128,17,0.8313474655151367,0.07982219010591507
10,4,128,18,0.3740834593772888,0.16862300038337708
10,4,128,19,0.6103804707527161,0.3603990972042084
10,4,128,20,0.568672239780426,0.2091277688741684
10,4,128,21,0.5775212049484253,0.07940343022346497
10,4,128,22,0.5491812825202942,0.23881657421588898
10,4,128,23,0.5303107500076294,0.20346780121326447
10,4,128,24,0.31970158219337463,0.25554975867271423
10,4,128,25,0.42253097891807556,0.15071655809879303
10,4,128,26,0.5541223287582397,0.24213682115077972
10,4,128,27,0.7610816955566406,0.16792309284210205
10,4,128,28,0.432961106300354,0.13087378442287445
10,4,128,29,0.7757934331893921,0.15358661115169525
10,4,128,30,0.6628804206848145,0.3118724226951599
10,4,128,31,0.39809566736221313,0.08538763225078583
10,4,128,32,0.5234779715538025,0.26125892996788025
10,4,128,33,0.5498549938201904,0.053841978311538696
10,4,128,34,0.33826833963394165,0.16389375925064087
10,4,128,35,0.3973804712295532,0.15411175787448883
10,4,128,36,0.6816492676734924,0.23694823682308197
10,4,128,37,0.6089305281639099,0.31172120571136475
10,4,128,38,0.6501364707946777,0.08952584117650986
10,4,128,39,0.4018743336200714,0.08006857335567474
10,4,128,40,0.4434649646282196,0.16902518272399902
10,4,128,41,0.5506660342216492,0.3359166979789734
10,4,128,42,0.48616960644721985,0.05692587047815323
10,4,128,43,0.5360807776451111,0.33669334650039673
10,4,128,44,0.6113699078559875,0.21161627769470215
10,4,128,45,0.5048115849494934,0.23281434178352356
10,4,128,46,0.6720404624938965,0.14611104130744934
10,4,128,47,0.7924451231956482,0.10996679216623306
10,4,128,48,0.6393397450447083,0.20324401557445526
10,4,128,49,0.6185141801834106,0.31201833486557007
10,4,128,50,0.6863223314285278,0.19784611463546753
10,4,128,51,0.3953118920326233,0.25744888186454773
10,4,128,52,0.5270149111747742,0.10965284705162048
10,4,128,53,0.518444836139679,0.1134706363081932
10,4,128,54,0.24947670102119446,0.17919385433197021
10,4,128,55,0.6772870421409607,0.24033090472221375
10,4,128,56,0.6820743680000305,0.1505754142999649
10,4,128,57,0.6098467111587524,0.30218711495399475
10,4,128,58,0.36964181065559387,0.08016170561313629
10,4,128,59,0.5861091017723083,0.2129058986902237
10,4,128,60,0.18229719996452332,0.16959938406944275
10,4,128,61,0.5526841878890991,0.10400927811861038
10,4,128,62,0.5829708576202393,0.3376096189022064
10,4,128,63,0.5837377309799194,0.17424117028713226
10,4,128,64,0.7942643165588379,0.15824730694293976
10,4,128,65,0.670450747013092,0.18688668310642242
10,4,128,66,0.5814852714538574,0.13242889940738678
10,4,128,67,0.5391564965248108,0.18671920895576477
10,4,128,68,0.7888165712356567,0.13338613510131836
10,4,128,69,0.31740835309028625,0.09116160869598389
10,4,128,70,0.7187021970748901,0.18576160073280334
10,4,128,71,0.4303794801235199,0.13843858242034912
10,4,128,72,0.4804989993572235,0.11302520334720612
10,4,128,73,0.7520976066589355,0.10679210722446442
10,4,128,74,0.8028436303138733,0.11462075263261795
10,4,128,75,0.364761620759964,0.2295408546924591
10,4,128,76,0.6021620631217957,0.09933948516845703
10,4,128,77,0.7513957619667053,0.12530384957790375
10,4,128,78,0.42628213763237,0.20481814444065094
10,4,128,79,0.5261858105659485,0.29894590377807617
10,4,128,80,0.31787726283073425,0.078409843146801
10,4,128,81,0.5057249069213867,0.31437522172927856
10,4,128,82,0.800098717212677,0.10586964339017868
10,4,128,83,0.785087525844574,0.11541450023651123
10,4,128,84,0.7526757121086121,0.15068283677101135
10,4,128,85,0.6463702917098999,0.2604009807109833
10,4,128,86,0.755428671836853,0.08292309939861298
10,4,128,87,0.5695981979370117,0.21506841480731964
10,4,128,88,0.5777592658996582,0.10650239884853363
10,4,128,89,0.33554497361183167,0.14531216025352478
10,4,128,90,0.4578039050102234,0.24072863161563873
10,4,128,91,0.4517653286457062,0.33986422419548035
10,4,128,92,0.4613180458545685,0.1540347784757614
10,4,128,93,0.6421790719032288,0.12137846648693085
10,4,128,94,0.7640296816825867,0.16655543446540833
10,4,128,95,0.6176047325134277,0.25703543424606323
10,4,128,96,0.5511060953140259,0.30711373686790466
10,4,128,97,0.6891456842422485,0.1426159143447876
10,4,128,98,0.38241416215896606,0.20112018287181854
10,4,128,99,0.44418251514434814,0.0798865333199501
10,4,128,100,0.43209314346313477,0.155460923910141
10,4,128,101,0.7121601104736328,0.24175365269184113
10,4,128,102,0.5330301523208618,0.2076151967048645
10,4,128,103,0.6768703460693359,0.2211633175611496
10,4,128,104,0.7152357697486877,0.1708327978849411
10,4,128,105,0.3641017973423004,0.17706504464149475
10,4,128,106,0.5966614484786987,0.18390609323978424
10,4,128,107,0.7974214553833008,0.10847389698028564
10,4,128,108,0.4576086401939392,0.15057723224163055
10,4,128,109,0.49229609966278076,0.22588197886943817
10,4,128,110,0.6679300665855408,0.32753124833106995
10,4,128,111,0.6016480922698975,0.2628943920135498
10,4,128,112,0.3698021173477173,0.1278439611196518
10,4,128,113,0.5157968401908875,0.20213398337364197
10,4,128,114,0.820436954498291,0.10532812774181366
10,4,128,115,0.5679600238800049,0.2914879024028778
10,4,128,116,0.40980011224746704,0.12552395462989807
10,4,128,117,0.469892680644989,0.24664169549942017
10,4,128,118,0.6006848812103271,0.2646483778953552
10,4,128,119,0.4464489221572876,0.37500378489494324
10,4,128,120,0.5917031764984131,0.03663167729973793
10,4,128,121,0.8252122402191162,0.10389170795679092
10,4,128,122,0.6196444034576416,0.3116680979728699
10,4,128,123,0.6450837254524231,0.3028991222381592
10,4,128,124,0.4577863812446594,0.12007270008325577
10,4,128,125,0.8288087844848633,0.1220628023147583
10,4,128,126,0.5869914889335632,0.15233147144317627
10,4,128,127,0.6310156583786011,0.21780537068843842
10,5,128,0,0.7696707844734192,0.13672932982444763
10,5,128,1,0.4610682427883148,0.17820876836776733
10,5,128,2,0.7826361656188965,0.12209257483482361
10,5,128,3,0.4639219045639038,0.10974452644586563
10,5,128,4,0.5643846392631531,0.10824975371360779
10,5,128,5,0.6944674849510193,0.08374188095331192
10,5,128,6,0.7521182894706726,0.07482805103063583
10,5,128,7,0.47695913910865784,0.04576011374592781
10,5,128,8,0.6379460692405701,0.06105921417474747
10,5,128,9,0.7541279792785645,0.1337326169013977
10,5,128,10,0.4810616075992584,0.0764675959944725
10,5,128,11,0.36934584379196167,0.12525534629821777
10,5,128,12,0.7060730457305908,0.1927483081817627
10,5,128,13,0.7143586874008179,0.07868225127458572
10,5,128,14,0.7374598383903503,0.13570305705070496
10,5,128,15,0.6864138245582581,0.12040277570486069
10,5,128,16,0.38005074858665466,0.1762826293706894
10,5,128,17,0.7913206219673157,0.11317247152328491
10,5,128,18,0.7961583137512207,0.12038392573595047
10,5,128,19,0.5692269802093506,0.07918215543031693
10,5,128,20,0.6994532346725464,0.08003707975149155
10,5,128,21,0.32392868399620056,0.23490501940250397
10,5,128,22,0.7401958107948303,0.13507184386253357
10,5,128,23,0.5058467984199524,0.0538053885102272
10,5,128,24,0.3973245322704315,0.11490242928266525
10,5,128,25,0.5072798728942871,0.025599192827939987
10,5,128,26,0.5500155091285706,0.04843004047870636
10,5,128,27,0.7232888340950012,0.1879834085702896
10,5,128,28,0.7024657130241394,0.08234097808599472
10,5,128,29,0.7625555992126465,0.15805286169052124
10,5,128,30,0.6443402171134949,0.08436540514230728
10,5,128,31,0.6622220277786255,0.13212285935878754
10,5,128,32,0.5226640105247498,0.0765204131603241
10,5,128,33,0.791304886341095,0.11596959084272385
10,5,128,34,0.6786054372787476,0.10211507976055145
10,5,128,35,0.6090778708457947,0.0325864739716053
10,5,128,36,0.7497571706771851,0.17590053379535675
10,5,128,37,0.6108336448669434,0.053102634847164154
10,5,128,38,0.7109746932983398,0.11146651208400726
10,5,128,39,0.5120994448661804,0.050134316086769104
10,5,128,40,0.7507116794586182,0.1675017923116684
10,5,128,41,0.7721084952354431,0.12498477101325989
10,5,128,42,0.6010118722915649,0.07781399041414261
10,5,128,43,0.7118128538131714,0.10648734867572784
10,5,128,44,0.4797869324684143,0.08909309655427933
10,5,128,45,0.735773503780365,0.09907305985689163
10,5,128,46,0.6405901312828064,0.06700710207223892
10,5,128,47,0.6008808612823486,0.10079266130924225
10,5,128,48,0.7255100607872009,0.19940663874149323
10,5,128,49,0.6843799948692322,0.0998755618929863
10,5,128,50,0.7143939733505249,0.08576960116624832
10,5,128,51,0.45898377895355225,0.055848803371191025
10,5,128,52,0.49844977259635925,0.07233312726020813
10,5,128,53,0.4314379096031189,0.1396385133266449
10,5,128,54,0.647017240524292,0.07139480859041214
10,5,128,55,0.7486985325813293,0.0954335480928421
10,5,128,56,0.7446596622467041,0.17802952229976654
10,5,128,57,0.732110321521759,0.08915089070796967
10,5,128,58,0.35004323720932007,0.1309974044561386
10,5,128,59,0.5619871020317078,0.08458324521780014
10,5,128,60,0.390103816986084,0.1450468897819519
10,5,128,61,0.540034294128418,0.07501894235610962
10,5,128,62,0.7369093298912048,0.1164165809750557
10,5,128,63,0.609433650970459,0.0687817707657814
10,5,128,64,0.719078779220581,0.11301035434007645
10,5,128,65,0.6696149110794067,0.09402111172676086
10,5,128,66,0.6464762091636658,0.058097679167985916
10,5,128,67,0.5634793043136597,0.043997593224048615
10,5,128,68,0.7818219661712646,0.15430913865566254
10,5,128,69,0.4362586438655853,0.06131264567375183
10,5,128,70,0.7624193429946899,0.12381695955991745
10,5,128,71,0.6260434985160828,0.07078374922275543
10,5,128,72,0.7135804295539856,0.17355704307556152
10,5,128,73,0.5985497236251831,0.03264043107628822
10,5,128,74,0.7564757466316223,0.12076253443956375
10,5,128,75,0.6853707432746887,0.11609772592782974
10,5,128,76,0.4638606309890747,0.10945245623588562
10,5,128,77,0.6983105540275574,0.10334192216396332
10,5,128,78,0.5833402276039124,0.06175995245575905
10,5,128,79,0.4633472263813019,0.13713404536247253
10,5,128,80,0.5120779871940613,0.09048997610807419
10,5,128,81,0.4673024117946625,0.09364820271730423
10,5,128,82,0.7767922878265381,0.11232878267765045
10,5,128,83,0.6314073801040649,0.06555546075105667
10,5,128,84,0.7266395092010498,0.11510156840085983
10,5,128,85,0.6150790452957153,0.08602304756641388
10,5,128,86,0.711912989616394,0.15212392807006836
10,5,128,87,0.7280011773109436,0.13021421432495117
10,5,128,88,0.3393988311290741,0.08349748700857162
10,5,128,89,0.5817821025848389,0.08776333928108215
10,5,128,90,0.49837514758110046,0.033769525587558746
10,5,128,91,0.644053041934967,0.1123226135969162
10,5,128,92,0.6128392815589905,0.1206868514418602
10,5,128,93,0.7105922102928162,0.09748117625713348
10,5,128,94,0.7693994641304016,0.16577588021755219
10,5,128,95,0.6737944483757019,0.07775702327489853
10,5,128,96,0.6678608059883118,0.06154823675751686
10,5,128,97,0.33724913001060486,0.16379354894161224
10,5,128,98,0.4307560324668884,0.13565261662006378
10,5,128,99,0.5117021799087524,0.11773020774126053
10,5,128,100,0.35885176062583923,0.06938943266868591
10,5,128,101,0.48975619673728943,0.017881091684103012
10,5,128,102,0.41714268922805786,0.07325892895460129
10,5,128,103,0.6912647485733032,0.08584602177143097
10,5,128,104,0.750347375869751,0.16422516107559204
10,5,128,105,0.5227395296096802,0.11334841698408127
10,5,128,106,0.7220069169998169,0.1162339448928833
10,5,128,107,0.5892107486724854,0.07662171870470047
10,5,128,108,0.7089283466339111,0.14760486781597137
10,5,128,109,0.4331935942173004,0.17119163274765015
10,5,128,110,0.7458154559135437,0.12551654875278473
10,5,128,111,0.616994321346283,0.13299642503261566
10,5,128,112,0.4804753363132477,0.1231975108385086
10,5,128,113,0.714529812335968,0.06127176806330681
10,5,128,114,0.7240793704986572,0.15254436433315277
10,5,128,115,0.6574058532714844,0.07566524296998978
10,5,128,116,0.6988833546638489,0.2510647475719452
10,5,128,117,0.5515195727348328,0.04605753347277641
10,5,128,118,0.6653358340263367,0.11706817895174026
10,5,128,119,0.6618668437004089,0.1027301624417305
10,5,128,120,0.7364634871482849,0.08917568624019623
10,5,128,121,0.7658921480178833,0.1439637690782547
10,5,128,122,0.6953500509262085,0.1445329636335373
10,5,128,123,0.4657857120037079,0.06803841143846512
10,5,128,124,0.6378284096717834,0.16160912811756134
10,5,128,125,0.7336154580116272,0.13510333001613617
10,5,128,126,0.7730886936187744,0.13895970582962036
10,5,128,127,0.6457483768463135,0.12026720494031906
11,0,32,0,0.5935428738594055,0.039983443915843964
11,0,32,1,0.3964453637599945,0.0279565267264843
11,0,32,2,0.45804116129875183,0.04662910848855972
11,0,32,3,0.4527139663696289,0.02817821316421032
11,0,32,4,0.4658118188381195,0.039634060114622116
11,0,32,5,0.38157543540000916,0.04779210314154625
11,0,32,6,0.6362863779067993,0.05869162827730179
11,0,32,7,0.4170476794242859,0.0422983281314373
11,0,32,8,0.5979037880897522,0.033943288028240204
11,0,32,9,0.42851853370666504,0.0471704937517643
11,0,32,10,0.48987171053886414,0.03992871567606926
11,0,32,11,0.39694055914878845,0.037662260234355927
11,0,32,12,0.4883918762207031,0.06121249124407768
11,0,32,13,0.4618071913719177,0.04266577214002609
11,0,32,14,0.4885438084602356,0.054367564618587494
11,0,32,15,0.6070188283920288,0.04369909688830376
11,0,32,16,0.4709448218345642,0.05868835374712944
11,0,32,17,0.42570364475250244,0.02763999067246914
11,0,32,18,0.4873119294643402,0.061012595891952515
11,0,32,19,0.4559987187385559,0.03223791345953941
11,0,32,20,0.5511571764945984,0.05395854264497757
11,0,32,21,0.4121705889701843,0.04391947388648987
11,0,32,22,0.38763371109962463,0.02477877214550972
11,0,32,23,0.6186994910240173,0.0278171394020319
11,0,32,24,0.5698620676994324,0.03844669833779335
11,0,32,25,0.4878029227256775,0.04037650302052498
11,0,32,26,0.48356157541275024,0.016751999035477638
11,0,32,27,0.5858531594276428,0.022458333522081375
11,0,32,28,0.5319881439208984,0.009928113780915737
11,0,32,29,0.39482060074806213,0.04244169965386391
11,0,32,30,0.4597970247268677,0.05633707344532013
11,0,32,31,0.5293897390365601,0.07581184059381485
11,1,32,0,0.6012037396430969,0.06437960267066956
11,1,32,1,0.4690220355987549,0.05041299760341644
11,1,32,2,0.4817488193511963,0.07020438462495804
11,1,32,3,0.4884715676307678,0.06667913496494293
11,1,32,4,0.4046109616756439,0.03904522582888603
11,1,32,5,0.6041091084480286,0.08669400215148926
11,1,32,6,0.3992674946784973,0.0898808166384697
11,1,32,7,0.400829941034317,0.09199725836515427
11,1,32,8,0.4644468426704407,0.04305880889296532
11,1,32,9,0.4215777516365051,0.0711996853351593
11,1,32,10,0.5055149793624878,0.04159146547317505
11,1,32,11,0.5735752582550049,0.07661986351013184
11,1,32,12,0.49007973074913025,0.09073690325021744
11,1,32,13,0.4327892065048218,0.07640437036752701
11,1,32,14,0.40558815002441406,0.05603279545903206
11,1,32,15,0.5470039248466492,0.050045255571603775
11,1,32,16,0.5500847101211548,0.057020481675863266
11,1,32,17,0.3783355951309204,0.029193488880991936
11,1,32,18,0.5972232222557068,0.028819585219025612
11,1,32,19,0.6025403738021851,0.053453005850315094
11,1,32,20,0.5710312128067017,0.052753232419490814
11,1,32,21,0.4855966567993164,0.07285010814666748
11,1,32,22,0.48800575733184814,0.03687923774123192
11,1,32,23,0.5959094166755676,0.061616476625204086
11,1,32,24,0.5624082088470459,0.01257736049592495
11,1,32,25,0.5642131567001343,0.06962328404188156
11,1,32,26,0.5751286149024963,0.070818230509758
11,1,32,27,0.4008907079696655,0.0672336295247078
11,1,32,28,0.42833811044692993,0.05529975891113281
11,1,32,29,0.5038171410560608,0.05198724940419197
11,1,32,30,0.4802299439907074,0.07066353410482407
11,1,32,31,0.5625584721565247,0.06852345913648605
11,2,64,0,0.5320196747779846,0.07171927392482758
11,2,64,1,0.6468896865844727,0.09107236564159393
11,2,64,2,0.5520256161689758,0.10437197238206863
11,2,64,3,0.5522574186325073,0.04817279800772667
11,2,64,4,0.4930645227432251,0.06825185567140579
11,2,64,5,0.5500655174255371,0.05964983254671097
11,2,64,6,0.4802098572254181,0.11198793351650238
11,2,64,7,0.4884728491306305,0.07114626467227936
11,2,64,8,0.5103022456169128,0.08236605674028397
11,2,64,9,0.5219120979309082,0.08653856068849564
11,2,64,10,0.42952868342399597,0.0915643647313118
11,2,64,11,0.46782273054122925,0.06136550381779671
11,2,64,12,0.5173106789588928,0.09352002292871475
11,2,64,13,0.6193819046020508,0.07382846623659134
11,2,64,14,0.47151780128479004,0.08413204550743103
11,2,64,15,0.5857784152030945,0.04622810333967209
11,2,64,16,0.3202609121799469,0.12097114324569702
11,2,64,17,0.4233693778514862,0.05104382336139679
11,2,64,18,0.5820791125297546,0.09132947772741318
11,2,64,19,0.5246549844741821,0.08746705204248428
11,2,64,20,0.39220401644706726,0.09795302897691727
11,2,64,21,0.592255175113678,0.03508751094341278
11,2,64,22,0.4983891546726227,0.14730748534202576
11,2,64,23,0.5839026570320129,0.03986351937055588
11,2,64,24,0.4414060115814209,0.05172966048121452
11,2,64,25,0.3679540753364563,0.046803537756204605
11,2,64,26,0.4816347658634186,0.110813669860363
11,2,64,27,0.6007272005081177,0.13162890076637268
11,2,64,28,0.382497638463974,0.11156868189573288
11,2,64,29,0.4486929178237915,0.08213388174772263
11,2,64,30,0.5733617544174194,0.12239120155572891
11,2,64,31,0.5466616749763489,0.04889070987701416
11,2,64,32,0.3592439591884613,0.10929736495018005
11,2,64,33,0.41605740785598755,0.13464011251926422
11,2,64,34,0.43269529938697815,0.0820595771074295
11,2,64,35,0.5110293030738831,0.14285247027873993
11,2,64,36,0.3685249984264374,0.08232127875089645
11,2,64,37,0.4874267578125,0.05828198418021202
11,2,64,38,0.44256412982940674,0.10993760079145432
11,2,64,39,0.4000176191329956,0.13485200703144073
11,2,64,40,0.4812808334827423,0.08875354379415512
11,2,64,41,0.42938631772994995,0.05595764145255089
11,2,64,42,0.3905754089355469,0.07461556792259216
11,2,64,43,0.400707870721817,0.13252422213554382
11,2,64,44,0.381354957818985,0.09034013003110886
11,2,64,45,0.4293021857738495,0.06372690945863724
11,2,64,46,0.39133432507514954,0.12203361839056015
11,2,64,47,0.5083602070808411,0.048869386315345764
11,2,64,48,0.3620830476284027,0.13738447427749634
11,2,64,49,0.4920094311237335,0.10845467448234558
11,2,64,50,0.4575307369232178,0.08472956717014313
11,2,64,51,0.44910547137260437,0.07597861438989639
11,2,64,52,0.5803511142730713,0.0406000055372715
11,2,64,53,0.5650257468223572,0.11356137692928314
11,2,64,54,0.5112097263336182,0.05826496332883835
11,2,64,55,0.3642839789390564,0.09015721082687378
11,2,64,56,0.45995375514030457,0.05498770251870155
11,2,64,57,0.47911345958709717,0.08456074446439743
11,2,64,58,0.5072049498558044,0.11296363174915314
11,2,64,59,0.420127272605896,0.04987926036119461
11,2,64,60,0.5612450242042542,0.06975941359996796
11,2,64,61,0.4463055431842804,0.03449534624814987
11,2,64,62,0.37018856406211853,0.08269848674535751
11,2,64,63,0.5076887011528015,0.0918930321931839
11,3,64,0,0.6018139123916626,0.0652882382273674
11,3,64,1,0.6272271275520325,0.07014015316963196
11,3,64,2,0.574653148651123,0.09802806377410889
11,3,64,3,0.5346675515174866,0.08714726567268372
11,3,64,4,0.531839907169342,0.07384829968214035
11,3,64,5,0.6283339262008667,0.05632682144641876
11,3,64,6,0.5773617625236511,0.1279858648777008
11,3,64,7,0.5498929023742676,0.07898379117250443
11,3,64,8,0.45995423197746277,0.054617833346128464
11,3,64,9,0.4116118252277374,0.08256657421588898
11,3,64,10,0.5999578237533569,0.09313338994979858
11,3,64,11,0.5145034790039062,0.04546116292476654
11,3,64,12,0.39966344833374023,0.12108731269836426
11,3,64,13,0.6004255414009094,0.05001475661993027
11,3,64,14,0.5639397501945496,0.13873136043548584
11,3,64,15,0.5236570835113525,0.06287704408168793
11,3,64,16,0.5064651370048523,0.11545836925506592
11,3,64,17,0.4478485584259033,0.08220621943473816
11,3,64,18,0.46481871604919434,0.0950450524687767
11,3,64,19,0.5581220984458923,0.07098537683486938
11,3,64,20,0.5009862780570984,0.08452948927879333
11,3,64,21,0.477774441242218,0.07324577122926712
11,3,64,22,0.5570576190948486,0.0704902783036232
11,3,64,23,0.5641669631004333,0.06721557676792145
11,3,64,24,0.40984711050987244,0.08104442805051804
11,3,64,25,0.7028025388717651,0.07438205182552338
11,3,64,26,0.660051167011261,0.0659044161438942
11,3,64,27,0.5972118377685547,0.06375013291835785
11,3,64,28,0.4580051302909851,0.06878878176212311
11,3,64,29,0.5000411868095398,0.09714901447296143
11,3,64,30,0.6179952025413513,0.08075201511383057
11,3,64,31,0.40942510962486267,0.05142957344651222
11,3,64,32,0.5310730934143066,0.1380804479122162
11,3,64,33,0.44029831886291504,0.056253582239151
11,3,64,34,0.5412173271179199,0.08504892140626907
11,3,64,35,0.5064248442649841,0.07014176994562149
11,3,64,36,0.5023518204689026,0.11664319038391113
11,3,64,37,0.4161161184310913,0.14334313571453094
11,3,64,38,0.515907347202301,0.04987642914056778
11,3,64,39,0.3140251636505127,0.05864201858639717
11,3,64,40,0.4943245053291321,0.06007895991206169
11,3,64,41,0.6190893650054932,0.11671179533004761
11,3,64,42,0.48131415247917175,0.037256211042404175
11,3,64,43,0.4225296378135681,0.0708078145980835
11,3,64,44,0.43000665307044983,0.12689445912837982
11,3,64,45,0.41852498054504395,0.07305536419153214
11,3,64,46,0.5041968822479248,0.151951402425766
11,3,64,47,0.5458511710166931,0.09276537597179413
11,3,64,48,0.5080885291099548,0.0799921527504921
11,3,64,49,0.4865083694458008,0.04947322979569435
11,3,64,50,0.447032630443573,0.04891281574964523
11,3,64,51,0.5111610889434814,0.06360910832881927
11,3,64,52,0.7331143021583557,0.07153728604316711
11,3,64,53,0.48607930541038513,0.1513829380273819
11,3,64,54,0.500290036201477,0.11252987384796143
11,3,64,55,0.5833615660667419,0.07602469623088837
11,3,64,56,0.523448646068573,0.04472154751420021
11,3,64,57,0.4565827250480652,0.077076256275177
11,3,64,58,0.6149170398712158,0.09056772291660309
11,3,64,59,0.4293953776359558,0.08591167628765106
11,3,64,60,0.5505301356315613,0.10474524646997452
11,3,64,61,0.43140336871147156,0.1410578191280365
11,3,64,62,0.5164200663566589,0.07684184610843658
11,3,64,63,0.5111510157585144,0.060182150453329086
11,4,128,0,0.5411213040351868,0.11831408739089966
11,4,128,1,0.663759708404541,0.12277714908123016
11,4,128,2,0.6654751300811768,0.21151044964790344
11,4,128,3,0.5327502489089966,0.031941380351781845
11,4,128,4,0.6305525898933411,0.053583934903144836
11,4,128,5,0.5046360492706299,0.0874386876821518
11,4,128,6,0.6052169799804688,0.11895105242729187
11,4,128,7,0.45197227597236633,0.10891583561897278
11,4,128,8,0.46427038311958313,0.11029795557260513
11,4,128,9,0.5939268469810486,0.04045705869793892
11,4,128,10,0.6973170042037964,0.19143089652061462
11,4,128,11,0.5546937584877014,0.05223546922206879
11,4,128,12,0.6355324983596802,0.16960786283016205
11,4,128,13,0.40698838233947754,0.07568469643592834
11,4,128,14,0.4438546597957611,0.07437179237604141
11,4,128,15,0.5832737684249878,0.10698959231376648
11,4,128,16,0.3019152581691742,0.09674037992954254
11,4,128,17,0.4088430106639862,0.06751926243305206
11,4,128,18,0.39949122071266174,0.05494055151939392
11,4,128,19,0.4275776743888855,0.11632265895605087
11,4,128,20,0.5966952443122864,0.15738749504089355
11,4,128,21,0.4033300280570984,0.11840125918388367
11,4,128,22,0.46588656306266785,0.03138826787471771
11,4,128,23,0.6199204325675964,0.040789950639009476
11,4,128,24,0.6248580813407898,0.11296043545007706
11,4,128,25,0.4062691628932953,0.055425964295864105
11,4,128,26,0.6482361555099487,0.05372627452015877
11,4,128,27,0.5712596774101257,0.11222418397665024
11,4,128,28,0.39901190996170044,0.07955554127693176
11,4,128,29,0.5097492337226868,0.04386039450764656
11,4,128,30,0.4939175248146057,0.04933976009488106
11,4,128,31,0.41780781745910645,0.03801301121711731
11,4,128,32,0.43408453464508057,0.09084420651197433
11,4,128,33,0.4084729552268982,0.10323771834373474
11,4,128,34,0.4031328558921814,0.20080453157424927
11,4,128,35,0.6950644850730896,0.1367316097021103
11,4,128,36,0.6515145897865295,0.15080882608890533
11,4,128,37,0.44879046082496643,0.0410832017660141
11,4,128,38,0.4880364239215851,0.09551870077848434
11,4,128,39,0.6254169344902039,0.13673850893974304
11,4,128,40,0.5036471486091614,0.07631759345531464
11,4,128,41,0.6741905808448792,0.20600436627864838
11,4,128,42,0.5331912040710449,0.0545661635696888
11,4,128,43,0.6114160418510437,0.15244777500629425
11,4,128,44,0.5032066106796265,0.09851275384426117
11,4,128,45,0.6459172964096069,0.07686658203601837
11,4,128,46,0.4671153724193573,0.04256485775113106
11,4,128,47,0.6033226847648621,0.1626782864332199
11,4,128,48,0.6686686277389526,0.18391376733779907
11,4,128,49,0.6157312989234924,0.19305922091007233
11,4,128,50,0.7157611846923828,0.130590558052063
11,4,128,51,0.5156839489936829,0.09110143035650253
11,4,128,52,0.4434364140033722,0.11223267763853073
11,4,128,53,0.4711688458919525,0.03646362945437431
11,4,128,54,0.6821558475494385,0.14584998786449432
11,4,128,55,0.4572793245315552,0.06337487697601318
11,4,128,56,0.48402610421180725,0.08226851373910904
11,4,128,57,0.5707800388336182,0.09803042560815811
11,4,128,58,0.35720574855804443,0.08520679175853729
11,4,128,59,0.6201587915420532,0.10830897837877274
11,4,128,60,0.5943788886070251,0.15787945687770844
11,4,128,61,0.4731943905353546,0.12380553036928177
11,4,128,62,0.38562846183776855,0.06154146045446396
11,4,128,63,0.4099898636341095,0.06013213470578194
11,4,128,64,0.4324714243412018,0.03353938087821007
11,4,128,65,0.5233564972877502,0.045564088970422745
11,4,128,66,0.3915964663028717,0.1616574227809906
11,4,128,67,0.6051861643791199,0.1223277896642685
11,4,128,68,0.6781523823738098,0.11345644295215607
11,4,128,69,0.4034649431705475,0.14399069547653198
11,4,128,70,0.27596551179885864,0.10496339201927185
11,4,128,71,0.7332231998443604,0.12468840926885605
11,4,128,72,0.4110947251319885,0.06663951277732849
11,4,128,73,0.5923652648925781,0.17492163181304932
11,4,128,74,0.6713954210281372,0.18186888098716736
11,4,128,75,0.5174847841262817,0.04856735095381737
11,4,128,76,0.563973605632782,0.11370480060577393
11,4,128,77,0.6153139472007751,0.2231244295835495
11,4,128,78,0.6432377099990845,0.15057840943336487
11,4,128,79,0.3779577910900116,0.08942807465791702
11,4,128,80,0.4701237082481384,0.0557904876768589
11,4,128,81,0.6140487194061279,0.20288541913032532
11,4,128,82,0.6017380952835083,0.08811090886592865
11,4,128,83,0.5004771947860718,0.09059320390224457
11,4,128,84,0.41485947370529175,0.08509568125009537
11,4,128,85,0.4896572232246399,0.06586483120918274
11,4,128,86,0.3852037489414215,0.10126838088035583
11,4,128,87,0.6071650385856628,0.0862337201833725
11,4,128,88,0.627511203289032,0.15276777744293213
11,4,128,89,0.5944366455078125,0.09440169483423233
11,4,128,90,0.3977336883544922,0.0857023298740387
11,4,128,91,0.42562368512153625,0.0652369037270546
11,4,128,92,0.5625287294387817,0.0953565239906311
11,4,128,93,0.6011138558387756,0.12060405313968658
11,4,128,94,0.43795058131217957,0.09082698076963425
11,4,128,95,0.5578747391700745,0.16490459442138672
11,4,128,96,0.6824917197227478,0.05781863257288933
11,4,128,97,0.4916040301322937,0.1121358796954155
11,4,128,98,0.5417149662971497,0.04723489657044411
11,4,128,99,0.5510444641113281,0.06587136536836624
11,4,128,100,0.6277378797531128,0.2152341604232788
11,4,128,101,0.6245643496513367,0.22793282568454742
11,4,128,102,0.7016011476516724,0.09470692276954651
11,4,128,103,0.5302358865737915,0.09544550627470016
11,4,128,104,0.48079997301101685,0.09673379361629486
11,4,128,105,0.520785927772522,0.15979236364364624
11,4,128,106,0.7285100221633911,0.16932542622089386
11,4,128,107,0.3334346115589142,0.04597306624054909
11,4,128,108,0.5731188058853149,0.09390346705913544
11,4,128,109,0.5470012426376343,0.09996233880519867
11,4,128,110,0.4576025605201721,0.11820757389068604
11,4,128,111,0.5778683423995972,0.18587273359298706
11,4,128,112,0.39019930362701416,0.1476902812719345
11,4,128,113,0.6165563464164734,0.10851240158081055
11,4,128,114,0.4071129262447357,0.14284473657608032
11,4,128,115,0.6260720491409302,0.13043051958084106
11,4,128,116,0.6779434680938721,0.17836910486221313
11,4,128,117,0.5586884617805481,0.07061004638671875
11,4,128,118,0.47677284479141235,0.04544133320450783
11,4,128,119,0.47405004501342773,0.07736539095640182
11,4,128,120,0.5926064848899841,0.07821743190288544
11,4,128,121,0.401880145072937,0.04198333993554115
11,4,128,122,0.6002055406570435,0.12975390255451202
11,4,128,123,0.5859006643295288,0.08069140464067459
11,4,128,124,0.5932448506355286,0.14871422946453094
11,4,128,125,0.5588731169700623,0.036199312657117844
11,4,128,126,0.569463312625885,0.14359205961227417
11,4,128,127,0.42494550347328186,0.1469898521900177
11,5,128,0,0.48123660683631897,0.03351066634058952
11,5,128,1,0.5250965356826782,0.06790585070848465
11,5,128,2,0.5128445625305176,0.09457945823669434
11,5,128,3,0.5762432813644409,0.10405606031417847
11,5,128,4,0.49349328875541687,0.03230714052915573
11,5,128,5,0.4818739593029022,0.10198839753866196
11,5,128,6,0.4210420548915863,0.0720851942896843
11,5,128,7,0.562933623790741,0.07467092573642731
11,5,128,8,0.47872796654701233,0.10637301206588745
11,5,128,9,0.5465882420539856,0.06876806169748306
11,5,128,10,0.5614346861839294,0.1654856652021408
11,5,128,11,0.5449064373970032,0.04234757274389267
11,5,128,12,0.5778144001960754,0.0864063948392868
11,5,128,13,0.49522534012794495,0.09775611758232117
11,5,128,14,0.5368695855140686,0.09997712820768356
11,5,128,15,0.5274724364280701,0.08983133733272552
11,5,128,16,0.2974255681037903,0.0845429003238678
11,5,128,17,0.5300859212875366,0.07219948619604111
11,5,128,18,0.47169387340545654,0.053660742938518524
11,5,128,19,0.6413792371749878,0.14744055271148682
11,5,128,20,0.5663540363311768,0.04134482517838478
11,5,128,21,0.6013925671577454,0.08272608369588852
11,5,128,22,0.45610979199409485,0.05637839064002037
11,5,128,23,0.7614321708679199,0.12380264699459076
11,5,128,24,0.5586225986480713,0.18524761497974396
11,5,128,25,0.5332956910133362,0.0888439267873764
11,5,128,26,0.6083745360374451,0.13644328713417053
11,5,128,27,0.49277356266975403,0.10461312532424927
11,5,128,28,0.5944562554359436,0.15876568853855133
11,5,128,29,0.4639555811882019,0.11605297774076462
11,5,128,30,0.5915367603302002,0.22540722787380219
11,5,128,31,0.6546610593795776,0.07451904565095901
11,5,128,32,0.6437940001487732,0.18808399140834808
11,5,128,33,0.3656668961048126,0.06694439053535461
11,5,128,34,0.6550178527832031,0.127092644572258
11,5,128,35,0.6083902716636658,0.163502037525177
11,5,128,36,0.628227174282074,0.06424104422330856
11,5,128,37,0.6162153482437134,0.1179608404636383
11,5,128,38,0.5740405321121216,0.09814335405826569
11,5,128,39,0.5484486818313599,0.10258126258850098
11,5,128,40,0.5288373231887817,0.07091404497623444
11,5,128,41,0.6046540141105652,0.12784813344478607
11,5,128,42,0.4848685562610626,0.06675750017166138
11,5,128,43,0.5022258758544922,0.15779493749141693
11,5,128,44,0.5952776670455933,0.1416441649198532
11,5,128,45,0.4955931603908539,0.06830860674381256
11,5,128,46,0.5176778435707092,0.13220494985580444
11,5,128,47,0.5045339465141296,0.05365029349923134
11,5,128,48,0.5989227294921875,0.20628511905670166
11,5,128,49,0.5814172029495239,0.09807763248682022
11,5,128,50,0.6140393614768982,0.12791383266448975
11,5,128,51,0.546536922454834,0.05694916099309921
11,5,128,52,0.48137176036834717,0.07358866930007935
11,5,128,53,0.3664521872997284,0.0984148159623146
11,5,128,54,0.606239914894104,0.06081985682249069
11,5,128,55,0.5885592103004456,0.026074813678860664
11,5,128,56,0.35237324237823486,0.13672932982444763
11,5,128,57,0.6770471930503845,0.059737879782915115
11,5,128,58,0.4955325424671173,0.1410580575466156
11,5,128,59,0.5072640776634216,0.07163767516613007
11,5,128,60,0.6848568916320801,0.06282411515712738
11,5,128,61,0.4746440649032593,0.06323554366827011
11,5,128,62,0.6447004675865173,0.11481592059135437
11,5,128,63,0.6729036569595337,0.09817059338092804
11,5,128,64,0.4980165362358093,0.13145308196544647
11,5,128,65,0.5604051351547241,0.1357424408197403
11,5,128,66,0.5055844187736511,0.08598306030035019
11,5,128,67,0.6004693508148193,0.09172558039426804
11,5,128,68,0.5803573131561279,0.08560268580913544
11,5,128,69,0.575930655002594,0.10452773422002792
11,5,128,70,0.5451399087905884,0.11304841190576553
11,5,128,71,0.5181439518928528,0.11080104857683182
11,5,128,72,0.6491054892539978,0.15700198709964752
11,5,128,73,0.5742649435997009,0.08528487384319305
11,5,128,74,0.5798668265342712,0.06915033608675003
11,5,128,75,0.4829391539096832,0.12297338247299194
11,5,128,76,0.44020941853523254,0.14002588391304016
11,5,128,77,0.6127287745475769,0.14179229736328125
11,5,128,78,0.6304308176040649,0.03653677925467491
11,5,128,79,0.445316344499588,0.08631821721792221
11,5,128,80,0.3354648947715759,0.14870217442512512
11,5,128,81,0.5958129167556763,0.04845762625336647
11,5,128,82,0.4520202875137329,0.15197226405143738
11,5,128,83,0.5539085268974304,0.11531376093626022
11,5,128,84,0.5061119794845581,0.03049762360751629
11,5,128,85,0.3715016543865204,0.07333186268806458
11,5,128,86,0.5447821617126465,0.06040765345096588
11,5,128,87,0.6553490161895752,0.13501878082752228
11,5,128,88,0.675495445728302,0.1791338175535202
11,5,128,89,0.5940845608711243,0.1485668271780014
11,5,128,90,0.6088957190513611,0.1495358645915985
11,5,128,91,0.5684821009635925,0.1282235085964203
11,5,128,92,0.4701612889766693,0.05463846027851105
11,5,128,93,0.5187769532203674,0.16406725347042084
11,5,128,94,0.6766811013221741,0.09319008141756058
11,5,128,95,0.479422926902771,0.13157153129577637
11,5,128,96,0.5532251000404358,0.11090144515037537
11,5,128,97,0.4385072886943817,0.08430740982294083
11,5,128,98,0.5154362320899963,0.05976492911577225
11,5,128,99,0.5947879552841187,0.11372777074575424
11,5,128,100,0.45087483525276184,0.06053558737039566
11,5,128,101,0.46607762575149536,0.0975765660405159
11,5,128,102,0.5809292197227478,0.138718843460083
11,5,128,103,0.6657587885856628,0.07237469404935837
11,5,128,104,0.5310286283493042,0.06903129070997238
11,5,128,105,0.3813706934452057,0.09927843511104584
11,5,128,106,0.6051527261734009,0.04924089089035988
11,5,128,107,0.5301563143730164,0.0761580690741539
11,5,128,108,0.5484353303909302,0.035092439502477646
11,5,128,109,0.5285415649414062,0.07843871414661407
11,5,128,110,0.5695682168006897,0.21712346374988556
11,5,128,111,0.5740225911140442,0.03520482778549194
11,5,128,112,0.49530282616615295,0.11665807664394379
11,5,128,113,0.46196624636650085,0.06486745178699493
11,5,128,114,0.5190690159797668,0.08192133903503418
11,5,128,115,0.47340622544288635,0.06235247105360031
11,5,128,116,0.5600530505180359,0.16279813647270203
11,5,128,117,0.507867693901062,0.09023899585008621
11,5,128,118,0.434203177690506,0.10498958081007004
11,5,128,119,0.6647064089775085,0.052435170859098434
11,5,128,120,0.6058265566825867,0.16937075555324554
11,5,128,121,0.6350553631782532,0.1454819142818451
11,5,128,122,0.6385506391525269,0.044407326728105545
11,5,128,123,0.7013990879058838,0.06514085829257965
11,5,128,124,0.3390900492668152,0.07406644523143768
11,5,128,125,0.4100266993045807,0.22590643167495728
11,5,128,126,0.6592340469360352,0.07537371665239334
11,5,128,127,0.5915073156356812,0.11573044210672379
12,0,32,0,0.36241576075553894,0.05852837488055229
12,0,32,1,0.47643938660621643,0.06640426069498062
12,0,32,2,0.44327491521835327,0.019283954054117203
12,0,32,3,0.6061577200889587,0.0708937793970108
12,0,32,4,0.5204046368598938,0.061554424464702606
12,0,32,5,0.4530487358570099,0.09387309849262238
12,0,32,6,0.6496216058731079,0.04415067657828331
12,0,32,7,0.6712083220481873,0.032983142882585526
12,0,32,8,0.43943947553634644,0.03644181415438652
12,0,32,9,0.5952475666999817,0.10198657214641571
12,0,32,10,0.6193414330482483,0.10196323692798615
12,0,32,11,0.6303022503852844,0.05699654296040535
12,0,32,12,0.5783830881118774,0.05674128606915474
12,0,32,13,0.4915463328361511,0.06819427758455276
12,0,32,14,0.5077366828918457,0.033265721052885056
12,0,32,15,0.6229372024536133,0.037628039717674255
12,0,32,16,0.4532868564128876,0.025903472676873207
12,0,32,17,0.5082668662071228,0.05713874101638794
12,0,32,18,0.5853330492973328,0.07575000822544098
12,0,32,19,0.5826455354690552,0.036182951182127
12,0,32,20,0.5293962359428406,0.1356041133403778
12,0,32,21,0.3512563407421112,0.03559945523738861
12,0,32,22,0.5121012330055237,0.054155029356479645
12,0,32,23,0.5178621411323547,0.10027118027210236
12,0,32,24,0.5018960237503052,0.12770110368728638
12,0,32,25,0.5288410186767578,0.07835233956575394
12,0,32,26,0.30907028913497925,0.05365215614438057
12,0,32,27,0.6133361458778381,0.04299283027648926
12,0,32,28,0.642982006072998,0.08255991339683533
12,0,32,29,0.40928980708122253,0.07156804203987122
12,0,32,30,0.5290670990943909,0.07433000952005386
12,0,32,31,0.5001323819160461,0.08363625407218933
12,1,32,0,0.3796055018901825,0.062286376953125
12,1,32,1,0.47408413887023926,0.04240981116890907
12,1,32,2,0.4567151665687561,0.02839052490890026
12,1,32,3,0.5323963165283203,0.06473653763532639
12,1,32,4,0.5224859714508057,0.017292531207203865
12,1,32,5,0.5246119499206543,0.03507228195667267
12,1,32,6,0.4597424268722534,0.041046127676963806
12,1,32,7,0.47452449798583984,0.09743140637874603
12,1,32,8,0.5878475308418274,0.03395899757742882
12,1,32,9,0.3837209641933441,0.04423616826534271
12,1,32,10,0.5800039768218994,0.0330105796456337
12,1,32,11,0.5845203399658203,0.05514029413461685
12,1,32,12,0.4289894998073578,0.048858944326639175
12,1,32,13,0.4708159267902374,0.08655358105897903
12,1,32,14,0.4475348889827728,0.03852131590247154
12,1,32,15,0.5612868666648865,0.028870664536952972
12,1,32,16,0.3968316912651062,0.06769959628582001
12,1,32,17,0.42974263429641724,0.02564065530896187
12,1,32,18,0.5422812104225159,0.07160201668739319
12,1,32,19,0.43618372082710266,0.04113585129380226
12,1,32,20,0.5847576260566711,0.07090672105550766
12,1,32,21,0.40247267484664917,0.05960459262132645
12,1,32,22,0.5319516062736511,0.02255055122077465
12,1,32,23,0.4696291983127594,0.13025490939617157
12,1,32,24,0.5711140036582947,0.06401898711919785
12,1,32,25,0.5519106984138489,0.036961622536182404
12,1,32,26,0.405248761177063,0.05560465529561043
12,1,32,27,0.49747443199157715,0.10135994851589203
12,1,32,28,0.4111316204071045,0.0737849771976471
12,1,32,29,0.6647734642028809,0.06412212550640106
12,1,32,30,0.3890252709388733,0.09042053669691086
12,1,32,31,0.45395809412002563,0.0334695465862751
12,2,64,0,0.4585733115673065,0.08251854032278061
12,2,64,1,0.4587536156177521,0.023930998519062996
12,2,64,2,0.4724206030368805,0.10253146290779114
12,2,64,3,0.41230353713035583,0.09706932306289673
12,2,64,4,0.4308471083641052,0.17554450035095215
12,2,64,5,0.5159573554992676,0.12440314143896103
12,2,64,6,0.43269795179367065,0.08941414952278137
12,2,64,7,0.4693025052547455,0.12540562450885773
12,2,64,8,0.3993629515171051,0.11688973009586334
12,2,64,9,0.5507146716117859,0.13902896642684937
12,2,64,10,0.5446444153785706,0.06373705714941025
12,2,64,11,0.4280845820903778,0.15119130909442902
12,2,64,12,0.36152884364128113,0.1422785371541977
12,2,64,13,0.4738220274448395,0.1436661183834076
12,2,64,14,0.484777569770813,0.1050361767411232
12,2,64,15,0.6151506900787354,0.1285671591758728
12,2,64,16,0.4219486117362976,0.1501687914133072
12,2,64,17,0.42312049865722656,0.1428186595439911
12,2,64,18,0.608837366104126,0.09229198098182678
12,2,64,19,0.4999249577522278,0.051858607679605484
12,2,64,20,0.4933478534221649,0.06453662365674973
12,2,64,21,0.5067897439002991,0.11097116768360138
12,2,64,22,0.4929332137107849,0.1000102087855339
12,2,64,23,0.4177061915397644,0.07997781783342361
12,2,64,24,0.5908180475234985,0.06262197345495224
12,2,64,25,0.45058855414390564,0.10855245590209961
12,2,64,26,0.4749508202075958,0.09996747225522995
12,2,64,27,0.42218029499053955,0.13450893759727478
12,2,64,28,0.5869027376174927,0.04700211435556412
12,2,64,29,0.5051226019859314,0.1115008145570755
12,2,64,30,0.45832833647727966,0.06387138366699219
12,2,64,31,0.5671782493591309,0.08478080481290817
12,2,64,32,0.45404163002967834,0.09824921190738678
12,2,64,33,0.4425458014011383,0.04858078062534332
12,2,64,34,0.3609296381473541,0.08413790911436081
12,2,64,35,0.4974457025527954,0.0731368362903595
12,2,64,36,0.60344398021698,0.1315048336982727
12,2,64,37,0.5279370546340942,0.15708890557289124
12,2,64,38,0.5534391403198242,0.06297389417886734
12,2,64,39,0.44455084204673767,0.12008443474769592
12,2,64,40,0.5043022632598877,0.023716602474451065
12,2,64,41,0.4594497084617615,0.08437623083591461
12,2,64,42,0.4542355537414551,0.05645624175667763
12,2,64,43,0.4488620162010193,0.09685646742582321
12,2,64,44,0.582648515701294,0.118628591299057
12,2,64,45,0.470970094203949,0.060485612601041794
12,2,64,46,0.6219315528869629,0.08123075217008591
12,2,64,47,0.4051254689693451,0.13287138938903809
12,2,64,48,0.40971967577934265,0.09449075907468796
12,2,64,49,0.43172237277030945,0.08850324153900146
12,2,64,50,0.47145161032676697,0.060518212616443634
12,2,64,51,0.4663853347301483,0.11232706904411316
12,2,64,52,0.5827735066413879,0.1282130628824234
12,2,64,53,0.5305442810058594,0.13671846687793732
12,2,64,54,0.4575992822647095,0.054812200367450714
12,2,64,55,0.4414641559123993,0.04446554556488991
12,2,64,56,0.4525069296360016,0.12529593706130981
12,2,64,57,0.42700856924057007,0.10408958792686462
12,2,64,58,0.4208771288394928,0.08148670196533203
12,2,64,59,0.39138469099998474,0.05144288018345833
12,2,64,60,0.47133660316467285,0.10430143773555756
12,2,64,61,0.5905894041061401,0.07228163629770279
12,2,64,62,0.512084424495697,0.10499491542577744
12,2,64,63,0.5073747038841248,0.0599675327539444
12,3,64,0,0.6390869617462158,0.14552424848079681
12,3,64,1,0.6135204434394836,0.1251455694437027
12,3,64,2,0.5629811882972717,0.06602587550878525
12,3,64,3,0.4334343671798706,0.06909585744142532
12,3,64,4,0.6242617964744568,0.12933382391929626
12,3,64,5,0.6146746873855591,0.12393439561128616
12,3,64,6,0.4912395775318146,0.12863709032535553
12,3,64,7,0.369384229183197,0.12200174480676651
12,3,64,8,0.37274423241615295,0.07688454538583755
12,3,64,9,0.5115537047386169,0.14754930138587952
12,3,64,10,0.5600886940956116,0.1225179135799408
12,3,64,11,0.44707468152046204,0.12418689578771591
12,3,64,12,0.4780658185482025,0.1250479370355606
12,3,64,13,0.44648703932762146,0.11172782629728317
12,3,64,14,0.6270868182182312,0.05264226347208023
12,3,64,15,0.6489163041114807,0.13169871270656586
12,3,64,16,0.5138115286827087,0.1632668524980545
12,3,64,17,0.40011218190193176,0.08394072204828262
12,3,64,18,0.3344997465610504,0.059084244072437286
12,3,64,19,0.5760554075241089,0.1108345314860344
12,3,64,20,0.4376172423362732,0.10097284615039825
12,3,64,21,0.3230595290660858,0.056036852300167084
12,3,64,22,0.6117520928382874,0.14547227323055267
12,3,64,23,0.5989931225776672,0.11670880764722824
12,3,64,24,0.5271044373512268,0.12516307830810547
12,3,64,25,0.5230461359024048,0.02550913579761982
12,3,64,26,0.4794747233390808,0.12511150538921356
12,3,64,27,0.5279453992843628,0.19409406185150146
12,3,64,28,0.6194697618484497,0.11187512427568436
12,3,64,29,0.46074458956718445,0.08037589490413666
12,3,64,30,0.49614810943603516,0.12467698007822037
12,3,64,31,0.6153417825698853,0.08575195074081421
12,3,64,32,0.46803900599479675,0.07685273885726929
12,3,64,33,0.4315057694911957,0.09678293019533157
12,3,64,34,0.6461854577064514,0.0597451813519001
12,3,64,35,0.5815951228141785,0.12519404292106628
12,3,64,36,0.4923613369464874,0.14579999446868896
12,3,64,37,0.3596911132335663,0.07995352894067764
12,3,64,38,0.5243473649024963,0.07097242772579193
12,3,64,39,0.44749194383621216,0.06906872987747192
12,3,64,40,0.4667135179042816,0.1289811134338379
12,3,64,41,0.5755658745765686,0.09592458605766296
12,3,64,42,0.609607994556427,0.07124008238315582
12,3,64,43,0.577271044254303,0.1495269387960434
12,3,64,44,0.4917576313018799,0.08500143140554428
12,3,64,45,0.4758329391479492,0.16481360793113708
12,3,64,46,0.38612493872642517,0.17403049767017365
12,3,64,47,0.47767215967178345,0.046809758991003036
12,3,64,48,0.3361005187034607,0.0706067904829979
12,3,64,49,0.3920682370662689,0.1545506864786148
12,3,64,50,0.4908909499645233,0.15532264113426208
12,3,64,51,0.4988153576850891,0.1465653032064438
12,3,64,52,0.3984241485595703,0.12107447534799576
12,3,64,53,0.5172045230865479,0.07790572941303253
12,3,64,54,0.38363736867904663,0.05735984072089195
12,3,64,55,0.4945381283760071,0.16652005910873413
12,3,64,56,0.3594954311847687,0.0955025926232338
12,3,64,57,0.6121972799301147,0.07668885588645935
12,3,64,58,0.575758695602417,0.11239630728960037
12,3,64,59,0.4766444265842438,0.07455489039421082
12,3,64,60,0.5124152302742004,0.16618458926677704
12,3,64,61,0.7335683703422546,0.10070373862981796
12,3,64,62,0.5517398118972778,0.15385988354682922
12,3,64,63,0.48787447810173035,0.1404941976070404
12,4,128,0,0.6466029286384583,0.09025616943836212
12,4,128,1,0.6971133351325989,0.10819248110055923
12,4,128,2,0.35957416892051697,0.07510152459144592
12,4,128,3,0.4005648195743561,0.046300191432237625
12,4,128,4,0.5112475752830505,0.07014831900596619
12,4,128,5,0.7174900770187378,0.15395919978618622
12,4,128,6,0.672621488571167,0.2016981542110443
12,4,128,7,0.5584626793861389,0.10355568677186966
12,4,128,8,0.5441259145736694,0.04843175411224365
12,4,128,9,0.5132110118865967,0.04678091034293175
12,4,128,10,0.5347970128059387,0.05387212708592415
12,4,128,11,0.5856794714927673,0.1327061951160431
12,4,128,12,0.49062952399253845,0.07288472354412079
12,4,128,13,0.43015700578689575,0.0633181631565094
12,4,128,14,0.5339438319206238,0.11683239787817001
12,4,128,15,0.6079038977622986,0.12205334007740021
12,4,128,16,0.6816304922103882,0.10642077773809433
12,4,128,17,0.5595365166664124,0.08364415168762207
12,4,128,18,0.4757075011730194,0.039641328155994415
12,4,128,19,0.3946566879749298,0.2260463386774063
12,4,128,20,0.3895907700061798,0.0661243200302124
12,4,128,21,0.4392373263835907,0.04709277302026749
12,4,128,22,0.6889864206314087,0.11579693108797073
12,4,128,23,0.48270195722579956,0.0935346707701683
12,4,128,24,0.658115804195404,0.18888454139232635
12,4,128,25,0.5328891277313232,0.14745567739009857
12,4,128,26,0.705548107624054,0.10442790389060974
12,4,128,27,0.5881792306900024,0.08264052867889404
12,4,128,28,0.6981203556060791,0.12416987866163254
12,4,128,29,0.6060091853141785,0.07747513055801392
12,4,128,30,0.595942497253418,0.128665030002594
12,4,128,31,0.40852808952331543,0.1123487800359726
12,4,128,32,0.46369895339012146,0.04538848623633385
12,4,128,33,0.5491547584533691,0.13876499235630035
12,4,128,34,0.40945887565612793,0.06330293416976929
12,4,128,35,0.4622463881969452,0.06917568296194077
12,4,128,36,0.7016331553459167,0.13932748138904572
12,4,128,37,0.5158835649490356,0.07606561481952667
12,4,128,38,0.4595768451690674,0.06439289450645447
12,4,128,39,0.3842912018299103,0.15191872417926788
12,4,128,40,0.6315856575965881,0.10495200753211975
12,4,128,41,0.5630238056182861,0.1152307391166687
12,4,128,42,0.3885519802570343,0.08647757768630981
12,4,128,43,0.5769708752632141,0.043083544820547104
12,4,128,44,0.42698797583580017,0.05800488963723183
12,4,128,45,0.6757622957229614,0.1932341605424881
12,4,128,46,0.5261838436126709,0.11651153862476349
12,4,128,47,0.5461498498916626,0.07378904521465302
12,4,128,48,0.33851519227027893,0.15752804279327393
12,4,128,49,0.6292123198509216,0.12381558865308762
12,4,128,50,0.5917462706565857,0.10353317856788635
12,4,128,51,0.49905237555503845,0.0516497939825058
12,4,128,52,0.7442465424537659,0.15884438157081604
12,4,128,53,0.6703640222549438,0.1565100997686386
12,4,128,54,0.6940540075302124,0.20200179517269135
12,4,128,55,0.5902266502380371,0.14897485077381134
12,4,128,56,0.6862678527832031,0.230411559343338
12,4,128,57,0.4820607900619507,0.08438881486654282
12,4,128,58,0.6027787327766418,0.17295993864536285
12,4,128,59,0.47844284772872925,0.039243895560503006
12,4,128,60,0.328073114156723,0.1659490168094635
12,4,128,61,0.4434235692024231,0.08225132524967194
12,4,128,62,0.7045024633407593,0.137451633810997
12,4,128,63,0.563433825969696,0.09521831572055817
12,4,128,64,0.5870409607887268,0.0785834863781929
12,4,128,65,0.47391119599342346,0.06960900127887726
12,4,128,66,0.49358898401260376,0.06552308052778244
12,4,128,67,0.7451456785202026,0.17680160701274872
12,4,128,68,0.4533300995826721,0.06031736731529236
12,4,128,69,0.5217903852462769,0.059241823852062225
12,4,128,70,0.5567794442176819,0.063484787940979
12,4,128,71,0.6242036819458008,0.12275410443544388
12,4,128,72,0.6518121361732483,0.13817548751831055
12,4,128,73,0.6578202247619629,0.11975588649511337
12,4,128,74,0.3328588008880615,0.13923071324825287
12,4,128,75,0.684687077999115,0.07505844533443451
12,4,128,76,0.6071678400039673,0.05964440479874611
12,4,128,77,0.36486974358558655,0.1929430216550827
12,4,128,78,0.6220458745956421,0.0997200533747673
12,4,128,79,0.4226653575897217,0.05584138631820679
12,4,128,80,0.6337828040122986,0.14997141063213348
12,4,128,81,0.4337214231491089,0.06698546558618546
12,4,128,82,0.7543690204620361,0.17724870145320892
12,4,128,83,0.4953235387802124,0.07434843480587006
12,4,128,84,0.5821376442909241,0.08579183369874954
12,4,128,85,0.5558615922927856,0.09096051007509232
12,4,128,86,0.6259006261825562,0.05509020388126373
12,4,128,87,0.7036022543907166,0.10438226163387299
12,4,128,88,0.2927636206150055,0.16987168788909912
12,4,128,89,0.3555779457092285,0.10708773881196976
12,4,128,90,0.39893099665641785,0.06902288645505905
12,4,128,91,0.6735302209854126,0.20363694429397583
12,4,128,92,0.6278548240661621,0.14667969942092896
12,4,128,93,0.4420328140258789,0.11191075295209885
12,4,128,94,0.4172840714454651,0.07296784967184067
12,4,128,95,0.5303011536598206,0.12160584330558777
12,4,128,96,0.5817297101020813,0.05758608505129814
12,4,128,97,0.45465409755706787,0.10739351063966751
12,4,128,98,0.597888171672821,0.14670991897583008
12,4,128,99,0.44600915908813477,0.08791469037532806
12,4,128,100,0.36428916454315186,0.23734301328659058
12,4,128,101,0.6754314303398132,0.059611428529024124
12,4,128,102,0.7207223773002625,0.12801331281661987
12,4,128,103,0.4682990312576294,0.12662576138973236
12,4,128,104,0.49181532859802246,0.09322798252105713
12,4,128,105,0.5913149118423462,0.15527692437171936
12,4,128,106,0.41221195459365845,0.11649175733327866
12,4,128,107,0.7650665640830994,0.13954675197601318
12,4,128,108,0.45307183265686035,0.1750536412000656
12,4,128,109,0.758703351020813,0.14071717858314514
12,4,128,110,0.6590100526809692,0.055288296192884445
12,4,128,111,0.676477313041687,0.16579999029636383
12,4,128,112,0.3830545246601105,0.050765614956617355
12,4,128,113,0.7705036997795105,0.15829156339168549
12,4,128,114,0.6437540650367737,0.11712216585874557
12,4,128,115,0.40093138813972473,0.06929069012403488
12,4,128,116,0.6041087508201599,0.06414389610290527
12,4,128,117,0.45051926374435425,0.0809747502207756
12,4,128,118,0.4521026313304901,0.08121563494205475
12,4,128,119,0.6658570766448975,0.2124117910861969
12,4,128,120,0.7156797051429749,0.18557770550251007
12,4,128,121,0.6718490123748779,0.1195337101817131
12,4,128,122,0.5724049210548401,0.11401272565126419
12,4,128,123,0.4403594434261322,0.09029681980609894
12,4,128,124,0.5835599303245544,0.13481292128562927
12,4,128,125,0.5437687039375305,0.07180117070674896
12,4,128,126,0.6902953386306763,0.13707754015922546
12,4,128,127,0.43428727984428406,0.05201755091547966
12,5,128,0,0.7153334021568298,0.19695831835269928
12,5,128,1,0.7742310762405396,0.16217705607414246
12,5,128,2,0.686312735080719,0.13514727354049683
12,5,128,3,0.6509175896644592,0.16788151860237122
12,5,128,4,0.548772394657135,0.07339566200971603
12,5,128,5,0.6452282667160034,0.07547154277563095
12,5,128,6,0.5766454935073853,0.028538383543491364
12,5,128,7,0.7222875952720642,0.19089746475219727
12,5,128,8,0.526110053062439,0.031140193343162537
12,5,128,9,0.6723271608352661,0.12725485861301422
12,5,128,10,0.5625318884849548,0.031163791194558144
12,5,128,11,0.5619001984596252,0.15025338530540466
12,5,128,12,0.4720971882343292,0.07112943381071091
12,5,128,13,0.4530119001865387,0.08062523603439331
12,5,128,14,0.6242149472236633,0.17540127038955688
12,5,128,15,0.6702924370765686,0.18198613822460175
12,5,128,16,0.4667302072048187,0.07853584736585617
12,5,128,17,0.6213214993476868,0.07119566202163696
12,5,128,18,0.7069080471992493,0.1338963657617569
12,5,128,19,0.654458224773407,0.18556754291057587
12,5,128,20,0.33491456508636475,0.12207780033349991
12,5,128,21,0.7444894909858704,0.17679350078105927
12,5,128,22,0.6699876189231873,0.12407379597425461
12,5,128,23,0.5281720161437988,0.06720954179763794
12,5,128,24,0.6265998482704163,0.17746290564537048
12,5,128,25,0.6054022908210754,0.08420313149690628
12,5,128,26,0.5451202988624573,0.07520174235105515
12,5,128,27,0.626350462436676,0.09603478759527206
12,5,128,28,0.7303014397621155,0.1438254863023758
12,5,128,29,0.7120702862739563,0.17093625664710999
12,5,128,30,0.6389051675796509,0.13559316098690033
12,5,128,31,0.40947991609573364,0.036391545087099075
12,5,128,32,0.7476710081100464,0.10372577607631683
12,5,128,33,0.6196978688240051,0.17352622747421265
12,5,128,34,0.5066239833831787,0.04302430897951126
12,5,128,35,0.6714358925819397,0.15215998888015747
12,5,128,36,0.7687370777130127,0.19138497114181519
12,5,128,37,0.5379560589790344,0.08058004081249237
12,5,128,38,0.6274013519287109,0.07576755434274673
12,5,128,39,0.6780230402946472,0.1524459272623062
12,5,128,40,0.48614501953125,0.03445661440491676
12,5,128,41,0.6472635865211487,0.12678119540214539
12,5,128,42,0.6298418045043945,0.07368375360965729
12,5,128,43,0.7489756345748901,0.19755107164382935
12,5,128,44,0.6753101944923401,0.12636896967887878
12,5,128,45,0.7325612306594849,0.16719180345535278
12,5,128,46,0.4500737488269806,0.06765707582235336
12,5,128,47,0.5765300393104553,0.056074801832437515
12,5,128,48,0.6417725682258606,0.10802599787712097
12,5,128,49,0.4853581190109253,0.110838882625103
12,5,128,50,0.6171029806137085,0.1496650129556656
12,5,128,51,0.665294349193573,0.15171504020690918
12,5,128,52,0.5071046948432922,0.032146986573934555
12,5,128,53,0.7071887254714966,0.19603218138217926
12,5,128,54,0.42512720823287964,0.039635177701711655
12,5,128,55,0.4187901020050049,0.07168907672166824
12,5,128,56,0.6596508622169495,0.1745194047689438
12,5,128,57,0.40809497237205505,0.11831095069646835
12,5,128,58,0.6852468848228455,0.15252038836479187
12,5,128,59,0.4248417019844055,0.08555906265974045
12,5,128,60,0.41235077381134033,0.03934489190578461
12,5,128,61,0.705102801322937,0.09268266707658768
12,5,128,62,0.6992270350456238,0.13558439910411835
12,5,128,63,0.500824511051178,0.07061237096786499
12,5,128,64,0.5267795324325562,0.05807916074991226
12,5,128,65,0.5759626626968384,0.07439897209405899
12,5,128,66,0.7393733859062195,0.12629535794258118
12,5,128,67,0.751394510269165,0.1912790834903717
12,5,128,68,0.5336824059486389,0.041230812668800354
12,5,128,69,0.5120768547058105,0.04581620544195175
12,5,128,70,0.7164108157157898,0.11855188757181168
12,5,128,71,0.6496647000312805,0.15362098813056946
12,5,128,72,0.6077101826667786,0.08095162361860275
12,5,128,73,0.7303877472877502,0.21266663074493408
12,5,128,74,0.6721612811088562,0.10406436026096344
12,5,128,75,0.7039960026741028,0.21690475940704346
12,5,128,76,0.5153080224990845,0.11600876599550247
12,5,128,77,0.6495508551597595,0.10280788689851761
12,5,128,78,0.4945579171180725,0.04216001182794571
12,5,128,79,0.6116909980773926,0.07126918435096741
12,5,128,80,0.6041393876075745,0.13712982833385468
12,5,128,81,0.5378435850143433,0.06482625752687454
12,5,128,82,0.7538142204284668,0.17512167990207672
12,5,128,83,0.6796960234642029,0.1329592764377594
12,5,128,84,0.5663562417030334,0.03631700947880745
12,5,128,85,0.4095951318740845,0.02834307961165905
12,5,128,86,0.34061065316200256,0.1577521711587906
12,5,128,87,0.39628586173057556,0.07678050547838211
12,5,128,88,0.34116286039352417,0.058470554649829865
12,5,128,89,0.3619086742401123,0.12937872111797333
12,5,128,90,0.5026429891586304,0.05852659046649933
12,5,128,91,0.7704683542251587,0.19443614780902863
12,5,128,92,0.6774524450302124,0.16738292574882507
12,5,128,93,0.6887633204460144,0.11491140723228455
12,5,128,94,0.4629439413547516,0.061839066445827484
12,5,128,95,0.7106081247329712,0.12427261471748352
12,5,128,96,0.3543680012226105,0.11133977770805359
12,5,128,97,0.3702126443386078,0.14928561449050903
12,5,128,98,0.7309077978134155,0.18479950726032257
12,5,128,99,0.7257108688354492,0.15375974774360657
12,5,128,100,0.611409068107605,0.20104961097240448
12,5,128,101,0.5064311623573303,0.038497015833854675
12,5,128,102,0.6801957488059998,0.1781550645828247
12,5,128,103,0.6521041989326477,0.1217426136136055
12,5,128,104,0.4370719790458679,0.058096498250961304
12,5,128,105,0.507437527179718,0.0631115734577179
12,5,128,106,0.686124861240387,0.15136243402957916
12,5,128,107,0.6596990823745728,0.16641630232334137
12,5,128,108,0.6450430154800415,0.07186129689216614
12,5,128,109,0.6349195241928101,0.12495230883359909
12,5,128,110,0.5842094421386719,0.10388325154781342
12,5,128,111,0.6569803357124329,0.25263071060180664
12,5,128,112,0.5440858602523804,0.048550739884376526
12,5,128,113,0.6742185950279236,0.17225167155265808
12,5,128,114,0.5382606387138367,0.04761160910129547
12,5,128,115,0.5214863419532776,0.07180159538984299
12,5,128,116,0.609760582447052,0.1304561048746109
12,5,128,117,0.5211709141731262,0.0388299934566021
12,5,128,118,0.7060131430625916,0.2046346515417099
12,5,128,119,0.6993455290794373,0.2363903671503067
12,5,128,120,0.7168290615081787,0.17231908440589905
12,5,128,121,0.5978596806526184,0.05824081972241402
12,5,128,122,0.594589114189148,0.16384050250053406
12,5,128,123,0.5008602738380432,0.05652294307947159
12,5,128,124,0.4298115074634552,0.028356440365314484
12,5,128,125,0.5716094374656677,0.04002772644162178
12,5,128,126,0.6186755895614624,0.13458438217639923
12,5,128,127,0.7507614493370056,0.16246183216571808
13,0,32,0,0.5757538080215454,0.03393871337175369
13,0,32,1,0.46221113204956055,0.06041475012898445
13,0,32,2,0.4558929204940796,0.033993761986494064
13,0,32,3,0.599249005317688,0.0359249971807003
13,0,32,4,0.5093370079994202,0.025767123326659203
13,0,32,5,0.5240617394447327,0.03219360485672951
13,0,32,6,0.6089223623275757,0.03527937829494476
13,0,32,7,0.6615562438964844,0.043057121336460114
13,0,32,8,0.576572597026825,0.04870298504829407
13,0,32,9,0.4129331111907959,0.023300612345337868
13,0,32,10,0.48321622610092163,0.03490715101361275
13,0,32,11,0.5577864050865173,0.05161818861961365
13,0,32,12,0.4865563213825226,0.028013676404953003
13,0,32,13,0.5012902021408081,0.03741827234625816
13,0,32,14,0.39212337136268616,0.03800416365265846
13,0,32,15,0.6093248128890991,0.04380370303988457
13,0,32,16,0.5711746215820312,0.03933759406208992
13,0,32,17,0.5732703804969788,0.05907886102795601
13,0,32,18,0.4798954129219055,0.04052053019404411
13,0,32,19,0.49521028995513916,0.050435516983270645
13,0,32,20,0.38516873121261597,0.03838719427585602
13,0,32,21,0.44044721126556396,0.027457673102617264
13,0,32,22,0.3991900086402893,0.03355652466416359
13,0,32,23,0.5038180947303772,0.03589070215821266
13,0,32,24,0.5311789512634277,0.04935323819518089
13,0,32,25,0.5828330516815186,0.025578370317816734
13,0,32,26,0.4712311625480652,0.03267483040690422
13,0,32,27,0.5401633977890015,0.03538466989994049
13,0,32,28,0.44611820578575134,0.032672859728336334
13,0,32,29,0.5980163216590881,0.04544704407453537
13,0,32,30,0.6070058941841125,0.04375458508729935
13,0,32,31,0.6183995008468628,0.0347064733505249
13,1,32,0,0.4073735177516937,0.061269547790288925
13,1,32,1,0.520043671131134,0.05144938826560974
13,1,32,2,0.4196074604988098,0.055156953632831573
13,1,32,3,0.5263747572898865,0.08272819221019745
13,1,32,4,0.5222118496894836,0.046695027500391006
13,1,32,5,0.40431827306747437,0.05641503632068634
13,1,32,6,0.5119229555130005,0.0474260188639164
13,1,32,7,0.4814501106739044,0.011850463226437569
13,1,32,8,0.6124240159988403,0.04329032823443413
13,1,32,9,0.34859099984169006,0.055675528943538666
13,1,32,10,0.4394876956939697,0.07930713891983032
13,1,32,11,0.42166194319725037,0.06626112759113312
13,1,32,12,0.6017513275146484,0.0263656098395586
13,1,32,13,0.46030718088150024,0.07326474785804749
13,1,32,14,0.36944857239723206,0.07114138454198837
13,1,32,15,0.4656767249107361,0.09701348096132278
13,1,32,16,0.3635425269603729,0.028084352612495422
13,1,32,17,0.6351282596588135,0.06758581101894379
13,1,32,18,0.4094155430793762,0.07109978049993515
13,1,32,19,0.42349717020988464,0.03120271861553192
13,1,32,20,0.6371249556541443,0.04964349418878555
13,1,32,21,0.5857062935829163,0.04266764596104622
13,1,32,22,0.4672701358795166,0.08308553695678711
13,1,32,23,0.44324883818626404,0.08368360251188278
13,1,32,24,0.5075452327728271,0.05111182853579521
13,1,32,25,0.5409676432609558,0.053730420768260956
13,1,32,26,0.6693736910820007,0.05090989172458649
13,1,32,27,0.6127963662147522,0.0919746533036232
13,1,32,28,0.5070611238479614,0.05891808867454529
13,1,32,29,0.45484137535095215,0.05379338935017586
13,1,32,30,0.4834597110748291,0.03387046605348587
13,1,32,31,0.5275972485542297,0.05210995301604271
13,2,64,0,0.3866537809371948,0.11033571511507034
13,2,64,1,0.488324910402298,0.09440284222364426
13,2,64,2,0.43878838419914246,0.089159294962883
13,2,64,3,0.46794551610946655,0.07165465503931046
13,2,64,4,0.6378920078277588,0.08350838720798492
13,2,64,5,0.5020014047622681,0.15762333571910858
13,2,64,6,0.4151933491230011,0.14855466783046722
13,2,64,7,0.49783632159233093,0.07725943624973297
13,2,64,8,0.561580240726471,0.12728117406368256
13,2,64,9,0.5055263042449951,0.09242633730173111
13,2,64,10,0.4107530415058136,0.10794053226709366
13,2,64,11,0.5038203001022339,0.10171331465244293
13,2,64,12,0.3778684139251709,0.1384672224521637
13,2,64,13,0.46774670481681824,0.11902381479740143
13,2,64,14,0.45209500193595886,0.09170860052108765
13,2,64,15,0.3789280951023102,0.13071680068969727
13,2,64,16,0.583295464515686,0.10394910722970963
13,2,64,17,0.6176273822784424,0.06342636048793793
13,2,64,18,0.3508218824863434,0.06678493320941925
13,2,64,19,0.5550692677497864,0.10510043799877167
13,2,64,20,0.5566540360450745,0.09854964166879654
13,2,64,21,0.41599059104919434,0.0992191955447197
13,2,64,22,0.5927435159683228,0.11062189936637878
13,2,64,23,0.426964670419693,0.06677858531475067
13,2,64,24,0.4844260811805725,0.11160016804933548
13,2,64,25,0.43333712220191956,0.1586858183145523
13,2,64,26,0.550538182258606,0.03987785056233406
13,2,64,27,0.4865680932998657,0.0691288635134697
13,2,64,28,0.4547114968299866,0.12683193385601044
13,2,64,29,0.5352265238761902,0.06615182012319565
13,2,64,30,0.4384145438671112,0.11810054630041122
13,2,64,31,0.40987876057624817,0.07110735774040222
13,2,64,32,0.5617918372154236,0.1644434779882431
13,2,64,33,0.4120029807090759,0.147890105843544
13,2,64,34,0.6791723966598511,0.09222684055566788
13,2,64,35,0.5545066595077515,0.07455892115831375
13,2,64,36,0.4287300109863281,0.10137201845645905
13,2,64,37,0.4936019480228424,0.08267813920974731
13,2,64,38,0.5375211834907532,0.10298461467027664
13,2,64,39,0.34969478845596313,0.08980357646942139
13,2,64,40,0.517702043056488,0.08465763181447983
13,2,64,41,0.6293818354606628,0.07058355212211609
13,2,64,42,0.4241599142551422,0.10653147101402283
13,2,64,43,0.45100975036621094,0.11396966129541397
13,2,64,44,0.4180528223514557,0.10889973491430283
13,2,64,45,0.5064681768417358,0.0881890282034874
13,2,64,46,0.41603702306747437,0.08773579448461533
13,2,64,47,0.4236178994178772,0.1189274787902832
13,2,64,48,0.4693929851055145,0.06734398007392883
13,2,64,49,0.403970867395401,0.1280118227005005
13,2,64,50,0.5227792859077454,0.09213574975728989
13,2,64,51,0.4873349964618683,0.08867013454437256
13,2,64,52,0.537639856338501,0.0888933390378952
13,2,64,53,0.3344854414463043,0.16851849853992462
13,2,64,54,0.4261740446090698,0.09213470667600632
13,2,64,55,0.39404311776161194,0.12699297070503235
13,2,64,56,0.37225648760795593,0.07968440651893616
13,2,64,57,0.6294488310813904,0.15274013578891754
13,2,64,58,0.5541840195655823,0.10439536720514297
13,2,64,59,0.4593210518360138,0.09520725160837173
13,2,64,60,0.5070348978042603,0.12424931675195694
13,2,64,61,0.6833835244178772,0.10742472112178802
13,2,64,62,0.37555915117263794,0.1388339251279831
13,2,64,63,0.4909648001194,0.10487082600593567
13,3,64,0,0.6327581405639648,0.15804973244667053
13,3,64,1,0.4482334554195404,0.07368221133947372
13,3,64,2,0.5989001393318176,0.0725218802690506
13,3,64,3,0.48774954676628113,0.15132321417331696
13,3,64,4,0.6207437515258789,0.1252276450395584
13,3,64,5,0.38586392998695374,0.06539465487003326
13,3,64,6,0.35442426800727844,0.1173916831612587
13,3,64,7,0.4729638695716858,0.09331358224153519
13,3,64,8,0.5054089426994324,0.13083964586257935
13,3,64,9,0.4462577700614929,0.22871944308280945
13,3,64,10,0.36804208159446716,0.1310931146144867
13,3,64,11,0.5966743230819702,0.20000723004341125
13,3,64,12,0.5740188956260681,0.27773571014404297
13,3,64,13,0.5953823924064636,0.07245315611362457
13,3,64,14,0.663072407245636,0.10274077206850052
13,3,64,15,0.4867666959762573,0.13022664189338684
13,3,64,16,0.36626681685447693,0.10107961297035217
13,3,64,17,0.45912349224090576,0.2313689887523651
13,3,64,18,0.5063979625701904,0.1316612809896469
13,3,64,19,0.3811156153678894,0.1271517276763916
13,3,64,20,0.5532366037368774,0.31555891036987305
13,3,64,21,0.5968179106712341,0.10051865130662918
13,3,64,22,0.5948095321655273,0.14290158450603485
13,3,64,23,0.5099729299545288,0.27406030893325806
13,3,64,24,0.4022403955459595,0.12795409560203552
13,3,64,25,0.46789154410362244,0.0769934207201004
13,3,64,26,0.5876363515853882,0.19321490824222565
13,3,64,27,0.42097532749176025,0.28656062483787537
13,3,64,28,0.4439849853515625,0.13548113405704498
13,3,64,29,0.5043537616729736,0.21849624812602997
13,3,64,30,0.6737708449363708,0.12308286875486374
13,3,64,31,0.45043641328811646,0.15009376406669617
13,3,64,32,0.5903903245925903,0.16436168551445007
13,3,64,33,0.714458167552948,0.11689090728759766
13,3,64,34,0.3933444321155548,0.06644619256258011
13,3,64,35,0.5162633657455444,0.15876221656799316
13,3,64,36,0.45065826177597046,0.19674140214920044
13,3,64,37,0.47747278213500977,0.22609630227088928
13,3,64,38,0.4051748514175415,0.2587207853794098
13,3,64,39,0.5182389616966248,0.28316453099250793
13,3,64,40,0.4243605136871338,0.07651033997535706
13,3,64,41,0.547944962978363,0.054909832775592804
13,3,64,42,0.48378291726112366,0.2008887380361557
13,3,64,43,0.46053388714790344,0.16911272704601288
13,3,64,44,0.36464014649391174,0.1288553923368454
13,3,64,45,0.5262513160705566,0.18479688465595245
13,3,64,46,0.4343704879283905,0.16262829303741455
13,3,64,47,0.474981427192688,0.14755891263484955
13,3,64,48,0.5153424739837646,0.26341959834098816
13,3,64,49,0.5794697403907776,0.26223042607307434
13,3,64,50,0.4954449236392975,0.1577879935503006
13,3,64,51,0.48860007524490356,0.26718220114707947
13,3,64,52,0.38428863883018494,0.17071187496185303
13,3,64,53,0.4248534142971039,0.06120502948760986
13,3,64,54,0.4857988953590393,0.14137518405914307
13,3,64,55,0.41883960366249084,0.19417010247707367
13,3,64,56,0.5940049290657043,0.0655021145939827
13,3,64,57,0.554538905620575,0.11582306772470474
13,3,64,58,0.3878529667854309,0.1274392157793045
13,3,64,59,0.6500089168548584,0.1611834317445755
13,3,64,60,0.5964447855949402,0.23168879747390747
13,3,64,61,0.5947335958480835,0.12674617767333984
13,3,64,62,0.6453983187675476,0.18401634693145752
13,3,64,63,0.3996378183364868,0.2622619867324829
13,4,128,0,0.747700035572052,0.07736172527074814
13,4,128,1,0.3165423274040222,0.18994279205799103
13,4,128,2,0.5532430410385132,0.04540059715509415
13,4,128,3,0.716312825679779,0.27317166328430176
13,4,128,4,0.5724859237670898,0.0927283763885498
13,4,128,5,0.7459409236907959,0.25912243127822876
13,4,128,6,0.5159845352172852,0.10995584726333618
13,4,128,7,0.5281638503074646,0.06713742017745972
13,4,128,8,0.6575283408164978,0.23494510352611542
13,4,128,9,0.6998106241226196,0.29050078988075256
13,4,128,10,0.6462464332580566,0.13768330216407776
13,4,128,11,0.47137612104415894,0.08773515373468399
13,4,128,12,0.737997829914093,0.20371101796627045
13,4,128,13,0.5758663415908813,0.18122674524784088
13,4,128,14,0.4210445284843445,0.28305235505104065
13,4,128,15,0.7056826949119568,0.15436066687107086
13,4,128,16,0.4249606132507324,0.08405809104442596
13,4,128,17,0.31119614839553833,0.25930020213127136
13,4,128,18,0.47833889722824097,0.15273012220859528
13,4,128,19,0.466709703207016,0.11260956525802612
13,4,128,20,0.664317786693573,0.23643842339515686
13,4,128,21,0.700879693031311,0.2833941876888275
13,4,128,22,0.4281277060508728,0.14368383586406708
13,4,128,23,0.4733104407787323,0.10466713458299637
13,4,128,24,0.5920358896255493,0.02644740417599678
13,4,128,25,0.5451791882514954,0.19086633622646332
13,4,128,26,0.6959431171417236,0.2813388705253601
13,4,128,27,0.6967633962631226,0.3013305068016052
13,4,128,28,0.6169730424880981,0.11416998505592346
13,4,128,29,0.5985232591629028,0.2299245297908783
13,4,128,30,0.6689813137054443,0.19545996189117432
13,4,128,31,0.7615686058998108,0.208731010556221
13,4,128,32,0.6796011328697205,0.29964345693588257
13,4,128,33,0.6459476947784424,0.2375725358724594
13,4,128,34,0.4593266546726227,0.05884851515293121
13,4,128,35,0.6659038662910461,0.11197240650653839
13,4,128,36,0.4095696806907654,0.15766797959804535
13,4,128,37,0.20628806948661804,0.10355819761753082
13,4,128,38,0.7195523977279663,0.07979608327150345
13,4,128,39,0.5842878818511963,0.13459858298301697
13,4,128,40,0.7864819169044495,0.1852525919675827
13,4,128,41,0.2866620719432831,0.09199009835720062
13,4,128,42,0.3692083954811096,0.16533929109573364
13,4,128,43,0.6139843463897705,0.10523629933595657
13,4,128,44,0.7183582782745361,0.24622458219528198
13,4,128,45,0.6834226846694946,0.04952477663755417
13,4,128,46,0.6731308698654175,0.3172978162765503
13,4,128,47,0.4013301730155945,0.18891467154026031
13,4,128,48,0.43778499960899353,0.14217720925807953
13,4,128,49,0.5362738966941833,0.21624474227428436
13,4,128,50,0.33128270506858826,0.22989243268966675
13,4,128,51,0.6722226738929749,0.20719896256923676
13,4,128,52,0.7253703474998474,0.15983115136623383
13,4,128,53,0.7655455470085144,0.1799648255109787
13,4,128,54,0.5731116533279419,0.19139590859413147
13,4,128,55,0.733873724937439,0.15014804899692535
13,4,128,56,0.30806964635849,0.19496408104896545
13,4,128,57,0.3112768530845642,0.15650948882102966
13,4,128,58,0.5214418172836304,0.08356478065252304
13,4,128,59,0.6958263516426086,0.27793997526168823
13,4,128,60,0.6907230019569397,0.20336943864822388
13,4,128,61,0.7328401207923889,0.07399172335863113
13,4,128,62,0.36479130387306213,0.1965649574995041
13,4,128,63,0.6940231919288635,0.08625669777393341
13,4,128,64,0.2336137592792511,0.13005901873111725
13,4,128,65,0.5333046317100525,0.1994156390428543
13,4,128,66,0.5916763544082642,0.16408860683441162
13,4,128,67,0.7082369327545166,0.10524211823940277
13,4,128,68,0.6900397539138794,0.15640974044799805
13,4,128,69,0.7221423387527466,0.0843588262796402
13,4,128,70,0.7509671449661255,0.22822149097919464
13,4,128,71,0.7842285633087158,0.15890754759311676
13,4,128,72,0.7004143595695496,0.07627733796834946
13,4,128,73,0.5577268600463867,0.24175488948822021
13,4,128,74,0.5419834852218628,0.17584000527858734
13,4,128,75,0.8213245272636414,0.11154094338417053
13,4,128,76,0.3298955261707306,0.1523711383342743
13,4,128,77,0.6209537982940674,0.14082151651382446
13,4,128,78,0.2912474274635315,0.2369561493396759
13,4,128,79,0.46494078636169434,0.0881316289305687
13,4,128,80,0.5364554524421692,0.1495235711336136
13,4,128,81,0.6016812324523926,0.0482100211083889
13,4,128,82,0.4945567548274994,0.06314104795455933
13,4,128,83,0.703425407409668,0.2613453269004822
13,4,128,84,0.6882875561714172,0.10334787517786026
13,4,128,85,0.36957529187202454,0.20464426279067993
13,4,128,86,0.7844089865684509,0.08268860727548599
13,4,128,87,0.6227288842201233,0.11868677288293839
13,4,128,88,0.491176575422287,0.07500376552343369
13,4,128,89,0.6014824509620667,0.04344944283366203
13,4,128,90,0.7099118232727051,0.2863319516181946
13,4,128,91,0.6329128742218018,0.14447616040706635
13,4,128,92,0.671381950378418,0.23275712132453918
13,4,128,93,0.5630344152450562,0.1779317706823349
13,4,128,94,0.5909630656242371,0.26549291610717773
13,4,128,95,0.8669142127037048,0.11003291606903076
13,4,128,96,0.4596503674983978,0.16144654154777527
13,4,128,97,0.6579343676567078,0.21749714016914368
13,4,128,98,0.5113616585731506,0.08684587478637695
13,4,128,99,0.6726511716842651,0.154262974858284
13,4,128,100,0.6940473318099976,0.20157290995121002
13,4,128,101,0.7691960334777832,0.21460577845573425
13,4,128,102,0.8606035709381104,0.0931660607457161
13,4,128,103,0.756677508354187,0.1859850138425827
13,4,128,104,0.4745704233646393,0.09229005873203278
13,4,128,105,0.7476850748062134,0.10506348311901093
13,4,128,106,0.7430686950683594,0.23480552434921265
13,4,128,107,0.7276580333709717,0.17427808046340942
13,4,128,108,0.6732563972473145,0.1787797510623932
13,4,128,109,0.8184434771537781,0.11940637230873108
13,4,128,110,0.7444942593574524,0.23760756850242615
13,4,128,111,0.3793141841888428,0.09278587996959686
13,4,128,112,0.6118323802947998,0.0668523833155632
13,4,128,113,0.7518842816352844,0.11016655713319778
13,4,128,114,0.7402064800262451,0.20457999408245087
13,4,128,115,0.34871047735214233,0.20591646432876587
13,4,128,116,0.29971733689308167,0.24819791316986084
13,4,128,117,0.4140952229499817,0.18541856110095978
13,4,128,118,0.42297306656837463,0.12302007526159286
13,4,128,119,0.6640890836715698,0.25819358229637146
13,4,128,120,0.7899405360221863,0.15938131511211395
13,4,128,121,0.27470871806144714,0.1370280683040619
13,4,128,122,0.4847573935985565,0.17586442828178406
13,4,128,123,0.5114391446113586,0.11406707763671875
13,4,128,124,0.34255948662757874,0.2918204367160797
13,4,128,125,0.6584327220916748,0.16465699672698975
13,4,128,126,0.6832062005996704,0.09251262247562408
13,4,128,127,0.43584004044532776,0.09684043377637863
13,5,128,0,0.4165749251842499,0.053813740611076355
13,5,128,1,0.6159217357635498,0.055712856352329254
13,5,128,2,0.5939375758171082,0.25496912002563477
13,5,128,3,0.7558074593544006,0.18070213496685028
13,5,128,4,0.5403249263763428,0.04632919654250145
13,5,128,5,0.6317165493965149,0.10168582946062088
13,5,128,6,0.6465635895729065,0.07405730336904526
13,5,128,7,0.6080766916275024,0.1391114592552185
13,5,128,8,0.6715413928031921,0.12330517172813416
13,5,128,9,0.38149040937423706,0.1145462915301323
13,5,128,10,0.6127621531486511,0.1266735941171646
13,5,128,11,0.5597569942474365,0.11240256577730179
13,5,128,12,0.6778184771537781,0.30542072653770447
13,5,128,13,0.7498920559883118,0.07632291316986084
13,5,128,14,0.7052271366119385,0.12641869485378265
13,5,128,15,0.31523972749710083,0.21999803185462952
13,5,128,16,0.5607752799987793,0.15920133888721466
13,5,128,17,0.8056781888008118,0.10461204499006271
13,5,128,18,0.6254198551177979,0.22117763757705688
13,5,128,19,0.3251741826534271,0.08119998127222061
13,5,128,20,0.6407538652420044,0.2569497525691986
13,5,128,21,0.6685905456542969,0.3000643253326416
13,5,128,22,0.5992196202278137,0.21606196463108063
13,5,128,23,0.7044337391853333,0.08233869075775146
13,5,128,24,0.7141721248626709,0.22158204019069672
13,5,128,25,0.4936150908470154,0.08697526901960373
13,5,128,26,0.7833025455474854,0.10853619128465652
13,5,128,27,0.7630801200866699,0.08325058221817017
13,5,128,28,0.511064887046814,0.09236856549978256
13,5,128,29,0.7468034625053406,0.07041973620653152
13,5,128,30,0.43398934602737427,0.05061449110507965
13,5,128,31,0.7496806383132935,0.22718267142772675
13,5,128,32,0.7073916792869568,0.22281798720359802
13,5,128,33,0.6742182970046997,0.2924721837043762
13,5,128,34,0.3982612192630768,0.11841552704572678
13,5,128,35,0.8145002126693726,0.07524176687002182
13,5,128,36,0.593196451663971,0.08331246674060822
13,5,128,37,0.43494120240211487,0.13051149249076843
13,5,128,38,0.7563507556915283,0.07897275686264038
13,5,128,39,0.5545010566711426,0.08891355246305466
13,5,128,40,0.7836271524429321,0.08998212963342667
13,5,128,41,0.6820420026779175,0.2557832598686218
13,5,128,42,0.5714436173439026,0.15568111836910248
13,5,128,43,0.45514026284217834,0.28432390093803406
13,5,128,44,0.7474520206451416,0.1724202185869217
13,5,128,45,0.5015600323677063,0.1549827754497528
13,5,128,46,0.6771999001502991,0.20852066576480865
13,5,128,47,0.6333463191986084,0.037427160888910294
13,5,128,48,0.6974457502365112,0.08550166338682175
13,5,128,49,0.6608734130859375,0.2520841360092163
13,5,128,50,0.48139360547065735,0.1028319001197815
13,5,128,51,0.399695485830307,0.07519014179706573
13,5,128,52,0.5262035727500916,0.08330879360437393
13,5,128,53,0.6834478378295898,0.23987340927124023
13,5,128,54,0.48428118228912354,0.02734784036874771
13,5,128,55,0.7535033822059631,0.09409575164318085
13,5,128,56,0.5564327239990234,0.05906923860311508
13,5,128,57,0.5605747699737549,0.11605760455131531
13,5,128,58,0.5197655558586121,0.1555713713169098
13,5,128,59,0.6682600378990173,0.07908760011196136
13,5,128,60,0.4455627202987671,0.028427381068468094
13,5,128,61,0.8127246499061584,0.10936888307332993
13,5,128,62,0.45890718698501587,0.08675242215394974
13,5,128,63,0.7253264784812927,0.2042076736688614
13,5,128,64,0.43003764748573303,0.2041509449481964
13,5,128,65,0.6774734258651733,0.13094079494476318
13,5,128,66,0.559028685092926,0.16606584191322327
13,5,128,67,0.7152454853057861,0.1040852889418602
13,5,128,68,0.3934185802936554,0.11354470252990723
13,5,128,69,0.6175081133842468,0.08289830386638641
13,5,128,70,0.7655478715896606,0.14543640613555908
13,5,128,71,0.7543090581893921,0.1892949789762497
13,5,128,72,0.7692046761512756,0.07562751322984695
13,5,128,73,0.5175100564956665,0.20935824513435364
13,5,128,74,0.41428142786026,0.07790305465459824
13,5,128,75,0.661952793598175,0.0589483380317688
13,5,128,76,0.6705013513565063,0.2078036367893219
13,5,128,77,0.4519997537136078,0.16178710758686066
13,5,128,78,0.5641463398933411,0.06286872178316116
13,5,128,79,0.7615567445755005,0.13378013670444489
13,5,128,80,0.7183454632759094,0.2601446211338043
13,5,128,81,0.4759083092212677,0.10676570981740952
13,5,128,82,0.4337862730026245,0.16671203076839447
13,5,128,83,0.6766023635864258,0.22348585724830627
13,5,128,84,0.4885360896587372,0.21638135612010956
13,5,128,85,0.35808563232421875,0.2757105231285095
13,5,128,86,0.6954301595687866,0.204206183552742
13,5,128,87,0.6730400919914246,0.2611446678638458
13,5,128,88,0.6116451621055603,0.14902891218662262
13,5,128,89,0.6287305355072021,0.15664009749889374
13,5,128,90,0.7587275505065918,0.23018313944339752
13,5,128,91,0.7200480699539185,0.11152222007513046
13,5,128,92,0.8097186088562012,0.1709960401058197
13,5,128,93,0.5231152176856995,0.14984218776226044
13,5,128,94,0.7252066731452942,0.09235800802707672
13,5,128,95,0.741308331489563,0.09088509529829025
13,5,128,96,0.6386792659759521,0.0581594780087471
13,5,128,97,0.7241865396499634,0.18869511783123016
13,5,128,98,0.7072350382804871,0.07163208723068237
13,5,128,99,0.6771392822265625,0.26730531454086304
13,5,128,100,0.44151967763900757,0.1993260532617569
13,5,128,101,0.617667555809021,0.08494725823402405
13,5,128,102,0.7965443134307861,0.09143589437007904
13,5,128,103,0.5840469002723694,0.17106200754642487
13,5,128,104,0.7832261919975281,0.10824815928936005
13,5,128,105,0.658298671245575,0.18347065150737762
13,5,128,106,0.4697595238685608,0.16602511703968048
13,5,128,107,0.6546629071235657,0.17478466033935547
13,5,128,108,0.7271882891654968,0.18578869104385376
13,5,128,109,0.754158079624176,0.08626216650009155
13,5,128,110,0.682819128036499,0.3120969533920288
13,5,128,111,0.5380558967590332,0.08139969408512115
13,5,128,112,0.4115612804889679,0.19734278321266174
13,5,128,113,0.49294328689575195,0.1787761151790619
13,5,128,114,0.6552361845970154,0.10212260484695435
13,5,128,115,0.7519958019256592,0.09051180630922318
13,5,128,116,0.2921673655509949,0.09753120690584183
13,5,128,117,0.7932395935058594,0.13594011962413788
13,5,128,118,0.7579087018966675,0.13914209604263306
13,5,128,119,0.46440404653549194,0.09282804280519485
13,5,128,120,0.6278006434440613,0.03838859871029854
13,5,128,121,0.5613200664520264,0.24386495351791382
13,5,128,122,0.674659788608551,0.23161552846431732
13,5,128,123,0.5737131834030151,0.14688925445079803
13,5,128,124,0.34494614601135254,0.18722301721572876
13,5,128,125,0.5915915369987488,0.16190357506275177
13,5,128,126,0.6015303134918213,0.10076991468667984
13,5,128,127,0.5772100687026978,0.14523887634277344
14,0,32,0,0.5269296765327454,0.03436378389596939
14,0,32,1,0.6529021859169006,0.11430028825998306
14,0,32,2,0.4417089521884918,0.02870040573179722
14,0,32,3,0.4229595363140106,0.09413059800863266
14,0,32,4,0.517397403717041,0.08662372827529907
14,0,32,5,0.5137247443199158,0.06888094544410706
14,0,32,6,0.5170684456825256,0.08862684667110443
14,0,32,7,0.42700186371803284,0.1529661864042282
14,0,32,8,0.492220938205719,0.12811510264873505
14,0,32,9,0.35301753878593445,0.08460714668035507
14,0,32,10,0.49385616183280945,0.12515035271644592
14,0,32,11,0.3147961497306824,0.06129461154341698
14,0,32,12,0.3399859368801117,0.11749701201915741
14,0,32,13,0.5250840187072754,0.04204177483916283
14,0,32,14,0.5338516235351562,0.12403281033039093
14,0,32,15,0.3004691004753113,0.06622281670570374
14,0,32,16,0.42356348037719727,0.04647788405418396
14,0,32,17,0.41527095437049866,0.1402697116136551
14,0,32,18,0.5989713072776794,0.05511530488729477
14,0,32,19,0.5329117178916931,0.06622820347547531
14,0,32,20,0.5487090349197388,0.09506474435329437
14,0,32,21,0.48550084233283997,0.16141192615032196
14,0,32,22,0.5173441171646118,0.036295417696237564
14,0,32,23,0.4206445813179016,0.13886192440986633
14,0,32,24,0.6542566418647766,0.057712215930223465
14,0,32,25,0.4586001932621002,0.07286913692951202
14,0,32,26,0.5362709760665894,0.051681652665138245
14,0,32,27,0.5387439131736755,0.10482214391231537
14,0,32,28,0.49393802881240845,0.051614146679639816
14,0,32,29,0.4662829339504242,0.06434165686368942
14,0,32,30,0.4450991153717041,0.07438881695270538
14,0,32,31,0.4656656086444855,0.11419717967510223
14,1,32,0,0.4138994514942169,0.026637310162186623
14,1,32,1,0.4071432650089264,0.04432071000337601
14,1,32,2,0.4868706166744232,0.03158101439476013
14,1,32,3,0.3795495331287384,0.03976910933852196
14,1,32,4,0.31074923276901245,0.06691207736730576
14,1,32,5,0.5174595713615417,0.03704235702753067
14,1,32,6,0.592377781867981,0.007577439770102501
14,1,32,7,0.5521835088729858,0.04441942647099495
14,1,32,8,0.49689626693725586,0.06611503660678864
14,1,32,9,0.4240214228630066,0.04360372945666313
14,1,32,10,0.5618091225624084,0.038636770099401474
14,1,32,11,0.6965118050575256,0.059411440044641495
14,1,32,12,0.3804064691066742,0.05229368805885315
14,1,32,13,0.46881604194641113,0.04129888117313385
14,1,32,14,0.487271249294281,0.052589304745197296
14,1,32,15,0.48106399178504944,0.052785832434892654
14,1,32,16,0.4262664318084717,0.03307659178972244
14,1,32,17,0.6841723918914795,0.06244206055998802
14,1,32,18,0.5601682066917419,0.03317822143435478
14,1,32,19,0.5050579905509949,0.029589354991912842
14,1,32,20,0.40102219581604004,0.031695641577243805
14,1,32,21,0.5096815228462219,0.01352149061858654
14,1,32,22,0.36410224437713623,0.04334018751978874
14,1,32,23,0.5763522982597351,0.046554263681173325
14,1,32,24,0.3879818916320801,0.01942620985209942
14,1,32,25,0.3650802969932556,0.0709785744547844
14,1,32,26,0.46427956223487854,0.02394934743642807
14,1,32,27,0.4227141737937927,0.01865098997950554
14,1,32,28,0.5524225234985352,0.04315387085080147
14,1,32,29,0.4858773648738861,0.02885947749018669
14,1,32,30,0.4441543221473694,0.07672066986560822
14,1,32,31,0.42383477091789246,0.026087969541549683
14,2,64,0,0.48329779505729675,0.16868259012699127
14,2,64,1,0.4130401015281677,0.05323474854230881
14,2,64,2,0.5278933644294739,0.13070429861545563
14,2,64,3,0.6240401864051819,0.11925309896469116
14,2,64,4,0.44592300057411194,0.15791048109531403
14,2,64,5,0.48017922043800354,0.15081442892551422
14,2,64,6,0.536483883857727,0.14703169465065002
14,2,64,7,0.5828076601028442,0.19661447405815125
14,2,64,8,0.3766533136367798,0.12108352780342102
14,2,64,9,0.43918654322624207,0.20495836436748505
14,2,64,10,0.4994123578071594,0.2146659791469574
14,2,64,11,0.5623260140419006,0.10649572312831879
14,2,64,12,0.41954463720321655,0.06547514349222183
14,2,64,13,0.44499027729034424,0.17636077105998993
14,2,64,14,0.564735472202301,0.07941282540559769
14,2,64,15,0.6347059011459351,0.1842518448829651
14,2,64,16,0.5830987095832825,0.13725465536117554
14,2,64,17,0.6131333708763123,0.12014128267765045
14,2,64,18,0.4614000618457794,0.13480481505393982
14,2,64,19,0.49219757318496704,0.13421012461185455
14,2,64,20,0.4800499379634857,0.1708722859621048
14,2,64,21,0.563982367515564,0.04550081118941307
14,2,64,22,0.4519821107387543,0.126739963889122
14,2,64,23,0.5827432870864868,0.22362670302391052
14,2,64,24,0.5067707896232605,0.14013200998306274
14,2,64,25,0.5864094495773315,0.12390490621328354
14,2,64,26,0.4299051761627197,0.09057551622390747
14,2,64,27,0.5046234726905823,0.14387519657611847
14,2,64,28,0.45908448100090027,0.14839519560337067
14,2,64,29,0.5629454851150513,0.1546560674905777
14,2,64,30,0.5763918161392212,0.1212601363658905
14,2,64,31,0.5570146441459656,0.15545840561389923
14,2,64,32,0.5172992944717407,0.11967311054468155
14,2,64,33,0.4719674289226532,0.06513307988643646
14,2,64,34,0.3544481694698334,0.16421723365783691
14,2,64,35,0.47785183787345886,0.17229574918746948
14,2,64,36,0.46397900581359863,0.07054257392883301
14,2,64,37,0.5285444259643555,0.08218169212341309
14,2,64,38,0.47149166464805603,0.07668814808130264
14,2,64,39,0.5609298348426819,0.19815807044506073
14,2,64,40,0.4381498396396637,0.18717069923877716
14,2,64,41,0.47773638367652893,0.10916592925786972
14,2,64,42,0.43531280755996704,0.13072659075260162
14,2,64,43,0.4567970037460327,0.1615644097328186
14,2,64,44,0.5343520045280457,0.201218381524086
14,2,64,45,0.4780738353729248,0.06784923374652863
14,2,64,46,0.3906148374080658,0.07622437179088593
14,2,64,47,0.45868179202079773,0.11747606098651886
14,2,64,48,0.42095959186553955,0.17204448580741882
14,2,64,49,0.5363444685935974,0.14573965966701508
14,2,64,50,0.3936181962490082,0.20326833426952362
14,2,64,51,0.5037857890129089,0.15960121154785156
14,2,64,52,0.4969104528427124,0.17400960624217987
14,2,64,53,0.4720584452152252,0.15240205824375153
14,2,64,54,0.3950801193714142,0.17104558646678925
14,2,64,55,0.5278830528259277,0.11912012845277786
14,2,64,56,0.51280677318573,0.16972345113754272
14,2,64,57,0.4080737233161926,0.1971152275800705
14,2,64,58,0.27766478061676025,0.10607749223709106
14,2,64,59,0.39256590604782104,0.1316032111644745
14,2,64,60,0.5220996737480164,0.193520188331604
14,2,64,61,0.41316574811935425,0.14353616535663605
14,2,64,62,0.4579196572303772,0.13065209984779358
14,2,64,63,0.5377914905548096,0.13832786679267883
14,3,64,0,0.27796614170074463,0.21786920726299286
14,3,64,1,0.3720640242099762,0.1649874597787857
14,3,64,2,0.5388761758804321,0.10727033019065857
14,3,64,3,0.7314776182174683,0.09786464273929596
14,3,64,4,0.7036688923835754,0.0711117684841156
14,3,64,5,0.6737865209579468,0.08733949065208435
14,3,64,6,0.4969507157802582,0.08391289412975311
14,3,64,7,0.6344038844108582,0.22534595429897308
14,3,64,8,0.6948956251144409,0.23772339522838593
14,3,64,9,0.6331866979598999,0.09131047874689102
14,3,64,10,0.3001863956451416,0.11146900057792664
14,3,64,11,0.34289276599884033,0.08279047161340714
14,3,64,12,0.6815786361694336,0.1902516782283783
14,3,64,13,0.30015894770622253,0.14360252022743225
14,3,64,14,0.32674461603164673,0.22675471007823944
14,3,64,15,0.6887260675430298,0.20127062499523163
14,3,64,16,0.5452805757522583,0.06722333282232285
14,3,64,17,0.4790947437286377,0.2980121374130249
14,3,64,18,0.5244914889335632,0.11425486207008362
14,3,64,19,0.5507723689079285,0.07635754346847534
14,3,64,20,0.4580240249633789,0.2701014578342438
14,3,64,21,0.5169320702552795,0.15230916440486908
14,3,64,22,0.5350348353385925,0.18176551163196564
14,3,64,23,0.4270747900009155,0.07890168577432632
14,3,64,24,0.5872105956077576,0.15641452372074127
14,3,64,25,0.6731217503547668,0.10635700076818466
14,3,64,26,0.2387159913778305,0.13569049537181854
14,3,64,27,0.7284872531890869,0.13445879518985748
14,3,64,28,0.6768506765365601,0.09745542705059052
14,3,64,29,0.6850314140319824,0.2635643184185028
14,3,64,30,0.4841914474964142,0.07834183424711227
14,3,64,31,0.5592256188392639,0.13353411853313446
14,3,64,32,0.5380894541740417,0.059902988374233246
14,3,64,33,0.3457600176334381,0.11485273391008377
14,3,64,34,0.6774957180023193,0.09589705616235733
14,3,64,35,0.4496447443962097,0.12809807062149048
14,3,64,36,0.3716142773628235,0.26109763979911804
14,3,64,37,0.5293686389923096,0.22129805386066437
14,3,64,38,0.3002951145172119,0.13607719540596008
14,3,64,39,0.4658808410167694,0.07251222431659698
14,3,64,40,0.5294774770736694,0.17397168278694153
14,3,64,41,0.2688661515712738,0.11376073211431503
14,3,64,42,0.34914034605026245,0.24124827980995178
14,3,64,43,0.68076092004776,0.16252495348453522
14,3,64,44,0.4977089762687683,0.2146308869123459
14,3,64,45,0.49140018224716187,0.16074323654174805
14,3,64,46,0.5306081771850586,0.14582443237304688
14,3,64,47,0.3814339339733124,0.12413429468870163
14,3,64,48,0.4539714455604553,0.08145028352737427
14,3,64,49,0.36184990406036377,0.1639253944158554
14,3,64,50,0.6944725513458252,0.12105105817317963
14,3,64,51,0.37698814272880554,0.15598003566265106
14,3,64,52,0.5861567258834839,0.12854284048080444
14,3,64,53,0.5601063370704651,0.22403718531131744
14,3,64,54,0.8029069900512695,0.09161460399627686
14,3,64,55,0.5762626528739929,0.11790479719638824
14,3,64,56,0.572533130645752,0.15550000965595245
14,3,64,57,0.4098852872848511,0.15919412672519684
14,3,64,58,0.30716514587402344,0.14259089529514313
14,3,64,59,0.45991337299346924,0.136300727725029
14,3,64,60,0.5153847932815552,0.18817904591560364
14,3,64,61,0.5289292335510254,0.11960630118846893
14,3,64,62,0.4037211239337921,0.23892252147197723
14,3,64,63,0.21922457218170166,0.09164474159479141
14,4,128,0,0.6160364151000977,0.09688540548086166
14,4,128,1,0.3822707533836365,0.20253227651119232
14,4,128,2,0.7729209661483765,0.18572260439395905
14,4,128,3,0.4420735538005829,0.19810453057289124
14,4,128,4,0.5583561658859253,0.07473110407590866
14,4,128,5,0.6683641076087952,0.13259537518024445
14,4,128,6,0.675222635269165,0.28846418857574463
14,4,128,7,0.49189531803131104,0.057846345007419586
14,4,128,8,0.747976541519165,0.10341017693281174
14,4,128,9,0.5352312922477722,0.10679862648248672
14,4,128,10,0.42325907945632935,0.06545312702655792
14,4,128,11,0.6574687957763672,0.1684170961380005
14,4,128,12,0.4415227174758911,0.09053821116685867
14,4,128,13,0.5621870756149292,0.20096105337142944
14,4,128,14,0.1848822683095932,0.17180050909519196
14,4,128,15,0.3434455990791321,0.23254039883613586
14,4,128,16,0.4931509494781494,0.11658423393964767
14,4,128,17,0.6608492136001587,0.31488677859306335
14,4,128,18,0.36073121428489685,0.2516569197177887
14,4,128,19,0.6922560334205627,0.08020585030317307
14,4,128,20,0.5229084491729736,0.10629766434431076
14,4,128,21,0.4272940456867218,0.15079881250858307
14,4,128,22,0.3053370416164398,0.1736396700143814
14,4,128,23,0.5243963003158569,0.2149452120065689
14,4,128,24,0.3940320909023285,0.11301376670598984
14,4,128,25,0.8031731247901917,0.08560921251773834
14,4,128,26,0.378761351108551,0.07459348440170288
14,4,128,27,0.4815919101238251,0.12393920123577118
14,4,128,28,0.47695115208625793,0.15427139401435852
14,4,128,29,0.6125962138175964,0.27700451016426086
14,4,128,30,0.5923277139663696,0.19875158369541168
14,4,128,31,0.3854382038116455,0.07746560871601105
14,4,128,32,0.33461740612983704,0.2797470688819885
14,4,128,33,0.292703241109848,0.10961421579122543
14,4,128,34,0.2840808033943176,0.10899575054645538
14,4,128,35,0.4156588912010193,0.15973061323165894
14,4,128,36,0.28147828578948975,0.2501884698867798
14,4,128,37,0.7484220862388611,0.09899446368217468
14,4,128,38,0.6395482420921326,0.32437971234321594
14,4,128,39,0.23870667815208435,0.24198396503925323
14,4,128,40,0.6605706214904785,0.0957605317234993
14,4,128,41,0.7308803796768188,0.15166376531124115
14,4,128,42,0.7137530446052551,0.1547742336988449
14,4,128,43,0.5185032486915588,0.11426328867673874
14,4,128,44,0.5783240795135498,0.11262170225381851
14,4,128,45,0.3950211703777313,0.17314951121807098
14,4,128,46,0.4080294370651245,0.24693740904331207
14,4,128,47,0.4382527470588684,0.17529933154582977
14,4,128,48,0.7152890563011169,0.27893173694610596
14,4,128,49,0.6604012250900269,0.10913993418216705
14,4,128,50,0.4247550368309021,0.22800937294960022
14,4,128,51,0.6396778225898743,0.10260222107172012
14,4,128,52,0.5311477184295654,0.12099536508321762
14,4,128,53,0.7468916177749634,0.22095219790935516
14,4,128,54,0.44938406348228455,0.06597834080457687
14,4,128,55,0.734165608882904,0.20398613810539246
14,4,128,56,0.6975476741790771,0.32740241289138794
14,4,128,57,0.5593939423561096,0.10227490216493607
14,4,128,58,0.5648149847984314,0.0551140233874321
14,4,128,59,0.6815783381462097,0.23155847191810608
14,4,128,60,0.8490431308746338,0.0991440936923027
14,4,128,61,0.7153664231300354,0.20509858429431915
14,4,128,62,0.7560704350471497,0.20347271859645844
14,4,128,63,0.7108488082885742,0.27611032128334045
14,4,128,64,0.6679567098617554,0.2730520963668823
14,4,128,65,0.6814864277839661,0.29800379276275635
14,4,128,66,0.8214285373687744,0.0861453041434288
14,4,128,67,0.7918198704719543,0.14358089864253998
14,4,128,68,0.677881121635437,0.17143408954143524
14,4,128,69,0.6010874509811401,0.0846480056643486
14,4,128,70,0.6265426278114319,0.2519042193889618
14,4,128,71,0.37972307205200195,0.08487734943628311
14,4,128,72,0.8285201787948608,0.13611339032649994
14,4,128,73,0.33460918068885803,0.12490212917327881
14,4,128,74,0.34647536277770996,0.21139708161354065
14,4,128,75,0.685278058052063,0.12722264230251312
14,4,128,76,0.3388756811618805,0.26057103276252747
14,4,128,77,0.5819661021232605,0.2771066129207611
14,4,128,78,0.5337693095207214,0.13793186843395233
14,4,128,79,0.5779507160186768,0.09448574483394623
14,4,128,80,0.790783703327179,0.14537294209003448
14,4,128,81,0.31299328804016113,0.2658383250236511
14,4,128,82,0.30116158723831177,0.26445651054382324
14,4,128,83,0.6219996809959412,0.14312481880187988
14,4,128,84,0.610030472278595,0.1602928340435028
14,4,128,85,0.5197665095329285,0.07645727694034576
14,4,128,86,0.5415422916412354,0.07030662894248962
14,4,128,87,0.5506399869918823,0.17825938761234283
14,4,128,88,0.27913057804107666,0.24658820033073425
14,4,128,89,0.3284545838832855,0.19219659268856049
14,4,128,90,0.6507404446601868,0.30728137493133545
14,4,128,91,0.6430483460426331,0.06577985733747482
14,4,128,92,0.4797329306602478,0.1556210070848465
14,4,128,93,0.7207077145576477,0.1945597529411316
14,4,128,94,0.3974902331829071,0.2669433355331421
14,4,128,95,0.2557924687862396,0.26331111788749695
14,4,128,96,0.7139856219291687,0.15378828346729279
14,4,128,97,0.39987626671791077,0.253054678440094
14,4,128,98,0.8448510766029358,0.11477754265069962
14,4,128,99,0.7530297040939331,0.2195148766040802
14,4,128,100,0.45289847254753113,0.13923372328281403
14,4,128,101,0.6146090030670166,0.2087002843618393
14,4,128,102,0.38887423276901245,0.19177144765853882
14,4,128,103,0.7193809747695923,0.18079215288162231
14,4,128,104,0.6173022985458374,0.07852169871330261
14,4,128,105,0.7659137845039368,0.23056155443191528
14,4,128,106,0.7264631390571594,0.25081849098205566
14,4,128,107,0.7074059844017029,0.11807442456483841
14,4,128,108,0.23056134581565857,0.160147562623024
14,4,128,109,0.4095543622970581,0.21610027551651
14,4,128,110,0.480277419090271,0.22867131233215332
14,4,128,111,0.7170718908309937,0.22270669043064117
14,4,128,112,0.32669463753700256,0.12824641168117523
14,4,128,113,0.5751401782035828,0.23638732731342316
14,4,128,114,0.5017357468605042,0.21409639716148376
14,4,128,115,0.3389064073562622,0.17817507684230804
14,4,128,116,0.6778292655944824,0.2368384599685669
14,4,128,117,0.7560699582099915,0.1453123241662979
14,4,128,118,0.43721508979797363,0.10146909952163696
14,4,128,119,0.6581763625144958,0.10790446400642395
14,4,128,120,0.767662763595581,0.20392602682113647
14,4,128,121,0.707824170589447,0.2354990541934967
14,4,128,122,0.5661554336547852,0.09761923551559448
14,4,128,123,0.5358983874320984,0.1680101901292801
14,4,128,124,0.5336450338363647,0.08164150267839432
14,4,128,125,0.7053146958351135,0.1477087438106537
14,4,128,126,0.31988343596458435,0.2079116404056549
14,4,128,127,0.6231352090835571,0.04250471666455269
14,5,128,0,0.5577908158302307,0.12575627863407135
14,5,128,1,0.4376707077026367,0.14667768776416779
14,5,128,2,0.7774671316146851,0.17204926908016205
14,5,128,3,0.4998907744884491,0.09300442039966583
14,5,128,4,0.8296352028846741,0.13445734977722168
14,5,128,5,0.47497236728668213,0.1958378255367279
14,5,128,6,0.7246473431587219,0.20112280547618866
14,5,128,7,0.6388967633247375,0.17568810284137726
14,5,128,8,0.8066134452819824,0.13639496266841888
14,5,128,9,0.5260647535324097,0.05763530358672142
14,5,128,10,0.4415037930011749,0.12653318047523499
14,5,128,11,0.6902031898498535,0.19735600054264069
14,5,128,12,0.605806827545166,0.09266696870326996
14,5,128,13,0.8149067759513855,0.08688517659902573
14,5,128,14,0.563961386680603,0.11718591302633286
14,5,128,15,0.3866656720638275,0.22590497136116028
14,5,128,16,0.5871747732162476,0.050691645592451096
14,5,128,17,0.6975240707397461,0.1411856859922409
14,5,128,18,0.4540439546108246,0.048698633909225464
14,5,128,19,0.8054233193397522,0.12169031798839569
14,5,128,20,0.7947032451629639,0.12038839608430862
14,5,128,21,0.7524833083152771,0.17202246189117432
14,5,128,22,0.3512304723262787,0.20480617880821228
14,5,128,23,0.5416229367256165,0.07132329791784286
14,5,128,24,0.5178637504577637,0.17324019968509674
14,5,128,25,0.8075553774833679,0.0993090569972992
14,5,128,26,0.47188377380371094,0.03882129490375519
14,5,128,27,0.4983198940753937,0.0652528703212738
14,5,128,28,0.7486194968223572,0.17284254729747772
14,5,128,29,0.8053964376449585,0.14232845604419708
14,5,128,30,0.5458120703697205,0.060039885342121124
14,5,128,31,0.49265938997268677,0.08135318756103516
14,5,128,32,0.5928824543952942,0.14560171961784363
14,5,128,33,0.7543634176254272,0.07883945852518082
14,5,128,34,0.20838859677314758,0.2001040130853653
14,5,128,35,0.708177387714386,0.07300760596990585
14,5,128,36,0.5438473224639893,0.1154811680316925
14,5,128,37,0.8010092973709106,0.15818648040294647
14,5,128,38,0.7812007069587708,0.21229951083660126
14,5,128,39,0.6342675685882568,0.056047916412353516
14,5,128,40,0.5404886603355408,0.09474121779203415
14,5,128,41,0.8194729089736938,0.15628193318843842
14,5,128,42,0.7485907077789307,0.2452825903892517
14,5,128,43,0.2849287688732147,0.1516236960887909
14,5,128,44,0.809566855430603,0.13176409900188446
14,5,128,45,0.740283191204071,0.12293071299791336
14,5,128,46,0.6589742302894592,0.24230173230171204
14,5,128,47,0.699306070804596,0.1283361166715622
14,5,128,48,0.7709968686103821,0.2174583524465561
14,5,128,49,0.7880423665046692,0.10860738903284073
14,5,128,50,0.5558214783668518,0.10697467625141144
14,5,128,51,0.3883649706840515,0.13856340944766998
14,5,128,52,0.778303325176239,0.11898813396692276
14,5,128,53,0.7691850662231445,0.13809210062026978
14,5,128,54,0.5814074277877808,0.1755724847316742
14,5,128,55,0.8018102049827576,0.11946474760770798
14,5,128,56,0.7059014439582825,0.13705985248088837
14,5,128,57,0.7111503481864929,0.21955564618110657
14,5,128,58,0.6903899908065796,0.1568298488855362
14,5,128,59,0.7870311141014099,0.13967791199684143
14,5,128,60,0.7540472149848938,0.16627836227416992
14,5,128,61,0.7979613542556763,0.08948121964931488
14,5,128,62,0.7746592164039612,0.17599916458129883
14,5,128,63,0.722081184387207,0.2071562260389328
14,5,128,64,0.8554682731628418,0.11642863601446152
14,5,128,65,0.7192424535751343,0.23467403650283813
14,5,128,66,0.7507451176643372,0.10695011913776398
14,5,128,67,0.39101484417915344,0.14954456686973572
14,5,128,68,0.7802749276161194,0.229551762342453
14,5,128,69,0.643092930316925,0.06519005447626114
14,5,128,70,0.36132362484931946,0.1127755269408226
14,5,128,71,0.40694066882133484,0.23651783168315887
14,5,128,72,0.7795635461807251,0.15934574604034424
14,5,128,73,0.8323381543159485,0.0758085548877716
14,5,128,74,0.536823034286499,0.13860447704792023
14,5,128,75,0.738671064376831,0.11422380805015564
14,5,128,76,0.47451072931289673,0.1064392551779747
14,5,128,77,0.2998253405094147,0.11114493757486343
14,5,128,78,0.7529813647270203,0.1836589276790619
14,5,128,79,0.7271650433540344,0.2030595988035202
14,5,128,80,0.824241578578949,0.1207132488489151
14,5,128,81,0.5157763957977295,0.05826769024133682
14,5,128,82,0.2803467810153961,0.07212620973587036
14,5,128,83,0.25821372866630554,0.17965780198574066
14,5,128,84,0.6255636215209961,0.11029573529958725
14,5,128,85,0.3795925974845886,0.24717092514038086
14,5,128,86,0.3659505844116211,0.13113681972026825
14,5,128,87,0.8027773499488831,0.12565596401691437
14,5,128,88,0.5795616507530212,0.12387523055076599
14,5,128,89,0.5664098262786865,0.06972255557775497
14,5,128,90,0.7382038831710815,0.2084098756313324
14,5,128,91,0.6449801325798035,0.13844189047813416
14,5,128,92,0.6524497270584106,0.0554739385843277
14,5,128,93,0.6017508506774902,0.06251288205385208
14,5,128,94,0.5533766746520996,0.08060552924871445
14,5,128,95,0.811767041683197,0.13155585527420044
14,5,128,96,0.8001587986946106,0.16170617938041687
14,5,128,97,0.3822699189186096,0.12543852627277374
14,5,128,98,0.6709117293357849,0.12872441112995148
14,5,128,99,0.7730283141136169,0.20339930057525635
14,5,128,100,0.6269016861915588,0.05550924688577652
14,5,128,101,0.39808037877082825,0.09864584356546402
14,5,128,102,0.33452337980270386,0.11272575706243515
14,5,128,103,0.7187544703483582,0.15972232818603516
14,5,128,104,0.6387568712234497,0.07120615243911743
14,5,128,105,0.7690762281417847,0.19697178900241852
14,5,128,106,0.7361626625061035,0.10199922323226929
14,5,128,107,0.7668951749801636,0.12326277792453766
14,5,128,108,0.7927815318107605,0.15543636679649353
14,5,128,109,0.465516597032547,0.10630163550376892
14,5,128,110,0.5470713973045349,0.1655917912721634
14,5,128,111,0.7030361890792847,0.15439122915267944
14,5,128,112,0.7378731369972229,0.2551703453063965
14,5,128,113,0.5143536329269409,0.11437538266181946
14,5,128,114,0.7684547305107117,0.16841448843479156
14,5,128,115,0.45087677240371704,0.06039150059223175
14,5,128,116,0.757159411907196,0.1304146647453308
14,5,128,117,0.7742388248443604,0.12660078704357147
14,5,128,118,0.44615867733955383,0.04551703482866287
14,5,128,119,0.28722479939460754,0.13736361265182495
14,5,128,120,0.8051784634590149,0.1564563661813736
14,5,128,121,0.821624219417572,0.11490008234977722
14,5,128,122,0.6451573371887207,0.11814931035041809
14,5,128,123,0.4622146189212799,0.17990314960479736
14,5,128,124,0.7928809523582458,0.0955631360411644
14,5,128,125,0.4532015025615692,0.06327511370182037
14,5,128,126,0.524908185005188,0.051992736756801605
14,5,128,127,0.3970423936843872,0.2418961524963379
15,0,32,0,0.35401496291160583,0.056854527443647385
15,0,32,1,0.37280359864234924,0.044144466519355774
15,0,32,2,0.5861490964889526,0.07135365903377533
15,0,32,3,0.3977433145046234,0.08058996498584747
15,0,32,4,0.42228057980537415,0.10963810235261917
15,0,32,5,0.4056359827518463,0.10100439935922623
15,0,32,6,0.543461799621582,0.06667420268058777
15,0,32,7,0.401885986328125,0.08401259779930115
15,0,32,8,0.35261979699134827,0.03905807062983513
15,0,32,9,0.4475266635417938,0.08921653777360916
15,0,32,10,0.5344626903533936,0.04530738294124603
15,0,32,11,0.35604095458984375,0.07387343794107437
15,0,32,12,0.5897685289382935,0.04106801375746727
15,0,32,13,0.4833909869194031,0.030588466674089432
15,0,32,14,0.6193962693214417,0.062100544571876526
15,0,32,15,0.4418497085571289,0.07243134081363678
15,0,32,16,0.4800962805747986,0.06512285768985748
15,0,32,17,0.564109206199646,0.08123001456260681
15,0,32,18,0.5114365816116333,0.09334652125835419
15,0,32,19,0.5329610109329224,0.03347921743988991
15,0,32,20,0.49733060598373413,0.08587104827165604
15,0,32,21,0.5755624771118164,0.06752897053956985
15,0,32,22,0.4119526743888855,0.04832157865166664
15,0,32,23,0.3730987012386322,0.037667278200387955
15,0,32,24,0.4360143542289734,0.08551253378391266
15,0,32,25,0.4879479706287384,0.024764282628893852
15,0,32,26,0.532850444316864,0.0321664959192276
15,0,32,27,0.42433521151542664,0.08039437234401703
15,0,32,28,0.44251498579978943,0.09311141073703766
15,0,32,29,0.6124626398086548,0.03263931721448898
15,0,32,30,0.5399953126907349,0.03141146898269653
15,0,32,31,0.39572152495384216,0.05602032691240311
15,1,32,0,0.44168251752853394,0.10617896914482117
15,1,32,1,0.4594443440437317,0.07668425142765045
15,1,32,2,0.40554991364479065,0.054185301065444946
15,1,32,3,0.4932418167591095,0.04959743469953537
15,1,32,4,0.44653379917144775,0.1155000850558281
15,1,32,5,0.577934980392456,0.08438462764024734
15,1,32,6,0.5809692740440369,0.11392588168382645
15,1,32,7,0.49983811378479004,0.09719657897949219
15,1,32,8,0.5334650278091431,0.05774340406060219
15,1,32,9,0.3936302661895752,0.093229740858078
15,1,32,10,0.4067993462085724,0.06195099651813507
15,1,32,11,0.6146384477615356,0.04867466539144516
15,1,32,12,0.4729171097278595,0.09306100755929947
15,1,32,13,0.4199724495410919,0.06823784857988358
15,1,32,14,0.6100201606750488,0.08599048852920532
15,1,32,15,0.32276999950408936,0.05737107992172241
15,1,32,16,0.5031080842018127,0.0432901568710804
15,1,32,17,0.4869849979877472,0.13684438169002533
15,1,32,18,0.49545928835868835,0.08465678244829178
15,1,32,19,0.4066091477870941,0.054941389709711075
15,1,32,20,0.39757370948791504,0.05543822422623634
15,1,32,21,0.6211161017417908,0.06415443122386932
15,1,32,22,0.47876471281051636,0.07708799839019775
15,1,32,23,0.44282737374305725,0.1339435577392578
15,1,32,24,0.5928202271461487,0.023601340129971504
15,1,32,25,0.670476496219635,0.06134703755378723
15,1,32,26,0.5285820960998535,0.051565054804086685
15,1,32,27,0.49476948380470276,0.0816938728094101
15,1,32,28,0.480010986328125,0.11688809841871262
15,1,32,29,0.4723520278930664,0.07065150886774063
15,1,32,30,0.6020370125770569,0.12828147411346436
15,1,32,31,0.5562552809715271,0.09594197571277618
15,2,64,0,0.44316375255584717,0.08277974277734756
15,2,64,1,0.5311253070831299,0.10936727374792099
15,2,64,2,0.5702576637268066,0.09915369749069214
15,2,64,3,0.5816448330879211,0.13466918468475342
15,2,64,4,0.5705114603042603,0.1091446653008461
15,2,64,5,0.4399030804634094,0.1309465765953064
15,2,64,6,0.5148783326148987,0.13551369309425354
15,2,64,7,0.5808286070823669,0.10424450784921646
15,2,64,8,0.3799683749675751,0.10220256447792053
15,2,64,9,0.6510767340660095,0.058880966156721115
15,2,64,10,0.5512858629226685,0.09880924224853516
15,2,64,11,0.5276074409484863,0.06624950468540192
15,2,64,12,0.576972484588623,0.08648446202278137
15,2,64,13,0.5885355472564697,0.059708982706069946
15,2,64,14,0.5508833527565002,0.1340314745903015
15,2,64,15,0.6128585934638977,0.12099118530750275
15,2,64,16,0.52978515625,0.08377523720264435
15,2,64,17,0.39213061332702637,0.10787133872509003
15,2,64,18,0.5445443987846375,0.13153280317783356
15,2,64,19,0.514829158782959,0.1091972067952156
15,2,64,20,0.5348004698753357,0.05420635640621185
15,2,64,21,0.4714522659778595,0.09198427200317383
15,2,64,22,0.497254878282547,0.09112243354320526
15,2,64,23,0.4233610928058624,0.08194650709629059
15,2,64,24,0.6226601600646973,0.050233736634254456
15,2,64,25,0.4389570355415344,0.06612727046012878
15,2,64,26,0.3780951201915741,0.05604925751686096
15,2,64,27,0.5851290822029114,0.11473803222179413
15,2,64,28,0.5899550318717957,0.14815029501914978
15,2,64,29,0.43620580434799194,0.14522366225719452
15,2,64,30,0.4397932291030884,0.09288780391216278
15,2,64,31,0.3998984396457672,0.06477338820695877
15,2,64,32,0.4526333212852478,0.06432230025529861
15,2,64,33,0.4977966248989105,0.19635340571403503
15,2,64,34,0.39782285690307617,0.08926961570978165
15,2,64,35,0.5249507427215576,0.10192877054214478
15,2,64,36,0.5625916123390198,0.04689682647585869
15,2,64,37,0.4468851685523987,0.09870067983865738
15,2,64,38,0.46228477358818054,0.05112284794449806
15,2,64,39,0.40235865116119385,0.14574593305587769
15,2,64,40,0.40540605783462524,0.14477577805519104
15,2,64,41,0.5557961463928223,0.08118440210819244
15,2,64,42,0.38322463631629944,0.07078827917575836
15,2,64,43,0.5066442489624023,0.09471923112869263
15,2,64,44,0.4512985944747925,0.12535996735095978
15,2,64,45,0.449667751789093,0.06034812703728676
15,2,64,46,0.38369375467300415,0.053941503167152405
15,2,64,47,0.38653403520584106,0.07055434584617615
15,2,64,48,0.5425752997398376,0.18558338284492493
15,2,64,49,0.3746400475502014,0.06726882606744766
15,2,64,50,0.4127568304538727,0.100807785987854
15,2,64,51,0.4160773754119873,0.10408838093280792
15,2,64,52,0.442196249961853,0.18837139010429382
15,2,64,53,0.598244309425354,0.09760185331106186
15,2,64,54,0.49811697006225586,0.20890457928180695
15,2,64,55,0.5003608465194702,0.06530340015888214
15,2,64,56,0.3422429859638214,0.08362358063459396
15,2,64,57,0.36799106001853943,0.07784689962863922
15,2,64,58,0.5129193067550659,0.05418926477432251
15,2,64,59,0.4404868185520172,0.1283082664012909
15,2,64,60,0.49630656838417053,0.04474981874227524
15,2,64,61,0.47078171372413635,0.0956147164106369
15,2,64,62,0.4600142538547516,0.07038182765245438
15,2,64,63,0.4833371043205261,0.12779462337493896
15,3,64,0,0.5257989168167114,0.057554714381694794
15,3,64,1,0.5030438303947449,0.1397867500782013
15,3,64,2,0.6647782325744629,0.08030164241790771
15,3,64,3,0.6113569140434265,0.11897340416908264
15,3,64,4,0.5409623980522156,0.07523685693740845
15,3,64,5,0.579013466835022,0.24940171837806702
15,3,64,6,0.6631274819374084,0.09518499672412872
15,3,64,7,0.6812017560005188,0.10653822124004364
15,3,64,8,0.5209177732467651,0.07728699594736099
15,3,64,9,0.35970351099967957,0.17639848589897156
15,3,64,10,0.5341570973396301,0.21696098148822784
15,3,64,11,0.6225829720497131,0.0673191174864769
15,3,64,12,0.6218295693397522,0.1744445115327835
15,3,64,13,0.3960598409175873,0.1306307464838028
15,3,64,14,0.5170254111289978,0.22252900898456573
15,3,64,15,0.47189560532569885,0.19305060803890228
15,3,64,16,0.6211667656898499,0.24310097098350525
15,3,64,17,0.38641589879989624,0.16287826001644135
15,3,64,18,0.6754277348518372,0.06921250373125076
15,3,64,19,0.6051883101463318,0.16093143820762634
15,3,64,20,0.5990492105484009,0.1545880138874054
15,3,64,21,0.38317421078681946,0.08945627510547638
15,3,64,22,0.49175330996513367,0.15228299796581268
15,3,64,23,0.5986867547035217,0.09269433468580246
15,3,64,24,0.3962237536907196,0.0747452899813652
15,3,64,25,0.46670201420783997,0.08254051208496094
15,3,64,26,0.7226497530937195,0.08976472914218903
15,3,64,27,0.6507633924484253,0.2448389232158661
15,3,64,28,0.6863818764686584,0.09668385237455368
15,3,64,29,0.31736984848976135,0.10910210758447647
15,3,64,30,0.5275730490684509,0.10123542696237564
15,3,64,31,0.6587036848068237,0.08664895594120026
15,3,64,32,0.6059560775756836,0.192149817943573
15,3,64,33,0.7233659625053406,0.0943828746676445
15,3,64,34,0.4580194652080536,0.15251384675502777
15,3,64,35,0.5183882117271423,0.10947390645742416
15,3,64,36,0.3577699065208435,0.07608612626791
15,3,64,37,0.5006669163703918,0.09831412881612778
15,3,64,38,0.3085581660270691,0.11649208515882492
15,3,64,39,0.5656166672706604,0.2646799385547638
15,3,64,40,0.42650938034057617,0.08589670062065125
15,3,64,41,0.5224300026893616,0.1380230039358139
15,3,64,42,0.5853541493415833,0.13194482028484344
15,3,64,43,0.39625284075737,0.0945085659623146
15,3,64,44,0.56280916929245,0.12428991496562958
15,3,64,45,0.23861248791217804,0.1051919236779213
15,3,64,46,0.5980830192565918,0.089324451982975
15,3,64,47,0.47438758611679077,0.10679031908512115
15,3,64,48,0.6027545928955078,0.22122101485729218
15,3,64,49,0.45001840591430664,0.1421789526939392
15,3,64,50,0.6818020343780518,0.09631746262311935
15,3,64,51,0.3681787848472595,0.13783575594425201
15,3,64,52,0.42209592461586,0.182319775223732
15,3,64,53,0.7448075413703918,0.09590224176645279
15,3,64,54,0.5855668783187866,0.0894518569111824
15,3,64,55,0.3698946237564087,0.2264888733625412
15,3,64,56,0.38816311955451965,0.16974128782749176
15,3,64,57,0.4002440273761749,0.10278316587209702
15,3,64,58,0.47021904587745667,0.18305160105228424
15,3,64,59,0.4902171790599823,0.07699736207723618
15,3,64,60,0.4378940165042877,0.1169542670249939
15,3,64,61,0.4167378544807434,0.09501384198665619
15,3,64,62,0.4329429864883423,0.08324974775314331
15,3,64,63,0.5745310187339783,0.06831473857164383
15,4,128,0,0.6380099654197693,0.23935142159461975
15,4,128,1,0.774724543094635,0.2061772346496582
15,4,128,2,0.48541760444641113,0.05689861997961998
15,4,128,3,0.35267582535743713,0.3307182490825653
15,4,128,4,0.8246220350265503,0.12548722326755524
15,4,128,5,0.6812400817871094,0.3546527922153473
15,4,128,6,0.6474174857139587,0.35215896368026733
15,4,128,7,0.8345901966094971,0.1479984074831009
15,4,128,8,0.6247612237930298,0.11682947725057602
15,4,128,9,0.33295413851737976,0.23468486964702606
15,4,128,10,0.5565987825393677,0.20050010085105896
15,4,128,11,0.29141125082969666,0.07809922844171524
15,4,128,12,0.7553902864456177,0.07099010795354843
15,4,128,13,0.4433267116546631,0.21553565561771393
15,4,128,14,0.403913289308548,0.11103734374046326
15,4,128,15,0.604912519454956,0.056686386466026306
15,4,128,16,0.7994430661201477,0.18682073056697845
15,4,128,17,0.64433354139328,0.39319372177124023
15,4,128,18,0.7161980867385864,0.24279262125492096
15,4,128,19,0.42946216464042664,0.12320571392774582
15,4,128,20,0.3106166124343872,0.22809019684791565
15,4,128,21,0.6020548343658447,0.10605663806200027
15,4,128,22,0.5454382300376892,0.08686178922653198
15,4,128,23,0.38294219970703125,0.10366803407669067
15,4,128,24,0.6908208727836609,0.08624009788036346
15,4,128,25,0.47055584192276,0.09822604060173035
15,4,128,26,0.394440233707428,0.12575586140155792
15,4,128,27,0.4010869860649109,0.31607240438461304
15,4,128,28,0.6570020318031311,0.09456910938024521
15,4,128,29,0.729638397693634,0.26862311363220215
15,4,128,30,0.4131852984428406,0.18555115163326263
15,4,128,31,0.33873090147972107,0.18337032198905945
15,4,128,32,0.708976149559021,0.31397494673728943
15,4,128,33,0.62394779920578,0.33835068345069885
15,4,128,34,0.6568906903266907,0.3222678303718567
15,4,128,35,0.280123233795166,0.2742188274860382
15,4,128,36,0.7627186179161072,0.23571504652500153
15,4,128,37,0.7060648202896118,0.26405414938926697
15,4,128,38,0.2637482285499573,0.14054857194423676
15,4,128,39,0.7134073972702026,0.09415438026189804
15,4,128,40,0.5882174372673035,0.23506633937358856
15,4,128,41,0.8496890068054199,0.1292818784713745
15,4,128,42,0.4927242696285248,0.1569485366344452
15,4,128,43,0.7634429335594177,0.15095630288124084
15,4,128,44,0.5258656740188599,0.2082819789648056
15,4,128,45,0.6640400886535645,0.3425852954387665
15,4,128,46,0.5671061873435974,0.081902876496315
15,4,128,47,0.7152027487754822,0.29722121357917786
15,4,128,48,0.6354447603225708,0.08718523383140564
15,4,128,49,0.7440099716186523,0.21533352136611938
15,4,128,50,0.8282532691955566,0.12563396990299225
15,4,128,51,0.6458655595779419,0.09699054062366486
15,4,128,52,0.5876544117927551,0.2990877628326416
15,4,128,53,0.7062684297561646,0.2425370067358017
15,4,128,54,0.7843001484870911,0.19791297614574432
15,4,128,55,0.7879511713981628,0.1387588083744049
15,4,128,56,0.7297938466072083,0.25927942991256714
15,4,128,57,0.6530442237854004,0.3593311011791229
15,4,128,58,0.22547554969787598,0.16472399234771729
15,4,128,59,0.5288141965866089,0.11058176308870316
15,4,128,60,0.844110906124115,0.09490407258272171
15,4,128,61,0.35131484270095825,0.3412434160709381
15,4,128,62,0.36164945363998413,0.2998371422290802
15,4,128,63,0.650707483291626,0.18083512783050537
15,4,128,64,0.5488870739936829,0.17099620401859283
15,4,128,65,0.8139528632164001,0.10698609799146652
15,4,128,66,0.5836573243141174,0.2409646362066269
15,4,128,67,0.3300504982471466,0.277099072933197
15,4,128,68,0.9014086127281189,0.08251845836639404
15,4,128,69,0.4487653374671936,0.2738548815250397
15,4,128,70,0.24149930477142334,0.08779258280992508
15,4,128,71,0.8003158569335938,0.09099673479795456
15,4,128,72,0.7419744729995728,0.08314412832260132
15,4,128,73,0.31827279925346375,0.12028548121452332
15,4,128,74,0.4151572585105896,0.28870731592178345
15,4,128,75,0.14677830040454865,0.12736669182777405
15,4,128,76,0.36809080839157104,0.26316332817077637
15,4,128,77,0.31968337297439575,0.12436588108539581
15,4,128,78,0.7572945952415466,0.14301849901676178
15,4,128,79,0.6701104044914246,0.2426857054233551
15,4,128,80,0.19213533401489258,0.21274200081825256
15,4,128,81,0.6782071590423584,0.3553463816642761
15,4,128,82,0.6264090538024902,0.11055363714694977
15,4,128,83,0.8556797504425049,0.12478582561016083
15,4,128,84,0.7729305624961853,0.20920641720294952
15,4,128,85,0.3867202699184418,0.3300606310367584
15,4,128,86,0.4327128529548645,0.2406865954399109
15,4,128,87,0.3980204463005066,0.04748700559139252
15,4,128,88,0.3212067782878876,0.24467545747756958
15,4,128,89,0.7771008014678955,0.1108367070555687
15,4,128,90,0.4875237047672272,0.09307394176721573
15,4,128,91,0.6577172875404358,0.35814157128334045
15,4,128,92,0.6971614360809326,0.11239854991436005
15,4,128,93,0.8274699449539185,0.10189355164766312
15,4,128,94,0.4559668302536011,0.28675875067710876
15,4,128,95,0.7365677356719971,0.1863635629415512
15,4,128,96,0.3076050877571106,0.23253832757472992
15,4,128,97,0.5052381753921509,0.2673477232456207
15,4,128,98,0.731492817401886,0.1750902384519577
15,4,128,99,0.8647776246070862,0.0841078907251358
15,4,128,100,0.6971639394760132,0.3019239604473114
15,4,128,101,0.47669127583503723,0.11348333954811096
15,4,128,102,0.8605715036392212,0.10976001620292664
15,4,128,103,0.6292925477027893,0.10391958802938461
15,4,128,104,0.6154974699020386,0.2615353465080261
15,4,128,105,0.4092865288257599,0.24626745283603668
15,4,128,106,0.6504577994346619,0.078193299472332
15,4,128,107,0.25836676359176636,0.1236405074596405
15,4,128,108,0.6655453443527222,0.3443787395954132
15,4,128,109,0.8648437261581421,0.10137327015399933
15,4,128,110,0.563121497631073,0.1441696286201477
15,4,128,111,0.2923548221588135,0.2895587980747223
15,4,128,112,0.37498417496681213,0.39563077688217163
15,4,128,113,0.18124763667583466,0.09432516992092133
15,4,128,114,0.34313738346099854,0.24438869953155518
15,4,128,115,0.6218721866607666,0.19248761236667633
15,4,128,116,0.7344566583633423,0.20234939455986023
15,4,128,117,0.7567725777626038,0.2136698067188263
15,4,128,118,0.7072131633758545,0.07144924253225327
15,4,128,119,0.516057550907135,0.17147493362426758
15,4,128,120,0.45989760756492615,0.1515161544084549
15,4,128,121,0.39811742305755615,0.1457512378692627
15,4,128,122,0.7391457557678223,0.12034335732460022
15,4,128,123,0.4056871235370636,0.13129429519176483
15,4,128,124,0.6629959940910339,0.1397722214460373
15,4,128,125,0.348791241645813,0.12997382879257202
15,4,128,126,0.7513498067855835,0.22909539937973022
15,4,128,127,0.6336023807525635,0.17524120211601257
15,5,128,0,0.5127978920936584,0.10888970643281937
15,5,128,1,0.7221402525901794,0.09664454311132431
15,5,128,2,0.6242533922195435,0.06318458914756775
15,5,128,3,0.5237075090408325,0.21473658084869385
15,5,128,4,0.8105230331420898,0.0750824436545372
15,5,128,5,0.7439237833023071,0.11094129085540771
15,5,128,6,0.38617047667503357,0.14951671659946442
15,5,128,7,0.6805731654167175,0.12891262769699097
15,5,128,8,0.6568513512611389,0.15170177817344666
15,5,128,9,0.6186404228210449,0.14294441044330597
15,5,128,10,0.7460384368896484,0.08401133120059967
15,5,128,11,0.6050279140472412,0.07532722502946854
15,5,128,12,0.5111382603645325,0.17953582108020782
15,5,128,13,0.7081073522567749,0.10256610810756683
15,5,128,14,0.6220188140869141,0.06911582499742508
15,5,128,15,0.6347225904464722,0.09117139130830765
15,5,128,16,0.6661123633384705,0.24675093591213226
15,5,128,17,0.7160040140151978,0.049274154007434845
15,5,128,18,0.5749620795249939,0.1617518812417984
15,5,128,19,0.637627899646759,0.10882153362035751
15,5,128,20,0.39970457553863525,0.2177126258611679
15,5,128,21,0.5970972180366516,0.1883014440536499
15,5,128,22,0.2703842520713806,0.08876582980155945
15,5,128,23,0.7006420493125916,0.096317358314991
15,5,128,24,0.6362135410308838,0.05648653209209442
15,5,128,25,0.8264063000679016,0.0672725960612297
15,5,128,26,0.7983241081237793,0.05393235757946968
15,5,128,27,0.49996218085289,0.09995544701814651
15,5,128,28,0.498089462518692,0.12250436842441559
15,5,128,29,0.7659816145896912,0.07088245451450348
15,5,128,30,0.5811166167259216,0.07377864420413971
15,5,128,31,0.5771759748458862,0.1868494749069214
15,5,128,32,0.8689312934875488,0.04598383978009224
15,5,128,33,0.44749775528907776,0.08640126883983612
15,5,128,34,0.6304227113723755,0.12490949034690857
15,5,128,35,0.7194638848304749,0.12502287328243256
15,5,128,36,0.746396541595459,0.09686347097158432
15,5,128,37,0.7709811329841614,0.049300868064165115
15,5,128,38,0.756553590297699,0.09338532388210297
15,5,128,39,0.5899394154548645,0.1408940702676773
15,5,128,40,0.6199699640274048,0.2772030830383301
15,5,128,41,0.7752270102500916,0.0622241348028183
15,5,128,42,0.6048317551612854,0.06219957768917084
15,5,128,43,0.8042974472045898,0.08485764265060425
15,5,128,44,0.6895902752876282,0.1633121818304062
15,5,128,45,0.6076409220695496,0.18130961060523987
15,5,128,46,0.47626978158950806,0.16301985085010529
15,5,128,47,0.771675169467926,0.07652679830789566
15,5,128,48,0.697343647480011,0.11922451108694077
15,5,128,49,0.7648307681083679,0.08045189082622528
15,5,128,50,0.7254951596260071,0.10904376953840256
15,5,128,51,0.6990692615509033,0.061819806694984436
15,5,128,52,0.5772415399551392,0.18630574643611908
15,5,128,53,0.6366180777549744,0.08022443950176239
15,5,128,54,0.7840574979782104,0.07931993901729584
15,5,128,55,0.7542135119438171,0.07417959719896317
15,5,128,56,0.7262973189353943,0.14476172626018524
15,5,128,57,0.7369537353515625,0.06916525214910507
15,5,128,58,0.5563029050827026,0.048877742141485214
15,5,128,59,0.4219204783439636,0.10010810196399689
15,5,128,60,0.8244398832321167,0.1279003620147705
15,5,128,61,0.8069247007369995,0.06417769938707352
15,5,128,62,0.5406423807144165,0.15007461607456207
15,5,128,63,0.8574286699295044,0.06805863231420517
15,5,128,64,0.49934491515159607,0.10945948213338852
15,5,128,65,0.7884007692337036,0.08923780918121338
15,5,128,66,0.8128795623779297,0.1237160935997963
15,5,128,67,0.441171258687973,0.057482533156871796
15,5,128,68,0.8556258678436279,0.05357479304075241
15,5,128,69,0.7215525507926941,0.06018789857625961
15,5,128,70,0.47905758023262024,0.25570032000541687
15,5,128,71,0.587105393409729,0.05974157154560089
15,5,128,72,0.6602606177330017,0.07797851413488388
15,5,128,73,0.7061766386032104,0.12621499598026276
15,5,128,74,0.486130952835083,0.10118070244789124
15,5,128,75,0.6955034732818604,0.13286735117435455
15,5,128,76,0.3306299149990082,0.15126095712184906
15,5,128,77,0.4479973018169403,0.09698605537414551
15,5,128,78,0.716218113899231,0.25089237093925476
15,5,128,79,0.6108713150024414,0.1556069552898407
15,5,128,80,0.4393550753593445,0.060217514634132385
15,5,128,81,0.494137167930603,0.12096630781888962
15,5,128,82,0.49345663189888,0.12394734472036362
15,5,128,83,0.6272926330566406,0.12780381739139557
15,5,128,84,0.7900214791297913,0.050809115171432495
15,5,128,85,0.6377602815628052,0.06643937528133392
15,5,128,86,0.6234928965568542,0.11557827889919281
15,5,128,87,0.8199091553688049,0.10390978306531906
15,5,128,88,0.7882583141326904,0.08744648098945618
15,5,128,89,0.7952208518981934,0.09568197280168533
15,5,128,90,0.6219229102134705,0.0852116197347641
15,5,128,91,0.5529158711433411,0.18794848024845123
15,5,128,92,0.6144244074821472,0.12753605842590332
15,5,128,93,0.7867794632911682,0.07978548854589462
15,5,128,94,0.8049865365028381,0.07035064697265625
15,5,128,95,0.770740270614624,0.15382659435272217
15,5,128,96,0.8128741383552551,0.07750687003135681
15,5,128,97,0.4156508445739746,0.1809590458869934
15,5,128,98,0.5770576000213623,0.2531229257583618
15,5,128,99,0.7734301686286926,0.15430419147014618
15,5,128,100,0.6473886370658875,0.22806911170482635
15,5,128,101,0.5860691070556641,0.156551331281662
15,5,128,102,0.7331722974777222,0.16440710425376892
15,5,128,103,0.6646609306335449,0.10271824896335602
15,5,128,104,0.7348341345787048,0.06408415734767914
15,5,128,105,0.4318223297595978,0.11215048283338547
15,5,128,106,0.3857223093509674,0.1772603690624237
15,5,128,107,0.5651402473449707,0.06486517935991287
15,5,128,108,0.7485818862915039,0.18109442293643951
15,5,128,109,0.7949756979942322,0.1358683705329895
15,5,128,110,0.6590334177017212,0.11232991516590118
15,5,128,111,0.5023796558380127,0.2237958163022995
15,5,128,112,0.7517841458320618,0.08509957045316696
15,5,128,113,0.5002912878990173,0.13929221034049988
15,5,128,114,0.41907286643981934,0.15258030593395233
15,5,128,115,0.717126190662384,0.09853687882423401
15,5,128,116,0.5884186029434204,0.10994411259889603
15,5,128,117,0.734108567237854,0.13128086924552917
15,5,128,118,0.3338594138622284,0.05653883144259453
15,5,128,119,0.6354479789733887,0.0908842533826828
15,5,128,120,0.6770986318588257,0.14017941057682037
15,5,128,121,0.6648615598678589,0.12843339145183563
15,5,128,122,0.7513508200645447,0.0872044712305069
15,5,128,123,0.6440550088882446,0.10107561200857162
15,5,128,124,0.39382386207580566,0.23507298529148102
15,5,128,125,0.6369302868843079,0.10539426654577255
15,5,128,126,0.7277835011482239,0.21637693047523499
15,5,128,127,0.7828676700592041,0.11416342854499817
16,0,32,0,0.598079264163971,0.033579133450984955
16,0,32,1,0.40941521525382996,0.020191438496112823
16,0,32,2,0.4476095736026764,0.04387687146663666
16,0,32,3,0.4625776410102844,0.03174576163291931
16,0,32,4,0.4774972200393677,0.04732451215386391
16,0,32,5,0.3985154628753662,0.038162194192409515
16,0,32,6,0.6273623108863831,0.050107747316360474
16,0,32,7,0.42617228627204895,0.03861156851053238
16,0,32,8,0.591209888458252,0.04607836529612541
16,0,32,9,0.43829381465911865,0.043058473616838455
16,0,32,10,0.4889729917049408,0.0426841638982296
16,0,32,11,0.41049134731292725,0.04870763421058655
16,0,32,12,0.4738534688949585,0.04176286980509758
16,0,32,13,0.4684739410877228,0.031531255692243576
16,0,32,14,0.4601486623287201,0.03412342816591263
16,0,32,15,0.5935526490211487,0.030252685770392418
16,0,32,16,0.45304495096206665,0.035522859543561935
16,0,32,17,0.4188799262046814,0.02861384116113186
16,0,32,18,0.4655165672302246,0.03214919567108154
16,0,32,19,0.45334592461586,0.03309326991438866
16,0,32,20,0.5379442572593689,0.03573441132903099
16,0,32,21,0.41762256622314453,0.039169128984212875
16,0,32,22,0.39052072167396545,0.029636796563863754
16,0,32,23,0.6155654191970825,0.03840441256761551
16,0,32,24,0.5630311965942383,0.028304846957325935
16,0,32,25,0.4983048737049103,0.02845032326877117
16,0,32,26,0.4842681288719177,0.02337001822888851
16,0,32,27,0.5817109942436218,0.019082697108387947
16,0,32,28,0.5342662930488586,0.00815629307180643
16,0,32,29,0.4056662619113922,0.03180648759007454
16,0,32,30,0.4779509902000427,0.04424019530415535
16,0,32,31,0.5543795228004456,0.04712238535284996
16,1,32,0,0.595712423324585,0.05328860878944397
16,1,32,1,0.4669623374938965,0.039880912750959396
16,1,32,2,0.4711233377456665,0.07983653992414474
16,1,32,3,0.5084647536277771,0.0729275569319725
16,1,32,4,0.39998847246170044,0.0390155091881752
16,1,32,5,0.5928374528884888,0.07976721227169037
16,1,32,6,0.3859559893608093,0.0789342150092125
16,1,32,7,0.4036097228527069,0.08485638350248337
16,1,32,8,0.462323397397995,0.030550921335816383
16,1,32,9,0.4175776243209839,0.06662076711654663
16,1,32,10,0.48628076910972595,0.04835618659853935
16,1,32,11,0.565315842628479,0.06882329285144806
16,1,32,12,0.48316138982772827,0.09405365586280823
16,1,32,13,0.4359433650970459,0.07051223516464233
16,1,32,14,0.39826810359954834,0.025801917538046837
16,1,32,15,0.5528964400291443,0.059099383652210236
16,1,32,16,0.5489479303359985,0.05403620004653931
16,1,32,17,0.3759881556034088,0.03873248025774956
16,1,32,18,0.6067783832550049,0.022434571757912636
16,1,32,19,0.6106192469596863,0.043844591826200485
16,1,32,20,0.5672682523727417,0.06394980102777481
16,1,32,21,0.49205252528190613,0.07820359617471695
16,1,32,22,0.48357468843460083,0.03243188560009003
16,1,32,23,0.5978147983551025,0.06890793889760971
16,1,32,24,0.5615395307540894,0.013651927001774311
16,1,32,25,0.557531476020813,0.06464403867721558
16,1,32,26,0.5855230093002319,0.05868988111615181
16,1,32,27,0.403094083070755,0.05670936405658722
16,1,32,28,0.4215947389602661,0.06402762979269028
16,1,32,29,0.5028440952301025,0.057110484689474106
16,1,32,30,0.47216376662254333,0.05965358018875122
16,1,32,31,0.5528562664985657,0.06466377526521683
16,2,64,0,0.4828440248966217,0.052402518689632416
16,2,64,1,0.6134620308876038,0.07922787964344025
16,2,64,2,0.5442319512367249,0.04742765426635742
16,2,64,3,0.6054559946060181,0.07104930281639099
16,2,64,4,0.5077728033065796,0.08964930474758148
16,2,64,5,0.5829313397407532,0.05858819931745529
16,2,64,6,0.4901704788208008,0.07382683455944061
16,2,64,7,0.5140706896781921,0.09767274558544159
16,2,64,8,0.5079601407051086,0.08521780371665955
16,2,64,9,0.5390584468841553,0.07041424512863159
16,2,64,10,0.46276697516441345,0.051877155900001526
16,2,64,11,0.5000375509262085,0.0551508404314518
16,2,64,12,0.4934462010860443,0.0659409910440445
16,2,64,13,0.6157541871070862,0.07676132768392563
16,2,64,14,0.501725971698761,0.07419555634260178
16,2,64,15,0.5594825148582458,0.05931011959910393
16,2,64,16,0.3642094135284424,0.10085391998291016
16,2,64,17,0.48317745327949524,0.029450805857777596
16,2,64,18,0.5695959329605103,0.036928530782461166
16,2,64,19,0.4955681264400482,0.029866833239793777
16,2,64,20,0.42449846863746643,0.06232769787311554
16,2,64,21,0.5814892053604126,0.022238839417696
16,2,64,22,0.5253129601478577,0.09881630539894104
16,2,64,23,0.5703528523445129,0.05170615389943123
16,2,64,24,0.44791191816329956,0.05611091107130051
16,2,64,25,0.40441450476646423,0.04669306054711342
16,2,64,26,0.5317960977554321,0.038670167326927185
16,2,64,27,0.518764317035675,0.07989247888326645
16,2,64,28,0.4291754364967346,0.07064706832170486
16,2,64,29,0.46806055307388306,0.0768229216337204
16,2,64,30,0.5258429050445557,0.06399093568325043
16,2,64,31,0.5649635195732117,0.05054019019007683
16,2,64,32,0.4227970838546753,0.05462821200489998
16,2,64,33,0.4630146622657776,0.08862204849720001
16,2,64,34,0.44666770100593567,0.05252862721681595
16,2,64,35,0.5566277503967285,0.07305498421192169
16,2,64,36,0.39253392815589905,0.061305563896894455
16,2,64,37,0.5029405951499939,0.06296102702617645
16,2,64,38,0.4763832986354828,0.10517723858356476
16,2,64,39,0.441820353269577,0.07359720021486282
16,2,64,40,0.4665241539478302,0.06542770564556122
16,2,64,41,0.4402420222759247,0.06779200583696365
16,2,64,42,0.4338267743587494,0.07265200465917587
16,2,64,43,0.43367087841033936,0.11343073099851608
16,2,64,44,0.42763981223106384,0.029946912080049515
16,2,64,45,0.4478812515735626,0.05778223276138306
16,2,64,46,0.4401155114173889,0.05673287808895111
16,2,64,47,0.5520252585411072,0.04699935391545296
16,2,64,48,0.4062677323818207,0.07790984958410263
16,2,64,49,0.5348665118217468,0.09278986603021622
16,2,64,50,0.45424684882164,0.07529465109109879
16,2,64,51,0.43189141154289246,0.03990085795521736
16,2,64,52,0.5809466242790222,0.056547295302152634
16,2,64,53,0.5818808674812317,0.06255071610212326
16,2,64,54,0.5196745991706848,0.01695914752781391
16,2,64,55,0.40884727239608765,0.07703524082899094
16,2,64,56,0.4532380700111389,0.04283609241247177
16,2,64,57,0.5100666880607605,0.04012122005224228
16,2,64,58,0.48424965143203735,0.05282032489776611
16,2,64,59,0.43006786704063416,0.05820630118250847
16,2,64,60,0.5646150708198547,0.05732257664203644
16,2,64,61,0.4785306751728058,0.028995901346206665
16,2,64,62,0.3917994499206543,0.07995300740003586
16,2,64,63,0.5326974391937256,0.07240861654281616
16,3,64,0,0.55671226978302,0.030832834541797638
16,3,64,1,0.6240087747573853,0.07703536748886108
16,3,64,2,0.5594543218612671,0.09305530041456223
16,3,64,3,0.514387309551239,0.0966629683971405
16,3,64,4,0.5389288067817688,0.03843209519982338
16,3,64,5,0.6159901022911072,0.046249110251665115
16,3,64,6,0.56605464220047,0.04873769357800484
16,3,64,7,0.5146961808204651,0.023398639634251595
16,3,64,8,0.47088223695755005,0.03243027254939079
16,3,64,9,0.4515320956707001,0.04498095065355301
16,3,64,10,0.5897225141525269,0.047144558280706406
16,3,64,11,0.49728623032569885,0.038396500051021576
16,3,64,12,0.43641388416290283,0.04881520941853523
16,3,64,13,0.5981752872467041,0.04830600693821907
16,3,64,14,0.6045358180999756,0.049924977123737335
16,3,64,15,0.5195164084434509,0.06064889580011368
16,3,64,16,0.5498008131980896,0.032498084008693695
16,3,64,17,0.4412498474121094,0.02650761976838112
16,3,64,18,0.4430185854434967,0.041749659925699234
16,3,64,19,0.5365584492683411,0.03855133801698685
16,3,64,20,0.5402447581291199,0.038359999656677246
16,3,64,21,0.49314191937446594,0.057967256754636765
16,3,64,22,0.5171362161636353,0.039647869765758514
16,3,64,23,0.5674497485160828,0.053014568984508514
16,3,64,24,0.38295742869377136,0.04601983726024628
16,3,64,25,0.664840042591095,0.050774894654750824
16,3,64,26,0.6205233931541443,0.03252577781677246
16,3,64,27,0.588096559047699,0.04077129065990448
16,3,64,28,0.4804500639438629,0.053829438984394073
16,3,64,29,0.4651259779930115,0.04554751142859459
16,3,64,30,0.5857192873954773,0.04175543785095215
16,3,64,31,0.4288536310195923,0.024989759549498558
16,3,64,32,0.5027592182159424,0.06471782177686691
16,3,64,33,0.43563246726989746,0.07420076429843903
16,3,64,34,0.5112302899360657,0.03371566906571388
16,3,64,35,0.5455315709114075,0.08065832406282425
16,3,64,36,0.539650559425354,0.047602348029613495
16,3,64,37,0.39583808183670044,0.09695880860090256
16,3,64,38,0.5059707760810852,0.030285533517599106
16,3,64,39,0.3489157557487488,0.04062674567103386
16,3,64,40,0.5186327695846558,0.030677055940032005
16,3,64,41,0.5864932537078857,0.07089270651340485
16,3,64,42,0.45184358954429626,0.04489642009139061
16,3,64,43,0.43758445978164673,0.04899538308382034
16,3,64,44,0.44208091497421265,0.04170164838433266
16,3,64,45,0.44288069009780884,0.07762504369020462
16,3,64,46,0.5032233595848083,0.09972623735666275
16,3,64,47,0.5518709421157837,0.05888586491346359
16,3,64,48,0.5089215636253357,0.03553198277950287
16,3,64,49,0.4625004529953003,0.05837800353765488
16,3,64,50,0.44129663705825806,0.058151885867118835
16,3,64,51,0.5424576997756958,0.059511370956897736
16,3,64,52,0.6799027919769287,0.05325055494904518
16,3,64,53,0.43005433678627014,0.08574304729700089
16,3,64,54,0.5453967452049255,0.030976440757513046
16,3,64,55,0.5767501592636108,0.07600472867488861
16,3,64,56,0.5367022752761841,0.02441159449517727
16,3,64,57,0.4749123454093933,0.03756924718618393
16,3,64,58,0.5667023658752441,0.033409327268600464
16,3,64,59,0.4435693621635437,0.0513131283223629
16,3,64,60,0.5772705078125,0.039948608726263046
16,3,64,61,0.46648523211479187,0.05893498659133911
16,3,64,62,0.5120064616203308,0.06244921311736107
16,3,64,63,0.543675422668457,0.03770286962389946
16,4,128,0,0.5413599014282227,0.10278946906328201
16,4,128,1,0.7008295655250549,0.10158506780862808
16,4,128,2,0.7140327095985413,0.24311870336532593
16,4,128,3,0.5768383741378784,0.09643985331058502
16,4,128,4,0.6663236021995544,0.07137142866849899
16,4,128,5,0.5389995574951172,0.07926217466592789
16,4,128,6,0.6401046514511108,0.09663958847522736
16,4,128,7,0.5468134880065918,0.025787372142076492
16,4,128,8,0.4403958022594452,0.06961700320243835
16,4,128,9,0.6143274307250977,0.13339002430438995
16,4,128,10,0.7395007014274597,0.16248269379138947
16,4,128,11,0.4541528820991516,0.06370747089385986
16,4,128,12,0.6888652443885803,0.15019147098064423
16,4,128,13,0.35094577074050903,0.07097339630126953
16,4,128,14,0.38716229796409607,0.08404351025819778
16,4,128,15,0.5801420211791992,0.15268029272556305
16,4,128,16,0.30845901370048523,0.14219292998313904
16,4,128,17,0.40688490867614746,0.06724406778812408
16,4,128,18,0.4286901354789734,0.05390569195151329
16,4,128,19,0.4195614457130432,0.07098056375980377
16,4,128,20,0.5929573774337769,0.15754278004169464
16,4,128,21,0.3903111219406128,0.09547742456197739
16,4,128,22,0.4963362216949463,0.035124316811561584
16,4,128,23,0.5320509076118469,0.08813878148794174
16,4,128,24,0.6675758957862854,0.11423704028129578
16,4,128,25,0.47507861256599426,0.029732821509242058
16,4,128,26,0.5378151535987854,0.0738365575671196
16,4,128,27,0.5773919224739075,0.10196004807949066
16,4,128,28,0.4550095498561859,0.053505364805459976
16,4,128,29,0.5409225821495056,0.03894439712166786
16,4,128,30,0.4177059233188629,0.0707489624619484
16,4,128,31,0.38001975417137146,0.05986307933926582
16,4,128,32,0.4383218586444855,0.07888542115688324
16,4,128,33,0.3554208278656006,0.12159413844347
16,4,128,34,0.35022297501564026,0.2026074230670929
16,4,128,35,0.7011350989341736,0.152133509516716
16,4,128,36,0.6480457782745361,0.07469622790813446
16,4,128,37,0.44992467761039734,0.03868745267391205
16,4,128,38,0.4290429949760437,0.08506832271814346
16,4,128,39,0.6412343978881836,0.09738770127296448
16,4,128,40,0.46058523654937744,0.07514622062444687
16,4,128,41,0.6813710331916809,0.15996645390987396
16,4,128,42,0.5318607687950134,0.06381712853908539
16,4,128,43,0.6199344396591187,0.1421520709991455
16,4,128,44,0.5306126475334167,0.07323171198368073
16,4,128,45,0.662389874458313,0.10540412366390228
16,4,128,46,0.5355761051177979,0.10619448125362396
16,4,128,47,0.595511257648468,0.12964574992656708
16,4,128,48,0.7125503420829773,0.1868119090795517
16,4,128,49,0.657098114490509,0.19115228950977325
16,4,128,50,0.7521525621414185,0.12605589628219604
16,4,128,51,0.5204065442085266,0.057588133960962296
16,4,128,52,0.4774334728717804,0.08040976524353027
16,4,128,53,0.4982793629169464,0.04261336475610733
16,4,128,54,0.7619260549545288,0.15188856422901154
16,4,128,55,0.42177560925483704,0.14970213174819946
16,4,128,56,0.5160318613052368,0.0642089992761612
16,4,128,57,0.5927057862281799,0.15083728730678558
16,4,128,58,0.4142477512359619,0.04922338202595711
16,4,128,59,0.6331039667129517,0.11655432730913162
16,4,128,60,0.6143563389778137,0.15708932280540466
16,4,128,61,0.46265122294425964,0.08712246268987656
16,4,128,62,0.3875448703765869,0.04993240535259247
16,4,128,63,0.47147703170776367,0.02850026823580265
16,4,128,64,0.46993839740753174,0.032211530953645706
16,4,128,65,0.5931956171989441,0.05030218884348869
16,4,128,66,0.35208913683891296,0.20310041308403015
16,4,128,67,0.6078396439552307,0.10049182176589966
16,4,128,68,0.73395174741745,0.1349295973777771
16,4,128,69,0.48773515224456787,0.08168163150548935
16,4,128,70,0.3205932676792145,0.08072249591350555
16,4,128,71,0.712985098361969,0.09501133859157562
16,4,128,72,0.38443928956985474,0.04503323882818222
16,4,128,73,0.5786979794502258,0.10774007439613342
16,4,128,74,0.7228447198867798,0.14788025617599487
16,4,128,75,0.40401625633239746,0.10333599895238876
16,4,128,76,0.6166680455207825,0.14204064011573792
16,4,128,77,0.6321957111358643,0.22892437875270844
16,4,128,78,0.665614128112793,0.13334563374519348
16,4,128,79,0.39857226610183716,0.03009948506951332
16,4,128,80,0.5809858441352844,0.168590247631073
16,4,128,81,0.6243004202842712,0.22570298612117767
16,4,128,82,0.670865535736084,0.09474465996026993
16,4,128,83,0.5212814211845398,0.07698311656713486
16,4,128,84,0.33890804648399353,0.11875803768634796
16,4,128,85,0.40464144945144653,0.15105001628398895
16,4,128,86,0.39775365591049194,0.1044604703783989
16,4,128,87,0.6281296014785767,0.07659541815519333
16,4,128,88,0.6091998219490051,0.1446327567100525
16,4,128,89,0.5959736108779907,0.09916970878839493
16,4,128,90,0.44271788001060486,0.0930323377251625
16,4,128,91,0.3728998303413391,0.13460426032543182
16,4,128,92,0.5260395407676697,0.0484810546040535
16,4,128,93,0.5859505534172058,0.09010105580091476
16,4,128,94,0.44077757000923157,0.11302787065505981
16,4,128,95,0.5261155366897583,0.12804116308689117
16,4,128,96,0.6386414766311646,0.05409763380885124
16,4,128,97,0.5293726325035095,0.11229381710290909
16,4,128,98,0.5150333642959595,0.04885859414935112
16,4,128,99,0.581937849521637,0.07411811500787735
16,4,128,100,0.6878232955932617,0.19289787113666534
16,4,128,101,0.6678375601768494,0.24108144640922546
16,4,128,102,0.7176389694213867,0.09357022494077682
16,4,128,103,0.616279661655426,0.1208982914686203
16,4,128,104,0.44649726152420044,0.0847332626581192
16,4,128,105,0.5815708041191101,0.09076003730297089
16,4,128,106,0.7728316187858582,0.18377311527729034
16,4,128,107,0.3211332857608795,0.061069000512361526
16,4,128,108,0.5671444535255432,0.07719938457012177
16,4,128,109,0.6168506145477295,0.11776428669691086
16,4,128,110,0.39673173427581787,0.16655924916267395
16,4,128,111,0.5705336332321167,0.19957460463047028
16,4,128,112,0.37486761808395386,0.13509410619735718
16,4,128,113,0.6145687699317932,0.17387554049491882
16,4,128,114,0.4088846445083618,0.20079423487186432
16,4,128,115,0.6686509847640991,0.132266566157341
16,4,128,116,0.7121919989585876,0.15373581647872925
16,4,128,117,0.5241659879684448,0.07003400474786758
16,4,128,118,0.5551906824111938,0.12961404025554657
16,4,128,119,0.48822900652885437,0.1011841744184494
16,4,128,120,0.599355161190033,0.1201050654053688
16,4,128,121,0.3925037384033203,0.04411579295992851
16,4,128,122,0.5449066162109375,0.09330655634403229
16,4,128,123,0.5714604258537292,0.09269116073846817
16,4,128,124,0.6249644160270691,0.14254340529441833
16,4,128,125,0.5940635800361633,0.054021578282117844
16,4,128,126,0.5586500763893127,0.16260363161563873
16,4,128,127,0.3752496540546417,0.16025474667549133
16,5,128,0,0.455653578042984,0.028959140181541443
16,5,128,1,0.502530574798584,0.058939091861248016
16,5,128,2,0.45003747940063477,0.042913999408483505
16,5,128,3,0.5348955392837524,0.03436802327632904
16,5,128,4,0.46551814675331116,0.022709142416715622
16,5,128,5,0.46279481053352356,0.07740552723407745
16,5,128,6,0.4404175877571106,0.04878984019160271
16,5,128,7,0.5040619373321533,0.03870394453406334
16,5,128,8,0.5141729116439819,0.05246349796652794
16,5,128,9,0.543967068195343,0.049109749495983124
16,5,128,10,0.5759220123291016,0.0915679782629013
16,5,128,11,0.5349542498588562,0.03551863506436348
16,5,128,12,0.6169711947441101,0.06771424412727356
16,5,128,13,0.461131751537323,0.03419674187898636
16,5,128,14,0.6032159924507141,0.09469469636678696
16,5,128,15,0.4593786895275116,0.052358902990818024
16,5,128,16,0.35656338930130005,0.06646239757537842
16,5,128,17,0.4979369044303894,0.05043735355138779
16,5,128,18,0.5650954246520996,0.04842429235577583
16,5,128,19,0.6468455195426941,0.14687511324882507
16,5,128,20,0.49280980229377747,0.04414702206850052
16,5,128,21,0.5461460947990417,0.06450493633747101
16,5,128,22,0.4871196150779724,0.05535079538822174
16,5,128,23,0.7206369042396545,0.1393933892250061
16,5,128,24,0.6093710064888,0.11384966224431992
16,5,128,25,0.572880744934082,0.033143505454063416
16,5,128,26,0.599256694316864,0.10142066329717636
16,5,128,27,0.524345338344574,0.05180605128407478
16,5,128,28,0.5817673206329346,0.11557436734437943
16,5,128,29,0.4461136758327484,0.08731473237276077
16,5,128,30,0.6183385848999023,0.14275571703910828
16,5,128,31,0.6690161228179932,0.07307805120944977
16,5,128,32,0.6479634046554565,0.10937905311584473
16,5,128,33,0.3756366968154907,0.06876565515995026
16,5,128,34,0.6539151668548584,0.11040770262479782
16,5,128,35,0.5780441164970398,0.12242507934570312
16,5,128,36,0.5839332938194275,0.027419455349445343
16,5,128,37,0.5717499852180481,0.06592866033315659
16,5,128,38,0.523382842540741,0.027951477095484734
16,5,128,39,0.4864179193973541,0.05171658471226692
16,5,128,40,0.5270954370498657,0.044034335762262344
16,5,128,41,0.5757275819778442,0.06938230246305466
16,5,128,42,0.4582602381706238,0.023491863161325455
16,5,128,43,0.5075968503952026,0.059261441230773926
16,5,128,44,0.5961052775382996,0.11571598052978516
16,5,128,45,0.47737056016921997,0.04763244837522507
16,5,128,46,0.5516124963760376,0.062191665172576904
16,5,128,47,0.4412437677383423,0.03086046501994133
16,5,128,48,0.6073954105377197,0.15099592506885529
16,5,128,49,0.5664669275283813,0.08605053275823593
16,5,128,50,0.6148310303688049,0.09823538362979889
16,5,128,51,0.5410929322242737,0.022598985582590103
16,5,128,52,0.4717217683792114,0.05821279436349869
16,5,128,53,0.3385307788848877,0.08570713549852371
16,5,128,54,0.5629903674125671,0.03838039189577103
16,5,128,55,0.5551475286483765,0.05980429798364639
16,5,128,56,0.3798741102218628,0.09228935837745667
16,5,128,57,0.6119248270988464,0.040930166840553284
16,5,128,58,0.5350019931793213,0.08891462534666061
16,5,128,59,0.42155325412750244,0.07467525452375412
16,5,128,60,0.6471959352493286,0.04576699435710907
16,5,128,61,0.42595699429512024,0.06042727455496788
16,5,128,62,0.5722585916519165,0.0830935537815094
16,5,128,63,0.6969448328018188,0.09371259808540344
16,5,128,64,0.44495031237602234,0.08024738729000092
16,5,128,65,0.5526725649833679,0.07725494354963303
16,5,128,66,0.49777916073799133,0.03658214211463928
16,5,128,67,0.5414254665374756,0.10228552669286728
16,5,128,68,0.5690438747406006,0.06325308233499527
16,5,128,69,0.5617230534553528,0.05041442811489105
16,5,128,70,0.5580354928970337,0.10293776541948318
16,5,128,71,0.5657801032066345,0.10141623765230179
16,5,128,72,0.6407591700553894,0.09317326545715332
16,5,128,73,0.5455034375190735,0.04021593555808067
16,5,128,74,0.4919221103191376,0.027014629915356636
16,5,128,75,0.4873373210430145,0.05599239468574524
16,5,128,76,0.45386072993278503,0.11815009266138077
16,5,128,77,0.5692237615585327,0.08541289716959
16,5,128,78,0.5494575500488281,0.04666058346629143
16,5,128,79,0.44958725571632385,0.07397659868001938
16,5,128,80,0.34574541449546814,0.11731354147195816
16,5,128,81,0.5484245419502258,0.02508528158068657
16,5,128,82,0.4227389097213745,0.07535326480865479
16,5,128,83,0.5093332529067993,0.03394554555416107
16,5,128,84,0.4887712001800537,0.04856690391898155
16,5,128,85,0.40805932879447937,0.07743966579437256
16,5,128,86,0.5396068692207336,0.06944196671247482
16,5,128,87,0.6278403401374817,0.07790178805589676
16,5,128,88,0.7113780975341797,0.13277968764305115
16,5,128,89,0.5409740209579468,0.09795455634593964
16,5,128,90,0.5553019642829895,0.0713113397359848
16,5,128,91,0.5871052145957947,0.059635452926158905
16,5,128,92,0.48243141174316406,0.08788222819566727
16,5,128,93,0.5476894378662109,0.11387884616851807
16,5,128,94,0.6366100907325745,0.06442061066627502
16,5,128,95,0.46615567803382874,0.09488467872142792
16,5,128,96,0.49430835247039795,0.05221876874566078
16,5,128,97,0.39671364426612854,0.08594286441802979
16,5,128,98,0.49736499786376953,0.033507585525512695
16,5,128,99,0.5710842609405518,0.057202450931072235
16,5,128,100,0.4455776512622833,0.0451568178832531
16,5,128,101,0.43262767791748047,0.05493827164173126
16,5,128,102,0.5551580190658569,0.11145170778036118
16,5,128,103,0.6335563659667969,0.06070882827043533
16,5,128,104,0.4578198790550232,0.11021104454994202
16,5,128,105,0.34577512741088867,0.09168773889541626
16,5,128,106,0.562687337398529,0.02013045735657215
16,5,128,107,0.5138005614280701,0.04687526822090149
16,5,128,108,0.5158688426017761,0.03135368227958679
16,5,128,109,0.5404317378997803,0.10396377742290497
16,5,128,110,0.5561813116073608,0.16406577825546265
16,5,128,111,0.5385094881057739,0.04233318194746971
16,5,128,112,0.4829256534576416,0.09992339462041855
16,5,128,113,0.4714157283306122,0.035900939255952835
16,5,128,114,0.5041985511779785,0.06636028736829758
16,5,128,115,0.48731836676597595,0.06408283859491348
16,5,128,116,0.5283710360527039,0.08929846435785294
16,5,128,117,0.5000940561294556,0.03611592948436737
16,5,128,118,0.4118499457836151,0.05885567143559456
16,5,128,119,0.6334577202796936,0.04249013960361481
16,5,128,120,0.580757737159729,0.1141386404633522
16,5,128,121,0.5996382236480713,0.12461543083190918
16,5,128,122,0.623363733291626,0.039229314774274826
16,5,128,123,0.6449040174484253,0.08154654502868652
16,5,128,124,0.3890501856803894,0.04529235139489174
16,5,128,125,0.41031771898269653,0.15523256361484528
16,5,128,126,0.6233828663825989,0.07226964086294174
16,5,128,127,0.5514359474182129,0.04718748852610588
17,0,32,0,0.45247146487236023,0.0758899599313736
17,0,32,1,0.3713957667350769,0.07805612683296204
17,0,32,2,0.5211824178695679,0.11020917445421219
17,0,32,3,0.40191030502319336,0.11890517920255661
17,0,32,4,0.42376577854156494,0.05699339881539345
17,0,32,5,0.5527701377868652,0.031118322163820267
17,0,32,6,0.5414088368415833,0.09013871103525162
17,0,32,7,0.5227524042129517,0.04162595421075821
17,0,32,8,0.45719483494758606,0.09598291665315628
17,0,32,9,0.453302800655365,0.0650511085987091
17,0,32,10,0.6133798360824585,0.04715295881032944
17,0,32,11,0.38335660099983215,0.06202203407883644
17,0,32,12,0.4383082091808319,0.07771674543619156
17,0,32,13,0.5919991135597229,0.1279636025428772
17,0,32,14,0.44221532344818115,0.08494371920824051
17,0,32,15,0.5985865592956543,0.06927851587533951
17,0,32,16,0.6266401410102844,0.07373401522636414
17,0,32,17,0.5342748761177063,0.056548915803432465
17,0,32,18,0.6157814264297485,0.07211114466190338
17,0,32,19,0.5817074775695801,0.06702679395675659
17,0,32,20,0.4322117269039154,0.05609904229640961
17,0,32,21,0.6259787082672119,0.06765033304691315
17,0,32,22,0.5794248580932617,0.08751848340034485
17,0,32,23,0.6559537649154663,0.11489653587341309
17,0,32,24,0.5110985636711121,0.053211502730846405
17,0,32,25,0.47986429929733276,0.05585464835166931
17,0,32,26,0.4168516993522644,0.10189991444349289
17,0,32,27,0.5136944651603699,0.11859142035245895
17,0,32,28,0.5051726698875427,0.06774426996707916
17,0,32,29,0.5439029335975647,0.07022161036729813
17,0,32,30,0.5165606141090393,0.08123621344566345
17,0,32,31,0.6298882365226746,0.08015552163124084
17,1,32,0,0.6484105587005615,0.06689351797103882
17,1,32,1,0.5919557809829712,0.044544097036123276
17,1,32,2,0.6132622361183167,0.056344617158174515
17,1,32,3,0.52362459897995,0.057895369827747345
17,1,32,4,0.4354584813117981,0.05455619841814041
17,1,32,5,0.3505324125289917,0.03855009004473686
17,1,32,6,0.5192432999610901,0.07784292101860046
17,1,32,7,0.6351415514945984,0.040773905813694
17,1,32,8,0.6388426423072815,0.04916716367006302
17,1,32,9,0.5679663419723511,0.03911079466342926
17,1,32,10,0.4124298393726349,0.052844323217868805
17,1,32,11,0.3263678252696991,0.10582812875509262
17,1,32,12,0.35016384720802307,0.04362500086426735
17,1,32,13,0.5369923114776611,0.01990414224565029
17,1,32,14,0.566681981086731,0.056133072823286057
17,1,32,15,0.46640339493751526,0.11166208237409592
17,1,32,16,0.4390377402305603,0.0477939248085022
17,1,32,17,0.5152008533477783,0.04149085283279419
17,1,32,18,0.4931349754333496,0.05857788771390915
17,1,32,19,0.3465439975261688,0.09368778765201569
17,1,32,20,0.5307644009590149,0.05872591212391853
17,1,32,21,0.39912089705467224,0.08111237734556198
17,1,32,22,0.4811907410621643,0.05988987535238266
17,1,32,23,0.5878838300704956,0.045959580689668655
17,1,32,24,0.5008252263069153,0.04491076245903969
17,1,32,25,0.5071699619293213,0.020186319947242737
17,1,32,26,0.4548256993293762,0.07257091253995895
17,1,32,27,0.45124420523643494,0.07029183954000473
17,1,32,28,0.5180829167366028,0.07062163203954697
17,1,32,29,0.43659862875938416,0.05235562473535538
17,1,32,30,0.49279022216796875,0.06923365592956543
17,1,32,31,0.4936625063419342,0.024015998467803
17,2,64,0,0.53807532787323,0.12210068851709366
17,2,64,1,0.5047221779823303,0.10432162135839462
17,2,64,2,0.5383239388465881,0.04508937895298004
17,2,64,3,0.5258229970932007,0.06097070500254631
17,2,64,4,0.5373883843421936,0.08848679065704346
17,2,64,5,0.49652594327926636,0.10474523901939392
17,2,64,6,0.44068777561187744,0.1420568972826004
17,2,64,7,0.5737766623497009,0.06571252644062042
17,2,64,8,0.47060340642929077,0.1618732362985611
17,2,64,9,0.43300214409828186,0.08750367164611816
17,2,64,10,0.5443229675292969,0.05330008268356323
17,2,64,11,0.5045991539955139,0.127167746424675
17,2,64,12,0.45123738050460815,0.10390452295541763
17,2,64,13,0.4181463122367859,0.07802383601665497
17,2,64,14,0.43425753712654114,0.1567336767911911
17,2,64,15,0.3344375491142273,0.10903345793485641
17,2,64,16,0.489558607339859,0.1188938319683075
17,2,64,17,0.4307185113430023,0.10514801740646362
17,2,64,18,0.38209831714630127,0.1323213279247284
17,2,64,19,0.49696481227874756,0.12714014947414398
17,2,64,20,0.5189070701599121,0.13277333974838257
17,2,64,21,0.4154500663280487,0.08005391061306
17,2,64,22,0.5390190482139587,0.09479356557130814
17,2,64,23,0.5009872317314148,0.04362141340970993
17,2,64,24,0.39828839898109436,0.0752938911318779
17,2,64,25,0.5750498175621033,0.062009893357753754
17,2,64,26,0.47285810112953186,0.032268017530441284
17,2,64,27,0.44293951988220215,0.1389012336730957
17,2,64,28,0.4889158308506012,0.12285057455301285
17,2,64,29,0.4386066496372223,0.029357515275478363
17,2,64,30,0.5208175778388977,0.14106972515583038
17,2,64,31,0.49015012383461,0.14739695191383362
17,2,64,32,0.5748906135559082,0.10488486289978027
17,2,64,33,0.4954865276813507,0.08584816753864288
17,2,64,34,0.4378117620944977,0.09277594089508057
17,2,64,35,0.4057001769542694,0.08709505945444107
17,2,64,36,0.4288056492805481,0.11242661625146866
17,2,64,37,0.5527586340904236,0.10644524544477463
17,2,64,38,0.5725332498550415,0.10827362537384033
17,2,64,39,0.4078572392463684,0.09041263908147812
17,2,64,40,0.5695303082466125,0.111361064016819
17,2,64,41,0.5470200181007385,0.09603148698806763
17,2,64,42,0.35140499472618103,0.08673256635665894
17,2,64,43,0.6099597215652466,0.09657921642065048
17,2,64,44,0.40454787015914917,0.08644645661115646
17,2,64,45,0.40854668617248535,0.0749422237277031
17,2,64,46,0.4855744242668152,0.0951305404305458
17,2,64,47,0.431938499212265,0.1113390177488327
17,2,64,48,0.5368203520774841,0.06575556099414825
17,2,64,49,0.37615835666656494,0.09817532449960709
17,2,64,50,0.5276397466659546,0.1021130383014679
17,2,64,51,0.46019649505615234,0.17017066478729248
17,2,64,52,0.45327523350715637,0.050603900104761124
17,2,64,53,0.5652210712432861,0.0700373575091362
17,2,64,54,0.48882997035980225,0.13233903050422668
17,2,64,55,0.43113064765930176,0.09828341752290726
17,2,64,56,0.48351040482521057,0.05899639427661896
17,2,64,57,0.4431813955307007,0.10046928375959396
17,2,64,58,0.5560495853424072,0.12694700062274933
17,2,64,59,0.4076956510543823,0.09331256151199341
17,2,64,60,0.4599078893661499,0.031589873135089874
17,2,64,61,0.4220660626888275,0.11817871034145355
17,2,64,62,0.5023758411407471,0.102725088596344
17,2,64,63,0.4812491536140442,0.12590323388576508
17,3,64,0,0.42808955907821655,0.10666117817163467
17,3,64,1,0.5598534941673279,0.15917369723320007
17,3,64,2,0.7219153642654419,0.09310654550790787
17,3,64,3,0.7312049865722656,0.1065376028418541
17,3,64,4,0.5041473507881165,0.17961525917053223
17,3,64,5,0.5686588287353516,0.1387888789176941
17,3,64,6,0.5277979373931885,0.14810438454151154
17,3,64,7,0.6282554268836975,0.13422688841819763
17,3,64,8,0.3717697858810425,0.11918320506811142
17,3,64,9,0.31237900257110596,0.11434303224086761
17,3,64,10,0.47991517186164856,0.10126567631959915
17,3,64,11,0.4877009391784668,0.2605510652065277
17,3,64,12,0.6896045804023743,0.10698471963405609
17,3,64,13,0.38768425583839417,0.22166632115840912
17,3,64,14,0.569344699382782,0.04913890361785889
17,3,64,15,0.37812963128089905,0.1316625028848648
17,3,64,16,0.6075601577758789,0.13221751153469086
17,3,64,17,0.6568798422813416,0.10313961654901505
17,3,64,18,0.5219538807868958,0.1793169379234314
17,3,64,19,0.3725944459438324,0.06855975091457367
17,3,64,20,0.35735073685646057,0.12108828127384186
17,3,64,21,0.43613338470458984,0.18194691836833954
17,3,64,22,0.43254151940345764,0.2287750542163849
17,3,64,23,0.49524056911468506,0.15375101566314697
17,3,64,24,0.506677508354187,0.18778347969055176
17,3,64,25,0.6588817834854126,0.12879464030265808
17,3,64,26,0.42259231209754944,0.11198128014802933
17,3,64,27,0.4904657006263733,0.17979492247104645
17,3,64,28,0.494552344083786,0.1764298975467682
17,3,64,29,0.4469417929649353,0.14390182495117188
17,3,64,30,0.5359025001525879,0.12856467068195343
17,3,64,31,0.4877900183200836,0.21914099156856537
17,3,64,32,0.5630031228065491,0.17364121973514557
17,3,64,33,0.5632380247116089,0.16220654547214508
17,3,64,34,0.37341269850730896,0.11320085823535919
17,3,64,35,0.5510290861129761,0.2069682478904724
17,3,64,36,0.6407976746559143,0.1821969449520111
17,3,64,37,0.49505719542503357,0.05864981189370155
17,3,64,38,0.5909205675125122,0.18030956387519836
17,3,64,39,0.4702347218990326,0.08290885388851166
17,3,64,40,0.5741509199142456,0.07700216770172119
17,3,64,41,0.5469808578491211,0.15986450016498566
17,3,64,42,0.5567132830619812,0.2483234852552414
17,3,64,43,0.5185965895652771,0.06871248781681061
17,3,64,44,0.4679081439971924,0.19856970012187958
17,3,64,45,0.5396246314048767,0.12776684761047363
17,3,64,46,0.4808209538459778,0.22223950922489166
17,3,64,47,0.43236005306243896,0.0890662670135498
17,3,64,48,0.342267245054245,0.08512035757303238
17,3,64,49,0.2567014992237091,0.09967945516109467
17,3,64,50,0.5550519824028015,0.06776260584592819
17,3,64,51,0.34627389907836914,0.13771608471870422
17,3,64,52,0.5135659575462341,0.17978329956531525
17,3,64,53,0.4555904269218445,0.10075495392084122
17,3,64,54,0.4851859509944916,0.1808420717716217
17,3,64,55,0.4241427779197693,0.17116929590702057
17,3,64,56,0.43876558542251587,0.10766338557004929
17,3,64,57,0.4334242343902588,0.10575515776872635
17,3,64,58,0.4225192070007324,0.26653316617012024
17,3,64,59,0.4880364239215851,0.16000117361545563
17,3,64,60,0.5056442618370056,0.1970440149307251
17,3,64,61,0.26550474762916565,0.12013518065214157
17,3,64,62,0.6028621196746826,0.13369525969028473
17,3,64,63,0.5917848348617554,0.1201321929693222
17,4,128,0,0.7207117676734924,0.08056049793958664
17,4,128,1,0.36893215775489807,0.12053608149290085
17,4,128,2,0.7701330780982971,0.17027221620082855
17,4,128,3,0.6546095609664917,0.1978151500225067
17,4,128,4,0.32736673951148987,0.10415418446063995
17,4,128,5,0.4894944727420807,0.14216293394565582
17,4,128,6,0.679279625415802,0.33167564868927
17,4,128,7,0.6696602702140808,0.1735747903585434
17,4,128,8,0.4374699890613556,0.2869681417942047
17,4,128,9,0.6540287137031555,0.30374807119369507
17,4,128,10,0.6535956859588623,0.29840296506881714
17,4,128,11,0.5811571478843689,0.20350989699363708
17,4,128,12,0.631130576133728,0.35761338472366333
17,4,128,13,0.7940465211868286,0.12198182940483093
17,4,128,14,0.826719343662262,0.11690730601549149
17,4,128,15,0.4317632019519806,0.163340225815773
17,4,128,16,0.3998941481113434,0.0962047204375267
17,4,128,17,0.8631541728973389,0.0914861336350441
17,4,128,18,0.3794935941696167,0.2661648392677307
17,4,128,19,0.6256642937660217,0.37132200598716736
17,4,128,20,0.3714052736759186,0.29511207342147827
17,4,128,21,0.5381322503089905,0.07082018256187439
17,4,128,22,0.6544440984725952,0.29488715529441833
17,4,128,23,0.4600831866264343,0.13509923219680786
17,4,128,24,0.29846516251564026,0.2793910503387451
17,4,128,25,0.34210625290870667,0.14545461535453796
17,4,128,26,0.581247091293335,0.10319619625806808
17,4,128,27,0.7217822074890137,0.2659147381782532
17,4,128,28,0.5499477982521057,0.17076203227043152
17,4,128,29,0.8044971823692322,0.13451281189918518
17,4,128,30,0.6969488263130188,0.21684865653514862
17,4,128,31,0.6358261108398438,0.201715886592865
17,4,128,32,0.48781514167785645,0.22567231953144073
17,4,128,33,0.4209508001804352,0.19247151911258698
17,4,128,34,0.5391822457313538,0.0863596573472023
17,4,128,35,0.3710338771343231,0.18210168182849884
17,4,128,36,0.6434056758880615,0.3303360939025879
17,4,128,37,0.5282837748527527,0.1842992603778839
17,4,128,38,0.5772879719734192,0.1788027435541153
17,4,128,39,0.3188328146934509,0.0765191987156868
17,4,128,40,0.584830105304718,0.06324466317892075
17,4,128,41,0.46074801683425903,0.33967238664627075
17,4,128,42,0.5588894486427307,0.10068035125732422
17,4,128,43,0.43045473098754883,0.22421027719974518
17,4,128,44,0.65410315990448,0.3115989565849304
17,4,128,45,0.5802395939826965,0.08192633837461472
17,4,128,46,0.4102681577205658,0.08220860362052917
17,4,128,47,0.8209879398345947,0.14713777601718903
17,4,128,48,0.7193255424499512,0.24107487499713898
17,4,128,49,0.6726710200309753,0.29074615240097046
17,4,128,50,0.6748237609863281,0.33456987142562866
17,4,128,51,0.4018643796443939,0.2819085717201233
17,4,128,52,0.5929468870162964,0.05942150577902794
17,4,128,53,0.684134840965271,0.20555642247200012
17,4,128,54,0.37207213044166565,0.24707837402820587
17,4,128,55,0.661936342716217,0.30104249715805054
17,4,128,56,0.6497512459754944,0.2907664179801941
17,4,128,57,0.6483900547027588,0.3421971797943115
17,4,128,58,0.2719469666481018,0.10717212408781052
17,4,128,59,0.6814715266227722,0.13659749925136566
17,4,128,60,0.20952108502388,0.17897368967533112
17,4,128,61,0.6835260987281799,0.2931838035583496
17,4,128,62,0.688734769821167,0.27050161361694336
17,4,128,63,0.6375565528869629,0.11117643117904663
17,4,128,64,0.7317168712615967,0.2398558408021927
17,4,128,65,0.6746487617492676,0.09255479276180267
17,4,128,66,0.6773921847343445,0.13206607103347778
17,4,128,67,0.47225362062454224,0.12341847270727158
17,4,128,68,0.7862923741340637,0.164234459400177
17,4,128,69,0.5457267165184021,0.22640946507453918
17,4,128,70,0.670991837978363,0.25634530186653137
17,4,128,71,0.5371823310852051,0.10283815860748291
17,4,128,72,0.2837699055671692,0.11404532939195633
17,4,128,73,0.7644717693328857,0.12726983428001404
17,4,128,74,0.6913729310035706,0.2948382794857025
17,4,128,75,0.35293275117874146,0.13736794888973236
17,4,128,76,0.6115015149116516,0.13049933314323425
17,4,128,77,0.6645346283912659,0.10833019763231277
17,4,128,78,0.48353150486946106,0.182534322142601
17,4,128,79,0.40241867303848267,0.1505846381187439
17,4,128,80,0.48355910181999207,0.16487610340118408
17,4,128,81,0.631483793258667,0.07435226440429688
17,4,128,82,0.5743046998977661,0.18138304352760315
17,4,128,83,0.6627792716026306,0.1166793555021286
17,4,128,84,0.7121034860610962,0.2012629210948944
17,4,128,85,0.7595338821411133,0.20055943727493286
17,4,128,86,0.5346264839172363,0.1889900267124176
17,4,128,87,0.3951241970062256,0.33463725447654724
17,4,128,88,0.519138753414154,0.19005730748176575
17,4,128,89,0.32699355483055115,0.22830550372600555
17,4,128,90,0.32202208042144775,0.14280040562152863
17,4,128,91,0.4452143609523773,0.1612984538078308
17,4,128,92,0.3572826087474823,0.1138172522187233
17,4,128,93,0.37956100702285767,0.28985410928726196
17,4,128,94,0.741848886013031,0.2299439013004303
17,4,128,95,0.6413527131080627,0.11691109091043472
17,4,128,96,0.6788970232009888,0.1517716497182846
17,4,128,97,0.7142700552940369,0.24319888651371002
17,4,128,98,0.3426628112792969,0.2142471969127655
17,4,128,99,0.45449069142341614,0.12414656579494476
17,4,128,100,0.44817763566970825,0.10399169474840164
17,4,128,101,0.6623543500900269,0.2617795467376709
17,4,128,102,0.6694212555885315,0.10516049712896347
17,4,128,103,0.7669637799263,0.20273970067501068
17,4,128,104,0.7028916478157043,0.2835659682750702
17,4,128,105,0.25444620847702026,0.15836812555789948
17,4,128,106,0.39147719740867615,0.19046032428741455
17,4,128,107,0.8099174499511719,0.19072815775871277
17,4,128,108,0.33712199330329895,0.17806904017925262
17,4,128,109,0.38126370310783386,0.1961020678281784
17,4,128,110,0.7303497791290283,0.28778505325317383
17,4,128,111,0.7198701500892639,0.27805355191230774
17,4,128,112,0.37089788913726807,0.30642613768577576
17,4,128,113,0.40405595302581787,0.13814981281757355
17,4,128,114,0.7266577482223511,0.21645566821098328
17,4,128,115,0.6623013615608215,0.2659427523612976
17,4,128,116,0.6371253132820129,0.1517636924982071
17,4,128,117,0.40441256761550903,0.12918314337730408
17,4,128,118,0.7427548766136169,0.1820572018623352
17,4,128,119,0.4246862530708313,0.263679176568985
17,4,128,120,0.7296345829963684,0.11661479622125626
17,4,128,121,0.865056574344635,0.10327360779047012
17,4,128,122,0.6843099594116211,0.33962780237197876
17,4,128,123,0.631104588508606,0.350203275680542
17,4,128,124,0.5988131165504456,0.14538326859474182
17,4,128,125,0.8262304663658142,0.13377636671066284
17,4,128,126,0.5086485147476196,0.0830509290099144
17,4,128,127,0.7728714346885681,0.11870396137237549
17,5,128,0,0.719071090221405,0.1778319925069809
17,5,128,1,0.46903595328330994,0.17236728966236115
17,5,128,2,0.8086283206939697,0.11811067163944244
17,5,128,3,0.4209020435810089,0.21558137238025665
17,5,128,4,0.631657063961029,0.0430368036031723
17,5,128,5,0.7194693088531494,0.08340199291706085
17,5,128,6,0.694564938545227,0.05362518131732941
17,5,128,7,0.4721931517124176,0.08215204626321793
17,5,128,8,0.6684399247169495,0.09298639744520187
17,5,128,9,0.6837254166603088,0.10129577666521072
17,5,128,10,0.5027870535850525,0.1878199428319931
17,5,128,11,0.42091694474220276,0.14403624832630157
17,5,128,12,0.7322709560394287,0.17183144390583038
17,5,128,13,0.7345330119132996,0.0759875550866127
17,5,128,14,0.729876697063446,0.13355855643749237
17,5,128,15,0.4288223385810852,0.08924051374197006
17,5,128,16,0.43975067138671875,0.13973738253116608
17,5,128,17,0.7718501687049866,0.1474953442811966
17,5,128,18,0.7360900044441223,0.06664473563432693
17,5,128,19,0.4782778322696686,0.05913025513291359
17,5,128,20,0.7054699659347534,0.0726110190153122
17,5,128,21,0.334524929523468,0.13376350700855255
17,5,128,22,0.6161825656890869,0.12082038819789886
17,5,128,23,0.42964357137680054,0.08845143765211105
17,5,128,24,0.508127748966217,0.1588967740535736
17,5,128,25,0.5401729345321655,0.11945509910583496
17,5,128,26,0.5399686694145203,0.08743079751729965
17,5,128,27,0.6918355822563171,0.17221906781196594
17,5,128,28,0.767652690410614,0.06591638177633286
17,5,128,29,0.714539110660553,0.20812982320785522
17,5,128,30,0.6466785073280334,0.08672210574150085
17,5,128,31,0.7017820477485657,0.09062524884939194
17,5,128,32,0.5989024043083191,0.13953496515750885
17,5,128,33,0.7768967151641846,0.09003856033086777
17,5,128,34,0.6176319122314453,0.13410775363445282
17,5,128,35,0.574408769607544,0.03724103793501854
17,5,128,36,0.7185330986976624,0.19353130459785461
17,5,128,37,0.6658072471618652,0.06617145240306854
17,5,128,38,0.6064468622207642,0.04398166760802269
17,5,128,39,0.6051788330078125,0.11065318435430527
17,5,128,40,0.7632790207862854,0.13367609679698944
17,5,128,41,0.7609075903892517,0.11316598206758499
17,5,128,42,0.6837083697319031,0.07459670305252075
17,5,128,43,0.7031805515289307,0.13174818456172943
17,5,128,44,0.49650371074676514,0.08288321644067764
17,5,128,45,0.7196122407913208,0.1730613261461258
17,5,128,46,0.6675164103507996,0.05608770251274109
17,5,128,47,0.6291186809539795,0.05242365598678589
17,5,128,48,0.694930911064148,0.243443563580513
17,5,128,49,0.6343393325805664,0.07267405092716217
17,5,128,50,0.6374789476394653,0.09886112809181213
17,5,128,51,0.5678313970565796,0.07189200073480606
17,5,128,52,0.4843556880950928,0.1552548110485077
17,5,128,53,0.49138596653938293,0.0529591403901577
17,5,128,54,0.5073103904724121,0.10082869976758957
17,5,128,55,0.7075506448745728,0.05290740728378296
17,5,128,56,0.7471493482589722,0.15757262706756592
17,5,128,57,0.7282971143722534,0.1687275469303131
17,5,128,58,0.37364551424980164,0.11000322550535202
17,5,128,59,0.5518219470977783,0.11873046308755875
17,5,128,60,0.42337435483932495,0.175120547413826
17,5,128,61,0.5095248818397522,0.037149716168642044
17,5,128,62,0.7539730072021484,0.10929224640130997
17,5,128,63,0.6331486701965332,0.055215369910001755
17,5,128,64,0.6997438669204712,0.11588448286056519
17,5,128,65,0.626630961894989,0.06049858406186104
17,5,128,66,0.6073834896087646,0.08209550380706787
17,5,128,67,0.6077941656112671,0.12003359198570251
17,5,128,68,0.8158911466598511,0.10526130348443985
17,5,128,69,0.46905720233917236,0.11657682061195374
17,5,128,70,0.7201879024505615,0.12721817195415497
17,5,128,71,0.6425597071647644,0.06511681526899338
17,5,128,72,0.690876305103302,0.12197645008563995
17,5,128,73,0.5477965474128723,0.07007056474685669
17,5,128,74,0.7560314536094666,0.14721056818962097
17,5,128,75,0.6488819718360901,0.07000644505023956
17,5,128,76,0.6026879549026489,0.10289100557565689
17,5,128,77,0.680834949016571,0.07632316648960114
17,5,128,78,0.5923713445663452,0.07390893995761871
17,5,128,79,0.608587384223938,0.08794423937797546
17,5,128,80,0.5730595588684082,0.03028569556772709
17,5,128,81,0.7297936081886292,0.09592965245246887
17,5,128,82,0.7805653214454651,0.12894804775714874
17,5,128,83,0.48030829429626465,0.04036560282111168
17,5,128,84,0.7281849384307861,0.12431041896343231
17,5,128,85,0.6877161860466003,0.08418170362710953
17,5,128,86,0.537724494934082,0.027107879519462585
17,5,128,87,0.5819652080535889,0.04585064947605133
17,5,128,88,0.35730376839637756,0.05538608506321907
17,5,128,89,0.5836353898048401,0.1179267093539238
17,5,128,90,0.46973663568496704,0.032852597534656525
17,5,128,91,0.6280815601348877,0.06356524676084518
17,5,128,92,0.5900962948799133,0.11208949983119965
17,5,128,93,0.6068819165229797,0.04783526435494423
17,5,128,94,0.8055710196495056,0.12131279706954956
17,5,128,95,0.6185023188591003,0.055012885481119156
17,5,128,96,0.676566481590271,0.06477862596511841
17,5,128,97,0.36446213722229004,0.11560450494289398
17,5,128,98,0.4055190086364746,0.1374640017747879
17,5,128,99,0.5525771975517273,0.1378689557313919
17,5,128,100,0.4332922101020813,0.08531232923269272
17,5,128,101,0.4909486174583435,0.0960492193698883
17,5,128,102,0.36184778809547424,0.13522087037563324
17,5,128,103,0.72516268491745,0.09884177893400192
17,5,128,104,0.7633206248283386,0.15157322585582733
17,5,128,105,0.42310771346092224,0.08879577368497849
17,5,128,106,0.6009438037872314,0.1070220097899437
17,5,128,107,0.6641348004341125,0.04569954052567482
17,5,128,108,0.6173511743545532,0.1007159873843193
17,5,128,109,0.5680687427520752,0.1378518044948578
17,5,128,110,0.7284773588180542,0.09513488411903381
17,5,128,111,0.6617142558097839,0.09492753446102142
17,5,128,112,0.4330252408981323,0.10718931257724762
17,5,128,113,0.6728051900863647,0.04357652738690376
17,5,128,114,0.7274703979492188,0.16164332628250122
17,5,128,115,0.6864211559295654,0.07118057459592819
17,5,128,116,0.7104450464248657,0.17017996311187744
17,5,128,117,0.5090089440345764,0.1139402985572815
17,5,128,118,0.5408431887626648,0.10878357291221619
17,5,128,119,0.7391145825386047,0.1377779245376587
17,5,128,120,0.7160627245903015,0.055817946791648865
17,5,128,121,0.7502703666687012,0.17086881399154663
17,5,128,122,0.6526272296905518,0.13753141462802887
17,5,128,123,0.5053820610046387,0.09306272864341736
17,5,128,124,0.6503774523735046,0.12502840161323547
17,5,128,125,0.7771185636520386,0.13816994428634644
17,5,128,126,0.78741455078125,0.12131524085998535
17,5,128,127,0.6587440371513367,0.07567528635263443
18,0,32,0,0.38933345675468445,0.052543167024850845
18,0,32,1,0.36920708417892456,0.057508692145347595
18,0,32,2,0.6097084283828735,0.07657179236412048
18,0,32,3,0.42938289046287537,0.0896330252289772
18,0,32,4,0.4323579668998718,0.11272862553596497
18,0,32,5,0.3838790953159332,0.10212641209363937
18,0,32,6,0.6216622591018677,0.06439478695392609
18,0,32,7,0.4250132441520691,0.071163609623909
18,0,32,8,0.3776877522468567,0.03832058981060982
18,0,32,9,0.5022064447402954,0.09280669689178467
18,0,32,10,0.49439018964767456,0.02790120430290699
18,0,32,11,0.37993207573890686,0.09187984466552734
18,0,32,12,0.5900837779045105,0.04431697353720665
18,0,32,13,0.48201489448547363,0.03055817261338234
18,0,32,14,0.6334373354911804,0.06864398717880249
18,0,32,15,0.4863496422767639,0.07263195514678955
18,0,32,16,0.4507162570953369,0.06261582672595978
18,0,32,17,0.5387013554573059,0.0698176920413971
18,0,32,18,0.5088074803352356,0.10999276489019394
18,0,32,19,0.51130610704422,0.033440880477428436
18,0,32,20,0.47608432173728943,0.08079729974269867
18,0,32,21,0.534817099571228,0.07780902087688446
18,0,32,22,0.3864594101905823,0.07198815047740936
18,0,32,23,0.39292997121810913,0.033115603029727936
18,0,32,24,0.4118827283382416,0.08732624351978302
18,0,32,25,0.4678505063056946,0.027532681822776794
18,0,32,26,0.5355169773101807,0.038605865091085434
18,0,32,27,0.45114144682884216,0.09197118878364563
18,0,32,28,0.4639912545681,0.10389619320631027
18,0,32,29,0.5942455530166626,0.01890975423157215
18,0,32,30,0.5412602424621582,0.040570538491010666
18,0,32,31,0.4207206666469574,0.04786727577447891
18,1,32,0,0.4370137155056,0.0467463843524456
18,1,32,1,0.5088625550270081,0.03297612443566322
18,1,32,2,0.40200644731521606,0.038418807089328766
18,1,32,3,0.4419070780277252,0.015306060202419758
18,1,32,4,0.4316968321800232,0.0493050292134285
18,1,32,5,0.5767338871955872,0.06067768111824989
18,1,32,6,0.5831714868545532,0.04936092346906662
18,1,32,7,0.4927472472190857,0.04614521190524101
18,1,32,8,0.4617953300476074,0.048785846680402756
18,1,32,9,0.46013420820236206,0.04428042098879814
18,1,32,10,0.39993467926979065,0.04083751514554024
18,1,32,11,0.5856440663337708,0.032376840710639954
18,1,32,12,0.40334004163742065,0.07037440687417984
18,1,32,13,0.4262983798980713,0.04031233862042427
18,1,32,14,0.5195506811141968,0.04971281811594963
18,1,32,15,0.3849285840988159,0.037590958178043365
18,1,32,16,0.5014575123786926,0.04689921438694
18,1,32,17,0.47516241669654846,0.0440278984606266
18,1,32,18,0.48610010743141174,0.028973564505577087
18,1,32,19,0.42464733123779297,0.015103387646377087
18,1,32,20,0.3874441981315613,0.04579742252826691
18,1,32,21,0.5769292712211609,0.02684730663895607
18,1,32,22,0.5282199382781982,0.04051888361573219
18,1,32,23,0.37895891070365906,0.024902017787098885
18,1,32,24,0.6154626607894897,0.018856501206755638
18,1,32,25,0.637134850025177,0.029622413218021393
18,1,32,26,0.5374156832695007,0.04253515973687172
18,1,32,27,0.534756064414978,0.057597436010837555
18,1,32,28,0.4445574879646301,0.036718737334012985
18,1,32,29,0.5352895259857178,0.0625803992152214
18,1,32,30,0.5657767057418823,0.0280121061950922
18,1,32,31,0.5777869820594788,0.04105052351951599
18,2,64,0,0.4667702615261078,0.04529379680752754
18,2,64,1,0.4562496244907379,0.11645050346851349
18,2,64,2,0.5465080142021179,0.0648023784160614
18,2,64,3,0.5890332460403442,0.06451015919446945
18,2,64,4,0.5448254942893982,0.11021856963634491
18,2,64,5,0.4682362973690033,0.07476437091827393
18,2,64,6,0.5009554624557495,0.09676419198513031
18,2,64,7,0.513821005821228,0.11159543693065643
18,2,64,8,0.4776275157928467,0.08642594516277313
18,2,64,9,0.5798510313034058,0.031744055449962616
18,2,64,10,0.4986794888973236,0.0802791640162468
18,2,64,11,0.5198652148246765,0.037957679480314255
18,2,64,12,0.5282366871833801,0.08289095014333725
18,2,64,13,0.611778736114502,0.020975159481167793
18,2,64,14,0.5429489016532898,0.08958743512630463
18,2,64,15,0.5516822934150696,0.06585036218166351
18,2,64,16,0.4995974600315094,0.033842168748378754
18,2,64,17,0.4305545389652252,0.06633556634187698
18,2,64,18,0.5142031311988831,0.052753325551748276
18,2,64,19,0.5622308850288391,0.06907107681035995
18,2,64,20,0.5597297549247742,0.04406886175274849
18,2,64,21,0.4812273383140564,0.044358063489198685
18,2,64,22,0.4688189625740051,0.042522281408309937
18,2,64,23,0.42538151144981384,0.05844181030988693
18,2,64,24,0.587236762046814,0.04455979913473129
18,2,64,25,0.45722800493240356,0.06712999939918518
18,2,64,26,0.40550416707992554,0.0630185604095459
18,2,64,27,0.5733386874198914,0.04052652791142464
18,2,64,28,0.6112959980964661,0.055591121315956116
18,2,64,29,0.4926835000514984,0.031398724764585495
18,2,64,30,0.4601844847202301,0.11110623180866241
18,2,64,31,0.4480741024017334,0.03514086827635765
18,2,64,32,0.5317478775978088,0.055158745497465134
18,2,64,33,0.4601571559906006,0.05531745031476021
18,2,64,34,0.41324272751808167,0.08308518677949905
18,2,64,35,0.48360028862953186,0.02909747138619423
18,2,64,36,0.48800128698349,0.057297833263874054
18,2,64,37,0.5162709951400757,0.03003840707242489
18,2,64,38,0.47443780303001404,0.04950391501188278
18,2,64,39,0.42945829033851624,0.07913494110107422
18,2,64,40,0.36652475595474243,0.06306830793619156
18,2,64,41,0.5867995023727417,0.0455952063202858
18,2,64,42,0.4034189283847809,0.07473369687795639
18,2,64,43,0.4724360406398773,0.0655614584684372
18,2,64,44,0.4945240914821625,0.12498553097248077
18,2,64,45,0.47402501106262207,0.06286022067070007
18,2,64,46,0.4456823468208313,0.06589375436306
18,2,64,47,0.38880690932273865,0.05333958566188812
18,2,64,48,0.49249815940856934,0.059661880135536194
18,2,64,49,0.41264620423316956,0.04218362271785736
18,2,64,50,0.38509050011634827,0.09669408947229385
18,2,64,51,0.44196343421936035,0.08304864913225174
18,2,64,52,0.44913285970687866,0.06174842268228531
18,2,64,53,0.5624874830245972,0.05020126327872276
18,2,64,54,0.5169833302497864,0.10252129286527634
18,2,64,55,0.5306850075721741,0.03123295120894909
18,2,64,56,0.3702571988105774,0.05122897028923035
18,2,64,57,0.43103545904159546,0.050846781581640244
18,2,64,58,0.5082871913909912,0.04511119797825813
18,2,64,59,0.5683953762054443,0.05661679059267044
18,2,64,60,0.517190158367157,0.027428679168224335
18,2,64,61,0.46146392822265625,0.04511019587516785
18,2,64,62,0.502760112285614,0.06525842100381851
18,2,64,63,0.4968382716178894,0.06510902941226959
18,3,64,0,0.5767077207565308,0.030654532834887505
18,3,64,1,0.4816533029079437,0.05365610867738724
18,3,64,2,0.5396573543548584,0.051741622388362885
18,3,64,3,0.517730712890625,0.0895797461271286
18,3,64,4,0.5586064457893372,0.04931655153632164
18,3,64,5,0.5549980401992798,0.03824242949485779
18,3,64,6,0.5814821124076843,0.07042165845632553
18,3,64,7,0.644929051399231,0.06009959429502487
18,3,64,8,0.5687397718429565,0.04637134447693825
18,3,64,9,0.4118080735206604,0.04353256896138191
18,3,64,10,0.5950824022293091,0.08172512799501419
18,3,64,11,0.5415488481521606,0.04827272519469261
18,3,64,12,0.5378661155700684,0.06806550174951553
18,3,64,13,0.459725558757782,0.07137414813041687
18,3,64,14,0.5206255912780762,0.07001705467700958
18,3,64,15,0.5379337072372437,0.06745656579732895
18,3,64,16,0.5570968389511108,0.07038108259439468
18,3,64,17,0.5036072134971619,0.07136179506778717
18,3,64,18,0.5750174522399902,0.04671173915266991
18,3,64,19,0.5702380537986755,0.058367613703012466
18,3,64,20,0.5781775712966919,0.06348226964473724
18,3,64,21,0.47975391149520874,0.07923613488674164
18,3,64,22,0.48394614458084106,0.07626832276582718
18,3,64,23,0.48235592246055603,0.06874853372573853
18,3,64,24,0.4203951954841614,0.05252200365066528
18,3,64,25,0.49430733919143677,0.05628864839673042
18,3,64,26,0.6779028177261353,0.07373186200857162
18,3,64,27,0.5765110850334167,0.059688303619623184
18,3,64,28,0.5102011561393738,0.05600005015730858
18,3,64,29,0.5024478435516357,0.07246705144643784
18,3,64,30,0.468158483505249,0.07415260374546051
18,3,64,31,0.5582500100135803,0.08084385842084885
18,3,64,32,0.6147222518920898,0.05200418084859848
18,3,64,33,0.6015332937240601,0.08463767915964127
18,3,64,34,0.5167295336723328,0.055565182119607925
18,3,64,35,0.5151543617248535,0.06731369346380234
18,3,64,36,0.4383925497531891,0.08537044376134872
18,3,64,37,0.4882187843322754,0.07553493231534958
18,3,64,38,0.4143894612789154,0.05367867276072502
18,3,64,39,0.43133053183555603,0.07378346472978592
18,3,64,40,0.46282443404197693,0.05554698407649994
18,3,64,41,0.5839136838912964,0.0589805468916893
18,3,64,42,0.6003941893577576,0.07580752670764923
18,3,64,43,0.4477372169494629,0.05255057290196419
18,3,64,44,0.5355433821678162,0.050247374922037125
18,3,64,45,0.3410540819168091,0.059773821383714676
18,3,64,46,0.5913125276565552,0.06608547270298004
18,3,64,47,0.4962381422519684,0.06543343514204025
18,3,64,48,0.48109883069992065,0.05412989854812622
18,3,64,49,0.446023166179657,0.03172629326581955
18,3,64,50,0.5172448754310608,0.08427262306213379
18,3,64,51,0.43813785910606384,0.0667533278465271
18,3,64,52,0.535781979560852,0.0778292715549469
18,3,64,53,0.6862885355949402,0.07110254466533661
18,3,64,54,0.4945932924747467,0.09738952666521072
18,3,64,55,0.46528252959251404,0.06450336426496506
18,3,64,56,0.44589394330978394,0.07069072127342224
18,3,64,57,0.5460366606712341,0.024852223694324493
18,3,64,58,0.5366569757461548,0.048833347856998444
18,3,64,59,0.46519556641578674,0.07419802993535995
18,3,64,60,0.5266233086585999,0.04730932414531708
18,3,64,61,0.5157291293144226,0.025898344814777374
18,3,64,62,0.5340549349784851,0.07944005727767944
18,3,64,63,0.5425447225570679,0.0417867936193943
18,4,128,0,0.5478746294975281,0.15299856662750244
18,4,128,1,0.7380839586257935,0.19795672595500946
18,4,128,2,0.38291385769844055,0.16367922723293304
18,4,128,3,0.374522864818573,0.15191340446472168
18,4,128,4,0.7097736597061157,0.1553615927696228
18,4,128,5,0.5593846440315247,0.2005816251039505
18,4,128,6,0.5850791335105896,0.2712671160697937
18,4,128,7,0.6243034601211548,0.22167325019836426
18,4,128,8,0.49418672919273376,0.11720861494541168
18,4,128,9,0.425971120595932,0.16854402422904968
18,4,128,10,0.6156307458877563,0.08484668284654617
18,4,128,11,0.28673484921455383,0.08991968631744385
18,4,128,12,0.6939727663993835,0.1098397746682167
18,4,128,13,0.41197675466537476,0.04828757792711258
18,4,128,14,0.33270177245140076,0.07001923769712448
18,4,128,15,0.5771900415420532,0.07609939575195312
18,4,128,16,0.6925209760665894,0.10453880578279495
18,4,128,17,0.552115797996521,0.2150152027606964
18,4,128,18,0.5960764288902283,0.12596313655376434
18,4,128,19,0.31606560945510864,0.07521910965442657
18,4,128,20,0.39975908398628235,0.1718112677335739
18,4,128,21,0.4633250832557678,0.025542695075273514
18,4,128,22,0.5883151888847351,0.12510661780834198
18,4,128,23,0.44869643449783325,0.043254438787698746
18,4,128,24,0.6036986708641052,0.057341862469911575
18,4,128,25,0.5324987769126892,0.18295153975486755
18,4,128,26,0.464977890253067,0.06802809983491898
18,4,128,27,0.5850356221199036,0.051496002823114395
18,4,128,28,0.5532534718513489,0.15717901289463043
18,4,128,29,0.6408929824829102,0.2016814798116684
18,4,128,30,0.5413418412208557,0.05587085708975792
18,4,128,31,0.33359280228614807,0.09718367457389832
18,4,128,32,0.5186948180198669,0.08968652784824371
18,4,128,33,0.3554738163948059,0.08898163586854935
18,4,128,34,0.5452488660812378,0.15984396636486053
18,4,128,35,0.35024523735046387,0.10328352451324463
18,4,128,36,0.7254713773727417,0.22297877073287964
18,4,128,37,0.4481288492679596,0.03309241309762001
18,4,128,38,0.25913146138191223,0.16351523995399475
18,4,128,39,0.6767330169677734,0.13103964924812317
18,4,128,40,0.5022960901260376,0.0774710401892662
18,4,128,41,0.7090646624565125,0.16787244379520416
18,4,128,42,0.508600115776062,0.07024810463190079
18,4,128,43,0.6187164187431335,0.22604875266551971
18,4,128,44,0.44149866700172424,0.11942056566476822
18,4,128,45,0.5567826628684998,0.19659551978111267
18,4,128,46,0.39495882391929626,0.0491509772837162
18,4,128,47,0.6752429008483887,0.2813531160354614
18,4,128,48,0.6983858346939087,0.13753865659236908
18,4,128,49,0.6298689246177673,0.06833577901124954
18,4,128,50,0.756585419178009,0.1560043841600418
18,4,128,51,0.5792290568351746,0.02425730973482132
18,4,128,52,0.4040471911430359,0.07242830097675323
18,4,128,53,0.44252651929855347,0.037632107734680176
18,4,128,54,0.6812401413917542,0.28417426347732544
18,4,128,55,0.4972005784511566,0.07214479893445969
18,4,128,56,0.6673299670219421,0.23866671323776245
18,4,128,57,0.360536128282547,0.07305140048265457
18,4,128,58,0.30103760957717896,0.10843868553638458
18,4,128,59,0.7416289448738098,0.1233288049697876
18,4,128,60,0.686722457408905,0.12309740483760834
18,4,128,61,0.5171335339546204,0.10221434384584427
18,4,128,62,0.39692923426628113,0.16515110433101654
18,4,128,63,0.6857011914253235,0.08355273306369781
18,4,128,64,0.5218149423599243,0.07662058621644974
18,4,128,65,0.6281777620315552,0.12390411645174026
18,4,128,66,0.3933318555355072,0.09574117511510849
18,4,128,67,0.5116804838180542,0.05157448723912239
18,4,128,68,0.7219358086585999,0.07866660505533218
18,4,128,69,0.6337381601333618,0.07781537622213364
18,4,128,70,0.19638648629188538,0.10468108206987381
18,4,128,71,0.7173733711242676,0.09883689135313034
18,4,128,72,0.48800936341285706,0.15112416446208954
18,4,128,73,0.5171880722045898,0.089729443192482
18,4,128,74,0.5792532563209534,0.15238521993160248
18,4,128,75,0.22206242382526398,0.09394875168800354
18,4,128,76,0.4106109142303467,0.06633566319942474
18,4,128,77,0.5169425010681152,0.12813368439674377
18,4,128,78,0.5858087539672852,0.13109220564365387
18,4,128,79,0.40777263045310974,0.050482336431741714
18,4,128,80,0.2969149947166443,0.18639974296092987
18,4,128,81,0.588386595249176,0.19657239317893982
18,4,128,82,0.6094977259635925,0.05675976723432541
18,4,128,83,0.7666017413139343,0.11607947200536728
18,4,128,84,0.6616695523262024,0.06997288763523102
18,4,128,85,0.47989359498023987,0.07529687136411667
18,4,128,86,0.5858208537101746,0.07916608452796936
18,4,128,87,0.4562733769416809,0.07807225733995438
18,4,128,88,0.2845090925693512,0.10814040154218674
18,4,128,89,0.4554581642150879,0.08609626442193985
18,4,128,90,0.61473548412323,0.20052435994148254
18,4,128,91,0.5650004744529724,0.1683221012353897
18,4,128,92,0.711422860622406,0.08135751634836197
18,4,128,93,0.6784637570381165,0.12842519581317902
18,4,128,94,0.5183904767036438,0.04824550449848175
18,4,128,95,0.5576931238174438,0.228104829788208
18,4,128,96,0.5178850293159485,0.07480236142873764
18,4,128,97,0.7469229102134705,0.09640781581401825
18,4,128,98,0.6646279096603394,0.12947723269462585
18,4,128,99,0.6717215180397034,0.11188508570194244
18,4,128,100,0.6298835873603821,0.1395294964313507
18,4,128,101,0.44800129532814026,0.046576373279094696
18,4,128,102,0.7884999513626099,0.17173759639263153
18,4,128,103,0.479297399520874,0.22589951753616333
18,4,128,104,0.4655185639858246,0.08364316076040268
18,4,128,105,0.6265500783920288,0.06780929863452911
18,4,128,106,0.6957188248634338,0.07106678187847137
18,4,128,107,0.28102248907089233,0.10364256799221039
18,4,128,108,0.5966943502426147,0.20366983115673065
18,4,128,109,0.8022475242614746,0.15101294219493866
18,4,128,110,0.5208660364151001,0.06032797694206238
18,4,128,111,0.26603591442108154,0.1024254634976387
18,4,128,112,0.42944684624671936,0.15294839441776276
18,4,128,113,0.2739860415458679,0.07498320192098618
18,4,128,114,0.4616517126560211,0.15113863348960876
18,4,128,115,0.5911992788314819,0.14362290501594543
18,4,128,116,0.7407585978507996,0.15423916280269623
18,4,128,117,0.7300369739532471,0.16246192157268524
18,4,128,118,0.4950431287288666,0.1348956972360611
18,4,128,119,0.522816002368927,0.0949147418141365
18,4,128,120,0.47330793738365173,0.11433117836713791
18,4,128,121,0.4093239903450012,0.19546246528625488
18,4,128,122,0.6179294586181641,0.03564608469605446
18,4,128,123,0.3622603416442871,0.055467426776885986
18,4,128,124,0.611268162727356,0.22502435743808746
18,4,128,125,0.5087897777557373,0.05884036794304848
18,4,128,126,0.7336639165878296,0.13835610449314117
18,4,128,127,0.49490007758140564,0.14472009241580963
18,5,128,0,0.5875722765922546,0.13703979551792145
18,5,128,1,0.6838340163230896,0.06712152808904648
18,5,128,2,0.4750627875328064,0.10820275545120239
18,5,128,3,0.5998282432556152,0.05079078674316406
18,5,128,4,0.694811999797821,0.10740970075130463
18,5,128,5,0.4799216687679291,0.05959409847855568
18,5,128,6,0.29680076241493225,0.050345417112112045
18,5,128,7,0.49828463792800903,0.03129417821764946
18,5,128,8,0.5939245223999023,0.24595069885253906
18,5,128,9,0.5601535439491272,0.03175875172019005
18,5,128,10,0.5877860188484192,0.07590082287788391
18,5,128,11,0.4609019160270691,0.06590790301561356
18,5,128,12,0.5515937805175781,0.034520674496889114
18,5,128,13,0.6418467164039612,0.07102473080158234
18,5,128,14,0.6284500956535339,0.12325039505958557
18,5,128,15,0.4886186122894287,0.09330296516418457
18,5,128,16,0.5154129266738892,0.04454967379570007
18,5,128,17,0.562140941619873,0.043598443269729614
18,5,128,18,0.534640371799469,0.034995753318071365
18,5,128,19,0.5972545146942139,0.06593314558267593
18,5,128,20,0.41212090849876404,0.19016872346401215
18,5,128,21,0.4892421364784241,0.03846237435936928
18,5,128,22,0.33765682578086853,0.06784519553184509
18,5,128,23,0.7369213104248047,0.14145518839359283
18,5,128,24,0.7819780111312866,0.09162106364965439
18,5,128,25,0.6795347929000854,0.18777287006378174
18,5,128,26,0.6152094602584839,0.15623076260089874
18,5,128,27,0.47042542695999146,0.08234567940235138
18,5,128,28,0.5171036124229431,0.09399504959583282
18,5,128,29,0.5025196075439453,0.0636671930551529
18,5,128,30,0.5722789764404297,0.16510061919689178
18,5,128,31,0.6417132019996643,0.04768120124936104
18,5,128,32,0.7953925728797913,0.12347804009914398
18,5,128,33,0.3079618811607361,0.13298192620277405
18,5,128,34,0.6328578591346741,0.18397203087806702
18,5,128,35,0.7246931791305542,0.06440302729606628
18,5,128,36,0.6949282288551331,0.04517021030187607
18,5,128,37,0.5949347615242004,0.07145068794488907
18,5,128,38,0.6516632437705994,0.05152972415089607
18,5,128,39,0.5569504499435425,0.06045667827129364
18,5,128,40,0.5756775736808777,0.2765117585659027
18,5,128,41,0.6247000694274902,0.1242794319987297
18,5,128,42,0.4071177840232849,0.12633971869945526
18,5,128,43,0.6867683529853821,0.11278345435857773
18,5,128,44,0.584518313407898,0.147112175822258
18,5,128,45,0.46275168657302856,0.09075750410556793
18,5,128,46,0.38202300667762756,0.09065614640712738
18,5,128,47,0.599446177482605,0.04807579517364502
18,5,128,48,0.5299157500267029,0.09450317174196243
18,5,128,49,0.6435955166816711,0.08854782581329346
18,5,128,50,0.5477820038795471,0.1101640984416008
18,5,128,51,0.6225649118423462,0.04808114469051361
18,5,128,52,0.6322700381278992,0.23139888048171997
18,5,128,53,0.35994118452072144,0.03699913248419762
18,5,128,54,0.6369368433952332,0.13344384729862213
18,5,128,55,0.4948868751525879,0.06419319659471512
18,5,128,56,0.5865737199783325,0.06590571254491806
18,5,128,57,0.534737229347229,0.13260258734226227
18,5,128,58,0.5990777611732483,0.12652264535427094
18,5,128,59,0.37936481833457947,0.03094920888543129
18,5,128,60,0.7272082567214966,0.20037440955638885
18,5,128,61,0.6453343033790588,0.19952137768268585
18,5,128,62,0.6401961445808411,0.12071387469768524
18,5,128,63,0.8148024678230286,0.11506689339876175
18,5,128,64,0.3792104125022888,0.040478575974702835
18,5,128,65,0.685715913772583,0.1650114506483078
18,5,128,66,0.7184556722640991,0.07855501770973206
18,5,128,67,0.39954447746276855,0.06674258410930634
18,5,128,68,0.7525865435600281,0.1484924703836441
18,5,128,69,0.6537238359451294,0.04024937376379967
18,5,128,70,0.5383309125900269,0.11707742512226105
18,5,128,71,0.5330217480659485,0.05311715975403786
18,5,128,72,0.5478368401527405,0.047740913927555084
18,5,128,73,0.6277983784675598,0.04591848701238632
18,5,128,74,0.5203171968460083,0.2023164927959442
18,5,128,75,0.5543287992477417,0.14440487325191498
18,5,128,76,0.35489368438720703,0.0915696993470192
18,5,128,77,0.5497068166732788,0.17360346019268036
18,5,128,78,0.6529796719551086,0.21840381622314453
18,5,128,79,0.4697830080986023,0.034905921667814255
18,5,128,80,0.3059355914592743,0.08102937042713165
18,5,128,81,0.399557501077652,0.04992139711976051
18,5,128,82,0.3816068470478058,0.07259172946214676
18,5,128,83,0.5044733285903931,0.09900469332933426
18,5,128,84,0.5429512858390808,0.07804715633392334
18,5,128,85,0.35080432891845703,0.09654510766267776
18,5,128,86,0.5288024544715881,0.033258985728025436
18,5,128,87,0.7447589635848999,0.12213776260614395
18,5,128,88,0.6696649193763733,0.18830819427967072
18,5,128,89,0.7228109836578369,0.05464976280927658
18,5,128,90,0.5190328359603882,0.04449746385216713
18,5,128,91,0.5777055621147156,0.045212700963020325
18,5,128,92,0.45796552300453186,0.02367539517581463
18,5,128,93,0.5283615589141846,0.04316473379731178
18,5,128,94,0.7502070665359497,0.05253104120492935
18,5,128,95,0.6344236135482788,0.19265639781951904
18,5,128,96,0.626473069190979,0.09712477773427963
18,5,128,97,0.3849371373653412,0.09787715971469879
18,5,128,98,0.4829273223876953,0.165559783577919
18,5,128,99,0.5975964665412903,0.2235780507326126
18,5,128,100,0.6174019575119019,0.06084886193275452
18,5,128,101,0.5069583058357239,0.16040925681591034
18,5,128,102,0.6354686617851257,0.19241110980510712
18,5,128,103,0.562465250492096,0.035179395228624344
18,5,128,104,0.499777615070343,0.0378950834274292
18,5,128,105,0.3088560104370117,0.07008051872253418
18,5,128,106,0.46984347701072693,0.04491081088781357
18,5,128,107,0.4980912208557129,0.132916659116745
18,5,128,108,0.6191557049751282,0.20319685339927673
18,5,128,109,0.7332276105880737,0.1657494753599167
18,5,128,110,0.5272042155265808,0.07873067259788513
18,5,128,111,0.3611588776111603,0.2062196433544159
18,5,128,112,0.6343528628349304,0.036221276968717575
18,5,128,113,0.38174036145210266,0.15583357214927673
18,5,128,114,0.43542546033859253,0.11038501560688019
18,5,128,115,0.7529181241989136,0.11171332746744156
18,5,128,116,0.4856429100036621,0.04555859789252281
18,5,128,117,0.6228310465812683,0.1279410868883133
18,5,128,118,0.47055181860923767,0.11993822455406189
18,5,128,119,0.4503847062587738,0.12056140601634979
18,5,128,120,0.5561485886573792,0.0644107535481453
18,5,128,121,0.6450483798980713,0.06168101355433464
18,5,128,122,0.40326499938964844,0.07879707217216492
18,5,128,123,0.612646222114563,0.039808668196201324
18,5,128,124,0.4164001941680908,0.14581620693206787
18,5,128,125,0.45523589849472046,0.21139918267726898
18,5,128,126,0.6345996260643005,0.14871926605701447
18,5,128,127,0.6075442433357239,0.12271487712860107
19,0,32,0,0.5377994179725647,0.027827614918351173
19,0,32,1,0.5502538681030273,0.0442691370844841
19,0,32,2,0.5419599413871765,0.016864122822880745
19,0,32,3,0.44646018743515015,0.00958905927836895
19,0,32,4,0.6378592848777771,0.027921268716454506
19,0,32,5,0.395078182220459,0.033796198666095734
19,0,32,6,0.3935283422470093,0.051064394414424896
19,0,32,7,0.4955905079841614,0.008442433550953865
19,0,32,8,0.4599688649177551,0.03872876241803169
19,0,32,9,0.6055817604064941,0.007422930095344782
19,0,32,10,0.5751885175704956,0.016484353691339493
19,0,32,11,0.5619198083877563,0.035476624965667725
19,0,32,12,0.630351185798645,0.02692289650440216
19,0,32,13,0.6287277936935425,0.02424635924398899
19,0,32,14,0.5125986933708191,0.04605732858181
19,0,32,15,0.5907483696937561,0.0057221585884690285
19,0,32,16,0.6339983940124512,0.034433383494615555
19,0,32,17,0.5660062432289124,0.024659156799316406
19,0,32,18,0.5516293048858643,0.016223417595028877
19,0,32,19,0.40911567211151123,0.01817578449845314
19,0,32,20,0.5050050616264343,0.02004529908299446
19,0,32,21,0.5891212224960327,0.02634957805275917
19,0,32,22,0.5037099123001099,0.021245652809739113
19,0,32,23,0.5572912693023682,0.01906464621424675
19,0,32,24,0.5257881879806519,0.03674587607383728
19,0,32,25,0.5637480020523071,0.026462232694029808
19,0,32,26,0.4828587472438812,0.025781359523534775
19,0,32,27,0.4076744318008423,0.01768331602215767
19,0,32,28,0.4564821124076843,0.027968091890215874
19,0,32,29,0.5885188579559326,0.028656097128987312
19,0,32,30,0.4411914646625519,0.041544828563928604
19,0,32,31,0.5578531622886658,0.012667858973145485
19,1,32,0,0.6624920964241028,0.057996418327093124
19,1,32,1,0.5647475123405457,0.07937203347682953
19,1,32,2,0.5622215270996094,0.016773616895079613
19,1,32,3,0.5079348087310791,0.028205683454871178
19,1,32,4,0.4114644229412079,0.045273471623659134
19,1,32,5,0.39138123393058777,0.032301221042871475
19,1,32,6,0.4161053001880646,0.024870403110980988
19,1,32,7,0.46144700050354004,0.0730905681848526
19,1,32,8,0.5422337055206299,0.06357482820749283
19,1,32,9,0.5877172946929932,0.025815540924668312
19,1,32,10,0.4785733222961426,0.06916261464357376
19,1,32,11,0.45878639817237854,0.03277039900422096
19,1,32,12,0.4724377989768982,0.07141348719596863
19,1,32,13,0.42220553755760193,0.05181238055229187
19,1,32,14,0.5765503644943237,0.04281442612409592
19,1,32,15,0.3867947459220886,0.03727705404162407
19,1,32,16,0.540618360042572,0.028383085504174232
19,1,32,17,0.48392993211746216,0.04808990657329559
19,1,32,18,0.4418987035751343,0.029282044619321823
19,1,32,19,0.46613597869873047,0.09191469103097916
19,1,32,20,0.40825632214546204,0.04769296571612358
19,1,32,21,0.5355690717697144,0.04398188367486
19,1,32,22,0.536743700504303,0.0518542043864727
19,1,32,23,0.450822114944458,0.04059484601020813
19,1,32,24,0.5225213170051575,0.09866563975811005
19,1,32,25,0.4802112579345703,0.03365304693579674
19,1,32,26,0.6297471523284912,0.08607663959264755
19,1,32,27,0.3383695185184479,0.07831456512212753
19,1,32,28,0.5052712559700012,0.07012249529361725
19,1,32,29,0.5006343722343445,0.08201025426387787
19,1,32,30,0.6267425417900085,0.04781096801161766
19,1,32,31,0.5735383033752441,0.04252944514155388
19,2,64,0,0.48878049850463867,0.04343465715646744
19,2,64,1,0.5007631778717041,0.06391321867704391
19,2,64,2,0.45247340202331543,0.05062994733452797
19,2,64,3,0.4476581811904907,0.06406774371862411
19,2,64,4,0.5455002784729004,0.06542287766933441
19,2,64,5,0.45597216486930847,0.08746747672557831
19,2,64,6,0.46153607964515686,0.055178266018629074
19,2,64,7,0.4951023459434509,0.05704440921545029
19,2,64,8,0.45246651768684387,0.07262738049030304
19,2,64,9,0.4334430396556854,0.06583578884601593
19,2,64,10,0.46681374311447144,0.09244435280561447
19,2,64,11,0.5122904181480408,0.13568714261054993
19,2,64,12,0.4620524048805237,0.08295551687479019
19,2,64,13,0.5205361843109131,0.09054148942232132
19,2,64,14,0.42574289441108704,0.07932990789413452
19,2,64,15,0.5063602924346924,0.1168348491191864
19,2,64,16,0.45194336771965027,0.09895841777324677
19,2,64,17,0.38152146339416504,0.10275314003229141
19,2,64,18,0.43935516476631165,0.08958172798156738
19,2,64,19,0.47663187980651855,0.09712326526641846
19,2,64,20,0.4488805830478668,0.04666706547141075
19,2,64,21,0.5720285773277283,0.060182999819517136
19,2,64,22,0.555958092212677,0.03697173297405243
19,2,64,23,0.4824310839176178,0.13273608684539795
19,2,64,24,0.5459471940994263,0.0595652274787426
19,2,64,25,0.5355682969093323,0.042957574129104614
19,2,64,26,0.3786889612674713,0.08187907189130783
19,2,64,27,0.46361327171325684,0.06802874058485031
19,2,64,28,0.3933384120464325,0.0642888993024826
19,2,64,29,0.4482302665710449,0.04514992609620094
19,2,64,30,0.4640811085700989,0.06606590747833252
19,2,64,31,0.5440385937690735,0.03570728749036789
19,2,64,32,0.4968058466911316,0.10745295137166977
19,2,64,33,0.4676240086555481,0.025291433557868004
19,2,64,34,0.5337043404579163,0.04732837900519371
19,2,64,35,0.5470943450927734,0.05509309470653534
19,2,64,36,0.4415966868400574,0.05475878342986107
19,2,64,37,0.6361119747161865,0.09136070311069489
19,2,64,38,0.3773919343948364,0.05922449752688408
19,2,64,39,0.4128616452217102,0.0881427526473999
19,2,64,40,0.4936199188232422,0.0853957086801529
19,2,64,41,0.48291707038879395,0.06203000620007515
19,2,64,42,0.5093214511871338,0.06296860426664352
19,2,64,43,0.4308517277240753,0.10528194904327393
19,2,64,44,0.4996817111968994,0.10508079826831818
19,2,64,45,0.4626239240169525,0.08408045023679733
19,2,64,46,0.46356233954429626,0.0516682006418705
19,2,64,47,0.5196484327316284,0.11392094194889069
19,2,64,48,0.40581196546554565,0.09869158267974854
19,2,64,49,0.3751847743988037,0.08587852120399475
19,2,64,50,0.5534691214561462,0.06603693217039108
19,2,64,51,0.49907049536705017,0.07224790006875992
19,2,64,52,0.5916789770126343,0.04312576726078987
19,2,64,53,0.4747365117073059,0.08074905723333359
19,2,64,54,0.4264150857925415,0.08019430190324783
19,2,64,55,0.42973920702934265,0.07123079150915146
19,2,64,56,0.47499212622642517,0.07894006371498108
19,2,64,57,0.4862891733646393,0.06215036287903786
19,2,64,58,0.5060452818870544,0.07297321408987045
19,2,64,59,0.5037646293640137,0.09479671716690063
19,2,64,60,0.4710632860660553,0.06785804033279419
19,2,64,61,0.44465509057044983,0.07107094675302505
19,2,64,62,0.5337387323379517,0.039748743176460266
19,2,64,63,0.5567435026168823,0.08844534307718277
19,3,64,0,0.5900718569755554,0.06791801750659943
19,3,64,1,0.5594030022621155,0.07935856282711029
19,3,64,2,0.6287387013435364,0.10764916986227036
19,3,64,3,0.4898248314857483,0.073489248752594
19,3,64,4,0.4633639454841614,0.07550037652254105
19,3,64,5,0.5309354662895203,0.08616013824939728
19,3,64,6,0.6011520624160767,0.10574778914451599
19,3,64,7,0.4079926609992981,0.07012178748846054
19,3,64,8,0.4684911072254181,0.14757698774337769
19,3,64,9,0.4614544212818146,0.09276153147220612
19,3,64,10,0.5397900342941284,0.040104519575834274
19,3,64,11,0.6146866083145142,0.08330921828746796
19,3,64,12,0.5206265449523926,0.07376597076654434
19,3,64,13,0.5602675676345825,0.052938975393772125
19,3,64,14,0.4099239110946655,0.0910675898194313
19,3,64,15,0.5077524185180664,0.06953266263008118
19,3,64,16,0.5259178876876831,0.10861912369728088
19,3,64,17,0.4686492383480072,0.05107246711850166
19,3,64,18,0.34257856011390686,0.08535035699605942
19,3,64,19,0.49853378534317017,0.0960983857512474
19,3,64,20,0.5459985136985779,0.0624033585190773
19,3,64,21,0.5458911657333374,0.05214801803231239
19,3,64,22,0.45620110630989075,0.0784347653388977
19,3,64,23,0.5125511884689331,0.10466869175434113
19,3,64,24,0.46025383472442627,0.06663133203983307
19,3,64,25,0.4525642693042755,0.08808355778455734
19,3,64,26,0.5003744959831238,0.054135147482156754
19,3,64,27,0.43535947799682617,0.04222827032208443
19,3,64,28,0.4597819149494171,0.0638127252459526
19,3,64,29,0.6112251877784729,0.1225157380104065
19,3,64,30,0.5590226650238037,0.057796187698841095
19,3,64,31,0.4787568747997284,0.04683603346347809
19,3,64,32,0.5825140476226807,0.14679457247257233
19,3,64,33,0.527802050113678,0.12250017374753952
19,3,64,34,0.4746237099170685,0.08264211565256119
19,3,64,35,0.6341121196746826,0.08078022301197052
19,3,64,36,0.5843104124069214,0.07851669192314148
19,3,64,37,0.5686883330345154,0.11444345116615295
19,3,64,38,0.40150609612464905,0.08877989649772644
19,3,64,39,0.5547482967376709,0.08573531359434128
19,3,64,40,0.5242118835449219,0.05146505683660507
19,3,64,41,0.5086569786071777,0.08104509860277176
19,3,64,42,0.43716302514076233,0.10120841860771179
19,3,64,43,0.413661926984787,0.043487463146448135
19,3,64,44,0.5359930396080017,0.0608244314789772
19,3,64,45,0.3391553461551666,0.07206074893474579
19,3,64,46,0.5859339833259583,0.08036892116069794
19,3,64,47,0.3794664740562439,0.08681908249855042
19,3,64,48,0.5416405200958252,0.10854911059141159
19,3,64,49,0.48092371225357056,0.045548710972070694
19,3,64,50,0.44161123037338257,0.09831369668245316
19,3,64,51,0.5082454085350037,0.08985157310962677
19,3,64,52,0.4088866114616394,0.06693948060274124
19,3,64,53,0.4582907259464264,0.05538107827305794
19,3,64,54,0.3934371769428253,0.1217147558927536
19,3,64,55,0.4492127001285553,0.0652763620018959
19,3,64,56,0.3800421357154846,0.09378474205732346
19,3,64,57,0.44007745385169983,0.06417948752641678
19,3,64,58,0.48748087882995605,0.06167520955204964
19,3,64,59,0.5731595754623413,0.10443165898323059
19,3,64,60,0.3948636054992676,0.09609933942556381
19,3,64,61,0.49277031421661377,0.07968762516975403
19,3,64,62,0.551816463470459,0.14445564150810242
19,3,64,63,0.529880940914154,0.05741241201758385
19,4,128,0,0.5817950963973999,0.18047094345092773
19,4,128,1,0.5226956009864807,0.13944125175476074
19,4,128,2,0.3968753516674042,0.260453999042511
19,4,128,3,0.5652257800102234,0.07211438566446304
19,4,128,4,0.3319229185581207,0.1420668661594391
19,4,128,5,0.5896084904670715,0.24727855622768402
19,4,128,6,0.7233777642250061,0.2162986546754837
19,4,128,7,0.7211085557937622,0.11340077221393585
19,4,128,8,0.6351321339607239,0.2451694905757904
19,4,128,9,0.4287075400352478,0.08311042934656143
19,4,128,10,0.35339030623435974,0.12250496447086334
19,4,128,11,0.6789292693138123,0.16145211458206177
19,4,128,12,0.39767149090766907,0.27366992831230164
19,4,128,13,0.7063882946968079,0.1832420825958252
19,4,128,14,0.619264543056488,0.0681673213839531
19,4,128,15,0.43887755274772644,0.08523264527320862
19,4,128,16,0.4226863980293274,0.04275411367416382
19,4,128,17,0.5351281762123108,0.17766313254833221
19,4,128,18,0.2869924306869507,0.10590071231126785
19,4,128,19,0.32035031914711,0.10805639624595642
19,4,128,20,0.6048831343650818,0.08922939747571945
19,4,128,21,0.6303175687789917,0.24747109413146973
19,4,128,22,0.3605736196041107,0.2102808654308319
19,4,128,23,0.5952451825141907,0.07595508545637131
19,4,128,24,0.5565685033798218,0.12305130064487457
19,4,128,25,0.6598156094551086,0.1862945854663849
19,4,128,26,0.3127116858959198,0.060259174555540085
19,4,128,27,0.593671977519989,0.05312873423099518
19,4,128,28,0.4344378113746643,0.27615076303482056
19,4,128,29,0.5194204449653625,0.10022852569818497
19,4,128,30,0.5340062379837036,0.06917616724967957
19,4,128,31,0.4012307822704315,0.1838262975215912
19,4,128,32,0.5345652103424072,0.08115513622760773
19,4,128,33,0.30679675936698914,0.142329141497612
19,4,128,34,0.6574178338050842,0.11921722441911697
19,4,128,35,0.4471873641014099,0.058609917759895325
19,4,128,36,0.31449294090270996,0.16070078313350677
19,4,128,37,0.33217915892601013,0.06621772050857544
19,4,128,38,0.1956366002559662,0.10176364332437515
19,4,128,39,0.6498395204544067,0.1801196038722992
19,4,128,40,0.6241653561592102,0.0849081352353096
19,4,128,41,0.8226021528244019,0.11050453037023544
19,4,128,42,0.6026100516319275,0.20149128139019012
19,4,128,43,0.46731191873550415,0.11359478533267975
19,4,128,44,0.6835809946060181,0.22142432630062103
19,4,128,45,0.6050547957420349,0.09573480486869812
19,4,128,46,0.385998010635376,0.1465597301721573
19,4,128,47,0.2842618525028229,0.1918967217206955
19,4,128,48,0.33714035153388977,0.22529152035713196
19,4,128,49,0.4307563900947571,0.11823523789644241
19,4,128,50,0.6776911616325378,0.09727830439805984
19,4,128,51,0.5389318466186523,0.04983481392264366
19,4,128,52,0.566972553730011,0.12894952297210693
19,4,128,53,0.7493759989738464,0.1581716239452362
19,4,128,54,0.6728489398956299,0.21141773462295532
19,4,128,55,0.7531980276107788,0.09632835537195206
19,4,128,56,0.561168909072876,0.17496387660503387
19,4,128,57,0.43668249249458313,0.08963187783956528
19,4,128,58,0.6684707999229431,0.05566185340285301
19,4,128,59,0.4745587110519409,0.05637846887111664
19,4,128,60,0.6044466495513916,0.24667738378047943
19,4,128,61,0.4724530279636383,0.07097161561250687
19,4,128,62,0.7291167974472046,0.1389102190732956
19,4,128,63,0.48533499240875244,0.15359389781951904
19,4,128,64,0.6481719613075256,0.1078888326883316
19,4,128,65,0.5179802179336548,0.14692799746990204
19,4,128,66,0.7486885190010071,0.1688648760318756
19,4,128,67,0.563936710357666,0.20810751616954803
19,4,128,68,0.7005227208137512,0.21218548715114594
19,4,128,69,0.5812994837760925,0.21747161448001862
19,4,128,70,0.5328715443611145,0.030699128285050392
19,4,128,71,0.3388235569000244,0.08086072653532028
19,4,128,72,0.5435674786567688,0.1419554203748703
19,4,128,73,0.79378342628479,0.17280563712120056
19,4,128,74,0.2638896405696869,0.1060669794678688
19,4,128,75,0.5155296325683594,0.11566174775362015
19,4,128,76,0.653296709060669,0.056840915232896805
19,4,128,77,0.5211825966835022,0.22933542728424072
19,4,128,78,0.6579603552818298,0.2861170470714569
19,4,128,79,0.6178795099258423,0.17771612107753754
19,4,128,80,0.3593626916408539,0.2685721814632416
19,4,128,81,0.32550695538520813,0.22886978089809418
19,4,128,82,0.3883844316005707,0.23766502737998962
19,4,128,83,0.55441814661026,0.09477681666612625
19,4,128,84,0.2464025318622589,0.1233687773346901
19,4,128,85,0.6398295164108276,0.12723074853420258
19,4,128,86,0.46248045563697815,0.17347384989261627
19,4,128,87,0.6794371604919434,0.1417870819568634
19,4,128,88,0.7318913340568542,0.15657487511634827
19,4,128,89,0.37722647190093994,0.05570191517472267
19,4,128,90,0.5442243814468384,0.2275087982416153
19,4,128,91,0.34276479482650757,0.09454001486301422
19,4,128,92,0.3793228268623352,0.28460952639579773
19,4,128,93,0.36272957921028137,0.09544993191957474
19,4,128,94,0.38833221793174744,0.15471510589122772
19,4,128,95,0.33888041973114014,0.11948192864656448
19,4,128,96,0.5966654419898987,0.23294001817703247
19,4,128,97,0.67352294921875,0.18890058994293213
19,4,128,98,0.6943274140357971,0.1376371532678604
19,4,128,99,0.20521749556064606,0.13426125049591064
19,4,128,100,0.3730411231517792,0.10661164671182632
19,4,128,101,0.7790125608444214,0.15316714346408844
19,4,128,102,0.5516482591629028,0.08281172811985016
19,4,128,103,0.41264936327934265,0.225676491856575
19,4,128,104,0.6535801291465759,0.0965266153216362
19,4,128,105,0.5792587399482727,0.2359437346458435
19,4,128,106,0.6665453314781189,0.13379237055778503
19,4,128,107,0.686927855014801,0.06145452708005905
19,4,128,108,0.6212447285652161,0.23587889969348907
19,4,128,109,0.591314971446991,0.20358771085739136
19,4,128,110,0.689012348651886,0.08230117708444595
19,4,128,111,0.5176326036453247,0.20214711129665375
19,4,128,112,0.24655845761299133,0.08290193974971771
19,4,128,113,0.7872974276542664,0.10724388808012009
19,4,128,114,0.6789230108261108,0.13052912056446075
19,4,128,115,0.5465255975723267,0.1484934389591217
19,4,128,116,0.4900553226470947,0.04634936526417732
19,4,128,117,0.5944544672966003,0.2269888073205948
19,4,128,118,0.5243685245513916,0.07601656764745712
19,4,128,119,0.6691768169403076,0.11752267181873322
19,4,128,120,0.8258296847343445,0.13170503079891205
19,4,128,121,0.7242253422737122,0.24021458625793457
19,4,128,122,0.697786271572113,0.07139496505260468
19,4,128,123,0.585658073425293,0.08229285478591919
19,4,128,124,0.5951231718063354,0.22467707097530365
19,4,128,125,0.7095400094985962,0.24027611315250397
19,4,128,126,0.7174912691116333,0.16661123931407928
19,4,128,127,0.6426213979721069,0.1183815449476242
19,5,128,0,0.7290976643562317,0.10424915701150894
19,5,128,1,0.5486485362052917,0.0499914288520813
19,5,128,2,0.6038397550582886,0.05874766781926155
19,5,128,3,0.7138481140136719,0.17205044627189636
19,5,128,4,0.5491164922714233,0.0723361000418663
19,5,128,5,0.47711995244026184,0.04491777345538139
19,5,128,6,0.6660362482070923,0.1500999927520752
19,5,128,7,0.6938987970352173,0.14355754852294922
19,5,128,8,0.6870142817497253,0.2328730970621109
19,5,128,9,0.4736100435256958,0.04241347685456276
19,5,128,10,0.3795704245567322,0.10173970460891724
19,5,128,11,0.711607038974762,0.16187302768230438
19,5,128,12,0.694094717502594,0.1564783751964569
19,5,128,13,0.5736179351806641,0.10823560506105423
19,5,128,14,0.6013841032981873,0.04600992426276207
19,5,128,15,0.42213883996009827,0.07072339951992035
19,5,128,16,0.650496780872345,0.0973382517695427
19,5,128,17,0.6200466156005859,0.13847486674785614
19,5,128,18,0.464833527803421,0.03156526759266853
19,5,128,19,0.4155397415161133,0.03809202089905739
19,5,128,20,0.4836079776287079,0.05862419307231903
19,5,128,21,0.5308286547660828,0.11261839419603348
19,5,128,22,0.7217791676521301,0.19822657108306885
19,5,128,23,0.6961563229560852,0.23084363341331482
19,5,128,24,0.475252240896225,0.05605102702975273
19,5,128,25,0.693871021270752,0.2020127922296524
19,5,128,26,0.6226498484611511,0.16181574761867523
19,5,128,27,0.6750238537788391,0.1346879005432129
19,5,128,28,0.7828835248947144,0.12017810344696045
19,5,128,29,0.5458312034606934,0.07025697827339172
19,5,128,30,0.6764726638793945,0.19468136131763458
19,5,128,31,0.48827964067459106,0.06830088049173355
19,5,128,32,0.5334138870239258,0.04786853492259979
19,5,128,33,0.4381187856197357,0.08011019229888916
19,5,128,34,0.6706584692001343,0.1497258096933365
19,5,128,35,0.6730847954750061,0.17871029675006866
19,5,128,36,0.6955511569976807,0.09904301911592484
19,5,128,37,0.5615354776382446,0.07373544573783875
19,5,128,38,0.537903368473053,0.08331634104251862
19,5,128,39,0.7006065249443054,0.1882484257221222
19,5,128,40,0.6367424726486206,0.15872330963611603
19,5,128,41,0.6649453639984131,0.15624316036701202
19,5,128,42,0.7455856800079346,0.17369115352630615
19,5,128,43,0.6287811398506165,0.05336415395140648
19,5,128,44,0.6276354789733887,0.0645708292722702
19,5,128,45,0.5971837639808655,0.11777108907699585
19,5,128,46,0.5834172964096069,0.0707588866353035
19,5,128,47,0.5880522727966309,0.09092310070991516
19,5,128,48,0.4596855044364929,0.04015929624438286
19,5,128,49,0.6960381269454956,0.12733376026153564
19,5,128,50,0.5793275237083435,0.04843167960643768
19,5,128,51,0.6733211278915405,0.2067813277244568
19,5,128,52,0.5341138243675232,0.02371864579617977
19,5,128,53,0.6880590319633484,0.11577046662569046
19,5,128,54,0.45068657398223877,0.05731260031461716
19,5,128,55,0.623468816280365,0.14456552267074585
19,5,128,56,0.43052250146865845,0.0773308202624321
19,5,128,57,0.3951476514339447,0.06652867048978806
19,5,128,58,0.7382222414016724,0.15321946144104004
19,5,128,59,0.6634761095046997,0.18962010741233826
19,5,128,60,0.5573069453239441,0.039095986634492874
19,5,128,61,0.36197629570961,0.09147710353136063
19,5,128,62,0.6853888034820557,0.16161832213401794
19,5,128,63,0.5155416131019592,0.048489347100257874
19,5,128,64,0.6879143118858337,0.16052120923995972
19,5,128,65,0.4840086102485657,0.11871146410703659
19,5,128,66,0.45301690697669983,0.036915067583322525
19,5,128,67,0.7037347555160522,0.14992494881153107
19,5,128,68,0.6787464022636414,0.11313491314649582
19,5,128,69,0.5049298405647278,0.07354942709207535
19,5,128,70,0.47439974546432495,0.02978053316473961
19,5,128,71,0.47740599513053894,0.06094718724489212
19,5,128,72,0.6124188899993896,0.06741457432508469
19,5,128,73,0.7796314358711243,0.15835243463516235
19,5,128,74,0.6250278353691101,0.09649114310741425
19,5,128,75,0.6665682792663574,0.12729154527187347
19,5,128,76,0.7100704908370972,0.15333206951618195
19,5,128,77,0.7558485269546509,0.17454364895820618
19,5,128,78,0.5694239139556885,0.058857209980487823
19,5,128,79,0.7182928323745728,0.16757816076278687
19,5,128,80,0.3297530710697174,0.08362094312906265
19,5,128,81,0.6212559938430786,0.1415664404630661
19,5,128,82,0.28990110754966736,0.12001563608646393
19,5,128,83,0.5929458737373352,0.06931217759847641
19,5,128,84,0.37044525146484375,0.1055503711104393
19,5,128,85,0.5373281836509705,0.10556400567293167
19,5,128,86,0.36845287680625916,0.10379735380411148
19,5,128,87,0.49114030599594116,0.03110448271036148
19,5,128,88,0.6198587417602539,0.17909573018550873
19,5,128,89,0.49001964926719666,0.0706903412938118
19,5,128,90,0.6717250347137451,0.19810546934604645
19,5,128,91,0.5967024564743042,0.13758547604084015
19,5,128,92,0.5597156882286072,0.039283446967601776
19,5,128,93,0.5879616737365723,0.0809129923582077
19,5,128,94,0.4764030873775482,0.10597902536392212
19,5,128,95,0.6339839100837708,0.17935115098953247
19,5,128,96,0.6155781745910645,0.07315786182880402
19,5,128,97,0.6108303666114807,0.06833488494157791
19,5,128,98,0.6711570620536804,0.2031736671924591
19,5,128,99,0.5768381357192993,0.07817502319812775
19,5,128,100,0.5515214204788208,0.15158885717391968
19,5,128,101,0.5665729641914368,0.11461778730154037
19,5,128,102,0.5022465586662292,0.05184708908200264
19,5,128,103,0.44460979104042053,0.10311353951692581
19,5,128,104,0.5794737339019775,0.09898298978805542
19,5,128,105,0.6450202465057373,0.057499222457408905
19,5,128,106,0.45563507080078125,0.09515997767448425
19,5,128,107,0.6393210887908936,0.12113389372825623
19,5,128,108,0.7205116748809814,0.1469464749097824
19,5,128,109,0.5884124636650085,0.03456801176071167
19,5,128,110,0.5798656940460205,0.14878971874713898
19,5,128,111,0.512589156627655,0.08973883092403412
19,5,128,112,0.4197947382926941,0.05823159217834473
19,5,128,113,0.612751841545105,0.07919373363256454
19,5,128,114,0.6093248724937439,0.1289520412683487
19,5,128,115,0.5218943357467651,0.058298010379076004
19,5,128,116,0.6248748898506165,0.16205726563930511
19,5,128,117,0.6022617816925049,0.15884581208229065
19,5,128,118,0.5643808841705322,0.07774472236633301
19,5,128,119,0.6928249597549438,0.22839049994945526
19,5,128,120,0.6338003277778625,0.12898659706115723
19,5,128,121,0.5744152665138245,0.06361382454633713
19,5,128,122,0.42522740364074707,0.03064185567200184
19,5,128,123,0.5249093174934387,0.1022905483841896
19,5,128,124,0.7258886694908142,0.1899896264076233
19,5,128,125,0.7469240427017212,0.1994084119796753
19,5,128,126,0.6887964606285095,0.14221805334091187
19,5,128,127,0.7116289138793945,0.13608652353286743
20,0,32,0,0.6010417342185974,0.0043569207191467285
20,0,32,1,0.634325385093689,0.01624414511024952
20,0,32,2,0.43252116441726685,0.022685494273900986
20,0,32,3,0.5509657263755798,0.04518135264515877
20,0,32,4,0.6027613282203674,0.03506385162472725
20,0,32,5,0.6192811131477356,0.04943340644240379
20,0,32,6,0.5661826133728027,0.016575412824749947
20,0,32,7,0.40240922570228577,0.016539381816983223
20,0,32,8,0.5316634178161621,0.020311931148171425
20,0,32,9,0.580925464630127,0.05189696326851845
20,0,32,10,0.5275010466575623,0.045568738132715225
20,0,32,11,0.5911985039710999,0.0223467368632555
20,0,32,12,0.5824475288391113,0.020374730229377747
20,0,32,13,0.6093147993087769,0.03085678070783615
20,0,32,14,0.48578590154647827,0.014069720171391964
20,0,32,15,0.40437251329421997,0.049696389585733414
20,0,32,16,0.43071606755256653,0.02164420299232006
20,0,32,17,0.5990993976593018,0.03552115336060524
20,0,32,18,0.5080783367156982,0.06321484595537186
20,0,32,19,0.5837699770927429,0.021289102733135223
20,0,32,20,0.3846609890460968,0.04467259347438812
20,0,32,21,0.580286979675293,0.044772811233997345
20,0,32,22,0.5697752237319946,0.022887403145432472
20,0,32,23,0.47534796595573425,0.028288666158914566
20,0,32,24,0.502528965473175,0.039149247109889984
20,0,32,25,0.5297161340713501,0.02378704771399498
20,0,32,26,0.443244069814682,0.04316031560301781
20,0,32,27,0.3954879343509674,0.01867610588669777
20,0,32,28,0.3903689980506897,0.01672041229903698
20,0,32,29,0.535026490688324,0.015444306656718254
20,0,32,30,0.6015372276306152,0.028223568573594093
20,0,32,31,0.5820403695106506,0.04244791716337204
20,1,32,0,0.4157250225543976,0.034538619220256805
20,1,32,1,0.4665445387363434,0.03997088968753815
20,1,32,2,0.6108726859092712,0.033655986189842224
20,1,32,3,0.4313969016075134,0.037454765290021896
20,1,32,4,0.5409393310546875,0.019727244973182678
20,1,32,5,0.577215850353241,0.018367325887084007
20,1,32,6,0.4894653856754303,0.04023221880197525
20,1,32,7,0.520033061504364,0.01735503412783146
20,1,32,8,0.41192427277565,0.030163511633872986
20,1,32,9,0.5337749123573303,0.0433494858443737
20,1,32,10,0.47223469614982605,0.05208667740225792
20,1,32,11,0.4519811272621155,0.027204174548387527
20,1,32,12,0.4953581690788269,0.021611087024211884
20,1,32,13,0.45890310406684875,0.033980559557676315
20,1,32,14,0.5515910387039185,0.061334460973739624
20,1,32,15,0.3982148766517639,0.01675921119749546
20,1,32,16,0.49578621983528137,0.031617894768714905
20,1,32,17,0.4438765347003937,0.01695859245955944
20,1,32,18,0.5948935747146606,0.016655074432492256
20,1,32,19,0.59065842628479,0.033072780817747116
20,1,32,20,0.4199928343296051,0.019407477229833603
20,1,32,21,0.508756697177887,0.03283938765525818
20,1,32,22,0.41230857372283936,0.03943492844700813
20,1,32,23,0.6164243817329407,0.025962427258491516
20,1,32,24,0.3485371470451355,0.025400366634130478
20,1,32,25,0.4421907365322113,0.01779079996049404
20,1,32,26,0.6241351962089539,0.024126097559928894
20,1,32,27,0.5901389718055725,0.05447756499052048
20,1,32,28,0.5135729312896729,0.02416694350540638
20,1,32,29,0.5599509477615356,0.03070059046149254
20,1,32,30,0.4321022629737854,0.026926817372441292
20,1,32,31,0.5618476867675781,0.009716635569930077
20,2,64,0,0.41385921835899353,0.06726916134357452
20,2,64,1,0.4760933220386505,0.0525427907705307
20,2,64,2,0.42779478430747986,0.0309576615691185
20,2,64,3,0.46408209204673767,0.07698666304349899
20,2,64,4,0.4963282644748688,0.023828528821468353
20,2,64,5,0.45336058735847473,0.07104962319135666
20,2,64,6,0.43803897500038147,0.04396941140294075
20,2,64,7,0.43686366081237793,0.09749029576778412
20,2,64,8,0.5122165679931641,0.07442633807659149
20,2,64,9,0.6072666049003601,0.05351736396551132
20,2,64,10,0.5505874752998352,0.07504343241453171
20,2,64,11,0.44385820627212524,0.06357785314321518
20,2,64,12,0.5397589206695557,0.048851221799850464
20,2,64,13,0.4882115423679352,0.06588783860206604
20,2,64,14,0.43973761796951294,0.07461101561784744
20,2,64,15,0.4353477656841278,0.09981314837932587
20,2,64,16,0.43442031741142273,0.07170192897319794
20,2,64,17,0.48891034722328186,0.09522157907485962
20,2,64,18,0.4951448142528534,0.0662291944026947
20,2,64,19,0.5077874064445496,0.05686105042695999
20,2,64,20,0.5756893754005432,0.04357462376356125
20,2,64,21,0.4592919945716858,0.07269369065761566
20,2,64,22,0.5574485659599304,0.037211619317531586
20,2,64,23,0.6427832841873169,0.07933399081230164
20,2,64,24,0.39522454142570496,0.0467609241604805
20,2,64,25,0.5390260815620422,0.0696859210729599
20,2,64,26,0.41393736004829407,0.0555538684129715
20,2,64,27,0.4154595136642456,0.033423203974962234
20,2,64,28,0.4621597230434418,0.06106720492243767
20,2,64,29,0.4761032462120056,0.08143167942762375
20,2,64,30,0.5330300331115723,0.041669201105833054
20,2,64,31,0.49369698762893677,0.0656966120004654
20,2,64,32,0.5020117163658142,0.06869928538799286
20,2,64,33,0.4652435779571533,0.0528244823217392
20,2,64,34,0.5086304545402527,0.09989786148071289
20,2,64,35,0.4911302924156189,0.07760865241289139
20,2,64,36,0.5053194761276245,0.038162752985954285
20,2,64,37,0.4008401930332184,0.04572382569313049
20,2,64,38,0.5454081296920776,0.07372661679983139
20,2,64,39,0.493656724691391,0.030985672026872635
20,2,64,40,0.554540753364563,0.06704970449209213
20,2,64,41,0.5285438299179077,0.03480038419365883
20,2,64,42,0.4618910849094391,0.052759114652872086
20,2,64,43,0.4787067770957947,0.09052324295043945
20,2,64,44,0.4862191379070282,0.07014735043048859
20,2,64,45,0.44138041138648987,0.08316241949796677
20,2,64,46,0.5326299667358398,0.11631971597671509
20,2,64,47,0.5668154954910278,0.05224091187119484
20,2,64,48,0.4513845443725586,0.07675132155418396
20,2,64,49,0.4495636522769928,0.04661045968532562
20,2,64,50,0.4359525144100189,0.07644018530845642
20,2,64,51,0.48141714930534363,0.09115452319383621
20,2,64,52,0.46535658836364746,0.03700793534517288
20,2,64,53,0.4267024099826813,0.03148696571588516
20,2,64,54,0.44940659403800964,0.06884441524744034
20,2,64,55,0.5110701322555542,0.05741087347269058
20,2,64,56,0.4368826150894165,0.09566254913806915
20,2,64,57,0.4781833589076996,0.05881367623806
20,2,64,58,0.5362088680267334,0.0524756982922554
20,2,64,59,0.419111043214798,0.05978413298726082
20,2,64,60,0.4824448525905609,0.08703546226024628
20,2,64,61,0.43652334809303284,0.06808318942785263
20,2,64,62,0.5049480199813843,0.0652255192399025
20,2,64,63,0.5135229825973511,0.09107503294944763
20,3,64,0,0.6381955742835999,0.07499920576810837
20,3,64,1,0.5674519538879395,0.09528788179159164
20,3,64,2,0.4187847673892975,0.05642794817686081
20,3,64,3,0.5259999632835388,0.04021349921822548
20,3,64,4,0.5458885431289673,0.11418750882148743
20,3,64,5,0.5385065674781799,0.0851563960313797
20,3,64,6,0.34914228320121765,0.05322234332561493
20,3,64,7,0.5215601921081543,0.08765961974859238
20,3,64,8,0.5604245066642761,0.021496614441275597
20,3,64,9,0.6863376498222351,0.06007979437708855
20,3,64,10,0.5174031257629395,0.04375612363219261
20,3,64,11,0.604058027267456,0.06342724710702896
20,3,64,12,0.40088242292404175,0.04230838641524315
20,3,64,13,0.4875674247741699,0.07014606148004532
20,3,64,14,0.608834981918335,0.07500845193862915
20,3,64,15,0.44789254665374756,0.029708322137594223
20,3,64,16,0.4342581629753113,0.05561016499996185
20,3,64,17,0.4965282380580902,0.05030731484293938
20,3,64,18,0.5657609105110168,0.0641641691327095
20,3,64,19,0.4875166416168213,0.0821736752986908
20,3,64,20,0.4418979585170746,0.05893999710679054
20,3,64,21,0.600045919418335,0.07907645404338837
20,3,64,22,0.5724948048591614,0.042332474142313004
20,3,64,23,0.6389896273612976,0.08055734634399414
20,3,64,24,0.5426239371299744,0.057402100414037704
20,3,64,25,0.5102739930152893,0.05677025020122528
20,3,64,26,0.5335898399353027,0.04296126589179039
20,3,64,27,0.43682342767715454,0.03708897531032562
20,3,64,28,0.5019683241844177,0.0286761075258255
20,3,64,29,0.44483885169029236,0.028626790270209312
20,3,64,30,0.463047593832016,0.048570599406957626
20,3,64,31,0.4877195954322815,0.08822434395551682
20,3,64,32,0.36816608905792236,0.06124623864889145
20,3,64,33,0.5464682579040527,0.07309301942586899
20,3,64,34,0.7243770956993103,0.06372182071208954
20,3,64,35,0.5068947076797485,0.041678402572870255
20,3,64,36,0.5505967736244202,0.024966130033135414
20,3,64,37,0.6063382625579834,0.0898551493883133
20,3,64,38,0.5606038570404053,0.05494612455368042
20,3,64,39,0.495545357465744,0.0927019789814949
20,3,64,40,0.4852317273616791,0.14279697835445404
20,3,64,41,0.42868515849113464,0.03877773880958557
20,3,64,42,0.49290189146995544,0.0840425044298172
20,3,64,43,0.4321151375770569,0.03813458979129791
20,3,64,44,0.374076247215271,0.059224214404821396
20,3,64,45,0.3570834696292877,0.03661584481596947
20,3,64,46,0.5183672904968262,0.04392892122268677
20,3,64,47,0.4203534424304962,0.0650864988565445
20,3,64,48,0.43195655941963196,0.01942669413983822
20,3,64,49,0.4841369092464447,0.061588600277900696
20,3,64,50,0.45564669370651245,0.025448422878980637
20,3,64,51,0.5437483191490173,0.05935179814696312
20,3,64,52,0.5505972504615784,0.06296316534280777
20,3,64,53,0.48908132314682007,0.08789204806089401
20,3,64,54,0.4101561903953552,0.046379782259464264
20,3,64,55,0.5936015844345093,0.03127523511648178
20,3,64,56,0.5867920517921448,0.14336644113063812
20,3,64,57,0.4425021708011627,0.08921478688716888
20,3,64,58,0.5208754539489746,0.05165370926260948
20,3,64,59,0.3359634578227997,0.06962950527667999
20,3,64,60,0.6786344051361084,0.06926053762435913
20,3,64,61,0.4898788034915924,0.10011564940214157
20,3,64,62,0.5067140460014343,0.05841570347547531
20,3,64,63,0.5804465413093567,0.03634904325008392
20,4,128,0,0.5713217854499817,0.042128950357437134
20,4,128,1,0.4614722430706024,0.08842390775680542
20,4,128,2,0.7050155401229858,0.1507037878036499
20,4,128,3,0.5778657793998718,0.21798361837863922
20,4,128,4,0.5070940256118774,0.11517705768346786
20,4,128,5,0.6220908164978027,0.15576386451721191
20,4,128,6,0.4419690668582916,0.08574184030294418
20,4,128,7,0.39245325326919556,0.1537773162126541
20,4,128,8,0.5956728458404541,0.05250607430934906
20,4,128,9,0.7318115234375,0.12814700603485107
20,4,128,10,0.6074469685554504,0.0658356249332428
20,4,128,11,0.5212530493736267,0.02401120215654373
20,4,128,12,0.6510236263275146,0.0649295225739479
20,4,128,13,0.5840328931808472,0.08557681739330292
20,4,128,14,0.5137031078338623,0.10844573378562927
20,4,128,15,0.5706816911697388,0.15564501285552979
20,4,128,16,0.5233508944511414,0.04402722045779228
20,4,128,17,0.3569503724575043,0.11088163405656815
20,4,128,18,0.4787706136703491,0.04644133150577545
20,4,128,19,0.41759809851646423,0.11386337876319885
20,4,128,20,0.4402342140674591,0.12074676156044006
20,4,128,21,0.4448194205760956,0.06362044811248779
20,4,128,22,0.525134265422821,0.09941737353801727
20,4,128,23,0.36049526929855347,0.08488673716783524
20,4,128,24,0.4481438994407654,0.07049983739852905
20,4,128,25,0.29213812947273254,0.16972209513187408
20,4,128,26,0.532659113407135,0.04067616164684296
20,4,128,27,0.6322820782661438,0.16964954137802124
20,4,128,28,0.6353609561920166,0.06435288488864899
20,4,128,29,0.6283021569252014,0.09360335022211075
20,4,128,30,0.7083054184913635,0.12654519081115723
20,4,128,31,0.6090652346611023,0.09208464622497559
20,4,128,32,0.4473881423473358,0.08446122705936432
20,4,128,33,0.4346681833267212,0.10799961537122726
20,4,128,34,0.42119747400283813,0.0623641200363636
20,4,128,35,0.4155203402042389,0.0660296082496643
20,4,128,36,0.28653064370155334,0.11143679171800613
20,4,128,37,0.5787736773490906,0.11446775496006012
20,4,128,38,0.6684747934341431,0.20445893704891205
20,4,128,39,0.6313411593437195,0.10021443665027618
20,4,128,40,0.522129237651825,0.07075763493776321
20,4,128,41,0.3851270079612732,0.17965899407863617
20,4,128,42,0.30215394496917725,0.130838543176651
20,4,128,43,0.70151686668396,0.18800592422485352
20,4,128,44,0.630949854850769,0.20296818017959595
20,4,128,45,0.47854191064834595,0.0686478465795517
20,4,128,46,0.5484950542449951,0.044510796666145325
20,4,128,47,0.4234517216682434,0.09277502447366714
20,4,128,48,0.5692639946937561,0.15844234824180603
20,4,128,49,0.5434304475784302,0.05112049728631973
20,4,128,50,0.4690872132778168,0.09499628096818924
20,4,128,51,0.4704013764858246,0.07149358838796616
20,4,128,52,0.5288358926773071,0.044229183346033096
20,4,128,53,0.4245995283126831,0.05169587582349777
20,4,128,54,0.6518183946609497,0.14616626501083374
20,4,128,55,0.46184247732162476,0.021338554099202156
20,4,128,56,0.6012188792228699,0.0627267062664032
20,4,128,57,0.37538009881973267,0.06817350536584854
20,4,128,58,0.6162165403366089,0.05932239443063736
20,4,128,59,0.553900957107544,0.13349772989749908
20,4,128,60,0.42227795720100403,0.05421857535839081
20,4,128,61,0.46082377433776855,0.12002246826887131
20,4,128,62,0.3532487750053406,0.19014759361743927
20,4,128,63,0.6600579619407654,0.12862390279769897
20,4,128,64,0.5574166178703308,0.0949573889374733
20,4,128,65,0.6596285104751587,0.11141897737979889
20,4,128,66,0.3018275797367096,0.12170860916376114
20,4,128,67,0.5154589414596558,0.10068085044622421
20,4,128,68,0.4711975157260895,0.11921815574169159
20,4,128,69,0.4815211594104767,0.05021100491285324
20,4,128,70,0.44456470012664795,0.05817128345370293
20,4,128,71,0.5040033459663391,0.10173763334751129
20,4,128,72,0.6886808276176453,0.07777485251426697
20,4,128,73,0.6510896682739258,0.07083327323198318
20,4,128,74,0.30867907404899597,0.2130357027053833
20,4,128,75,0.6567261815071106,0.08810092508792877
20,4,128,76,0.5598253607749939,0.08639982342720032
20,4,128,77,0.4945470988750458,0.14474767446517944
20,4,128,78,0.5924530029296875,0.15076130628585815
20,4,128,79,0.35484549403190613,0.08220380544662476
20,4,128,80,0.5636550784111023,0.06061292439699173
20,4,128,81,0.3780437409877777,0.19498851895332336
20,4,128,82,0.3977090120315552,0.17108477652072906
20,4,128,83,0.3950127065181732,0.0746382400393486
20,4,128,84,0.3081992268562317,0.1729132980108261
20,4,128,85,0.47524067759513855,0.04768950492143631
20,4,128,86,0.7214226126670837,0.13968908786773682
20,4,128,87,0.6828615069389343,0.10902761667966843
20,4,128,88,0.34944066405296326,0.08072727173566818
20,4,128,89,0.6409752368927002,0.10120166093111038
20,4,128,90,0.35749194025993347,0.08265744149684906
20,4,128,91,0.5401208400726318,0.12211285531520844
20,4,128,92,0.5245016813278198,0.09796102344989777
20,4,128,93,0.44068798422813416,0.06330311298370361
20,4,128,94,0.6156752109527588,0.04454891011118889
20,4,128,95,0.46208131313323975,0.07011794298887253
20,4,128,96,0.48983412981033325,0.10228827595710754
20,4,128,97,0.49951279163360596,0.03463184833526611
20,4,128,98,0.30027565360069275,0.14233054220676422
20,4,128,99,0.443038672208786,0.13628926873207092
20,4,128,100,0.5636714100837708,0.12578681111335754
20,4,128,101,0.801330029964447,0.1620396375656128
20,4,128,102,0.6407291889190674,0.04502842202782631
20,4,128,103,0.6379380822181702,0.11556276679039001
20,4,128,104,0.5381697416305542,0.06374150514602661
20,4,128,105,0.37015148997306824,0.10265134274959564
20,4,128,106,0.6817330718040466,0.15677747130393982
20,4,128,107,0.7145510315895081,0.135758638381958
20,4,128,108,0.7086530923843384,0.17768779397010803
20,4,128,109,0.7036781907081604,0.10736642777919769
20,4,128,110,0.7663018703460693,0.1254492551088333
20,4,128,111,0.4070846736431122,0.09498855471611023
20,4,128,112,0.5605326294898987,0.14119160175323486
20,4,128,113,0.6244105100631714,0.1794128715991974
20,4,128,114,0.6670867204666138,0.23453953862190247
20,4,128,115,0.37978848814964294,0.1141735091805458
20,4,128,116,0.6524305939674377,0.134414404630661
20,4,128,117,0.333712100982666,0.20501264929771423
20,4,128,118,0.48374244570732117,0.06719014048576355
20,4,128,119,0.557353675365448,0.05908168479800224
20,4,128,120,0.6510674357414246,0.05695319175720215
20,4,128,121,0.6860263347625732,0.21466729044914246
20,4,128,122,0.44799530506134033,0.08931870013475418
20,4,128,123,0.6637107729911804,0.14824330806732178
20,4,128,124,0.4851076900959015,0.13463564217090607
20,4,128,125,0.4020693004131317,0.14783138036727905
20,4,128,126,0.5395917892456055,0.07512246817350388
20,4,128,127,0.3468332588672638,0.07130169868469238
20,5,128,0,0.7336978316307068,0.2136925607919693
20,5,128,1,0.7286267876625061,0.16454274952411652
20,5,128,2,0.6293565630912781,0.19340035319328308
20,5,128,3,0.6666872501373291,0.1591120958328247
20,5,128,4,0.5198503732681274,0.05540264770388603
20,5,128,5,0.558104395866394,0.1040760800242424
20,5,128,6,0.34657323360443115,0.06241034343838692
20,5,128,7,0.5912082195281982,0.14655838906764984
20,5,128,8,0.45717185735702515,0.06029246374964714
20,5,128,9,0.5500306487083435,0.1341395080089569
20,5,128,10,0.4745023846626282,0.08899412304162979
20,5,128,11,0.6882978081703186,0.20335426926612854
20,5,128,12,0.5875274538993835,0.0665423795580864
20,5,128,13,0.6563025116920471,0.17126674950122833
20,5,128,14,0.6709094643592834,0.19194404780864716
20,5,128,15,0.6298623085021973,0.06244640797376633
20,5,128,16,0.7307575345039368,0.1344461292028427
20,5,128,17,0.567947506904602,0.06570036709308624
20,5,128,18,0.6590571999549866,0.15172629058361053
20,5,128,19,0.42263638973236084,0.05939484015107155
20,5,128,20,0.5596200823783875,0.15022070705890656
20,5,128,21,0.4762486219406128,0.06493157148361206
20,5,128,22,0.6694831848144531,0.15858697891235352
20,5,128,23,0.714412271976471,0.19974501430988312
20,5,128,24,0.380900502204895,0.05306704342365265
20,5,128,25,0.541117250919342,0.08724914491176605
20,5,128,26,0.40269991755485535,0.1566559374332428
20,5,128,27,0.7041729688644409,0.19781729578971863
20,5,128,28,0.6636030673980713,0.14294882118701935
20,5,128,29,0.6865595579147339,0.1700943261384964
20,5,128,30,0.6635216474533081,0.22573861479759216
20,5,128,31,0.6530458331108093,0.09695553034543991
20,5,128,32,0.6100683808326721,0.1336296945810318
20,5,128,33,0.4197700023651123,0.05058678612112999
20,5,128,34,0.5093797445297241,0.02415013499557972
20,5,128,35,0.6947581171989441,0.09801258891820908
20,5,128,36,0.7307579517364502,0.1454242765903473
20,5,128,37,0.35125526785850525,0.16894946992397308
20,5,128,38,0.7549501061439514,0.10593601316213608
20,5,128,39,0.6874147057533264,0.18295784294605255
20,5,128,40,0.618737518787384,0.08664081990718842
20,5,128,41,0.701440155506134,0.1934097707271576
20,5,128,42,0.6757593750953674,0.06081075966358185
20,5,128,43,0.5460753440856934,0.10406222939491272
20,5,128,44,0.7137120366096497,0.16391673684120178
20,5,128,45,0.4925662577152252,0.023315580561757088
20,5,128,46,0.4460030496120453,0.07136370986700058
20,5,128,47,0.6706565618515015,0.15633346140384674
20,5,128,48,0.5092920064926147,0.0397123321890831
20,5,128,49,0.5421680808067322,0.09111295640468597
20,5,128,50,0.5766112804412842,0.07072702795267105
20,5,128,51,0.5575459003448486,0.09771063178777695
20,5,128,52,0.43452462553977966,0.05105806514620781
20,5,128,53,0.5465294718742371,0.01978977397084236
20,5,128,54,0.6095060110092163,0.21309581398963928
20,5,128,55,0.5858513712882996,0.05008476600050926
20,5,128,56,0.6550967693328857,0.13213369250297546
20,5,128,57,0.38921982049942017,0.09205538779497147
20,5,128,58,0.4848474860191345,0.022587286308407784
20,5,128,59,0.4066915512084961,0.05016016215085983
20,5,128,60,0.3701339364051819,0.14599189162254333
20,5,128,61,0.675039529800415,0.07167766243219376
20,5,128,62,0.5176398754119873,0.06154441460967064
20,5,128,63,0.5021360516548157,0.0958210751414299
20,5,128,64,0.6947718262672424,0.05641959607601166
20,5,128,65,0.6423476934432983,0.11140793561935425
20,5,128,66,0.6003426909446716,0.14428624510765076
20,5,128,67,0.787405252456665,0.2004474252462387
20,5,128,68,0.3742707073688507,0.10941488295793533
20,5,128,69,0.5872130393981934,0.026287317276000977
20,5,128,70,0.5583422780036926,0.14749324321746826
20,5,128,71,0.6551687121391296,0.0640130341053009
20,5,128,72,0.6945315599441528,0.10436607152223587
20,5,128,73,0.7207199931144714,0.17547205090522766
20,5,128,74,0.5371784567832947,0.10055001080036163
20,5,128,75,0.6525289416313171,0.1563999354839325
20,5,128,76,0.7733615636825562,0.1822507530450821
20,5,128,77,0.7136690616607666,0.20941884815692902
20,5,128,78,0.5444614291191101,0.029601123183965683
20,5,128,79,0.6227968335151672,0.14277198910713196
20,5,128,80,0.44509363174438477,0.14417724311351776
20,5,128,81,0.5134261250495911,0.11136320978403091
20,5,128,82,0.48586297035217285,0.06128501892089844
20,5,128,83,0.39301353693008423,0.05477259308099747
20,5,128,84,0.3474978506565094,0.16793228685855865
20,5,128,85,0.5244966745376587,0.02087264321744442
20,5,128,86,0.4189232289791107,0.039985835552215576
20,5,128,87,0.46924644708633423,0.07721766829490662
20,5,128,88,0.4935689866542816,0.07328534871339798
20,5,128,89,0.49955251812934875,0.06507620960474014
20,5,128,90,0.4766329228878021,0.045219045132398605
20,5,128,91,0.7316445112228394,0.1675018072128296
20,5,128,92,0.7193549275398254,0.09886211901903152
20,5,128,93,0.6760198473930359,0.24319612979888916
20,5,128,94,0.6498490571975708,0.27443212270736694
20,5,128,95,0.7323829531669617,0.16962014138698578
20,5,128,96,0.5197322964668274,0.07239250093698502
20,5,128,97,0.5936424732208252,0.06187494099140167
20,5,128,98,0.6830852031707764,0.2279723435640335
20,5,128,99,0.4285200238227844,0.038259826600551605
20,5,128,100,0.660410463809967,0.19549091160297394
20,5,128,101,0.5567284822463989,0.1177729144692421
20,5,128,102,0.5567491054534912,0.06611669063568115
20,5,128,103,0.5157191157341003,0.04037115350365639
20,5,128,104,0.6095768809318542,0.1800491064786911
20,5,128,105,0.6045023798942566,0.225528284907341
20,5,128,106,0.5656552910804749,0.1502152979373932
20,5,128,107,0.6326472759246826,0.1465296745300293
20,5,128,108,0.6815033555030823,0.12707918882369995
20,5,128,109,0.4561137855052948,0.0348331443965435
20,5,128,110,0.6672800183296204,0.19415727257728577
20,5,128,111,0.6377134323120117,0.09047362953424454
20,5,128,112,0.6835190653800964,0.05601584538817406
20,5,128,113,0.5618208646774292,0.19402776658535004
20,5,128,114,0.5788325667381287,0.10609051585197449
20,5,128,115,0.542341411113739,0.03779654949903488
20,5,128,116,0.5500739812850952,0.12026617676019669
20,5,128,117,0.620725691318512,0.10134231299161911
20,5,128,118,0.5301310420036316,0.06283891201019287
20,5,128,119,0.6167868375778198,0.16502559185028076
20,5,128,120,0.6811418533325195,0.17653682827949524
20,5,128,121,0.7092308402061462,0.11704302579164505
20,5,128,122,0.32107990980148315,0.07059154659509659
20,5,128,123,0.6479814052581787,0.05177123099565506
20,5,128,124,0.678433895111084,0.18668891489505768
20,5,128,125,0.40676942467689514,0.08902135491371155
20,5,128,126,0.6258649826049805,0.06838143616914749
20,5,128,127,0.5227354168891907,0.08427420258522034
21,0,32,0,0.5612428784370422,0.025611337274312973
21,0,32,1,0.5658715963363647,0.07619345933198929
21,0,32,2,0.5433487296104431,0.05662737786769867
21,0,32,3,0.4318874776363373,0.010328799486160278
21,0,32,4,0.5965890884399414,0.03343430906534195
21,0,32,5,0.35179054737091064,0.07182180881500244
21,0,32,6,0.367352694272995,0.08228740841150284
21,0,32,7,0.5055379271507263,0.03702970966696739
21,0,32,8,0.4805527627468109,0.0700097605586052
21,0,32,9,0.5847100615501404,0.03069772943854332
21,0,32,10,0.5969654321670532,0.02205044962465763
21,0,32,11,0.5673583149909973,0.04152640327811241
21,0,32,12,0.6420620679855347,0.04105011373758316
21,0,32,13,0.6610520482063293,0.0537211112678051
21,0,32,14,0.5241571068763733,0.06245363503694534
21,0,32,15,0.5670134425163269,0.023068010807037354
21,0,32,16,0.6698424220085144,0.07097787410020828
21,0,32,17,0.5426331162452698,0.04586140066385269
21,0,32,18,0.5433478355407715,0.04509568214416504
21,0,32,19,0.37529873847961426,0.06609299778938293
21,0,32,20,0.5552745461463928,0.08464840799570084
21,0,32,21,0.6077855229377747,0.06144849956035614
21,0,32,22,0.5266113877296448,0.06174371391534805
21,0,32,23,0.5243716835975647,0.059033188968896866
21,0,32,24,0.5632469058036804,0.056387629359960556
21,0,32,25,0.5845111012458801,0.021682748571038246
21,0,32,26,0.45190730690956116,0.0604424811899662
21,0,32,27,0.4517788589000702,0.06402360647916794
21,0,32,28,0.4666045606136322,0.04435959458351135
21,0,32,29,0.5423392057418823,0.0644930973649025
21,0,32,30,0.44755691289901733,0.04379739239811897
21,0,32,31,0.5984857082366943,0.03587199002504349
21,1,32,0,0.6795878410339355,0.08137113600969315
21,1,32,1,0.5496266484260559,0.09139830619096756
21,1,32,2,0.5356553196907043,0.04542158544063568
21,1,32,3,0.4885543882846832,0.05417218804359436
21,1,32,4,0.39470168948173523,0.0638216882944107
21,1,32,5,0.3980282247066498,0.06476940959692001
21,1,32,6,0.39111295342445374,0.04245544970035553
21,1,32,7,0.45118770003318787,0.066554956138134
21,1,32,8,0.5519732236862183,0.06357243657112122
21,1,32,9,0.5467631220817566,0.07125259190797806
21,1,32,10,0.4631141126155853,0.08160371333360672
21,1,32,11,0.499235600233078,0.07733950763940811
21,1,32,12,0.5011135339736938,0.07994083315134048
21,1,32,13,0.38931217789649963,0.0959019586443901
21,1,32,14,0.5733487010002136,0.05560780316591263
21,1,32,15,0.38482439517974854,0.04945763573050499
21,1,32,16,0.5320165157318115,0.04687701165676117
21,1,32,17,0.464605450630188,0.09218654036521912
21,1,32,18,0.44710755348205566,0.04388972744345665
21,1,32,19,0.43088728189468384,0.08786480128765106
21,1,32,20,0.39325231313705444,0.07043899595737457
21,1,32,21,0.5521358251571655,0.05171966180205345
21,1,32,22,0.5173969864845276,0.08658265322446823
21,1,32,23,0.46469753980636597,0.058498721569776535
21,1,32,24,0.5303459167480469,0.08802372962236404
21,1,32,25,0.4610898792743683,0.08509738743305206
21,1,32,26,0.6355448961257935,0.0645996630191803
21,1,32,27,0.33674347400665283,0.0585210844874382
21,1,32,28,0.5179070234298706,0.07037092745304108
21,1,32,29,0.5147455930709839,0.07066982984542847
21,1,32,30,0.6248539686203003,0.0705132707953453
21,1,32,31,0.5732272863388062,0.05219442769885063
21,2,64,0,0.5664831399917603,0.06667596846818924
21,2,64,1,0.4273882210254669,0.11627058684825897
21,2,64,2,0.4413294196128845,0.10327021777629852
21,2,64,3,0.4055511951446533,0.07621593028306961
21,2,64,4,0.5417037606239319,0.09388850629329681
21,2,64,5,0.3990333676338196,0.13135483860969543
21,2,64,6,0.49619260430336,0.06591898947954178
21,2,64,7,0.4991387724876404,0.08166108280420303
21,2,64,8,0.528806746006012,0.11111241579055786
21,2,64,9,0.4516335129737854,0.07132552564144135
21,2,64,10,0.5076667666435242,0.08009854704141617
21,2,64,11,0.5335298776626587,0.1362360715866089
21,2,64,12,0.38647282123565674,0.06761631369590759
21,2,64,13,0.5587906837463379,0.07698219269514084
21,2,64,14,0.4142570495605469,0.09799550473690033
21,2,64,15,0.4682339131832123,0.10160041600465775
21,2,64,16,0.4380876123905182,0.13011686503887177
21,2,64,17,0.35923001170158386,0.08127662539482117
21,2,64,18,0.5313060283660889,0.12067823857069016
21,2,64,19,0.547903835773468,0.09318000078201294
21,2,64,20,0.45551252365112305,0.07887446135282516
21,2,64,21,0.5958263874053955,0.06384342908859253
21,2,64,22,0.5308921933174133,0.08166347444057465
21,2,64,23,0.4742724895477295,0.14137303829193115
21,2,64,24,0.5446577072143555,0.07447268068790436
21,2,64,25,0.5531303882598877,0.0837615504860878
21,2,64,26,0.30356404185295105,0.10448894649744034
21,2,64,27,0.46267515420913696,0.13149625062942505
21,2,64,28,0.3525473475456238,0.07723315805196762
21,2,64,29,0.43873217701911926,0.09728995710611343
21,2,64,30,0.41164928674697876,0.07842700183391571
21,2,64,31,0.5718716979026794,0.07546194642782211
21,2,64,32,0.5275897979736328,0.10529036819934845
21,2,64,33,0.5220693945884705,0.06369111686944962
21,2,64,34,0.47493037581443787,0.07234323024749756
21,2,64,35,0.5223514437675476,0.044223908334970474
21,2,64,36,0.47991329431533813,0.06116199493408203
21,2,64,37,0.6910452842712402,0.08492723107337952
21,2,64,38,0.35563918948173523,0.11124887317419052
21,2,64,39,0.43660494685173035,0.08342179656028748
21,2,64,40,0.46889978647232056,0.08926679939031601
21,2,64,41,0.4825543165206909,0.07637303322553635
21,2,64,42,0.46512508392333984,0.10032694786787033
21,2,64,43,0.4609822928905487,0.07244081795215607
21,2,64,44,0.4890788197517395,0.08979472517967224
21,2,64,45,0.5154399871826172,0.09916073828935623
21,2,64,46,0.4184066951274872,0.12075002491474152
21,2,64,47,0.48601531982421875,0.07952225208282471
21,2,64,48,0.41374391317367554,0.10184726864099503
21,2,64,49,0.36770132184028625,0.05653372406959534
21,2,64,50,0.5523251295089722,0.07828065752983093
21,2,64,51,0.46835047006607056,0.08974774926900864
21,2,64,52,0.606913149356842,0.12889158725738525
21,2,64,53,0.4753154516220093,0.07609277218580246
21,2,64,54,0.4597102701663971,0.142931267619133
21,2,64,55,0.42835351824760437,0.05064637213945389
21,2,64,56,0.4372432827949524,0.10516038537025452
21,2,64,57,0.5216059684753418,0.08112333714962006
21,2,64,58,0.470568984746933,0.08732571452856064
21,2,64,59,0.5030406713485718,0.08333530277013779
21,2,64,60,0.47749048471450806,0.10902002453804016
21,2,64,61,0.4874971807003021,0.0506490096449852
21,2,64,62,0.5740149617195129,0.07316623628139496
21,2,64,63,0.548010528087616,0.13613803684711456
21,3,64,0,0.5811609029769897,0.12711358070373535
21,3,64,1,0.6356722116470337,0.13012947142124176
21,3,64,2,0.6326889991760254,0.15132945775985718
21,3,64,3,0.44144752621650696,0.0843328982591629
21,3,64,4,0.4634615480899811,0.06503883749246597
21,3,64,5,0.5098839998245239,0.18263278901576996
21,3,64,6,0.6100788712501526,0.12150228023529053
21,3,64,7,0.4045996367931366,0.11546636372804642
21,3,64,8,0.4023759961128235,0.1628335863351822
21,3,64,9,0.48744675517082214,0.125109001994133
21,3,64,10,0.5068328976631165,0.06438520550727844
21,3,64,11,0.6746823787689209,0.11375217884778976
21,3,64,12,0.45845234394073486,0.1226387768983841
21,3,64,13,0.6348372101783752,0.06486377120018005
21,3,64,14,0.40313321352005005,0.10095702856779099
21,3,64,15,0.5343116521835327,0.11655911803245544
21,3,64,16,0.5823907256126404,0.18630093336105347
21,3,64,17,0.47200366854667664,0.09609121829271317
21,3,64,18,0.32442572712898254,0.09924735128879547
21,3,64,19,0.46551644802093506,0.14778828620910645
21,3,64,20,0.536427915096283,0.088467076420784
21,3,64,21,0.5404210686683655,0.10595531761646271
21,3,64,22,0.4057280421257019,0.10970474779605865
21,3,64,23,0.5348247289657593,0.1649598479270935
21,3,64,24,0.4819490909576416,0.04730604588985443
21,3,64,25,0.4730657935142517,0.09259189665317535
21,3,64,26,0.4992063045501709,0.07845541834831238
21,3,64,27,0.4354698657989502,0.09224496781826019
21,3,64,28,0.4834514856338501,0.06250104308128357
21,3,64,29,0.6069962382316589,0.14354626834392548
21,3,64,30,0.5381936430931091,0.061560459434986115
21,3,64,31,0.47289416193962097,0.06518043577671051
21,3,64,32,0.6030446290969849,0.20193734765052795
21,3,64,33,0.5043769478797913,0.17612789571285248
21,3,64,34,0.4694450795650482,0.10317216068506241
21,3,64,35,0.682637095451355,0.11841484159231186
21,3,64,36,0.5849040746688843,0.13677923381328583
21,3,64,37,0.6256407499313354,0.1647794395685196
21,3,64,38,0.34405335783958435,0.1490052491426468
21,3,64,39,0.5959242582321167,0.12812265753746033
21,3,64,40,0.6004072427749634,0.10837318003177643
21,3,64,41,0.5191853642463684,0.12846769392490387
21,3,64,42,0.49206244945526123,0.2022131383419037
21,3,64,43,0.39522966742515564,0.051653407514095306
21,3,64,44,0.5222902297973633,0.14761196076869965
21,3,64,45,0.2763857841491699,0.09576985985040665
21,3,64,46,0.5776698589324951,0.14725346863269806
21,3,64,47,0.31704968214035034,0.10201039910316467
21,3,64,48,0.5388287901878357,0.13682663440704346
21,3,64,49,0.4721367061138153,0.08099817484617233
21,3,64,50,0.43912649154663086,0.14698034524917603
21,3,64,51,0.4869028925895691,0.11472167074680328
21,3,64,52,0.4425048828125,0.08244411647319794
21,3,64,53,0.4715942144393921,0.09298441559076309
21,3,64,54,0.3676440715789795,0.1941554993391037
21,3,64,55,0.5007545351982117,0.09993673861026764
21,3,64,56,0.3216484487056732,0.11431380361318588
21,3,64,57,0.4680931568145752,0.04547039791941643
21,3,64,58,0.4998894929885864,0.13610681891441345
21,3,64,59,0.5571650862693787,0.16241909563541412
21,3,64,60,0.4027664065361023,0.1422654688358307
21,3,64,61,0.4646593928337097,0.11062376201152802
21,3,64,62,0.6221024394035339,0.1860876828432083
21,3,64,63,0.502731204032898,0.11748715490102768
21,4,128,0,0.608977198600769,0.2595697343349457
21,4,128,1,0.6323895454406738,0.13409937918186188
21,4,128,2,0.6040307283401489,0.08978588134050369
21,4,128,3,0.5485538840293884,0.12477591633796692
21,4,128,4,0.3183731436729431,0.20778030157089233
21,4,128,5,0.4737650752067566,0.1099860742688179
21,4,128,6,0.7469285130500793,0.24083732068538666
21,4,128,7,0.48231247067451477,0.0817735344171524
21,4,128,8,0.5329029560089111,0.05570730194449425
21,4,128,9,0.5716750621795654,0.06124532222747803
21,4,128,10,0.6732059121131897,0.07501964271068573
21,4,128,11,0.7562642693519592,0.1871974617242813
21,4,128,12,0.4532192051410675,0.2595909833908081
21,4,128,13,0.6778032183647156,0.10379128158092499
21,4,128,14,0.7499363422393799,0.08634159713983536
21,4,128,15,0.4149590730667114,0.11907525360584259
21,4,128,16,0.4084738492965698,0.15574580430984497
21,4,128,17,0.614641547203064,0.0908837839961052
21,4,128,18,0.32200193405151367,0.05564875528216362
21,4,128,19,0.30054956674575806,0.1284770965576172
21,4,128,20,0.5405704975128174,0.05180392786860466
21,4,128,21,0.6396740674972534,0.23830001056194305
21,4,128,22,0.5031969547271729,0.08775897324085236
21,4,128,23,0.7232522964477539,0.17499186098575592
21,4,128,24,0.5476022958755493,0.22183527052402496
21,4,128,25,0.4589727520942688,0.07839363068342209
21,4,128,26,0.4714109003543854,0.08880874514579773
21,4,128,27,0.577589213848114,0.05154101923108101
21,4,128,28,0.5677527189254761,0.18382620811462402
21,4,128,29,0.4992838203907013,0.0697285383939743
21,4,128,30,0.7340937852859497,0.1720905750989914
21,4,128,31,0.6908767223358154,0.07278672605752945
21,4,128,32,0.6071789264678955,0.14053724706172943
21,4,128,33,0.5278337001800537,0.18187616765499115
21,4,128,34,0.7421568632125854,0.14242048561573029
21,4,128,35,0.6735842823982239,0.07176580280065536
21,4,128,36,0.28307151794433594,0.18976685404777527
21,4,128,37,0.3352852761745453,0.0785098597407341
21,4,128,38,0.24593286216259003,0.09330037236213684
21,4,128,39,0.6942523717880249,0.11010131239891052
21,4,128,40,0.7021752595901489,0.23800209164619446
21,4,128,41,0.8117289543151855,0.12852276861667633
21,4,128,42,0.656597912311554,0.27381324768066406
21,4,128,43,0.4725145101547241,0.057084664702415466
21,4,128,44,0.7238033413887024,0.2005719244480133
21,4,128,45,0.7586303353309631,0.13945940136909485
21,4,128,46,0.4450294077396393,0.08445358276367188
21,4,128,47,0.5922769904136658,0.23945385217666626
21,4,128,48,0.30729347467422485,0.2781408429145813
21,4,128,49,0.5410676002502441,0.09196806699037552
21,4,128,50,0.7796715497970581,0.13082779943943024
21,4,128,51,0.7000254988670349,0.13349226117134094
21,4,128,52,0.5424138307571411,0.16395358741283417
21,4,128,53,0.8086753487586975,0.1111239418387413
21,4,128,54,0.6303829550743103,0.2504190504550934
21,4,128,55,0.7458648681640625,0.06168325990438461
21,4,128,56,0.6653218269348145,0.23673655092716217
21,4,128,57,0.5194944739341736,0.08059708774089813
21,4,128,58,0.6935310959815979,0.24382582306861877
21,4,128,59,0.4667905271053314,0.11433090269565582
21,4,128,60,0.6497461795806885,0.1909661889076233
21,4,128,61,0.4755966365337372,0.12401546537876129
21,4,128,62,0.6944782733917236,0.1529833823442459
21,4,128,63,0.3007871210575104,0.11881280690431595
21,4,128,64,0.8216146230697632,0.09458855539560318
21,4,128,65,0.5519896149635315,0.08174173533916473
21,4,128,66,0.7601544857025146,0.16967549920082092
21,4,128,67,0.6096380949020386,0.2666011154651642
21,4,128,68,0.7185505628585815,0.23343878984451294
21,4,128,69,0.5659785866737366,0.13560865819454193
21,4,128,70,0.48753535747528076,0.07021897286176682
21,4,128,71,0.39914271235466003,0.061823319643735886
21,4,128,72,0.56498783826828,0.16020941734313965
21,4,128,73,0.8010095357894897,0.14890320599079132
21,4,128,74,0.38143759965896606,0.04010670259594917
21,4,128,75,0.5139737129211426,0.23706310987472534
21,4,128,76,0.7941578030586243,0.07650624960660934
21,4,128,77,0.4279337227344513,0.2155735045671463
21,4,128,78,0.65986567735672,0.20548319816589355
21,4,128,79,0.636114776134491,0.18449965119361877
21,4,128,80,0.36021357774734497,0.29145416617393494
21,4,128,81,0.3970816731452942,0.22509299218654633
21,4,128,82,0.6695629954338074,0.14593419432640076
21,4,128,83,0.5090247988700867,0.16954727470874786
21,4,128,84,0.32891255617141724,0.09274256229400635
21,4,128,85,0.5735197067260742,0.23079493641853333
21,4,128,86,0.5128017067909241,0.13078750669956207
21,4,128,87,0.7627003192901611,0.1560443639755249
21,4,128,88,0.7627371549606323,0.11222640424966812
21,4,128,89,0.4911755323410034,0.06243134289979935
21,4,128,90,0.520118236541748,0.06283552199602127
21,4,128,91,0.5667243003845215,0.17342829704284668
21,4,128,92,0.37727850675582886,0.2539825737476349
21,4,128,93,0.4012020230293274,0.090168297290802
21,4,128,94,0.4804229438304901,0.06284762918949127
21,4,128,95,0.5276320576667786,0.17970320582389832
21,4,128,96,0.4831359088420868,0.15334801375865936
21,4,128,97,0.6678146123886108,0.1679103821516037
21,4,128,98,0.7845312356948853,0.1777786910533905
21,4,128,99,0.18461401760578156,0.1297929584980011
21,4,128,100,0.27951350808143616,0.15659199655056
21,4,128,101,0.8097535967826843,0.15282441675662994
21,4,128,102,0.5380802154541016,0.14084233343601227
21,4,128,103,0.5275850296020508,0.20833061635494232
21,4,128,104,0.6935259103775024,0.11802832037210464
21,4,128,105,0.638434112071991,0.35808509588241577
21,4,128,106,0.5870673060417175,0.18656840920448303
21,4,128,107,0.7018967270851135,0.10592106729745865
21,4,128,108,0.5762900710105896,0.1070566326379776
21,4,128,109,0.6479076743125916,0.34329327940940857
21,4,128,110,0.4770854115486145,0.24410684406757355
21,4,128,111,0.4512169659137726,0.17519448697566986
21,4,128,112,0.1974019855260849,0.0748344361782074
21,4,128,113,0.8179918527603149,0.11585717648267746
21,4,128,114,0.6659409403800964,0.16214793920516968
21,4,128,115,0.6756697297096252,0.07305706292390823
21,4,128,116,0.4936101734638214,0.08803194761276245
21,4,128,117,0.6493053436279297,0.2584807872772217
21,4,128,118,0.5323437452316284,0.04445322975516319
21,4,128,119,0.7424657344818115,0.20100824534893036
21,4,128,120,0.801506757736206,0.14006929099559784
21,4,128,121,0.6693171262741089,0.2774758040904999
21,4,128,122,0.691100001335144,0.10588262975215912
21,4,128,123,0.6536217331886292,0.28756463527679443
21,4,128,124,0.5336303114891052,0.1464003175497055
21,4,128,125,0.717157781124115,0.22214224934577942
21,4,128,126,0.7263067364692688,0.22841334342956543
21,4,128,127,0.5913789868354797,0.03874995931982994
21,5,128,0,0.7799742221832275,0.16035962104797363
21,5,128,1,0.5497892498970032,0.04809181019663811
21,5,128,2,0.46507126092910767,0.07736455649137497
21,5,128,3,0.7130095362663269,0.16042324900627136
21,5,128,4,0.5816747546195984,0.08209527283906937
21,5,128,5,0.392133891582489,0.0817277580499649
21,5,128,6,0.6985241770744324,0.20659175515174866
21,5,128,7,0.7528351545333862,0.14156489074230194
21,5,128,8,0.7348538041114807,0.2317022830247879
21,5,128,9,0.48807764053344727,0.02526436187326908
21,5,128,10,0.3339267671108246,0.1676260381937027
21,5,128,11,0.7452684044837952,0.19355902075767517
21,5,128,12,0.7013101577758789,0.1801466941833496
21,5,128,13,0.6708765029907227,0.15990591049194336
21,5,128,14,0.6170750856399536,0.07409407943487167
21,5,128,15,0.36992013454437256,0.08859878778457642
21,5,128,16,0.653035044670105,0.12563706934452057
21,5,128,17,0.6491312384605408,0.237822487950325
21,5,128,18,0.4802567958831787,0.04901452735066414
21,5,128,19,0.4906318485736847,0.018656479194760323
21,5,128,20,0.5615571141242981,0.12837983667850494
21,5,128,21,0.6441735625267029,0.16160334646701813
21,5,128,22,0.7337996363639832,0.14165867865085602
21,5,128,23,0.7245938181877136,0.23406066000461578
21,5,128,24,0.49801257252693176,0.0494428351521492
21,5,128,25,0.7150925397872925,0.18493695557117462
21,5,128,26,0.571254551410675,0.08950512856245041
21,5,128,27,0.76664137840271,0.165022611618042
21,5,128,28,0.7898697257041931,0.1383516490459442
21,5,128,29,0.5312809348106384,0.013938759453594685
21,5,128,30,0.7253782153129578,0.241519495844841
21,5,128,31,0.5338124632835388,0.075391486287117
21,5,128,32,0.6490563750267029,0.11677426844835281
21,5,128,33,0.3679475784301758,0.10403549671173096
21,5,128,34,0.7386935353279114,0.15720586478710175
21,5,128,35,0.7499192357063293,0.15406064689159393
21,5,128,36,0.6575148701667786,0.13746045529842377
21,5,128,37,0.5451539754867554,0.018996313214302063
21,5,128,38,0.6933861970901489,0.12876665592193604
21,5,128,39,0.73780757188797,0.22396329045295715
21,5,128,40,0.6760766506195068,0.14077907800674438
21,5,128,41,0.7516311407089233,0.16673864424228668
21,5,128,42,0.7539365291595459,0.2031143456697464
21,5,128,43,0.6476187109947205,0.07032676786184311
21,5,128,44,0.6317151784896851,0.08378610759973526
21,5,128,45,0.6901416182518005,0.18280725181102753
21,5,128,46,0.5541214942932129,0.05044689029455185
21,5,128,47,0.6583235859870911,0.13726919889450073
21,5,128,48,0.39899638295173645,0.10902181267738342
21,5,128,49,0.7546313405036926,0.13821087777614594
21,5,128,50,0.687325119972229,0.1446254849433899
21,5,128,51,0.7191618084907532,0.22544367611408234
21,5,128,52,0.39952903985977173,0.11974335461854935
21,5,128,53,0.7330046892166138,0.1531074196100235
21,5,128,54,0.45243456959724426,0.048998113721609116
21,5,128,55,0.4799847900867462,0.05688178166747093
21,5,128,56,0.5555132627487183,0.0920187383890152
21,5,128,57,0.5656309723854065,0.08566984534263611
21,5,128,58,0.767754316329956,0.16841721534729004
21,5,128,59,0.6943697333335876,0.20362143218517303
21,5,128,60,0.48760414123535156,0.04092741012573242
21,5,128,61,0.3250986933708191,0.10788988322019577
21,5,128,62,0.7329627275466919,0.2124590426683426
21,5,128,63,0.5531390905380249,0.028130749240517616
21,5,128,64,0.7560487389564514,0.16452299058437347
21,5,128,65,0.39288923144340515,0.1478678435087204
21,5,128,66,0.6957706809043884,0.19819830358028412
21,5,128,67,0.7028355002403259,0.16639626026153564
21,5,128,68,0.7413614392280579,0.16728566586971283
21,5,128,69,0.3569754958152771,0.16535118222236633
21,5,128,70,0.580994188785553,0.06654422730207443
21,5,128,71,0.6267062425613403,0.1059795692563057
21,5,128,72,0.5767870545387268,0.06781236827373505
21,5,128,73,0.7604724168777466,0.15453392267227173
21,5,128,74,0.5853938460350037,0.0631788969039917
21,5,128,75,0.6093208193778992,0.0818735733628273
21,5,128,76,0.7513795495033264,0.15150874853134155
21,5,128,77,0.7379013299942017,0.18816737830638885
21,5,128,78,0.6190851330757141,0.08077063411474228
21,5,128,79,0.7566778659820557,0.2034972757101059
21,5,128,80,0.3582729399204254,0.08776432275772095
21,5,128,81,0.7306327819824219,0.14774706959724426
21,5,128,82,0.29352855682373047,0.11290667951107025
21,5,128,83,0.5624932646751404,0.030005328357219696
21,5,128,84,0.4350811243057251,0.05890385061502457
21,5,128,85,0.6497800946235657,0.1691143810749054
21,5,128,86,0.4185065031051636,0.045530956238508224
21,5,128,87,0.5205309391021729,0.03002593293786049
21,5,128,88,0.7296718955039978,0.19274581968784332
21,5,128,89,0.636620283126831,0.1429009735584259
21,5,128,90,0.65852952003479,0.13925983011722565
21,5,128,91,0.5805535316467285,0.1305369734764099
21,5,128,92,0.4325394630432129,0.151108056306839
21,5,128,93,0.6862656474113464,0.12389957904815674
21,5,128,94,0.3977892994880676,0.05645366758108139
21,5,128,95,0.6376155018806458,0.1274731606245041
21,5,128,96,0.5714808106422424,0.03495708853006363
21,5,128,97,0.690625786781311,0.15849019587039948
21,5,128,98,0.7436873316764832,0.18941698968410492
21,5,128,99,0.43964698910713196,0.1511157751083374
21,5,128,100,0.5262748599052429,0.07860448211431503
21,5,128,101,0.6559033393859863,0.11051162332296371
21,5,128,102,0.4194607436656952,0.1003807932138443
21,5,128,103,0.4810866415500641,0.08152885735034943
21,5,128,104,0.6486384272575378,0.1307051032781601
21,5,128,105,0.6812493801116943,0.09191345423460007
21,5,128,106,0.43233609199523926,0.054491203278303146
21,5,128,107,0.49395790696144104,0.039266884326934814
21,5,128,108,0.7441467642784119,0.19198371469974518
21,5,128,109,0.6949090957641602,0.12079842388629913
21,5,128,110,0.693731427192688,0.2128058224916458
21,5,128,111,0.47313547134399414,0.07695804536342621
21,5,128,112,0.3924991488456726,0.09748264402151108
21,5,128,113,0.6885718703269958,0.18560345470905304
21,5,128,114,0.6243952512741089,0.10748295485973358
21,5,128,115,0.6330773830413818,0.1770969033241272
21,5,128,116,0.6357707381248474,0.1449233591556549
21,5,128,117,0.6808596253395081,0.2141464501619339
21,5,128,118,0.5766638517379761,0.05181754380464554
21,5,128,119,0.7368056178092957,0.20593857765197754
21,5,128,120,0.7282216548919678,0.19143225252628326
21,5,128,121,0.5793484449386597,0.09340920299291611
21,5,128,122,0.5429932475090027,0.07360083609819412
21,5,128,123,0.6268638372421265,0.07502727210521698
21,5,128,124,0.7374577522277832,0.1128532662987709
21,5,128,125,0.7305940389633179,0.2417202889919281
21,5,128,126,0.755633533000946,0.1776556521654129
21,5,128,127,0.7365036010742188,0.16018234193325043
22,0,32,0,0.49586910009384155,0.04240233451128006
22,0,32,1,0.48069578409194946,0.04872977361083031
22,0,32,2,0.5173603296279907,0.054165758192539215
22,0,32,3,0.48193952441215515,0.1149115189909935
22,0,32,4,0.46170496940612793,0.09568855911493301
22,0,32,5,0.5579038262367249,0.03675301745533943
22,0,32,6,0.6446051001548767,0.05775954946875572
22,0,32,7,0.592208743095398,0.042132336646318436
22,0,32,8,0.4725431799888611,0.030126554891467094
22,0,32,9,0.46657782793045044,0.10062674432992935
22,0,32,10,0.4387228190898895,0.04342939704656601
22,0,32,11,0.5418187975883484,0.05653838440775871
22,0,32,12,0.5239062309265137,0.11175156384706497
22,0,32,13,0.5586925148963928,0.06798770278692245
22,0,32,14,0.59279465675354,0.09545150399208069
22,0,32,15,0.4152461886405945,0.08907059580087662
22,0,32,16,0.5828074812889099,0.061911143362522125
22,0,32,17,0.42701801657676697,0.07569917291402817
22,0,32,18,0.41645658016204834,0.08008100092411041
22,0,32,19,0.5343920588493347,0.042971380054950714
22,0,32,20,0.5795454382896423,0.07588941603899002
22,0,32,21,0.4199891984462738,0.05290192738175392
22,0,32,22,0.48749223351478577,0.05706493556499481
22,0,32,23,0.488349974155426,0.032612431794404984
22,0,32,24,0.5066224932670593,0.039293766021728516
22,0,32,25,0.6157547831535339,0.07536664605140686
22,0,32,26,0.5722305774688721,0.08849051594734192
22,0,32,27,0.5192699432373047,0.05315793305635452
22,0,32,28,0.5422160029411316,0.05027707666158676
22,0,32,29,0.5436757206916809,0.04098421707749367
22,0,32,30,0.585960328578949,0.08582868427038193
22,0,32,31,0.4729750454425812,0.0791689082980156
22,1,32,0,0.4054830074310303,0.09330802410840988
22,1,32,1,0.42045867443084717,0.06676585227251053
22,1,32,2,0.574112594127655,0.08429622650146484
22,1,32,3,0.6098066568374634,0.053096458315849304
22,1,32,4,0.45116811990737915,0.08177639544010162
22,1,32,5,0.4817827045917511,0.06144236773252487
22,1,32,6,0.42487138509750366,0.06741820275783539
22,1,32,7,0.5300512313842773,0.07162036746740341
22,1,32,8,0.5435110330581665,0.09119544178247452
22,1,32,9,0.548378050327301,0.049614228308200836
22,1,32,10,0.4323333501815796,0.08123818784952164
22,1,32,11,0.47316259145736694,0.060525134205818176
22,1,32,12,0.5082903504371643,0.02630729228258133
22,1,32,13,0.5254732370376587,0.09188415110111237
22,1,32,14,0.5323096513748169,0.050169687718153
22,1,32,15,0.4169425666332245,0.0523134209215641
22,1,32,16,0.43435898423194885,0.09193980693817139
22,1,32,17,0.6272784471511841,0.06947283446788788
22,1,32,18,0.3962394595146179,0.08803272992372513
22,1,32,19,0.5907516479492188,0.04881960153579712
22,1,32,20,0.5214656591415405,0.050435714423656464
22,1,32,21,0.44840535521507263,0.07969450205564499
22,1,32,22,0.6031687259674072,0.0646807998418808
22,1,32,23,0.6459948420524597,0.08974672108888626
22,1,32,24,0.3840714693069458,0.07513602077960968
22,1,32,25,0.42161741852760315,0.03711627051234245
22,1,32,26,0.4737049639225006,0.0750768631696701
22,1,32,27,0.46017616987228394,0.05196927860379219
22,1,32,28,0.3584466278553009,0.043784596025943756
22,1,32,29,0.5617486238479614,0.02690366469323635
22,1,32,30,0.6339728236198425,0.05645282194018364
22,1,32,31,0.4343363046646118,0.06246726214885712
22,2,64,0,0.4198905825614929,0.048422399908304214
22,2,64,1,0.5369266271591187,0.0893787369132042
22,2,64,2,0.42420414090156555,0.03368804603815079
22,2,64,3,0.4425171911716461,0.03655291721224785
22,2,64,4,0.40716060996055603,0.09448783844709396
22,2,64,5,0.5163600444793701,0.08680026233196259
22,2,64,6,0.6022361516952515,0.12285932898521423
22,2,64,7,0.4959753155708313,0.027680696919560432
22,2,64,8,0.5743663311004639,0.04607897996902466
22,2,64,9,0.4562896192073822,0.0452115535736084
22,2,64,10,0.496063768863678,0.06153423711657524
22,2,64,11,0.45720094442367554,0.05587110295891762
22,2,64,12,0.4195263683795929,0.07287852466106415
22,2,64,13,0.42257389426231384,0.04364057630300522
22,2,64,14,0.56843501329422,0.03602398559451103
22,2,64,15,0.46042630076408386,0.04552965611219406
22,2,64,16,0.5500967502593994,0.1158529594540596
22,2,64,17,0.588714063167572,0.07009091973304749
22,2,64,18,0.5178946256637573,0.0939139723777771
22,2,64,19,0.42017704248428345,0.07869364321231842
22,2,64,20,0.6040018200874329,0.09930936247110367
22,2,64,21,0.4067029356956482,0.06112632900476456
22,2,64,22,0.5293917059898376,0.12685616314411163
22,2,64,23,0.5735566020011902,0.05431314930319786
22,2,64,24,0.4632197618484497,0.019949978217482567
22,2,64,25,0.4790441393852234,0.1015063002705574
22,2,64,26,0.48931655287742615,0.028566855937242508
22,2,64,27,0.4833199083805084,0.028985369950532913
22,2,64,28,0.443298876285553,0.05737394839525223
22,2,64,29,0.3951185345649719,0.06409689038991928
22,2,64,30,0.49269020557403564,0.04037034884095192
22,2,64,31,0.48897457122802734,0.0927547812461853
22,2,64,32,0.47022759914398193,0.11461923271417618
22,2,64,33,0.5621917843818665,0.06901248544454575
22,2,64,34,0.49609002470970154,0.12578926980495453
22,2,64,35,0.48493149876594543,0.1210353821516037
22,2,64,36,0.475908100605011,0.04113535210490227
22,2,64,37,0.3954501450061798,0.09346887469291687
22,2,64,38,0.4595838189125061,0.09615019708871841
22,2,64,39,0.5715332627296448,0.07136931270360947
22,2,64,40,0.5363550186157227,0.031025152653455734
22,2,64,41,0.443388968706131,0.0579475499689579
22,2,64,42,0.4685429334640503,0.04720181226730347
22,2,64,43,0.49505048990249634,0.049291305243968964
22,2,64,44,0.49839460849761963,0.06040136143565178
22,2,64,45,0.5361437201499939,0.12262838333845139
22,2,64,46,0.5113431215286255,0.05036676302552223
22,2,64,47,0.5189687013626099,0.11337669938802719
22,2,64,48,0.450744092464447,0.05979878082871437
22,2,64,49,0.5780718922615051,0.04034871980547905
22,2,64,50,0.4911160469055176,0.052980124950408936
22,2,64,51,0.48287084698677063,0.1310480684041977
22,2,64,52,0.4531382620334625,0.12129561603069305
22,2,64,53,0.4505555331707001,0.11710676550865173
22,2,64,54,0.4395655691623688,0.10788960009813309
22,2,64,55,0.5942233204841614,0.06963933259248734
22,2,64,56,0.47404947876930237,0.036056406795978546
22,2,64,57,0.5451861619949341,0.05906544253230095
22,2,64,58,0.4705427587032318,0.03145378455519676
22,2,64,59,0.5023368000984192,0.02313457429409027
22,2,64,60,0.4757072925567627,0.13881544768810272
22,2,64,61,0.4103086590766907,0.11102380603551865
22,2,64,62,0.47528067231178284,0.08472912758588791
22,2,64,63,0.5385376811027527,0.12026676535606384
22,3,64,0,0.648041844367981,0.04817816987633705
22,3,64,1,0.5483306050300598,0.0807991698384285
22,3,64,2,0.47317618131637573,0.1263745129108429
22,3,64,3,0.47987404465675354,0.0706990584731102
22,3,64,4,0.4838845729827881,0.06278450042009354
22,3,64,5,0.5427975058555603,0.03393466770648956
22,3,64,6,0.5051507353782654,0.12135813385248184
22,3,64,7,0.5048578977584839,0.084330253303051
22,3,64,8,0.5225403904914856,0.1481979489326477
22,3,64,9,0.407563179731369,0.01444212719798088
22,3,64,10,0.6018813252449036,0.08964093774557114
22,3,64,11,0.5354722142219543,0.156031996011734
22,3,64,12,0.6258084774017334,0.05113903433084488
22,3,64,13,0.49428462982177734,0.036297254264354706
22,3,64,14,0.41962283849716187,0.10936889052391052
22,3,64,15,0.6072192192077637,0.11642265319824219
22,3,64,16,0.3498535454273224,0.034041907638311386
22,3,64,17,0.45275476574897766,0.10155881941318512
22,3,64,18,0.5415002703666687,0.07011563330888748
22,3,64,19,0.4545489251613617,0.0337371863424778
22,3,64,20,0.49129199981689453,0.17189273238182068
22,3,64,21,0.4417280852794647,0.053390804678201675
22,3,64,22,0.5190476179122925,0.09848928451538086
22,3,64,23,0.6307905912399292,0.04267704859375954
22,3,64,24,0.4795176684856415,0.0966348722577095
22,3,64,25,0.5327231287956238,0.08259178698062897
22,3,64,26,0.4118128716945648,0.05908236280083656
22,3,64,27,0.5545783042907715,0.06205253303050995
22,3,64,28,0.6421980857849121,0.07070968300104141
22,3,64,29,0.37855106592178345,0.05148529261350632
22,3,64,30,0.6159271597862244,0.09176404774188995
22,3,64,31,0.7154607772827148,0.06322750449180603
22,3,64,32,0.5235012173652649,0.12016353756189346
22,3,64,33,0.4661230444908142,0.029733572155237198
22,3,64,34,0.415842205286026,0.06962359696626663
22,3,64,35,0.5110695362091064,0.06153998523950577
22,3,64,36,0.4695751667022705,0.026066793128848076
22,3,64,37,0.4976222515106201,0.07583947479724884
22,3,64,38,0.5156061053276062,0.10184863954782486
22,3,64,39,0.5576512813568115,0.12238740175962448
22,3,64,40,0.6147317886352539,0.04393564537167549
22,3,64,41,0.42285943031311035,0.08060639351606369
22,3,64,42,0.5408452749252319,0.07995670288801193
22,3,64,43,0.5853645205497742,0.04441416636109352
22,3,64,44,0.4069465398788452,0.07664190977811813
22,3,64,45,0.448117196559906,0.13116921484470367
22,3,64,46,0.630436360836029,0.06073785200715065
22,3,64,47,0.5861397981643677,0.097831591963768
22,3,64,48,0.43660417199134827,0.0941244438290596
22,3,64,49,0.49446845054626465,0.09938041120767593
22,3,64,50,0.43813908100128174,0.12918886542320251
22,3,64,51,0.5301082730293274,0.13299956917762756
22,3,64,52,0.4933779537677765,0.06296701729297638
22,3,64,53,0.5520557761192322,0.05327336862683296
22,3,64,54,0.45887523889541626,0.05156772956252098
22,3,64,55,0.6152158975601196,0.0557740218937397
22,3,64,56,0.5186941027641296,0.1216946393251419
22,3,64,57,0.6712892651557922,0.08488001674413681
22,3,64,58,0.6274093389511108,0.1100912019610405
22,3,64,59,0.4500850737094879,0.035644080489873886
22,3,64,60,0.44212815165519714,0.1368989497423172
22,3,64,61,0.4418105483055115,0.042070843279361725
22,3,64,62,0.49282681941986084,0.06494754552841187
22,3,64,63,0.6256853938102722,0.05224969610571861
22,4,128,0,0.5154966711997986,0.18883782625198364
22,4,128,1,0.5205326080322266,0.11451838910579681
22,4,128,2,0.5168783068656921,0.06884313374757767
22,4,128,3,0.6508268117904663,0.2061040997505188
22,4,128,4,0.6395286321640015,0.1439509093761444
22,4,128,5,0.7000982761383057,0.18030959367752075
22,4,128,6,0.7197380661964417,0.1647319197654724
22,4,128,7,0.6495687365531921,0.11221074312925339
22,4,128,8,0.5776916146278381,0.1248527392745018
22,4,128,9,0.5742763876914978,0.13748878240585327
22,4,128,10,0.4811592102050781,0.07025472819805145
22,4,128,11,0.628745973110199,0.20489723980426788
22,4,128,12,0.6493238806724548,0.09743893146514893
22,4,128,13,0.6206156611442566,0.2064782679080963
22,4,128,14,0.6740198731422424,0.1917603313922882
22,4,128,15,0.5418432354927063,0.15785479545593262
22,4,128,16,0.27788418531417847,0.06837163865566254
22,4,128,17,0.6237255930900574,0.05394962430000305
22,4,128,18,0.5840842127799988,0.14478079974651337
22,4,128,19,0.41762304306030273,0.0643065944314003
22,4,128,20,0.5374360084533691,0.09300795942544937
22,4,128,21,0.3389955461025238,0.08722889423370361
22,4,128,22,0.5967588424682617,0.06791891902685165
22,4,128,23,0.5554477572441101,0.18115732073783875
22,4,128,24,0.6256963014602661,0.1659935563802719
22,4,128,25,0.49434876441955566,0.12218008190393448
22,4,128,26,0.5635995864868164,0.04885725677013397
22,4,128,27,0.5607032775878906,0.08815431594848633
22,4,128,28,0.40256059169769287,0.061849988996982574
22,4,128,29,0.4755871295928955,0.17391251027584076
22,4,128,30,0.5998767018318176,0.17581450939178467
22,4,128,31,0.38348662853240967,0.10952559113502502
22,4,128,32,0.42530253529548645,0.06862035393714905
22,4,128,33,0.36452925205230713,0.13663914799690247
22,4,128,34,0.47981831431388855,0.04474800452589989
22,4,128,35,0.46326175332069397,0.17879702150821686
22,4,128,36,0.31248897314071655,0.09149070829153061
22,4,128,37,0.4764360189437866,0.06117849051952362
22,4,128,38,0.5040436387062073,0.08650604635477066
22,4,128,39,0.3730185627937317,0.1711965799331665
22,4,128,40,0.5636735558509827,0.15035711228847504
22,4,128,41,0.3542805016040802,0.07720272988080978
22,4,128,42,0.4310621917247772,0.06088881194591522
22,4,128,43,0.49456340074539185,0.06932258605957031
22,4,128,44,0.5282322764396667,0.14997150003910065
22,4,128,45,0.5520070195198059,0.09780195355415344
22,4,128,46,0.37082332372665405,0.15813535451889038
22,4,128,47,0.5508173704147339,0.1819402128458023
22,4,128,48,0.4453553557395935,0.06693585216999054
22,4,128,49,0.6473179459571838,0.1414666771888733
22,4,128,50,0.5415034890174866,0.11578930914402008
22,4,128,51,0.6762102842330933,0.22838354110717773
22,4,128,52,0.6216560006141663,0.26539281010627747
22,4,128,53,0.4594896137714386,0.10746688395738602
22,4,128,54,0.41437646746635437,0.06001494079828262
22,4,128,55,0.4646095037460327,0.08124463260173798
22,4,128,56,0.37737512588500977,0.06981344521045685
22,4,128,57,0.5167528986930847,0.08927047252655029
22,4,128,58,0.38224467635154724,0.08011599630117416
22,4,128,59,0.44714951515197754,0.13325539231300354
22,4,128,60,0.6123068928718567,0.20657184720039368
22,4,128,61,0.6296955943107605,0.12098723649978638
22,4,128,62,0.6443575024604797,0.06445186585187912
22,4,128,63,0.42155829071998596,0.31277355551719666
22,4,128,64,0.48536139726638794,0.07953786849975586
22,4,128,65,0.5038795471191406,0.10067793726921082
22,4,128,66,0.4448479413986206,0.0896860808134079
22,4,128,67,0.5903519988059998,0.11364004760980606
22,4,128,68,0.6083384156227112,0.11549504101276398
22,4,128,69,0.528300940990448,0.05407385900616646
22,4,128,70,0.6548293828964233,0.12476564943790436
22,4,128,71,0.6237611174583435,0.1109899953007698
22,4,128,72,0.5666360855102539,0.11616736650466919
22,4,128,73,0.46945372223854065,0.051432885229587555
22,4,128,74,0.6159413456916809,0.07891517132520676
22,4,128,75,0.45186102390289307,0.047822386026382446
22,4,128,76,0.5313733816146851,0.07443823665380478
22,4,128,77,0.6171910762786865,0.208624467253685
22,4,128,78,0.4814285337924957,0.09151194244623184
22,4,128,79,0.619587242603302,0.2480940818786621
22,4,128,80,0.7300726771354675,0.08451014757156372
22,4,128,81,0.5100064873695374,0.08572053164243698
22,4,128,82,0.625040590763092,0.07893617451190948
22,4,128,83,0.6670346260070801,0.18514180183410645
22,4,128,84,0.7132541537284851,0.12060406059026718
22,4,128,85,0.6910369396209717,0.13439227640628815
22,4,128,86,0.5705503821372986,0.0747491642832756
22,4,128,87,0.37635618448257446,0.17655736207962036
22,4,128,88,0.4184608459472656,0.10927345603704453
22,4,128,89,0.3679121136665344,0.07669401168823242
22,4,128,90,0.5225732922554016,0.05967772752046585
22,4,128,91,0.6503718495368958,0.16712825000286102
22,4,128,92,0.49893003702163696,0.0905260294675827
22,4,128,93,0.3877141773700714,0.10654886811971664
22,4,128,94,0.566322386264801,0.07389593869447708
22,4,128,95,0.41722190380096436,0.1845029592514038
22,4,128,96,0.6379328370094299,0.10703911632299423
22,4,128,97,0.5556539297103882,0.2443372756242752
22,4,128,98,0.3970789313316345,0.2217949628829956
22,4,128,99,0.7481798529624939,0.1455327570438385
22,4,128,100,0.4929734468460083,0.15332917869091034
22,4,128,101,0.4864833354949951,0.18120336532592773
22,4,128,102,0.6717151999473572,0.20495769381523132
22,4,128,103,0.6308920979499817,0.16963551938533783
22,4,128,104,0.6688165068626404,0.24358588457107544
22,4,128,105,0.540722131729126,0.10002046078443527
22,4,128,106,0.5449907183647156,0.09015163034200668
22,4,128,107,0.4879184663295746,0.22287651896476746
22,4,128,108,0.5852468013763428,0.05973238870501518
22,4,128,109,0.6165333390235901,0.1308537870645523
22,4,128,110,0.44914510846138,0.11800182610750198
22,4,128,111,0.5489094257354736,0.12126104533672333
22,4,128,112,0.542768120765686,0.0943516418337822
22,4,128,113,0.3354978859424591,0.11393305659294128
22,4,128,114,0.5427674055099487,0.14043527841567993
22,4,128,115,0.39304953813552856,0.11308679729700089
22,4,128,116,0.5963200330734253,0.09108072519302368
22,4,128,117,0.6063531637191772,0.11580009758472443
22,4,128,118,0.576843798160553,0.0637950450181961
22,4,128,119,0.5842239260673523,0.10395634174346924
22,4,128,120,0.5811935663223267,0.07811488956212997
22,4,128,121,0.45747944712638855,0.140360027551651
22,4,128,122,0.6009430289268494,0.12993556261062622
22,4,128,123,0.5601304173469543,0.10557910799980164
22,4,128,124,0.3495881259441376,0.18579202890396118
22,4,128,125,0.4764573276042938,0.11157986521720886
22,4,128,126,0.45264866948127747,0.04956532642245293
22,4,128,127,0.5493391156196594,0.07699593901634216
22,5,128,0,0.5848480463027954,0.14341111481189728
22,5,128,1,0.3600103259086609,0.11087165772914886
22,5,128,2,0.5946811437606812,0.17287908494472504
22,5,128,3,0.5405189990997314,0.2525957226753235
22,5,128,4,0.5136396884918213,0.05835042521357536
22,5,128,5,0.6467064619064331,0.2637721002101898
22,5,128,6,0.6246317028999329,0.22367925941944122
22,5,128,7,0.6580585837364197,0.12611787021160126
22,5,128,8,0.5255587100982666,0.15066953003406525
22,5,128,9,0.7007648348808289,0.16980589926242828
22,5,128,10,0.5623461008071899,0.08456037938594818
22,5,128,11,0.6044598817825317,0.0722987949848175
22,5,128,12,0.743438184261322,0.14547716081142426
22,5,128,13,0.510675847530365,0.05752595141530037
22,5,128,14,0.6413742303848267,0.1369590312242508
22,5,128,15,0.6815189123153687,0.12007351219654083
22,5,128,16,0.689899742603302,0.07384645193815231
22,5,128,17,0.5876557230949402,0.06226421147584915
22,5,128,18,0.3816320300102234,0.10807249695062637
22,5,128,19,0.5504579544067383,0.2283579260110855
22,5,128,20,0.6303626298904419,0.20906297862529755
22,5,128,21,0.5916058421134949,0.2050544023513794
22,5,128,22,0.6751039624214172,0.17502082884311676
22,5,128,23,0.5518956780433655,0.2840360403060913
22,5,128,24,0.43748739361763,0.14886602759361267
22,5,128,25,0.6641111373901367,0.17308539152145386
22,5,128,26,0.6563870310783386,0.2365809679031372
22,5,128,27,0.5284762382507324,0.08925899118185043
22,5,128,28,0.6710283756256104,0.08400725573301315
22,5,128,29,0.5393147468566895,0.03893370181322098
22,5,128,30,0.5528918504714966,0.04655294492840767
22,5,128,31,0.7060461044311523,0.12251893430948257
22,5,128,32,0.5825756788253784,0.27320826053619385
22,5,128,33,0.6305086612701416,0.21258953213691711
22,5,128,34,0.6729309558868408,0.08552312850952148
22,5,128,35,0.3742142915725708,0.24527494609355927
22,5,128,36,0.5542072653770447,0.1251930445432663
22,5,128,37,0.7722525000572205,0.114387646317482
22,5,128,38,0.48579999804496765,0.1318497657775879
22,5,128,39,0.5273827910423279,0.0875902995467186
22,5,128,40,0.7160950303077698,0.14405086636543274
22,5,128,41,0.5207007527351379,0.04913743585348129
22,5,128,42,0.49789056181907654,0.10774461179971695
22,5,128,43,0.6916300058364868,0.08446881920099258
22,5,128,44,0.43282797932624817,0.16704440116882324
22,5,128,45,0.6024040579795837,0.27082011103630066
22,5,128,46,0.4759916365146637,0.04186204448342323
22,5,128,47,0.4838920533657074,0.2152726799249649
22,5,128,48,0.37117305397987366,0.10253432393074036
22,5,128,49,0.7305412888526917,0.10518971085548401
22,5,128,50,0.3527710735797882,0.04846979305148125
22,5,128,51,0.5692721605300903,0.04465320333838463
22,5,128,52,0.6299865245819092,0.20309104025363922
22,5,128,53,0.6204783320426941,0.22670391201972961
22,5,128,54,0.5610450506210327,0.09677428752183914
22,5,128,55,0.41836827993392944,0.026783086359500885
22,5,128,56,0.4328683316707611,0.09688262641429901
22,5,128,57,0.413798063993454,0.0702093169093132
22,5,128,58,0.5245672464370728,0.22324010729789734
22,5,128,59,0.5676468014717102,0.17258784174919128
22,5,128,60,0.4632664620876312,0.10049821436405182
22,5,128,61,0.758743941783905,0.12772125005722046
22,5,128,62,0.5821314454078674,0.299259752035141
22,5,128,63,0.7422436475753784,0.11109144240617752
22,5,128,64,0.5646563768386841,0.08578034490346909
22,5,128,65,0.6736572980880737,0.2582334876060486
22,5,128,66,0.7200701832771301,0.08093177527189255
22,5,128,67,0.5136988162994385,0.12170875817537308
22,5,128,68,0.7181605100631714,0.18460698425769806
22,5,128,69,0.6008400917053223,0.19275234639644623
22,5,128,70,0.618938684463501,0.187360480427742
22,5,128,71,0.7554145455360413,0.07986649125814438
22,5,128,72,0.6817121505737305,0.23553308844566345
22,5,128,73,0.6384897828102112,0.13212841749191284
22,5,128,74,0.6726317405700684,0.16934996843338013
22,5,128,75,0.7538597583770752,0.11745676398277283
22,5,128,76,0.43178310990333557,0.07618473470211029
22,5,128,77,0.6253310441970825,0.19121742248535156
22,5,128,78,0.5793383121490479,0.0330578051507473
22,5,128,79,0.6649624109268188,0.2133617401123047
22,5,128,80,0.44721519947052,0.11085767298936844
22,5,128,81,0.6053264737129211,0.14571399986743927
22,5,128,82,0.3379857838153839,0.12064670771360397
22,5,128,83,0.5842158198356628,0.20139166712760925
22,5,128,84,0.6137745976448059,0.12199598550796509
22,5,128,85,0.47149357199668884,0.19779936969280243
22,5,128,86,0.5840979218482971,0.09151105582714081
22,5,128,87,0.6251455545425415,0.038195572793483734
22,5,128,88,0.5217384696006775,0.12258827686309814
22,5,128,89,0.6542890667915344,0.275844931602478
22,5,128,90,0.6599276065826416,0.17931458353996277
22,5,128,91,0.8048572540283203,0.13474196195602417
22,5,128,92,0.6078893542289734,0.2882227301597595
22,5,128,93,0.5653338432312012,0.14974552392959595
22,5,128,94,0.45375630259513855,0.09609329700469971
22,5,128,95,0.4418206810951233,0.0325307697057724
22,5,128,96,0.7435787916183472,0.1738690733909607
22,5,128,97,0.6594361066818237,0.212898388504982
22,5,128,98,0.5322574377059937,0.2421027421951294
22,5,128,99,0.46575140953063965,0.16091947257518768
22,5,128,100,0.34089037775993347,0.07558602839708328
22,5,128,101,0.5257079601287842,0.13338735699653625
22,5,128,102,0.6758309602737427,0.13510075211524963
22,5,128,103,0.6008804440498352,0.2690781354904175
22,5,128,104,0.5626202821731567,0.2660357654094696
22,5,128,105,0.535363495349884,0.0865180492401123
22,5,128,106,0.5854398608207703,0.09363523870706558
22,5,128,107,0.4648672938346863,0.08415796607732773
22,5,128,108,0.5330331921577454,0.19129766523838043
22,5,128,109,0.4850262999534607,0.04741035774350166
22,5,128,110,0.4225183129310608,0.02757197804749012
22,5,128,111,0.7402300834655762,0.11602181941270828
22,5,128,112,0.44346609711647034,0.09926923364400864
22,5,128,113,0.35338345170021057,0.11358983814716339
22,5,128,114,0.6519904732704163,0.20663931965827942
22,5,128,115,0.4884686768054962,0.20702484250068665
22,5,128,116,0.6593402624130249,0.08374128490686417
22,5,128,117,0.648845374584198,0.22418245673179626
22,5,128,118,0.6325525045394897,0.13937269151210785
22,5,128,119,0.6180377006530762,0.13858811557292938
22,5,128,120,0.5270242691040039,0.06560730934143066
22,5,128,121,0.4366157054901123,0.16250967979431152
22,5,128,122,0.5796314477920532,0.08283291012048721
22,5,128,123,0.7234649062156677,0.1983451396226883
22,5,128,124,0.6713849902153015,0.16442230343818665
22,5,128,125,0.737862229347229,0.14874285459518433
22,5,128,126,0.4136470854282379,0.05828522890806198
22,5,128,127,0.43211185932159424,0.1455746293067932
23,0,32,0,0.6011290550231934,0.01044537965208292
23,0,32,1,0.6436485648155212,0.059156082570552826
23,0,32,2,0.4088299572467804,0.10717738419771194
23,0,32,3,0.5532545447349548,0.1515098661184311
23,0,32,4,0.6096038222312927,0.035478901118040085
23,0,32,5,0.6401607394218445,0.10128245502710342
23,0,32,6,0.5842052102088928,0.027905298396945
23,0,32,7,0.3784719407558441,0.055108051747083664
23,0,32,8,0.5898062586784363,0.09286016970872879
23,0,32,9,0.6318650245666504,0.09371760487556458
23,0,32,10,0.5652026534080505,0.09388429671525955
23,0,32,11,0.5898056626319885,0.08872226625680923
23,0,32,12,0.5956299304962158,0.05091199651360512
23,0,32,13,0.5981633067131042,0.1445295661687851
23,0,32,14,0.4636278450489044,0.035999637097120285
23,0,32,15,0.4106931686401367,0.10673278570175171
23,0,32,16,0.41479313373565674,0.07744389027357101
23,0,32,17,0.5978565812110901,0.1116146370768547
23,0,32,18,0.5176072716712952,0.1463821679353714
23,0,32,19,0.6317605376243591,0.07469982653856277
23,0,32,20,0.3594483435153961,0.07293831557035446
23,0,32,21,0.5715897083282471,0.1091732308268547
23,0,32,22,0.5095922350883484,0.10063164681196213
23,0,32,23,0.49058637022972107,0.03995039686560631
23,0,32,24,0.5247650742530823,0.09107844531536102
23,0,32,25,0.548345685005188,0.05004763603210449
23,0,32,26,0.3760099411010742,0.09985455125570297
23,0,32,27,0.39478302001953125,0.04071885347366333
23,0,32,28,0.384341835975647,0.022284215316176414
23,0,32,29,0.5947895050048828,0.07860130816698074
23,0,32,30,0.5928771495819092,0.10355591773986816
23,0,32,31,0.585842490196228,0.10431590676307678
23,1,32,0,0.3956868350505829,0.044706933200359344
23,1,32,1,0.46648189425468445,0.029822420328855515
23,1,32,2,0.6102604269981384,0.02570132352411747
23,1,32,3,0.4585806131362915,0.019568465650081635
23,1,32,4,0.5248180627822876,0.07276377081871033
23,1,32,5,0.5760014057159424,0.04349895194172859
23,1,32,6,0.49121415615081787,0.03703209012746811
23,1,32,7,0.5255895256996155,0.04312220960855484
23,1,32,8,0.41323211789131165,0.044361285865306854
23,1,32,9,0.5599628686904907,0.06294668465852737
23,1,32,10,0.44473883509635925,0.05919717252254486
23,1,32,11,0.4418522119522095,0.05620187893509865
23,1,32,12,0.4924059808254242,0.03276296332478523
23,1,32,13,0.4661965072154999,0.04302483797073364
23,1,32,14,0.5294108986854553,0.05549285188317299
23,1,32,15,0.414324551820755,0.05898866802453995
23,1,32,16,0.47972238063812256,0.08592580258846283
23,1,32,17,0.44985970854759216,0.043136704713106155
23,1,32,18,0.5922491550445557,0.02035394310951233
23,1,32,19,0.5864585638046265,0.0322876051068306
23,1,32,20,0.4098933935165405,0.05824723467230797
23,1,32,21,0.5234516263008118,0.06192560866475105
23,1,32,22,0.4141707420349121,0.04296660050749779
23,1,32,23,0.6334188580513,0.05567029118537903
23,1,32,24,0.32379892468452454,0.06683852523565292
23,1,32,25,0.4473942816257477,0.043174438178539276
23,1,32,26,0.6423930525779724,0.05193323269486427
23,1,32,27,0.6170872449874878,0.039683036506175995
23,1,32,28,0.5063003301620483,0.03845970332622528
23,1,32,29,0.5755584836006165,0.06492175161838531
23,1,32,30,0.41018715500831604,0.06501422822475433
23,1,32,31,0.5647918581962585,0.02723318338394165
23,2,64,0,0.416900634765625,0.08337198942899704
23,2,64,1,0.4905194342136383,0.12536582350730896
23,2,64,2,0.47178545594215393,0.10562175512313843
23,2,64,3,0.5571385622024536,0.0980847179889679
23,2,64,4,0.5094260573387146,0.08801306784152985
23,2,64,5,0.5186036825180054,0.12377388030290604
23,2,64,6,0.4806625247001648,0.14846676588058472
23,2,64,7,0.44234657287597656,0.062231868505477905
23,2,64,8,0.4768942594528198,0.18670018017292023
23,2,64,9,0.7268321514129639,0.10086968541145325
23,2,64,10,0.6159913539886475,0.07679402828216553
23,2,64,11,0.5379233956336975,0.1479988694190979
23,2,64,12,0.6230427622795105,0.11458249390125275
23,2,64,13,0.504986584186554,0.18152378499507904
23,2,64,14,0.35720163583755493,0.10565584152936935
23,2,64,15,0.43617478013038635,0.15321221947669983
23,2,64,16,0.37731802463531494,0.14778698980808258
23,2,64,17,0.4906294047832489,0.16301801800727844
23,2,64,18,0.5210227370262146,0.1451195925474167
23,2,64,19,0.4259265661239624,0.08768690377473831
23,2,64,20,0.5985726714134216,0.1295308917760849
23,2,64,21,0.49517467617988586,0.096311554312706
23,2,64,22,0.5225513577461243,0.09386543184518814
23,2,64,23,0.7100016474723816,0.09561087936162949
23,2,64,24,0.3657446801662445,0.04235347360372543
23,2,64,25,0.487823486328125,0.15793298184871674
23,2,64,26,0.4275875389575958,0.11649900674819946
23,2,64,27,0.4346266984939575,0.13890016078948975
23,2,64,28,0.48785921931266785,0.06858596950769424
23,2,64,29,0.48882848024368286,0.1912098377943039
23,2,64,30,0.4305248558521271,0.11455637216567993
23,2,64,31,0.5123227834701538,0.17726527154445648
23,2,64,32,0.4567500948905945,0.10210707783699036
23,2,64,33,0.5689616799354553,0.11506735533475876
23,2,64,34,0.4079754650592804,0.10695675015449524
23,2,64,35,0.5095579624176025,0.13677038252353668
23,2,64,36,0.48364683985710144,0.11864016950130463
23,2,64,37,0.30324092507362366,0.0870325118303299
23,2,64,38,0.6543561816215515,0.08814969658851624
23,2,64,39,0.5540497303009033,0.08333440124988556
23,2,64,40,0.4274759292602539,0.12021686881780624
23,2,64,41,0.4483697712421417,0.09783399105072021
23,2,64,42,0.34828871488571167,0.08605249226093292
23,2,64,43,0.3676474392414093,0.09346891939640045
23,2,64,44,0.5262379050254822,0.10291106253862381
23,2,64,45,0.4591132402420044,0.18740291893482208
23,2,64,46,0.5066995024681091,0.1330024152994156
23,2,64,47,0.49655187129974365,0.08804638683795929
23,2,64,48,0.45720118284225464,0.16603371500968933
23,2,64,49,0.490113765001297,0.15653002262115479
23,2,64,50,0.33330076932907104,0.11390798538923264
23,2,64,51,0.449491947889328,0.17908577620983124
23,2,64,52,0.4189983308315277,0.0963980183005333
23,2,64,53,0.4251153767108917,0.11223416030406952
23,2,64,54,0.37964898347854614,0.13318854570388794
23,2,64,55,0.5169695615768433,0.11151386052370071
23,2,64,56,0.4541575610637665,0.13688676059246063
23,2,64,57,0.44539958238601685,0.09493224322795868
23,2,64,58,0.6247985363006592,0.09181434661149979
23,2,64,59,0.4236542582511902,0.16179944574832916
23,2,64,60,0.4218342900276184,0.11496143788099289
23,2,64,61,0.48220041394233704,0.06391855329275131
23,2,64,62,0.5592079162597656,0.07931875437498093
23,2,64,63,0.4715209901332855,0.11013782024383545
23,3,64,0,0.7070150375366211,0.11282330751419067
23,3,64,1,0.5702928304672241,0.08135174959897995
23,3,64,2,0.3843884766101837,0.12892551720142365
23,3,64,3,0.5569566488265991,0.12293995916843414
23,3,64,4,0.5493589043617249,0.10139302164316177
23,3,64,5,0.5502792000770569,0.17603269219398499
23,3,64,6,0.3062072992324829,0.11487624049186707
23,3,64,7,0.5082229375839233,0.10932884365320206
23,3,64,8,0.5066900253295898,0.07335373759269714
23,3,64,9,0.6956804394721985,0.10367792099714279
23,3,64,10,0.5446035861968994,0.20171786844730377
23,3,64,11,0.607266366481781,0.10716860741376877
23,3,64,12,0.4021247625350952,0.11132992058992386
23,3,64,13,0.5191171765327454,0.08336206525564194
23,3,64,14,0.6612935066223145,0.10961282253265381
23,3,64,15,0.44255682826042175,0.11516860127449036
23,3,64,16,0.43449991941452026,0.10043863952159882
23,3,64,17,0.46862420439720154,0.10775258392095566
23,3,64,18,0.5392612814903259,0.09167584776878357
23,3,64,19,0.443861186504364,0.1272381842136383
23,3,64,20,0.35956165194511414,0.0930655300617218
23,3,64,21,0.6202547550201416,0.1306488960981369
23,3,64,22,0.6024839282035828,0.07036808878183365
23,3,64,23,0.6075515151023865,0.1112661138176918
23,3,64,24,0.5152345895767212,0.09711772203445435
23,3,64,25,0.43633612990379333,0.09772763401269913
23,3,64,26,0.5547742247581482,0.11805637180805206
23,3,64,27,0.46594294905662537,0.05455732345581055
23,3,64,28,0.4762254059314728,0.1472003012895584
23,3,64,29,0.4764375686645508,0.07135310024023056
23,3,64,30,0.5396920442581177,0.13485275208950043
23,3,64,31,0.4680255651473999,0.10730622708797455
23,3,64,32,0.34285032749176025,0.11815747618675232
23,3,64,33,0.6221393942832947,0.1373312920331955
23,3,64,34,0.7068794369697571,0.10662312805652618
23,3,64,35,0.5586573481559753,0.09277106821537018
23,3,64,36,0.5396643877029419,0.04487050697207451
23,3,64,37,0.6047030687332153,0.10858705639839172
23,3,64,38,0.6023690700531006,0.07503246515989304
23,3,64,39,0.4329451620578766,0.1483362317085266
23,3,64,40,0.5129512548446655,0.26036617159843445
23,3,64,41,0.4456431567668915,0.043650295585393906
23,3,64,42,0.4770994186401367,0.08296433836221695
23,3,64,43,0.4213176965713501,0.12909036874771118
23,3,64,44,0.357557088136673,0.0968688577413559
23,3,64,45,0.38759472966194153,0.15534067153930664
23,3,64,46,0.47205838561058044,0.10337962955236435
23,3,64,47,0.4101164638996124,0.13533861935138702
23,3,64,48,0.4605500102043152,0.09869310259819031
23,3,64,49,0.44160982966423035,0.11660067737102509
23,3,64,50,0.5144643783569336,0.1463523507118225
23,3,64,51,0.5584073662757874,0.162763774394989
23,3,64,52,0.5345971584320068,0.05838792026042938
23,3,64,53,0.4455781877040863,0.1427457332611084
23,3,64,54,0.39579394459724426,0.0700330063700676
23,3,64,55,0.5880803465843201,0.13517999649047852
23,3,64,56,0.6256595253944397,0.19221524894237518
23,3,64,57,0.4413410425186157,0.14330820739269257
23,3,64,58,0.527256429195404,0.17560787498950958
23,3,64,59,0.32406285405158997,0.08869493752717972
23,3,64,60,0.656797468662262,0.08318796008825302
23,3,64,61,0.5124051570892334,0.14005476236343384
23,3,64,62,0.5651918053627014,0.07393336296081543
23,3,64,63,0.6025074124336243,0.09205776453018188
23,4,128,0,0.46139925718307495,0.0663670226931572
23,4,128,1,0.502909243106842,0.278757780790329
23,4,128,2,0.6590015888214111,0.1578349620103836
23,4,128,3,0.49531590938568115,0.3046674132347107
23,4,128,4,0.4893750846385956,0.228052020072937
23,4,128,5,0.6200947165489197,0.16960172355175018
23,4,128,6,0.498132586479187,0.2021390199661255
23,4,128,7,0.5612684488296509,0.23796683549880981
23,4,128,8,0.572936475276947,0.28127822279930115
23,4,128,9,0.7940269708633423,0.12218275666236877
23,4,128,10,0.6605031490325928,0.09685137122869492
23,4,128,11,0.6050973534584045,0.13541865348815918
23,4,128,12,0.6646904945373535,0.1162029355764389
23,4,128,13,0.7524840831756592,0.13847333192825317
23,4,128,14,0.5471591949462891,0.21349512040615082
23,4,128,15,0.5612182021141052,0.07002484053373337
23,4,128,16,0.5432308316230774,0.20589910447597504
23,4,128,17,0.32427623867988586,0.06966536492109299
23,4,128,18,0.5018945336341858,0.05479755625128746
23,4,128,19,0.4285694360733032,0.29268863797187805
23,4,128,20,0.5783189535140991,0.18511046469211578
23,4,128,21,0.42746323347091675,0.20498238503932953
23,4,128,22,0.4868393838405609,0.1619032472372055
23,4,128,23,0.3351917564868927,0.11291711777448654
23,4,128,24,0.6000969409942627,0.22055310010910034
23,4,128,25,0.37892886996269226,0.2032357007265091
23,4,128,26,0.6651560068130493,0.08250954002141953
23,4,128,27,0.5608334541320801,0.2657437026500702
23,4,128,28,0.7133649587631226,0.13319829106330872
23,4,128,29,0.7117549777030945,0.07470812648534775
23,4,128,30,0.668010950088501,0.17529457807540894
23,4,128,31,0.563800036907196,0.23203998804092407
23,4,128,32,0.5765982270240784,0.2769851088523865
23,4,128,33,0.3119160532951355,0.1804933398962021
23,4,128,34,0.3829677700996399,0.05263512209057808
23,4,128,35,0.4473627805709839,0.13253282010555267
23,4,128,36,0.42973896861076355,0.1505330502986908
23,4,128,37,0.6156588792800903,0.2130078822374344
23,4,128,38,0.6433751583099365,0.21233175694942474
23,4,128,39,0.6485431790351868,0.14872506260871887
23,4,128,40,0.535359799861908,0.07514305412769318
23,4,128,41,0.4762665927410126,0.20361687242984772
23,4,128,42,0.24325160682201385,0.15740080177783966
23,4,128,43,0.539682149887085,0.2951485216617584
23,4,128,44,0.6576368808746338,0.18678942322731018
23,4,128,45,0.4890660345554352,0.120273657143116
23,4,128,46,0.5924645066261292,0.16392216086387634
23,4,128,47,0.4987346827983856,0.32664772868156433
23,4,128,48,0.4237254858016968,0.18455426394939423
23,4,128,49,0.5856339931488037,0.1472720205783844
23,4,128,50,0.49609020352363586,0.20187808573246002
23,4,128,51,0.4262388050556183,0.1553048938512802
23,4,128,52,0.6537718176841736,0.09833893924951553
23,4,128,53,0.41212761402130127,0.06572282314300537
23,4,128,54,0.6953976154327393,0.13980256021022797
23,4,128,55,0.505720317363739,0.07158537209033966
23,4,128,56,0.7517162561416626,0.06787323951721191
23,4,128,57,0.36696016788482666,0.09157740324735641
23,4,128,58,0.6279869079589844,0.1698489934206009
23,4,128,59,0.5199817419052124,0.09067576378583908
23,4,128,60,0.47064903378486633,0.17271831631660461
23,4,128,61,0.5387380123138428,0.2745395600795746
23,4,128,62,0.5393241047859192,0.24648940563201904
23,4,128,63,0.6634668111801147,0.1463635414838791
23,4,128,64,0.7066181302070618,0.12079958617687225
23,4,128,65,0.7030448317527771,0.1787877231836319
23,4,128,66,0.29674825072288513,0.08304601162672043
23,4,128,67,0.6932876110076904,0.16524000465869904
23,4,128,68,0.5059627890586853,0.32418957352638245
23,4,128,69,0.56451416015625,0.11190298199653625
23,4,128,70,0.46152976155281067,0.14796830713748932
23,4,128,71,0.4819263219833374,0.2704257667064667
23,4,128,72,0.7888551950454712,0.11203232407569885
23,4,128,73,0.6333838105201721,0.2498290091753006
23,4,128,74,0.4495897591114044,0.3077506422996521
23,4,128,75,0.7085300087928772,0.14648880064487457
23,4,128,76,0.7017291188240051,0.08064034581184387
23,4,128,77,0.5117063522338867,0.39095017313957214
23,4,128,78,0.6288012862205505,0.12358331680297852
23,4,128,79,0.3388105630874634,0.13019567728042603
23,4,128,80,0.5776259899139404,0.28149062395095825
23,4,128,81,0.457064151763916,0.25832706689834595
23,4,128,82,0.46934235095977783,0.334170937538147
23,4,128,83,0.5198133587837219,0.21457473933696747
23,4,128,84,0.4379262626171112,0.34857359528541565
23,4,128,85,0.5799040198326111,0.06240861117839813
23,4,128,86,0.7392162680625916,0.17938046157360077
23,4,128,87,0.6882212162017822,0.16127170622348785
23,4,128,88,0.22760532796382904,0.11214057356119156
23,4,128,89,0.5426151752471924,0.3377113342285156
23,4,128,90,0.27507907152175903,0.14170630276203156
23,4,128,91,0.33818677067756653,0.1410077065229416
23,4,128,92,0.7211626172065735,0.10722887516021729
23,4,128,93,0.5012255311012268,0.04443929344415665
23,4,128,94,0.6058741211891174,0.05127933248877525
23,4,128,95,0.38804009556770325,0.0912572368979454
23,4,128,96,0.71453857421875,0.12097896635532379
23,4,128,97,0.4461577534675598,0.10504418611526489
23,4,128,98,0.3279735743999481,0.09402246028184891
23,4,128,99,0.5128772854804993,0.051953140646219254
23,4,128,100,0.5470329523086548,0.24780485033988953
23,4,128,101,0.7904790639877319,0.1588618904352188
23,4,128,102,0.6149492263793945,0.08342967182397842
23,4,128,103,0.6692149639129639,0.08356695622205734
23,4,128,104,0.6878843903541565,0.07083892077207565
23,4,128,105,0.5375601649284363,0.11712229251861572
23,4,128,106,0.6891914010047913,0.1697431355714798
23,4,128,107,0.7529962658882141,0.15649105608463287
23,4,128,108,0.8114639520645142,0.15767772495746613
23,4,128,109,0.6818317770957947,0.07562923431396484
23,4,128,110,0.8354261517524719,0.10394473373889923
23,4,128,111,0.512976884841919,0.06542444974184036
23,4,128,112,0.4469244182109833,0.15923325717449188
23,4,128,113,0.5861724615097046,0.2865636944770813
23,4,128,114,0.636771559715271,0.2556155323982239
23,4,128,115,0.42174017429351807,0.3077836036682129
23,4,128,116,0.5829569101333618,0.274883896112442
23,4,128,117,0.4651338458061218,0.1804189831018448
23,4,128,118,0.4138312339782715,0.17050355672836304
23,4,128,119,0.5827175378799438,0.09643104672431946
23,4,128,120,0.6022334694862366,0.21445873379707336
23,4,128,121,0.5910326242446899,0.2662217617034912
23,4,128,122,0.5223305225372314,0.23763024806976318
23,4,128,123,0.7718945145606995,0.11768331378698349
23,4,128,124,0.6461417078971863,0.21986742317676544
23,4,128,125,0.39306193590164185,0.28780078887939453
23,4,128,126,0.5551831722259521,0.11446450650691986
23,4,128,127,0.3379232883453369,0.1771135926246643
23,5,128,0,0.6977648735046387,0.15468062460422516
23,5,128,1,0.6620929837226868,0.1408647894859314
23,5,128,2,0.595406174659729,0.11185911297798157
23,5,128,3,0.6175915598869324,0.09271994233131409
23,5,128,4,0.4740087389945984,0.12882332503795624
23,5,128,5,0.5815112590789795,0.20723170042037964
23,5,128,6,0.41811999678611755,0.07698726654052734
23,5,128,7,0.5273969173431396,0.059679724276065826
23,5,128,8,0.5171841979026794,0.04251096770167351
23,5,128,9,0.613462507724762,0.20852631330490112
23,5,128,10,0.4791078269481659,0.08214627206325531
23,5,128,11,0.645146906375885,0.1759696751832962
23,5,128,12,0.48585769534111023,0.1069980263710022
23,5,128,13,0.6471714377403259,0.16950024664402008
23,5,128,14,0.440669447183609,0.03918223828077316
23,5,128,15,0.6782225966453552,0.11920716613531113
23,5,128,16,0.7256011366844177,0.11620806157588959
23,5,128,17,0.5232884883880615,0.09183438122272491
23,5,128,18,0.6167750954627991,0.17815151810646057
23,5,128,19,0.4154585003852844,0.07237397879362106
23,5,128,20,0.5581598281860352,0.0970744714140892
23,5,128,21,0.39925241470336914,0.08271700888872147
23,5,128,22,0.6660444140434265,0.16165897250175476
23,5,128,23,0.6668024659156799,0.15179811418056488
23,5,128,24,0.36631935834884644,0.052015647292137146
23,5,128,25,0.5091840028762817,0.0883900374174118
23,5,128,26,0.46782973408699036,0.15185995399951935
23,5,128,27,0.6749491691589355,0.16059625148773193
23,5,128,28,0.5368684530258179,0.07449787855148315
23,5,128,29,0.6780082583427429,0.152324840426445
23,5,128,30,0.6346212029457092,0.18679794669151306
23,5,128,31,0.6404520273208618,0.09170743077993393
23,5,128,32,0.6173065900802612,0.19232487678527832
23,5,128,33,0.48825180530548096,0.07671502977609634
23,5,128,34,0.39800670742988586,0.06591789424419403
23,5,128,35,0.6923213601112366,0.09503742307424545
23,5,128,36,0.6375954151153564,0.09379444271326065
23,5,128,37,0.502082884311676,0.051150985062122345
23,5,128,38,0.6592903733253479,0.09996084123849869
23,5,128,39,0.6680054068565369,0.14477777481079102
23,5,128,40,0.5430064797401428,0.040125105530023575
23,5,128,41,0.6536388397216797,0.14564067125320435
23,5,128,42,0.6153407692909241,0.1393413543701172
23,5,128,43,0.4050157368183136,0.07398238778114319
23,5,128,44,0.638096272945404,0.0788441076874733
23,5,128,45,0.45868855714797974,0.08721911907196045
23,5,128,46,0.6467533707618713,0.09213867038488388
23,5,128,47,0.5697281360626221,0.11686892807483673
23,5,128,48,0.45298489928245544,0.08230319619178772
23,5,128,49,0.4804712235927582,0.066036656498909
23,5,128,50,0.5695132613182068,0.08594934642314911
23,5,128,51,0.5292708873748779,0.09081073105335236
23,5,128,52,0.49413126707077026,0.09253188967704773
23,5,128,53,0.49835073947906494,0.08514012396335602
23,5,128,54,0.5889158844947815,0.17310146987438202
23,5,128,55,0.6046862602233887,0.0656903013586998
23,5,128,56,0.6387630701065063,0.08834390342235565
23,5,128,57,0.3988567590713501,0.12243974208831787
23,5,128,58,0.4279632568359375,0.07129888981580734
23,5,128,59,0.5296980142593384,0.08853013813495636
23,5,128,60,0.5649940371513367,0.09236295521259308
23,5,128,61,0.6379547715187073,0.03607848286628723
23,5,128,62,0.5387592911720276,0.06216343492269516
23,5,128,63,0.4498855769634247,0.07562489062547684
23,5,128,64,0.6901918053627014,0.046522777527570724
23,5,128,65,0.5492205023765564,0.08109400421380997
23,5,128,66,0.5284961462020874,0.039181992411613464
23,5,128,67,0.7610992789268494,0.15219494700431824
23,5,128,68,0.41831400990486145,0.1368546485900879
23,5,128,69,0.6419315338134766,0.12360092997550964
23,5,128,70,0.4283408224582672,0.07625336199998856
23,5,128,71,0.5879212021827698,0.10386195778846741
23,5,128,72,0.6127795577049255,0.06643852591514587
23,5,128,73,0.6713857054710388,0.14034362137317657
23,5,128,74,0.514397382736206,0.11767958104610443
23,5,128,75,0.5124964714050293,0.061030544340610504
23,5,128,76,0.7313272953033447,0.15542806684970856
23,5,128,77,0.6765499114990234,0.17244791984558105
23,5,128,78,0.5426687002182007,0.07935605943202972
23,5,128,79,0.5570059418678284,0.10515473037958145
23,5,128,80,0.3760360777378082,0.1722927838563919
23,5,128,81,0.4285772144794464,0.09735483676195145
23,5,128,82,0.39106443524360657,0.16287562251091003
23,5,128,83,0.37775537371635437,0.15021483600139618
23,5,128,84,0.3211097717285156,0.14706438779830933
23,5,128,85,0.6481598019599915,0.07628427445888519
23,5,128,86,0.5906762480735779,0.09965740144252777
23,5,128,87,0.4118003845214844,0.15575772523880005
23,5,128,88,0.4948958456516266,0.10730034857988358
23,5,128,89,0.5770940184593201,0.03633821755647659
23,5,128,90,0.5218021273612976,0.05056637525558472
23,5,128,91,0.5929361581802368,0.07704595476388931
23,5,128,92,0.7093462944030762,0.09249955415725708
23,5,128,93,0.5897579789161682,0.2533975839614868
23,5,128,94,0.5832401514053345,0.23737971484661102
23,5,128,95,0.6809799671173096,0.13923978805541992
23,5,128,96,0.6001872420310974,0.14017324149608612
23,5,128,97,0.5886083245277405,0.05973202735185623
23,5,128,98,0.6359059810638428,0.23148766160011292
23,5,128,99,0.4354301691055298,0.05780501663684845
23,5,128,100,0.5907480120658875,0.14229221642017365
23,5,128,101,0.6377989649772644,0.12211869657039642
23,5,128,102,0.500409722328186,0.1425090730190277
23,5,128,103,0.5542421340942383,0.08050129562616348
23,5,128,104,0.534633994102478,0.1525222510099411
23,5,128,105,0.5938953161239624,0.2103959172964096
23,5,128,106,0.48727890849113464,0.0979260504245758
23,5,128,107,0.6472469568252563,0.1638823002576828
23,5,128,108,0.6666274070739746,0.13069602847099304
23,5,128,109,0.5290741324424744,0.04695827141404152
23,5,128,110,0.6178331971168518,0.12874065339565277
23,5,128,111,0.6055511832237244,0.039792031049728394
23,5,128,112,0.6425394415855408,0.07406450062990189
23,5,128,113,0.5650861263275146,0.2065497785806656
23,5,128,114,0.6603248715400696,0.1822601854801178
23,5,128,115,0.6538956165313721,0.09397266805171967
23,5,128,116,0.6219160556793213,0.20999698340892792
23,5,128,117,0.6002232432365417,0.058289796113967896
23,5,128,118,0.44978097081184387,0.11308445036411285
23,5,128,119,0.5160441994667053,0.06089764088392258
23,5,128,120,0.6566177606582642,0.16105081140995026
23,5,128,121,0.6894312500953674,0.12717290222644806
23,5,128,122,0.3569139242172241,0.10088493674993515
23,5,128,123,0.6740928888320923,0.07261595875024796
23,5,128,124,0.6290010809898376,0.12808199226856232
23,5,128,125,0.3624705672264099,0.1431070864200592
23,5,128,126,0.6259336471557617,0.05302600935101509
23,5,128,127,0.48854532837867737,0.1038600280880928
24,0,32,0,0.49185195565223694,0.028992142528295517
24,0,32,1,0.46888449788093567,0.044022515416145325
24,0,32,2,0.5242717862129211,0.05543750897049904
24,0,32,3,0.48946240544319153,0.10041826218366623
24,0,32,4,0.4799749553203583,0.09455438703298569
24,0,32,5,0.5454516410827637,0.022526217624545097
24,0,32,6,0.6462739706039429,0.052066173404455185
24,0,32,7,0.5639244914054871,0.03824490308761597
24,0,32,8,0.4555814564228058,0.039900679141283035
24,0,32,9,0.4396258592605591,0.09236256778240204
24,0,32,10,0.4607296288013458,0.0407390259206295
24,0,32,11,0.52032470703125,0.06342499703168869
24,0,32,12,0.5115789175033569,0.08482847362756729
24,0,32,13,0.5744345784187317,0.032935723662376404
24,0,32,14,0.6146107316017151,0.08644082397222519
24,0,32,15,0.4045683443546295,0.08552411943674088
24,0,32,16,0.5773838758468628,0.051242928951978683
24,0,32,17,0.42756950855255127,0.0578203909099102
24,0,32,18,0.40176936984062195,0.06790988147258759
24,0,32,19,0.5421527028083801,0.049085501581430435
24,0,32,20,0.5702943205833435,0.06794986873865128
24,0,32,21,0.4155549705028534,0.0440567210316658
24,0,32,22,0.494103342294693,0.03845224529504776
24,0,32,23,0.48998889327049255,0.03031955473124981
24,0,32,24,0.491857647895813,0.0523584708571434
24,0,32,25,0.6353445053100586,0.0848311185836792
24,0,32,26,0.5822768807411194,0.08686844259500504
24,0,32,27,0.5201042890548706,0.035442426800727844
24,0,32,28,0.5625573992729187,0.057647448033094406
24,0,32,29,0.541964054107666,0.027193723246455193
24,0,32,30,0.6106829047203064,0.082150898873806
24,0,32,31,0.4889964759349823,0.08377892524003983
24,1,32,0,0.41667795181274414,0.05010324716567993
24,1,32,1,0.43977904319763184,0.04759629815816879
24,1,32,2,0.5689992904663086,0.06562869995832443
24,1,32,3,0.6029237508773804,0.022899063304066658
24,1,32,4,0.4838009178638458,0.03323911130428314
24,1,32,5,0.49501413106918335,0.02734639309346676
24,1,32,6,0.43139779567718506,0.05957537889480591
24,1,32,7,0.5310467481613159,0.061697766184806824
24,1,32,8,0.5798001885414124,0.033620428293943405
24,1,32,9,0.5540906190872192,0.040224164724349976
24,1,32,10,0.45807960629463196,0.06065041944384575
24,1,32,11,0.49623483419418335,0.03656919673085213
24,1,32,12,0.5036509037017822,0.014888279139995575
24,1,32,13,0.5151718854904175,0.07078760117292404
24,1,32,14,0.5339149236679077,0.050637830048799515
24,1,32,15,0.42517080903053284,0.0415317676961422
24,1,32,16,0.4505232870578766,0.06559969484806061
24,1,32,17,0.6042852401733398,0.048012103885412216
24,1,32,18,0.42049652338027954,0.06545117497444153
24,1,32,19,0.5980249047279358,0.03258299082517624
24,1,32,20,0.5141661167144775,0.03570275753736496
24,1,32,21,0.43086493015289307,0.03630097210407257
24,1,32,22,0.6159335970878601,0.03999435156583786
24,1,32,23,0.6175140142440796,0.06034064665436745
24,1,32,24,0.3979613184928894,0.05372988060116768
24,1,32,25,0.42299067974090576,0.025926167145371437
24,1,32,26,0.4856381416320801,0.053230103105306625
24,1,32,27,0.4451732635498047,0.038507793098688126
24,1,32,28,0.3692399561405182,0.030387459322810173
24,1,32,29,0.555493950843811,0.021174795925617218
24,1,32,30,0.628213107585907,0.021453695371747017
24,1,32,31,0.4592388868331909,0.04263605177402496
24,2,64,0,0.4515652358531952,0.061270806938409805
24,2,64,1,0.5363981127738953,0.07684507220983505
24,2,64,2,0.4282754063606262,0.03205132111907005
24,2,64,3,0.4431919753551483,0.04087633267045021
24,2,64,4,0.4428359568119049,0.05715840309858322
24,2,64,5,0.4838600754737854,0.04354120418429375
24,2,64,6,0.5884929299354553,0.05647697299718857
24,2,64,7,0.5186892151832581,0.04430558159947395
24,2,64,8,0.563411295413971,0.05084458738565445
24,2,64,9,0.44359296560287476,0.07013113051652908
24,2,64,10,0.5060433149337769,0.029755286872386932
24,2,64,11,0.43122801184654236,0.047926947474479675
24,2,64,12,0.4038953185081482,0.0796402171254158
24,2,64,13,0.4621526002883911,0.04273901507258415
24,2,64,14,0.5824151635169983,0.07877981662750244
24,2,64,15,0.4936070442199707,0.03640228882431984
24,2,64,16,0.5637739896774292,0.09134980291128159
24,2,64,17,0.5791412591934204,0.0489606112241745
24,2,64,18,0.5138658285140991,0.04802614450454712
24,2,64,19,0.4195407032966614,0.07244952768087387
24,2,64,20,0.602417528629303,0.06122651323676109
24,2,64,21,0.39490562677383423,0.04940829798579216
24,2,64,22,0.5524685382843018,0.08253736793994904
24,2,64,23,0.5928612947463989,0.058917392045259476
24,2,64,24,0.45525068044662476,0.022082442417740822
24,2,64,25,0.4734970033168793,0.05076736584305763
24,2,64,26,0.47136399149894714,0.04211443290114403
24,2,64,27,0.4895629286766052,0.05069615691900253
24,2,64,28,0.4610274136066437,0.041010621935129166
24,2,64,29,0.4192885160446167,0.04510481283068657
24,2,64,30,0.48092570900917053,0.046301960945129395
24,2,64,31,0.5004779696464539,0.050858523696660995
24,2,64,32,0.4480952024459839,0.13796664774417877
24,2,64,33,0.5595790147781372,0.053275465965270996
24,2,64,34,0.5032331347465515,0.08564623445272446
24,2,64,35,0.4545242190361023,0.07626425474882126
24,2,64,36,0.48701268434524536,0.03607447072863579
24,2,64,37,0.4089937210083008,0.06347871571779251
24,2,64,38,0.4377424120903015,0.07020106166601181
24,2,64,39,0.6009102463722229,0.0379483662545681
24,2,64,40,0.5274330377578735,0.06510356068611145
24,2,64,41,0.45061367750167847,0.071450375020504
24,2,64,42,0.4694804251194,0.023509083315730095
24,2,64,43,0.4756168723106384,0.06767217814922333
24,2,64,44,0.508247435092926,0.04693286865949631
24,2,64,45,0.572492778301239,0.04415121302008629
24,2,64,46,0.5317082405090332,0.039629362523555756
24,2,64,47,0.5156490802764893,0.06956861168146133
24,2,64,48,0.4666943848133087,0.05687975883483887
24,2,64,49,0.6049478650093079,0.033724378794431686
24,2,64,50,0.5193754434585571,0.05106867849826813
24,2,64,51,0.523398756980896,0.052419815212488174
24,2,64,52,0.4729361832141876,0.08139161020517349
24,2,64,53,0.4987903833389282,0.06478523463010788
24,2,64,54,0.4087885320186615,0.08345237374305725
24,2,64,55,0.5525808930397034,0.05189701169729233
24,2,64,56,0.48346948623657227,0.04549802839756012
24,2,64,57,0.5547208786010742,0.04955907166004181
24,2,64,58,0.475179523229599,0.04589211195707321
24,2,64,59,0.5098869204521179,0.0468737818300724
24,2,64,60,0.47597429156303406,0.07368257641792297
24,2,64,61,0.42375826835632324,0.060283008962869644
24,2,64,62,0.4612174332141876,0.042949166148900986
24,2,64,63,0.5807963609695435,0.05255359783768654
24,3,64,0,0.6535113453865051,0.06979361176490784
24,3,64,1,0.5623420476913452,0.06516289710998535
24,3,64,2,0.4721441864967346,0.13261738419532776
24,3,64,3,0.4778884947299957,0.07508192211389542
24,3,64,4,0.47180166840553284,0.06416924297809601
24,3,64,5,0.5531473159790039,0.08361898362636566
24,3,64,6,0.5512170791625977,0.1298220008611679
24,3,64,7,0.47190433740615845,0.07065410166978836
24,3,64,8,0.5604195594787598,0.13236013054847717
24,3,64,9,0.4007575511932373,0.06052139401435852
24,3,64,10,0.589655339717865,0.05410979688167572
24,3,64,11,0.5095975399017334,0.13763250410556793
24,3,64,12,0.6333940029144287,0.07820192724466324
24,3,64,13,0.4550744295120239,0.06801062822341919
24,3,64,14,0.41617316007614136,0.09441982209682465
24,3,64,15,0.643793523311615,0.07339610904455185
24,3,64,16,0.34026676416397095,0.0385487899184227
24,3,64,17,0.4413231611251831,0.05227452889084816
24,3,64,18,0.5306006073951721,0.08941841870546341
24,3,64,19,0.4713115990161896,0.03979947045445442
24,3,64,20,0.5216543674468994,0.19616490602493286
24,3,64,21,0.4581022262573242,0.037770308554172516
24,3,64,22,0.5502093434333801,0.10565079003572464
24,3,64,23,0.6231091618537903,0.09484667330980301
24,3,64,24,0.5031464695930481,0.08522538840770721
24,3,64,25,0.5322922468185425,0.0916643962264061
24,3,64,26,0.4030207097530365,0.06882490962743759
24,3,64,27,0.566763162612915,0.07206818461418152
24,3,64,28,0.6161775588989258,0.05774851143360138
24,3,64,29,0.3544318974018097,0.07574324309825897
24,3,64,30,0.6050000190734863,0.058494944125413895
24,3,64,31,0.711385190486908,0.11629074066877365
24,3,64,32,0.52288419008255,0.1198262870311737
24,3,64,33,0.47494080662727356,0.026914628222584724
24,3,64,34,0.45015934109687805,0.06833107024431229
24,3,64,35,0.4960165321826935,0.033199165016412735
24,3,64,36,0.45426177978515625,0.04620043933391571
24,3,64,37,0.4964393973350525,0.03752799332141876
24,3,64,38,0.4656760096549988,0.08728273957967758
24,3,64,39,0.58781898021698,0.11211017519235611
24,3,64,40,0.6257787942886353,0.05101429671049118
24,3,64,41,0.4268278181552887,0.061171408742666245
24,3,64,42,0.4955344796180725,0.0739380419254303
24,3,64,43,0.5879097580909729,0.05862022563815117
24,3,64,44,0.42461493611335754,0.09350521862506866
24,3,64,45,0.4582756459712982,0.1288997381925583
24,3,64,46,0.6353060603141785,0.09686517715454102
24,3,64,47,0.6226764917373657,0.10932204127311707
24,3,64,48,0.39430636167526245,0.0723627358675003
24,3,64,49,0.4938991963863373,0.09268155694007874
24,3,64,50,0.4377392828464508,0.08724048733711243
24,3,64,51,0.510844886302948,0.10555385798215866
24,3,64,52,0.506761908531189,0.1382267028093338
24,3,64,53,0.551736056804657,0.05292791500687599
24,3,64,54,0.47146740555763245,0.06260707974433899
24,3,64,55,0.5890272855758667,0.05916895344853401
24,3,64,56,0.4935789108276367,0.1447497010231018
24,3,64,57,0.7009464502334595,0.07535586506128311
24,3,64,58,0.6194533109664917,0.05900462344288826
24,3,64,59,0.4397893249988556,0.09029684960842133
24,3,64,60,0.47513243556022644,0.11078204214572906
24,3,64,61,0.4277981221675873,0.05791551247239113
24,3,64,62,0.48422127962112427,0.091670460999012
24,3,64,63,0.6338632702827454,0.0979401022195816
24,4,128,0,0.49343806505203247,0.13334441184997559
24,4,128,1,0.5317498445510864,0.08457878232002258
24,4,128,2,0.46678197383880615,0.06812376528978348
24,4,128,3,0.5921786427497864,0.136521577835083
24,4,128,4,0.5796992182731628,0.1262759566307068
24,4,128,5,0.6582016944885254,0.19398754835128784
24,4,128,6,0.6855353713035583,0.13690122961997986
24,4,128,7,0.658028781414032,0.11152006685733795
24,4,128,8,0.535547137260437,0.08117742091417313
24,4,128,9,0.5655598044395447,0.11584880948066711
24,4,128,10,0.4609333872795105,0.03066512756049633
24,4,128,11,0.6044664978981018,0.06117076054215431
24,4,128,12,0.6025820374488831,0.07946594804525375
24,4,128,13,0.6021918058395386,0.19904983043670654
24,4,128,14,0.6334501504898071,0.14985699951648712
24,4,128,15,0.5353277325630188,0.1895945519208908
24,4,128,16,0.3310365080833435,0.07921821624040604
24,4,128,17,0.5511419177055359,0.04930637404322624
24,4,128,18,0.5666271448135376,0.11617226153612137
24,4,128,19,0.4684622883796692,0.12126531451940536
24,4,128,20,0.5079575777053833,0.06318943202495575
24,4,128,21,0.38261082768440247,0.08586529642343521
24,4,128,22,0.5906594395637512,0.16383801400661469
24,4,128,23,0.518787145614624,0.18920257687568665
24,4,128,24,0.5494868755340576,0.08681698888540268
24,4,128,25,0.6163239479064941,0.06730049103498459
24,4,128,26,0.4781663715839386,0.12068555504083633
24,4,128,27,0.5744500160217285,0.07505868375301361
24,4,128,28,0.46809622645378113,0.07817760854959488
24,4,128,29,0.46253082156181335,0.11807126551866531
24,4,128,30,0.5413463115692139,0.12639392912387848
24,4,128,31,0.335029274225235,0.06790389120578766
24,4,128,32,0.4227967858314514,0.08481626212596893
24,4,128,33,0.39860260486602783,0.067842498421669
24,4,128,34,0.48936760425567627,0.06701502948999405
24,4,128,35,0.33556321263313293,0.09466557204723358
24,4,128,36,0.4092088043689728,0.12184002995491028
24,4,128,37,0.49265727400779724,0.12351241707801819
24,4,128,38,0.5278470516204834,0.06963717192411423
24,4,128,39,0.4169026017189026,0.08677162975072861
24,4,128,40,0.4645363390445709,0.07410059124231339
24,4,128,41,0.3459791839122772,0.07779631018638611
24,4,128,42,0.5163552761077881,0.0807352140545845
24,4,128,43,0.4248274862766266,0.05774683132767677
24,4,128,44,0.595643937587738,0.12701061367988586
24,4,128,45,0.45477935671806335,0.09682092070579529
24,4,128,46,0.471205472946167,0.058581870049238205
24,4,128,47,0.530999481678009,0.06224556639790535
24,4,128,48,0.43278926610946655,0.043400444090366364
24,4,128,49,0.6225734949111938,0.14264893531799316
24,4,128,50,0.5166956186294556,0.10061182826757431
24,4,128,51,0.6627245545387268,0.10777189582586288
24,4,128,52,0.5427084565162659,0.16585499048233032
24,4,128,53,0.4752770662307739,0.06711169332265854
24,4,128,54,0.5033875107765198,0.043327078223228455
24,4,128,55,0.4945380985736847,0.10775192826986313
24,4,128,56,0.4202318787574768,0.06822919845581055
24,4,128,57,0.572147786617279,0.07833199948072433
24,4,128,58,0.40054574608802795,0.11857161670923233
24,4,128,59,0.4424106776714325,0.139828622341156
24,4,128,60,0.5959283709526062,0.1911480873823166
24,4,128,61,0.5210007429122925,0.08463822305202484
24,4,128,62,0.5983877182006836,0.08612194657325745
24,4,128,63,0.6084682941436768,0.05971024930477142
24,4,128,64,0.5396714806556702,0.09241726249456406
24,4,128,65,0.514815628528595,0.06907953321933746
24,4,128,66,0.4709016978740692,0.056667227298021317
24,4,128,67,0.5627490282058716,0.08325891196727753
24,4,128,68,0.6059331297874451,0.1838284134864807
24,4,128,69,0.43744727969169617,0.08847558498382568
24,4,128,70,0.5809925198554993,0.06906797736883163
24,4,128,71,0.6507560610771179,0.07510390132665634
24,4,128,72,0.5731418132781982,0.1153874322772026
24,4,128,73,0.4040258228778839,0.10515981167554855
24,4,128,74,0.6125367283821106,0.07637548446655273
24,4,128,75,0.4304283857345581,0.18695314228534698
24,4,128,76,0.5078285336494446,0.06487958133220673
24,4,128,77,0.6033427119255066,0.22454600036144257
24,4,128,78,0.48756569623947144,0.08967823535203934
24,4,128,79,0.5644820928573608,0.09558840841054916
24,4,128,80,0.6507728099822998,0.17154386639595032
24,4,128,81,0.5095582008361816,0.13897103071212769
24,4,128,82,0.5701826810836792,0.10442829132080078
24,4,128,83,0.6033527255058289,0.14809225499629974
24,4,128,84,0.6280840039253235,0.0649334043264389
24,4,128,85,0.64283287525177,0.06220865622162819
24,4,128,86,0.5369163155555725,0.09087450057268143
24,4,128,87,0.39716389775276184,0.18082953989505768
24,4,128,88,0.4507526159286499,0.058506011962890625
24,4,128,89,0.39419466257095337,0.0948590561747551
24,4,128,90,0.5331397652626038,0.07881270349025726
24,4,128,91,0.5737115740776062,0.12511111795902252
24,4,128,92,0.5930497050285339,0.053442735224962234
24,4,128,93,0.36783701181411743,0.0714062750339508
24,4,128,94,0.4916872978210449,0.10180257260799408
24,4,128,95,0.46593302488327026,0.12617063522338867
24,4,128,96,0.5791449546813965,0.17256172001361847
24,4,128,97,0.35542014241218567,0.09147133678197861
24,4,128,98,0.4532279968261719,0.14371275901794434
24,4,128,99,0.7136848568916321,0.11501101404428482
24,4,128,100,0.5032446980476379,0.12289977073669434
24,4,128,101,0.5340526700019836,0.06213371828198433
24,4,128,102,0.5829380750656128,0.10115707665681839
24,4,128,103,0.4979817867279053,0.17326636612415314
24,4,128,104,0.6105607748031616,0.1759907454252243
24,4,128,105,0.5890956521034241,0.10289978981018066
24,4,128,106,0.5414512157440186,0.07839758694171906
24,4,128,107,0.5896509885787964,0.10145575553178787
24,4,128,108,0.5851078033447266,0.1044667586684227
24,4,128,109,0.6304880976676941,0.11546099931001663
24,4,128,110,0.4464832842350006,0.06527405232191086
24,4,128,111,0.5707101225852966,0.06825485825538635
24,4,128,112,0.5229865908622742,0.16451171040534973
24,4,128,113,0.41047894954681396,0.16065075993537903
24,4,128,114,0.5040796995162964,0.12765061855316162
24,4,128,115,0.4159049689769745,0.059608668088912964
24,4,128,116,0.6034557819366455,0.06532589346170425
24,4,128,117,0.5673374533653259,0.05830040201544762
24,4,128,118,0.5393166542053223,0.04199864715337753
24,4,128,119,0.5450306534767151,0.08779953420162201
24,4,128,120,0.5387460589408875,0.039951831102371216
24,4,128,121,0.5441094040870667,0.11783232539892197
24,4,128,122,0.5763964653015137,0.07807015627622604
24,4,128,123,0.521571934223175,0.06278611719608307
24,4,128,124,0.39693596959114075,0.11881999671459198
24,4,128,125,0.6002327799797058,0.09868542104959488
24,4,128,126,0.43327128887176514,0.1134333461523056
24,4,128,127,0.5804389715194702,0.08734051883220673
24,5,128,0,0.518673837184906,0.061980798840522766
24,5,128,1,0.4382081627845764,0.07893440872430801
24,5,128,2,0.5534372329711914,0.13586865365505219
24,5,128,3,0.5241194367408752,0.19288337230682373
24,5,128,4,0.46002617478370667,0.022521888837218285
24,5,128,5,0.6445307731628418,0.2125602662563324
24,5,128,6,0.6089706420898438,0.18260836601257324
24,5,128,7,0.6566700339317322,0.1269545704126358
24,5,128,8,0.4099135994911194,0.054948918521404266
24,5,128,9,0.6357212662696838,0.12925927340984344
24,5,128,10,0.5477645397186279,0.07214906066656113
24,5,128,11,0.5026969313621521,0.04947056248784065
24,5,128,12,0.7078283429145813,0.14131808280944824
24,5,128,13,0.4562671482563019,0.11023309081792831
24,5,128,14,0.5980749726295471,0.06457608938217163
24,5,128,15,0.6679609417915344,0.12282058596611023
24,5,128,16,0.6349351406097412,0.09794246405363083
24,5,128,17,0.6037663221359253,0.08478128910064697
24,5,128,18,0.36451759934425354,0.0916433110833168
24,5,128,19,0.5240735411643982,0.14464595913887024
24,5,128,20,0.5318883061408997,0.11463717371225357
24,5,128,21,0.5725910663604736,0.1551799476146698
24,5,128,22,0.6332151889801025,0.13754364848136902
24,5,128,23,0.5460471510887146,0.22209174931049347
24,5,128,24,0.4398845434188843,0.06911727041006088
24,5,128,25,0.6301190257072449,0.19537682831287384
24,5,128,26,0.644450843334198,0.18647843599319458
24,5,128,27,0.5258213877677917,0.051008570939302444
24,5,128,28,0.6751033663749695,0.1342441737651825
24,5,128,29,0.5235781073570251,0.03323741257190704
24,5,128,30,0.6119557023048401,0.11437381058931351
24,5,128,31,0.6185824275016785,0.048922400921583176
24,5,128,32,0.5971421003341675,0.22962383925914764
24,5,128,33,0.6329578161239624,0.1817598193883896
24,5,128,34,0.6416711211204529,0.11554904282093048
24,5,128,35,0.37059760093688965,0.16265252232551575
24,5,128,36,0.5404980778694153,0.08863867074251175
24,5,128,37,0.7056490778923035,0.14004114270210266
24,5,128,38,0.518629252910614,0.1065218448638916
24,5,128,39,0.5011605024337769,0.0606563538312912
24,5,128,40,0.7169841527938843,0.12351134419441223
24,5,128,41,0.45116695761680603,0.0686071589589119
24,5,128,42,0.4218261241912842,0.13110566139221191
24,5,128,43,0.6049379110336304,0.10527259111404419
24,5,128,44,0.42077842354774475,0.1227252259850502
24,5,128,45,0.6067554950714111,0.21417488157749176
24,5,128,46,0.4472056031227112,0.03224477916955948
24,5,128,47,0.470584899187088,0.19050633907318115
24,5,128,48,0.37467867136001587,0.0993206575512886
24,5,128,49,0.6255501508712769,0.10687248408794403
24,5,128,50,0.43115687370300293,0.027271566912531853
24,5,128,51,0.5634132623672485,0.07596279680728912
24,5,128,52,0.5807152986526489,0.152520552277565
24,5,128,53,0.6300039291381836,0.16773372888565063
24,5,128,54,0.5474518537521362,0.0774172842502594
24,5,128,55,0.39377620816230774,0.032637499272823334
24,5,128,56,0.4106379747390747,0.12710966169834137
24,5,128,57,0.37315499782562256,0.08693889528512955
24,5,128,58,0.4948205053806305,0.1275710165500641
24,5,128,59,0.5313589572906494,0.1463971734046936
24,5,128,60,0.5210669040679932,0.022024005651474
24,5,128,61,0.6210867166519165,0.07383358478546143
24,5,128,62,0.5822266340255737,0.2431240826845169
24,5,128,63,0.68521648645401,0.09839992225170135
24,5,128,64,0.5736307501792908,0.11715146899223328
24,5,128,65,0.671630322933197,0.2279643416404724
24,5,128,66,0.6786863803863525,0.0843062475323677
24,5,128,67,0.5524899363517761,0.13760791718959808
24,5,128,68,0.6971191763877869,0.1697009801864624
24,5,128,69,0.5420780777931213,0.06315730512142181
24,5,128,70,0.6068658232688904,0.15464383363723755
24,5,128,71,0.6865348219871521,0.0713035985827446
24,5,128,72,0.6820849776268005,0.1923232078552246
24,5,128,73,0.6366130113601685,0.10320992767810822
24,5,128,74,0.6105414628982544,0.1124015524983406
24,5,128,75,0.6795151233673096,0.0989280492067337
24,5,128,76,0.43657445907592773,0.0558704175055027
24,5,128,77,0.5727027654647827,0.14434830844402313
24,5,128,78,0.5768072605133057,0.05164948105812073
24,5,128,79,0.647251307964325,0.17995585501194
24,5,128,80,0.46490558981895447,0.09768513590097427
24,5,128,81,0.5689332485198975,0.1146392896771431
24,5,128,82,0.31111940741539,0.13658969104290009
24,5,128,83,0.479356974363327,0.09380979090929031
24,5,128,84,0.5816705822944641,0.09186803549528122
24,5,128,85,0.41493716835975647,0.05458160117268562
24,5,128,86,0.521723210811615,0.079160675406456
24,5,128,87,0.6266207098960876,0.051247939467430115
24,5,128,88,0.5195320844650269,0.10989289730787277
24,5,128,89,0.644217312335968,0.2543354332447052
24,5,128,90,0.6440268158912659,0.14390292763710022
24,5,128,91,0.7606433629989624,0.1382884383201599
24,5,128,92,0.6067845225334167,0.20906947553157806
24,5,128,93,0.6257312893867493,0.1493072211742401
24,5,128,94,0.38789600133895874,0.16166973114013672
24,5,128,95,0.47472649812698364,0.04275944456458092
24,5,128,96,0.7003458738327026,0.16116449236869812
24,5,128,97,0.6579904556274414,0.1477534919977188
24,5,128,98,0.540978193283081,0.19595816731452942
24,5,128,99,0.41872429847717285,0.12835505604743958
24,5,128,100,0.3589286506175995,0.0812346339225769
24,5,128,101,0.6503831744194031,0.1203446239233017
24,5,128,102,0.5985099077224731,0.0896027684211731
24,5,128,103,0.620969831943512,0.21001899242401123
24,5,128,104,0.5438727140426636,0.22728730738162994
24,5,128,105,0.5239678025245667,0.040718697011470795
24,5,128,106,0.5228036642074585,0.03305478394031525
24,5,128,107,0.4462854564189911,0.06966903060674667
24,5,128,108,0.48670077323913574,0.1108098179101944
24,5,128,109,0.448142409324646,0.06903590261936188
24,5,128,110,0.4932617247104645,0.09118545800447464
24,5,128,111,0.6590560078620911,0.08841881901025772
24,5,128,112,0.5477721095085144,0.16180236637592316
24,5,128,113,0.4506678879261017,0.045538343489170074
24,5,128,114,0.6339555978775024,0.2138710767030716
24,5,128,115,0.4833792746067047,0.11355427652597427
24,5,128,116,0.538757860660553,0.075283944606781
24,5,128,117,0.6250333189964294,0.22281235456466675
24,5,128,118,0.5883045196533203,0.10614948719739914
24,5,128,119,0.5861664414405823,0.08436416834592819
24,5,128,120,0.4408774971961975,0.1276821345090866
24,5,128,121,0.40497732162475586,0.077903613448143
24,5,128,122,0.5447300672531128,0.050510723143815994
24,5,128,123,0.7113422155380249,0.17837463319301605
24,5,128,124,0.6363611221313477,0.11691142618656158
24,5,128,125,0.7231529355049133,0.13327285647392273
24,5,128,126,0.4071146249771118,0.06710235029459
24,5,128,127,0.4180278182029724,0.08547287434339523
25,0,32,0,0.5501648783683777,0.07164683192968369
25,0,32,1,0.5306280851364136,0.09469844400882721
25,0,32,2,0.5381488800048828,0.06466774642467499
25,0,32,3,0.44550421833992004,0.04173392429947853
25,0,32,4,0.6394109129905701,0.06346205621957779
25,0,32,5,0.37085187435150146,0.09011244773864746
25,0,32,6,0.38732844591140747,0.12747541069984436
25,0,32,7,0.5024873614311218,0.03443615511059761
25,0,32,8,0.4721777141094208,0.06464273482561111
25,0,32,9,0.6213510632514954,0.01370511669665575
25,0,32,10,0.5583517551422119,0.06816171854734421
25,0,32,11,0.5915108919143677,0.06500399857759476
25,0,32,12,0.6626026034355164,0.06446653604507446
25,0,32,13,0.6489655375480652,0.06068861484527588
25,0,32,14,0.5351251363754272,0.10915379971265793
25,0,32,15,0.6113608479499817,0.030004465952515602
25,0,32,16,0.6509654521942139,0.1307075321674347
25,0,32,17,0.543775200843811,0.038543492555618286
25,0,32,18,0.5255443453788757,0.06093696877360344
25,0,32,19,0.3956814110279083,0.07253987342119217
25,0,32,20,0.5122923851013184,0.09284896403551102
25,0,32,21,0.6030788421630859,0.08330560475587845
25,0,32,22,0.49583637714385986,0.07198967784643173
25,0,32,23,0.5325819849967957,0.04684000462293625
25,0,32,24,0.523891031742096,0.0779513269662857
25,0,32,25,0.5155157446861267,0.07986203581094742
25,0,32,26,0.4358120560646057,0.10322701185941696
25,0,32,27,0.41658565402030945,0.05017698556184769
25,0,32,28,0.50473952293396,0.07626236975193024
25,0,32,29,0.5767749547958374,0.08084892481565475
25,0,32,30,0.44529643654823303,0.06664983183145523
25,0,32,31,0.5637287497520447,0.05399243161082268
25,1,32,0,0.7157486081123352,0.08270032703876495
25,1,32,1,0.5334547758102417,0.08605822920799255
25,1,32,2,0.5365792512893677,0.06281562894582748
25,1,32,3,0.45825156569480896,0.08805999159812927
25,1,32,4,0.39897075295448303,0.09841921925544739
25,1,32,5,0.40646058320999146,0.07906129211187363
25,1,32,6,0.4351142346858978,0.10106682777404785
25,1,32,7,0.48099973797798157,0.11431942135095596
25,1,32,8,0.5330068469047546,0.1589028537273407
25,1,32,9,0.530715823173523,0.11079104244709015
25,1,32,10,0.4681628346443176,0.08275629580020905
25,1,32,11,0.4559459388256073,0.12018180638551712
25,1,32,12,0.4940278232097626,0.12411096692085266
25,1,32,13,0.3741174042224884,0.09382881969213486
25,1,32,14,0.5596519112586975,0.06888198852539062
25,1,32,15,0.3863089978694916,0.12013676017522812
25,1,32,16,0.5471389293670654,0.1284310668706894
25,1,32,17,0.43862512707710266,0.09330716729164124
25,1,32,18,0.4069288969039917,0.0649293065071106
25,1,32,19,0.4592159390449524,0.16115976870059967
25,1,32,20,0.39656561613082886,0.07120545208454132
25,1,32,21,0.5315757989883423,0.05426779389381409
25,1,32,22,0.5459869503974915,0.08859355002641678
25,1,32,23,0.42434820532798767,0.06581107527017593
25,1,32,24,0.5260100960731506,0.0930582582950592
25,1,32,25,0.4559790790081024,0.135999858379364
25,1,32,26,0.6333889961242676,0.12470398843288422
25,1,32,27,0.3350933790206909,0.13196207582950592
25,1,32,28,0.5056009292602539,0.08841510862112045
25,1,32,29,0.5314778685569763,0.12720637023448944
25,1,32,30,0.6506921052932739,0.07469398528337479
25,1,32,31,0.5570424795150757,0.13312888145446777
25,2,64,0,0.520048975944519,0.05522018298506737
25,2,64,1,0.5096806287765503,0.10504178702831268
25,2,64,2,0.48250526189804077,0.09505823999643326
25,2,64,3,0.4416162669658661,0.10490387678146362
25,2,64,4,0.5822225213050842,0.0888294205069542
25,2,64,5,0.3542501628398895,0.21530109643936157
25,2,64,6,0.496127724647522,0.10963563621044159
25,2,64,7,0.4232925772666931,0.24017709493637085
25,2,64,8,0.526623010635376,0.05204003304243088
25,2,64,9,0.4277733564376831,0.13731640577316284
25,2,64,10,0.5434377193450928,0.11614906042814255
25,2,64,11,0.598702073097229,0.13922032713890076
25,2,64,12,0.39089640974998474,0.10378878563642502
25,2,64,13,0.4889916777610779,0.1109149158000946
25,2,64,14,0.3963395655155182,0.10811231285333633
25,2,64,15,0.5154206156730652,0.135385662317276
25,2,64,16,0.41392505168914795,0.16834019124507904
25,2,64,17,0.3441838026046753,0.10963774472475052
25,2,64,18,0.4209660589694977,0.15354329347610474
25,2,64,19,0.5319738984107971,0.08816082030534744
25,2,64,20,0.35497960448265076,0.16354069113731384
25,2,64,21,0.6605360507965088,0.07826942205429077
25,2,64,22,0.6176627278327942,0.0780610516667366
25,2,64,23,0.5052441954612732,0.1524326205253601
25,2,64,24,0.6603160500526428,0.09199755638837814
25,2,64,25,0.5416261553764343,0.07720376551151276
25,2,64,26,0.3006754517555237,0.10336590558290482
25,2,64,27,0.5074970126152039,0.13923713564872742
25,2,64,28,0.38742056488990784,0.07283229380846024
25,2,64,29,0.5474596619606018,0.13881535828113556
25,2,64,30,0.49478262662887573,0.1418313831090927
25,2,64,31,0.6255437731742859,0.14443542063236237
25,2,64,32,0.48689761757850647,0.1246410459280014
25,2,64,33,0.4910825192928314,0.11302141100168228
25,2,64,34,0.4862794876098633,0.14944151043891907
25,2,64,35,0.38428938388824463,0.11189344525337219
25,2,64,36,0.5066388845443726,0.13978683948516846
25,2,64,37,0.634549617767334,0.09220068156719208
25,2,64,38,0.34143397212028503,0.09373739361763
25,2,64,39,0.46425119042396545,0.11740388721227646
25,2,64,40,0.527904212474823,0.09080198407173157
25,2,64,41,0.508985698223114,0.09402914345264435
25,2,64,42,0.460657000541687,0.1165177971124649
25,2,64,43,0.4192120432853699,0.1187511757016182
25,2,64,44,0.4677831828594208,0.09429720789194107
25,2,64,45,0.45655202865600586,0.10023131221532822
25,2,64,46,0.3947257399559021,0.08898649364709854
25,2,64,47,0.5363150238990784,0.12928472459316254
25,2,64,48,0.3319928050041199,0.1275060772895813
25,2,64,49,0.3134976029396057,0.10404546558856964
25,2,64,50,0.48071879148483276,0.09297281503677368
25,2,64,51,0.39873450994491577,0.077152319252491
25,2,64,52,0.6758986115455627,0.10357649624347687
25,2,64,53,0.5455888509750366,0.09695789963006973
25,2,64,54,0.4853731691837311,0.17627954483032227
25,2,64,55,0.3639034926891327,0.10763829946517944
25,2,64,56,0.44047313928604126,0.1091473400592804
25,2,64,57,0.5166049599647522,0.10154955834150314
25,2,64,58,0.47250664234161377,0.14714914560317993
25,2,64,59,0.5558175444602966,0.09343788027763367
25,2,64,60,0.4714571535587311,0.13654524087905884
25,2,64,61,0.4833408296108246,0.0704357922077179
25,2,64,62,0.5095751285552979,0.09794493019580841
25,2,64,63,0.6374871134757996,0.1074899211525917
25,3,64,0,0.5384792685508728,0.08782327175140381
25,3,64,1,0.5633432269096375,0.10761594027280807
25,3,64,2,0.5767609477043152,0.04911796748638153
25,3,64,3,0.4379393458366394,0.109306201338768
25,3,64,4,0.43942707777023315,0.06877296417951584
25,3,64,5,0.5089726448059082,0.17398382723331451
25,3,64,6,0.5670122504234314,0.05129541456699371
25,3,64,7,0.4240743815898895,0.067296102643013
25,3,64,8,0.4779084324836731,0.15512573719024658
25,3,64,9,0.4934038519859314,0.06149369478225708
25,3,64,10,0.5006269216537476,0.12715934216976166
25,3,64,11,0.6197473406791687,0.11185571551322937
25,3,64,12,0.5149226784706116,0.07751283049583435
25,3,64,13,0.5427058339118958,0.06099192798137665
25,3,64,14,0.48542794585227966,0.12796807289123535
25,3,64,15,0.5312905311584473,0.1274126023054123
25,3,64,16,0.5327029824256897,0.15120968222618103
25,3,64,17,0.4907676875591278,0.06476950645446777
25,3,64,18,0.3548811376094818,0.08939242362976074
25,3,64,19,0.5422442555427551,0.08440610021352768
25,3,64,20,0.5165978670120239,0.09741372615098953
25,3,64,21,0.524689793586731,0.05910681560635567
25,3,64,22,0.4263303577899933,0.058312710374593735
25,3,64,23,0.47822105884552,0.059626806527376175
25,3,64,24,0.4337254762649536,0.11952070146799088
25,3,64,25,0.49106889963150024,0.08359132707118988
25,3,64,26,0.529079020023346,0.032750051468610764
25,3,64,27,0.435935378074646,0.08223879337310791
25,3,64,28,0.49980852007865906,0.08058823645114899
25,3,64,29,0.5775589346885681,0.07130654156208038
25,3,64,30,0.5415013432502747,0.06651672720909119
25,3,64,31,0.4855606257915497,0.04121073707938194
25,3,64,32,0.5812869668006897,0.12040411680936813
25,3,64,33,0.5424649119377136,0.04299471527338028
25,3,64,34,0.49688243865966797,0.09410285204648972
25,3,64,35,0.6269176602363586,0.09685028344392776
25,3,64,36,0.6402809619903564,0.0772857740521431
25,3,64,37,0.5582356452941895,0.10858666896820068
25,3,64,38,0.3801027238368988,0.11951600015163422
25,3,64,39,0.5690017938613892,0.09454115480184555
25,3,64,40,0.5412781238555908,0.0369955413043499
25,3,64,41,0.5489360094070435,0.09439091384410858
25,3,64,42,0.4759352505207062,0.17101144790649414
25,3,64,43,0.3850034773349762,0.101218082010746
25,3,64,44,0.511924147605896,0.12796229124069214
25,3,64,45,0.3329039216041565,0.10407870262861252
25,3,64,46,0.6177598834037781,0.11421974748373032
25,3,64,47,0.34759780764579773,0.09755176305770874
25,3,64,48,0.540061891078949,0.09113520383834839
25,3,64,49,0.4442576766014099,0.09432021528482437
25,3,64,50,0.4904108941555023,0.09481271356344223
25,3,64,51,0.5131321549415588,0.05973320081830025
25,3,64,52,0.4271204173564911,0.040261585265398026
25,3,64,53,0.48112785816192627,0.06803843379020691
25,3,64,54,0.4025583267211914,0.15180303156375885
25,3,64,55,0.5045603513717651,0.12025770545005798
25,3,64,56,0.36016523838043213,0.1105869859457016
25,3,64,57,0.4758835732936859,0.1182960569858551
25,3,64,58,0.48732292652130127,0.06385500729084015
25,3,64,59,0.5707122683525085,0.14913056790828705
25,3,64,60,0.44847622513771057,0.07372202724218369
25,3,64,61,0.48791953921318054,0.06302084773778915
25,3,64,62,0.56657475233078,0.138462632894516
25,3,64,63,0.5126128196716309,0.09084547311067581
25,4,128,0,0.5799202919006348,0.15707308053970337
25,4,128,1,0.47632381319999695,0.15245792269706726
25,4,128,2,0.45781993865966797,0.15463247895240784
25,4,128,3,0.591670036315918,0.22339816391468048
25,4,128,4,0.4662928879261017,0.14119277894496918
25,4,128,5,0.553196907043457,0.21790149807929993
25,4,128,6,0.7441402077674866,0.17387136816978455
25,4,128,7,0.5876654386520386,0.15669256448745728
25,4,128,8,0.668044924736023,0.14141707122325897
25,4,128,9,0.47457659244537354,0.03238404169678688
25,4,128,10,0.5378621816635132,0.04542337730526924
25,4,128,11,0.6853249073028564,0.15437014400959015
25,4,128,12,0.4756234884262085,0.15650615096092224
25,4,128,13,0.6245622634887695,0.1447564661502838
25,4,128,14,0.6719235777854919,0.07251203060150146
25,4,128,15,0.4888995885848999,0.1253354549407959
25,4,128,16,0.47807934880256653,0.1589699238538742
25,4,128,17,0.5005722045898438,0.18609972298145294
25,4,128,18,0.2811216115951538,0.1168607771396637
25,4,128,19,0.3888576626777649,0.10636471211910248
25,4,128,20,0.633854329586029,0.0758589655160904
25,4,128,21,0.5522136688232422,0.07564360648393631
25,4,128,22,0.5860811471939087,0.16265039145946503
25,4,128,23,0.6076788902282715,0.06768051534891129
25,4,128,24,0.5929361581802368,0.266745388507843
25,4,128,25,0.5256831049919128,0.20020166039466858
25,4,128,26,0.3709613084793091,0.1328849345445633
25,4,128,27,0.6722797155380249,0.1125674843788147
25,4,128,28,0.6962851285934448,0.13832107186317444
25,4,128,29,0.6245456337928772,0.08922488242387772
25,4,128,30,0.7002541422843933,0.12853345274925232
25,4,128,31,0.5417134165763855,0.15692460536956787
25,4,128,32,0.6044631600379944,0.23907819390296936
25,4,128,33,0.430286169052124,0.13310720026493073
25,4,128,34,0.6639772653579712,0.06563922017812729
25,4,128,35,0.40488696098327637,0.07534810900688171
25,4,128,36,0.45373278856277466,0.13954457640647888
25,4,128,37,0.46495312452316284,0.15654508769512177
25,4,128,38,0.2381467968225479,0.09943635016679764
25,4,128,39,0.5773824453353882,0.17308059334754944
25,4,128,40,0.6912577748298645,0.13928717374801636
25,4,128,41,0.7620038390159607,0.10117343068122864
25,4,128,42,0.6161315441131592,0.23484428226947784
25,4,128,43,0.5535119771957397,0.17875993251800537
25,4,128,44,0.6762701869010925,0.17950235307216644
25,4,128,45,0.6756163239479065,0.1071109026670456
25,4,128,46,0.49291715025901794,0.1399461328983307
25,4,128,47,0.3923916816711426,0.14399613440036774
25,4,128,48,0.38590767979621887,0.25550377368927
25,4,128,49,0.5783474445343018,0.18499812483787537
25,4,128,50,0.7018277645111084,0.11451541632413864
25,4,128,51,0.5133028030395508,0.1324383169412613
25,4,128,52,0.5305482149124146,0.149605855345726
25,4,128,53,0.6337834596633911,0.1458100974559784
25,4,128,54,0.5901075005531311,0.22382692992687225
25,4,128,55,0.7323970198631287,0.0652518942952156
25,4,128,56,0.6594870090484619,0.18155498802661896
25,4,128,57,0.47906771302223206,0.08428848534822464
25,4,128,58,0.7483519911766052,0.12983688712120056
25,4,128,59,0.4232407510280609,0.10773296654224396
25,4,128,60,0.5441704988479614,0.23721781373023987
25,4,128,61,0.4706615209579468,0.12885715067386627
25,4,128,62,0.694564938545227,0.10912910848855972
25,4,128,63,0.3433143198490143,0.11461842805147171
25,4,128,64,0.8124388456344604,0.10571577399969101
25,4,128,65,0.543811559677124,0.11337324976921082
25,4,128,66,0.7441765666007996,0.1103125512599945
25,4,128,67,0.48278921842575073,0.13169991970062256
25,4,128,68,0.651710569858551,0.2277894914150238
25,4,128,69,0.5714039206504822,0.18606328964233398
25,4,128,70,0.4716591238975525,0.13525238633155823
25,4,128,71,0.35514724254608154,0.11965139210224152
25,4,128,72,0.4767375886440277,0.1382748782634735
25,4,128,73,0.750732958316803,0.12559162080287933
25,4,128,74,0.45179322361946106,0.05706802010536194
25,4,128,75,0.5710091590881348,0.21233797073364258
25,4,128,76,0.7619431018829346,0.09169430285692215
25,4,128,77,0.5161502957344055,0.24584367871284485
25,4,128,78,0.5938822627067566,0.24911417067050934
25,4,128,79,0.6153431534767151,0.1252133995294571
25,4,128,80,0.46641257405281067,0.2536732852458954
25,4,128,81,0.3380610942840576,0.1720687747001648
25,4,128,82,0.48941490054130554,0.21824483573436737
25,4,128,83,0.5318996906280518,0.0706205740571022
25,4,128,84,0.37311670184135437,0.06506745517253876
25,4,128,85,0.5518785119056702,0.14233370125293732
25,4,128,86,0.48100581765174866,0.1886228770017624
25,4,128,87,0.6375622153282166,0.19465984404087067
25,4,128,88,0.5741664171218872,0.22365783154964447
25,4,128,89,0.41824400424957275,0.09555542469024658
25,4,128,90,0.4863891005516052,0.13836781680583954
25,4,128,91,0.48026755452156067,0.13194060325622559
25,4,128,92,0.42694374918937683,0.22720861434936523
25,4,128,93,0.3611166477203369,0.08491396903991699
25,4,128,94,0.45939919352531433,0.08143007010221481
25,4,128,95,0.37227892875671387,0.0863572508096695
25,4,128,96,0.3713087737560272,0.18928800523281097
25,4,128,97,0.6445751190185547,0.17088009417057037
25,4,128,98,0.8059648871421814,0.12611263990402222
25,4,128,99,0.26732978224754333,0.11707965284585953
25,4,128,100,0.3593193292617798,0.16843171417713165
25,4,128,101,0.7705602049827576,0.1542479693889618
25,4,128,102,0.45515576004981995,0.21190574765205383
25,4,128,103,0.45426374673843384,0.2792918384075165
25,4,128,104,0.5623604655265808,0.143789142370224
25,4,128,105,0.617374837398529,0.27393609285354614
25,4,128,106,0.505805253982544,0.11273063719272614
25,4,128,107,0.5157807469367981,0.2090408205986023
25,4,128,108,0.5252485275268555,0.144240140914917
25,4,128,109,0.5888595581054688,0.2966604232788086
25,4,128,110,0.6178846955299377,0.1183469370007515
25,4,128,111,0.5932623744010925,0.13506144285202026
25,4,128,112,0.2553791105747223,0.07650817185640335
25,4,128,113,0.6476063132286072,0.16104458272457123
25,4,128,114,0.5639113187789917,0.09016678482294083
25,4,128,115,0.7242509126663208,0.07766300439834595
25,4,128,116,0.4716365933418274,0.08536804467439651
25,4,128,117,0.6046552062034607,0.1869916468858719
25,4,128,118,0.6183534860610962,0.09783515334129333
25,4,128,119,0.6607139110565186,0.1857239305973053
25,4,128,120,0.7807125449180603,0.11360204964876175
25,4,128,121,0.7166026830673218,0.17237959802150726
25,4,128,122,0.5563960671424866,0.07275968044996262
25,4,128,123,0.6116235852241516,0.15526072680950165
25,4,128,124,0.400937020778656,0.13788263499736786
25,4,128,125,0.666382372379303,0.2320736199617386
25,4,128,126,0.7275910377502441,0.12342850863933563
25,4,128,127,0.4683077931404114,0.14492398500442505
25,5,128,0,0.8081900477409363,0.09591146558523178
25,5,128,1,0.5485154390335083,0.07957405596971512
25,5,128,2,0.7003328800201416,0.07528264075517654
25,5,128,3,0.5902402997016907,0.25051966309547424
25,5,128,4,0.6195535063743591,0.13417963683605194
25,5,128,5,0.4229511022567749,0.06575996428728104
25,5,128,6,0.6729066371917725,0.2007250189781189
25,5,128,7,0.7042809724807739,0.08895480632781982
25,5,128,8,0.6755253672599792,0.16959117352962494
25,5,128,9,0.5132409930229187,0.06452780216932297
25,5,128,10,0.4780786633491516,0.15837596356868744
25,5,128,11,0.6695787310600281,0.23630614578723907
25,5,128,12,0.716464102268219,0.20075373351573944
25,5,128,13,0.6670724153518677,0.18764404952526093
25,5,128,14,0.7431986331939697,0.11469584703445435
25,5,128,15,0.6127604246139526,0.1592673808336258
25,5,128,16,0.6855127215385437,0.08443919569253922
25,5,128,17,0.6408810615539551,0.22345323860645294
25,5,128,18,0.5419303774833679,0.06407202035188675
25,5,128,19,0.5692774057388306,0.05274442210793495
25,5,128,20,0.49849751591682434,0.10063450783491135
25,5,128,21,0.6595888137817383,0.22278545796871185
25,5,128,22,0.6965851187705994,0.11398191750049591
25,5,128,23,0.6669755578041077,0.24048909544944763
25,5,128,24,0.4985172748565674,0.161690354347229
25,5,128,25,0.7226671576499939,0.15842926502227783
25,5,128,26,0.5402964353561401,0.10457976162433624
25,5,128,27,0.6986169219017029,0.054592233151197433
25,5,128,28,0.8401517271995544,0.0921361967921257
25,5,128,29,0.5754296183586121,0.11507943272590637
25,5,128,30,0.6324913501739502,0.2668807804584503
25,5,128,31,0.5618645548820496,0.18390090763568878
25,5,128,32,0.7548102140426636,0.10016359388828278
25,5,128,33,0.4962882995605469,0.12097766995429993
25,5,128,34,0.6635224223136902,0.20861656963825226
25,5,128,35,0.7570813894271851,0.11711090803146362
25,5,128,36,0.6911776661872864,0.1313018500804901
25,5,128,37,0.7208560109138489,0.09320919215679169
25,5,128,38,0.5189008116722107,0.1561179906129837
25,5,128,39,0.6977458596229553,0.22741565108299255
25,5,128,40,0.7313528060913086,0.1578499674797058
25,5,128,41,0.7876120209693909,0.13382987678050995
25,5,128,42,0.7384128570556641,0.18835905194282532
25,5,128,43,0.7276367545127869,0.06589868664741516
25,5,128,44,0.7678084969520569,0.12356917560100555
25,5,128,45,0.7716200947761536,0.12341534346342087
25,5,128,46,0.439944863319397,0.08910760283470154
25,5,128,47,0.6141968965530396,0.15181709825992584
25,5,128,48,0.6669331192970276,0.08169399946928024
25,5,128,49,0.7167775630950928,0.1860148012638092
25,5,128,50,0.6600186228752136,0.23336811363697052
25,5,128,51,0.6296995878219604,0.29022911190986633
25,5,128,52,0.34856340289115906,0.11624280363321304
25,5,128,53,0.7251071333885193,0.09274019300937653
25,5,128,54,0.422268271446228,0.13055598735809326
25,5,128,55,0.46267467737197876,0.14390145242214203
25,5,128,56,0.6427860260009766,0.08217653632164001
25,5,128,57,0.656399130821228,0.10344304889440536
25,5,128,58,0.752957284450531,0.18048293888568878
25,5,128,59,0.6237049698829651,0.16929665207862854
25,5,128,60,0.5841578245162964,0.041018206626176834
25,5,128,61,0.40967661142349243,0.13177341222763062
25,5,128,62,0.6997003555297852,0.20806153118610382
25,5,128,63,0.6211596131324768,0.06212185323238373
25,5,128,64,0.7763082385063171,0.13635753095149994
25,5,128,65,0.5248919129371643,0.1975652277469635
25,5,128,66,0.6809022426605225,0.09286754578351974
25,5,128,67,0.6210871934890747,0.2100641280412674
25,5,128,68,0.7578443884849548,0.1570626050233841
25,5,128,69,0.46906593441963196,0.08432839810848236
25,5,128,70,0.5962232351303101,0.11416710168123245
25,5,128,71,0.6944922208786011,0.11356764286756516
25,5,128,72,0.4677469730377197,0.09710302203893661
25,5,128,73,0.7770543098449707,0.09409744292497635
25,5,128,74,0.6694954633712769,0.08343259990215302
25,5,128,75,0.6338706016540527,0.08843432366847992
25,5,128,76,0.72234708070755,0.14333459734916687
25,5,128,77,0.7636852264404297,0.11023938655853271
25,5,128,78,0.6693554520606995,0.07672998309135437
25,5,128,79,0.7765278816223145,0.10438410192728043
25,5,128,80,0.4704950451850891,0.06834696978330612
25,5,128,81,0.7217840552330017,0.11580178886651993
25,5,128,82,0.39565426111221313,0.0943358838558197
25,5,128,83,0.6916570663452148,0.07218337059020996
25,5,128,84,0.528480052947998,0.16518791019916534
25,5,128,85,0.616489827632904,0.1527562141418457
25,5,128,86,0.36683815717697144,0.04945429041981697
25,5,128,87,0.4455631375312805,0.19659480452537537
25,5,128,88,0.6891095638275146,0.21049068868160248
25,5,128,89,0.6705790162086487,0.06371042132377625
25,5,128,90,0.6713192462921143,0.11536573618650436
25,5,128,91,0.5959044098854065,0.24269844591617584
25,5,128,92,0.5375788807868958,0.0686497613787651
25,5,128,93,0.7410767674446106,0.08882834017276764
25,5,128,94,0.4641757309436798,0.12162726372480392
25,5,128,95,0.5840041637420654,0.10892331600189209
25,5,128,96,0.5499371886253357,0.10365647077560425
25,5,128,97,0.5954335927963257,0.11443140357732773
25,5,128,98,0.7289349436759949,0.17936161160469055
25,5,128,99,0.5740754008293152,0.13847556710243225
25,5,128,100,0.3850715458393097,0.08349338173866272
25,5,128,101,0.6890295147895813,0.18587727844715118
25,5,128,102,0.5162147283554077,0.06907613575458527
25,5,128,103,0.4753445088863373,0.055540211498737335
25,5,128,104,0.6824567317962646,0.16619150340557098
25,5,128,105,0.6875290274620056,0.10927145183086395
25,5,128,106,0.4943279027938843,0.13378974795341492
25,5,128,107,0.5244436264038086,0.10975228995084763
25,5,128,108,0.6822552680969238,0.2317720651626587
25,5,128,109,0.7247525453567505,0.06680608540773392
25,5,128,110,0.6009424924850464,0.24784284830093384
25,5,128,111,0.5648540258407593,0.11117108166217804
25,5,128,112,0.48895183205604553,0.06667974591255188
25,5,128,113,0.7041906118392944,0.11716774851083755
25,5,128,114,0.520002007484436,0.22674769163131714
25,5,128,115,0.6776978373527527,0.14792519807815552
25,5,128,116,0.6093323826789856,0.20816570520401
25,5,128,117,0.6532396078109741,0.20541416108608246
25,5,128,118,0.7135629057884216,0.084023617208004
25,5,128,119,0.7083576917648315,0.20948605239391327
25,5,128,120,0.7590295076370239,0.11187918484210968
25,5,128,121,0.6577448844909668,0.11368262767791748
25,5,128,122,0.661135196685791,0.11155524104833603
25,5,128,123,0.5828090310096741,0.10686495155096054
25,5,128,124,0.7163320779800415,0.10853616148233414
25,5,128,125,0.6884532570838928,0.22146578133106232
25,5,128,126,0.7611664533615112,0.13127592206001282
25,5,128,127,0.698002815246582,0.09549479931592941
26,0,32,0,0.4514836370944977,0.06618857383728027
26,0,32,1,0.5931883454322815,0.08754855394363403
26,0,32,2,0.61069256067276,0.09804694354534149
26,0,32,3,0.47716423869132996,0.06533601135015488
26,0,32,4,0.448218435049057,0.06789074093103409
26,0,32,5,0.4192538857460022,0.08889798074960709
26,0,32,6,0.5256339311599731,0.12696842849254608
26,0,32,7,0.5726212859153748,0.0730862095952034
26,0,32,8,0.6162285208702087,0.1414899379014969
26,0,32,9,0.4111458957195282,0.10593616217374802
26,0,32,10,0.5686140060424805,0.07187856733798981
26,0,32,11,0.3665391206741333,0.10431688278913498
26,0,32,12,0.5102725625038147,0.1710188239812851
26,0,32,13,0.46379709243774414,0.11995283514261246
26,0,32,14,0.39639538526535034,0.08202380686998367
26,0,32,15,0.38454222679138184,0.10867181420326233
26,0,32,16,0.5645094513893127,0.11028549820184708
26,0,32,17,0.2891862392425537,0.09522530436515808
26,0,32,18,0.4775064289569855,0.15163353085517883
26,0,32,19,0.41620492935180664,0.06546339392662048
26,0,32,20,0.5434908270835876,0.10762304812669754
26,0,32,21,0.5574852228164673,0.10173371434211731
26,0,32,22,0.49027201533317566,0.12300501018762589
26,0,32,23,0.41668403148651123,0.07788905501365662
26,0,32,24,0.7034485936164856,0.052432067692279816
26,0,32,25,0.42325305938720703,0.06635179370641708
26,0,32,26,0.42940807342529297,0.11767124384641647
26,0,32,27,0.5279527902603149,0.1238018050789833
26,0,32,28,0.3665522336959839,0.07180652022361755
26,0,32,29,0.5113078951835632,0.12173855304718018
26,0,32,30,0.6659384369850159,0.07763125747442245
26,0,32,31,0.5254989862442017,0.10470975190401077
26,1,32,0,0.35360345244407654,0.13255687057971954
26,1,32,1,0.42153024673461914,0.11345243453979492
26,1,32,2,0.46565911173820496,0.15057504177093506
26,1,32,3,0.48639634251594543,0.06795060634613037
26,1,32,4,0.393571138381958,0.15056130290031433
26,1,32,5,0.45429152250289917,0.09649823606014252
26,1,32,6,0.4869387149810791,0.24204261600971222
26,1,32,7,0.4391908049583435,0.07876112312078476
26,1,32,8,0.5693711638450623,0.09005437046289444
26,1,32,9,0.34799543023109436,0.11712340265512466
26,1,32,10,0.4000628888607025,0.11503329873085022
26,1,32,11,0.662391722202301,0.11711736023426056
26,1,32,12,0.6278033256530762,0.10935278236865997
26,1,32,13,0.47118449211120605,0.11545290797948837
26,1,32,14,0.4621024429798126,0.1496126502752304
26,1,32,15,0.4649575352668762,0.1527126431465149
26,1,32,16,0.5821300148963928,0.09027491509914398
26,1,32,17,0.7728136777877808,0.10880918800830841
26,1,32,18,0.5651159882545471,0.0920448824763298
26,1,32,19,0.44859614968299866,0.13701480627059937
26,1,32,20,0.4091537594795227,0.13441525399684906
26,1,32,21,0.41779690980911255,0.07819356769323349
26,1,32,22,0.5287339091300964,0.12603700160980225
26,1,32,23,0.5847108960151672,0.060158178210258484
26,1,32,24,0.5585797429084778,0.08186622709035873
26,1,32,25,0.49676093459129333,0.12411070615053177
26,1,32,26,0.5093939900398254,0.11587565392255783
26,1,32,27,0.42936933040618896,0.1444011926651001
26,1,32,28,0.5241366028785706,0.09592686593532562
26,1,32,29,0.6743020415306091,0.10249420255422592
26,1,32,30,0.3693757951259613,0.030889274552464485
26,1,32,31,0.3740721642971039,0.06751464307308197
26,2,64,0,0.40776312351226807,0.07823625206947327
26,2,64,1,0.44766390323638916,0.09372632205486298
26,2,64,2,0.4728100895881653,0.11775796115398407
26,2,64,3,0.534596860408783,0.1008915826678276
26,2,64,4,0.6189275979995728,0.06523029506206512
26,2,64,5,0.47977355122566223,0.13646675646305084
26,2,64,6,0.4674889147281647,0.10808475315570831
26,2,64,7,0.42085233330726624,0.07605107128620148
26,2,64,8,0.4417259991168976,0.11672158539295197
26,2,64,9,0.5375104546546936,0.14054036140441895
26,2,64,10,0.3202537000179291,0.10336390137672424
26,2,64,11,0.4182780683040619,0.13633793592453003
26,2,64,12,0.5421323776245117,0.14707814157009125
26,2,64,13,0.44967272877693176,0.0957745686173439
26,2,64,14,0.460750013589859,0.13629740476608276
26,2,64,15,0.5997330546379089,0.10710137337446213
26,2,64,16,0.5753033757209778,0.07584037631750107
26,2,64,17,0.41825079917907715,0.041921235620975494
26,2,64,18,0.5875945687294006,0.0691472589969635
26,2,64,19,0.3241921663284302,0.05901847407221794
26,2,64,20,0.406207412481308,0.11021824181079865
26,2,64,21,0.5888254046440125,0.08347836136817932
26,2,64,22,0.5623201727867126,0.08747837692499161
26,2,64,23,0.4572761654853821,0.14223961532115936
26,2,64,24,0.5494295358657837,0.057660315185785294
26,2,64,25,0.5198509097099304,0.0832013487815857
26,2,64,26,0.5645509362220764,0.046002261340618134
26,2,64,27,0.5927659869194031,0.07791413366794586
26,2,64,28,0.3936428427696228,0.09319916367530823
26,2,64,29,0.5809906125068665,0.07941962033510208
26,2,64,30,0.6098152995109558,0.10737097263336182
26,2,64,31,0.5872228741645813,0.13381879031658173
26,2,64,32,0.46905988454818726,0.11940823495388031
26,2,64,33,0.6053957343101501,0.09069707989692688
26,2,64,34,0.478853702545166,0.06839242577552795
26,2,64,35,0.4818809926509857,0.12085650116205215
26,2,64,36,0.4250950217247009,0.05348183959722519
26,2,64,37,0.5578967928886414,0.06401349604129791
26,2,64,38,0.5226178765296936,0.1011665090918541
26,2,64,39,0.4678167700767517,0.1640775203704834
26,2,64,40,0.475872278213501,0.0801907405257225
26,2,64,41,0.3333883285522461,0.10085295140743256
26,2,64,42,0.51262366771698,0.06188052520155907
26,2,64,43,0.48991596698760986,0.1107742041349411
26,2,64,44,0.45671066641807556,0.051702164113521576
26,2,64,45,0.48638343811035156,0.12595920264720917
26,2,64,46,0.5108646154403687,0.14957000315189362
26,2,64,47,0.5076311826705933,0.07867344468832016
26,2,64,48,0.53839111328125,0.06681615859270096
26,2,64,49,0.4093717932701111,0.08673027157783508
26,2,64,50,0.48484674096107483,0.06128336116671562
26,2,64,51,0.3834429979324341,0.11150017380714417
26,2,64,52,0.362652987241745,0.08897045999765396
26,2,64,53,0.531314492225647,0.05217243358492851
26,2,64,54,0.5004630088806152,0.11867594718933105
26,2,64,55,0.6219354271888733,0.09939265996217728
26,2,64,56,0.4623446464538574,0.13499568402767181
26,2,64,57,0.4519428312778473,0.12223024666309357
26,2,64,58,0.36562100052833557,0.05417177826166153
26,2,64,59,0.47851675748825073,0.08531643450260162
26,2,64,60,0.35839611291885376,0.10390952229499817
26,2,64,61,0.5029654502868652,0.12072543799877167
26,2,64,62,0.4960772395133972,0.06923334300518036
26,2,64,63,0.5006165504455566,0.10362400114536285
26,3,64,0,0.44240108132362366,0.1021418645977974
26,3,64,1,0.3297339677810669,0.09665802121162415
26,3,64,2,0.45895349979400635,0.058259397745132446
26,3,64,3,0.5461403727531433,0.07129546254873276
26,3,64,4,0.5529295802116394,0.11353368312120438
26,3,64,5,0.5691813826560974,0.14364659786224365
26,3,64,6,0.49541929364204407,0.09223493933677673
26,3,64,7,0.4283596873283386,0.10064750164747238
26,3,64,8,0.41694867610931396,0.0540255531668663
26,3,64,9,0.5385475158691406,0.15192647278308868
26,3,64,10,0.5792272090911865,0.036577124148607254
26,3,64,11,0.42254209518432617,0.10717422515153885
26,3,64,12,0.41416850686073303,0.10860170423984528
26,3,64,13,0.5816108584403992,0.13400676846504211
26,3,64,14,0.5234434604644775,0.10330533236265182
26,3,64,15,0.47310465574264526,0.07181792706251144
26,3,64,16,0.5113875269889832,0.11370635032653809
26,3,64,17,0.51552414894104,0.06247486546635628
26,3,64,18,0.4702344238758087,0.07269388437271118
26,3,64,19,0.39385074377059937,0.05216236039996147
26,3,64,20,0.49947571754455566,0.05860117822885513
26,3,64,21,0.4556284546852112,0.06020591780543327
26,3,64,22,0.6034232378005981,0.07714330404996872
26,3,64,23,0.5195001363754272,0.0449855700135231
26,3,64,24,0.478681355714798,0.04444511979818344
26,3,64,25,0.638602614402771,0.06789176911115646
26,3,64,26,0.530024528503418,0.05802568420767784
26,3,64,27,0.467359334230423,0.1116892546415329
26,3,64,28,0.6905450224876404,0.07674020528793335
26,3,64,29,0.572744607925415,0.09349238872528076
26,3,64,30,0.5580815076828003,0.08941532671451569
26,3,64,31,0.42320629954338074,0.09847769886255264
26,3,64,32,0.5722240805625916,0.08498729020357132
26,3,64,33,0.5332325100898743,0.11571117490530014
26,3,64,34,0.4959871768951416,0.0935765951871872
26,3,64,35,0.5114931464195251,0.07314398139715195
26,3,64,36,0.5646697878837585,0.10951527208089828
26,3,64,37,0.5943164825439453,0.03696688264608383
26,3,64,38,0.5141301155090332,0.08456195145845413
26,3,64,39,0.4927334189414978,0.12402894347906113
26,3,64,40,0.43460407853126526,0.0934879332780838
26,3,64,41,0.40682217478752136,0.09075029194355011
26,3,64,42,0.3609740138053894,0.0691998079419136
26,3,64,43,0.4484706223011017,0.04071339592337608
26,3,64,44,0.49973663687705994,0.05011431500315666
26,3,64,45,0.5088542699813843,0.07649388164281845
26,3,64,46,0.4747239053249359,0.13973082602024078
26,3,64,47,0.5070381164550781,0.1275750994682312
26,3,64,48,0.40493515133857727,0.04895731806755066
26,3,64,49,0.5286694169044495,0.053719814866781235
26,3,64,50,0.5780854225158691,0.08375955373048782
26,3,64,51,0.49930915236473083,0.1141665130853653
26,3,64,52,0.5698739886283875,0.08690260350704193
26,3,64,53,0.44485530257225037,0.05948532372713089
26,3,64,54,0.5386200547218323,0.1472104787826538
26,3,64,55,0.6226641535758972,0.12618157267570496
26,3,64,56,0.5429373979568481,0.05671205744147301
26,3,64,57,0.46051013469696045,0.05228762701153755
26,3,64,58,0.5095332264900208,0.05366760864853859
26,3,64,59,0.5631403923034668,0.05196114256978035
26,3,64,60,0.5641371011734009,0.12339691072702408
26,3,64,61,0.4974164068698883,0.07916611433029175
26,3,64,62,0.43604978919029236,0.050728753209114075
26,3,64,63,0.4155588150024414,0.06852736324071884
26,4,128,0,0.4837616980075836,0.1256333887577057
26,4,128,1,0.394955039024353,0.12185531854629517
26,4,128,2,0.5788781046867371,0.1127471774816513
26,4,128,3,0.577694833278656,0.15296882390975952
26,4,128,4,0.7346740365028381,0.11925474554300308
26,4,128,5,0.6247596740722656,0.06785739958286285
26,4,128,6,0.7106794118881226,0.0958688035607338
26,4,128,7,0.6651079654693604,0.10634613782167435
26,4,128,8,0.6718907952308655,0.1953650712966919
26,4,128,9,0.5718462467193604,0.052840977907180786
26,4,128,10,0.6484888195991516,0.11805354803800583
26,4,128,11,0.6833457350730896,0.12132927775382996
26,4,128,12,0.5786558985710144,0.21510446071624756
26,4,128,13,0.6196252107620239,0.0895974189043045
26,4,128,14,0.44857460260391235,0.25859180092811584
26,4,128,15,0.4736357033252716,0.1407867968082428
26,4,128,16,0.5782093405723572,0.06432396918535233
26,4,128,17,0.487541139125824,0.09307020157575607
26,4,128,18,0.436190128326416,0.1472821980714798
26,4,128,19,0.589277982711792,0.0711502879858017
26,4,128,20,0.4261806607246399,0.027475770562887192
26,4,128,21,0.4979133605957031,0.13068518042564392
26,4,128,22,0.5120073556900024,0.1341296285390854
26,4,128,23,0.696716845035553,0.1722526252269745
26,4,128,24,0.5109533667564392,0.1578858494758606
26,4,128,25,0.6834061741828918,0.17602741718292236
26,4,128,26,0.44028201699256897,0.24633094668388367
26,4,128,27,0.3898022770881653,0.20837527513504028
26,4,128,28,0.4889008402824402,0.21532636880874634
26,4,128,29,0.6977772116661072,0.09044162929058075
26,4,128,30,0.4671476483345032,0.13499732315540314
26,4,128,31,0.6362035274505615,0.10259199887514114
26,4,128,32,0.5250307321548462,0.11537546664476395
26,4,128,33,0.5627760887145996,0.04445532709360123
26,4,128,34,0.646618127822876,0.11269305646419525
26,4,128,35,0.5087882280349731,0.10543058812618256
26,4,128,36,0.5677282810211182,0.08130952715873718
26,4,128,37,0.727096438407898,0.14031973481178284
26,4,128,38,0.34472551941871643,0.19580993056297302
26,4,128,39,0.6274588704109192,0.13262233138084412
26,4,128,40,0.43553975224494934,0.13257566094398499
26,4,128,41,0.420086532831192,0.14233379065990448
26,4,128,42,0.31566861271858215,0.09706662595272064
26,4,128,43,0.731530487537384,0.0963977724313736
26,4,128,44,0.6672788858413696,0.08728914707899094
26,4,128,45,0.43642085790634155,0.26845836639404297
26,4,128,46,0.670192539691925,0.18791821599006653
26,4,128,47,0.6664866805076599,0.1355653703212738
26,4,128,48,0.43509989976882935,0.11825916916131973
26,4,128,49,0.6648750901222229,0.10146133601665497
26,4,128,50,0.7013757824897766,0.16014088690280914
26,4,128,51,0.6465989351272583,0.26199468970298767
26,4,128,52,0.6009619832038879,0.15058644115924835
26,4,128,53,0.6402450799942017,0.1852361261844635
26,4,128,54,0.6271963119506836,0.24682599306106567
26,4,128,55,0.6522364020347595,0.11707702279090881
26,4,128,56,0.664878249168396,0.20757532119750977
26,4,128,57,0.5113853812217712,0.07573288679122925
26,4,128,58,0.3754287660121918,0.10710377246141434
26,4,128,59,0.7687885165214539,0.09195513278245926
26,4,128,60,0.5406358242034912,0.08305855095386505
26,4,128,61,0.508936882019043,0.209833025932312
26,4,128,62,0.7130247354507446,0.13013775646686554
26,4,128,63,0.6516743898391724,0.14978565275669098
26,4,128,64,0.5935890674591064,0.11823198199272156
26,4,128,65,0.691016674041748,0.15498241782188416
26,4,128,66,0.7336440682411194,0.11095424741506577
26,4,128,67,0.5956581830978394,0.21884849667549133
26,4,128,68,0.6226149201393127,0.0855027511715889
26,4,128,69,0.7179863452911377,0.18233942985534668
26,4,128,70,0.6484903693199158,0.2232106328010559
26,4,128,71,0.5485174059867859,0.06485017389059067
26,4,128,72,0.7018038630485535,0.16038396954536438
26,4,128,73,0.6308863759040833,0.11558415740728378
26,4,128,74,0.6387664675712585,0.14347365498542786
26,4,128,75,0.6674028635025024,0.2816076874732971
26,4,128,76,0.5773172974586487,0.16350096464157104
26,4,128,77,0.5941375494003296,0.16755560040473938
26,4,128,78,0.5500118732452393,0.1127736046910286
26,4,128,79,0.6018052697181702,0.12352220714092255
26,4,128,80,0.4773879051208496,0.09740909934043884
26,4,128,81,0.7082734107971191,0.12518054246902466
26,4,128,82,0.6892292499542236,0.1280840039253235
26,4,128,83,0.47013068199157715,0.06595650315284729
26,4,128,84,0.6732255816459656,0.18933169543743134
26,4,128,85,0.4237995147705078,0.08344987779855728
26,4,128,86,0.42869794368743896,0.10656926035881042
26,4,128,87,0.4856673777103424,0.1303676962852478
26,4,128,88,0.3341307044029236,0.10974941402673721
26,4,128,89,0.4430822730064392,0.08883431553840637
26,4,128,90,0.6442851424217224,0.20215913653373718
26,4,128,91,0.7302519679069519,0.10385101288557053
26,4,128,92,0.5022640824317932,0.2150924801826477
26,4,128,93,0.4103720784187317,0.08167403191328049
26,4,128,94,0.35800063610076904,0.22600451111793518
26,4,128,95,0.4556109309196472,0.17129845917224884
26,4,128,96,0.5835761427879333,0.2648700475692749
26,4,128,97,0.6060265302658081,0.1150064766407013
26,4,128,98,0.6407721638679504,0.09665457904338837
26,4,128,99,0.7413909435272217,0.10139138996601105
26,4,128,100,0.492835134267807,0.19783179461956024
26,4,128,101,0.5893120765686035,0.19326332211494446
26,4,128,102,0.6990935802459717,0.25741907954216003
26,4,128,103,0.38234424591064453,0.20863795280456543
26,4,128,104,0.7341378927230835,0.1291108876466751
26,4,128,105,0.5885879397392273,0.1662021279335022
26,4,128,106,0.5798248052597046,0.14062249660491943
26,4,128,107,0.6793257594108582,0.13123296201229095
26,4,128,108,0.5278869271278381,0.1466056853532791
26,4,128,109,0.5841719508171082,0.22786512970924377
26,4,128,110,0.6711106896400452,0.1378447562456131
26,4,128,111,0.6754968166351318,0.18698157370090485
26,4,128,112,0.37057816982269287,0.18101252615451813
26,4,128,113,0.7297646999359131,0.13880518078804016
26,4,128,114,0.5141603350639343,0.08438941091299057
26,4,128,115,0.43707650899887085,0.2855125963687897
26,4,128,116,0.5592932105064392,0.21000134944915771
26,4,128,117,0.6461251378059387,0.19540436565876007
26,4,128,118,0.6986325979232788,0.16192469000816345
26,4,128,119,0.5738087892532349,0.27277812361717224
26,4,128,120,0.6562517285346985,0.09955482184886932
26,4,128,121,0.609184205532074,0.21093538403511047
26,4,128,122,0.6371181607246399,0.22094187140464783
26,4,128,123,0.6896387934684753,0.10440254211425781
26,4,128,124,0.4507676959037781,0.13511504232883453
26,4,128,125,0.6413836479187012,0.10108941793441772
26,4,128,126,0.7105352282524109,0.14675173163414001
26,4,128,127,0.5098707675933838,0.07653822004795074
26,5,128,0,0.5991496443748474,0.2127101868391037
26,5,128,1,0.5912991166114807,0.04305155202746391
26,5,128,2,0.7533130049705505,0.16189725697040558
26,5,128,3,0.6429650187492371,0.0448479950428009
26,5,128,4,0.7704287767410278,0.169550359249115
26,5,128,5,0.7266230583190918,0.12659002840518951
26,5,128,6,0.5727804899215698,0.06606002151966095
26,5,128,7,0.3817654550075531,0.06581053882837296
26,5,128,8,0.7158656716346741,0.2285294234752655
26,5,128,9,0.5279418230056763,0.06402081996202469
26,5,128,10,0.8256086111068726,0.08133752644062042
26,5,128,11,0.5666558742523193,0.1913904994726181
26,5,128,12,0.7416706681251526,0.14502735435962677
26,5,128,13,0.6383379101753235,0.12378007173538208
26,5,128,14,0.763491690158844,0.14439821243286133
26,5,128,15,0.7509866952896118,0.06874653697013855
26,5,128,16,0.6445661783218384,0.1037970781326294
26,5,128,17,0.6132945418357849,0.1533956080675125
26,5,128,18,0.6587503552436829,0.12275662273168564
26,5,128,19,0.609622597694397,0.037737783044576645
26,5,128,20,0.5944235324859619,0.047573138028383255
26,5,128,21,0.35605689883232117,0.21537691354751587
26,5,128,22,0.6846432089805603,0.07182268798351288
26,5,128,23,0.6939772367477417,0.11900225281715393
26,5,128,24,0.544175922870636,0.09729427099227905
26,5,128,25,0.8186041116714478,0.1048939898610115
26,5,128,26,0.7054963111877441,0.13784857094287872
26,5,128,27,0.7414799332618713,0.1832050383090973
26,5,128,28,0.47032830119132996,0.15315505862236023
26,5,128,29,0.7186219096183777,0.06470327824354172
26,5,128,30,0.46944746375083923,0.06095048040151596
26,5,128,31,0.6761451959609985,0.06809961795806885
26,5,128,32,0.4154386818408966,0.2790336608886719
26,5,128,33,0.6439839005470276,0.08996856957674026
26,5,128,34,0.726932942867279,0.11978603154420853
26,5,128,35,0.6513694524765015,0.05950787290930748
26,5,128,36,0.7612499594688416,0.0645652562379837
26,5,128,37,0.7304150462150574,0.10665538907051086
26,5,128,38,0.5287808775901794,0.09135190397500992
26,5,128,39,0.7820690870285034,0.08806038647890091
26,5,128,40,0.5624821782112122,0.09022972732782364
26,5,128,41,0.35577628016471863,0.07530733197927475
26,5,128,42,0.46634984016418457,0.24948230385780334
26,5,128,43,0.7531567811965942,0.14629028737545013
26,5,128,44,0.7539841532707214,0.08395794779062271
26,5,128,45,0.672629714012146,0.06234386935830116
26,5,128,46,0.7098848819732666,0.11943038552999496
26,5,128,47,0.6994961500167847,0.11604844033718109
26,5,128,48,0.6101920008659363,0.21705399453639984
26,5,128,49,0.33814823627471924,0.2716405987739563
26,5,128,50,0.7478032112121582,0.13908930122852325
26,5,128,51,0.6393796801567078,0.13011199235916138
26,5,128,52,0.583072304725647,0.06960977613925934
26,5,128,53,0.4959663152694702,0.066471628844738
26,5,128,54,0.6991739869117737,0.2609793543815613
26,5,128,55,0.6124440431594849,0.13735836744308472
26,5,128,56,0.6957334876060486,0.2262316644191742
26,5,128,57,0.538037121295929,0.11546657979488373
26,5,128,58,0.7194538712501526,0.14842168986797333
26,5,128,59,0.7454927563667297,0.13436080515384674
26,5,128,60,0.6448150873184204,0.0822557583451271
26,5,128,61,0.7682446241378784,0.13702493906021118
26,5,128,62,0.7444800734519958,0.12135869264602661
26,5,128,63,0.7158803939819336,0.24621549248695374
26,5,128,64,0.7039644718170166,0.07329157739877701
26,5,128,65,0.7233772873878479,0.1557334065437317
26,5,128,66,0.7399248480796814,0.08866265416145325
26,5,128,67,0.7684822082519531,0.10684489458799362
26,5,128,68,0.7008435130119324,0.24276787042617798
26,5,128,69,0.7594558596611023,0.13333089649677277
26,5,128,70,0.6845079660415649,0.08103218674659729
26,5,128,71,0.8029013872146606,0.14750152826309204
26,5,128,72,0.7725773453712463,0.1607341468334198
26,5,128,73,0.6905106902122498,0.05734405294060707
26,5,128,74,0.7827338576316833,0.18153434991836548
26,5,128,75,0.6848949193954468,0.10508915781974792
26,5,128,76,0.2798925042152405,0.1658284068107605
26,5,128,77,0.39250504970550537,0.19392593204975128
26,5,128,78,0.7702888250350952,0.11886338144540787
26,5,128,79,0.7485136389732361,0.09370961785316467
26,5,128,80,0.40740302205085754,0.2915906608104706
26,5,128,81,0.7608551383018494,0.1186724305152893
26,5,128,82,0.6057220697402954,0.07756876945495605
26,5,128,83,0.5363739132881165,0.025303088128566742
26,5,128,84,0.4575657844543457,0.05172228068113327
26,5,128,85,0.335941880941391,0.17291375994682312
26,5,128,86,0.7458369135856628,0.1713293045759201
26,5,128,87,0.6379737854003906,0.10908909142017365
26,5,128,88,0.528264045715332,0.09098892658948898
26,5,128,89,0.46928343176841736,0.1674540638923645
26,5,128,90,0.6134609580039978,0.037519946694374084
26,5,128,91,0.6005340218544006,0.13143686950206757
26,5,128,92,0.6388465166091919,0.0688754990696907
26,5,128,93,0.47179916501045227,0.0968833789229393
26,5,128,94,0.5065677165985107,0.09470925480127335
26,5,128,95,0.6915987730026245,0.08368419110774994
26,5,128,96,0.6953489184379578,0.18693813681602478
26,5,128,97,0.6736413240432739,0.08334257453680038
26,5,128,98,0.4116373062133789,0.1081000566482544
26,5,128,99,0.47140464186668396,0.16248098015785217
26,5,128,100,0.4533901810646057,0.18451684713363647
26,5,128,101,0.7373819947242737,0.09189803153276443
26,5,128,102,0.7676973938941956,0.14017254114151
26,5,128,103,0.39529693126678467,0.10204850882291794
26,5,128,104,0.61980140209198,0.06416771560907364
26,5,128,105,0.7705795764923096,0.16350147128105164
26,5,128,106,0.7505542635917664,0.07842439413070679
26,5,128,107,0.6937416791915894,0.048072706907987595
26,5,128,108,0.4360625743865967,0.2422817051410675
26,5,128,109,0.6174496412277222,0.10292665660381317
26,5,128,110,0.707167387008667,0.0986790582537651
26,5,128,111,0.7056578397750854,0.12380269169807434
26,5,128,112,0.785911500453949,0.11249557137489319
26,5,128,113,0.767663836479187,0.12844985723495483
26,5,128,114,0.782674252986908,0.09366218000650406
26,5,128,115,0.608559250831604,0.03395915776491165
26,5,128,116,0.6435286402702332,0.11184372752904892
26,5,128,117,0.6907407641410828,0.2459901124238968
26,5,128,118,0.6903975605964661,0.24988240003585815
26,5,128,119,0.4099060297012329,0.042786791920661926
26,5,128,120,0.8033738732337952,0.12486270070075989
26,5,128,121,0.619629979133606,0.04016059264540672
26,5,128,122,0.7262832522392273,0.087687648832798
26,5,128,123,0.7691530585289001,0.11143583059310913
26,5,128,124,0.6730663776397705,0.0782231017947197
26,5,128,125,0.6571395993232727,0.07919269800186157
26,5,128,126,0.7822032570838928,0.14972583949565887
26,5,128,127,0.8002161383628845,0.08151555806398392
27,0,32,0,0.6482437252998352,0.09317275881767273
27,0,32,1,0.5413879156112671,0.12022344022989273
27,0,32,2,0.569766640663147,0.11415702104568481
27,0,32,3,0.41759106516838074,0.11459246277809143
27,0,32,4,0.40798255801200867,0.12171605229377747
27,0,32,5,0.4137396514415741,0.06835999339818954
27,0,32,6,0.4512432813644409,0.11937984079122543
27,0,32,7,0.5347516536712646,0.06304306536912918
27,0,32,8,0.3811584413051605,0.07278799265623093
27,0,32,9,0.4821222722530365,0.08672526478767395
27,0,32,10,0.42104870080947876,0.0670880377292633
27,0,32,11,0.485603004693985,0.09655578434467316
27,0,32,12,0.45308682322502136,0.08937545865774155
27,0,32,13,0.46175417304039,0.10317251086235046
27,0,32,14,0.6248778700828552,0.06051994115114212
27,0,32,15,0.48050937056541443,0.10719680786132812
27,0,32,16,0.4444725215435028,0.05935657396912575
27,0,32,17,0.6220632195472717,0.09806757420301437
27,0,32,18,0.551594614982605,0.07180766016244888
27,0,32,19,0.47041618824005127,0.1329844743013382
27,0,32,20,0.4828967750072479,0.05823212489485741
27,0,32,21,0.5733787417411804,0.1006120890378952
27,0,32,22,0.5465155839920044,0.03837332874536514
27,0,32,23,0.47379928827285767,0.06797946244478226
27,0,32,24,0.5756039023399353,0.0905628576874733
27,0,32,25,0.630343496799469,0.0777776837348938
27,0,32,26,0.596265971660614,0.04606638476252556
27,0,32,27,0.39289820194244385,0.0644896849989891
27,0,32,28,0.3322504460811615,0.04530629888176918
27,0,32,29,0.36541748046875,0.05624837055802345
27,0,32,30,0.2995568513870239,0.06501486897468567
27,0,32,31,0.3533551096916199,0.040345482528209686
27,1,32,0,0.40875551104545593,0.061978746205568314
27,1,32,1,0.4925835132598877,0.13032293319702148
27,1,32,2,0.4729551672935486,0.05608826503157616
27,1,32,3,0.4180441200733185,0.11088324338197708
27,1,32,4,0.5270769596099854,0.12049752473831177
27,1,32,5,0.5835914015769958,0.12446600198745728
27,1,32,6,0.3790034353733063,0.13270144164562225
27,1,32,7,0.43410781025886536,0.10670008510351181
27,1,32,8,0.4570767283439636,0.11359016597270966
27,1,32,9,0.6253407001495361,0.07796082645654678
27,1,32,10,0.5407004952430725,0.1095682680606842
27,1,32,11,0.5142484903335571,0.17170926928520203
27,1,32,12,0.5004523992538452,0.14927686750888824
27,1,32,13,0.6509949564933777,0.07195812463760376
27,1,32,14,0.5204592943191528,0.10888955742120743
27,1,32,15,0.5675857663154602,0.07500730454921722
27,1,32,16,0.4012371599674225,0.07162854820489883
27,1,32,17,0.5605199337005615,0.06969285756349564
27,1,32,18,0.5803536176681519,0.07187444716691971
27,1,32,19,0.5513797998428345,0.07691022753715515
27,1,32,20,0.5598759055137634,0.07603604346513748
27,1,32,21,0.3812236487865448,0.04279864951968193
27,1,32,22,0.5054069757461548,0.09446678310632706
27,1,32,23,0.4608526825904846,0.0903632864356041
27,1,32,24,0.435478150844574,0.05331244319677353
27,1,32,25,0.5848381519317627,0.07121086865663528
27,1,32,26,0.35104167461395264,0.1122179925441742
27,1,32,27,0.568722128868103,0.10572229325771332
27,1,32,28,0.4716993570327759,0.08318453282117844
27,1,32,29,0.43155646324157715,0.06551148742437363
27,1,32,30,0.5762683153152466,0.11783483624458313
27,1,32,31,0.5379899740219116,0.08344800025224686
27,2,64,0,0.5896939039230347,0.15880733728408813
27,2,64,1,0.5625215172767639,0.09695950150489807
27,2,64,2,0.5281357765197754,0.14739815890789032
27,2,64,3,0.5874887704849243,0.11370720714330673
27,2,64,4,0.4087899923324585,0.13263264298439026
27,2,64,5,0.49201077222824097,0.14436456561088562
27,2,64,6,0.4448587894439697,0.05649810656905174
27,2,64,7,0.6074992418289185,0.11892536282539368
27,2,64,8,0.5795750021934509,0.07124576717615128
27,2,64,9,0.5443893074989319,0.06750703603029251
27,2,64,10,0.4548274874687195,0.04708011448383331
27,2,64,11,0.4850727617740631,0.07313067466020584
27,2,64,12,0.6193261742591858,0.08803209662437439
27,2,64,13,0.4849565923213959,0.07627074420452118
27,2,64,14,0.5476799607276917,0.1539330929517746
27,2,64,15,0.4695386290550232,0.15387597680091858
27,2,64,16,0.44087016582489014,0.13717272877693176
27,2,64,17,0.4195632338523865,0.1556190848350525
27,2,64,18,0.46454718708992004,0.02485090307891369
27,2,64,19,0.43095797300338745,0.09825830161571503
27,2,64,20,0.47145965695381165,0.12969259917736053
27,2,64,21,0.4857048988342285,0.05569860339164734
27,2,64,22,0.4186491072177887,0.11488375812768936
27,2,64,23,0.4594762921333313,0.10656311362981796
27,2,64,24,0.5693936944007874,0.1189783588051796
27,2,64,25,0.48607194423675537,0.14315199851989746
27,2,64,26,0.4564899504184723,0.11943639814853668
27,2,64,27,0.5978844165802002,0.08541906625032425
27,2,64,28,0.35957038402557373,0.12798267602920532
27,2,64,29,0.5884264707565308,0.07242627441883087
27,2,64,30,0.4134151339530945,0.04381803423166275
27,2,64,31,0.3769517242908478,0.13685119152069092
27,2,64,32,0.5356469750404358,0.09676546603441238
27,2,64,33,0.4566401541233063,0.042823027819395065
27,2,64,34,0.4918355345726013,0.04163437336683273
27,2,64,35,0.37114256620407104,0.13996395468711853
27,2,64,36,0.43470263481140137,0.11524829268455505
27,2,64,37,0.40096789598464966,0.09183309972286224
27,2,64,38,0.40734392404556274,0.08919650316238403
27,2,64,39,0.37124431133270264,0.07220551371574402
27,2,64,40,0.48740318417549133,0.09109821170568466
27,2,64,41,0.4652417004108429,0.1766442507505417
27,2,64,42,0.4202171266078949,0.08803944289684296
27,2,64,43,0.5449463725090027,0.06360986083745956
27,2,64,44,0.42000851035118103,0.08846982568502426
27,2,64,45,0.3531752824783325,0.13480710983276367
27,2,64,46,0.46655774116516113,0.12572871148586273
27,2,64,47,0.50705885887146,0.07095756381750107
27,2,64,48,0.4667675495147705,0.11565369367599487
27,2,64,49,0.4270676374435425,0.07054641842842102
27,2,64,50,0.4741576313972473,0.13772274553775787
27,2,64,51,0.5171963572502136,0.0576525442302227
27,2,64,52,0.4663691520690918,0.08057478815317154
27,2,64,53,0.5633785724639893,0.13007709383964539
27,2,64,54,0.469066858291626,0.12210406363010406
27,2,64,55,0.38433533906936646,0.10515668988227844
27,2,64,56,0.43150585889816284,0.08156344294548035
27,2,64,57,0.4636078178882599,0.1590953767299652
27,2,64,58,0.44317060708999634,0.10090018063783646
27,2,64,59,0.48249921202659607,0.07405658811330795
27,2,64,60,0.6365426182746887,0.11958251148462296
27,2,64,61,0.46906107664108276,0.14439941942691803
27,2,64,62,0.4689277112483978,0.10287153720855713
27,2,64,63,0.5611448884010315,0.09940286725759506
27,3,64,0,0.6220853328704834,0.15466517210006714
27,3,64,1,0.3803907036781311,0.08964855223894119
27,3,64,2,0.631898820400238,0.11843591928482056
27,3,64,3,0.41900449991226196,0.09866980463266373
27,3,64,4,0.5720410346984863,0.16440530121326447
27,3,64,5,0.6127419471740723,0.14500537514686584
27,3,64,6,0.5824743509292603,0.17003697156906128
27,3,64,7,0.5266340374946594,0.13470850884914398
27,3,64,8,0.49796080589294434,0.12347412109375
27,3,64,9,0.5518961548805237,0.13013708591461182
27,3,64,10,0.40320664644241333,0.09339190274477005
27,3,64,11,0.37974363565444946,0.05805860832333565
27,3,64,12,0.5760946869850159,0.08412541449069977
27,3,64,13,0.5601903200149536,0.036798007786273956
27,3,64,14,0.6230144500732422,0.04399878904223442
27,3,64,15,0.5558288097381592,0.1521800458431244
27,3,64,16,0.41380658745765686,0.05073227733373642
27,3,64,17,0.4581572413444519,0.07850957661867142
27,3,64,18,0.5395163297653198,0.050409696996212006
27,3,64,19,0.500889778137207,0.09245467931032181
27,3,64,20,0.43424665927886963,0.18510770797729492
27,3,64,21,0.5854271650314331,0.1298113465309143
27,3,64,22,0.4685172140598297,0.050197500735521317
27,3,64,23,0.4055732488632202,0.1730949580669403
27,3,64,24,0.6344920992851257,0.03925574570894241
27,3,64,25,0.540054440498352,0.0496307797729969
27,3,64,26,0.582423210144043,0.12483334541320801
27,3,64,27,0.3477015197277069,0.10819335281848907
27,3,64,28,0.5634335279464722,0.09907534718513489
27,3,64,29,0.5815249085426331,0.12380312383174896
27,3,64,30,0.47685861587524414,0.042073752731084824
27,3,64,31,0.5973087549209595,0.13322000205516815
27,3,64,32,0.42992210388183594,0.07699676603078842
27,3,64,33,0.3747314214706421,0.08306951820850372
27,3,64,34,0.4902307689189911,0.052024297416210175
27,3,64,35,0.5629125833511353,0.1790546476840973
27,3,64,36,0.2840418219566345,0.05606135353446007
27,3,64,37,0.5153195858001709,0.08839013427495956
27,3,64,38,0.31827622652053833,0.11873770505189896
27,3,64,39,0.4042861759662628,0.1149902492761612
27,3,64,40,0.4291747212409973,0.12255198508501053
27,3,64,41,0.614311695098877,0.14059320092201233
27,3,64,42,0.5264124274253845,0.17057709395885468
27,3,64,43,0.4150152802467346,0.13246992230415344
27,3,64,44,0.4435681104660034,0.027440978214144707
27,3,64,45,0.4422697126865387,0.06521154195070267
27,3,64,46,0.513109564781189,0.15234655141830444
27,3,64,47,0.5207672715187073,0.11519643664360046
27,3,64,48,0.624873161315918,0.15050822496414185
27,3,64,49,0.546329140663147,0.1284552961587906
27,3,64,50,0.5041413307189941,0.1720525622367859
27,3,64,51,0.6939257383346558,0.11957507580518723
27,3,64,52,0.5097793936729431,0.06854886561632156
27,3,64,53,0.6068168878555298,0.09278322011232376
27,3,64,54,0.6671653389930725,0.10586077719926834
27,3,64,55,0.35453054308891296,0.12754498422145844
27,3,64,56,0.3698083162307739,0.05825880169868469
27,3,64,57,0.622592568397522,0.0719168558716774
27,3,64,58,0.49519550800323486,0.1452558934688568
27,3,64,59,0.5707089900970459,0.15131540596485138
27,3,64,60,0.2896887958049774,0.06893457472324371
27,3,64,61,0.6097372770309448,0.052584949880838394
27,3,64,62,0.43461108207702637,0.1652093082666397
27,3,64,63,0.6862416863441467,0.07465702295303345
27,4,128,0,0.5705605149269104,0.07805228978395462
27,4,128,1,0.7272237539291382,0.09204442799091339
27,4,128,2,0.597720742225647,0.05519112944602966
27,4,128,3,0.5304161906242371,0.05470062419772148
27,4,128,4,0.6787623763084412,0.2821269929409027
27,4,128,5,0.6423892974853516,0.355312705039978
27,4,128,6,0.6755267977714539,0.231855571269989
27,4,128,7,0.6182489991188049,0.21849586069583893
27,4,128,8,0.3731842339038849,0.2885877192020416
27,4,128,9,0.4495810866355896,0.20934082567691803
27,4,128,10,0.3135039210319519,0.08078911155462265
27,4,128,11,0.6168131828308105,0.11156606674194336
27,4,128,12,0.28810518980026245,0.24937765300273895
27,4,128,13,0.303711473941803,0.1587056666612625
27,4,128,14,0.6649793982505798,0.0841379165649414
27,4,128,15,0.3611564040184021,0.3224526345729828
27,4,128,16,0.26547929644584656,0.12809514999389648
27,4,128,17,0.7094019651412964,0.2533208429813385
27,4,128,18,0.6152511239051819,0.2380388379096985
27,4,128,19,0.3919634222984314,0.20699013769626617
27,4,128,20,0.6875179409980774,0.16372716426849365
27,4,128,21,0.6148607730865479,0.2717765271663666
27,4,128,22,0.6199824213981628,0.04921866953372955
27,4,128,23,0.6800008416175842,0.10951665043830872
27,4,128,24,0.6952481269836426,0.20116445422172546
27,4,128,25,0.4037240743637085,0.052262745797634125
27,4,128,26,0.36960700154304504,0.24039633572101593
27,4,128,27,0.5805920958518982,0.04029152914881706
27,4,128,28,0.4184059202671051,0.04874987155199051
27,4,128,29,0.6984991431236267,0.18694080412387848
27,4,128,30,0.34666764736175537,0.08951131254434586
27,4,128,31,0.551948070526123,0.10344710946083069
27,4,128,32,0.4231976270675659,0.10363712161779404
27,4,128,33,0.6317812204360962,0.26862379908561707
27,4,128,34,0.6467127799987793,0.3375799059867859
27,4,128,35,0.7508854269981384,0.2110363394021988
27,4,128,36,0.3696211278438568,0.32958027720451355
27,4,128,37,0.6374047994613647,0.3394939601421356
27,4,128,38,0.7352661490440369,0.16824913024902344
27,4,128,39,0.7322701215744019,0.13371610641479492
27,4,128,40,0.7008498311042786,0.23461827635765076
27,4,128,41,0.680485188961029,0.2262309193611145
27,4,128,42,0.6246229410171509,0.29406777024269104
27,4,128,43,0.28661495447158813,0.22740469872951508
27,4,128,44,0.6557955145835876,0.3227652907371521
27,4,128,45,0.3963409662246704,0.09602295607328415
27,4,128,46,0.5150536298751831,0.10092845559120178
27,4,128,47,0.6586220264434814,0.15703724324703217
27,4,128,48,0.7159169912338257,0.23661541938781738
27,4,128,49,0.7178213596343994,0.23323184251785278
27,4,128,50,0.407304048538208,0.1342063844203949
27,4,128,51,0.6279725432395935,0.14585359394550323
27,4,128,52,0.3603977859020233,0.06640354543924332
27,4,128,53,0.6296277046203613,0.1763569712638855
27,4,128,54,0.5160260796546936,0.15520301461219788
27,4,128,55,0.6301895976066589,0.21374765038490295
27,4,128,56,0.5418885350227356,0.15969665348529816
27,4,128,57,0.36689385771751404,0.18225684762001038
27,4,128,58,0.6768004298210144,0.1845645159482956
27,4,128,59,0.5012077689170837,0.1380818635225296
27,4,128,60,0.5256911516189575,0.15059281885623932
27,4,128,61,0.49883249402046204,0.21730336546897888
27,4,128,62,0.5328001379966736,0.07786446809768677
27,4,128,63,0.5607394576072693,0.1388896405696869
27,4,128,64,0.3786681890487671,0.07526405155658722
27,4,128,65,0.2843429744243622,0.23926593363285065
27,4,128,66,0.6721863150596619,0.30592837929725647
27,4,128,67,0.748553991317749,0.1356687694787979
27,4,128,68,0.5948352813720703,0.11135491728782654
27,4,128,69,0.6213839054107666,0.3102903664112091
27,4,128,70,0.5474355220794678,0.07234092056751251
27,4,128,71,0.7888724207878113,0.12214324623346329
27,4,128,72,0.6788544654846191,0.24888570606708527
27,4,128,73,0.3948588967323303,0.23822961747646332
27,4,128,74,0.3124874532222748,0.16927780210971832
27,4,128,75,0.6788444519042969,0.2300574779510498
27,4,128,76,0.45625025033950806,0.053616318851709366
27,4,128,77,0.6882808804512024,0.17859531939029694
27,4,128,78,0.46773096919059753,0.05600229278206825
27,4,128,79,0.6420996785163879,0.2741627097129822
27,4,128,80,0.5270646810531616,0.12154804915189743
27,4,128,81,0.7493223547935486,0.141811802983284
27,4,128,82,0.7867315411567688,0.15157358348369598
27,4,128,83,0.49677973985671997,0.06734674423933029
27,4,128,84,0.6066561937332153,0.15812723338603973
27,4,128,85,0.5623029470443726,0.14251048862934113
27,4,128,86,0.6283206343650818,0.2404671609401703
27,4,128,87,0.6485893130302429,0.2668815851211548
27,4,128,88,0.4836082458496094,0.1923752874135971
27,4,128,89,0.7018581032752991,0.22262971103191376
27,4,128,90,0.6024138927459717,0.11228284984827042
27,4,128,91,0.5132505893707275,0.0868719145655632
27,4,128,92,0.6052075624465942,0.0819118395447731
27,4,128,93,0.6615316867828369,0.07585783302783966
27,4,128,94,0.3204268217086792,0.06994659453630447
27,4,128,95,0.540522038936615,0.10539282858371735
27,4,128,96,0.8069959282875061,0.13635866343975067
27,4,128,97,0.765352189540863,0.20362554490566254
27,4,128,98,0.5916535258293152,0.13301457464694977
27,4,128,99,0.4454861879348755,0.06274940073490143
27,4,128,100,0.6694290041923523,0.16743750870227814
27,4,128,101,0.4879308342933655,0.08238077908754349
27,4,128,102,0.5626484751701355,0.06675384938716888
27,4,128,103,0.29552337527275085,0.08200964331626892
27,4,128,104,0.715144693851471,0.10761209577322006
27,4,128,105,0.7425368428230286,0.1808493435382843
27,4,128,106,0.6399434804916382,0.19010889530181885
27,4,128,107,0.4683043658733368,0.11879298090934753
27,4,128,108,0.6401494741439819,0.12151430547237396
27,4,128,109,0.6033722758293152,0.06271601468324661
27,4,128,110,0.6781119704246521,0.23790746927261353
27,4,128,111,0.2984464466571808,0.15751254558563232
27,4,128,112,0.3291330337524414,0.18030871450901031
27,4,128,113,0.257040798664093,0.20957183837890625
27,4,128,114,0.7259634137153625,0.13186389207839966
27,4,128,115,0.7280993461608887,0.21309368312358856
27,4,128,116,0.5073124170303345,0.10251045972108841
27,4,128,117,0.3828544020652771,0.13709396123886108
27,4,128,118,0.2782082259654999,0.1840442568063736
27,4,128,119,0.6649412512779236,0.21006746590137482
27,4,128,120,0.6801470518112183,0.18617530167102814
27,4,128,121,0.3538493514060974,0.2339751124382019
27,4,128,122,0.43174025416374207,0.13143086433410645
27,4,128,123,0.34681689739227295,0.20819437503814697
27,4,128,124,0.6687003970146179,0.19588521122932434
27,4,128,125,0.7837457656860352,0.07644915580749512
27,4,128,126,0.5791975855827332,0.14748086035251617
27,4,128,127,0.7634504437446594,0.1301695555448532
27,5,128,0,0.37461426854133606,0.03736507520079613
27,5,128,1,0.43235641717910767,0.07683522999286652
27,5,128,2,0.5530658960342407,0.24612978100776672
27,5,128,3,0.4393770396709442,0.0377039760351181
27,5,128,4,0.6938821077346802,0.18846392631530762
27,5,128,5,0.5900055170059204,0.19516076147556305
27,5,128,6,0.533220648765564,0.08560675382614136
27,5,128,7,0.4946163296699524,0.06529241800308228
27,5,128,8,0.375128835439682,0.16435566544532776
27,5,128,9,0.6723973155021667,0.06161649525165558
27,5,128,10,0.302926242351532,0.24176813662052155
27,5,128,11,0.3154798746109009,0.09201926738023758
27,5,128,12,0.38111186027526855,0.32339778542518616
27,5,128,13,0.7293267846107483,0.0923377275466919
27,5,128,14,0.6953029036521912,0.13122378289699554
27,5,128,15,0.2608673870563507,0.12032128870487213
27,5,128,16,0.4821966290473938,0.06350522488355637
27,5,128,17,0.6558845639228821,0.17170971632003784
27,5,128,18,0.6630942821502686,0.18524140119552612
27,5,128,19,0.3376586139202118,0.2213803082704544
27,5,128,20,0.6460562348365784,0.20288921892642975
27,5,128,21,0.5653024315834045,0.27318912744522095
27,5,128,22,0.6352939009666443,0.24856051802635193
27,5,128,23,0.6657688617706299,0.16241374611854553
27,5,128,24,0.7506275773048401,0.13335807621479034
27,5,128,25,0.6893031001091003,0.04841063916683197
27,5,128,26,0.584342896938324,0.03674619644880295
27,5,128,27,0.5931121706962585,0.1055648922920227
27,5,128,28,0.5599058270454407,0.03379683196544647
27,5,128,29,0.6488332152366638,0.14225886762142181
27,5,128,30,0.5144899487495422,0.09386096894741058
27,5,128,31,0.7646094560623169,0.08514372259378433
27,5,128,32,0.5831446647644043,0.11311208456754684
27,5,128,33,0.6564405560493469,0.24684582650661469
27,5,128,34,0.5821309089660645,0.05560912564396858
27,5,128,35,0.6910547614097595,0.1620931327342987
27,5,128,36,0.7412844896316528,0.09614115953445435
27,5,128,37,0.7387299537658691,0.09203135222196579
27,5,128,38,0.7255780100822449,0.14554694294929504
27,5,128,39,0.6965604424476624,0.13584595918655396
27,5,128,40,0.4548977315425873,0.14494088292121887
27,5,128,41,0.6070917844772339,0.09653814136981964
27,5,128,42,0.6593056321144104,0.13732843101024628
27,5,128,43,0.6863818168640137,0.0738186463713646
27,5,128,44,0.7010824084281921,0.19051238894462585
27,5,128,45,0.561445415019989,0.07701259851455688
27,5,128,46,0.5361920595169067,0.0457223504781723
27,5,128,47,0.4310653507709503,0.037219103425741196
27,5,128,48,0.6765360236167908,0.1418071985244751
27,5,128,49,0.5920841693878174,0.1328742802143097
27,5,128,50,0.38757556676864624,0.18641507625579834
27,5,128,51,0.5770390033721924,0.12006497383117676
27,5,128,52,0.3049105703830719,0.08192402124404907
27,5,128,53,0.5355358123779297,0.04007545858621597
27,5,128,54,0.5696207880973816,0.08788582682609558
27,5,128,55,0.43580588698387146,0.16053497791290283
27,5,128,56,0.6083351969718933,0.1812247484922409
27,5,128,57,0.5399820804595947,0.03477553650736809
27,5,128,58,0.6294844746589661,0.13768821954727173
27,5,128,59,0.5305447578430176,0.13514907658100128
27,5,128,60,0.5095845460891724,0.07025378197431564
27,5,128,61,0.6553722620010376,0.06555405259132385
27,5,128,62,0.5525844097137451,0.05263253301382065
27,5,128,63,0.7492995858192444,0.06928449869155884
27,5,128,64,0.456937313079834,0.1339586079120636
27,5,128,65,0.6518107056617737,0.26123499870300293
27,5,128,66,0.7135938405990601,0.17072512209415436
27,5,128,67,0.6130147576332092,0.05251474305987358
27,5,128,68,0.7552192211151123,0.07332579791545868
27,5,128,69,0.6413924098014832,0.10751773416996002
27,5,128,70,0.6164466142654419,0.11852409690618515
27,5,128,71,0.7204920649528503,0.08619019389152527
27,5,128,72,0.8079307079315186,0.09541141241788864
27,5,128,73,0.5370017886161804,0.03807084634900093
27,5,128,74,0.5509183406829834,0.06618161499500275
27,5,128,75,0.6601529717445374,0.0754336416721344
27,5,128,76,0.7141177654266357,0.16142378747463226
27,5,128,77,0.5492863059043884,0.03865423798561096
27,5,128,78,0.48690927028656006,0.03963294252753258
27,5,128,79,0.38746827840805054,0.11358711123466492
27,5,128,80,0.2864966094493866,0.07816185057163239
27,5,128,81,0.4628901779651642,0.04812487214803696
27,5,128,82,0.6772351264953613,0.18810667097568512
27,5,128,83,0.5778488516807556,0.107986219227314
27,5,128,84,0.6436176300048828,0.078184574842453
27,5,128,85,0.31436610221862793,0.17666175961494446
27,5,128,86,0.587128758430481,0.05589597299695015
27,5,128,87,0.7216125726699829,0.16803261637687683
27,5,128,88,0.8033859729766846,0.1547841727733612
27,5,128,89,0.4833797812461853,0.135931596159935
27,5,128,90,0.6828098297119141,0.13431423902511597
27,5,128,91,0.506470799446106,0.10017357766628265
27,5,128,92,0.4853200912475586,0.0820697546005249
27,5,128,93,0.7416924238204956,0.10089429467916489
27,5,128,94,0.49866026639938354,0.04496201127767563
27,5,128,95,0.5171236991882324,0.04728640988469124
27,5,128,96,0.5808328986167908,0.10362335294485092
27,5,128,97,0.70003342628479,0.09863154590129852
27,5,128,98,0.6322958469390869,0.03846663981676102
27,5,128,99,0.40588510036468506,0.0690440684556961
27,5,128,100,0.7241836190223694,0.07302632927894592
27,5,128,101,0.434558629989624,0.09054266661405563
27,5,128,102,0.3954528570175171,0.05473271384835243
27,5,128,103,0.4966992139816284,0.13765734434127808
27,5,128,104,0.6100065112113953,0.06825393438339233
27,5,128,105,0.6621693968772888,0.0718669593334198
27,5,128,106,0.5149112939834595,0.05377963185310364
27,5,128,107,0.5206406712532043,0.016458794474601746
27,5,128,108,0.4895217716693878,0.01795906014740467
27,5,128,109,0.6545696258544922,0.11735282093286514
27,5,128,110,0.519434928894043,0.08012975752353668
27,5,128,111,0.46925726532936096,0.02443738281726837
27,5,128,112,0.4231131970882416,0.03653110936284065
27,5,128,113,0.7646775245666504,0.12203200161457062
27,5,128,114,0.6218753457069397,0.10593095421791077
27,5,128,115,0.6842043399810791,0.13895943760871887
27,5,128,116,0.643825113773346,0.0433381088078022
27,5,128,117,0.4930005371570587,0.1332469880580902
27,5,128,118,0.3632526397705078,0.09289655089378357
27,5,128,119,0.6619558334350586,0.1397208571434021
27,5,128,120,0.7298593521118164,0.06953166425228119
27,5,128,121,0.5459578633308411,0.19250966608524323
27,5,128,122,0.6170353293418884,0.05051298066973686
27,5,128,123,0.5472806692123413,0.16321372985839844
27,5,128,124,0.5417775511741638,0.07376331835985184
27,5,128,125,0.6414862871170044,0.11595255136489868
27,5,128,126,0.5224473476409912,0.13851197063922882
27,5,128,127,0.6310656070709229,0.07681592553853989
28,0,32,0,0.5557817816734314,0.11525090783834457
28,0,32,1,0.615007221698761,0.05583452060818672
28,0,32,2,0.3515092134475708,0.04515745863318443
28,0,32,3,0.6384283900260925,0.07130114734172821
28,0,32,4,0.6155781149864197,0.10340899229049683
28,0,32,5,0.5582392811775208,0.10875343531370163
28,0,32,6,0.5267776250839233,0.056805387139320374
28,0,32,7,0.5732004642486572,0.0710325688123703
28,0,32,8,0.4872540831565857,0.08100926876068115
28,0,32,9,0.48020613193511963,0.06984792649745941
28,0,32,10,0.36363568902015686,0.05809701606631279
28,0,32,11,0.441491961479187,0.08380565792322159
28,0,32,12,0.5788357853889465,0.0850268080830574
28,0,32,13,0.524074912071228,0.0565435066819191
28,0,32,14,0.5239046216011047,0.10886149853467941
28,0,32,15,0.4268482029438019,0.09559693187475204
28,0,32,16,0.5073570609092712,0.08593230694532394
28,0,32,17,0.4723926782608032,0.09103955328464508
28,0,32,18,0.5681697726249695,0.11335773020982742
28,0,32,19,0.5232589840888977,0.13433656096458435
28,0,32,20,0.4850402772426605,0.07983747124671936
28,0,32,21,0.46198463439941406,0.07508262246847153
28,0,32,22,0.6346403956413269,0.060642920434474945
28,0,32,23,0.4137418866157532,0.0625523030757904
28,0,32,24,0.48758962750434875,0.08968289941549301
28,0,32,25,0.48019173741340637,0.08845271170139313
28,0,32,26,0.592460572719574,0.0970429852604866
28,0,32,27,0.5291343331336975,0.0928768664598465
28,0,32,28,0.5841793417930603,0.10275977104902267
28,0,32,29,0.4413362443447113,0.08917418867349625
28,0,32,30,0.5934045314788818,0.08360424637794495
28,0,32,31,0.5360042452812195,0.07481171190738678
28,1,32,0,0.6622745990753174,0.1079113781452179
28,1,32,1,0.557612419128418,0.11859297752380371
28,1,32,2,0.37733909487724304,0.11952119320631027
28,1,32,3,0.41809362173080444,0.12347818911075592
28,1,32,4,0.4551835060119629,0.061181824654340744
28,1,32,5,0.6077608466148376,0.02244335226714611
28,1,32,6,0.3300427198410034,0.10306234657764435
28,1,32,7,0.3639068603515625,0.07214074581861496
28,1,32,8,0.5925468802452087,0.054692886769771576
28,1,32,9,0.6385982036590576,0.11623978614807129
28,1,32,10,0.40030238032341003,0.11489421129226685
28,1,32,11,0.4518028795719147,0.13892951607704163
28,1,32,12,0.5257417559623718,0.0990205854177475
28,1,32,13,0.507429301738739,0.11390617489814758
28,1,32,14,0.6320911049842834,0.062383983284235
28,1,32,15,0.5849823951721191,0.11593663692474365
28,1,32,16,0.45337751507759094,0.08352983742952347
28,1,32,17,0.49662113189697266,0.14010030031204224
28,1,32,18,0.4695715010166168,0.128906711935997
28,1,32,19,0.45522329211235046,0.06460768729448318
28,1,32,20,0.5127223134040833,0.04596956819295883
28,1,32,21,0.3824325203895569,0.13080991804599762
28,1,32,22,0.42990580201148987,0.0510922446846962
28,1,32,23,0.6708224415779114,0.10840600728988647
28,1,32,24,0.45488521456718445,0.09494391828775406
28,1,32,25,0.5606661438941956,0.06761105358600616
28,1,32,26,0.5002672672271729,0.04079192131757736
28,1,32,27,0.37635061144828796,0.04497651010751724
28,1,32,28,0.5756708383560181,0.11644389480352402
28,1,32,29,0.5360277891159058,0.04338732734322548
28,1,32,30,0.4103286862373352,0.04046650230884552
28,1,32,31,0.3556172251701355,0.09831377863883972
28,2,64,0,0.4848991632461548,0.06945700198411942
28,2,64,1,0.512229323387146,0.20085959136486053
28,2,64,2,0.5248944759368896,0.1193765178322792
28,2,64,3,0.4674564599990845,0.05786687508225441
28,2,64,4,0.5379058122634888,0.08264920115470886
28,2,64,5,0.518133282661438,0.08934754878282547
28,2,64,6,0.41974228620529175,0.1928243786096573
28,2,64,7,0.6546813249588013,0.0764283537864685
28,2,64,8,0.5341081023216248,0.20636695623397827
28,2,64,9,0.5081879496574402,0.2826714813709259
28,2,64,10,0.4673559069633484,0.11310426145792007
28,2,64,11,0.4651740491390228,0.09346074610948563
28,2,64,12,0.49812081456184387,0.1614091545343399
28,2,64,13,0.293162077665329,0.11618511378765106
28,2,64,14,0.5815019011497498,0.06668353080749512
28,2,64,15,0.5121002793312073,0.10554040223360062
28,2,64,16,0.5049095749855042,0.1377948671579361
28,2,64,17,0.5676378011703491,0.09397103637456894
28,2,64,18,0.470138281583786,0.1630866825580597
28,2,64,19,0.605200469493866,0.14309534430503845
28,2,64,20,0.5943886041641235,0.10576453059911728
28,2,64,21,0.6067829132080078,0.08820364624261856
28,2,64,22,0.3709869682788849,0.13732588291168213
28,2,64,23,0.5795712471008301,0.22645725309848785
28,2,64,24,0.4935269057750702,0.19589611887931824
28,2,64,25,0.4372809827327728,0.1789037585258484
28,2,64,26,0.40705326199531555,0.0758470892906189
28,2,64,27,0.5118142366409302,0.05052293837070465
28,2,64,28,0.4586744010448456,0.1055610179901123
28,2,64,29,0.500263512134552,0.13076083362102509
28,2,64,30,0.5245088338851929,0.04430815577507019
28,2,64,31,0.34718504548072815,0.09453093260526657
28,2,64,32,0.5169355273246765,0.034613221883773804
28,2,64,33,0.5352420806884766,0.19953608512878418
28,2,64,34,0.40353965759277344,0.12606112658977509
28,2,64,35,0.4005305767059326,0.15895776450634003
28,2,64,36,0.4758508801460266,0.052635401487350464
28,2,64,37,0.4478375315666199,0.05344218760728836
28,2,64,38,0.4703492224216461,0.21197764575481415
28,2,64,39,0.3941955268383026,0.1688774675130844
28,2,64,40,0.5881195664405823,0.1478666216135025
28,2,64,41,0.5051406621932983,0.11140388995409012
28,2,64,42,0.32723939418792725,0.08994065970182419
28,2,64,43,0.5497313737869263,0.09913963079452515
28,2,64,44,0.3005088269710541,0.11745776236057281
28,2,64,45,0.42213138937950134,0.15351219475269318
28,2,64,46,0.5724747776985168,0.05011601373553276
28,2,64,47,0.40014129877090454,0.053912293165922165
28,2,64,48,0.4326949715614319,0.06829114258289337
28,2,64,49,0.4480072557926178,0.09919572621583939
28,2,64,50,0.5120932459831238,0.12499471008777618
28,2,64,51,0.48487409949302673,0.1305702030658722
28,2,64,52,0.5742138028144836,0.26699569821357727
28,2,64,53,0.631691575050354,0.2126554697751999
28,2,64,54,0.4237227439880371,0.13421565294265747
28,2,64,55,0.4829981029033661,0.10482943803071976
28,2,64,56,0.3227580189704895,0.08425667136907578
28,2,64,57,0.4097304046154022,0.1815568506717682
28,2,64,58,0.609754741191864,0.10755080729722977
28,2,64,59,0.6658737659454346,0.12889233231544495
28,2,64,60,0.5522644519805908,0.14973485469818115
28,2,64,61,0.45105546712875366,0.0747111365199089
28,2,64,62,0.4902574419975281,0.09068091213703156
28,2,64,63,0.3579835593700409,0.0995391309261322
28,3,64,0,0.5896224975585938,0.12668398022651672
28,3,64,1,0.5725431442260742,0.09071732312440872
28,3,64,2,0.5480637550354004,0.10753847658634186
28,3,64,3,0.5541692972183228,0.09832318872213364
28,3,64,4,0.37829145789146423,0.06862568855285645
28,3,64,5,0.5841840505599976,0.08755291998386383
28,3,64,6,0.6397290825843811,0.06831775605678558
28,3,64,7,0.5499581098556519,0.1405092477798462
28,3,64,8,0.5841829180717468,0.14590534567832947
28,3,64,9,0.518067479133606,0.13070148229599
28,3,64,10,0.44746264815330505,0.057366687804460526
28,3,64,11,0.5680292844772339,0.09547851979732513
28,3,64,12,0.4917149245738983,0.09230098873376846
28,3,64,13,0.4462476968765259,0.07909540086984634
28,3,64,14,0.43184858560562134,0.0863976925611496
28,3,64,15,0.32628220319747925,0.06930132210254669
28,3,64,16,0.600681722164154,0.11401314288377762
28,3,64,17,0.5010084509849548,0.18832023441791534
28,3,64,18,0.41676464676856995,0.09753704816102982
28,3,64,19,0.5430384278297424,0.18019571900367737
28,3,64,20,0.5102986693382263,0.048554323613643646
28,3,64,21,0.5417070984840393,0.10061964392662048
28,3,64,22,0.3953184187412262,0.04994969069957733
28,3,64,23,0.4686015844345093,0.04441516846418381
28,3,64,24,0.45421579480171204,0.0641976147890091
28,3,64,25,0.4586402177810669,0.14493025839328766
28,3,64,26,0.41789010167121887,0.0616900809109211
28,3,64,27,0.4073493182659149,0.0688694417476654
28,3,64,28,0.5565858483314514,0.08324973285198212
28,3,64,29,0.5396734476089478,0.08784196525812149
28,3,64,30,0.40390655398368835,0.06210308149456978
28,3,64,31,0.6659131646156311,0.09302517026662827
28,3,64,32,0.5820016264915466,0.10395193845033646
28,3,64,33,0.6276525259017944,0.06765442341566086
28,3,64,34,0.5076786875724792,0.05853049457073212
28,3,64,35,0.5008977651596069,0.09805534034967422
28,3,64,36,0.5362173318862915,0.08500011265277863
28,3,64,37,0.5511662364006042,0.1162586361169815
28,3,64,38,0.6011303067207336,0.13173265755176544
28,3,64,39,0.4997609555721283,0.12752147018909454
28,3,64,40,0.4827861785888672,0.0925968810915947
28,3,64,41,0.428692102432251,0.13536040484905243
28,3,64,42,0.5312355756759644,0.08279865235090256
28,3,64,43,0.36929482221603394,0.11287876218557358
28,3,64,44,0.45884618163108826,0.06220727413892746
28,3,64,45,0.39221444725990295,0.13570930063724518
28,3,64,46,0.4700484871864319,0.06687504798173904
28,3,64,47,0.5453330278396606,0.08643431216478348
28,3,64,48,0.5568286776542664,0.074701689183712
28,3,64,49,0.5681516528129578,0.12845785915851593
28,3,64,50,0.6065589785575867,0.06589771062135696
28,3,64,51,0.424780935049057,0.1431088149547577
28,3,64,52,0.4524987041950226,0.13399073481559753
28,3,64,53,0.619488537311554,0.15909673273563385
28,3,64,54,0.45226797461509705,0.13766905665397644
28,3,64,55,0.5487217307090759,0.12531118094921112
28,3,64,56,0.46224814653396606,0.11524438112974167
28,3,64,57,0.44336193799972534,0.12486285716295242
28,3,64,58,0.7123895287513733,0.0997183546423912
28,3,64,59,0.5278484225273132,0.10561304539442062
28,3,64,60,0.5258929133415222,0.0837254524230957
28,3,64,61,0.5528386235237122,0.09434302896261215
28,3,64,62,0.49233338236808777,0.11268752068281174
28,3,64,63,0.45195722579956055,0.09147047251462936
28,4,128,0,0.6778875589370728,0.3101806640625
28,4,128,1,0.5414736270904541,0.21468834578990936
28,4,128,2,0.6045544147491455,0.07377946376800537
28,4,128,3,0.6235685348510742,0.09667713195085526
28,4,128,4,0.6786918640136719,0.07246889919042587
28,4,128,5,0.7114452719688416,0.11367960274219513
28,4,128,6,0.6575513482093811,0.28782227635383606
28,4,128,7,0.5538813471794128,0.11020927876234055
28,4,128,8,0.5429818034172058,0.2207900732755661
28,4,128,9,0.6878806948661804,0.25384286046028137
28,4,128,10,0.5960394740104675,0.19756847620010376
28,4,128,11,0.7968022227287292,0.13367584347724915
28,4,128,12,0.7852720618247986,0.13332787156105042
28,4,128,13,0.6973509192466736,0.09332752972841263
28,4,128,14,0.6687652468681335,0.0916944369673729
28,4,128,15,0.76227867603302,0.1971297413110733
28,4,128,16,0.2577781081199646,0.08225344121456146
28,4,128,17,0.5283634066581726,0.17022930085659027
28,4,128,18,0.6164827942848206,0.10518373548984528
28,4,128,19,0.6448160409927368,0.2114800214767456
28,4,128,20,0.4501182436943054,0.09009527415037155
28,4,128,21,0.6946074366569519,0.21112953126430511
28,4,128,22,0.2200956493616104,0.08234284818172455
28,4,128,23,0.4551681876182556,0.10577958077192307
28,4,128,24,0.5571632385253906,0.29583027958869934
28,4,128,25,0.5292627215385437,0.1340751200914383
28,4,128,26,0.5315555930137634,0.11663944274187088
28,4,128,27,0.6667299866676331,0.07184860110282898
28,4,128,28,0.7724847197532654,0.09967811405658722
28,4,128,29,0.6212902069091797,0.1032399982213974
28,4,128,30,0.5727463364601135,0.06225639581680298
28,4,128,31,0.42999812960624695,0.1112213060259819
28,4,128,32,0.6692127585411072,0.20989106595516205
28,4,128,33,0.6133699417114258,0.34962794184684753
28,4,128,34,0.46585866808891296,0.1665654480457306
28,4,128,35,0.4957631230354309,0.18703436851501465
28,4,128,36,0.5147353410720825,0.05513598024845123
28,4,128,37,0.34534719586372375,0.09480256587266922
28,4,128,38,0.6971815824508667,0.07024405896663666
28,4,128,39,0.5669538378715515,0.13100045919418335
28,4,128,40,0.41270503401756287,0.13215632736682892
28,4,128,41,0.33233532309532166,0.15577132999897003
28,4,128,42,0.5683925747871399,0.09366808086633682
28,4,128,43,0.6524949669837952,0.06868325918912888
28,4,128,44,0.5878477692604065,0.16279904544353485
28,4,128,45,0.3386089503765106,0.10597051680088043
28,4,128,46,0.5487229228019714,0.1929488480091095
28,4,128,47,0.5516750812530518,0.1549931764602661
28,4,128,48,0.54937744140625,0.10700814425945282
28,4,128,49,0.6764119267463684,0.11564762890338898
28,4,128,50,0.6461759805679321,0.057815469801425934
28,4,128,51,0.6770301461219788,0.31077200174331665
28,4,128,52,0.6298786401748657,0.20228706300258636
28,4,128,53,0.5534321069717407,0.1407386213541031
28,4,128,54,0.3870343863964081,0.25224995613098145
28,4,128,55,0.6635721921920776,0.0904451236128807
28,4,128,56,0.39673954248428345,0.1291588395833969
28,4,128,57,0.5432564616203308,0.11246912181377411
28,4,128,58,0.42298105359077454,0.2141743153333664
28,4,128,59,0.6311845183372498,0.31024429202079773
28,4,128,60,0.5788335204124451,0.1345529407262802
28,4,128,61,0.5685526728630066,0.2919505834579468
28,4,128,62,0.615928053855896,0.14849665760993958
28,4,128,63,0.6011801362037659,0.09731855243444443
28,4,128,64,0.4780432879924774,0.2857370972633362
28,4,128,65,0.6222002506256104,0.06105126813054085
28,4,128,66,0.39643117785453796,0.09900368005037308
28,4,128,67,0.561677098274231,0.07902869582176208
28,4,128,68,0.6317470073699951,0.2496192306280136
28,4,128,69,0.38834747672080994,0.21307282149791718
28,4,128,70,0.7046564817428589,0.18690864741802216
28,4,128,71,0.8411062955856323,0.07023364305496216
28,4,128,72,0.42013898491859436,0.23387345671653748
28,4,128,73,0.3230005204677582,0.1137101799249649
28,4,128,74,0.7123612761497498,0.2639668881893158
28,4,128,75,0.46658870577812195,0.15607865154743195
28,4,128,76,0.5116402506828308,0.1059970036149025
28,4,128,77,0.5764105916023254,0.12551593780517578
28,4,128,78,0.36636438965797424,0.06717157363891602
28,4,128,79,0.6451200246810913,0.11254122853279114
28,4,128,80,0.6843114495277405,0.24735024571418762
28,4,128,81,0.5157342553138733,0.155055969953537
28,4,128,82,0.40444105863571167,0.15247975289821625
28,4,128,83,0.667643666267395,0.0772428810596466
28,4,128,84,0.46174660325050354,0.1623934656381607
28,4,128,85,0.8029306530952454,0.07853976637125015
28,4,128,86,0.5531359314918518,0.08718839287757874
28,4,128,87,0.60831218957901,0.16248390078544617
28,4,128,88,0.3638082444667816,0.14736150205135345
28,4,128,89,0.4756503701210022,0.14734035730361938
28,4,128,90,0.7320648431777954,0.1402701735496521
28,4,128,91,0.5646278858184814,0.18449673056602478
28,4,128,92,0.6492676734924316,0.3195337653160095
28,4,128,93,0.6225976347923279,0.14798779785633087
28,4,128,94,0.47507259249687195,0.1525842249393463
28,4,128,95,0.7277596592903137,0.1551617681980133
28,4,128,96,0.7709599137306213,0.0993734821677208
28,4,128,97,0.5469402074813843,0.25989651679992676
28,4,128,98,0.6187233328819275,0.32467129826545715
28,4,128,99,0.6643186807632446,0.07510998100042343
28,4,128,100,0.6015607714653015,0.08822052925825119
28,4,128,101,0.5988852381706238,0.09374664723873138
28,4,128,102,0.7601491212844849,0.11528316140174866
28,4,128,103,0.6943545341491699,0.12851355969905853
28,4,128,104,0.6049975156784058,0.10445188730955124
28,4,128,105,0.7049719095230103,0.0948290005326271
28,4,128,106,0.5642403364181519,0.15554241836071014
28,4,128,107,0.6386317014694214,0.07645981758832932
28,4,128,108,0.4560562074184418,0.24976395070552826
28,4,128,109,0.6553481817245483,0.0945182591676712
28,4,128,110,0.6007726788520813,0.29346683621406555
28,4,128,111,0.5402864217758179,0.18641555309295654
28,4,128,112,0.49936598539352417,0.18582382798194885
28,4,128,113,0.499468594789505,0.06934774667024612
28,4,128,114,0.42253196239471436,0.14822743833065033
28,4,128,115,0.5339094400405884,0.08789961785078049
28,4,128,116,0.590377688407898,0.1474391371011734
28,4,128,117,0.3417448103427887,0.2103295475244522
28,4,128,118,0.559485912322998,0.1297559142112732
28,4,128,119,0.6832044124603271,0.10299058258533478
28,4,128,120,0.6293858885765076,0.08605875074863434
28,4,128,121,0.5755444169044495,0.2392706573009491
28,4,128,122,0.4156440198421478,0.24116010963916779
28,4,128,123,0.6239296793937683,0.09739187359809875
28,4,128,124,0.2844421863555908,0.16922084987163544
28,4,128,125,0.6625404953956604,0.10685506463050842
28,4,128,126,0.6486696004867554,0.10628053545951843
28,4,128,127,0.49010729789733887,0.12409935146570206
28,5,128,0,0.690520167350769,0.27455124258995056
28,5,128,1,0.5801755785942078,0.1604214459657669
28,5,128,2,0.7229096293449402,0.22070379555225372
28,5,128,3,0.5633885264396667,0.3025449514389038
28,5,128,4,0.8007786273956299,0.1401248276233673
28,5,128,5,0.7038869261741638,0.2486688643693924
28,5,128,6,0.6857800483703613,0.2653232216835022
28,5,128,7,0.5605131983757019,0.1117561012506485
28,5,128,8,0.5399477481842041,0.11053328961133957
28,5,128,9,0.7109655141830444,0.21182942390441895
28,5,128,10,0.7188882827758789,0.1278655081987381
28,5,128,11,0.7848420739173889,0.19181835651397705
28,5,128,12,0.7026379108428955,0.20868748426437378
28,5,128,13,0.6241356730461121,0.09298067539930344
28,5,128,14,0.7672603726387024,0.20863258838653564
28,5,128,15,0.7562941908836365,0.2249099761247635
28,5,128,16,0.4423702657222748,0.11793684214353561
28,5,128,17,0.7080116271972656,0.1877850890159607
28,5,128,18,0.7723869681358337,0.1585996001958847
28,5,128,19,0.6722427606582642,0.204265296459198
28,5,128,20,0.7582768797874451,0.20277592539787292
28,5,128,21,0.6818394064903259,0.2625471353530884
28,5,128,22,0.5692956447601318,0.18069109320640564
28,5,128,23,0.7083819508552551,0.074383445084095
28,5,128,24,0.29935577511787415,0.14101764559745789
28,5,128,25,0.6491443514823914,0.3226184546947479
28,5,128,26,0.8334659934043884,0.11963916569948196
28,5,128,27,0.6750127077102661,0.24779680371284485
28,5,128,28,0.7648622393608093,0.1820676624774933
28,5,128,29,0.6637160181999207,0.2676171660423279
28,5,128,30,0.4498710334300995,0.14642013609409332
28,5,128,31,0.6216739416122437,0.0695432648062706
28,5,128,32,0.649139940738678,0.2691757380962372
28,5,128,33,0.39895129203796387,0.047065041959285736
28,5,128,34,0.8086438775062561,0.1511608064174652
28,5,128,35,0.6473264694213867,0.08089341968297958
28,5,128,36,0.3289956748485565,0.19122907519340515
28,5,128,37,0.7418650388717651,0.13501399755477905
28,5,128,38,0.770058274269104,0.17864981293678284
28,5,128,39,0.6334208250045776,0.22654743492603302
28,5,128,40,0.6644566059112549,0.10813839733600616
28,5,128,41,0.673576831817627,0.08474529534578323
28,5,128,42,0.5700955390930176,0.06441700458526611
28,5,128,43,0.7940317392349243,0.15149107575416565
28,5,128,44,0.5717741847038269,0.09430365264415741
28,5,128,45,0.44828665256500244,0.03149239346385002
28,5,128,46,0.6836111545562744,0.14684022963047028
28,5,128,47,0.6747277975082397,0.16525937616825104
28,5,128,48,0.4405841827392578,0.020634567365050316
28,5,128,49,0.6868515014648438,0.29303357005119324
28,5,128,50,0.3576160967350006,0.18613222241401672
28,5,128,51,0.7157809734344482,0.19716091454029083
28,5,128,52,0.23563681542873383,0.09090723842382431
28,5,128,53,0.61341792345047,0.034538764506578445
28,5,128,54,0.4510301947593689,0.11731380969285965
28,5,128,55,0.756916880607605,0.13607129454612732
28,5,128,56,0.41404223442077637,0.08446163684129715
28,5,128,57,0.41531747579574585,0.12799355387687683
28,5,128,58,0.7202178239822388,0.24005691707134247
28,5,128,59,0.6673682332038879,0.18808797001838684
28,5,128,60,0.6016325354576111,0.07864265143871307
28,5,128,61,0.6844272613525391,0.14156487584114075
28,5,128,62,0.34481173753738403,0.17626942694187164
28,5,128,63,0.4609711468219757,0.2037871927022934
28,5,128,64,0.471469908952713,0.08111249655485153
28,5,128,65,0.7907100915908813,0.19807635247707367
28,5,128,66,0.43033093214035034,0.08111125230789185
28,5,128,67,0.8099272847175598,0.17510630190372467
28,5,128,68,0.748364269733429,0.20092537999153137
28,5,128,69,0.408300518989563,0.2094218134880066
28,5,128,70,0.7920122146606445,0.13083159923553467
28,5,128,71,0.7993444204330444,0.17678017914295197
28,5,128,72,0.7901826500892639,0.1646447479724884
28,5,128,73,0.519950807094574,0.10505874454975128
28,5,128,74,0.7274768948554993,0.2552844285964966
28,5,128,75,0.8453953266143799,0.08814100176095963
28,5,128,76,0.6328105330467224,0.19319148361682892
28,5,128,77,0.6139495968818665,0.0546693429350853
28,5,128,78,0.6534759402275085,0.32285505533218384
28,5,128,79,0.7361614108085632,0.10663925856351852
28,5,128,80,0.689225971698761,0.2753158509731293
28,5,128,81,0.5111314058303833,0.10931674391031265
28,5,128,82,0.7111232876777649,0.07016950100660324
28,5,128,83,0.4659489691257477,0.10808026045560837
28,5,128,84,0.6023695468902588,0.07678361237049103
28,5,128,85,0.6017088890075684,0.06581645458936691
28,5,128,86,0.6013277769088745,0.30604052543640137
28,5,128,87,0.6686981320381165,0.21359942853450775
28,5,128,88,0.5821788907051086,0.18220604956150055
28,5,128,89,0.7049852013587952,0.2551209628582001
28,5,128,90,0.8216662406921387,0.14301958680152893
28,5,128,91,0.7553012371063232,0.21809738874435425
28,5,128,92,0.7516491413116455,0.19416816532611847
28,5,128,93,0.7475050687789917,0.2401171177625656
28,5,128,94,0.6093809604644775,0.0853722095489502
28,5,128,95,0.687344491481781,0.24618174135684967
28,5,128,96,0.6643862128257751,0.32116860151290894
28,5,128,97,0.8006959557533264,0.11579876393079758
28,5,128,98,0.6725051403045654,0.34052473306655884
28,5,128,99,0.659923255443573,0.2517513930797577
28,5,128,100,0.3453580439090729,0.07064919173717499
28,5,128,101,0.5038626790046692,0.057921797037124634
28,5,128,102,0.6970899701118469,0.2327633798122406
28,5,128,103,0.8086097240447998,0.11601396650075912
28,5,128,104,0.47732120752334595,0.12696123123168945
28,5,128,105,0.6920538544654846,0.17488285899162292
28,5,128,106,0.7583348155021667,0.1516360491514206
28,5,128,107,0.5168948769569397,0.19883985817432404
28,5,128,108,0.6521367430686951,0.24922576546669006
28,5,128,109,0.2125549465417862,0.15941426157951355
28,5,128,110,0.7542093396186829,0.19636158645153046
28,5,128,111,0.7331691384315491,0.10070299357175827
28,5,128,112,0.29652324318885803,0.07755345106124878
28,5,128,113,0.5936930775642395,0.20964980125427246
28,5,128,114,0.6353516578674316,0.07122074067592621
28,5,128,115,0.6208621859550476,0.15056732296943665
28,5,128,116,0.34829002618789673,0.13850495219230652
28,5,128,117,0.6859581470489502,0.24928374588489532
28,5,128,118,0.48348233103752136,0.09172669053077698
28,5,128,119,0.3169775605201721,0.268286794424057
28,5,128,120,0.524778425693512,0.20328544080257416
28,5,128,121,0.548289954662323,0.30596423149108887
28,5,128,122,0.40594056248664856,0.21119217574596405
28,5,128,123,0.7139654755592346,0.13076850771903992
28,5,128,124,0.4756941497325897,0.17949247360229492
28,5,128,125,0.804179310798645,0.13120701909065247
28,5,128,126,0.8036176562309265,0.17534400522708893
28,5,128,127,0.29464757442474365,0.08540968596935272
29,0,32,0,0.6103261709213257,0.07943703979253769
29,0,32,1,0.6089566946029663,0.04497523605823517
29,0,32,2,0.5980318188667297,0.03623347356915474
29,0,32,3,0.5181695222854614,0.034973982721567154
29,0,32,4,0.6388583183288574,0.08737797290086746
29,0,32,5,0.42480164766311646,0.03363528102636337
29,0,32,6,0.39460626244544983,0.071092888712883
29,0,32,7,0.47206664085388184,0.14688190817832947
29,0,32,8,0.5841265916824341,0.13429808616638184
29,0,32,9,0.5192417502403259,0.08978506177663803
29,0,32,10,0.5483921766281128,0.10162756592035294
29,0,32,11,0.4420150816440582,0.1223628968000412
29,0,32,12,0.43747955560684204,0.12796689569950104
29,0,32,13,0.4694957733154297,0.09681897610425949
29,0,32,14,0.46964117884635925,0.08489856868982315
29,0,32,15,0.4733409881591797,0.1396169662475586
29,0,32,16,0.5921960473060608,0.03352823853492737
29,0,32,17,0.4640998840332031,0.09640920162200928
29,0,32,18,0.4969952702522278,0.03888772428035736
29,0,32,19,0.40496188402175903,0.052744507789611816
29,0,32,20,0.5176681280136108,0.0894230380654335
29,0,32,21,0.4281909763813019,0.13480405509471893
29,0,32,22,0.5641739964485168,0.12509474158287048
29,0,32,23,0.47895652055740356,0.0943850725889206
29,0,32,24,0.5358322262763977,0.10642559826374054
29,0,32,25,0.4731576442718506,0.03711315244436264
29,0,32,26,0.6227144598960876,0.0844951719045639
29,0,32,27,0.4340737760066986,0.08592483401298523
29,0,32,28,0.4437992572784424,0.132524773478508
29,0,32,29,0.36407509446144104,0.04416418820619583
29,0,32,30,0.6175752282142639,0.123238205909729
29,0,32,31,0.40552276372909546,0.036656126379966736
29,1,32,0,0.5283830761909485,0.039558686316013336
29,1,32,1,0.38674432039260864,0.05045408383011818
29,1,32,2,0.48399704694747925,0.07853582501411438
29,1,32,3,0.40434911847114563,0.07143934816122055
29,1,32,4,0.45767393708229065,0.1160358414053917
29,1,32,5,0.4748096466064453,0.05217568948864937
29,1,32,6,0.40681901574134827,0.04814011976122856
29,1,32,7,0.5621476769447327,0.14142028987407684
29,1,32,8,0.40371015667915344,0.053290702402591705
29,1,32,9,0.40345457196235657,0.02493789792060852
29,1,32,10,0.6280241012573242,0.06413207948207855
29,1,32,11,0.5708529949188232,0.08756250143051147
29,1,32,12,0.38901287317276,0.08874117583036423
29,1,32,13,0.38830649852752686,0.11038916558027267
29,1,32,14,0.5328176617622375,0.062336839735507965
29,1,32,15,0.39273887872695923,0.11590456962585449
29,1,32,16,0.33577537536621094,0.04379945248365402
29,1,32,17,0.5672441720962524,0.05974216386675835
29,1,32,18,0.6721465587615967,0.08456582576036453
29,1,32,19,0.45522135496139526,0.06261038780212402
29,1,32,20,0.5264366865158081,0.1062433198094368
29,1,32,21,0.4214319884777069,0.09484019130468369
29,1,32,22,0.4755779802799225,0.03219486027956009
29,1,32,23,0.5546525716781616,0.0647306740283966
29,1,32,24,0.5008846521377563,0.039473891258239746
29,1,32,25,0.48450711369514465,0.044774338603019714
29,1,32,26,0.3893161118030548,0.05712951719760895
29,1,32,27,0.47639769315719604,0.02849469520151615
29,1,32,28,0.3999950587749481,0.1060442328453064
29,1,32,29,0.6225957274436951,0.07858563959598541
29,1,32,30,0.6117013692855835,0.017796872183680534
29,1,32,31,0.521555483341217,0.09663688391447067
29,2,64,0,0.5576543807983398,0.10473872721195221
29,2,64,1,0.40212947130203247,0.1308027058839798
29,2,64,2,0.5559037923812866,0.12645499408245087
29,2,64,3,0.48491761088371277,0.18105448782444
29,2,64,4,0.6757319569587708,0.07008706778287888
29,2,64,5,0.6207679510116577,0.11268147081136703
29,2,64,6,0.48013031482696533,0.08672540634870529
29,2,64,7,0.4431668519973755,0.15095148980617523
29,2,64,8,0.3602291941642761,0.1227259710431099
29,2,64,9,0.40959432721138,0.07787611335515976
29,2,64,10,0.5930266380310059,0.13997121155261993
29,2,64,11,0.5205286145210266,0.2067849040031433
29,2,64,12,0.5381113886833191,0.14363496005535126
29,2,64,13,0.4918472468852997,0.13185715675354004
29,2,64,14,0.4125974476337433,0.06316160410642624
29,2,64,15,0.5650839805603027,0.16633367538452148
29,2,64,16,0.48305246233940125,0.07599902898073196
29,2,64,17,0.5306564569473267,0.16432930529117584
29,2,64,18,0.6056995391845703,0.11786498129367828
29,2,64,19,0.5098804235458374,0.09326321631669998
29,2,64,20,0.29848533868789673,0.1145545169711113
29,2,64,21,0.5498042702674866,0.15308304131031036
29,2,64,22,0.5086671113967896,0.08760789781808853
29,2,64,23,0.5255194902420044,0.1443970948457718
29,2,64,24,0.41371557116508484,0.10492752492427826
29,2,64,25,0.4817470610141754,0.057074375450611115
29,2,64,26,0.3865797221660614,0.13968193531036377
29,2,64,27,0.5622143149375916,0.06755945831537247
29,2,64,28,0.47125044465065,0.18213315308094025
29,2,64,29,0.37055033445358276,0.13249309360980988
29,2,64,30,0.4999050498008728,0.17271028459072113
29,2,64,31,0.584844172000885,0.1053626537322998
29,2,64,32,0.40298908948898315,0.07517551630735397
29,2,64,33,0.6531124711036682,0.10854659229516983
29,2,64,34,0.476123571395874,0.14020510017871857
29,2,64,35,0.5015014410018921,0.14367130398750305
29,2,64,36,0.49870237708091736,0.12531064450740814
29,2,64,37,0.5421114563941956,0.17609012126922607
29,2,64,38,0.40489470958709717,0.09591832756996155
29,2,64,39,0.5588884949684143,0.18082785606384277
29,2,64,40,0.3826676309108734,0.13533884286880493
29,2,64,41,0.5533559918403625,0.12142189592123032
29,2,64,42,0.38487881422042847,0.15678127110004425
29,2,64,43,0.43977898359298706,0.08612379431724548
29,2,64,44,0.4967728555202484,0.1859387904405594
29,2,64,45,0.3982689082622528,0.12436114996671677
29,2,64,46,0.5131139159202576,0.10354720056056976
29,2,64,47,0.4140833020210266,0.13462719321250916
29,2,64,48,0.498772531747818,0.15557408332824707
29,2,64,49,0.44144776463508606,0.13858427107334137
29,2,64,50,0.4113280177116394,0.08758822828531265
29,2,64,51,0.6225757002830505,0.14369766414165497
29,2,64,52,0.47867563366889954,0.11050667613744736
29,2,64,53,0.54022616147995,0.11880966275930405
29,2,64,54,0.430738627910614,0.11064580082893372
29,2,64,55,0.4018511176109314,0.1318976879119873
29,2,64,56,0.5567739009857178,0.1195223331451416
29,2,64,57,0.591702401638031,0.13549965620040894
29,2,64,58,0.32462382316589355,0.0751761719584465
29,2,64,59,0.3859444856643677,0.13292424380779266
29,2,64,60,0.4700925946235657,0.13449077308177948
29,2,64,61,0.47181302309036255,0.17789258062839508
29,2,64,62,0.39554402232170105,0.20392851531505585
29,2,64,63,0.5131960511207581,0.05701868236064911
29,3,64,0,0.6203806400299072,0.12028506398200989
29,3,64,1,0.46482691168785095,0.07478660345077515
29,3,64,2,0.3741980791091919,0.15171003341674805
29,3,64,3,0.5748623013496399,0.04350797459483147
29,3,64,4,0.446241557598114,0.17923155426979065
29,3,64,5,0.6107944846153259,0.0902002602815628
29,3,64,6,0.4524575173854828,0.10435924679040909
29,3,64,7,0.41870689392089844,0.08172860741615295
29,3,64,8,0.4307561218738556,0.13077566027641296
29,3,64,9,0.46275681257247925,0.07907130569219589
29,3,64,10,0.6092609167098999,0.13253165781497955
29,3,64,11,0.4749200642108917,0.10716736316680908
29,3,64,12,0.3332621455192566,0.08607771247625351
29,3,64,13,0.5456965565681458,0.09664656966924667
29,3,64,14,0.3522433340549469,0.08512554317712784
29,3,64,15,0.5343438982963562,0.08865449577569962
29,3,64,16,0.5695189833641052,0.06675028055906296
29,3,64,17,0.48875129222869873,0.05737699940800667
29,3,64,18,0.5496276617050171,0.10005337744951248
29,3,64,19,0.5923307538032532,0.06447777897119522
29,3,64,20,0.4662206470966339,0.042131826281547546
29,3,64,21,0.5393715500831604,0.0534844733774662
29,3,64,22,0.4749123156070709,0.10206060856580734
29,3,64,23,0.4942993223667145,0.052503474056720734
29,3,64,24,0.554187536239624,0.04773174971342087
29,3,64,25,0.41523951292037964,0.05866704136133194
29,3,64,26,0.5471830368041992,0.07580187916755676
29,3,64,27,0.4825035631656647,0.09877484291791916
29,3,64,28,0.49291154742240906,0.1465701460838318
29,3,64,29,0.6380053162574768,0.1082005500793457
29,3,64,30,0.6139220595359802,0.06818005442619324
29,3,64,31,0.631176769733429,0.09124366194009781
29,3,64,32,0.4460218548774719,0.11450758576393127
29,3,64,33,0.46297818422317505,0.0512302964925766
29,3,64,34,0.5480607151985168,0.07221329212188721
29,3,64,35,0.646772027015686,0.05918491631746292
29,3,64,36,0.5661603808403015,0.10963892936706543
29,3,64,37,0.4796387255191803,0.05921138823032379
29,3,64,38,0.5898650884628296,0.08096756041049957
29,3,64,39,0.35566848516464233,0.14193902909755707
29,3,64,40,0.5411485433578491,0.08768589794635773
29,3,64,41,0.3988736569881439,0.11679565906524658
29,3,64,42,0.4182237982749939,0.09050688147544861
29,3,64,43,0.463714599609375,0.09387516230344772
29,3,64,44,0.5774235129356384,0.09200446307659149
29,3,64,45,0.5536201596260071,0.1456138640642166
29,3,64,46,0.5120911598205566,0.054319072514772415
29,3,64,47,0.41601067781448364,0.10123599320650101
29,3,64,48,0.3275637924671173,0.11435702443122864
29,3,64,49,0.6112027168273926,0.06878367066383362
29,3,64,50,0.4195106327533722,0.11831028759479523
29,3,64,51,0.5735868215560913,0.0529906265437603
29,3,64,52,0.39432263374328613,0.10193123668432236
29,3,64,53,0.6066753268241882,0.07229042798280716
29,3,64,54,0.4206692576408386,0.1414240300655365
29,3,64,55,0.5712310671806335,0.0742335170507431
29,3,64,56,0.7267702221870422,0.11040595173835754
29,3,64,57,0.4805021286010742,0.06194189935922623
29,3,64,58,0.42924511432647705,0.05588676780462265
29,3,64,59,0.4096384346485138,0.06972317397594452
29,3,64,60,0.5275624394416809,0.06802527606487274
29,3,64,61,0.4658803939819336,0.07953520864248276
29,3,64,62,0.45785099267959595,0.03568364679813385
29,3,64,63,0.3973367512226105,0.1013525053858757
29,4,128,0,0.3940480351448059,0.17761623859405518
29,4,128,1,0.392348051071167,0.16657330095767975
29,4,128,2,0.681815505027771,0.21398094296455383
29,4,128,3,0.715900182723999,0.20530420541763306
29,4,128,4,0.5747112035751343,0.12989510595798492
29,4,128,5,0.512196958065033,0.10497798025608063
29,4,128,6,0.7559276819229126,0.2189299762248993
29,4,128,7,0.6122138500213623,0.10842988640069962
29,4,128,8,0.6207389235496521,0.17154189944267273
29,4,128,9,0.710630476474762,0.22679020464420319
29,4,128,10,0.6629891395568848,0.16147033870220184
29,4,128,11,0.4689810276031494,0.12455477565526962
29,4,128,12,0.6826909184455872,0.13733169436454773
29,4,128,13,0.5001926422119141,0.1912420690059662
29,4,128,14,0.6339080929756165,0.14489060640335083
29,4,128,15,0.3816935420036316,0.07289545983076096
29,4,128,16,0.37194234132766724,0.19708913564682007
29,4,128,17,0.4871014356613159,0.13435086607933044
29,4,128,18,0.27469602227211,0.08057515323162079
29,4,128,19,0.3860531747341156,0.14146417379379272
29,4,128,20,0.7604957818984985,0.13943901658058167
29,4,128,21,0.6728359460830688,0.25332915782928467
29,4,128,22,0.478198379278183,0.05843585729598999
29,4,128,23,0.5505818724632263,0.07507873326539993
29,4,128,24,0.616206705570221,0.2085370123386383
29,4,128,25,0.717656672000885,0.1202479675412178
29,4,128,26,0.41258352994918823,0.1029176414012909
29,4,128,27,0.523637592792511,0.13536955416202545
29,4,128,28,0.414285272359848,0.26565247774124146
29,4,128,29,0.6992541551589966,0.18305417895317078
29,4,128,30,0.27446621656417847,0.13383395969867706
29,4,128,31,0.717633843421936,0.19490095973014832
29,4,128,32,0.3224583864212036,0.28657063841819763
29,4,128,33,0.6814395189285278,0.2101067751646042
29,4,128,34,0.2398543804883957,0.14575925469398499
29,4,128,35,0.22977733612060547,0.14152219891548157
29,4,128,36,0.4708195924758911,0.14213021099567413
29,4,128,37,0.5690904855728149,0.1560152918100357
29,4,128,38,0.6637110710144043,0.09498194605112076
29,4,128,39,0.5624622702598572,0.21362978219985962
29,4,128,40,0.3115359842777252,0.19563135504722595
29,4,128,41,0.6746565103530884,0.2956303358078003
29,4,128,42,0.659930944442749,0.1343485563993454
29,4,128,43,0.7898306846618652,0.09904269129037857
29,4,128,44,0.4114231765270233,0.186258465051651
29,4,128,45,0.3129690885543823,0.2469450682401657
29,4,128,46,0.5915349721908569,0.21958491206169128
29,4,128,47,0.4379465579986572,0.17105142772197723
29,4,128,48,0.34816235303878784,0.10442410409450531
29,4,128,49,0.5794581770896912,0.13895639777183533
29,4,128,50,0.6497140526771545,0.21679019927978516
29,4,128,51,0.597248911857605,0.12514472007751465
29,4,128,52,0.4444402754306793,0.15846863389015198
29,4,128,53,0.7298176884651184,0.23778481781482697
29,4,128,54,0.37782689929008484,0.09105832874774933
29,4,128,55,0.6275731921195984,0.21492232382297516
29,4,128,56,0.7402671575546265,0.32679811120033264
29,4,128,57,0.6664445400238037,0.2046951800584793
29,4,128,58,0.6936526298522949,0.2647643983364105
29,4,128,59,0.4407180845737457,0.10554572939872742
29,4,128,60,0.567966639995575,0.13369666039943695
29,4,128,61,0.6751643419265747,0.10049400478601456
29,4,128,62,0.5322613716125488,0.08862301707267761
29,4,128,63,0.648958146572113,0.15945333242416382
29,4,128,64,0.5315110683441162,0.13953028619289398
29,4,128,65,0.7359116673469543,0.24482207000255585
29,4,128,66,0.7038582563400269,0.15930235385894775
29,4,128,67,0.6889101266860962,0.24317944049835205
29,4,128,68,0.6907386779785156,0.23676832020282745
29,4,128,69,0.6649369597434998,0.2546391189098358
29,4,128,70,0.7311573624610901,0.17488911747932434
29,4,128,71,0.6788071393966675,0.2783825695514679
29,4,128,72,0.6215491890907288,0.26597079634666443
29,4,128,73,0.7131784558296204,0.09049040079116821
29,4,128,74,0.2513262629508972,0.13836413621902466
29,4,128,75,0.7496024370193481,0.1817915141582489
29,4,128,76,0.3302370011806488,0.1842477023601532
29,4,128,77,0.4855118691921234,0.1613210141658783
29,4,128,78,0.6715935468673706,0.19606606662273407
29,4,128,79,0.7327577471733093,0.09308982640504837
29,4,128,80,0.733128011226654,0.25445491075515747
29,4,128,81,0.6943830251693726,0.2918296456336975
29,4,128,82,0.5717889070510864,0.07926725596189499
29,4,128,83,0.6761747002601624,0.10465144366025925
29,4,128,84,0.7888810634613037,0.1552659422159195
29,4,128,85,0.4470595419406891,0.10619062930345535
29,4,128,86,0.25050458312034607,0.238581120967865
29,4,128,87,0.45611274242401123,0.11522001028060913
29,4,128,88,0.5700528621673584,0.08475600183010101
29,4,128,89,0.6833379864692688,0.3022741675376892
29,4,128,90,0.5543578863143921,0.13240569829940796
29,4,128,91,0.40829306840896606,0.06948769837617874
29,4,128,92,0.7246655821800232,0.25903916358947754
29,4,128,93,0.2740170359611511,0.17330820858478546
29,4,128,94,0.3021683394908905,0.14357006549835205
29,4,128,95,0.3887048065662384,0.15264801681041718
29,4,128,96,0.24535861611366272,0.16653072834014893
29,4,128,97,0.5097002983093262,0.09108446538448334
29,4,128,98,0.7735690474510193,0.13161908090114594
29,4,128,99,0.32934144139289856,0.2412535399198532
29,4,128,100,0.43252983689308167,0.2496618628501892
29,4,128,101,0.3897736668586731,0.14252352714538574
29,4,128,102,0.6331568956375122,0.19904565811157227
29,4,128,103,0.6923327445983887,0.26333871483802795
29,4,128,104,0.7382460236549377,0.18794353306293488
29,4,128,105,0.7175784707069397,0.18957647681236267
29,4,128,106,0.6841338872909546,0.1521715223789215
29,4,128,107,0.7420907020568848,0.1691480576992035
29,4,128,108,0.8380390405654907,0.14522188901901245
29,4,128,109,0.16599708795547485,0.13318192958831787
29,4,128,110,0.7964678406715393,0.12811453640460968
29,4,128,111,0.7254509329795837,0.1834331452846527
29,4,128,112,0.541178822517395,0.05665251612663269
29,4,128,113,0.6001957058906555,0.1949855089187622
29,4,128,114,0.3910891115665436,0.12404025346040726
29,4,128,115,0.4694937765598297,0.13771553337574005
29,4,128,116,0.6992615461349487,0.18817274272441864
29,4,128,117,0.7299298644065857,0.20445741713047028
29,4,128,118,0.7785617709159851,0.1382928490638733
29,4,128,119,0.6700494885444641,0.07026925683021545
29,4,128,120,0.6084080934524536,0.29054802656173706
29,4,128,121,0.5305524468421936,0.1988825649023056
29,4,128,122,0.6741758584976196,0.3182455599308014
29,4,128,123,0.6067172884941101,0.2091854214668274
29,4,128,124,0.6340590119361877,0.13098233938217163
29,4,128,125,0.635550320148468,0.13035592436790466
29,4,128,126,0.6233283877372742,0.14122353494167328
29,4,128,127,0.6688899993896484,0.07625064253807068
29,5,128,0,0.7313459515571594,0.1609262079000473
29,5,128,1,0.6858229041099548,0.2981052100658417
29,5,128,2,0.7205871343612671,0.24375317990779877
29,5,128,3,0.7190548181533813,0.25535136461257935
29,5,128,4,0.6701136231422424,0.24655582010746002
29,5,128,5,0.7169890403747559,0.2814091742038727
29,5,128,6,0.3197908401489258,0.1888442486524582
29,5,128,7,0.6475634574890137,0.26064333319664
29,5,128,8,0.7504357099533081,0.1975899040699005
29,5,128,9,0.6693848371505737,0.3028390109539032
29,5,128,10,0.7278957962989807,0.2643800377845764
29,5,128,11,0.7596598267555237,0.10512510687112808
29,5,128,12,0.6499193906784058,0.2325245887041092
29,5,128,13,0.7007884383201599,0.2208632081747055
29,5,128,14,0.7724622488021851,0.16891710460186005
29,5,128,15,0.5844164490699768,0.24086709320545197
29,5,128,16,0.6792129874229431,0.18000565469264984
29,5,128,17,0.34646984934806824,0.17692607641220093
29,5,128,18,0.6137233376502991,0.27408280968666077
29,5,128,19,0.7124508023262024,0.24656879901885986
29,5,128,20,0.7822350859642029,0.19803613424301147
29,5,128,21,0.24080482125282288,0.21594883501529694
29,5,128,22,0.6289372444152832,0.12644131481647491
29,5,128,23,0.5085299611091614,0.13811911642551422
29,5,128,24,0.6067138910293579,0.25533390045166016
29,5,128,25,0.8592628836631775,0.1409156173467636
29,5,128,26,0.48453226685523987,0.16313515603542328
29,5,128,27,0.33700230717658997,0.12630286812782288
29,5,128,28,0.3865032494068146,0.23382334411144257
29,5,128,29,0.6935234665870667,0.2682698965072632
29,5,128,30,0.36280518770217896,0.2699117064476013
29,5,128,31,0.6904831528663635,0.2970450520515442
29,5,128,32,0.6858737468719482,0.24339011311531067
29,5,128,33,0.5815169811248779,0.12124891579151154
29,5,128,34,0.15154021978378296,0.13566280901432037
29,5,128,35,0.674415111541748,0.22961312532424927
29,5,128,36,0.5789896845817566,0.12692442536354065
29,5,128,37,0.6934671998023987,0.2568269670009613
29,5,128,38,0.6501691937446594,0.18440526723861694
29,5,128,39,0.7746824026107788,0.08986630290746689
29,5,128,40,0.7885227799415588,0.2026933878660202
29,5,128,41,0.7026952505111694,0.21678082644939423
29,5,128,42,0.669880747795105,0.29446250200271606
29,5,128,43,0.5674089789390564,0.09073631465435028
29,5,128,44,0.24390025436878204,0.2491089403629303
29,5,128,45,0.36032959818840027,0.046042170375585556
29,5,128,46,0.27313193678855896,0.28182464838027954
29,5,128,47,0.3442918658256531,0.038804326206445694
29,5,128,48,0.685469925403595,0.31156301498413086
29,5,128,49,0.6244907379150391,0.1135677844285965
29,5,128,50,0.6548895835876465,0.2657579779624939
29,5,128,51,0.45931941270828247,0.13634856045246124
29,5,128,52,0.3206588923931122,0.24019668996334076
29,5,128,53,0.8209012746810913,0.13534599542617798
29,5,128,54,0.4093274176120758,0.03610968589782715
29,5,128,55,0.6970959305763245,0.2875736653804779
29,5,128,56,0.748875081539154,0.20040544867515564
29,5,128,57,0.7488101720809937,0.2250078171491623
29,5,128,58,0.6629651784896851,0.29320985078811646
29,5,128,59,0.725773274898529,0.26827260851860046
29,5,128,60,0.7181148529052734,0.3071896731853485
29,5,128,61,0.7124830484390259,0.1572580635547638
29,5,128,62,0.41942131519317627,0.11546934396028519
29,5,128,63,0.6610288023948669,0.26772043108940125
29,5,128,64,0.44167211651802063,0.04637204855680466
29,5,128,65,0.757933497428894,0.13444095849990845
29,5,128,66,0.48488953709602356,0.049438342452049255
29,5,128,67,0.6897180676460266,0.27400529384613037
29,5,128,68,0.7067088484764099,0.2549682855606079
29,5,128,69,0.7270681858062744,0.23980797827243805
29,5,128,70,0.7220717668533325,0.25665605068206787
29,5,128,71,0.7368212342262268,0.25811687111854553
29,5,128,72,0.7726158499717712,0.226613849401474
29,5,128,73,0.6755996942520142,0.2527361512184143
29,5,128,74,0.8372442722320557,0.16435427963733673
29,5,128,75,0.7175541520118713,0.15674687922000885
29,5,128,76,0.7044441103935242,0.29017874598503113
29,5,128,77,0.27055948972702026,0.065669484436512
29,5,128,78,0.7943271398544312,0.18952403962612152
29,5,128,79,0.678318977355957,0.21764394640922546
29,5,128,80,0.673516571521759,0.3146016299724579
29,5,128,81,0.5357388257980347,0.035295646637678146
29,5,128,82,0.558174729347229,0.1365901231765747
29,5,128,83,0.47375479340553284,0.054960403591394424
29,5,128,84,0.6538068652153015,0.09611394256353378
29,5,128,85,0.6406369805335999,0.23478999733924866
29,5,128,86,0.2967141568660736,0.19268809258937836
29,5,128,87,0.7170986533164978,0.28663331270217896
29,5,128,88,0.5465105175971985,0.04077946022152901
29,5,128,89,0.42620792984962463,0.06796663254499435
29,5,128,90,0.7376814484596252,0.24004270136356354
29,5,128,91,0.6535072922706604,0.26483654975891113
29,5,128,92,0.7686527967453003,0.2442627251148224
29,5,128,93,0.30105552077293396,0.24006907641887665
29,5,128,94,0.28268662095069885,0.29804620146751404
29,5,128,95,0.5846686959266663,0.1456347107887268
29,5,128,96,0.5431274175643921,0.05835818126797676
29,5,128,97,0.5724402070045471,0.1902797669172287
29,5,128,98,0.1792859137058258,0.11553701013326645
29,5,128,99,0.2115347534418106,0.1865529716014862
29,5,128,100,0.6692333221435547,0.24575494229793549
29,5,128,101,0.5761417150497437,0.2040518969297409
29,5,128,102,0.7632946372032166,0.19129978120326996
29,5,128,103,0.662514865398407,0.2997480034828186
29,5,128,104,0.25030478835105896,0.14224524796009064
29,5,128,105,0.6964576840400696,0.1796359121799469
29,5,128,106,0.30244699120521545,0.19258080422878265
29,5,128,107,0.6548247337341309,0.3080731928348541
29,5,128,108,0.7074071764945984,0.2423304170370102
29,5,128,109,0.30264073610305786,0.08419213443994522
29,5,128,110,0.7618542313575745,0.209729865193367
29,5,128,111,0.7098621726036072,0.28810012340545654
29,5,128,112,0.7458072900772095,0.11504942178726196
29,5,128,113,0.7286277413368225,0.21468742191791534
29,5,128,114,0.7145153284072876,0.146330326795578
29,5,128,115,0.7760840654373169,0.13012750446796417
29,5,128,116,0.26559382677078247,0.16768807172775269
29,5,128,117,0.6637459397315979,0.22038312256336212
29,5,128,118,0.8258540034294128,0.09020301699638367
29,5,128,119,0.7133250832557678,0.18315932154655457
29,5,128,120,0.648847222328186,0.32260259985923767
29,5,128,121,0.2484065294265747,0.2108638733625412
29,5,128,122,0.7042302489280701,0.2632060647010803
29,5,128,123,0.6874673962593079,0.2303968220949173
29,5,128,124,0.7982454895973206,0.1691827028989792
29,5,128,125,0.24537219107151031,0.23385876417160034
29,5,128,126,0.6245971322059631,0.23091937601566315
29,5,128,127,0.6442844271659851,0.0835103914141655
30,0,32,0,0.6078053116798401,0.030503269284963608
30,0,32,1,0.4005637466907501,0.02991560287773609
30,0,32,2,0.46695151925086975,0.04166516289114952
30,0,32,3,0.4636402130126953,0.010789092630147934
30,0,32,4,0.462209016084671,0.02212296426296234
30,0,32,5,0.40586772561073303,0.0376870259642601
30,0,32,6,0.6120872497558594,0.048111896961927414
30,0,32,7,0.44869813323020935,0.03202115744352341
30,0,32,8,0.5897009372711182,0.03776226565241814
30,0,32,9,0.42343178391456604,0.03816856071352959
30,0,32,10,0.48680436611175537,0.043632879853248596
30,0,32,11,0.41655513644218445,0.03768431395292282
30,0,32,12,0.4727596640586853,0.043541256338357925
30,0,32,13,0.48015642166137695,0.036637794226408005
30,0,32,14,0.4648981988430023,0.039749424904584885
30,0,32,15,0.5939439535140991,0.03185788542032242
30,0,32,16,0.44572705030441284,0.03293438255786896
30,0,32,17,0.43003541231155396,0.02540327049791813
30,0,32,18,0.46583831310272217,0.03794131428003311
30,0,32,19,0.46294480562210083,0.018552405759692192
30,0,32,20,0.5234100818634033,0.04188830778002739
30,0,32,21,0.42548441886901855,0.03841349110007286
30,0,32,22,0.3981549143791199,0.014611990191042423
30,0,32,23,0.6040990352630615,0.027786513790488243
30,0,32,24,0.551283597946167,0.02771553210914135
30,0,32,25,0.49442723393440247,0.03854808956384659
30,0,32,26,0.49395322799682617,0.024600645527243614
30,0,32,27,0.582377552986145,0.012601698748767376
30,0,32,28,0.5366262197494507,0.011536508798599243
30,0,32,29,0.4028056561946869,0.03247172757983208
30,0,32,30,0.4830336272716522,0.026208577677607536
30,0,32,31,0.5528948903083801,0.04701114073395729
30,1,32,0,0.5851056575775146,0.0934586450457573
30,1,32,1,0.45943817496299744,0.021978197619318962
30,1,32,2,0.4915752410888672,0.1139916256070137
30,1,32,3,0.5304267406463623,0.09114675968885422
30,1,32,4,0.3919534981250763,0.05332544073462486
30,1,32,5,0.6083397269248962,0.10192850232124329
30,1,32,6,0.41336730122566223,0.08659105747938156
30,1,32,7,0.3855445086956024,0.08713150769472122
30,1,32,8,0.4632883667945862,0.06390682607889175
30,1,32,9,0.4326787292957306,0.07302849739789963
30,1,32,10,0.468117356300354,0.05202703922986984
30,1,32,11,0.5578687191009521,0.06150886043906212
30,1,32,12,0.519649088382721,0.1254936009645462
30,1,32,13,0.41380006074905396,0.08441177755594254
30,1,32,14,0.40366581082344055,0.03522495552897453
30,1,32,15,0.5307095050811768,0.07594439387321472
30,1,32,16,0.5585430860519409,0.07022396475076675
30,1,32,17,0.3705945312976837,0.05962783098220825
30,1,32,18,0.6051300764083862,0.021854477003216743
30,1,32,19,0.6132540702819824,0.037074070423841476
30,1,32,20,0.5238729119300842,0.1043659895658493
30,1,32,21,0.46147871017456055,0.12545320391654968
30,1,32,22,0.4622291326522827,0.019180119037628174
30,1,32,23,0.6132261753082275,0.08583371341228485
30,1,32,24,0.5507330298423767,0.021618669852614403
30,1,32,25,0.5472267270088196,0.07539431005716324
30,1,32,26,0.5726543068885803,0.070534847676754
30,1,32,27,0.3828970789909363,0.06144892796874046
30,1,32,28,0.41804659366607666,0.06816903501749039
30,1,32,29,0.47798997163772583,0.047221165150403976
30,1,32,30,0.45532283186912537,0.0477006658911705
30,1,32,31,0.5361827611923218,0.10313821583986282
30,2,64,0,0.5462750196456909,0.07085543125867844
30,2,64,1,0.6498028635978699,0.09429899603128433
30,2,64,2,0.5457910895347595,0.15769755840301514
30,2,64,3,0.5953893065452576,0.10512197017669678
30,2,64,4,0.41750234365463257,0.14483392238616943
30,2,64,5,0.5545284152030945,0.1319226175546646
30,2,64,6,0.5936123728752136,0.10879074782133102
30,2,64,7,0.4113510549068451,0.17813770473003387
30,2,64,8,0.5642152428627014,0.10070706158876419
30,2,64,9,0.6075133085250854,0.09469978511333466
30,2,64,10,0.4768047630786896,0.1308763474225998
30,2,64,11,0.5391651391983032,0.08723952621221542
30,2,64,12,0.5070164799690247,0.1327866017818451
30,2,64,13,0.5774642825126648,0.0688655823469162
30,2,64,14,0.550219714641571,0.08702343702316284
30,2,64,15,0.6359627842903137,0.11467616260051727
30,2,64,16,0.34083491563796997,0.11742211878299713
30,2,64,17,0.4328484535217285,0.05382368713617325
30,2,64,18,0.5414617657661438,0.09593553841114044
30,2,64,19,0.5066043734550476,0.08941030502319336
30,2,64,20,0.4037765860557556,0.0990527793765068
30,2,64,21,0.5840526819229126,0.04643725976347923
30,2,64,22,0.6031883955001831,0.06123651936650276
30,2,64,23,0.5805999636650085,0.06866543740034103
30,2,64,24,0.48373132944107056,0.1677786111831665
30,2,64,25,0.31304287910461426,0.1480354368686676
30,2,64,26,0.49946603178977966,0.1432291716337204
30,2,64,27,0.573257565498352,0.09762826561927795
30,2,64,28,0.46223562955856323,0.12253481894731522
30,2,64,29,0.4473331868648529,0.1174345314502716
30,2,64,30,0.48348143696784973,0.13758428394794464
30,2,64,31,0.46436750888824463,0.11314260959625244
30,2,64,32,0.43893128633499146,0.14496208727359772
30,2,64,33,0.4758227467536926,0.06037091463804245
30,2,64,34,0.564815878868103,0.1168937012553215
30,2,64,35,0.5729474425315857,0.12975503504276276
30,2,64,36,0.3900275230407715,0.0873907208442688
30,2,64,37,0.4977914094924927,0.08367983996868134
30,2,64,38,0.4376664459705353,0.18371297419071198
30,2,64,39,0.4384625256061554,0.16691261529922485
30,2,64,40,0.3935980796813965,0.1332053542137146
30,2,64,41,0.35182762145996094,0.08568145334720612
30,2,64,42,0.4043061137199402,0.11021749675273895
30,2,64,43,0.4239778220653534,0.15792952477931976
30,2,64,44,0.4181498885154724,0.03644709289073944
30,2,64,45,0.4059983789920807,0.07660003751516342
30,2,64,46,0.47145557403564453,0.17464303970336914
30,2,64,47,0.5431888699531555,0.1007699966430664
30,2,64,48,0.42187485098838806,0.18903334438800812
30,2,64,49,0.5698509812355042,0.08834350854158401
30,2,64,50,0.31844624876976013,0.1529550850391388
30,2,64,51,0.3723898231983185,0.11353730410337448
30,2,64,52,0.6344525814056396,0.1058012992143631
30,2,64,53,0.5859773755073547,0.11347091197967529
30,2,64,54,0.4871572256088257,0.12170322239398956
30,2,64,55,0.339604914188385,0.12491418421268463
30,2,64,56,0.42256543040275574,0.1535683274269104
30,2,64,57,0.4152941107749939,0.133243128657341
30,2,64,58,0.47456449270248413,0.08494972437620163
30,2,64,59,0.4592115879058838,0.1212078183889389
30,2,64,60,0.6128145456314087,0.13387525081634521
30,2,64,61,0.5416318774223328,0.15747380256652832
30,2,64,62,0.33513695001602173,0.13153265416622162
30,2,64,63,0.564797043800354,0.16424651443958282
30,3,64,0,0.6244226694107056,0.06928819417953491
30,3,64,1,0.628600001335144,0.10606472939252853
30,3,64,2,0.5810744762420654,0.1520496904850006
30,3,64,3,0.6011236906051636,0.10281775891780853
30,3,64,4,0.4562475085258484,0.11345803737640381
30,3,64,5,0.6761353611946106,0.07744419574737549
30,3,64,6,0.49998152256011963,0.15334533154964447
30,3,64,7,0.5510404109954834,0.06431296467781067
30,3,64,8,0.43384256958961487,0.06074898689985275
30,3,64,9,0.40718284249305725,0.14954794943332672
30,3,64,10,0.5943740010261536,0.14024823904037476
30,3,64,11,0.5210243463516235,0.07379817217588425
30,3,64,12,0.37858468294143677,0.15752078592777252
30,3,64,13,0.564595103263855,0.14262911677360535
30,3,64,14,0.6478233933448792,0.04594738781452179
30,3,64,15,0.4740311801433563,0.12501348555088043
30,3,64,16,0.5251430869102478,0.14652982354164124
30,3,64,17,0.4752979874610901,0.17216090857982635
30,3,64,18,0.46837687492370605,0.10098884254693985
30,3,64,19,0.5191010236740112,0.18138179183006287
30,3,64,20,0.5224212408065796,0.09608172625303268
30,3,64,21,0.430913507938385,0.13705123960971832
30,3,64,22,0.5354899764060974,0.11211865395307541
30,3,64,23,0.5741837620735168,0.11261298507452011
30,3,64,24,0.38694101572036743,0.1221015602350235
30,3,64,25,0.7465238571166992,0.07349418848752975
30,3,64,26,0.6760812997817993,0.06784696877002716
30,3,64,27,0.5670942664146423,0.11480803042650223
30,3,64,28,0.4717588424682617,0.08424331992864609
30,3,64,29,0.4452916085720062,0.1187068298459053
30,3,64,30,0.624740719795227,0.084914930164814
30,3,64,31,0.4024147689342499,0.13209809362888336
30,3,64,32,0.49597662687301636,0.18255922198295593
30,3,64,33,0.4828417897224426,0.10520518571138382
30,3,64,34,0.5658571124076843,0.17248910665512085
30,3,64,35,0.4874212443828583,0.09118339419364929
30,3,64,36,0.5310900211334229,0.15436890721321106
30,3,64,37,0.37157195806503296,0.18375195562839508
30,3,64,38,0.472850501537323,0.11596950888633728
30,3,64,39,0.2974494695663452,0.0799846425652504
30,3,64,40,0.5236574411392212,0.18816691637039185
30,3,64,41,0.5814042687416077,0.09034214168787003
30,3,64,42,0.5132374167442322,0.08872757852077484
30,3,64,43,0.36184585094451904,0.07372847944498062
30,3,64,44,0.5102379322052002,0.19237281382083893
30,3,64,45,0.4766119718551636,0.1726512908935547
30,3,64,46,0.43047988414764404,0.19263368844985962
30,3,64,47,0.565264105796814,0.18856367468833923
30,3,64,48,0.4685920476913452,0.12914717197418213
30,3,64,49,0.45958441495895386,0.1594352275133133
30,3,64,50,0.46900075674057007,0.14946717023849487
30,3,64,51,0.5340220928192139,0.07488711923360825
30,3,64,52,0.7477213740348816,0.10395299643278122
30,3,64,53,0.4638846814632416,0.226402148604393
30,3,64,54,0.5043416619300842,0.09630431234836578
30,3,64,55,0.6141912341117859,0.08943745493888855
30,3,64,56,0.5205396413803101,0.14755694568157196
30,3,64,57,0.41203564405441284,0.13688862323760986
30,3,64,58,0.6301847100257874,0.08088738471269608
30,3,64,59,0.367546021938324,0.0546196773648262
30,3,64,60,0.5769001245498657,0.19987241923809052
30,3,64,61,0.5079120993614197,0.13537821173667908
30,3,64,62,0.5584548711776733,0.15569639205932617
30,3,64,63,0.5096039175987244,0.12164534628391266
30,4,128,0,0.7221962213516235,0.16549691557884216
30,4,128,1,0.8090249300003052,0.10329047590494156
30,4,128,2,0.761543869972229,0.21673668920993805
30,4,128,3,0.5886780023574829,0.06504463404417038
30,4,128,4,0.7295224666595459,0.07831862568855286
30,4,128,5,0.5493777990341187,0.08392712473869324
30,4,128,6,0.786359965801239,0.155208557844162
30,4,128,7,0.5487362742424011,0.1288297474384308
30,4,128,8,0.47250375151634216,0.0665566474199295
30,4,128,9,0.6314571499824524,0.11539701372385025
30,4,128,10,0.709800124168396,0.29887625575065613
30,4,128,11,0.5593690872192383,0.14570710062980652
30,4,128,12,0.7596276998519897,0.22119736671447754
30,4,128,13,0.47980034351348877,0.20816077291965485
30,4,128,14,0.2352007031440735,0.1861581653356552
30,4,128,15,0.5387330055236816,0.21428735554218292
30,4,128,16,0.32981303334236145,0.24255910515785217
30,4,128,17,0.2808051109313965,0.17793646454811096
30,4,128,18,0.4108644425868988,0.20685409009456635
30,4,128,19,0.4909883141517639,0.08336830884218216
30,4,128,20,0.713476836681366,0.1702328771352768
30,4,128,21,0.3018719553947449,0.1869436800479889
30,4,128,22,0.5428634285926819,0.1392545998096466
30,4,128,23,0.7158902883529663,0.15531347692012787
30,4,128,24,0.6286299824714661,0.11993465572595596
30,4,128,25,0.34495919942855835,0.20648908615112305
30,4,128,26,0.8074524402618408,0.1171807125210762
30,4,128,27,0.6451553702354431,0.2960619628429413
30,4,128,28,0.3087470829486847,0.10535019636154175
30,4,128,29,0.5996695756912231,0.04844779521226883
30,4,128,30,0.47917693853378296,0.09192812442779541
30,4,128,31,0.4290543794631958,0.14327284693717957
30,4,128,32,0.5539870262145996,0.29071733355522156
30,4,128,33,0.31472501158714294,0.06871013343334198
30,4,128,34,0.33834901452064514,0.3091937303543091
30,4,128,35,0.7712496519088745,0.1970403492450714
30,4,128,36,0.6938849687576294,0.07186657190322876
30,4,128,37,0.41614365577697754,0.15094462037086487
30,4,128,38,0.5408527851104736,0.27821433544158936
30,4,128,39,0.7724524736404419,0.17045806348323822
30,4,128,40,0.6192585229873657,0.0913720354437828
30,4,128,41,0.7845064401626587,0.17167910933494568
30,4,128,42,0.706570565700531,0.07710971683263779
30,4,128,43,0.6935320496559143,0.3536638915538788
30,4,128,44,0.46659502387046814,0.06792296469211578
30,4,128,45,0.6758601665496826,0.10138025134801865
30,4,128,46,0.6343604326248169,0.36614716053009033
30,4,128,47,0.6780327558517456,0.24355851113796234
30,4,128,48,0.7908883094787598,0.18121452629566193
30,4,128,49,0.7655581831932068,0.19942380487918854
30,4,128,50,0.8434610366821289,0.1339428424835205
30,4,128,51,0.5670709609985352,0.07731837779283524
30,4,128,52,0.3347080647945404,0.3149411082267761
30,4,128,53,0.4247298836708069,0.10337773710489273
30,4,128,54,0.7973018884658813,0.16156792640686035
30,4,128,55,0.5159012675285339,0.09540805965662003
30,4,128,56,0.54124915599823,0.2188206911087036
30,4,128,57,0.7428557872772217,0.18694308400154114
30,4,128,58,0.2174786478281021,0.11473550647497177
30,4,128,59,0.7945360541343689,0.14433246850967407
30,4,128,60,0.7656351923942566,0.17183519899845123
30,4,128,61,0.3454338312149048,0.3201087713241577
30,4,128,62,0.35784468054771423,0.057118650525808334
30,4,128,63,0.6368065476417542,0.09104254096746445
30,4,128,64,0.3763689398765564,0.24260298907756805
30,4,128,65,0.4845077693462372,0.13472634553909302
30,4,128,66,0.3072067201137543,0.3013221323490143
30,4,128,67,0.6018249988555908,0.11216168850660324
30,4,128,68,0.7544846534729004,0.09240180253982544
30,4,128,69,0.3770749270915985,0.29893624782562256
30,4,128,70,0.497535765171051,0.22458234429359436
30,4,128,71,0.7724753618240356,0.09829521179199219
30,4,128,72,0.500342071056366,0.08459624648094177
30,4,128,73,0.6397295594215393,0.25981980562210083
30,4,128,74,0.7676845192909241,0.15650373697280884
30,4,128,75,0.5412006378173828,0.2432328462600708
30,4,128,76,0.4845212399959564,0.1688469797372818
30,4,128,77,0.7655968070030212,0.21302318572998047
30,4,128,78,0.8130007982254028,0.1735520362854004
30,4,128,79,0.3068447411060333,0.11393903195858002
30,4,128,80,0.6876158714294434,0.08725651353597641
30,4,128,81,0.6993037462234497,0.2958093285560608
30,4,128,82,0.5625298619270325,0.1546032875776291
30,4,128,83,0.44328227639198303,0.244917094707489
30,4,128,84,0.3409516215324402,0.09475279599428177
30,4,128,85,0.49890705943107605,0.08740133792161942
30,4,128,86,0.3816987872123718,0.12406817078590393
30,4,128,87,0.7423577904701233,0.12633116543293
30,4,128,88,0.7146472334861755,0.26158052682876587
30,4,128,89,0.6687149405479431,0.10755013674497604
30,4,128,90,0.44216233491897583,0.2473774403333664
30,4,128,91,0.47005048394203186,0.20016030967235565
30,4,128,92,0.4363313317298889,0.19450238347053528
30,4,128,93,0.7139894962310791,0.22137100994586945
30,4,128,94,0.5572555661201477,0.2521399259567261
30,4,128,95,0.707546055316925,0.30631062388420105
30,4,128,96,0.7751263976097107,0.13432244956493378
30,4,128,97,0.4271942973136902,0.2878071665763855
30,4,128,98,0.747993528842926,0.11054538190364838
30,4,128,99,0.6835964322090149,0.0699564591050148
30,4,128,100,0.7118879556655884,0.2779671847820282
30,4,128,101,0.7172799706459045,0.27884215116500854
30,4,128,102,0.8327280282974243,0.09411633759737015
30,4,128,103,0.6164706945419312,0.08260155469179153
30,4,128,104,0.5584878325462341,0.1321144849061966
30,4,128,105,0.6174461245536804,0.17192065715789795
30,4,128,106,0.8535488247871399,0.14483113586902618
30,4,128,107,0.1712304651737213,0.09698332846164703
30,4,128,108,0.7011039853096008,0.1132839173078537
30,4,128,109,0.7978746294975281,0.10857902467250824
30,4,128,110,0.37170445919036865,0.24565757811069489
30,4,128,111,0.6882884502410889,0.28088146448135376
30,4,128,112,0.33639004826545715,0.16222833096981049
30,4,128,113,0.6757060289382935,0.20153459906578064
30,4,128,114,0.3047677278518677,0.3294777274131775
30,4,128,115,0.6725514531135559,0.11975593864917755
30,4,128,116,0.7720268964767456,0.20972572267055511
30,4,128,117,0.46741557121276855,0.16013187170028687
30,4,128,118,0.37650540471076965,0.06052030995488167
30,4,128,119,0.4917618930339813,0.0896574854850769
30,4,128,120,0.7000761032104492,0.18688653409481049
30,4,128,121,0.4677695631980896,0.18871578574180603
30,4,128,122,0.3299517035484314,0.09088058769702911
30,4,128,123,0.6763123273849487,0.1309259533882141
30,4,128,124,0.6264078617095947,0.062657430768013
30,4,128,125,0.41746944189071655,0.14343085885047913
30,4,128,126,0.6783590316772461,0.25569331645965576
30,4,128,127,0.34365779161453247,0.2501978576183319
30,5,128,0,0.6191162467002869,0.08881150186061859
30,5,128,1,0.6977832317352295,0.14752863347530365
30,5,128,2,0.6086700558662415,0.0992511734366417
30,5,128,3,0.5910744667053223,0.053530510514974594
30,5,128,4,0.42443838715553284,0.06836727261543274
30,5,128,5,0.4129718840122223,0.15808641910552979
30,5,128,6,0.33036476373672485,0.1427188217639923
30,5,128,7,0.6079936623573303,0.061471786350011826
30,5,128,8,0.6145308017730713,0.1726810783147812
30,5,128,9,0.549971342086792,0.038427967578172684
30,5,128,10,0.7376204133033752,0.19994321465492249
30,5,128,11,0.7016265392303467,0.10221485793590546
30,5,128,12,0.7019848823547363,0.0882568210363388
30,5,128,13,0.6102201342582703,0.1306435763835907
30,5,128,14,0.45101985335350037,0.05853838101029396
30,5,128,15,0.5347350835800171,0.10616664588451385
30,5,128,16,0.4142861068248749,0.14706027507781982
30,5,128,17,0.5132467746734619,0.06591332703828812
30,5,128,18,0.49947071075439453,0.02701050415635109
30,5,128,19,0.7878281474113464,0.18737363815307617
30,5,128,20,0.7059836387634277,0.11599101126194
30,5,128,21,0.7074960470199585,0.11192275583744049
30,5,128,22,0.5262684226036072,0.03948025032877922
30,5,128,23,0.8394140005111694,0.12257859855890274
30,5,128,24,0.6213833689689636,0.1602085381746292
30,5,128,25,0.4649840295314789,0.15060217678546906
30,5,128,26,0.7438988089561462,0.18384790420532227
30,5,128,27,0.6621888279914856,0.1523788869380951
30,5,128,28,0.7109098434448242,0.20239855349063873
30,5,128,29,0.5560151934623718,0.05555954948067665
30,5,128,30,0.7277050018310547,0.27087560296058655
30,5,128,31,0.5967069268226624,0.03752114251255989
30,5,128,32,0.774962842464447,0.21112044155597687
30,5,128,33,0.34290727972984314,0.10663644969463348
30,5,128,34,0.7256863713264465,0.139545738697052
30,5,128,35,0.7483949065208435,0.18435342609882355
30,5,128,36,0.6008239388465881,0.04606139287352562
30,5,128,37,0.7359927296638489,0.16297069191932678
30,5,128,38,0.6975508332252502,0.1503465622663498
30,5,128,39,0.6999433040618896,0.15439504384994507
30,5,128,40,0.7063279747962952,0.1745316982269287
30,5,128,41,0.7243096232414246,0.18311381340026855
30,5,128,42,0.5172927975654602,0.09570318460464478
30,5,128,43,0.6622027158737183,0.18095937371253967
30,5,128,44,0.7338833808898926,0.14993977546691895
30,5,128,45,0.6408202648162842,0.1404830515384674
30,5,128,46,0.6524492502212524,0.19066381454467773
30,5,128,47,0.6085682511329651,0.11640488356351852
30,5,128,48,0.7288365960121155,0.23763714730739594
30,5,128,49,0.7601072788238525,0.12123134732246399
30,5,128,50,0.750515878200531,0.18424974381923676
30,5,128,51,0.5103526711463928,0.032042551785707474
30,5,128,52,0.42378613352775574,0.04046915844082832
30,5,128,53,0.33908289670944214,0.12249518185853958
30,5,128,54,0.7316520810127258,0.15082058310508728
30,5,128,55,0.7383995652198792,0.11540073901414871
30,5,128,56,0.2566186189651489,0.18969962000846863
30,5,128,57,0.679590106010437,0.0688040554523468
30,5,128,58,0.4472123682498932,0.033189378678798676
30,5,128,59,0.512641966342926,0.07577604055404663
30,5,128,60,0.7964891791343689,0.11762319505214691
30,5,128,61,0.6443954706192017,0.14077416062355042
30,5,128,62,0.7568752765655518,0.17121267318725586
30,5,128,63,0.7587472200393677,0.06911973655223846
30,5,128,64,0.35100799798965454,0.19590646028518677
30,5,128,65,0.6055223941802979,0.09418956935405731
30,5,128,66,0.6474500894546509,0.12176646292209625
30,5,128,67,0.6060076355934143,0.12238672375679016
30,5,128,68,0.6648075580596924,0.07458732277154922
30,5,128,69,0.6984896063804626,0.1510959416627884
30,5,128,70,0.3758319914340973,0.07139948755502701
30,5,128,71,0.6839194893836975,0.16738952696323395
30,5,128,72,0.7559080123901367,0.19965115189552307
30,5,128,73,0.6219735741615295,0.07439730316400528
30,5,128,74,0.7038894295692444,0.08731532841920853
30,5,128,75,0.6852391958236694,0.20657438039779663
30,5,128,76,0.34333592653274536,0.20106440782546997
30,5,128,77,0.7703257203102112,0.14619497954845428
30,5,128,78,0.7666313052177429,0.10355912148952484
30,5,128,79,0.46610158681869507,0.03727113455533981
30,5,128,80,0.25290775299072266,0.16564859449863434
30,5,128,81,0.731025218963623,0.12502700090408325
30,5,128,82,0.3640443682670593,0.18677718937397003
30,5,128,83,0.4657711684703827,0.043809231370687485
30,5,128,84,0.5314878225326538,0.07008802890777588
30,5,128,85,0.5022044777870178,0.04434560611844063
30,5,128,86,0.6599797606468201,0.12252373993396759
30,5,128,87,0.7534310221672058,0.14369091391563416
30,5,128,88,0.8160583972930908,0.15118323266506195
30,5,128,89,0.6688798666000366,0.13959163427352905
30,5,128,90,0.737433671951294,0.1421819031238556
30,5,128,91,0.5777550339698792,0.07484260201454163
30,5,128,92,0.6091981530189514,0.18763841688632965
30,5,128,93,0.7144724726676941,0.19991986453533173
30,5,128,94,0.7755860090255737,0.13617157936096191
30,5,128,95,0.6312710642814636,0.17433802783489227
30,5,128,96,0.6826372742652893,0.16210149228572845
30,5,128,97,0.5236855149269104,0.09482868015766144
30,5,128,98,0.6519325375556946,0.0893196389079094
30,5,128,99,0.7388970851898193,0.12043766677379608
30,5,128,100,0.3013804256916046,0.17641448974609375
30,5,128,101,0.5480246543884277,0.11752845346927643
30,5,128,102,0.7361725568771362,0.19844867289066315
30,5,128,103,0.7079524993896484,0.08656421303749084
30,5,128,104,0.4460921585559845,0.10677725821733475
30,5,128,105,0.414408415555954,0.10498163849115372
30,5,128,106,0.571823000907898,0.03209100291132927
30,5,128,107,0.48438096046447754,0.04222482815384865
30,5,128,108,0.5936961770057678,0.05640937015414238
30,5,128,109,0.587361216545105,0.0465097650885582
30,5,128,110,0.6949025988578796,0.22510144114494324
30,5,128,111,0.7146291136741638,0.09009630978107452
30,5,128,112,0.43447214365005493,0.030959973111748695
30,5,128,113,0.4798816442489624,0.03918343782424927
30,5,128,114,0.5089589357376099,0.09704280644655228
30,5,128,115,0.6332009434700012,0.1369720697402954
30,5,128,116,0.7222064733505249,0.18094149231910706
30,5,128,117,0.633987307548523,0.1258755475282669
30,5,128,118,0.42782965302467346,0.07428973913192749
30,5,128,119,0.7190586924552917,0.0927368551492691
30,5,128,120,0.73928302526474,0.20648089051246643
30,5,128,121,0.7483084201812744,0.16417869925498962
30,5,128,122,0.6074249744415283,0.03874191269278526
30,5,128,123,0.7555093765258789,0.10519366711378098
30,5,128,124,0.4598988890647888,0.018074678257107735
30,5,128,125,0.3214840292930603,0.21187396347522736
30,5,128,126,0.715043306350708,0.0969090461730957
30,5,128,127,0.6660329103469849,0.10930513590574265
31,0,32,0,0.6060161590576172,0.028312090784311295
31,0,32,1,0.5911559462547302,0.03314343839883804
31,0,32,2,0.513573408126831,0.028305452316999435
31,0,32,3,0.5035653114318848,0.012286251410841942
31,0,32,4,0.4765394330024719,0.023142026737332344
31,0,32,5,0.5646758079528809,0.022201532498002052
31,0,32,6,0.5458981394767761,0.016294829547405243
31,0,32,7,0.5596132278442383,0.01083688996732235
31,0,32,8,0.541767954826355,0.02713673934340477
31,0,32,9,0.49246639013290405,0.030014168471097946
31,0,32,10,0.6175527572631836,0.017693987116217613
31,0,32,11,0.4968777596950531,0.036946482956409454
31,0,32,12,0.42200326919555664,0.02937771938741207
31,0,32,13,0.5156394839286804,0.027355995029211044
31,0,32,14,0.5885644555091858,0.02778143621981144
31,0,32,15,0.4536322057247162,0.01895305886864662
31,0,32,16,0.5054360628128052,0.024419452995061874
31,0,32,17,0.4458407163619995,0.023942062631249428
31,0,32,18,0.5029409527778625,0.039380352944135666
31,0,32,19,0.5887196660041809,0.023337069898843765
31,0,32,20,0.4871642291545868,0.028017042204737663
31,0,32,21,0.4940020442008972,0.0277525894343853
31,0,32,22,0.5286278128623962,0.023060964420437813
31,0,32,23,0.5039641261100769,0.023944266140460968
31,0,32,24,0.5941063761711121,0.036319389939308167
31,0,32,25,0.44442427158355713,0.03139740601181984
31,0,32,26,0.44942745566368103,0.010106352157890797
31,0,32,27,0.4667697250843048,0.02356136403977871
31,0,32,28,0.4794246256351471,0.021214846521615982
31,0,32,29,0.36993926763534546,0.023113854229450226
31,0,32,30,0.4430792033672333,0.02186589315533638
31,0,32,31,0.4041924476623535,0.02831525169312954
31,1,32,0,0.43461525440216064,0.04948698356747627
31,1,32,1,0.5674075484275818,0.02658022567629814
31,1,32,2,0.613947331905365,0.03226983919739723
31,1,32,3,0.5536780953407288,0.05357940495014191
31,1,32,4,0.4803200960159302,0.041678495705127716
31,1,32,5,0.5036956071853638,0.018126171082258224
31,1,32,6,0.5264029502868652,0.05261608585715294
31,1,32,7,0.43827909231185913,0.07104701548814774
31,1,32,8,0.5061583518981934,0.037378501147031784
31,1,32,9,0.44197648763656616,0.03817950189113617
31,1,32,10,0.40220701694488525,0.03406894952058792
31,1,32,11,0.5739193558692932,0.02674979902803898
31,1,32,12,0.4692380726337433,0.031138703227043152
31,1,32,13,0.5925686955451965,0.015168444253504276
31,1,32,14,0.4752533733844757,0.04390382766723633
31,1,32,15,0.40093716979026794,0.05027220398187637
31,1,32,16,0.5697217583656311,0.033799733966588974
31,1,32,17,0.5647048950195312,0.02011822536587715
31,1,32,18,0.4460684061050415,0.04474644735455513
31,1,32,19,0.40958285331726074,0.01983783021569252
31,1,32,20,0.5410218238830566,0.0738387405872345
31,1,32,21,0.4255416989326477,0.04135189205408096
31,1,32,22,0.3848670721054077,0.03172976151108742
31,1,32,23,0.5586943030357361,0.02471206523478031
31,1,32,24,0.6050907969474792,0.012201507575809956
31,1,32,25,0.4870939552783966,0.023915309458971024
31,1,32,26,0.44570279121398926,0.011769687756896019
31,1,32,27,0.4481951892375946,0.02642255276441574
31,1,32,28,0.4762369990348816,0.037066925317049026
31,1,32,29,0.6347712874412537,0.03644305095076561
31,1,32,30,0.45988231897354126,0.028532834723591805
31,1,32,31,0.5403960347175598,0.046871211379766464
31,2,64,0,0.4939728081226349,0.09705109149217606
31,2,64,1,0.5213702917098999,0.06375064700841904
31,2,64,2,0.5371459126472473,0.02904920093715191
31,2,64,3,0.46482136845588684,0.024243231862783432
31,2,64,4,0.5383189916610718,0.05666448920965195
31,2,64,5,0.525435745716095,0.10670026391744614
31,2,64,6,0.48840558528900146,0.05361984670162201
31,2,64,7,0.4268004894256592,0.03796782344579697
31,2,64,8,0.5251681208610535,0.08896972239017487
31,2,64,9,0.4450094699859619,0.06957101076841354
31,2,64,10,0.5693553686141968,0.06407389044761658
31,2,64,11,0.49892696738243103,0.05581200495362282
31,2,64,12,0.438698410987854,0.020745065063238144
31,2,64,13,0.46631696820259094,0.018262527883052826
31,2,64,14,0.5565332770347595,0.042341068387031555
31,2,64,15,0.41011762619018555,0.06819428503513336
31,2,64,16,0.622138261795044,0.06998324394226074
31,2,64,17,0.6160690784454346,0.04830031841993332
31,2,64,18,0.45759788155555725,0.03979343920946121
31,2,64,19,0.5072146058082581,0.0821102038025856
31,2,64,20,0.48803645372390747,0.03329885005950928
31,2,64,21,0.4442331790924072,0.06801703572273254
31,2,64,22,0.46278515458106995,0.03985387831926346
31,2,64,23,0.4111507833003998,0.0473872534930706
31,2,64,24,0.5143543481826782,0.08507142215967178
31,2,64,25,0.5105845928192139,0.05251447111368179
31,2,64,26,0.49218934774398804,0.07008516043424606
31,2,64,27,0.5084125995635986,0.05757194384932518
31,2,64,28,0.5638228058815002,0.031045006588101387
31,2,64,29,0.43658745288848877,0.038570623844861984
31,2,64,30,0.4125635623931885,0.08678527176380157
31,2,64,31,0.44893181324005127,0.05098488926887512
31,2,64,32,0.5224964618682861,0.07962951064109802
31,2,64,33,0.5384607911109924,0.0774591714143753
31,2,64,34,0.5856193900108337,0.0877867266535759
31,2,64,35,0.48985931277275085,0.03735201805830002
31,2,64,36,0.44017043709754944,0.06550978869199753
31,2,64,37,0.5472335815429688,0.07443277537822723
31,2,64,38,0.5422892570495605,0.03348035365343094
31,2,64,39,0.5700095891952515,0.07314521074295044
31,2,64,40,0.49668899178504944,0.02385856769979
31,2,64,41,0.5400941371917725,0.058468617498874664
31,2,64,42,0.4866364002227783,0.055606402456760406
31,2,64,43,0.5366125702857971,0.07723592221736908
31,2,64,44,0.467253714799881,0.06327133625745773
31,2,64,45,0.5424200296401978,0.021786941215395927
31,2,64,46,0.4360324442386627,0.08666712790727615
31,2,64,47,0.550475537776947,0.061467304825782776
31,2,64,48,0.48952364921569824,0.024701829999685287
31,2,64,49,0.5811038613319397,0.06579113751649857
31,2,64,50,0.5080914497375488,0.06282970309257507
31,2,64,51,0.4736022651195526,0.08381503075361252
31,2,64,52,0.4376377761363983,0.02428860031068325
31,2,64,53,0.4403221011161804,0.09070458263158798
31,2,64,54,0.546220600605011,0.03832334652543068
31,2,64,55,0.4746571183204651,0.05753985419869423
31,2,64,56,0.45134228467941284,0.0436050184071064
31,2,64,57,0.5707429051399231,0.02720915712416172
31,2,64,58,0.5925251841545105,0.049790240824222565
31,2,64,59,0.4917900562286377,0.08770562708377838
31,2,64,60,0.39973440766334534,0.07169611752033234
31,2,64,61,0.4274253249168396,0.04620423913002014
31,2,64,62,0.5038716197013855,0.07115030288696289
31,2,64,63,0.4479620158672333,0.06566458940505981
31,3,64,0,0.5089605450630188,0.0711798146367073
31,3,64,1,0.54603511095047,0.0968833640217781
31,3,64,2,0.485507607460022,0.040355514734983444
31,3,64,3,0.3307511508464813,0.07856153696775436
31,3,64,4,0.6223982572555542,0.020573288202285767
31,3,64,5,0.5819445848464966,0.11323101818561554
31,3,64,6,0.6256773471832275,0.06074684485793114
31,3,64,7,0.6026338338851929,0.03699396550655365
31,3,64,8,0.4868302047252655,0.027922453358769417
31,3,64,9,0.5020484924316406,0.10619836300611496
31,3,64,10,0.451422780752182,0.06464524567127228
31,3,64,11,0.5253804922103882,0.025601545348763466
31,3,64,12,0.47868505120277405,0.0417596809566021
31,3,64,13,0.3771331310272217,0.024955110624432564
31,3,64,14,0.4066542088985443,0.03649367019534111
31,3,64,15,0.3402568995952606,0.06972593069076538
31,3,64,16,0.5346131920814514,0.07257810980081558
31,3,64,17,0.6079946160316467,0.042011212557554245
31,3,64,18,0.480662077665329,0.03922976925969124
31,3,64,19,0.616538405418396,0.08009107410907745
31,3,64,20,0.3834328353404999,0.04351402819156647
31,3,64,21,0.5408390164375305,0.029000909999012947
31,3,64,22,0.6334494352340698,0.10744428634643555
31,3,64,23,0.49536165595054626,0.03476657718420029
31,3,64,24,0.5639293193817139,0.10823629796504974
31,3,64,25,0.5227524042129517,0.05069439485669136
31,3,64,26,0.4405803382396698,0.058819424360990524
31,3,64,27,0.5291750431060791,0.07358206063508987
31,3,64,28,0.3756517469882965,0.0772228091955185
31,3,64,29,0.5465326905250549,0.05079777538776398
31,3,64,30,0.70784991979599,0.10964147746562958
31,3,64,31,0.4306790828704834,0.06949041783809662
31,3,64,32,0.47718557715415955,0.06606022268533707
31,3,64,33,0.48309531807899475,0.029136667028069496
31,3,64,34,0.5464677810668945,0.03783386945724487
31,3,64,35,0.4687635600566864,0.042685367166996
31,3,64,36,0.6373497843742371,0.04505780711770058
31,3,64,37,0.5871196985244751,0.07298140972852707
31,3,64,38,0.6253193020820618,0.13704365491867065
31,3,64,39,0.556523323059082,0.1431283801794052
31,3,64,40,0.48087021708488464,0.1328420341014862
31,3,64,41,0.5516045093536377,0.078031525015831
31,3,64,42,0.4514731466770172,0.06391442567110062
31,3,64,43,0.3416135013103485,0.06945875287055969
31,3,64,44,0.5087724924087524,0.027621550485491753
31,3,64,45,0.4711325168609619,0.045158304274082184
31,3,64,46,0.5706858038902283,0.01932588405907154
31,3,64,47,0.4627319276332855,0.09988138824701309
31,3,64,48,0.5630413293838501,0.07160066068172455
31,3,64,49,0.5134152770042419,0.08339161425828934
31,3,64,50,0.5676736235618591,0.03402632847428322
31,3,64,51,0.4664247930049896,0.06542941182851791
31,3,64,52,0.6297351121902466,0.07402507960796356
31,3,64,53,0.39834651350975037,0.0927085280418396
31,3,64,54,0.5165212750434875,0.07863488048315048
31,3,64,55,0.41185617446899414,0.08663249015808105
31,3,64,56,0.6598267555236816,0.06351122260093689
31,3,64,57,0.6660454273223877,0.1379963457584381
31,3,64,58,0.5057037472724915,0.05302228778600693
31,3,64,59,0.6126270294189453,0.03383146598935127
31,3,64,60,0.3841502070426941,0.02958601899445057
31,3,64,61,0.5713068246841431,0.04731057956814766
31,3,64,62,0.6639335751533508,0.10025694221258163
31,3,64,63,0.5509398579597473,0.02048676647245884
31,4,128,0,0.5924792289733887,0.055445894598960876
31,4,128,1,0.5311375260353088,0.05608537048101425
31,4,128,2,0.5017182230949402,0.023568227887153625
31,4,128,3,0.5626609325408936,0.025836849585175514
31,4,128,4,0.5531659126281738,0.08479584008455276
31,4,128,5,0.5596902966499329,0.03686106577515602
31,4,128,6,0.5192751884460449,0.06640874594449997
31,4,128,7,0.5623877644538879,0.04397701472043991
31,4,128,8,0.5442699790000916,0.055182795971632004
31,4,128,9,0.5243587493896484,0.028375811874866486
31,4,128,10,0.45831480622291565,0.04255751520395279
31,4,128,11,0.5438675880432129,0.053221166133880615
31,4,128,12,0.5885567665100098,0.05271419137716293
31,4,128,13,0.4848170578479767,0.06181009113788605
31,4,128,14,0.6574516296386719,0.0743410512804985
31,4,128,15,0.4886827766895294,0.031868577003479004
31,4,128,16,0.5260434746742249,0.050084564834833145
31,4,128,17,0.48416072130203247,0.024026526138186455
31,4,128,18,0.6057084202766418,0.06474822014570236
31,4,128,19,0.494274765253067,0.041439034044742584
31,4,128,20,0.4312756657600403,0.05860298126935959
31,4,128,21,0.4382725954055786,0.06992574036121368
31,4,128,22,0.5028491020202637,0.06586320698261261
31,4,128,23,0.44783344864845276,0.022867202758789062
31,4,128,24,0.5998970866203308,0.06285277754068375
31,4,128,25,0.3716661036014557,0.030656302347779274
31,4,128,26,0.6005024909973145,0.03858298808336258
31,4,128,27,0.5215578675270081,0.04644586145877838
31,4,128,28,0.456337571144104,0.0389229878783226
31,4,128,29,0.4540906548500061,0.035029154270887375
31,4,128,30,0.5497027635574341,0.03699745237827301
31,4,128,31,0.486029714345932,0.03189045563340187
31,4,128,32,0.3891586363315582,0.06921027600765228
31,4,128,33,0.5220523476600647,0.029215173795819283
31,4,128,34,0.47051647305488586,0.019583964720368385
31,4,128,35,0.4316547214984894,0.03755759447813034
31,4,128,36,0.3610578179359436,0.05292205512523651
31,4,128,37,0.46376222372055054,0.0303608700633049
31,4,128,38,0.5816675424575806,0.0492272786796093
31,4,128,39,0.5361173748970032,0.05024799704551697
31,4,128,40,0.440899133682251,0.046589527279138565
31,4,128,41,0.49933111667633057,0.044739410281181335
31,4,128,42,0.4581734836101532,0.04553108289837837
31,4,128,43,0.5240361094474792,0.05029440298676491
31,4,128,44,0.4909132421016693,0.07002079486846924
31,4,128,45,0.49409082531929016,0.06600967049598694
31,4,128,46,0.4732702970504761,0.05608191713690758
31,4,128,47,0.5006579756736755,0.040220681577920914
31,4,128,48,0.4693450927734375,0.034701090306043625
31,4,128,49,0.5254833698272705,0.06894278526306152
31,4,128,50,0.5883199572563171,0.03701615706086159
31,4,128,51,0.5339592695236206,0.04333224892616272
31,4,128,52,0.49118974804878235,0.04238118976354599
31,4,128,53,0.4935991168022156,0.037888821214437485
31,4,128,54,0.42859596014022827,0.04448571056127548
31,4,128,55,0.418811172246933,0.025750741362571716
31,4,128,56,0.5829320549964905,0.05173351988196373
31,4,128,57,0.5069020986557007,0.05478973314166069
31,4,128,58,0.5111682415008545,0.08287370204925537
31,4,128,59,0.5562388896942139,0.05926427245140076
31,4,128,60,0.5474784970283508,0.04448970779776573
31,4,128,61,0.5998477339744568,0.09491652995347977
31,4,128,62,0.5617111325263977,0.07815350592136383
31,4,128,63,0.5322628617286682,0.05694742500782013
31,4,128,64,0.4876919686794281,0.04671276733279228
31,4,128,65,0.5614257454872131,0.0302189439535141
31,4,128,66,0.575992226600647,0.11354797333478928
31,4,128,67,0.5375611186027527,0.09773582965135574
31,4,128,68,0.5157996416091919,0.10817666351795197
31,4,128,69,0.46402692794799805,0.07426009327173233
31,4,128,70,0.5965611934661865,0.0699847862124443
31,4,128,71,0.6261367797851562,0.10118241608142853
31,4,128,72,0.5035295486450195,0.05650029331445694
31,4,128,73,0.6034990549087524,0.06302807480096817
31,4,128,74,0.5132543444633484,0.09635831415653229
31,4,128,75,0.4181806445121765,0.04379051551222801
31,4,128,76,0.5256084203720093,0.06571130454540253
31,4,128,77,0.4966052174568176,0.060110848397016525
31,4,128,78,0.5310342311859131,0.0635586678981781
31,4,128,79,0.5831701159477234,0.05648130550980568
31,4,128,80,0.5762299299240112,0.08170856535434723
31,4,128,81,0.5752365589141846,0.1210949718952179
31,4,128,82,0.4172491431236267,0.056633349508047104
31,4,128,83,0.5016213655471802,0.05692528560757637
31,4,128,84,0.5674735307693481,0.03655518218874931
31,4,128,85,0.5710185170173645,0.04381510987877846
31,4,128,86,0.48838555812835693,0.033046379685401917
31,4,128,87,0.4211176931858063,0.053415246307849884
31,4,128,88,0.426520973443985,0.04292413964867592
31,4,128,89,0.42584675550460815,0.08348177373409271
31,4,128,90,0.5410017371177673,0.03247541934251785
31,4,128,91,0.530595064163208,0.052621081471443176
31,4,128,92,0.48994651436805725,0.03275570645928383
31,4,128,93,0.42451444268226624,0.04675149545073509
31,4,128,94,0.5296069383621216,0.0469660721719265
31,4,128,95,0.43941861391067505,0.04889804124832153
31,4,128,96,0.4403492510318756,0.03273025527596474
31,4,128,97,0.4534737467765808,0.06137656792998314
31,4,128,98,0.46596992015838623,0.0415172278881073
31,4,128,99,0.5064830780029297,0.056917544454336166
31,4,128,100,0.4537852704524994,0.04028620570898056
31,4,128,101,0.5638907551765442,0.030006080865859985
31,4,128,102,0.6056231260299683,0.0733964815735817
31,4,128,103,0.602728545665741,0.07146868109703064
31,4,128,104,0.6191748380661011,0.05030044913291931
31,4,128,105,0.5249398350715637,0.04575515538454056
31,4,128,106,0.47873467206954956,0.062145981937646866
31,4,128,107,0.5422430038452148,0.02721932902932167
31,4,128,108,0.572772741317749,0.07070885598659515
31,4,128,109,0.4329019784927368,0.05158666521310806
31,4,128,110,0.5263453125953674,0.06357832252979279
31,4,128,111,0.645762026309967,0.06253434717655182
31,4,128,112,0.41786378622055054,0.03597700223326683
31,4,128,113,0.4108193516731262,0.052795130759477615
31,4,128,114,0.5812006592750549,0.06085490807890892
31,4,128,115,0.43634235858917236,0.047251276671886444
31,4,128,116,0.4663943946361542,0.0826340764760971
31,4,128,117,0.5031959414482117,0.04904225841164589
31,4,128,118,0.59047931432724,0.04942554607987404
31,4,128,119,0.4968723952770233,0.038125064224004745
31,4,128,120,0.5011272430419922,0.07678788155317307
31,4,128,121,0.541252851486206,0.06837605684995651
31,4,128,122,0.6241861581802368,0.051623474806547165
31,4,128,123,0.45291733741760254,0.06449558585882187
31,4,128,124,0.5880842804908752,0.01878146082162857
31,4,128,125,0.4262951910495758,0.0399811714887619
31,4,128,126,0.5740923285484314,0.05975087359547615
31,4,128,127,0.4553280770778656,0.020738765597343445
31,5,128,0,0.5147432088851929,0.07061049342155457
31,5,128,1,0.5179950594902039,0.08981035649776459
31,5,128,2,0.48395588994026184,0.057738691568374634
31,5,128,3,0.478329062461853,0.04429322108626366
31,5,128,4,0.39411109685897827,0.0915369838476181
31,5,128,5,0.6292160153388977,0.14792683720588684
31,5,128,6,0.5631101131439209,0.04839400574564934
31,5,128,7,0.6527666449546814,0.17276521027088165
31,5,128,8,0.43839478492736816,0.042622633278369904
31,5,128,9,0.5559659600257874,0.11503896862268448
31,5,128,10,0.5339818596839905,0.16277070343494415
31,5,128,11,0.5448135733604431,0.0883164033293724
31,5,128,12,0.641082763671875,0.1680338829755783
31,5,128,13,0.40789303183555603,0.04375491291284561
31,5,128,14,0.5009763836860657,0.03584631159901619
31,5,128,15,0.4881288707256317,0.020358793437480927
31,5,128,16,0.6051644086837769,0.023520205169916153
31,5,128,17,0.48177433013916016,0.0944327563047409
31,5,128,18,0.34258371591567993,0.0926872193813324
31,5,128,19,0.5612232685089111,0.1371179074048996
31,5,128,20,0.5056620836257935,0.039884380996227264
31,5,128,21,0.6048826575279236,0.06504630297422409
31,5,128,22,0.455293208360672,0.0424501895904541
31,5,128,23,0.6107425689697266,0.0466930978000164
31,5,128,24,0.34407538175582886,0.04656348377466202
31,5,128,25,0.7063423991203308,0.06884727627038956
31,5,128,26,0.6453922390937805,0.08720728754997253
31,5,128,27,0.6102443933486938,0.12983036041259766
31,5,128,28,0.5933661460876465,0.11485638469457626
31,5,128,29,0.40603557229042053,0.039163827896118164
31,5,128,30,0.5909611582756042,0.033900145441293716
31,5,128,31,0.5515134930610657,0.12891167402267456
31,5,128,32,0.4426664113998413,0.06021961197257042
31,5,128,33,0.6098233461380005,0.05817186459898949
31,5,128,34,0.7470032572746277,0.0917181745171547
31,5,128,35,0.28019994497299194,0.07028155028820038
31,5,128,36,0.4751723110675812,0.042312704026699066
31,5,128,37,0.5986560583114624,0.12656258046627045
31,5,128,38,0.5561618804931641,0.08667615801095963
31,5,128,39,0.643098771572113,0.05475759133696556
31,5,128,40,0.5307201147079468,0.045130759477615356
31,5,128,41,0.4943208694458008,0.09013249725103378
31,5,128,42,0.4689652621746063,0.09315686672925949
31,5,128,43,0.5321183204650879,0.033697258681058884
31,5,128,44,0.339318186044693,0.10199249535799026
31,5,128,45,0.5383883118629456,0.05865341052412987
31,5,128,46,0.577580451965332,0.039898909628391266
31,5,128,47,0.3891478478908539,0.04375281184911728
31,5,128,48,0.41522374749183655,0.057020097970962524
31,5,128,49,0.478714257478714,0.06439701467752457
31,5,128,50,0.4773753583431244,0.06350896507501602
31,5,128,51,0.4076787829399109,0.032567236572504044
31,5,128,52,0.4977208375930786,0.04893773794174194
31,5,128,53,0.5180085301399231,0.06165539100766182
31,5,128,54,0.4297564923763275,0.07572191208600998
31,5,128,55,0.4169304668903351,0.06297731399536133
31,5,128,56,0.5661602020263672,0.03951547294855118
31,5,128,57,0.4789993166923523,0.0890679731965065
31,5,128,58,0.4923534095287323,0.0873536467552185
31,5,128,59,0.602294921875,0.14066429436206818
31,5,128,60,0.5796657204627991,0.05382487177848816
31,5,128,61,0.4638994038105011,0.06749915331602097
31,5,128,62,0.6401922106742859,0.09779423475265503
31,5,128,63,0.5304489731788635,0.11710367351770401
31,5,128,64,0.5841023921966553,0.1598808616399765
31,5,128,65,0.7759146690368652,0.13381367921829224
31,5,128,66,0.5070853233337402,0.06327559798955917
31,5,128,67,0.5312080979347229,0.05310517176985741
31,5,128,68,0.6499627232551575,0.16078023612499237
31,5,128,69,0.509863555431366,0.10356955975294113
31,5,128,70,0.6364139914512634,0.1118331328034401
31,5,128,71,0.5194478034973145,0.06906159967184067
31,5,128,72,0.6713094115257263,0.05259161815047264
31,5,128,73,0.6447122097015381,0.1774486005306244
31,5,128,74,0.6401755809783936,0.06387057155370712
31,5,128,75,0.6358510255813599,0.12258154898881912
31,5,128,76,0.4401648938655853,0.04473290592432022
31,5,128,77,0.5566829442977905,0.1438177078962326
31,5,128,78,0.4188189208507538,0.04488033801317215
31,5,128,79,0.503349781036377,0.12272319942712784
31,5,128,80,0.4981800615787506,0.07004430145025253
31,5,128,81,0.5674937963485718,0.043851397931575775
31,5,128,82,0.37265321612358093,0.07501158863306046
31,5,128,83,0.3827999532222748,0.03616801276803017
31,5,128,84,0.5052801370620728,0.03012079745531082
31,5,128,85,0.4383695125579834,0.0671880692243576
31,5,128,86,0.45711901783943176,0.13706201314926147
31,5,128,87,0.45265209674835205,0.059554681181907654
31,5,128,88,0.4618704915046692,0.06311199814081192
31,5,128,89,0.6883277297019958,0.13430236279964447
31,5,128,90,0.6100410223007202,0.11939743906259537
31,5,128,91,0.6811996102333069,0.11711964011192322
31,5,128,92,0.6169257760047913,0.10262703150510788
31,5,128,93,0.6682307124137878,0.07713291049003601
31,5,128,94,0.3271965980529785,0.1953829973936081
31,5,128,95,0.47341233491897583,0.07009494304656982
31,5,128,96,0.7098496556282043,0.08539056777954102
31,5,128,97,0.3948422372341156,0.11566206812858582
31,5,128,98,0.5773563981056213,0.07768679410219193
31,5,128,99,0.4601874351501465,0.05798053741455078
31,5,128,100,0.4576100707054138,0.04910852760076523
31,5,128,101,0.5090427398681641,0.14538989961147308
31,5,128,102,0.4274926781654358,0.0748635083436966
31,5,128,103,0.5523962378501892,0.17828036844730377
31,5,128,104,0.44351622462272644,0.09614389389753342
31,5,128,105,0.5070677995681763,0.010409397073090076
31,5,128,106,0.5202995538711548,0.02081329934298992
31,5,128,107,0.340520441532135,0.06962845474481583
31,5,128,108,0.613539457321167,0.12614558637142181
31,5,128,109,0.4022904336452484,0.02374969609081745
31,5,128,110,0.4557632505893707,0.038638919591903687
31,5,128,111,0.49601778388023376,0.11848489195108414
31,5,128,112,0.5113694667816162,0.06969442218542099
31,5,128,113,0.5099709033966064,0.08192946016788483
31,5,128,114,0.4953329563140869,0.02888071909546852
31,5,128,115,0.5623592734336853,0.04556681588292122
31,5,128,116,0.47375673055648804,0.049296870827674866
31,5,128,117,0.6838897466659546,0.15344366431236267
31,5,128,118,0.5894639492034912,0.04555476829409599
31,5,128,119,0.5100229978561401,0.027075083926320076
31,5,128,120,0.30928486585617065,0.06850594282150269
31,5,128,121,0.5576840043067932,0.05341895669698715
31,5,128,122,0.522804856300354,0.03631911426782608
31,5,128,123,0.6371698975563049,0.05522366985678673
31,5,128,124,0.6832780838012695,0.07239719480276108
31,5,128,125,0.5847963094711304,0.052015408873558044
31,5,128,126,0.4028540551662445,0.04882363975048065
31,5,128,127,0.4809969365596771,0.06647460907697678
32,0,32,0,0.39174774289131165,0.025046730414032936
32,0,32,1,0.4368777573108673,0.04687364026904106
32,0,32,2,0.5447199940681458,0.07715766131877899
32,0,32,3,0.48185089230537415,0.042368680238723755
32,0,32,4,0.43616563081741333,0.05969450622797012
32,0,32,5,0.5173198580741882,0.040561698377132416
32,0,32,6,0.37898045778274536,0.005430323537439108
32,0,32,7,0.47349339723587036,0.045366302132606506
32,0,32,8,0.5034192800521851,0.044584184885025024
32,0,32,9,0.421495258808136,0.0756610557436943
32,0,32,10,0.44090279936790466,0.025531888008117676
32,0,32,11,0.6081112027168274,0.04144713655114174
32,0,32,12,0.5643715262413025,0.014934388920664787
32,0,32,13,0.5510606169700623,0.038669653236866
32,0,32,14,0.5720985531806946,0.04631069675087929
32,0,32,15,0.4646361768245697,0.05578335374593735
32,0,32,16,0.6316501498222351,0.038050659000873566
32,0,32,17,0.4817701578140259,0.053418271243572235
32,0,32,18,0.473344624042511,0.026346225291490555
32,0,32,19,0.5334381461143494,0.06832454353570938
32,0,32,20,0.389499306678772,0.01564505137503147
32,0,32,21,0.5745178461074829,0.04150906577706337
32,0,32,22,0.5869881510734558,0.03304249793291092
32,0,32,23,0.5131267309188843,0.038827136158943176
32,0,32,24,0.6122987866401672,0.04651065543293953
32,0,32,25,0.6158846616744995,0.049492426216602325
32,0,32,26,0.49716681241989136,0.060521841049194336
32,0,32,27,0.5306236147880554,0.05160629749298096
32,0,32,28,0.5676410794258118,0.0523354597389698
32,0,32,29,0.5712078213691711,0.03171079233288765
32,0,32,30,0.5197662711143494,0.062435332685709
32,0,32,31,0.46000853180885315,0.027201872318983078
32,1,32,0,0.5102823972702026,0.09614112228155136
32,1,32,1,0.5965204834938049,0.022485505789518356
32,1,32,2,0.6015014052391052,0.013686202466487885
32,1,32,3,0.5326231122016907,0.10246486961841583
32,1,32,4,0.41776394844055176,0.11349847167730331
32,1,32,5,0.4807627499103546,0.09807706624269485
32,1,32,6,0.5742905139923096,0.039344072341918945
32,1,32,7,0.5621724724769592,0.08439424633979797
32,1,32,8,0.57433021068573,0.052232109010219574
32,1,32,9,0.6187009215354919,0.08836223185062408
32,1,32,10,0.5187955498695374,0.09626726806163788
32,1,32,11,0.3958612084388733,0.08488187938928604
32,1,32,12,0.5772209763526917,0.1040169820189476
32,1,32,13,0.568793535232544,0.10492990911006927
32,1,32,14,0.5868508219718933,0.0503353476524353
32,1,32,15,0.5625644326210022,0.021678397431969643
32,1,32,16,0.38837572932243347,0.06634628772735596
32,1,32,17,0.38286495208740234,0.02863484062254429
32,1,32,18,0.4026690423488617,0.044166531413793564
32,1,32,19,0.5462704300880432,0.09610733389854431
32,1,32,20,0.42555978894233704,0.10254303365945816
32,1,32,21,0.5350093841552734,0.09872124344110489
32,1,32,22,0.5185632109642029,0.09136856347322464
32,1,32,23,0.4651668667793274,0.09331824630498886
32,1,32,24,0.4280025362968445,0.01932024583220482
32,1,32,25,0.49165067076683044,0.0740714743733406
32,1,32,26,0.5875334739685059,0.036619823426008224
32,1,32,27,0.40096113085746765,0.11251982301473618
32,1,32,28,0.5176728963851929,0.11587250232696533
32,1,32,29,0.5722816586494446,0.05627160519361496
32,1,32,30,0.45666781067848206,0.04634567350149155
32,1,32,31,0.48437076807022095,0.12354645878076553
32,2,64,0,0.516364336013794,0.12490008026361465
32,2,64,1,0.418287456035614,0.07957902550697327
32,2,64,2,0.46003472805023193,0.03361028805375099
32,2,64,3,0.5074744820594788,0.05714096501469612
32,2,64,4,0.5377866625785828,0.08223966509103775
32,2,64,5,0.471503347158432,0.07507937401533127
32,2,64,6,0.45821744203567505,0.093988336622715
32,2,64,7,0.5724193453788757,0.04199697822332382
32,2,64,8,0.4656706750392914,0.13430453836917877
32,2,64,9,0.514697790145874,0.03304372355341911
32,2,64,10,0.4580165445804596,0.12844471633434296
32,2,64,11,0.6497510671615601,0.08994077146053314
32,2,64,12,0.5890268683433533,0.08991076052188873
32,2,64,13,0.4462336301803589,0.12598611414432526
32,2,64,14,0.42965370416641235,0.07594656944274902
32,2,64,15,0.4323340654373169,0.099365234375
32,2,64,16,0.5560987591743469,0.09208864718675613
32,2,64,17,0.44861751794815063,0.09153691679239273
32,2,64,18,0.35782426595687866,0.14339065551757812
32,2,64,19,0.4557693600654602,0.08879069983959198
32,2,64,20,0.5617402791976929,0.0945599377155304
32,2,64,21,0.3911714553833008,0.09890720993280411
32,2,64,22,0.4858502447605133,0.0632442906498909
32,2,64,23,0.5427011847496033,0.059797655791044235
32,2,64,24,0.5303484201431274,0.09782329946756363
32,2,64,25,0.5107317566871643,0.04709361121058464
32,2,64,26,0.5563209056854248,0.08972962945699692
32,2,64,27,0.4446370303630829,0.04757769778370857
32,2,64,28,0.4146524667739868,0.07435129582881927
32,2,64,29,0.4003196358680725,0.0884963721036911
32,2,64,30,0.4660946726799011,0.059874117374420166
32,2,64,31,0.5415157079696655,0.10668430477380753
32,2,64,32,0.49828264117240906,0.09856490790843964
32,2,64,33,0.5092527270317078,0.06079042702913284
32,2,64,34,0.5892730951309204,0.09366927295923233
32,2,64,35,0.34744948148727417,0.09521950036287308
32,2,64,36,0.49726343154907227,0.08834895491600037
32,2,64,37,0.5135313272476196,0.11329477280378342
32,2,64,38,0.4811844527721405,0.08042970299720764
32,2,64,39,0.5536834597587585,0.07279014587402344
32,2,64,40,0.390143483877182,0.07668077200651169
32,2,64,41,0.49024367332458496,0.12191558629274368
32,2,64,42,0.47133585810661316,0.05470765382051468
32,2,64,43,0.4005773365497589,0.08243034780025482
32,2,64,44,0.4971039295196533,0.09140618145465851
32,2,64,45,0.35274186730384827,0.09667684137821198
32,2,64,46,0.6107415556907654,0.08650535345077515
32,2,64,47,0.5347810387611389,0.08811762183904648
32,2,64,48,0.44301527738571167,0.08011213690042496
32,2,64,49,0.42219337821006775,0.17660529911518097
32,2,64,50,0.4687938094139099,0.09477593004703522
32,2,64,51,0.363840788602829,0.09317349642515182
32,2,64,52,0.46452397108078003,0.05840184912085533
32,2,64,53,0.4757697582244873,0.0713469460606575
32,2,64,54,0.494669646024704,0.08295614272356033
32,2,64,55,0.42187538743019104,0.05492132157087326
32,2,64,56,0.46985676884651184,0.08713220804929733
32,2,64,57,0.41410893201828003,0.06329639256000519
32,2,64,58,0.44795265793800354,0.11117690056562424
32,2,64,59,0.38347822427749634,0.19037950038909912
32,2,64,60,0.43616244196891785,0.07423578202724457
32,2,64,61,0.4149060845375061,0.08439011126756668
32,2,64,62,0.4630313813686371,0.06520825624465942
32,2,64,63,0.53692227602005,0.12313946336507797
32,3,64,0,0.5862886905670166,0.032262835651636124
32,3,64,1,0.5273680090904236,0.08345790952444077
32,3,64,2,0.6202303767204285,0.10190988332033157
32,3,64,3,0.630591630935669,0.034426093101501465
32,3,64,4,0.47867274284362793,0.0821414440870285
32,3,64,5,0.5129848122596741,0.035783037543296814
32,3,64,6,0.5417991280555725,0.04323391616344452
32,3,64,7,0.45881861448287964,0.07103097438812256
32,3,64,8,0.5550827383995056,0.08461707085371017
32,3,64,9,0.5178764462471008,0.022242363542318344
32,3,64,10,0.44663214683532715,0.031204376369714737
32,3,64,11,0.5112141966819763,0.029892003163695335
32,3,64,12,0.6105284690856934,0.11700113117694855
32,3,64,13,0.46354973316192627,0.052718400955200195
32,3,64,14,0.6127370595932007,0.12112950533628464
32,3,64,15,0.446731835603714,0.015234837308526039
32,3,64,16,0.4764965772628784,0.03916779160499573
32,3,64,17,0.6023467183113098,0.045536480844020844
32,3,64,18,0.564341127872467,0.05130333453416824
32,3,64,19,0.4078945815563202,0.032956529408693314
32,3,64,20,0.49966269731521606,0.024615583941340446
32,3,64,21,0.4895539879798889,0.07587403059005737
32,3,64,22,0.47503796219825745,0.059347838163375854
32,3,64,23,0.4966636300086975,0.01867355778813362
32,3,64,24,0.6219020485877991,0.05164215341210365
32,3,64,25,0.5101156234741211,0.03744584694504738
32,3,64,26,0.48139405250549316,0.11617229133844376
32,3,64,27,0.4603636860847473,0.03569686785340309
32,3,64,28,0.4538131058216095,0.030798057094216347
32,3,64,29,0.4937494993209839,0.029306242242455482
32,3,64,30,0.44823986291885376,0.06767971813678741
32,3,64,31,0.5506150722503662,0.03783738613128662
32,3,64,32,0.5009213089942932,0.09283557534217834
32,3,64,33,0.5493265986442566,0.06263305246829987
32,3,64,34,0.527728259563446,0.05549066513776779
32,3,64,35,0.388492226600647,0.07166379690170288
32,3,64,36,0.5601035952568054,0.10629549622535706
32,3,64,37,0.577472984790802,0.12143848091363907
32,3,64,38,0.5773628354072571,0.03973257914185524
32,3,64,39,0.41553202271461487,0.01930921897292137
32,3,64,40,0.4753771126270294,0.03471088409423828
32,3,64,41,0.5750694870948792,0.029987042769789696
32,3,64,42,0.536897599697113,0.049331050366163254
32,3,64,43,0.5754214525222778,0.06634946912527084
32,3,64,44,0.4961545169353485,0.05276987701654434
32,3,64,45,0.5988070964813232,0.0970807746052742
32,3,64,46,0.5210446119308472,0.03379415348172188
32,3,64,47,0.4711146652698517,0.03993602097034454
32,3,64,48,0.5441351532936096,0.08637721091508865
32,3,64,49,0.5118556022644043,0.03828549385070801
32,3,64,50,0.378868967294693,0.09378483146429062
32,3,64,51,0.4766589403152466,0.03788318485021591
32,3,64,52,0.5038026571273804,0.0751834288239479
32,3,64,53,0.5199251770973206,0.0503365732729435
32,3,64,54,0.40057316422462463,0.03536481782793999
32,3,64,55,0.4472835063934326,0.06384588032960892
32,3,64,56,0.4695264995098114,0.07522474974393845
32,3,64,57,0.3998299539089203,0.10032385587692261
32,3,64,58,0.5348151326179504,0.03463923931121826
32,3,64,59,0.5186767578125,0.04292341321706772
32,3,64,60,0.5221874117851257,0.06519749015569687
32,3,64,61,0.5917158126831055,0.06304517388343811
32,3,64,62,0.4254215359687805,0.1163329929113388
32,3,64,63,0.6616713404655457,0.06886637955904007
32,4,128,0,0.7085186243057251,0.150756374001503
32,4,128,1,0.5104063749313354,0.05782800540328026
32,4,128,2,0.638521671295166,0.14648446440696716
32,4,128,3,0.4610341787338257,0.04101157560944557
32,4,128,4,0.45224061608314514,0.16013048589229584
32,4,128,5,0.6267216801643372,0.14683887362480164
32,4,128,6,0.5587129592895508,0.040362052619457245
32,4,128,7,0.6196423768997192,0.11895541101694107
32,4,128,8,0.7256362438201904,0.18530872464179993
32,4,128,9,0.5965875387191772,0.15437017381191254
32,4,128,10,0.3986162841320038,0.2175672948360443
32,4,128,11,0.5014543533325195,0.05340304225683212
32,4,128,12,0.6837418675422668,0.22001215815544128
32,4,128,13,0.4853920042514801,0.04220081493258476
32,4,128,14,0.5811096429824829,0.07510609179735184
32,4,128,15,0.7507854700088501,0.20564207434654236
32,4,128,16,0.4265187084674835,0.14807912707328796
32,4,128,17,0.47218674421310425,0.06385253369808197
32,4,128,18,0.565001904964447,0.1269192099571228
32,4,128,19,0.30023670196533203,0.14808134734630585
32,4,128,20,0.5671794414520264,0.07411655783653259
32,4,128,21,0.4865264594554901,0.07269462198019028
32,4,128,22,0.44579312205314636,0.05117316171526909
32,4,128,23,0.7336839437484741,0.1278400868177414
32,4,128,24,0.23472601175308228,0.13655951619148254
32,4,128,25,0.47745588421821594,0.12203064560890198
32,4,128,26,0.5023626685142517,0.039271872490644455
32,4,128,27,0.44384050369262695,0.10596873611211777
32,4,128,28,0.4218127131462097,0.09918377548456192
32,4,128,29,0.6709957122802734,0.09347992390394211
32,4,128,30,0.3818647265434265,0.1893283575773239
32,4,128,31,0.30293816328048706,0.11478595435619354
32,4,128,32,0.33156320452690125,0.13751806318759918
32,4,128,33,0.7577123045921326,0.18977037072181702
32,4,128,34,0.6170926094055176,0.14427222311496735
32,4,128,35,0.6104182600975037,0.2028241604566574
32,4,128,36,0.3769027292728424,0.08058077096939087
32,4,128,37,0.4208957254886627,0.0554916076362133
32,4,128,38,0.3398149311542511,0.09755603969097137
32,4,128,39,0.2642863690853119,0.08066361397504807
32,4,128,40,0.7068402171134949,0.133560448884964
32,4,128,41,0.6999039053916931,0.1326369345188141
32,4,128,42,0.6734287738800049,0.12269195169210434
32,4,128,43,0.5257154107093811,0.1518298089504242
32,4,128,44,0.2620563209056854,0.11094159632921219
32,4,128,45,0.412558913230896,0.13536204397678375
32,4,128,46,0.5941755771636963,0.11126488447189331
32,4,128,47,0.4331793189048767,0.244429349899292
32,4,128,48,0.4991183280944824,0.07117296755313873
32,4,128,49,0.3094790279865265,0.18470092117786407
32,4,128,50,0.42703723907470703,0.10330604761838913
32,4,128,51,0.6223388910293579,0.1775730699300766
32,4,128,52,0.5919252038002014,0.06491678953170776
32,4,128,53,0.7733102440834045,0.1917092204093933
32,4,128,54,0.7713027000427246,0.21947816014289856
32,4,128,55,0.7420188784599304,0.18684005737304688
32,4,128,56,0.6980178952217102,0.2465888112783432
32,4,128,57,0.4471338093280792,0.22279319167137146
32,4,128,58,0.48888662457466125,0.1539737433195114
32,4,128,59,0.5798627138137817,0.11984720826148987
32,4,128,60,0.582935631275177,0.09068657457828522
32,4,128,61,0.5771350264549255,0.1262059509754181
32,4,128,62,0.43511950969696045,0.057394787669181824
32,4,128,63,0.748982310295105,0.19437168538570404
32,4,128,64,0.5127497911453247,0.13331419229507446
32,4,128,65,0.6224720478057861,0.11907203495502472
32,4,128,66,0.5297596454620361,0.09645604342222214
32,4,128,67,0.6610280275344849,0.1782558262348175
32,4,128,68,0.722226083278656,0.20714977383613586
32,4,128,69,0.30227959156036377,0.0857650563120842
32,4,128,70,0.736324667930603,0.15169422328472137
32,4,128,71,0.5209760069847107,0.049388282001018524
32,4,128,72,0.5493366718292236,0.07613877207040787
32,4,128,73,0.6858744025230408,0.2327776849269867
32,4,128,74,0.6587777733802795,0.18773816525936127
32,4,128,75,0.35152116417884827,0.1773201823234558
32,4,128,76,0.6953829526901245,0.18626104295253754
32,4,128,77,0.6878945231437683,0.08435733616352081
32,4,128,78,0.44118732213974,0.06440883874893188
32,4,128,79,0.6813874840736389,0.10894275456666946
32,4,128,80,0.6541913747787476,0.09616422653198242
32,4,128,81,0.3734261691570282,0.12332282215356827
32,4,128,82,0.6605813503265381,0.25190797448158264
32,4,128,83,0.5332204103469849,0.03665340319275856
32,4,128,84,0.2995186448097229,0.18679365515708923
32,4,128,85,0.7529020309448242,0.11696984618902206
32,4,128,86,0.5317648649215698,0.1465984582901001
32,4,128,87,0.8048326969146729,0.12950685620307922
32,4,128,88,0.6882650852203369,0.10232586413621902
32,4,128,89,0.5822626948356628,0.27039623260498047
32,4,128,90,0.32850754261016846,0.1551239788532257
32,4,128,91,0.7022719979286194,0.1126103550195694
32,4,128,92,0.37487250566482544,0.25017663836479187
32,4,128,93,0.45261213183403015,0.13934193551540375
32,4,128,94,0.5178201794624329,0.0473066046833992
32,4,128,95,0.6655287146568298,0.10973645001649857
32,4,128,96,0.4615885019302368,0.09058821201324463
32,4,128,97,0.7685012817382812,0.13518910109996796
32,4,128,98,0.35018932819366455,0.17138178646564484
32,4,128,99,0.725254237651825,0.10440154373645782
32,4,128,100,0.6447046399116516,0.24455541372299194
32,4,128,101,0.5176247358322144,0.06354080140590668
32,4,128,102,0.8077995181083679,0.11013033986091614
32,4,128,103,0.5768033266067505,0.05489801988005638
32,4,128,104,0.6143062114715576,0.05324261635541916
32,4,128,105,0.6653406620025635,0.119414784014225
32,4,128,106,0.635316014289856,0.23852786421775818
32,4,128,107,0.6534329056739807,0.11751173436641693
32,4,128,108,0.6540847420692444,0.08771120011806488
32,4,128,109,0.6494914889335632,0.10693984478712082
32,4,128,110,0.4932782053947449,0.1701255440711975
32,4,128,111,0.7330802083015442,0.1433362513780594
32,4,128,112,0.6181648373603821,0.057448189705610275
32,4,128,113,0.6220463514328003,0.15841186046600342
32,4,128,114,0.7017176747322083,0.056827351450920105
32,4,128,115,0.6190513968467712,0.06028256565332413
32,4,128,116,0.6024520993232727,0.0755513533949852
32,4,128,117,0.5674037933349609,0.18802566826343536
32,4,128,118,0.6393325924873352,0.29175880551338196
32,4,128,119,0.5067786574363708,0.1206413060426712
32,4,128,120,0.6400742530822754,0.20128771662712097
32,4,128,121,0.7348973751068115,0.23330138623714447
32,4,128,122,0.7192760109901428,0.14851926267147064
32,4,128,123,0.5649314522743225,0.11260498315095901
32,4,128,124,0.35066649317741394,0.2274390459060669
32,4,128,125,0.75154048204422,0.17494258284568787
32,4,128,126,0.6619375944137573,0.1649039387702942
32,4,128,127,0.5483346581459045,0.11596768349409103
32,5,128,0,0.6662091612815857,0.13999944925308228
32,5,128,1,0.6708263754844666,0.15729328989982605
32,5,128,2,0.6937559247016907,0.14874054491519928
32,5,128,3,0.4886704087257385,0.017679747194051743
32,5,128,4,0.3913941979408264,0.08400413393974304
32,5,128,5,0.7062997817993164,0.12875273823738098
32,5,128,6,0.5393742322921753,0.0506393238902092
32,5,128,7,0.3259095847606659,0.12737096846103668
32,5,128,8,0.7198787927627563,0.22566717863082886
32,5,128,9,0.427408903837204,0.0861794576048851
32,5,128,10,0.6812031865119934,0.14359542727470398
32,5,128,11,0.3849222958087921,0.10884040594100952
32,5,128,12,0.5949568748474121,0.08903776854276657
32,5,128,13,0.48026278614997864,0.03505193442106247
32,5,128,14,0.4961667060852051,0.07502926141023636
32,5,128,15,0.735338568687439,0.17844060063362122
32,5,128,16,0.4094569683074951,0.08931689709424973
32,5,128,17,0.5152125954627991,0.057121988385915756
32,5,128,18,0.6365697383880615,0.1302417665719986
32,5,128,19,0.7328265905380249,0.17375794053077698
32,5,128,20,0.6648807525634766,0.1780395656824112
32,5,128,21,0.47186440229415894,0.02506413497030735
32,5,128,22,0.5640374422073364,0.04296550899744034
32,5,128,23,0.7272350192070007,0.15242449939250946
32,5,128,24,0.6552591323852539,0.132855623960495
32,5,128,25,0.5789288282394409,0.02250825986266136
32,5,128,26,0.6592854857444763,0.1511758714914322
32,5,128,27,0.6209700107574463,0.14553052186965942
32,5,128,28,0.6648635268211365,0.1441083550453186
32,5,128,29,0.6843011379241943,0.25661754608154297
32,5,128,30,0.5663312673568726,0.09537708014249802
32,5,128,31,0.6222670078277588,0.1385393738746643
32,5,128,32,0.4963265061378479,0.03551427647471428
32,5,128,33,0.686278223991394,0.16849227249622345
32,5,128,34,0.5376737117767334,0.010572136379778385
32,5,128,35,0.5753864049911499,0.11956992000341415
32,5,128,36,0.6971033215522766,0.14676779508590698
32,5,128,37,0.7005905508995056,0.22411784529685974
32,5,128,38,0.6097905039787292,0.10926128923892975
32,5,128,39,0.7343677878379822,0.17775103449821472
32,5,128,40,0.7586004137992859,0.1906367540359497
32,5,128,41,0.5614413022994995,0.02769031748175621
32,5,128,42,0.6960065960884094,0.17648522555828094
32,5,128,43,0.6156360507011414,0.06110139563679695
32,5,128,44,0.667766273021698,0.1601182073354721
32,5,128,45,0.43173733353614807,0.010971291922032833
32,5,128,46,0.7236871719360352,0.1463078409433365
32,5,128,47,0.6740400791168213,0.13773639500141144
32,5,128,48,0.5492965579032898,0.11404993385076523
32,5,128,49,0.5924423933029175,0.05840907618403435
32,5,128,50,0.6256976127624512,0.09905123710632324
32,5,128,51,0.36931148171424866,0.07346542924642563
32,5,128,52,0.6467471122741699,0.09664585441350937
32,5,128,53,0.673077404499054,0.15411150455474854
32,5,128,54,0.7172825932502747,0.19754987955093384
32,5,128,55,0.5909095406532288,0.08247935771942139
32,5,128,56,0.7099896669387817,0.14520642161369324
32,5,128,57,0.4843076467514038,0.025969887152314186
32,5,128,58,0.33520469069480896,0.1153099313378334
32,5,128,59,0.5946859121322632,0.06281441450119019
32,5,128,60,0.6339661478996277,0.1254129558801651
32,5,128,61,0.7101374864578247,0.15976716578006744
32,5,128,62,0.681823194026947,0.14693903923034668
32,5,128,63,0.6561190485954285,0.16546492278575897
32,5,128,64,0.5984184741973877,0.05012483522295952
32,5,128,65,0.6612139344215393,0.12622487545013428
32,5,128,66,0.5729234218597412,0.05228332802653313
32,5,128,67,0.6306173801422119,0.1042267456650734
32,5,128,68,0.6995217204093933,0.20965643227100372
32,5,128,69,0.6002326011657715,0.0633513554930687
32,5,128,70,0.6518620848655701,0.11418937891721725
32,5,128,71,0.6493474245071411,0.20361095666885376
32,5,128,72,0.5209671854972839,0.011427577584981918
32,5,128,73,0.46451205015182495,0.015028801746666431
32,5,128,74,0.7214829921722412,0.20231381058692932
32,5,128,75,0.5882570743560791,0.0569753423333168
32,5,128,76,0.695412278175354,0.19967859983444214
32,5,128,77,0.6549678444862366,0.050046756863594055
32,5,128,78,0.7008421421051025,0.18681083619594574
32,5,128,79,0.6015406847000122,0.08503776043653488
32,5,128,80,0.6910131573677063,0.15957050025463104
32,5,128,81,0.3541402518749237,0.17920367419719696
32,5,128,82,0.4992229640483856,0.05411253497004509
32,5,128,83,0.5501891374588013,0.06316404044628143
32,5,128,84,0.5666202902793884,0.013128059916198254
32,5,128,85,0.6640362739562988,0.08415694534778595
32,5,128,86,0.4964497685432434,0.01818365417420864
32,5,128,87,0.42822563648223877,0.05063990131020546
32,5,128,88,0.4656006395816803,0.05805352330207825
32,5,128,89,0.5626621842384338,0.07895903289318085
32,5,128,90,0.4285244047641754,0.01644822210073471
32,5,128,91,0.691200315952301,0.17785312235355377
32,5,128,92,0.705498456954956,0.17063595354557037
32,5,128,93,0.6811320781707764,0.17453552782535553
32,5,128,94,0.6983628869056702,0.1802932620048523
32,5,128,95,0.5792621374130249,0.06988580524921417
32,5,128,96,0.5282962322235107,0.062237001955509186
32,5,128,97,0.695044219493866,0.1432492583990097
32,5,128,98,0.43224436044692993,0.023836035281419754
32,5,128,99,0.629340410232544,0.0920015349984169
32,5,128,100,0.7087821364402771,0.16107264161109924
32,5,128,101,0.6227489113807678,0.1493179202079773
32,5,128,102,0.5973177552223206,0.0419965535402298
32,5,128,103,0.5380786657333374,0.09651172161102295
32,5,128,104,0.5113033652305603,0.03589743748307228
32,5,128,105,0.34737616777420044,0.10831449925899506
32,5,128,106,0.3093332350254059,0.11769180744886398
32,5,128,107,0.4770312011241913,0.04258891940116882
32,5,128,108,0.4084847569465637,0.10749933868646622
32,5,128,109,0.5359876751899719,0.021911537274718285
32,5,128,110,0.5601193904876709,0.04909934848546982
32,5,128,111,0.42991214990615845,0.1272495985031128
32,5,128,112,0.44661834836006165,0.018519338220357895
32,5,128,113,0.6330994963645935,0.10036628693342209
32,5,128,114,0.6077711582183838,0.12050000578165054
32,5,128,115,0.4519527554512024,0.06589628010988235
32,5,128,116,0.6121647953987122,0.09862137585878372
32,5,128,117,0.5977553725242615,0.1083691194653511
32,5,128,118,0.5086190104484558,0.059406571090221405
32,5,128,119,0.638027012348175,0.03915264457464218
32,5,128,120,0.7585271000862122,0.17761380970478058
32,5,128,121,0.6035529971122742,0.0476948544383049
32,5,128,122,0.5245519280433655,0.055946312844753265
32,5,128,123,0.371918648481369,0.10469463467597961
32,5,128,124,0.44547513127326965,0.04477706551551819
32,5,128,125,0.6954548358917236,0.22772955894470215
32,5,128,126,0.6741405725479126,0.05674603953957558
32,5,128,127,0.6971369385719299,0.19437481462955475
33,0,32,0,0.5919323563575745,0.008933110162615776
33,0,32,1,0.6377860903739929,0.06080801039934158
33,0,32,2,0.41303685307502747,0.0901745855808258
33,0,32,3,0.5344507098197937,0.101694256067276
33,0,32,4,0.5977182984352112,0.02110760658979416
33,0,32,5,0.6140650510787964,0.06528507173061371
33,0,32,6,0.5675616264343262,0.02553134597837925
33,0,32,7,0.415973037481308,0.055079203099012375
33,0,32,8,0.5401546359062195,0.09256518632173538
33,0,32,9,0.5831776261329651,0.06118706986308098
33,0,32,10,0.5238326191902161,0.057015322148799896
33,0,32,11,0.6011630296707153,0.07357653230428696
33,0,32,12,0.5729005336761475,0.028317300602793694
33,0,32,13,0.6260592341423035,0.07910844683647156
33,0,32,14,0.46666109561920166,0.055433791130781174
33,0,32,15,0.39976298809051514,0.0668848529458046
33,0,32,16,0.39848172664642334,0.06672995537519455
33,0,32,17,0.6263542771339417,0.07724092900753021
33,0,32,18,0.515887975692749,0.10528349131345749
33,0,32,19,0.5923849940299988,0.06410472840070724
33,0,32,20,0.4063967764377594,0.06450860947370529
33,0,32,21,0.5768057703971863,0.09321872889995575
33,0,32,22,0.5366649031639099,0.11557604372501373
33,0,32,23,0.4779543876647949,0.03773338720202446
33,0,32,24,0.4996958374977112,0.07883407175540924
33,0,32,25,0.5398951768875122,0.06113705039024353
33,0,32,26,0.43096473813056946,0.07159280776977539
33,0,32,27,0.39931368827819824,0.05569468438625336
33,0,32,28,0.40356552600860596,0.05026203393936157
33,0,32,29,0.5630999803543091,0.08572985231876373
33,0,32,30,0.5931745171546936,0.0569426603615284
33,0,32,31,0.5850417613983154,0.08659473806619644
33,1,32,0,0.4121769666671753,0.020009281113743782
33,1,32,1,0.4406563937664032,0.06986589729785919
33,1,32,2,0.5950556397438049,0.047160133719444275
33,1,32,3,0.4532756507396698,0.06704623252153397
33,1,32,4,0.5702241063117981,0.06574700772762299
33,1,32,5,0.5561999678611755,0.06412232667207718
33,1,32,6,0.4848249554634094,0.06316336989402771
33,1,32,7,0.5024446249008179,0.053014952689409256
33,1,32,8,0.38867977261543274,0.04601450264453888
33,1,32,9,0.537756085395813,0.03299112617969513
33,1,32,10,0.45369407534599304,0.0531063936650753
33,1,32,11,0.4457298815250397,0.0585329569876194
33,1,32,12,0.49042823910713196,0.050459448248147964
33,1,32,13,0.48655304312705994,0.0711258202791214
33,1,32,14,0.5353644490242004,0.06594540923833847
33,1,32,15,0.3843379020690918,0.045783881098032
33,1,32,16,0.5064610838890076,0.06808600574731827
33,1,32,17,0.4352600574493408,0.06048994138836861
33,1,32,18,0.5770959854125977,0.030513275414705276
33,1,32,19,0.6034190654754639,0.0533088743686676
33,1,32,20,0.3953149616718292,0.059794194996356964
33,1,32,21,0.4638136625289917,0.07491753995418549
33,1,32,22,0.39875131845474243,0.06705861538648605
33,1,32,23,0.6152306795120239,0.04334573447704315
33,1,32,24,0.3581556975841522,0.06389528512954712
33,1,32,25,0.41916534304618835,0.059822410345077515
33,1,32,26,0.607463002204895,0.034847062081098557
33,1,32,27,0.6137116551399231,0.056051529943943024
33,1,32,28,0.5133633613586426,0.04888676851987839
33,1,32,29,0.576678454875946,0.0586322657763958
33,1,32,30,0.4290584623813629,0.04487493261694908
33,1,32,31,0.5559389591217041,0.023970484733581543
33,2,64,0,0.3980017900466919,0.06846405565738678
33,2,64,1,0.4731403887271881,0.12310296297073364
33,2,64,2,0.4468526244163513,0.09265871345996857
33,2,64,3,0.5207357406616211,0.14810685813426971
33,2,64,4,0.46454641222953796,0.15067657828330994
33,2,64,5,0.46504920721054077,0.16251100599765778
33,2,64,6,0.4059670865535736,0.05535140261054039
33,2,64,7,0.3965703845024109,0.10679800808429718
33,2,64,8,0.47881022095680237,0.13162708282470703
33,2,64,9,0.6836568117141724,0.0839572325348854
33,2,64,10,0.5748612284660339,0.12020071595907211
33,2,64,11,0.4717620313167572,0.13757985830307007
33,2,64,12,0.553838312625885,0.10101018846035004
33,2,64,13,0.5462651252746582,0.10505521297454834
33,2,64,14,0.41886523365974426,0.12946468591690063
33,2,64,15,0.38715672492980957,0.141167551279068
33,2,64,16,0.38581573963165283,0.10727497190237045
33,2,64,17,0.5181110501289368,0.18969129025936127
33,2,64,18,0.46835944056510925,0.10516083985567093
33,2,64,19,0.5044946074485779,0.1340281218290329
33,2,64,20,0.6010004878044128,0.0710327997803688
33,2,64,21,0.4876773953437805,0.11723382025957108
33,2,64,22,0.5741275548934937,0.06434479355812073
33,2,64,23,0.6895577311515808,0.07080455124378204
33,2,64,24,0.37119027972221375,0.06441827863454819
33,2,64,25,0.5452840924263,0.0911342054605484
33,2,64,26,0.46148329973220825,0.10463331639766693
33,2,64,27,0.4275902509689331,0.03731304407119751
33,2,64,28,0.4315762519836426,0.09258891642093658
33,2,64,29,0.4816478192806244,0.12653230130672455
33,2,64,30,0.5104308724403381,0.06522095203399658
33,2,64,31,0.5377206802368164,0.1571127027273178
33,2,64,32,0.49287790060043335,0.08726570755243301
33,2,64,33,0.5125153064727783,0.11498691886663437
33,2,64,34,0.5167198181152344,0.12445168197154999
33,2,64,35,0.4835290312767029,0.14540454745292664
33,2,64,36,0.48999282717704773,0.13678418099880219
33,2,64,37,0.4068838953971863,0.1315890997648239
33,2,64,38,0.5281412601470947,0.14882950484752655
33,2,64,39,0.4899062216281891,0.08148360997438431
33,2,64,40,0.5222246646881104,0.16472755372524261
33,2,64,41,0.515383780002594,0.08456004410982132
33,2,64,42,0.4073604941368103,0.06851566582918167
33,2,64,43,0.4769309163093567,0.12659615278244019
33,2,64,44,0.5270786881446838,0.08995961397886276
33,2,64,45,0.49784621596336365,0.18211978673934937
33,2,64,46,0.4807901084423065,0.16564999520778656
33,2,64,47,0.5130953192710876,0.11660760641098022
33,2,64,48,0.47588929533958435,0.06401465833187103
33,2,64,49,0.43465349078178406,0.09892823547124863
33,2,64,50,0.4098467528820038,0.15061569213867188
33,2,64,51,0.45931336283683777,0.06973769515752792
33,2,64,52,0.45466184616088867,0.08195716142654419
33,2,64,53,0.46245747804641724,0.14319655299186707
33,2,64,54,0.4426547884941101,0.117160864174366
33,2,64,55,0.5038082003593445,0.10809113085269928
33,2,64,56,0.43233978748321533,0.13837213814258575
33,2,64,57,0.43667319416999817,0.1246318593621254
33,2,64,58,0.5627347826957703,0.13748838007450104
33,2,64,59,0.4319520592689514,0.1705659180879593
33,2,64,60,0.46633121371269226,0.13657686114311218
33,2,64,61,0.4916415810585022,0.15987443923950195
33,2,64,62,0.5120048522949219,0.06930161267518997
33,2,64,63,0.43162766098976135,0.09869115054607391
33,3,64,0,0.6434811949729919,0.05037837103009224
33,3,64,1,0.5493919253349304,0.09086906164884567
33,3,64,2,0.3997099697589874,0.07473607361316681
33,3,64,3,0.5775425434112549,0.10372608155012131
33,3,64,4,0.49622756242752075,0.14533308148384094
33,3,64,5,0.5953720211982727,0.26412585377693176
33,3,64,6,0.3192123472690582,0.07966633141040802
33,3,64,7,0.4828997552394867,0.07086130976676941
33,3,64,8,0.521022617816925,0.06673979759216309
33,3,64,9,0.6728857755661011,0.12055234611034393
33,3,64,10,0.5769413709640503,0.12399829924106598
33,3,64,11,0.6270864605903625,0.16455622017383575
33,3,64,12,0.5596547722816467,0.15721988677978516
33,3,64,13,0.5636597275733948,0.08764958381652832
33,3,64,14,0.6847407817840576,0.05902117118239403
33,3,64,15,0.45082101225852966,0.10452640056610107
33,3,64,16,0.4239739179611206,0.06088715419173241
33,3,64,17,0.39238277077674866,0.07787808775901794
33,3,64,18,0.48413676023483276,0.197527676820755
33,3,64,19,0.48119884729385376,0.04993285611271858
33,3,64,20,0.3585655093193054,0.0834474265575409
33,3,64,21,0.5944891571998596,0.09286050498485565
33,3,64,22,0.5894030332565308,0.044730789959430695
33,3,64,23,0.6358997225761414,0.15969336032867432
33,3,64,24,0.49259841442108154,0.08020303398370743
33,3,64,25,0.4333571195602417,0.11085116863250732
33,3,64,26,0.5638636350631714,0.09079290181398392
33,3,64,27,0.46438783407211304,0.08151669055223465
33,3,64,28,0.38878539204597473,0.1913718283176422
33,3,64,29,0.3946644365787506,0.13013838231563568
33,3,64,30,0.4977618157863617,0.0745951384305954
33,3,64,31,0.49343037605285645,0.13881732523441315
33,3,64,32,0.32093551754951477,0.08586656302213669
33,3,64,33,0.6263535618782043,0.12088585644960403
33,3,64,34,0.7112427353858948,0.12098786979913712
33,3,64,35,0.5553614497184753,0.0474960021674633
33,3,64,36,0.5701493620872498,0.06391165405511856
33,3,64,37,0.6147686243057251,0.09547622501850128
33,3,64,38,0.43300390243530273,0.08384004235267639
33,3,64,39,0.47407329082489014,0.07022908329963684
33,3,64,40,0.5694167613983154,0.16326458752155304
33,3,64,41,0.4012685716152191,0.14795926213264465
33,3,64,42,0.44217684864997864,0.08472597599029541
33,3,64,43,0.4103105068206787,0.1276676505804062
33,3,64,44,0.3244132697582245,0.10790324956178665
33,3,64,45,0.33799248933792114,0.13061971962451935
33,3,64,46,0.516608715057373,0.05639040842652321
33,3,64,47,0.36472633481025696,0.1304509937763214
33,3,64,48,0.4627830982208252,0.09349392354488373
33,3,64,49,0.45867010951042175,0.1306869238615036
33,3,64,50,0.5380165576934814,0.16710369288921356
33,3,64,51,0.6045697331428528,0.12276168167591095
33,3,64,52,0.5443437099456787,0.060161467641592026
33,3,64,53,0.43718424439430237,0.07250083982944489
33,3,64,54,0.36179304122924805,0.18103227019309998
33,3,64,55,0.6005823016166687,0.11415699124336243
33,3,64,56,0.6620683073997498,0.11112058907747269
33,3,64,57,0.4789877235889435,0.15172597765922546
33,3,64,58,0.6291420459747314,0.1928108185529709
33,3,64,59,0.33810263872146606,0.1497015357017517
33,3,64,60,0.6645290851593018,0.06561578065156937
33,3,64,61,0.5878442525863647,0.14788047969341278
33,3,64,62,0.5440112352371216,0.06983555853366852
33,3,64,63,0.5965726375579834,0.12903256714344025
33,4,128,0,0.7291103601455688,0.0906192809343338
33,4,128,1,0.6101853847503662,0.3211824893951416
33,4,128,2,0.5212060809135437,0.1470663994550705
33,4,128,3,0.5811201930046082,0.2335052341222763
33,4,128,4,0.476018488407135,0.10263467580080032
33,4,128,5,0.6016906499862671,0.1262354999780655
33,4,128,6,0.38731685280799866,0.19367408752441406
33,4,128,7,0.4066465198993683,0.275567889213562
33,4,128,8,0.46503403782844543,0.2623741626739502
33,4,128,9,0.7541693449020386,0.0782008245587349
33,4,128,10,0.6227477192878723,0.1547543704509735
33,4,128,11,0.7438824772834778,0.11980213224887848
33,4,128,12,0.6533019542694092,0.21087759733200073
33,4,128,13,0.6814286112785339,0.18004943430423737
33,4,128,14,0.39004772901535034,0.1091325506567955
33,4,128,15,0.3944791257381439,0.18009935319423676
33,4,128,16,0.6337575912475586,0.11275336146354675
33,4,128,17,0.4060996174812317,0.07203740626573563
33,4,128,18,0.5817809104919434,0.10007759928703308
33,4,128,19,0.5156343579292297,0.28397244215011597
33,4,128,20,0.7069832682609558,0.0875343605875969
33,4,128,21,0.4279254078865051,0.1081402525305748
33,4,128,22,0.555683970451355,0.19567295908927917
33,4,128,23,0.49339625239372253,0.10973473638296127
33,4,128,24,0.5903501510620117,0.18820521235466003
33,4,128,25,0.4320819079875946,0.18678858876228333
33,4,128,26,0.6327144503593445,0.12252607941627502
33,4,128,27,0.6793274283409119,0.1591227799654007
33,4,128,28,0.6796815991401672,0.13044370710849762
33,4,128,29,0.6052806377410889,0.10635272413492203
33,4,128,30,0.7264783382415771,0.2020478993654251
33,4,128,31,0.6982154846191406,0.13893166184425354
33,4,128,32,0.6423667073249817,0.2831275761127472
33,4,128,33,0.4519244432449341,0.1731521040201187
33,4,128,34,0.45687028765678406,0.1177562028169632
33,4,128,35,0.40475940704345703,0.19659323990345
33,4,128,36,0.38894274830818176,0.18139126896858215
33,4,128,37,0.5089603066444397,0.045452672988176346
33,4,128,38,0.6945585012435913,0.24542094767093658
33,4,128,39,0.4342724084854126,0.10540612041950226
33,4,128,40,0.5785024762153625,0.155587300658226
33,4,128,41,0.3816676139831543,0.2803374230861664
33,4,128,42,0.36406248807907104,0.16921088099479675
33,4,128,43,0.6508818864822388,0.2925340235233307
33,4,128,44,0.7386740446090698,0.13486027717590332
33,4,128,45,0.4161127209663391,0.13875263929367065
33,4,128,46,0.779328465461731,0.1363905817270279
33,4,128,47,0.6085385084152222,0.3195652663707733
33,4,128,48,0.46110445261001587,0.12174592167139053
33,4,128,49,0.5896347761154175,0.11012228578329086
33,4,128,50,0.36104148626327515,0.10373883694410324
33,4,128,51,0.4329780042171478,0.07931476086378098
33,4,128,52,0.5474544763565063,0.1014508381485939
33,4,128,53,0.4452926516532898,0.16869543492794037
33,4,128,54,0.7387561202049255,0.09022726118564606
33,4,128,55,0.2764337658882141,0.07862047851085663
33,4,128,56,0.3790070712566376,0.3575805127620697
33,4,128,57,0.27908897399902344,0.12189145386219025
33,4,128,58,0.6044144630432129,0.13507080078125
33,4,128,59,0.40320220589637756,0.07335341721773148
33,4,128,60,0.5149909853935242,0.25732359290122986
33,4,128,61,0.43031999468803406,0.3026773929595947
33,4,128,62,0.46468618512153625,0.254245400428772
33,4,128,63,0.6610413789749146,0.16839736700057983
33,4,128,64,0.641973078250885,0.17160554230213165
33,4,128,65,0.660746157169342,0.2361883670091629
33,4,128,66,0.35239091515541077,0.12195109575986862
33,4,128,67,0.760247528553009,0.08688753843307495
33,4,128,68,0.5182301998138428,0.23838737607002258
33,4,128,69,0.4604705572128296,0.16736793518066406
33,4,128,70,0.6503165364265442,0.16160078346729279
33,4,128,71,0.5988602638244629,0.24543316662311554
33,4,128,72,0.7230068445205688,0.1284673511981964
33,4,128,73,0.6423086524009705,0.18947932124137878
33,4,128,74,0.3630167245864868,0.3022814095020294
33,4,128,75,0.6997581124305725,0.13348399102687836
33,4,128,76,0.6568390727043152,0.1254812479019165
33,4,128,77,0.5416859984397888,0.29423320293426514
33,4,128,78,0.6193281412124634,0.21302936971187592
33,4,128,79,0.2694638669490814,0.08802208304405212
33,4,128,80,0.4215985834598541,0.28338056802749634
33,4,128,81,0.5191752910614014,0.23465806245803833
33,4,128,82,0.40979161858558655,0.2609347105026245
33,4,128,83,0.38466063141822815,0.2525397837162018
33,4,128,84,0.348313570022583,0.2471143901348114
33,4,128,85,0.5775080919265747,0.13515765964984894
33,4,128,86,0.7842680811882019,0.11543327569961548
33,4,128,87,0.7173152565956116,0.10952647775411606
33,4,128,88,0.2736235558986664,0.20252779126167297
33,4,128,89,0.6156336665153503,0.28301262855529785
33,4,128,90,0.3629665970802307,0.1774817556142807
33,4,128,91,0.31327810883522034,0.20406268537044525
33,4,128,92,0.7119031548500061,0.12573690712451935
33,4,128,93,0.4603171944618225,0.10999768227338791
33,4,128,94,0.669333815574646,0.1489616483449936
33,4,128,95,0.5581187009811401,0.15160124003887177
33,4,128,96,0.6371816396713257,0.0905558168888092
33,4,128,97,0.5161559581756592,0.1095673143863678
33,4,128,98,0.38924580812454224,0.13582557439804077
33,4,128,99,0.4402853548526764,0.19829848408699036
33,4,128,100,0.6068652272224426,0.31249168515205383
33,4,128,101,0.8512071967124939,0.10837870836257935
33,4,128,102,0.7352325916290283,0.08083806931972504
33,4,128,103,0.788690447807312,0.1406855434179306
33,4,128,104,0.6487185955047607,0.17550277709960938
33,4,128,105,0.4218668043613434,0.13077962398529053
33,4,128,106,0.6712584495544434,0.19562332332134247
33,4,128,107,0.7510852217674255,0.18764209747314453
33,4,128,108,0.7271052598953247,0.115227110683918
33,4,128,109,0.6300044655799866,0.1588197648525238
33,4,128,110,0.7800541520118713,0.14933139085769653
33,4,128,111,0.3821818232536316,0.15870961546897888
33,4,128,112,0.5795124173164368,0.26207056641578674
33,4,128,113,0.6663398742675781,0.30695873498916626
33,4,128,114,0.7164399027824402,0.23397578299045563
33,4,128,115,0.38257789611816406,0.2975122928619385
33,4,128,116,0.6354137063026428,0.274323046207428
33,4,128,117,0.4386407136917114,0.20151813328266144
33,4,128,118,0.2974975109100342,0.10775934159755707
33,4,128,119,0.5648329257965088,0.08812563866376877
33,4,128,120,0.8214107155799866,0.16034530103206635
33,4,128,121,0.693448543548584,0.18755893409252167
33,4,128,122,0.4243408739566803,0.22179502248764038
33,4,128,123,0.6800407767295837,0.11490938067436218
33,4,128,124,0.4301224946975708,0.3376357853412628
33,4,128,125,0.3838230073451996,0.24766956269741058
33,4,128,126,0.5672609806060791,0.187473863363266
33,4,128,127,0.30054429173469543,0.12176865339279175
33,5,128,0,0.7885951995849609,0.15203925967216492
33,5,128,1,0.7512661218643188,0.10785287618637085
33,5,128,2,0.7113813757896423,0.14147765934467316
33,5,128,3,0.644057035446167,0.2025010585784912
33,5,128,4,0.4478003978729248,0.088448166847229
33,5,128,5,0.6734640002250671,0.19579744338989258
33,5,128,6,0.4171341359615326,0.11162403970956802
33,5,128,7,0.5877848863601685,0.08794478327035904
33,5,128,8,0.5536537170410156,0.0754566341638565
33,5,128,9,0.683068037033081,0.25643110275268555
33,5,128,10,0.46468764543533325,0.07979916781187057
33,5,128,11,0.7685638666152954,0.1941153109073639
33,5,128,12,0.6709582209587097,0.18960803747177124
33,5,128,13,0.7703400254249573,0.16466625034809113
33,5,128,14,0.6920249462127686,0.1625525951385498
33,5,128,15,0.7437975406646729,0.12707646191120148
33,5,128,16,0.7002694606781006,0.08464526385068893
33,5,128,17,0.5771694779396057,0.06566693633794785
33,5,128,18,0.7328513860702515,0.16447608172893524
33,5,128,19,0.5760166645050049,0.13540957868099213
33,5,128,20,0.7333819270133972,0.15251536667346954
33,5,128,21,0.5512785315513611,0.14367759227752686
33,5,128,22,0.7375329732894897,0.18823345005512238
33,5,128,23,0.8031180500984192,0.15007393062114716
33,5,128,24,0.5660672783851624,0.17007161676883698
33,5,128,25,0.667870044708252,0.2624887228012085
33,5,128,26,0.5626798868179321,0.10039760172367096
33,5,128,27,0.7947719097137451,0.1348493993282318
33,5,128,28,0.6765109300613403,0.16836971044540405
33,5,128,29,0.8185877203941345,0.13814270496368408
33,5,128,30,0.7143701314926147,0.2010384052991867
33,5,128,31,0.7438592910766602,0.17004261910915375
33,5,128,32,0.7962138652801514,0.1570342630147934
33,5,128,33,0.4136923551559448,0.09561914205551147
33,5,128,34,0.45139431953430176,0.12359176576137543
33,5,128,35,0.7657002210617065,0.0705452412366867
33,5,128,36,0.7646788954734802,0.11031200736761093
33,5,128,37,0.4652777314186096,0.06189461424946785
33,5,128,38,0.7445528507232666,0.16905491054058075
33,5,128,39,0.7537214756011963,0.19335775077342987
33,5,128,40,0.5384501218795776,0.071787990629673
33,5,128,41,0.7491890788078308,0.1262836456298828
33,5,128,42,0.7480767965316772,0.146193727850914
33,5,128,43,0.34834980964660645,0.15254618227481842
33,5,128,44,0.7937833070755005,0.1245974600315094
33,5,128,45,0.6582194566726685,0.08146350085735321
33,5,128,46,0.6765817403793335,0.08585172891616821
33,5,128,47,0.6187824606895447,0.12509699165821075
33,5,128,48,0.41475722193717957,0.12307167053222656
33,5,128,49,0.5341748595237732,0.07172413170337677
33,5,128,50,0.706459105014801,0.17826920747756958
33,5,128,51,0.4892190098762512,0.054287876933813095
33,5,128,52,0.5387334823608398,0.030310792848467827
33,5,128,53,0.5869519710540771,0.03150632604956627
33,5,128,54,0.7325365543365479,0.1734614372253418
33,5,128,55,0.6612771153450012,0.056544508785009384
33,5,128,56,0.7507950663566589,0.0948871299624443
33,5,128,57,0.5160725116729736,0.09762778878211975
33,5,128,58,0.40178900957107544,0.08132505416870117
33,5,128,59,0.5053157210350037,0.06407644599676132
33,5,128,60,0.6145893931388855,0.10808421671390533
33,5,128,61,0.7674065828323364,0.06692641228437424
33,5,128,62,0.5623401999473572,0.03667784109711647
33,5,128,63,0.6765499114990234,0.1377951204776764
33,5,128,64,0.8062648773193359,0.0904839038848877
33,5,128,65,0.6562221646308899,0.19085122644901276
33,5,128,66,0.665290355682373,0.06476884335279465
33,5,128,67,0.8316482901573181,0.14695681631565094
33,5,128,68,0.4145844280719757,0.11603880673646927
33,5,128,69,0.7371965646743774,0.15770654380321503
33,5,128,70,0.5696105360984802,0.14523836970329285
33,5,128,71,0.4927728772163391,0.13328984379768372
33,5,128,72,0.7074864506721497,0.0687309056520462
33,5,128,73,0.7561651468276978,0.16761435568332672
33,5,128,74,0.5032724738121033,0.04254913702607155
33,5,128,75,0.5973426103591919,0.10889767110347748
33,5,128,76,0.8236960768699646,0.1284404695034027
33,5,128,77,0.7754636406898499,0.21648749709129333
33,5,128,78,0.6243260502815247,0.06299207359552383
33,5,128,79,0.6706361770629883,0.258338987827301
33,5,128,80,0.2709425687789917,0.15514907240867615
33,5,128,81,0.578585684299469,0.045906588435173035
33,5,128,82,0.45352238416671753,0.07070276886224747
33,5,128,83,0.4090966582298279,0.14996621012687683
33,5,128,84,0.2250877171754837,0.13513700664043427
33,5,128,85,0.6666502356529236,0.06790085881948471
33,5,128,86,0.6619526147842407,0.1201886534690857
33,5,128,87,0.416623055934906,0.06687282025814056
33,5,128,88,0.3653873801231384,0.20492684841156006
33,5,128,89,0.6900649666786194,0.21983270347118378
33,5,128,90,0.5098658800125122,0.07469353824853897
33,5,128,91,0.7871667146682739,0.10574628412723541
33,5,128,92,0.8378289937973022,0.1229759082198143
33,5,128,93,0.7227884531021118,0.27339720726013184
33,5,128,94,0.6713482737541199,0.30040401220321655
33,5,128,95,0.7660682201385498,0.12680239975452423
33,5,128,96,0.6571522951126099,0.10746166110038757
33,5,128,97,0.6476636528968811,0.12180203944444656
33,5,128,98,0.7409778833389282,0.22718645632266998
33,5,128,99,0.49850791692733765,0.0629086047410965
33,5,128,100,0.7355957627296448,0.2116371989250183
33,5,128,101,0.7252066135406494,0.13446477055549622
33,5,128,102,0.34778454899787903,0.164442777633667
33,5,128,103,0.5652125477790833,0.03277657926082611
33,5,128,104,0.6191399097442627,0.17437615990638733
33,5,128,105,0.6898611187934875,0.28163760900497437
33,5,128,106,0.5830278396606445,0.19008643925189972
33,5,128,107,0.7046201825141907,0.1720888912677765
33,5,128,108,0.7912476658821106,0.1385529339313507
33,5,128,109,0.5573407411575317,0.1264173835515976
33,5,128,110,0.7554159760475159,0.19515332579612732
33,5,128,111,0.7393242120742798,0.19688032567501068
33,5,128,112,0.6260969638824463,0.09180842339992523
33,5,128,113,0.6817382574081421,0.18503639101982117
33,5,128,114,0.7629109025001526,0.12195073813199997
33,5,128,115,0.7608957290649414,0.11065907031297684
33,5,128,116,0.6978837251663208,0.17653028666973114
33,5,128,117,0.6471937894821167,0.1226319670677185
33,5,128,118,0.47924163937568665,0.14417122304439545
33,5,128,119,0.5485101342201233,0.031680814921855927
33,5,128,120,0.7447326183319092,0.1406119465827942
33,5,128,121,0.7185586094856262,0.12016195058822632
33,5,128,122,0.36810779571533203,0.09348398447036743
33,5,128,123,0.7884557843208313,0.12472371011972427
33,5,128,124,0.7776374816894531,0.1393558233976364
33,5,128,125,0.3580392301082611,0.1780436933040619
33,5,128,126,0.7258710861206055,0.11468163877725601
33,5,128,127,0.5724505186080933,0.0649203285574913
34,0,32,0,0.5466400384902954,0.03131454437971115
34,0,32,1,0.6542355418205261,0.10823402553796768
34,0,32,2,0.46794477105140686,0.020101238042116165
34,0,32,3,0.4274638295173645,0.09207237511873245
34,0,32,4,0.4734877645969391,0.0698956772685051
34,0,32,5,0.5039438009262085,0.0780206248164177
34,0,32,6,0.4989950358867645,0.098037950694561
34,0,32,7,0.402553915977478,0.12457337230443954
34,0,32,8,0.49273261427879333,0.10561162233352661
34,0,32,9,0.39994966983795166,0.048508793115615845
34,0,32,10,0.5112130641937256,0.13984356820583344
34,0,32,11,0.3096145987510681,0.058419935405254364
34,0,32,12,0.37978634238243103,0.08283528685569763
34,0,32,13,0.4867057800292969,0.025687238201498985
34,0,32,14,0.5480400323867798,0.08116424083709717
34,0,32,15,0.3231741189956665,0.05472207069396973
34,0,32,16,0.4363683760166168,0.07040270417928696
34,0,32,17,0.39899319410324097,0.10254717618227005
34,0,32,18,0.6115310192108154,0.05966808646917343
34,0,32,19,0.47892627120018005,0.0688399225473404
34,0,32,20,0.5288851261138916,0.06926558166742325
34,0,32,21,0.4690936207771301,0.13699397444725037
34,0,32,22,0.5209802389144897,0.041426412761211395
34,0,32,23,0.41677016019821167,0.11312385648488998
34,0,32,24,0.6517547965049744,0.08779287338256836
34,0,32,25,0.4248870313167572,0.0943792387843132
34,0,32,26,0.548250138759613,0.04682612419128418
34,0,32,27,0.5016577243804932,0.0672583356499672
34,0,32,28,0.5041654706001282,0.054880209267139435
34,0,32,29,0.4495887756347656,0.06448404490947723
34,0,32,30,0.4916420578956604,0.0680529847741127
34,0,32,31,0.47492262721061707,0.08337397873401642
34,1,32,0,0.4077114164829254,0.054332852363586426
34,1,32,1,0.4065154790878296,0.07000593096017838
34,1,32,2,0.4485311806201935,0.06829210370779037
34,1,32,3,0.37839019298553467,0.06665880233049393
34,1,32,4,0.3631911277770996,0.05784513056278229
34,1,32,5,0.5385382771492004,0.045468542724847794
34,1,32,6,0.6223621368408203,0.019223282113671303
34,1,32,7,0.5557191371917725,0.09710965305566788
34,1,32,8,0.44211500883102417,0.09911014884710312
34,1,32,9,0.4548550248146057,0.06173691526055336
34,1,32,10,0.5302777290344238,0.04539915919303894
34,1,32,11,0.6642245054244995,0.06023311987519264
34,1,32,12,0.39590516686439514,0.06568950414657593
34,1,32,13,0.49540841579437256,0.050787895917892456
34,1,32,14,0.45594438910484314,0.04099970683455467
34,1,32,15,0.471373051404953,0.08794631063938141
34,1,32,16,0.414159893989563,0.0323815792798996
34,1,32,17,0.6489048004150391,0.06298475712537766
34,1,32,18,0.539645791053772,0.06648119539022446
34,1,32,19,0.49015286564826965,0.052620865404605865
34,1,32,20,0.3986990749835968,0.07487562298774719
34,1,32,21,0.525032639503479,0.04444591701030731
34,1,32,22,0.4081946313381195,0.026591556146740913
34,1,32,23,0.5664030909538269,0.05784844607114792
34,1,32,24,0.3848596513271332,0.021399332210421562
34,1,32,25,0.41857239603996277,0.09010834246873856
34,1,32,26,0.4609096944332123,0.04945380613207817
34,1,32,27,0.43216845393180847,0.041303057223558426
34,1,32,28,0.5474802255630493,0.07102402299642563
34,1,32,29,0.46765127778053284,0.05934922769665718
34,1,32,30,0.4811282157897949,0.10540281236171722
34,1,32,31,0.4230509400367737,0.045056987553834915
34,2,64,0,0.5049768090248108,0.11346050351858139
34,2,64,1,0.4029732048511505,0.06949654966592789
34,2,64,2,0.5125730633735657,0.13851211965084076
34,2,64,3,0.6154661774635315,0.12096820771694183
34,2,64,4,0.47120898962020874,0.07994069904088974
34,2,64,5,0.5016345977783203,0.10791730880737305
34,2,64,6,0.4950721263885498,0.1025145873427391
34,2,64,7,0.5227460861206055,0.16444174945354462
34,2,64,8,0.3447052240371704,0.11276362836360931
34,2,64,9,0.44016513228416443,0.12267142534255981
34,2,64,10,0.5384345054626465,0.1413695365190506
34,2,64,11,0.5287837982177734,0.09439649432897568
34,2,64,12,0.4367973208427429,0.048198312520980835
34,2,64,13,0.40181052684783936,0.1601785570383072
34,2,64,14,0.5782188773155212,0.0795428454875946
34,2,64,15,0.6337019801139832,0.17593491077423096
34,2,64,16,0.517113208770752,0.1272902637720108
34,2,64,17,0.6133058071136475,0.13439953327178955
34,2,64,18,0.39433473348617554,0.1386726051568985
34,2,64,19,0.5214028358459473,0.13172540068626404
34,2,64,20,0.5024385452270508,0.1370285451412201
34,2,64,21,0.5542739629745483,0.034618619829416275
34,2,64,22,0.4977400004863739,0.11876723915338516
34,2,64,23,0.5360593199729919,0.1237836554646492
34,2,64,24,0.4580816924571991,0.06495397537946701
34,2,64,25,0.5650501251220703,0.05128852277994156
34,2,64,26,0.4091784656047821,0.09705138206481934
34,2,64,27,0.5714496374130249,0.08076806366443634
34,2,64,28,0.4502350091934204,0.11433488130569458
34,2,64,29,0.5555322170257568,0.0907532200217247
34,2,64,30,0.5488986968994141,0.06132366135716438
34,2,64,31,0.4657740890979767,0.1022448018193245
34,2,64,32,0.5712696313858032,0.05359198898077011
34,2,64,33,0.5197846293449402,0.06426210701465607
34,2,64,34,0.3262166976928711,0.12117329984903336
34,2,64,35,0.4364117980003357,0.1835755854845047
34,2,64,36,0.5052417516708374,0.09386218339204788
34,2,64,37,0.49118226766586304,0.041608329862356186
34,2,64,38,0.4073868691921234,0.13255682587623596
34,2,64,39,0.5544732213020325,0.10410939902067184
34,2,64,40,0.4422270357608795,0.13431470096111298
34,2,64,41,0.4733635485172272,0.09061765670776367
34,2,64,42,0.44073766469955444,0.1260153204202652
34,2,64,43,0.4591664671897888,0.16319312155246735
34,2,64,44,0.45539677143096924,0.14808689057826996
34,2,64,45,0.4729953110218048,0.1036355048418045
34,2,64,46,0.46668657660484314,0.07453421503305435
34,2,64,47,0.4674539566040039,0.07185589522123337
34,2,64,48,0.3881300985813141,0.1376878321170807
34,2,64,49,0.46060219407081604,0.12271599471569061
34,2,64,50,0.41099920868873596,0.22265760600566864
34,2,64,51,0.41887471079826355,0.17766790091991425
34,2,64,52,0.4628877639770508,0.10375899076461792
34,2,64,53,0.501056969165802,0.10952112823724747
34,2,64,54,0.3906964659690857,0.1333419531583786
34,2,64,55,0.5348802804946899,0.07745441049337387
34,2,64,56,0.5529126524925232,0.1283235102891922
34,2,64,57,0.3815518617630005,0.1590394377708435
34,2,64,58,0.2862076461315155,0.09592447429895401
34,2,64,59,0.45776844024658203,0.0798303484916687
34,2,64,60,0.4617255628108978,0.1691964566707611
34,2,64,61,0.41014644503593445,0.14384342730045319
34,2,64,62,0.4325195848941803,0.12163694947957993
34,2,64,63,0.5397868156433105,0.08333039283752441
34,3,64,0,0.34734997153282166,0.16018010675907135
34,3,64,1,0.4065532088279724,0.11493615806102753
34,3,64,2,0.43833285570144653,0.060540542006492615
34,3,64,3,0.5710264444351196,0.21250692009925842
34,3,64,4,0.6465604305267334,0.051554951816797256
34,3,64,5,0.5492069125175476,0.1183127835392952
34,3,64,6,0.48597273230552673,0.03556675836443901
34,3,64,7,0.6524956822395325,0.21469800174236298
34,3,64,8,0.6180775761604309,0.13049955666065216
34,3,64,9,0.5686702132225037,0.055334318429231644
34,3,64,10,0.3975590765476227,0.03760049119591713
34,3,64,11,0.32655882835388184,0.13544364273548126
34,3,64,12,0.6232171654701233,0.19675670564174652
34,3,64,13,0.37083205580711365,0.09630883485078812
34,3,64,14,0.39274871349334717,0.18517950177192688
34,3,64,15,0.6734938621520996,0.1806820034980774
34,3,64,16,0.5218743085861206,0.07978598773479462
34,3,64,17,0.46445193886756897,0.2635820209980011
34,3,64,18,0.5445435643196106,0.12424361705780029
34,3,64,19,0.5507099032402039,0.02822592668235302
34,3,64,20,0.5595529079437256,0.1462867259979248
34,3,64,21,0.5127757787704468,0.1984890103340149
34,3,64,22,0.6338239312171936,0.0997883751988411
34,3,64,23,0.5394572615623474,0.09195511043071747
34,3,64,24,0.5402990579605103,0.1290668398141861
34,3,64,25,0.6333118677139282,0.09089738875627518
34,3,64,26,0.3446546494960785,0.0982079803943634
34,3,64,27,0.7108471989631653,0.10834009200334549
34,3,64,28,0.6816154718399048,0.08748778700828552
34,3,64,29,0.6447839140892029,0.15714460611343384
34,3,64,30,0.5695070624351501,0.06655476987361908
34,3,64,31,0.47111478447914124,0.08867257088422775
34,3,64,32,0.5537525415420532,0.10060866177082062
34,3,64,33,0.4383641481399536,0.08414241671562195
34,3,64,34,0.6468049883842468,0.1618141233921051
34,3,64,35,0.5103329420089722,0.08971752971410751
34,3,64,36,0.43426764011383057,0.20993658900260925
34,3,64,37,0.6475897431373596,0.12045113742351532
34,3,64,38,0.3484033942222595,0.12753327190876007
34,3,64,39,0.5508577227592468,0.09045480936765671
34,3,64,40,0.40512359142303467,0.06671964377164841
34,3,64,41,0.3110128939151764,0.12494819611310959
34,3,64,42,0.3628993630409241,0.15496617555618286
34,3,64,43,0.6299838423728943,0.12710066139698029
34,3,64,44,0.5007875561714172,0.13260097801685333
34,3,64,45,0.4253792464733124,0.08041948825120926
34,3,64,46,0.5218364000320435,0.06692814081907272
34,3,64,47,0.3408930003643036,0.11894169449806213
34,3,64,48,0.6148397922515869,0.17376910150051117
34,3,64,49,0.33705154061317444,0.16118820011615753
34,3,64,50,0.6018288731575012,0.13048788905143738
34,3,64,51,0.30484434962272644,0.09283353388309479
34,3,64,52,0.5996624231338501,0.08605019748210907
34,3,64,53,0.5905753970146179,0.2598378658294678
34,3,64,54,0.7629998326301575,0.1155453696846962
34,3,64,55,0.6049408912658691,0.11757442355155945
34,3,64,56,0.5727255940437317,0.07575539499521255
34,3,64,57,0.3996086120605469,0.10034885257482529
34,3,64,58,0.445500910282135,0.11213818192481995
34,3,64,59,0.5337551236152649,0.04537780582904816
34,3,64,60,0.4759027361869812,0.12057178467512131
34,3,64,61,0.4598046839237213,0.0282379649579525
34,3,64,62,0.37298449873924255,0.14804072678089142
34,3,64,63,0.29518479108810425,0.09068711847066879
34,4,128,0,0.7233455181121826,0.07429453730583191
34,4,128,1,0.6746578216552734,0.09459986537694931
34,4,128,2,0.7692673802375793,0.1998853236436844
34,4,128,3,0.3446734845638275,0.21678179502487183
34,4,128,4,0.6177080273628235,0.12020299583673477
34,4,128,5,0.5705253481864929,0.23762308061122894
34,4,128,6,0.676703155040741,0.31524208188056946
34,4,128,7,0.5524692535400391,0.04158059507608414
34,4,128,8,0.6417723894119263,0.1514415293931961
34,4,128,9,0.42327117919921875,0.23664863407611847
34,4,128,10,0.513235330581665,0.10656147450208664
34,4,128,11,0.5397301912307739,0.11264938116073608
34,4,128,12,0.5521693229675293,0.2033107578754425
34,4,128,13,0.5401313900947571,0.26642975211143494
34,4,128,14,0.3317806124687195,0.09312155097723007
34,4,128,15,0.3720731735229492,0.1308995485305786
34,4,128,16,0.6862512230873108,0.07043817639350891
34,4,128,17,0.6960670351982117,0.21307715773582458
34,4,128,18,0.3665788173675537,0.1882920265197754
34,4,128,19,0.6741679310798645,0.2876600921154022
34,4,128,20,0.47116222977638245,0.053034693002700806
34,4,128,21,0.44337260723114014,0.17672915756702423
34,4,128,22,0.3224366009235382,0.07249945402145386
34,4,128,23,0.46327880024909973,0.24672886729240417
34,4,128,24,0.47659996151924133,0.0821196660399437
34,4,128,25,0.8342376947402954,0.13377852737903595
34,4,128,26,0.39098304510116577,0.13748781383037567
34,4,128,27,0.6580942273139954,0.08411324769258499
34,4,128,28,0.6801038980484009,0.07406772673130035
34,4,128,29,0.6437652111053467,0.32090380787849426
34,4,128,30,0.684823751449585,0.25871315598487854
34,4,128,31,0.6220410466194153,0.3130210340023041
34,4,128,32,0.3007494807243347,0.22992786765098572
34,4,128,33,0.48094603419303894,0.12809203565120697
34,4,128,34,0.28109490871429443,0.10878678411245346
34,4,128,35,0.49342143535614014,0.07873566448688507
34,4,128,36,0.22596514225006104,0.1515670269727707
34,4,128,37,0.8272929191589355,0.15050461888313293
34,4,128,38,0.6263324618339539,0.3430076837539673
34,4,128,39,0.1881740540266037,0.15235218405723572
34,4,128,40,0.7414059042930603,0.11746810376644135
34,4,128,41,0.7183007001876831,0.23699750006198883
34,4,128,42,0.6754844784736633,0.3402109444141388
34,4,128,43,0.42334645986557007,0.08835999667644501
34,4,128,44,0.6802926659584045,0.06686639040708542
34,4,128,45,0.5825064778327942,0.18995317816734314
34,4,128,46,0.385854035615921,0.23178212344646454
34,4,128,47,0.36960580945014954,0.15590520203113556
34,4,128,48,0.7216541171073914,0.255626380443573
34,4,128,49,0.6406388878822327,0.08288544416427612
34,4,128,50,0.4368855953216553,0.25528454780578613
34,4,128,51,0.7577065825462341,0.10702096670866013
34,4,128,52,0.35210150480270386,0.07311593741178513
34,4,128,53,0.7655953764915466,0.22008050978183746
34,4,128,54,0.2971971929073334,0.08335594087839127
34,4,128,55,0.7715534567832947,0.18687915802001953
34,4,128,56,0.6634204387664795,0.34197816252708435
34,4,128,57,0.4465334415435791,0.08589525520801544
34,4,128,58,0.4868694245815277,0.09624874591827393
34,4,128,59,0.6965951919555664,0.274108350276947
34,4,128,60,0.8741217255592346,0.1278114765882492
34,4,128,61,0.68398118019104,0.3328953683376312
34,4,128,62,0.7894400954246521,0.1635223627090454
34,4,128,63,0.6642922759056091,0.3435679078102112
34,4,128,64,0.6517207026481628,0.18365183472633362
34,4,128,65,0.6773735880851746,0.3197877109050751
34,4,128,66,0.6241589188575745,0.07137171924114227
34,4,128,67,0.7357527613639832,0.1806487888097763
34,4,128,68,0.6679266691207886,0.32818108797073364
34,4,128,69,0.776521623134613,0.10358575731515884
34,4,128,70,0.5466455817222595,0.10596366226673126
34,4,128,71,0.4106348156929016,0.16228891909122467
34,4,128,72,0.8222136497497559,0.18000143766403198
34,4,128,73,0.37383636832237244,0.05645271763205528
34,4,128,74,0.3062865138053894,0.09362608194351196
34,4,128,75,0.728126049041748,0.09883539378643036
34,4,128,76,0.2050034999847412,0.11570104956626892
34,4,128,77,0.48092222213745117,0.18337608873844147
34,4,128,78,0.6746466159820557,0.23753713071346283
34,4,128,79,0.6647692322731018,0.23164086043834686
34,4,128,80,0.6405203342437744,0.06947890669107437
34,4,128,81,0.27593696117401123,0.1240902841091156
34,4,128,82,0.2892770767211914,0.16499565541744232
34,4,128,83,0.752702534198761,0.212637796998024
34,4,128,84,0.6165105700492859,0.14834387600421906
34,4,128,85,0.5484602451324463,0.1460467129945755
34,4,128,86,0.7070127129554749,0.15335601568222046
34,4,128,87,0.3356391191482544,0.17694027721881866
34,4,128,88,0.19616791605949402,0.16309195756912231
34,4,128,89,0.429797887802124,0.053899217396974564
34,4,128,90,0.6516377329826355,0.33912011981010437
34,4,128,91,0.7027268409729004,0.09418506175279617
34,4,128,92,0.3666454255580902,0.1309289187192917
34,4,128,93,0.7220579981803894,0.14434251189231873
34,4,128,94,0.4846521317958832,0.20983609557151794
34,4,128,95,0.5336132645606995,0.09939210116863251
34,4,128,96,0.6936561465263367,0.3217662274837494
34,4,128,97,0.35546737909317017,0.2810378670692444
34,4,128,98,0.8549197912216187,0.11538656800985336
34,4,128,99,0.7534161806106567,0.24959497153759003
34,4,128,100,0.5274814963340759,0.16816261410713196
34,4,128,101,0.7027856111526489,0.19085325300693512
34,4,128,102,0.6512003540992737,0.16584017872810364
34,4,128,103,0.7968746423721313,0.16524219512939453
34,4,128,104,0.361106276512146,0.24005882441997528
34,4,128,105,0.7129183411598206,0.24502097070217133
34,4,128,106,0.7985700964927673,0.12386132776737213
34,4,128,107,0.6135733723640442,0.13236501812934875
34,4,128,108,0.2894822955131531,0.06189629063010216
34,4,128,109,0.33921363949775696,0.21449409425258636
34,4,128,110,0.4931754469871521,0.2868711054325104
34,4,128,111,0.6472193598747253,0.1713678389787674
34,4,128,112,0.6247209906578064,0.3433316946029663
34,4,128,113,0.2415844351053238,0.22215823829174042
34,4,128,114,0.6990843415260315,0.24854741990566254
34,4,128,115,0.3869750499725342,0.14632873237133026
34,4,128,116,0.6782968044281006,0.2209554761648178
34,4,128,117,0.7223266363143921,0.1072906032204628
34,4,128,118,0.39909684658050537,0.15598474442958832
34,4,128,119,0.3250141143798828,0.3335168659687042
34,4,128,120,0.7484147548675537,0.1933143138885498
34,4,128,121,0.7805379629135132,0.10648977011442184
34,4,128,122,0.4369760751724243,0.06318968534469604
34,4,128,123,0.567417323589325,0.18900594115257263
34,4,128,124,0.6944794654846191,0.08746559172868729
34,4,128,125,0.7173793315887451,0.17197832465171814
34,4,128,126,0.6718885898590088,0.1400480568408966
34,4,128,127,0.6735108494758606,0.0808517262339592
34,5,128,0,0.6035957932472229,0.13762865960597992
34,5,128,1,0.3171408176422119,0.09006211906671524
34,5,128,2,0.6700653433799744,0.19549059867858887
34,5,128,3,0.4517187774181366,0.027431659400463104
34,5,128,4,0.7172264456748962,0.2326221466064453
34,5,128,5,0.38369113206863403,0.18459372222423553
34,5,128,6,0.6245036125183105,0.1638738065958023
34,5,128,7,0.6282126903533936,0.1978456974029541
34,5,128,8,0.7770555019378662,0.15969756245613098
34,5,128,9,0.6100837588310242,0.18080276250839233
34,5,128,10,0.4468538761138916,0.04567466676235199
34,5,128,11,0.5749689340591431,0.05585721135139465
34,5,128,12,0.3824925124645233,0.05321303755044937
34,5,128,13,0.7288104295730591,0.16871026158332825
34,5,128,14,0.5400890111923218,0.10761964321136475
34,5,128,15,0.4363754391670227,0.0893804058432579
34,5,128,16,0.7022630572319031,0.0876363217830658
34,5,128,17,0.5524688363075256,0.14749182760715485
34,5,128,18,0.6684312224388123,0.1892988085746765
34,5,128,19,0.694515585899353,0.20548760890960693
34,5,128,20,0.6876173615455627,0.17624033987522125
34,5,128,21,0.6325357556343079,0.06183124706149101
34,5,128,22,0.362409770488739,0.11122321337461472
34,5,128,23,0.5455032587051392,0.037407923489809036
34,5,128,24,0.5980889797210693,0.05308530852198601
34,5,128,25,0.7559863924980164,0.13655316829681396
34,5,128,26,0.45401260256767273,0.07280080765485764
34,5,128,27,0.5162657499313354,0.1014922708272934
34,5,128,28,0.7494256496429443,0.16761977970600128
34,5,128,29,0.738443911075592,0.16289187967777252
34,5,128,30,0.577285647392273,0.095122329890728
34,5,128,31,0.38884595036506653,0.10414940863847733
34,5,128,32,0.4329371750354767,0.2137458771467209
34,5,128,33,0.6399879455566406,0.058408305048942566
34,5,128,34,0.26146748661994934,0.12179197371006012
34,5,128,35,0.6025926470756531,0.06380142271518707
34,5,128,36,0.6554709672927856,0.05555492267012596
34,5,128,37,0.763990581035614,0.14930389821529388
34,5,128,38,0.7148190140724182,0.26852720975875854
34,5,128,39,0.5712774991989136,0.12696078419685364
34,5,128,40,0.5133609175682068,0.09570389986038208
34,5,128,41,0.7390154004096985,0.2241017371416092
34,5,128,42,0.7402634024620056,0.20715735852718353
34,5,128,43,0.3215172588825226,0.12790736556053162
34,5,128,44,0.8080975413322449,0.12681178748607635
34,5,128,45,0.6595364212989807,0.19114121794700623
34,5,128,46,0.5823649764060974,0.20736071467399597
34,5,128,47,0.5932204127311707,0.08407925069332123
34,5,128,48,0.7214982509613037,0.23529210686683655
34,5,128,49,0.6719087958335876,0.10257845371961594
34,5,128,50,0.6879347562789917,0.17825734615325928
34,5,128,51,0.5513209104537964,0.1553194522857666
34,5,128,52,0.5269916653633118,0.03456588089466095
34,5,128,53,0.6498028039932251,0.12699367105960846
34,5,128,54,0.4996066987514496,0.06290639936923981
34,5,128,55,0.7357867956161499,0.18789173662662506
34,5,128,56,0.547989010810852,0.14153236150741577
34,5,128,57,0.6348204612731934,0.18808098137378693
34,5,128,58,0.7310085296630859,0.21015849709510803
34,5,128,59,0.7061744332313538,0.17018581926822662
34,5,128,60,0.7364635467529297,0.16720373928546906
34,5,128,61,0.6928054094314575,0.17947058379650116
34,5,128,62,0.7184385657310486,0.20199987292289734
34,5,128,63,0.7070515155792236,0.09870720654726028
34,5,128,64,0.7668207287788391,0.20158134400844574
34,5,128,65,0.6747413277626038,0.22970503568649292
34,5,128,66,0.6706452369689941,0.07372041046619415
34,5,128,67,0.7013578414916992,0.10262679308652878
34,5,128,68,0.7402680516242981,0.24669210612773895
34,5,128,69,0.7445639967918396,0.14294107258319855
34,5,128,70,0.7206183671951294,0.1966937631368637
34,5,128,71,0.5649658441543579,0.05077715218067169
34,5,128,72,0.7082550525665283,0.2547585964202881
34,5,128,73,0.7898905277252197,0.17587333917617798
34,5,128,74,0.6242859959602356,0.2276376634836197
34,5,128,75,0.6943148970603943,0.12230518460273743
34,5,128,76,0.43997496366500854,0.06680987030267715
34,5,128,77,0.2654705047607422,0.1657247245311737
34,5,128,78,0.7309266328811646,0.1119537279009819
34,5,128,79,0.5602608919143677,0.15406589210033417
34,5,128,80,0.751036524772644,0.1885661780834198
34,5,128,81,0.515266478061676,0.09896949678659439
34,5,128,82,0.3895675241947174,0.051882024854421616
34,5,128,83,0.292370468378067,0.10109040886163712
34,5,128,84,0.6573090553283691,0.10236888378858566
34,5,128,85,0.5633843541145325,0.075809046626091
34,5,128,86,0.48654767870903015,0.04693715274333954
34,5,128,87,0.6575967073440552,0.1665489822626114
34,5,128,88,0.6377981901168823,0.08042195439338684
34,5,128,89,0.3357008397579193,0.12160426378250122
34,5,128,90,0.6905353665351868,0.21102730929851532
34,5,128,91,0.6642481088638306,0.25588905811309814
34,5,128,92,0.6132336258888245,0.049033451825380325
34,5,128,93,0.5360065698623657,0.10573308914899826
34,5,128,94,0.5253358483314514,0.07871907204389572
34,5,128,95,0.7400883436203003,0.16108760237693787
34,5,128,96,0.6162166595458984,0.0949956625699997
34,5,128,97,0.4002321660518646,0.11491381376981735
34,5,128,98,0.4831014573574066,0.12634685635566711
34,5,128,99,0.7191067337989807,0.23614637553691864
34,5,128,100,0.5832818746566772,0.04790143296122551
34,5,128,101,0.3800932466983795,0.19964709877967834
34,5,128,102,0.44699811935424805,0.10028122365474701
34,5,128,103,0.6471168398857117,0.20279955863952637
34,5,128,104,0.5592222809791565,0.034754011780023575
34,5,128,105,0.7509817481040955,0.2119544893503189
34,5,128,106,0.7164449691772461,0.12762875854969025
34,5,128,107,0.7019590735435486,0.2336900532245636
34,5,128,108,0.6573708653450012,0.21549640595912933
34,5,128,109,0.4180949330329895,0.13823619484901428
34,5,128,110,0.24914908409118652,0.09566149860620499
34,5,128,111,0.49886268377304077,0.04526158422231674
34,5,128,112,0.7854350805282593,0.14180736243724823
34,5,128,113,0.4926159679889679,0.06581714004278183
34,5,128,114,0.6842803955078125,0.2527737319469452
34,5,128,115,0.543718159198761,0.1409049928188324
34,5,128,116,0.6960407495498657,0.1337033063173294
34,5,128,117,0.6567180156707764,0.07464081794023514
34,5,128,118,0.5337131023406982,0.051941707730293274
34,5,128,119,0.2670186758041382,0.10171593725681305
34,5,128,120,0.7514880895614624,0.22306369245052338
34,5,128,121,0.7905442714691162,0.14245007932186127
34,5,128,122,0.6672004461288452,0.06183870881795883
34,5,128,123,0.6132177710533142,0.16726161539554596
34,5,128,124,0.6825287342071533,0.05001206323504448
34,5,128,125,0.5878849029541016,0.04597492888569832
34,5,128,126,0.6079206466674805,0.12678973376750946
34,5,128,127,0.447447270154953,0.10861807316541672
35,0,32,0,0.5742104649543762,0.0910431295633316
35,0,32,1,0.6132861375808716,0.03305957093834877
35,0,32,2,0.318268358707428,0.05896732211112976
35,0,32,3,0.633842945098877,0.07480363547801971
35,0,32,4,0.6314274668693542,0.1028304174542427
35,0,32,5,0.5549874305725098,0.07792559266090393
35,0,32,6,0.5201532244682312,0.05940207093954086
35,0,32,7,0.5657954216003418,0.061734389513731
35,0,32,8,0.4204147458076477,0.09230101108551025
35,0,32,9,0.4481399357318878,0.039824165403842926
35,0,32,10,0.36959168314933777,0.05200750380754471
35,0,32,11,0.480577290058136,0.06303509324789047
35,0,32,12,0.5717958807945251,0.07137293368577957
35,0,32,13,0.5224685668945312,0.0628642588853836
35,0,32,14,0.5269543528556824,0.11121875792741776
35,0,32,15,0.4527580440044403,0.04746616631746292
35,0,32,16,0.47456198930740356,0.07856198400259018
35,0,32,17,0.4799366891384125,0.10409125685691833
35,0,32,18,0.5861726999282837,0.07070212066173553
35,0,32,19,0.5434339642524719,0.0876060277223587
35,0,32,20,0.5251739621162415,0.05336489528417587
35,0,32,21,0.44928476214408875,0.09987816959619522
35,0,32,22,0.6379735469818115,0.050487637519836426
35,0,32,23,0.40453463792800903,0.049922045320272446
35,0,32,24,0.4934781491756439,0.0805666521191597
35,0,32,25,0.45915132761001587,0.07173583656549454
35,0,32,26,0.6211605668067932,0.08631830662488937
35,0,32,27,0.5438859462738037,0.10379879176616669
35,0,32,28,0.5883930921554565,0.08303889632225037
35,0,32,29,0.4322550594806671,0.06797955185174942
35,0,32,30,0.5934116244316101,0.06868033111095428
35,0,32,31,0.5576081871986389,0.08481345325708389
35,1,32,0,0.634541392326355,0.0719379112124443
35,1,32,1,0.543954610824585,0.1302075833082199
35,1,32,2,0.32987454533576965,0.12172059714794159
35,1,32,3,0.4302806258201599,0.1030483990907669
35,1,32,4,0.4428938031196594,0.06174642965197563
35,1,32,5,0.6232671141624451,0.06829651445150375
35,1,32,6,0.3156511187553406,0.1126665472984314
35,1,32,7,0.38316401839256287,0.10682185739278793
35,1,32,8,0.5797033905982971,0.08601899445056915
35,1,32,9,0.6457284688949585,0.11082017421722412
35,1,32,10,0.3882140517234802,0.1383025348186493
35,1,32,11,0.4319514334201813,0.1023663580417633
35,1,32,12,0.47421887516975403,0.12712666392326355
35,1,32,13,0.5083054900169373,0.08746616542339325
35,1,32,14,0.6216015219688416,0.08641849458217621
35,1,32,15,0.5917993187904358,0.06330117583274841
35,1,32,16,0.4517837166786194,0.0854051411151886
35,1,32,17,0.48068854212760925,0.15295705199241638
35,1,32,18,0.4401741921901703,0.127930149435997
35,1,32,19,0.46662506461143494,0.05400615558028221
35,1,32,20,0.48445406556129456,0.10755150020122528
35,1,32,21,0.3580504357814789,0.10360495746135712
35,1,32,22,0.40565717220306396,0.08147129416465759
35,1,32,23,0.6431780457496643,0.12818831205368042
35,1,32,24,0.45787397027015686,0.12939995527267456
35,1,32,25,0.6001587510108948,0.07469162344932556
35,1,32,26,0.44681990146636963,0.0559939444065094
35,1,32,27,0.39151811599731445,0.05135791376233101
35,1,32,28,0.5851670503616333,0.11713014543056488
35,1,32,29,0.5240715742111206,0.06565672904253006
35,1,32,30,0.4172464907169342,0.05193602666258812
35,1,32,31,0.3736581802368164,0.09696929901838303
35,2,64,0,0.5004299283027649,0.04518350213766098
35,2,64,1,0.46167218685150146,0.11381243914365768
35,2,64,2,0.5782747864723206,0.10352640599012375
35,2,64,3,0.4467568099498749,0.08803857117891312
35,2,64,4,0.481331467628479,0.07011471688747406
35,2,64,5,0.5758858919143677,0.10074076801538467
35,2,64,6,0.4736388027667999,0.18351095914840698
35,2,64,7,0.5976299047470093,0.0928911343216896
35,2,64,8,0.4259106516838074,0.06981954723596573
35,2,64,9,0.36730819940567017,0.14807835221290588
35,2,64,10,0.4528212249279022,0.0968136414885521
35,2,64,11,0.4573294520378113,0.15408870577812195
35,2,64,12,0.5277112722396851,0.06552187353372574
35,2,64,13,0.3970491588115692,0.07045542448759079
35,2,64,14,0.519900918006897,0.06913135200738907
35,2,64,15,0.546115517616272,0.10659816116094589
35,2,64,16,0.4052477478981018,0.1225041076540947
35,2,64,17,0.4949938952922821,0.08855965733528137
35,2,64,18,0.5898115038871765,0.11560998857021332
35,2,64,19,0.5385512709617615,0.10541492700576782
35,2,64,20,0.5220575332641602,0.08834206312894821
35,2,64,21,0.49449422955513,0.07316842675209045
35,2,64,22,0.4881155788898468,0.10470226407051086
35,2,64,23,0.4744780957698822,0.17334000766277313
35,2,64,24,0.41204798221588135,0.0972280353307724
35,2,64,25,0.5334092378616333,0.14926660060882568
35,2,64,26,0.48226913809776306,0.15147633850574493
35,2,64,27,0.48382118344306946,0.039351627230644226
35,2,64,28,0.46734341979026794,0.13117261230945587
35,2,64,29,0.5419642329216003,0.06913387030363083
35,2,64,30,0.4379739761352539,0.12707531452178955
35,2,64,31,0.3725586235523224,0.13157214224338531
35,2,64,32,0.5013604760169983,0.0698009580373764
35,2,64,33,0.603446364402771,0.1744033396244049
35,2,64,34,0.48453739285469055,0.07238920032978058
35,2,64,35,0.4771493971347809,0.14443358778953552
35,2,64,36,0.5092946887016296,0.04798916354775429
35,2,64,37,0.5095457434654236,0.12900039553642273
35,2,64,38,0.3704563081264496,0.16523249447345734
35,2,64,39,0.42668116092681885,0.05981433019042015
35,2,64,40,0.5102447867393494,0.10811522603034973
35,2,64,41,0.3923679292201996,0.09590063244104385
35,2,64,42,0.38112616539001465,0.11124206334352493
35,2,64,43,0.47568264603614807,0.04462234675884247
35,2,64,44,0.3487488031387329,0.08988726884126663
35,2,64,45,0.5395996570587158,0.11427701264619827
35,2,64,46,0.5861393809318542,0.08250391483306885
35,2,64,47,0.44057178497314453,0.10364784300327301
35,2,64,48,0.4644710421562195,0.06671180576086044
35,2,64,49,0.4746679961681366,0.08943632245063782
35,2,64,50,0.5352635383605957,0.11064155399799347
35,2,64,51,0.5767982602119446,0.06627294421195984
35,2,64,52,0.4245964586734772,0.11749526113271713
35,2,64,53,0.5373415946960449,0.147796630859375
35,2,64,54,0.3920316696166992,0.13861067593097687
35,2,64,55,0.5316720008850098,0.05830860137939453
35,2,64,56,0.46026748418807983,0.14061380922794342
35,2,64,57,0.4506988823413849,0.059443507343530655
35,2,64,58,0.5347874760627747,0.06415047496557236
35,2,64,59,0.60299152135849,0.05339255928993225
35,2,64,60,0.43010663986206055,0.09159345179796219
35,2,64,61,0.47406306862831116,0.08143294602632523
35,2,64,62,0.5187250375747681,0.09675716608762741
35,2,64,63,0.4355963468551636,0.12758050858974457
35,3,64,0,0.6123483777046204,0.08280608057975769
35,3,64,1,0.5147368907928467,0.15113398432731628
35,3,64,2,0.6403837203979492,0.1381411999464035
35,3,64,3,0.5440856218338013,0.14258095622062683
35,3,64,4,0.3110378384590149,0.12218014895915985
35,3,64,5,0.5813217163085938,0.19652195274829865
35,3,64,6,0.6170313954353333,0.12015867978334427
35,3,64,7,0.6419022083282471,0.13648317754268646
35,3,64,8,0.5593881607055664,0.30612269043922424
35,3,64,9,0.524491012096405,0.24775256216526031
35,3,64,10,0.38856643438339233,0.08783894032239914
35,3,64,11,0.5063323974609375,0.10094776004552841
35,3,64,12,0.6042704582214355,0.164767324924469
35,3,64,13,0.5227221250534058,0.19181138277053833
35,3,64,14,0.3364548683166504,0.07909610122442245
35,3,64,15,0.24194897711277008,0.07846195250749588
35,3,64,16,0.614272952079773,0.09025924652814865
35,3,64,17,0.47494789958000183,0.26444414258003235
35,3,64,18,0.32546186447143555,0.13026386499404907
35,3,64,19,0.5515005588531494,0.2750186622142792
35,3,64,20,0.49801209568977356,0.08753741532564163
35,3,64,21,0.4947412610054016,0.20576982200145721
35,3,64,22,0.3550276756286621,0.05532800778746605
35,3,64,23,0.4931172728538513,0.08216676115989685
35,3,64,24,0.4248315393924713,0.09010377526283264
35,3,64,25,0.5034111738204956,0.23738999664783478
35,3,64,26,0.35875651240348816,0.10989019274711609
35,3,64,27,0.4437476098537445,0.1665964126586914
35,3,64,28,0.6091353297233582,0.19193869829177856
35,3,64,29,0.5309802293777466,0.1030508279800415
35,3,64,30,0.40301835536956787,0.1630440205335617
35,3,64,31,0.7230097055435181,0.09178818017244339
35,3,64,32,0.5976994633674622,0.1653844118118286
35,3,64,33,0.7472854852676392,0.08702512830495834
35,3,64,34,0.45781388878822327,0.13444927334785461
35,3,64,35,0.5753005146980286,0.11786341667175293
35,3,64,36,0.4978957772254944,0.055481091141700745
35,3,64,37,0.5383431315422058,0.2229783833026886
35,3,64,38,0.6959270238876343,0.0951363816857338
35,3,64,39,0.5128695964813232,0.14839673042297363
35,3,64,40,0.4780733287334442,0.20145399868488312
35,3,64,41,0.4477415382862091,0.1889006644487381
35,3,64,42,0.5357338190078735,0.1546737402677536
35,3,64,43,0.2994138300418854,0.1441785991191864
35,3,64,44,0.44687479734420776,0.08702611923217773
35,3,64,45,0.36150217056274414,0.1088513657450676
35,3,64,46,0.39481109380722046,0.11979071795940399
35,3,64,47,0.47098666429519653,0.13880755007266998
35,3,64,48,0.5728083252906799,0.13617035746574402
35,3,64,49,0.5384401679039001,0.23423585295677185
35,3,64,50,0.5590351819992065,0.10208926349878311
35,3,64,51,0.44633567333221436,0.22172901034355164
35,3,64,52,0.3732326030731201,0.19275827705860138
35,3,64,53,0.5767674446105957,0.3024895489215851
35,3,64,54,0.5167086720466614,0.18479089438915253
35,3,64,55,0.5645663738250732,0.2025580257177353
35,3,64,56,0.35641545057296753,0.1577569544315338
35,3,64,57,0.4831049144268036,0.2295411229133606
35,3,64,58,0.7636711597442627,0.11973441392183304
35,3,64,59,0.5606197118759155,0.17013217508792877
35,3,64,60,0.4623492658138275,0.15466061234474182
35,3,64,61,0.5429538488388062,0.22043311595916748
35,3,64,62,0.4343806207180023,0.15094535052776337
35,3,64,63,0.45448267459869385,0.05593250319361687
35,4,128,0,0.6968238353729248,0.2856714129447937
35,4,128,1,0.5858567953109741,0.17031359672546387
35,4,128,2,0.577444851398468,0.0535820797085762
35,4,128,3,0.6157436370849609,0.195547416806221
35,4,128,4,0.6624133586883545,0.1917772740125656
35,4,128,5,0.6686649918556213,0.116599440574646
35,4,128,6,0.6100999712944031,0.3478545546531677
35,4,128,7,0.5374733805656433,0.10898100584745407
35,4,128,8,0.5537636280059814,0.2110266387462616
35,4,128,9,0.7285268902778625,0.170151025056839
35,4,128,10,0.5697076320648193,0.10376116633415222
35,4,128,11,0.7459585070610046,0.06514330208301544
35,4,128,12,0.7894738912582397,0.10673228651285172
35,4,128,13,0.7111978530883789,0.10507328808307648
35,4,128,14,0.5834887623786926,0.20244817435741425
35,4,128,15,0.7931348085403442,0.12655217945575714
35,4,128,16,0.2078598588705063,0.06896612793207169
35,4,128,17,0.5799857974052429,0.23741494119167328
35,4,128,18,0.7589149475097656,0.10790649056434631
35,4,128,19,0.634135901927948,0.2296914905309677
35,4,128,20,0.5449714064598083,0.05193329229950905
35,4,128,21,0.7356756925582886,0.18315447866916656
35,4,128,22,0.19078469276428223,0.09605813026428223
35,4,128,23,0.4517105221748352,0.1685359627008438
35,4,128,24,0.42385298013687134,0.21830052137374878
35,4,128,25,0.5498012900352478,0.14066804945468903
35,4,128,26,0.5338322520256042,0.18304859101772308
35,4,128,27,0.6265050172805786,0.04816580191254616
35,4,128,28,0.7436311841011047,0.154522106051445
35,4,128,29,0.6869380474090576,0.11397748440504074
35,4,128,30,0.6393696069717407,0.13463647663593292
35,4,128,31,0.48851460218429565,0.18402011692523956
35,4,128,32,0.6196836829185486,0.18364977836608887
35,4,128,33,0.5919094085693359,0.39610373973846436
35,4,128,34,0.5324594378471375,0.22392091155052185
35,4,128,35,0.505480170249939,0.28040775656700134
35,4,128,36,0.49962300062179565,0.15668588876724243
35,4,128,37,0.36261504888534546,0.07197583466768265
35,4,128,38,0.7525887489318848,0.09311959147453308
35,4,128,39,0.6231189966201782,0.1396772712469101
35,4,128,40,0.36196136474609375,0.08492883294820786
35,4,128,41,0.23955373466014862,0.11348982155323029
35,4,128,42,0.6537029147148132,0.055183734744787216
35,4,128,43,0.7242351174354553,0.07831339538097382
35,4,128,44,0.5001376271247864,0.05329378694295883
35,4,128,45,0.35272324085235596,0.08083677291870117
35,4,128,46,0.6616182923316956,0.1346239596605301
35,4,128,47,0.5847246050834656,0.20540134608745575
35,4,128,48,0.635327935218811,0.10768873989582062
35,4,128,49,0.756220281124115,0.09433316439390182
35,4,128,50,0.5475687980651855,0.17860047519207
35,4,128,51,0.6848841309547424,0.27338775992393494
35,4,128,52,0.4828427731990814,0.08725196868181229
35,4,128,53,0.6420972347259521,0.12073316425085068
35,4,128,54,0.4245518743991852,0.29424789547920227
35,4,128,55,0.622231662273407,0.07973712682723999
35,4,128,56,0.4240163564682007,0.2879864573478699
35,4,128,57,0.5316967964172363,0.10969813168048859
35,4,128,58,0.6393049359321594,0.0657336637377739
35,4,128,59,0.6041168570518494,0.33599817752838135
35,4,128,60,0.5289105176925659,0.0755586102604866
35,4,128,61,0.533999502658844,0.26574259996414185
35,4,128,62,0.7057043313980103,0.12474402785301208
35,4,128,63,0.547804057598114,0.17714923620224
35,4,128,64,0.4498654901981354,0.3533034324645996
35,4,128,65,0.4146912693977356,0.1398947834968567
35,4,128,66,0.5479258298873901,0.2170105129480362
35,4,128,67,0.4517063498497009,0.10708451271057129
35,4,128,68,0.6588630676269531,0.23579289019107819
35,4,128,69,0.39226680994033813,0.3402191698551178
35,4,128,70,0.7816010117530823,0.11985182762145996
35,4,128,71,0.7927579283714294,0.09096597135066986
35,4,128,72,0.5664670467376709,0.1126067191362381
35,4,128,73,0.2152678370475769,0.13788628578186035
35,4,128,74,0.662754476070404,0.3284522593021393
35,4,128,75,0.45230287313461304,0.18613488972187042
35,4,128,76,0.5195339322090149,0.12127922475337982
35,4,128,77,0.6373364329338074,0.1314120888710022
35,4,128,78,0.5671240091323853,0.07320787757635117
35,4,128,79,0.6936030387878418,0.1000225841999054
35,4,128,80,0.6648222208023071,0.23212546110153198
35,4,128,81,0.5673328638076782,0.14893454313278198
35,4,128,82,0.45760518312454224,0.22870956361293793
35,4,128,83,0.7587301731109619,0.11252252757549286
35,4,128,84,0.5170354247093201,0.1245499700307846
35,4,128,85,0.795636773109436,0.10146771371364594
35,4,128,86,0.6196408867835999,0.12512719631195068
35,4,128,87,0.6497301459312439,0.23436766862869263
35,4,128,88,0.43461668491363525,0.04015732556581497
35,4,128,89,0.6500067114830017,0.12350256741046906
35,4,128,90,0.745106041431427,0.1062617152929306
35,4,128,91,0.5676499605178833,0.1612522155046463
35,4,128,92,0.5980319380760193,0.28918007016181946
35,4,128,93,0.6119260191917419,0.20390670001506805
35,4,128,94,0.48586004972457886,0.3077325224876404
35,4,128,95,0.7091134190559387,0.2098834216594696
35,4,128,96,0.8090678453445435,0.092132568359375
35,4,128,97,0.5104548931121826,0.22189971804618835
35,4,128,98,0.6235226988792419,0.3294200003147125
35,4,128,99,0.6785100102424622,0.06802497059106827
35,4,128,100,0.622553288936615,0.16637404263019562
35,4,128,101,0.5509008169174194,0.14584150910377502
35,4,128,102,0.7579132914543152,0.18188948929309845
35,4,128,103,0.7026854157447815,0.08903304487466812
35,4,128,104,0.40806844830513,0.08685331791639328
35,4,128,105,0.8550458550453186,0.0923832505941391
35,4,128,106,0.517066478729248,0.21660003066062927
35,4,128,107,0.7231019139289856,0.0974707305431366
35,4,128,108,0.4520016312599182,0.3007861375808716
35,4,128,109,0.6563766002655029,0.12078910320997238
35,4,128,110,0.6608551740646362,0.23597468435764313
35,4,128,111,0.6432089805603027,0.16839322447776794
35,4,128,112,0.6283937692642212,0.1774444580078125
35,4,128,113,0.622814416885376,0.08148844540119171
35,4,128,114,0.4063927233219147,0.12118592858314514
35,4,128,115,0.4791717231273651,0.23017044365406036
35,4,128,116,0.607378363609314,0.06406278908252716
35,4,128,117,0.3199223279953003,0.2415710985660553
35,4,128,118,0.5483081936836243,0.16635367274284363
35,4,128,119,0.6421656608581543,0.17619676887989044
35,4,128,120,0.7619094252586365,0.14515553414821625
35,4,128,121,0.5597400069236755,0.2280438244342804
35,4,128,122,0.4225171208381653,0.18815739452838898
35,4,128,123,0.606595516204834,0.14594371616840363
35,4,128,124,0.3674812614917755,0.14757618308067322
35,4,128,125,0.8318843841552734,0.08990432322025299
35,4,128,126,0.6035334467887878,0.08517961949110031
35,4,128,127,0.5534239411354065,0.13462020456790924
35,5,128,0,0.7018265128135681,0.20825199782848358
35,5,128,1,0.6494077444076538,0.2129475176334381
35,5,128,2,0.6945358514785767,0.18694888055324554
35,5,128,3,0.44114950299263,0.07198213040828705
35,5,128,4,0.750893235206604,0.0966532975435257
35,5,128,5,0.7202986478805542,0.13737542927265167
35,5,128,6,0.6673773527145386,0.2738874852657318
35,5,128,7,0.5605026483535767,0.15055713057518005
35,5,128,8,0.6817006468772888,0.11137809604406357
35,5,128,9,0.6885634660720825,0.16053691506385803
35,5,128,10,0.6399304866790771,0.1290031522512436
35,5,128,11,0.7985537648200989,0.10172177106142044
35,5,128,12,0.701196014881134,0.19144991040229797
35,5,128,13,0.6561883687973022,0.13234178721904755
35,5,128,14,0.7815157175064087,0.16951239109039307
35,5,128,15,0.8323548436164856,0.10320357978343964
35,5,128,16,0.4476892650127411,0.1754465252161026
35,5,128,17,0.6520605683326721,0.09961709380149841
35,5,128,18,0.6907342076301575,0.15942691266536713
35,5,128,19,0.6482604146003723,0.25396186113357544
35,5,128,20,0.7385293841362,0.18021102249622345
35,5,128,21,0.6870824694633484,0.21968479454517365
35,5,128,22,0.5742035508155823,0.2576967477798462
35,5,128,23,0.6496116518974304,0.09715887904167175
35,5,128,24,0.5749534964561462,0.1379907727241516
35,5,128,25,0.638664186000824,0.27794384956359863
35,5,128,26,0.7412341237068176,0.07854194939136505
35,5,128,27,0.6488161087036133,0.19462372362613678
35,5,128,28,0.726631224155426,0.16094791889190674
35,5,128,29,0.6173657178878784,0.29367589950561523
35,5,128,30,0.5210824012756348,0.10107216984033585
35,5,128,31,0.6986122131347656,0.09317366033792496
35,5,128,32,0.58610999584198,0.2623835802078247
35,5,128,33,0.5751278400421143,0.12034276872873306
35,5,128,34,0.871753454208374,0.08873304724693298
35,5,128,35,0.5651820302009583,0.18744918704032898
35,5,128,36,0.6052004098892212,0.10661543905735016
35,5,128,37,0.7894563674926758,0.08050484955310822
35,5,128,38,0.7105247974395752,0.21365073323249817
35,5,128,39,0.6885709166526794,0.18460935354232788
35,5,128,40,0.608298122882843,0.12606169283390045
35,5,128,41,0.6278761029243469,0.14090830087661743
35,5,128,42,0.5405745506286621,0.11829269677400589
35,5,128,43,0.8039177656173706,0.07825909554958344
35,5,128,44,0.5304279923439026,0.139641672372818
35,5,128,45,0.47221818566322327,0.02336142584681511
35,5,128,46,0.6874812841415405,0.04892238602042198
35,5,128,47,0.6984202861785889,0.16152629256248474
35,5,128,48,0.4283553957939148,0.11323292553424835
35,5,128,49,0.6950689554214478,0.21107862889766693
35,5,128,50,0.3506734073162079,0.08052430301904678
35,5,128,51,0.6600923538208008,0.1748090535402298
35,5,128,52,0.3489413559436798,0.07872337102890015
35,5,128,53,0.5137170553207397,0.04201701283454895
35,5,128,54,0.6257675290107727,0.12680120766162872
35,5,128,55,0.733182430267334,0.1318260282278061
35,5,128,56,0.3122386038303375,0.0696338564157486
35,5,128,57,0.5421107411384583,0.05911357328295708
35,5,128,58,0.6791567802429199,0.2397872805595398
35,5,128,59,0.6934196352958679,0.12563399970531464
35,5,128,60,0.7018750905990601,0.10352835804224014
35,5,128,61,0.6499378681182861,0.09670676290988922
35,5,128,62,0.4353524148464203,0.1340702921152115
35,5,128,63,0.7406012415885925,0.08813399821519852
35,5,128,64,0.5149810910224915,0.1612994521856308
35,5,128,65,0.6146613955497742,0.10958117246627808
35,5,128,66,0.41030582785606384,0.11798739433288574
35,5,128,67,0.7939175367355347,0.09346426278352737
35,5,128,68,0.6881833076477051,0.2255842536687851
35,5,128,69,0.49710649251937866,0.0816885307431221
35,5,128,70,0.7818713188171387,0.09580259770154953
35,5,128,71,0.7958715558052063,0.12918467819690704
35,5,128,72,0.7029661536216736,0.06908321380615234
35,5,128,73,0.490193247795105,0.13351930677890778
35,5,128,74,0.7523341178894043,0.1930350810289383
35,5,128,75,0.8328388929367065,0.09088436514139175
35,5,128,76,0.6919767260551453,0.20951758325099945
35,5,128,77,0.6284221410751343,0.05737483873963356
35,5,128,78,0.6827219128608704,0.24092642962932587
35,5,128,79,0.7322723865509033,0.0682915449142456
35,5,128,80,0.6294868588447571,0.31046316027641296
35,5,128,81,0.5774850845336914,0.16033843159675598
35,5,128,82,0.8499059677124023,0.0927150547504425
35,5,128,83,0.630207359790802,0.11669305711984634
35,5,128,84,0.5122756361961365,0.09223385155200958
35,5,128,85,0.6136329770088196,0.061599500477313995
35,5,128,86,0.6000645756721497,0.2613238990306854
35,5,128,87,0.681489109992981,0.2071145623922348
35,5,128,88,0.6809686422348022,0.12416953593492508
35,5,128,89,0.6900299787521362,0.20136040449142456
35,5,128,90,0.8087570667266846,0.11776459217071533
35,5,128,91,0.7449670433998108,0.14914673566818237
35,5,128,92,0.7047878503799438,0.1671861857175827
35,5,128,93,0.6744140386581421,0.28378158807754517
35,5,128,94,0.693013072013855,0.2572117745876312
35,5,128,95,0.6638787388801575,0.25085335969924927
35,5,128,96,0.7500295042991638,0.15928611159324646
35,5,128,97,0.7640541791915894,0.1041860580444336
35,5,128,98,0.6712633371353149,0.2890441119670868
35,5,128,99,0.6214394569396973,0.27161943912506104
35,5,128,100,0.30028456449508667,0.1341235637664795
35,5,128,101,0.5051130056381226,0.09581053256988525
35,5,128,102,0.7194778323173523,0.16761231422424316
35,5,128,103,0.692305862903595,0.0584394633769989
35,5,128,104,0.47140002250671387,0.14029385149478912
35,5,128,105,0.6868025660514832,0.13424667716026306
35,5,128,106,0.6595466136932373,0.08647163957357407
35,5,128,107,0.6754209399223328,0.1024070680141449
35,5,128,108,0.6446942687034607,0.19516731798648834
35,5,128,109,0.5630025267601013,0.22155049443244934
35,5,128,110,0.7780704498291016,0.10089613497257233
35,5,128,111,0.7116591334342957,0.11133208870887756
35,5,128,112,0.5371825695037842,0.18874916434288025
35,5,128,113,0.5392187237739563,0.19341573119163513
35,5,128,114,0.5370559692382812,0.036529745906591415
35,5,128,115,0.5939372181892395,0.2013869732618332
35,5,128,116,0.5182864665985107,0.061999887228012085
35,5,128,117,0.7269834280014038,0.1787552833557129
35,5,128,118,0.35465383529663086,0.08017811179161072
35,5,128,119,0.38178685307502747,0.15500468015670776
35,5,128,120,0.6262655258178711,0.24123232066631317
35,5,128,121,0.5410043001174927,0.23432770371437073
35,5,128,122,0.6192368865013123,0.13364025950431824
35,5,128,123,0.6873008608818054,0.16256502270698547
35,5,128,124,0.5740410089492798,0.17155438661575317
35,5,128,125,0.7934538722038269,0.08942355960607529
35,5,128,126,0.8029682636260986,0.1266207993030548
35,5,128,127,0.34170588850975037,0.0959252119064331
36,0,32,0,0.5738271474838257,0.06996544450521469
36,0,32,1,0.35564157366752625,0.04685503989458084
36,0,32,2,0.4843762516975403,0.11097230017185211
36,0,32,3,0.3998866379261017,0.09797842800617218
36,0,32,4,0.4804089069366455,0.15226851403713226
36,0,32,5,0.316519558429718,0.07347606122493744
36,0,32,6,0.645932137966156,0.08579138666391373
36,0,32,7,0.40303072333335876,0.09594292938709259
36,0,32,8,0.5436420440673828,0.13062867522239685
36,0,32,9,0.4182593822479248,0.1153016909956932
36,0,32,10,0.5240119099617004,0.06568775326013565
36,0,32,11,0.3524932861328125,0.09891524910926819
36,0,32,12,0.5306007862091064,0.07860240340232849
36,0,32,13,0.43384507298469543,0.07389044016599655
36,0,32,14,0.49006515741348267,0.07256262004375458
36,0,32,15,0.6397580504417419,0.05338051915168762
36,0,32,16,0.5052419304847717,0.07252653688192368
36,0,32,17,0.429086834192276,0.07705648988485336
36,0,32,18,0.5404314398765564,0.06919632107019424
36,0,32,19,0.4664173722267151,0.11761130392551422
36,0,32,20,0.5970075726509094,0.07307534664869308
36,0,32,21,0.4174497127532959,0.0747644454240799
36,0,32,22,0.3627929389476776,0.09649928659200668
36,0,32,23,0.628680408000946,0.08186862617731094
36,0,32,24,0.6082679033279419,0.046017974615097046
36,0,32,25,0.47483155131340027,0.07027819007635117
36,0,32,26,0.47695204615592957,0.04107720032334328
36,0,32,27,0.5990318059921265,0.0694979652762413
36,0,32,28,0.5399752855300903,0.0321529321372509
36,0,32,29,0.3658358156681061,0.06686267256736755
36,0,32,30,0.4349409341812134,0.11280301213264465
36,0,32,31,0.5003005862236023,0.092927947640419
36,1,32,0,0.5619909763336182,0.047577448189258575
36,1,32,1,0.47513240575790405,0.015256999060511589
36,1,32,2,0.5101910829544067,0.12282710522413254
36,1,32,3,0.4799782931804657,0.06047225743532181
36,1,32,4,0.3823543190956116,0.04126705229282379
36,1,32,5,0.617704451084137,0.07906834036111832
36,1,32,6,0.40164807438850403,0.1255253106355667
36,1,32,7,0.40419870615005493,0.1321018487215042
36,1,32,8,0.4717048704624176,0.03134572133421898
36,1,32,9,0.45337358117103577,0.08549180626869202
36,1,32,10,0.5079998970031738,0.05683340132236481
36,1,32,11,0.5875913500785828,0.05824727192521095
36,1,32,12,0.5079024434089661,0.11944360285997391
36,1,32,13,0.43243324756622314,0.11858212947845459
36,1,32,14,0.38033565878868103,0.05742386355996132
36,1,32,15,0.5478537082672119,0.043599147349596024
36,1,32,16,0.5827224254608154,0.05441439896821976
36,1,32,17,0.372356116771698,0.03673064336180687
36,1,32,18,0.6005963683128357,0.01257539726793766
36,1,32,19,0.6223973035812378,0.030427364632487297
36,1,32,20,0.556027889251709,0.11274755001068115
36,1,32,21,0.4526108503341675,0.11046753823757172
36,1,32,22,0.4743034541606903,0.02503737062215805
36,1,32,23,0.6016082167625427,0.08109511435031891
36,1,32,24,0.554762065410614,0.03492782264947891
36,1,32,25,0.5575834512710571,0.057025931775569916
36,1,32,26,0.5750534534454346,0.07826849073171616
36,1,32,27,0.4049007296562195,0.08801773190498352
36,1,32,28,0.4122720956802368,0.062332235276699066
36,1,32,29,0.5042660236358643,0.0713137611746788
36,1,32,30,0.46702882647514343,0.025268027558922768
36,1,32,31,0.5314286351203918,0.04700547456741333
36,2,64,0,0.5218323469161987,0.08494962006807327
36,2,64,1,0.6357720494270325,0.13200139999389648
36,2,64,2,0.5401807427406311,0.0807299017906189
36,2,64,3,0.5566738247871399,0.0743817538022995
36,2,64,4,0.45354947447776794,0.07269269973039627
36,2,64,5,0.5288068652153015,0.12601391971111298
36,2,64,6,0.5438022613525391,0.08569405227899551
36,2,64,7,0.4758126139640808,0.15164849162101746
36,2,64,8,0.5703221559524536,0.179179385304451
36,2,64,9,0.5617258548736572,0.11573568731546402
36,2,64,10,0.4178301692008972,0.09541797637939453
36,2,64,11,0.4781010150909424,0.07000976800918579
36,2,64,12,0.5164461135864258,0.12133856117725372
36,2,64,13,0.6084212064743042,0.10843250900506973
36,2,64,14,0.5105808973312378,0.06849536299705505
36,2,64,15,0.5761739611625671,0.12150447070598602
36,2,64,16,0.3615441620349884,0.13971468806266785
36,2,64,17,0.45008671283721924,0.059287406504154205
36,2,64,18,0.5672507882118225,0.11148439347743988
36,2,64,19,0.5038182139396667,0.035024747252464294
36,2,64,20,0.4458467364311218,0.14259198307991028
36,2,64,21,0.6188787817955017,0.059844549745321274
36,2,64,22,0.5734182596206665,0.09032800793647766
36,2,64,23,0.6086460947990417,0.10506388545036316
36,2,64,24,0.44299453496932983,0.05451248586177826
36,2,64,25,0.32771965861320496,0.10543186217546463
36,2,64,26,0.48679718375205994,0.09741003811359406
36,2,64,27,0.5697577595710754,0.11251704394817352
36,2,64,28,0.4224401116371155,0.11125092953443527
36,2,64,29,0.49633586406707764,0.1159946396946907
36,2,64,30,0.5283535122871399,0.1132843866944313
36,2,64,31,0.5076425075531006,0.08742531388998032
36,2,64,32,0.42923659086227417,0.10987090319395065
36,2,64,33,0.4311000108718872,0.13027527928352356
36,2,64,34,0.4546646773815155,0.10621292144060135
36,2,64,35,0.5469979047775269,0.08011173456907272
36,2,64,36,0.3786882758140564,0.11149617284536362
36,2,64,37,0.5049982070922852,0.03619643673300743
36,2,64,38,0.43963852524757385,0.16161027550697327
36,2,64,39,0.40706852078437805,0.13691669702529907
36,2,64,40,0.3875369727611542,0.10676570236682892
36,2,64,41,0.36768653988838196,0.0834086686372757
36,2,64,42,0.45058804750442505,0.11315082758665085
36,2,64,43,0.4577995538711548,0.0885629951953888
36,2,64,44,0.3525960147380829,0.09025043249130249
36,2,64,45,0.41214871406555176,0.07415781170129776
36,2,64,46,0.449972927570343,0.14171858131885529
36,2,64,47,0.5439263582229614,0.07167022675275803
36,2,64,48,0.38633614778518677,0.11984635144472122
36,2,64,49,0.5581566691398621,0.07949705421924591
36,2,64,50,0.41260334849357605,0.05938663333654404
36,2,64,51,0.41852882504463196,0.09814190119504929
36,2,64,52,0.6044886708259583,0.1291055977344513
36,2,64,53,0.5296091437339783,0.09210715442895889
36,2,64,54,0.48059946298599243,0.037176959216594696
36,2,64,55,0.3785035014152527,0.1182040125131607
36,2,64,56,0.42499032616615295,0.11232590675354004
36,2,64,57,0.4658015966415405,0.10964910686016083
36,2,64,58,0.4624236822128296,0.08831106126308441
36,2,64,59,0.4328341484069824,0.10141950845718384
36,2,64,60,0.6165597438812256,0.08583814650774002
36,2,64,61,0.49213486909866333,0.08278471976518631
36,2,64,62,0.37532949447631836,0.09641167521476746
36,2,64,63,0.5323877334594727,0.09614371508359909
36,3,64,0,0.6851301789283752,0.07126104086637497
36,3,64,1,0.6184385418891907,0.07128200680017471
36,3,64,2,0.5922497510910034,0.14468152821063995
36,3,64,3,0.5483560562133789,0.07638759166002274
36,3,64,4,0.4145206809043884,0.1334475725889206
36,3,64,5,0.6782183647155762,0.06687434017658234
36,3,64,6,0.546267569065094,0.15524747967720032
36,3,64,7,0.5636040568351746,0.07330819219350815
36,3,64,8,0.4202388525009155,0.09777083247900009
36,3,64,9,0.36155205965042114,0.10090379416942596
36,3,64,10,0.50568026304245,0.19309638440608978
36,3,64,11,0.5211009383201599,0.12068670243024826
36,3,64,12,0.4591880738735199,0.1547454595565796
36,3,64,13,0.5932865142822266,0.13626326620578766
36,3,64,14,0.6150141954421997,0.057951007038354874
36,3,64,15,0.48548054695129395,0.1136474534869194
36,3,64,16,0.573712944984436,0.13101820647716522
36,3,64,17,0.47279250621795654,0.11521421372890472
36,3,64,18,0.3985965847969055,0.15332849323749542
36,3,64,19,0.6258866786956787,0.06903184205293655
36,3,64,20,0.5536344647407532,0.08447376638650894
36,3,64,21,0.37657561898231506,0.21286620199680328
36,3,64,22,0.522005021572113,0.10652843117713928
36,3,64,23,0.4955245554447174,0.1051856130361557
36,3,64,24,0.4522361755371094,0.08602111786603928
36,3,64,25,0.7653705477714539,0.08440704643726349
36,3,64,26,0.5815415978431702,0.13184787333011627
36,3,64,27,0.6417837738990784,0.0730297788977623
36,3,64,28,0.45522525906562805,0.06155044585466385
36,3,64,29,0.4771721065044403,0.09590770304203033
36,3,64,30,0.5910177826881409,0.057714685797691345
36,3,64,31,0.4303869605064392,0.0896725058555603
36,3,64,32,0.5934097170829773,0.11017416417598724
36,3,64,33,0.5341128706932068,0.08715200424194336
36,3,64,34,0.5656472444534302,0.1555696725845337
36,3,64,35,0.4580812454223633,0.18714629113674164
36,3,64,36,0.5737404227256775,0.2093808352947235
36,3,64,37,0.3838585913181305,0.2107875496149063
36,3,64,38,0.4246463477611542,0.092038594186306
36,3,64,39,0.256874680519104,0.07605841010808945
36,3,64,40,0.46980157494544983,0.10912444442510605
36,3,64,41,0.6404802203178406,0.11591330915689468
36,3,64,42,0.4347150921821594,0.07327195256948471
36,3,64,43,0.5235728025436401,0.08942689001560211
36,3,64,44,0.46587374806404114,0.1551099419593811
36,3,64,45,0.43179911375045776,0.16455073654651642
36,3,64,46,0.38327646255493164,0.2523035705089569
36,3,64,47,0.5857821702957153,0.16116680204868317
36,3,64,48,0.4735264480113983,0.13944211602210999
36,3,64,49,0.5823051333427429,0.15326127409934998
36,3,64,50,0.43389323353767395,0.13017423450946808
36,3,64,51,0.6427620649337769,0.08638746291399002
36,3,64,52,0.7572903633117676,0.08144605159759521
36,3,64,53,0.5040255188941956,0.13773024082183838
36,3,64,54,0.5892037153244019,0.16712066531181335
36,3,64,55,0.5566515326499939,0.07278334349393845
36,3,64,56,0.5022040605545044,0.11711089313030243
36,3,64,57,0.49174267053604126,0.1613520383834839
36,3,64,58,0.6358226537704468,0.09560087323188782
36,3,64,59,0.3556472957134247,0.09733252227306366
36,3,64,60,0.5714228749275208,0.15700171887874603
36,3,64,61,0.47936078906059265,0.16700023412704468
36,3,64,62,0.5065882802009583,0.07384856790304184
36,3,64,63,0.5622326731681824,0.16665372252464294
36,4,128,0,0.6580647826194763,0.08288649469614029
36,4,128,1,0.8133185505867004,0.11461877822875977
36,4,128,2,0.7900950908660889,0.1790112406015396
36,4,128,3,0.7226439714431763,0.14151234924793243
36,4,128,4,0.43764153122901917,0.05935605987906456
36,4,128,5,0.4845280051231384,0.06311415880918503
36,4,128,6,0.7052968144416809,0.2503906786441803
36,4,128,7,0.2532172203063965,0.20295314490795135
36,4,128,8,0.5754519104957581,0.15753279626369476
36,4,128,9,0.5667039155960083,0.06324386596679688
36,4,128,10,0.8106998205184937,0.15589752793312073
36,4,128,11,0.48324140906333923,0.05086660012602806
36,4,128,12,0.6613257527351379,0.20249558985233307
36,4,128,13,0.5570427775382996,0.2172505259513855
36,4,128,14,0.268106609582901,0.213838130235672
36,4,128,15,0.7176894545555115,0.06403752416372299
36,4,128,16,0.3225853443145752,0.23853932321071625
36,4,128,17,0.3015713691711426,0.15098465979099274
36,4,128,18,0.3372870087623596,0.19519205391407013
36,4,128,19,0.5578813552856445,0.15803341567516327
36,4,128,20,0.7159292697906494,0.2095336765050888
36,4,128,21,0.1920379251241684,0.18732032179832458
36,4,128,22,0.3335801064968109,0.1758347749710083
36,4,128,23,0.7619016766548157,0.1489250212907791
36,4,128,24,0.6485850214958191,0.09480443596839905
36,4,128,25,0.31509122252464294,0.14540357887744904
36,4,128,26,0.7655099034309387,0.1086549386382103
36,4,128,27,0.5546738505363464,0.11026871204376221
36,4,128,28,0.4833202660083771,0.0617930144071579
36,4,128,29,0.43698984384536743,0.13208268582820892
36,4,128,30,0.3699784576892853,0.1822279393672943
36,4,128,31,0.5136704444885254,0.0767240896821022
36,4,128,32,0.4133564829826355,0.07663372904062271
36,4,128,33,0.350598007440567,0.08893539011478424
36,4,128,34,0.37834808230400085,0.22424139082431793
36,4,128,35,0.7430108785629272,0.21550272405147552
36,4,128,36,0.7641170620918274,0.11096125841140747
36,4,128,37,0.40842998027801514,0.1474810540676117
36,4,128,38,0.5963799357414246,0.2505400478839874
36,4,128,39,0.7322080135345459,0.2162545621395111
36,4,128,40,0.6068835258483887,0.09504427760839462
36,4,128,41,0.6793817281723022,0.25678762793540955
36,4,128,42,0.734004020690918,0.1416076123714447
36,4,128,43,0.6729564070701599,0.23630891740322113
36,4,128,44,0.46762439608573914,0.27143871784210205
36,4,128,45,0.7026945948600769,0.13601477444171906
36,4,128,46,0.3028120696544647,0.08520670235157013
36,4,128,47,0.7100370526313782,0.21783578395843506
36,4,128,48,0.707811176776886,0.28032541275024414
36,4,128,49,0.765269935131073,0.1651683896780014
36,4,128,50,0.7730054259300232,0.17092037200927734
36,4,128,51,0.5706958174705505,0.21920621395111084
36,4,128,52,0.3260984718799591,0.10404374450445175
36,4,128,53,0.3947387933731079,0.06188099458813667
36,4,128,54,0.7899098992347717,0.156185120344162
36,4,128,55,0.6113978028297424,0.09866209328174591
36,4,128,56,0.3973701298236847,0.16329307854175568
36,4,128,57,0.5339710712432861,0.09839051961898804
36,4,128,58,0.34732455015182495,0.22439970076084137
36,4,128,59,0.6749048233032227,0.0821482390165329
36,4,128,60,0.6779200434684753,0.22546881437301636
36,4,128,61,0.34423691034317017,0.30015820264816284
36,4,128,62,0.33593085408210754,0.17177686095237732
36,4,128,63,0.33645063638687134,0.18271662294864655
36,4,128,64,0.30800342559814453,0.1582430601119995
36,4,128,65,0.3678446114063263,0.1375979632139206
36,4,128,66,0.36345723271369934,0.27173343300819397
36,4,128,67,0.6739178895950317,0.06901351362466812
36,4,128,68,0.7103813886642456,0.0742899551987648
36,4,128,69,0.3862047791481018,0.23868422210216522
36,4,128,70,0.5182121992111206,0.2646513283252716
36,4,128,71,0.7557899355888367,0.15080197155475616
36,4,128,72,0.6165494918823242,0.1766548454761505
36,4,128,73,0.6837162971496582,0.2167021632194519
36,4,128,74,0.7754297256469727,0.18320536613464355
36,4,128,75,0.6292820572853088,0.24690987169742584
36,4,128,76,0.407697468996048,0.0891813412308693
36,4,128,77,0.6763885021209717,0.275503545999527
36,4,128,78,0.7345648407936096,0.24792775511741638
36,4,128,79,0.2898409068584442,0.12270112335681915
36,4,128,80,0.38185763359069824,0.08545497059822083
36,4,128,81,0.6670894026756287,0.2994091212749481
36,4,128,82,0.7518854141235352,0.10092991590499878
36,4,128,83,0.37633195519447327,0.27745750546455383
36,4,128,84,0.46204710006713867,0.09853892773389816
36,4,128,85,0.5544396042823792,0.06968829780817032
36,4,128,86,0.30042895674705505,0.24214984476566315
36,4,128,87,0.689680278301239,0.0913720652461052
36,4,128,88,0.7324238419532776,0.21004554629325867
36,4,128,89,0.656015157699585,0.09512647241353989
36,4,128,90,0.3612474799156189,0.18852874636650085
36,4,128,91,0.42279359698295593,0.10471344739198685
36,4,128,92,0.5861971974372864,0.11640632897615433
36,4,128,93,0.7440410256385803,0.18255029618740082
36,4,128,94,0.5310632586479187,0.04812975227832794
36,4,128,95,0.619675874710083,0.32795754075050354
36,4,128,96,0.8195079565048218,0.0869012400507927
36,4,128,97,0.47167977690696716,0.23988807201385498
36,4,128,98,0.5140034556388855,0.06941509246826172
36,4,128,99,0.4520157277584076,0.2979621887207031
36,4,128,100,0.6745690107345581,0.10259945690631866
36,4,128,101,0.6629371643066406,0.2833605706691742
36,4,128,102,0.828161895275116,0.10203288495540619
36,4,128,103,0.7145290374755859,0.08517513424158096
36,4,128,104,0.5520272850990295,0.08891549706459045
36,4,128,105,0.7220050096511841,0.06889640539884567
36,4,128,106,0.8063453435897827,0.13376885652542114
36,4,128,107,0.1769193857908249,0.11539064347743988
36,4,128,108,0.5428577065467834,0.04975138604640961
36,4,128,109,0.5093637704849243,0.23400244116783142
36,4,128,110,0.3678632080554962,0.2747507691383362
36,4,128,111,0.6872252821922302,0.26601409912109375
36,4,128,112,0.4112963378429413,0.30176064372062683
36,4,128,113,0.6537534594535828,0.33047497272491455
36,4,128,114,0.30583125352859497,0.17830920219421387
36,4,128,115,0.7188776135444641,0.1920625865459442
36,4,128,116,0.7282947897911072,0.22963133454322815
36,4,128,117,0.665124237537384,0.07462035119533539
36,4,128,118,0.3931564688682556,0.22299496829509735
36,4,128,119,0.4394598603248596,0.1794072836637497
36,4,128,120,0.7097631692886353,0.24090613424777985
36,4,128,121,0.3734840452671051,0.18592572212219238
36,4,128,122,0.7076809406280518,0.19412273168563843
36,4,128,123,0.4447300136089325,0.22910946607589722
36,4,128,124,0.6516335606575012,0.23091702163219452
36,4,128,125,0.389167845249176,0.08153580129146576
36,4,128,126,0.6952242851257324,0.13596303761005402
36,4,128,127,0.42373666167259216,0.19410735368728638
36,5,128,0,0.6060551404953003,0.05308404937386513
36,5,128,1,0.7656662464141846,0.08934072405099869
36,5,128,2,0.704378604888916,0.07562847435474396
36,5,128,3,0.7580332159996033,0.1439792811870575
36,5,128,4,0.46421584486961365,0.10480024665594101
36,5,128,5,0.5398412346839905,0.14245271682739258
36,5,128,6,0.5307900905609131,0.09311285614967346
36,5,128,7,0.6441574096679688,0.10744725167751312
36,5,128,8,0.6574945449829102,0.213058739900589
36,5,128,9,0.6949533820152283,0.11603802442550659
36,5,128,10,0.7649460434913635,0.1564202606678009
36,5,128,11,0.7517780661582947,0.0697299912571907
36,5,128,12,0.6076172590255737,0.0531790517270565
36,5,128,13,0.6736869812011719,0.15696930885314941
36,5,128,14,0.4699673354625702,0.09515005350112915
36,5,128,15,0.5672544836997986,0.19594718515872955
36,5,128,16,0.4195506274700165,0.22151854634284973
36,5,128,17,0.5322138667106628,0.15894412994384766
36,5,128,18,0.46363770961761475,0.08120867609977722
36,5,128,19,0.8111014366149902,0.12224464863538742
36,5,128,20,0.6895056366920471,0.08656585961580276
36,5,128,21,0.7795616984367371,0.06350982934236526
36,5,128,22,0.40346992015838623,0.11325332522392273
36,5,128,23,0.8627033829689026,0.06435943394899368
36,5,128,24,0.5689869523048401,0.1952565312385559
36,5,128,25,0.4933376610279083,0.17145948112010956
36,5,128,26,0.7643828392028809,0.15205873548984528
36,5,128,27,0.6591252088546753,0.19614353775978088
36,5,128,28,0.6861115097999573,0.2021828144788742
36,5,128,29,0.6133854985237122,0.03822501003742218
36,5,128,30,0.6449543237686157,0.3261333703994751
36,5,128,31,0.6604570746421814,0.0447222925722599
36,5,128,32,0.796748697757721,0.1409037709236145
36,5,128,33,0.43269702792167664,0.17245778441429138
36,5,128,34,0.7287688851356506,0.10370128601789474
36,5,128,35,0.8585655689239502,0.08083943277597427
36,5,128,36,0.6179546117782593,0.0453668050467968
36,5,128,37,0.8119491934776306,0.08026596903800964
36,5,128,38,0.7157573699951172,0.1088302955031395
36,5,128,39,0.6392015814781189,0.21618269383907318
36,5,128,40,0.729428768157959,0.060608770698308945
36,5,128,41,0.7087550163269043,0.15308961272239685
36,5,128,42,0.7497004866600037,0.07946840673685074
36,5,128,43,0.6135276556015015,0.219091534614563
36,5,128,44,0.6520423889160156,0.09016350656747818
36,5,128,45,0.512830913066864,0.09141236543655396
36,5,128,46,0.6231376528739929,0.2924681305885315
36,5,128,47,0.7056276202201843,0.12369117885828018
36,5,128,48,0.7371737360954285,0.12622018158435822
36,5,128,49,0.8083630800247192,0.07486268132925034
36,5,128,50,0.7200464010238647,0.21210673451423645
36,5,128,51,0.47389569878578186,0.0685231164097786
36,5,128,52,0.41898760199546814,0.07985109835863113
36,5,128,53,0.4839724004268646,0.12620501220226288
36,5,128,54,0.7249463796615601,0.10324932634830475
36,5,128,55,0.6986742615699768,0.08493257313966751
36,5,128,56,0.312404990196228,0.17635004222393036
36,5,128,57,0.7844789028167725,0.09539881348609924
36,5,128,58,0.5549286007881165,0.07722452282905579
36,5,128,59,0.5384165644645691,0.17181499302387238
36,5,128,60,0.7739706039428711,0.09709856659173965
36,5,128,61,0.562070906162262,0.03709624707698822
36,5,128,62,0.6998621225357056,0.09359143674373627
36,5,128,63,0.8355053663253784,0.06677187234163284
36,5,128,64,0.4696807563304901,0.1706361174583435
36,5,128,65,0.5995591282844543,0.107065349817276
36,5,128,66,0.662894070148468,0.0974905863404274
36,5,128,67,0.5366641879081726,0.2710117995738983
36,5,128,68,0.5434269905090332,0.16599728167057037
36,5,128,69,0.7076489925384521,0.0520213320851326
36,5,128,70,0.45537805557250977,0.14309564232826233
36,5,128,71,0.5288923382759094,0.08646385371685028
36,5,128,72,0.7712663412094116,0.1333254724740982
36,5,128,73,0.7087646722793579,0.07013756781816483
36,5,128,74,0.7527453899383545,0.09457243233919144
36,5,128,75,0.638495147228241,0.22070452570915222
36,5,128,76,0.506597101688385,0.19768449664115906
36,5,128,77,0.8006284236907959,0.09713602066040039
36,5,128,78,0.8215531706809998,0.06001676246523857
36,5,128,79,0.4385632872581482,0.1048337072134018
36,5,128,80,0.3977338969707489,0.24939227104187012
36,5,128,81,0.6928974390029907,0.18262992799282074
36,5,128,82,0.5994406342506409,0.17154338955879211
36,5,128,83,0.399160236120224,0.08777070790529251
36,5,128,84,0.5285371541976929,0.1566086709499359
36,5,128,85,0.46796277165412903,0.0845583826303482
36,5,128,86,0.7154315114021301,0.07746395468711853
36,5,128,87,0.7327162623405457,0.17454253137111664
36,5,128,88,0.784501850605011,0.13613398373126984
36,5,128,89,0.766708493232727,0.11861047893762589
36,5,128,90,0.7895964980125427,0.11125249415636063
36,5,128,91,0.6186550259590149,0.13585437834262848
36,5,128,92,0.4456552267074585,0.1139935702085495
36,5,128,93,0.6870874166488647,0.21826741099357605
36,5,128,94,0.7924805283546448,0.10755698382854462
36,5,128,95,0.6304199695587158,0.214755579829216
36,5,128,96,0.6691628694534302,0.16705827414989471
36,5,128,97,0.7433556318283081,0.06053979694843292
36,5,128,98,0.712762176990509,0.1537436842918396
36,5,128,99,0.71551913022995,0.06122170016169548
36,5,128,100,0.4697803258895874,0.04789409786462784
36,5,128,101,0.6633734107017517,0.16180957853794098
36,5,128,102,0.7951886057853699,0.12254715710878372
36,5,128,103,0.7678098082542419,0.06095552071928978
36,5,128,104,0.4879894554615021,0.2223072350025177
36,5,128,105,0.3898882567882538,0.2178264558315277
36,5,128,106,0.795061469078064,0.07789499312639236
36,5,128,107,0.4657740890979767,0.11648060381412506
36,5,128,108,0.6212440729141235,0.05590495094656944
36,5,128,109,0.6569899916648865,0.07468748092651367
36,5,128,110,0.6573210954666138,0.24021393060684204
36,5,128,111,0.7765355706214905,0.05835043638944626
36,5,128,112,0.6803753972053528,0.08836942911148071
36,5,128,113,0.6430867910385132,0.10265849530696869
36,5,128,114,0.6339253783226013,0.133045494556427
36,5,128,115,0.7172701954841614,0.11071028560400009
36,5,128,116,0.7007837295532227,0.1675264835357666
36,5,128,117,0.7539191246032715,0.07288241386413574
36,5,128,118,0.48102256655693054,0.06298605352640152
36,5,128,119,0.7877364158630371,0.07486779242753983
36,5,128,120,0.7221150994300842,0.21292193233966827
36,5,128,121,0.7957046627998352,0.08649922907352448
36,5,128,122,0.537632405757904,0.16996119916439056
36,5,128,123,0.7179771661758423,0.11849047243595123
36,5,128,124,0.3553932011127472,0.1709173023700714
36,5,128,125,0.39313018321990967,0.30986112356185913
36,5,128,126,0.7166470885276794,0.09873785078525543
36,5,128,127,0.6129024624824524,0.05133023113012314
37,0,32,0,0.374796599149704,0.05634744465351105
37,0,32,1,0.38794541358947754,0.07160501927137375
37,0,32,2,0.595103919506073,0.0776747390627861
37,0,32,3,0.43501657247543335,0.07607747614383698
37,0,32,4,0.4509793519973755,0.10021636635065079
37,0,32,5,0.3888545334339142,0.09883861988782883
37,0,32,6,0.5877436399459839,0.09746603667736053
37,0,32,7,0.3838123083114624,0.07103875279426575
37,0,32,8,0.3772731125354767,0.04349520057439804
37,0,32,9,0.47733137011528015,0.11440059542655945
37,0,32,10,0.5331596732139587,0.06019381806254387
37,0,32,11,0.3623650372028351,0.08721115440130234
37,0,32,12,0.5983939170837402,0.07530498504638672
37,0,32,13,0.4652149975299835,0.034837476909160614
37,0,32,14,0.6403651237487793,0.05521037429571152
37,0,32,15,0.45506206154823303,0.09177674353122711
37,0,32,16,0.4713517725467682,0.09331374615430832
37,0,32,17,0.5643213987350464,0.08401643484830856
37,0,32,18,0.5207231044769287,0.08996754139661789
37,0,32,19,0.5126032829284668,0.043518997728824615
37,0,32,20,0.5372791290283203,0.0797884464263916
37,0,32,21,0.557421863079071,0.0635734423995018
37,0,32,22,0.4281066060066223,0.07707949727773666
37,0,32,23,0.38266152143478394,0.047350622713565826
37,0,32,24,0.41327613592147827,0.10787296295166016
37,0,32,25,0.475678026676178,0.024033335968852043
37,0,32,26,0.5567087531089783,0.04936620965600014
37,0,32,27,0.43347635865211487,0.09285161644220352
37,0,32,28,0.4543952941894531,0.09428704530000687
37,0,32,29,0.6264781355857849,0.04135961830615997
37,0,32,30,0.5448758006095886,0.02261374332010746
37,0,32,31,0.4322400391101837,0.0510110966861248
37,1,32,0,0.4282331168651581,0.04010624811053276
37,1,32,1,0.4845486879348755,0.05279890075325966
37,1,32,2,0.4338821768760681,0.06614845991134644
37,1,32,3,0.47661715745925903,0.0445474237203598
37,1,32,4,0.4455285966396332,0.08119913190603256
37,1,32,5,0.5407592058181763,0.06727041304111481
37,1,32,6,0.6047686338424683,0.07215555012226105
37,1,32,7,0.5263218879699707,0.05528683587908745
37,1,32,8,0.5203974843025208,0.052698761224746704
37,1,32,9,0.3845730125904083,0.06208483874797821
37,1,32,10,0.44339364767074585,0.06640584766864777
37,1,32,11,0.6278823614120483,0.03280643746256828
37,1,32,12,0.42489364743232727,0.057814016938209534
37,1,32,13,0.4571339190006256,0.04487986117601395
37,1,32,14,0.5672321319580078,0.059088703244924545
37,1,32,15,0.3272190988063812,0.04644469916820526
37,1,32,16,0.5265416502952576,0.06263203918933868
37,1,32,17,0.4806065261363983,0.0789736956357956
37,1,32,18,0.4904981851577759,0.026165155693888664
37,1,32,19,0.42477869987487793,0.04429834708571434
37,1,32,20,0.3740885257720947,0.027995284646749496
37,1,32,21,0.5473225712776184,0.062299083918333054
37,1,32,22,0.5333558917045593,0.06430559605360031
37,1,32,23,0.37385672330856323,0.06037959083914757
37,1,32,24,0.5962541103363037,0.022210586816072464
37,1,32,25,0.6678704023361206,0.03827706351876259
37,1,32,26,0.529802143573761,0.035493019968271255
37,1,32,27,0.5065081715583801,0.06245412304997444
37,1,32,28,0.4059889018535614,0.10209222137928009
37,1,32,29,0.4917117953300476,0.04915526509284973
37,1,32,30,0.5842599272727966,0.09530698508024216
37,1,32,31,0.5476198792457581,0.03201980143785477
37,2,64,0,0.4578319787979126,0.08416345715522766
37,2,64,1,0.5513532757759094,0.08197247236967087
37,2,64,2,0.5688607692718506,0.09578543901443481
37,2,64,3,0.5674453973770142,0.13577064871788025
37,2,64,4,0.499439001083374,0.13615496456623077
37,2,64,5,0.45833510160446167,0.0647178664803505
37,2,64,6,0.46688327193260193,0.13034820556640625
37,2,64,7,0.5428707003593445,0.09548822045326233
37,2,64,8,0.453206330537796,0.12571130692958832
37,2,64,9,0.6193590760231018,0.08071897178888321
37,2,64,10,0.5385400056838989,0.060335222631692886
37,2,64,11,0.5262854695320129,0.06452827155590057
37,2,64,12,0.5395936369895935,0.0513702929019928
37,2,64,13,0.5844781994819641,0.060546983033418655
37,2,64,14,0.5323196649551392,0.15024471282958984
37,2,64,15,0.5870916247367859,0.06082320213317871
37,2,64,16,0.5443575978279114,0.06960918009281158
37,2,64,17,0.3934636414051056,0.09448177367448807
37,2,64,18,0.5163246989250183,0.10550007969141006
37,2,64,19,0.5569095611572266,0.08082087337970734
37,2,64,20,0.5743780136108398,0.08049586415290833
37,2,64,21,0.4111534655094147,0.0683797150850296
37,2,64,22,0.47274941205978394,0.06481251865625381
37,2,64,23,0.41475963592529297,0.09149179607629776
37,2,64,24,0.6395606994628906,0.06414324790239334
37,2,64,25,0.4447830617427826,0.07138688862323761
37,2,64,26,0.38653892278671265,0.04206700995564461
37,2,64,27,0.6002195477485657,0.0932084396481514
37,2,64,28,0.5893602967262268,0.10998706519603729
37,2,64,29,0.4607214629650116,0.054019711911678314
37,2,64,30,0.4649743437767029,0.08944886177778244
37,2,64,31,0.39802390336990356,0.08880331367254257
37,2,64,32,0.5126262903213501,0.09457074850797653
37,2,64,33,0.4642702341079712,0.16560302674770355
37,2,64,34,0.4552868902683258,0.135188490152359
37,2,64,35,0.5105849504470825,0.06362076103687286
37,2,64,36,0.5405401587486267,0.08738844096660614
37,2,64,37,0.46479806303977966,0.10016427934169769
37,2,64,38,0.48099881410598755,0.1689334213733673
37,2,64,39,0.43522393703460693,0.13093075156211853
37,2,64,40,0.4145313799381256,0.06625007838010788
37,2,64,41,0.5865173935890198,0.060755856335163116
37,2,64,42,0.37915945053100586,0.03409425914287567
37,2,64,43,0.44503962993621826,0.06425479799509048
37,2,64,44,0.47043848037719727,0.12074317783117294
37,2,64,45,0.4419387876987457,0.06397328525781631
37,2,64,46,0.45751503109931946,0.04835543781518936
37,2,64,47,0.38146841526031494,0.18117015063762665
37,2,64,48,0.5053648352622986,0.13913890719413757
37,2,64,49,0.4228840172290802,0.142051562666893
37,2,64,50,0.38390472531318665,0.08146131038665771
37,2,64,51,0.4552866816520691,0.10946447402238846
37,2,64,52,0.5034211277961731,0.17899189889431
37,2,64,53,0.5832051038742065,0.09828518331050873
37,2,64,54,0.46238088607788086,0.19850456714630127
37,2,64,55,0.5771275758743286,0.07953239232301712
37,2,64,56,0.359365314245224,0.0840539038181305
37,2,64,57,0.4288124144077301,0.0945463627576828
37,2,64,58,0.5107451677322388,0.10108760744333267
37,2,64,59,0.5268483757972717,0.0914396122097969
37,2,64,60,0.5312121510505676,0.024969926103949547
37,2,64,61,0.4175366461277008,0.08853606879711151
37,2,64,62,0.4624379873275757,0.13683916628360748
37,2,64,63,0.47065111994743347,0.04076921567320824
37,3,64,0,0.5523830652236938,0.07844364643096924
37,3,64,1,0.5313528776168823,0.08976960182189941
37,3,64,2,0.5982856154441833,0.09073690325021744
37,3,64,3,0.5813097953796387,0.13692356646060944
37,3,64,4,0.5084556937217712,0.11620372533798218
37,3,64,5,0.5917864441871643,0.1601795107126236
37,3,64,6,0.6400306820869446,0.053538642823696136
37,3,64,7,0.7072202563285828,0.0452323742210865
37,3,64,8,0.5422576665878296,0.0862390398979187
37,3,64,9,0.3514849543571472,0.1197272464632988
37,3,64,10,0.5888505578041077,0.18316450715065002
37,3,64,11,0.5083121061325073,0.08724009245634079
37,3,64,12,0.6329898834228516,0.13891036808490753
37,3,64,13,0.43407225608825684,0.0710718184709549
37,3,64,14,0.47942328453063965,0.15365393459796906
37,3,64,15,0.4297577440738678,0.12485694885253906
37,3,64,16,0.6590734124183655,0.24495704472064972
37,3,64,17,0.4175690710544586,0.07199493795633316
37,3,64,18,0.6164094805717468,0.11141175031661987
37,3,64,19,0.5675378441810608,0.047730013728141785
37,3,64,20,0.5880783796310425,0.11009113490581512
37,3,64,21,0.4375264644622803,0.06648298352956772
37,3,64,22,0.5095483064651489,0.11052339524030685
37,3,64,23,0.5253875851631165,0.08270443975925446
37,3,64,24,0.4169811010360718,0.04338100180029869
37,3,64,25,0.4232029616832733,0.12381509691476822
37,3,64,26,0.676591694355011,0.0650322213768959
37,3,64,27,0.6827181577682495,0.13974343240261078
37,3,64,28,0.6404303908348083,0.1299249231815338
37,3,64,29,0.36114734411239624,0.09399520605802536
37,3,64,30,0.5212844610214233,0.055093567818403244
37,3,64,31,0.6095438599586487,0.07498450577259064
37,3,64,32,0.5913205146789551,0.16450165212154388
37,3,64,33,0.6992764472961426,0.0891004130244255
37,3,64,34,0.5112251043319702,0.0471053421497345
37,3,64,35,0.508756697177887,0.04984589293599129
37,3,64,36,0.38020485639572144,0.05439072847366333
37,3,64,37,0.4660909175872803,0.08815154433250427
37,3,64,38,0.38440316915512085,0.058001525700092316
37,3,64,39,0.595447301864624,0.2064397931098938
37,3,64,40,0.4771893620491028,0.08290162682533264
37,3,64,41,0.48278898000717163,0.08213149011135101
37,3,64,42,0.6232382655143738,0.08888666331768036
37,3,64,43,0.43625110387802124,0.1123921349644661
37,3,64,44,0.5846531391143799,0.1268947869539261
37,3,64,45,0.31210562586784363,0.05514278635382652
37,3,64,46,0.6470532417297363,0.05549480393528938
37,3,64,47,0.5012755990028381,0.06684677302837372
37,3,64,48,0.5972484946250916,0.18253181874752045
37,3,64,49,0.4452548623085022,0.06889021396636963
37,3,64,50,0.6521413922309875,0.07127787917852402
37,3,64,51,0.3440268635749817,0.08495607227087021
37,3,64,52,0.4441719651222229,0.04133535176515579
37,3,64,53,0.7440704107284546,0.05379578098654747
37,3,64,54,0.49980127811431885,0.07916168868541718
37,3,64,55,0.4245889186859131,0.09883058816194534
37,3,64,56,0.3710388243198395,0.177552729845047
37,3,64,57,0.46867308020591736,0.06090044602751732
37,3,64,58,0.4927883446216583,0.07108016312122345
37,3,64,59,0.46135082840919495,0.075803741812706
37,3,64,60,0.5351254343986511,0.11209844052791595
37,3,64,61,0.4116155207157135,0.08327312767505646
37,3,64,62,0.44027844071388245,0.07375600934028625
37,3,64,63,0.4972820580005646,0.06254417449235916
37,4,128,0,0.7003750205039978,0.21474453806877136
37,4,128,1,0.806647539138794,0.15183407068252563
37,4,128,2,0.6287750005722046,0.10702253878116608
37,4,128,3,0.2993834912776947,0.15791939198970795
37,4,128,4,0.8386142253875732,0.11336331069469452
37,4,128,5,0.6755619049072266,0.30924758315086365
37,4,128,6,0.6975260972976685,0.32652273774147034
37,4,128,7,0.8305580615997314,0.12895935773849487
37,4,128,8,0.5753069519996643,0.17437300086021423
37,4,128,9,0.30367621779441833,0.2440783828496933
37,4,128,10,0.5255669951438904,0.1611119508743286
37,4,128,11,0.3168524205684662,0.09659607708454132
37,4,128,12,0.6548829674720764,0.0786723718047142
37,4,128,13,0.6219903230667114,0.14824068546295166
37,4,128,14,0.5401971936225891,0.2196560651063919
37,4,128,15,0.5419535636901855,0.11132907122373581
37,4,128,16,0.7219248414039612,0.21023891866207123
37,4,128,17,0.6970118880271912,0.3707999289035797
37,4,128,18,0.7765655517578125,0.14418472349643707
37,4,128,19,0.5510721206665039,0.1865193396806717
37,4,128,20,0.3061791956424713,0.23045361042022705
37,4,128,21,0.3484310507774353,0.12582442164421082
37,4,128,22,0.7239534258842468,0.25504156947135925
37,4,128,23,0.5213688015937805,0.0671917051076889
37,4,128,24,0.6665359735488892,0.0823236033320427
37,4,128,25,0.7584904432296753,0.10229572653770447
37,4,128,26,0.6348881721496582,0.1213095635175705
37,4,128,27,0.7709728479385376,0.11289326846599579
37,4,128,28,0.5819708704948425,0.08432529866695404
37,4,128,29,0.7766683101654053,0.22130921483039856
37,4,128,30,0.3816201090812683,0.06340411305427551
37,4,128,31,0.345926433801651,0.05645677447319031
37,4,128,32,0.7398036122322083,0.27439606189727783
37,4,128,33,0.6224575042724609,0.2872083783149719
37,4,128,34,0.48719537258148193,0.07738807797431946
37,4,128,35,0.24411208927631378,0.18505333364009857
37,4,128,36,0.7419674396514893,0.26808950304985046
37,4,128,37,0.6876439452171326,0.3015536665916443
37,4,128,38,0.23074744641780853,0.26007401943206787
37,4,128,39,0.7113765478134155,0.07849777489900589
37,4,128,40,0.6376779675483704,0.19729964435100555
37,4,128,41,0.7946567535400391,0.07589716464281082
37,4,128,42,0.754180371761322,0.21526004374027252
37,4,128,43,0.7166460156440735,0.19856733083724976
37,4,128,44,0.5563768148422241,0.15846244990825653
37,4,128,45,0.7108315825462341,0.24563129246234894
37,4,128,46,0.717491626739502,0.19779056310653687
37,4,128,47,0.7666887044906616,0.24193869531154633
37,4,128,48,0.8561451435089111,0.10144668072462082
37,4,128,49,0.7512926459312439,0.15320368111133575
37,4,128,50,0.8348702192306519,0.06659857928752899
37,4,128,51,0.6230949759483337,0.10761760175228119
37,4,128,52,0.6437596678733826,0.25007709860801697
37,4,128,53,0.42506277561187744,0.07393985241651535
37,4,128,54,0.7677227854728699,0.2558768391609192
37,4,128,55,0.74736088514328,0.0880003571510315
37,4,128,56,0.7123598456382751,0.29588964581489563
37,4,128,57,0.7031999230384827,0.33261552453041077
37,4,128,58,0.1934802383184433,0.10050873458385468
37,4,128,59,0.7961798906326294,0.06863757222890854
37,4,128,60,0.7108222246170044,0.11286664754152298
37,4,128,61,0.8074125647544861,0.11623755842447281
37,4,128,62,0.2749869227409363,0.3029215633869171
37,4,128,63,0.508128821849823,0.20175756514072418
37,4,128,64,0.6824061870574951,0.1837097406387329
37,4,128,65,0.77696293592453,0.16255564987659454
37,4,128,66,0.23428478837013245,0.08140714466571808
37,4,128,67,0.29892173409461975,0.25333845615386963
37,4,128,68,0.8686159253120422,0.07500749826431274
37,4,128,69,0.6571963429450989,0.10618989169597626
37,4,128,70,0.15340733528137207,0.09336268901824951
37,4,128,71,0.8033081293106079,0.08682102710008621
37,4,128,72,0.3422453701496124,0.2847108840942383
37,4,128,73,0.4822534918785095,0.06837395578622818
37,4,128,74,0.3117002248764038,0.3599851131439209
37,4,128,75,0.12963487207889557,0.1321728676557541
37,4,128,76,0.3069556653499603,0.23800089955329895
37,4,128,77,0.28372135758399963,0.09182042628526688
37,4,128,78,0.32877403497695923,0.1399732530117035
37,4,128,79,0.659705638885498,0.29740601778030396
37,4,128,80,0.21146680414676666,0.21951723098754883
37,4,128,81,0.7094806432723999,0.32611095905303955
37,4,128,82,0.44883742928504944,0.20688843727111816
37,4,128,83,0.8139187693595886,0.07890892773866653
37,4,128,84,0.7934569120407104,0.1280599683523178
37,4,128,85,0.3922945261001587,0.18730036914348602
37,4,128,86,0.4265041649341583,0.17989082634449005
37,4,128,87,0.36937010288238525,0.185236394405365
37,4,128,88,0.17933879792690277,0.11348500847816467
37,4,128,89,0.7511179447174072,0.2298274040222168
37,4,128,90,0.7211898565292358,0.2718143165111542
37,4,128,91,0.7113127708435059,0.30736786127090454
37,4,128,92,0.6121323108673096,0.1435454785823822
37,4,128,93,0.7249734401702881,0.2788441777229309
37,4,128,94,0.780022382736206,0.1533709317445755
37,4,128,95,0.7976136207580566,0.10400491952896118
37,4,128,96,0.7315707802772522,0.2137858271598816
37,4,128,97,0.5234837532043457,0.2016792744398117
37,4,128,98,0.7919032573699951,0.22683659195899963
37,4,128,99,0.8384438157081604,0.09226260334253311
37,4,128,100,0.7486335039138794,0.25161609053611755
37,4,128,101,0.6617864966392517,0.20167993009090424
37,4,128,102,0.8359326720237732,0.12374666333198547
37,4,128,103,0.4597805142402649,0.24114303290843964
37,4,128,104,0.3419072926044464,0.08286004513502121
37,4,128,105,0.7322045564651489,0.07885312288999557
37,4,128,106,0.6817284822463989,0.07239989191293716
37,4,128,107,0.18763108551502228,0.15580998361110687
37,4,128,108,0.6985560059547424,0.2779727876186371
37,4,128,109,0.8622933030128479,0.12644441425800323
37,4,128,110,0.3779970407485962,0.14464165270328522
37,4,128,111,0.19604550302028656,0.09387890994548798
37,4,128,112,0.32422423362731934,0.32143354415893555
37,4,128,113,0.2244865447282791,0.06641233712434769
37,4,128,114,0.6566884517669678,0.3035352826118469
37,4,128,115,0.5165543556213379,0.03811987116932869
37,4,128,116,0.8224288821220398,0.14114783704280853
37,4,128,117,0.7749513387680054,0.18485389649868011
37,4,128,118,0.77568119764328,0.08374913036823273
37,4,128,119,0.43818485736846924,0.0785275399684906
37,4,128,120,0.6822254657745361,0.050854068249464035
37,4,128,121,0.5168529152870178,0.11113022267818451
37,4,128,122,0.8139084577560425,0.15198948979377747
37,4,128,123,0.582227349281311,0.14725318551063538
37,4,128,124,0.7350224256515503,0.2723492980003357
37,4,128,125,0.6386882066726685,0.06620897352695465
37,4,128,126,0.748954176902771,0.21127435564994812
37,4,128,127,0.5055646300315857,0.14846618473529816
37,5,128,0,0.373047798871994,0.07087358832359314
37,5,128,1,0.8013402819633484,0.0704985037446022
37,5,128,2,0.5474020838737488,0.05192071571946144
37,5,128,3,0.5417905449867249,0.17854151129722595
37,5,128,4,0.70913165807724,0.08312942832708359
37,5,128,5,0.7247467637062073,0.10805177688598633
37,5,128,6,0.44675540924072266,0.0792611762881279
37,5,128,7,0.7462803721427917,0.10553647577762604
37,5,128,8,0.7537955045700073,0.12510907649993896
37,5,128,9,0.8443152904510498,0.1259712278842926
37,5,128,10,0.7210952639579773,0.07947412133216858
37,5,128,11,0.5499340891838074,0.059648048132658005
37,5,128,12,0.44439366459846497,0.2252059131860733
37,5,128,13,0.7943257093429565,0.07264016568660736
37,5,128,14,0.7215322852134705,0.11656089127063751
37,5,128,15,0.5146958231925964,0.1534842997789383
37,5,128,16,0.6899691224098206,0.308712899684906
37,5,128,17,0.7173463106155396,0.11671213805675507
37,5,128,18,0.4598313271999359,0.2444387674331665
37,5,128,19,0.6870647072792053,0.11232490837574005
37,5,128,20,0.33822232484817505,0.16897404193878174
37,5,128,21,0.5690085291862488,0.13308075070381165
37,5,128,22,0.3929426670074463,0.07847605645656586
37,5,128,23,0.7275633215904236,0.078588105738163
37,5,128,24,0.7107183337211609,0.18850095570087433
37,5,128,25,0.8412783741950989,0.10538741946220398
37,5,128,26,0.8094304800033569,0.15371748805046082
37,5,128,27,0.2962632179260254,0.14090648293495178
37,5,128,28,0.5912966132164001,0.04291176050901413
37,5,128,29,0.7637726664543152,0.07058876752853394
37,5,128,30,0.5301195979118347,0.09666820615530014
37,5,128,31,0.5062643885612488,0.17032422125339508
37,5,128,32,0.8756131529808044,0.09974997490644455
37,5,128,33,0.3153611719608307,0.16371366381645203
37,5,128,34,0.7355367541313171,0.20539052784442902
37,5,128,35,0.7059281468391418,0.12402903288602829
37,5,128,36,0.8020653128623962,0.16934534907341003
37,5,128,37,0.693314254283905,0.04209395870566368
37,5,128,38,0.8330037593841553,0.12419968843460083
37,5,128,39,0.4415188431739807,0.15001776814460754
37,5,128,40,0.7110723853111267,0.24671247601509094
37,5,128,41,0.796467125415802,0.11881314218044281
37,5,128,42,0.4380132853984833,0.0712832510471344
37,5,128,43,0.825562596321106,0.13478586077690125
37,5,128,44,0.7492641806602478,0.13856732845306396
37,5,128,45,0.6992426514625549,0.22303920984268188
37,5,128,46,0.510694682598114,0.09159114956855774
37,5,128,47,0.7689475417137146,0.13672859966754913
37,5,128,48,0.7967296838760376,0.0886256992816925
37,5,128,49,0.7739921808242798,0.14114373922348022
37,5,128,50,0.8158413767814636,0.12331331521272659
37,5,128,51,0.7048513293266296,0.18726222217082977
37,5,128,52,0.7444968223571777,0.24049052596092224
37,5,128,53,0.7247737050056458,0.19347643852233887
37,5,128,54,0.8231559991836548,0.13683050870895386
37,5,128,55,0.6664980053901672,0.07607933133840561
37,5,128,56,0.7520996332168579,0.1459982991218567
37,5,128,57,0.7515494227409363,0.10047096759080887
37,5,128,58,0.5056016445159912,0.043104227632284164
37,5,128,59,0.3743368685245514,0.20114782452583313
37,5,128,60,0.8041146397590637,0.20368331670761108
37,5,128,61,0.8248599767684937,0.08418717235326767
37,5,128,62,0.7267519235610962,0.12845350801944733
37,5,128,63,0.8429709672927856,0.09929223358631134
37,5,128,64,0.4337262213230133,0.19925065338611603
37,5,128,65,0.8081368803977966,0.12869833409786224
37,5,128,66,0.8527769446372986,0.09059121459722519
37,5,128,67,0.6163479685783386,0.14961637556552887
37,5,128,68,0.8716076016426086,0.11206235736608505
37,5,128,69,0.7550827264785767,0.08303800225257874
37,5,128,70,0.6666785478591919,0.0632537230849266
37,5,128,71,0.5806332230567932,0.05847274512052536
37,5,128,72,0.5540041923522949,0.06282150000333786
37,5,128,73,0.6344420313835144,0.12763482332229614
37,5,128,74,0.5422505736351013,0.1524328738451004
37,5,128,75,0.31362637877464294,0.1597791314125061
37,5,128,76,0.4762347638607025,0.049544695764780045
37,5,128,77,0.7031177282333374,0.08684553951025009
37,5,128,78,0.738545835018158,0.29701557755470276
37,5,128,79,0.6683324575424194,0.13622120022773743
37,5,128,80,0.25099870562553406,0.12975174188613892
37,5,128,81,0.6347308158874512,0.1269814819097519
37,5,128,82,0.41946667432785034,0.22121916711330414
37,5,128,83,0.74825519323349,0.11608726531267166
37,5,128,84,0.8060343861579895,0.09271388500928879
37,5,128,85,0.3449631333351135,0.1963699609041214
37,5,128,86,0.4715660512447357,0.1893138587474823
37,5,128,87,0.8365148305892944,0.1300833374261856
37,5,128,88,0.779338002204895,0.078730508685112
37,5,128,89,0.8111591339111328,0.13761156797409058
37,5,128,90,0.5216719508171082,0.03568781912326813
37,5,128,91,0.6831492781639099,0.11684444546699524
37,5,128,92,0.5346560478210449,0.05260726809501648
37,5,128,93,0.7470245957374573,0.09707687050104141
37,5,128,94,0.8604786396026611,0.08526264131069183
37,5,128,95,0.8114379644393921,0.13839641213417053
37,5,128,96,0.7713819742202759,0.08520316332578659
37,5,128,97,0.48647648096084595,0.13386987149715424
37,5,128,98,0.6495335102081299,0.2541722059249878
37,5,128,99,0.8284657001495361,0.1545661836862564
37,5,128,100,0.7726240158081055,0.18043789267539978
37,5,128,101,0.5857449173927307,0.09965751320123672
37,5,128,102,0.7781696915626526,0.1840110421180725
37,5,128,103,0.7547159790992737,0.12156998366117477
37,5,128,104,0.7373854517936707,0.199005126953125
37,5,128,105,0.4916062653064728,0.06125274673104286
37,5,128,106,0.5751276612281799,0.03350179269909859
37,5,128,107,0.5088970065116882,0.10205452144145966
37,5,128,108,0.7733887434005737,0.20400461554527283
37,5,128,109,0.8642292618751526,0.12440600246191025
37,5,128,110,0.5691490769386292,0.0905313566327095
37,5,128,111,0.35954543948173523,0.23375561833381653
37,5,128,112,0.7742692828178406,0.06704463809728622
37,5,128,113,0.3891049027442932,0.1300041377544403
37,5,128,114,0.3513510823249817,0.281938761472702
37,5,128,115,0.6805537343025208,0.10175840556621552
37,5,128,116,0.6649648547172546,0.09295469522476196
37,5,128,117,0.7740985751152039,0.19026066362857819
37,5,128,118,0.7268489003181458,0.12444671243429184
37,5,128,119,0.42836061120033264,0.046806834638118744
37,5,128,120,0.6944856643676758,0.0970761701464653
37,5,128,121,0.7790873050689697,0.1278117448091507
37,5,128,122,0.7048586010932922,0.0866197869181633
37,5,128,123,0.6999788880348206,0.04753425717353821
37,5,128,124,0.35058778524398804,0.22456234693527222
37,5,128,125,0.43273669481277466,0.19035834074020386
37,5,128,126,0.771074652671814,0.20243950188159943
37,5,128,127,0.7730255126953125,0.2049274891614914
38,0,32,0,0.4116162657737732,0.051177605986595154
38,0,32,1,0.37498393654823303,0.08447972685098648
38,0,32,2,0.6248994469642639,0.09637615084648132
38,0,32,3,0.46667203307151794,0.10004092007875443
38,0,32,4,0.44572627544403076,0.10317061096429825
38,0,32,5,0.3617207109928131,0.11723996698856354
38,0,32,6,0.6133539080619812,0.10141311585903168
38,0,32,7,0.40428346395492554,0.0834994986653328
38,0,32,8,0.383535772562027,0.03391048684716225
38,0,32,9,0.5128329396247864,0.11173731088638306
38,0,32,10,0.4906618595123291,0.03835321590304375
38,0,32,11,0.38607147336006165,0.09592495858669281
38,0,32,12,0.5872596502304077,0.0487399622797966
38,0,32,13,0.46353840827941895,0.05104542523622513
38,0,32,14,0.6435859203338623,0.07146166265010834
38,0,32,15,0.49098920822143555,0.09365180879831314
38,0,32,16,0.44078153371810913,0.10517655313014984
38,0,32,17,0.5409892201423645,0.06491441279649734
38,0,32,18,0.5343363285064697,0.09521558880805969
38,0,32,19,0.5026879906654358,0.02472747676074505
38,0,32,20,0.5146531462669373,0.08471998572349548
38,0,32,21,0.5253437757492065,0.08188699185848236
38,0,32,22,0.3717554807662964,0.11184092611074448
38,0,32,23,0.40011224150657654,0.03170260787010193
38,0,32,24,0.399493932723999,0.10783281177282333
38,0,32,25,0.4502682685852051,0.030373280867934227
38,0,32,26,0.5408255457878113,0.039554379880428314
38,0,32,27,0.46838846802711487,0.11977735161781311
38,0,32,28,0.4999271333217621,0.11278592050075531
38,0,32,29,0.6051974296569824,0.023546334356069565
38,0,32,30,0.5423443913459778,0.03670024871826172
38,0,32,31,0.42896711826324463,0.03515380248427391
38,1,32,0,0.4415431618690491,0.06416044384241104
38,1,32,1,0.47326385974884033,0.08592251688241959
38,1,32,2,0.381212055683136,0.055782873183488846
38,1,32,3,0.4425652027130127,0.029651254415512085
38,1,32,4,0.4394476115703583,0.10074863582849503
38,1,32,5,0.6101422309875488,0.0593712255358696
38,1,32,6,0.5885847806930542,0.0616985484957695
38,1,32,7,0.4932793080806732,0.060199085623025894
38,1,32,8,0.4729969799518585,0.0848202109336853
38,1,32,9,0.4468897581100464,0.09492053836584091
38,1,32,10,0.39679351449012756,0.0508035309612751
38,1,32,11,0.5895625352859497,0.050009600818157196
38,1,32,12,0.39500921964645386,0.03081125020980835
38,1,32,13,0.4354829788208008,0.052473053336143494
38,1,32,14,0.5251253843307495,0.10091642290353775
38,1,32,15,0.3777649700641632,0.07029815018177032
38,1,32,16,0.5031338334083557,0.05717281997203827
38,1,32,17,0.48496493697166443,0.06794515997171402
38,1,32,18,0.4858754873275757,0.055741921067237854
38,1,32,19,0.41193708777427673,0.05485393851995468
38,1,32,20,0.40535736083984375,0.02963990531861782
38,1,32,21,0.5885124206542969,0.041103869676589966
38,1,32,22,0.4953094720840454,0.07371154427528381
38,1,32,23,0.3758346140384674,0.05492006614804268
38,1,32,24,0.6119905710220337,0.015280085615813732
38,1,32,25,0.6401776075363159,0.06653788685798645
38,1,32,26,0.5425134301185608,0.034371186047792435
38,1,32,27,0.4997491240501404,0.053224287927150726
38,1,32,28,0.45474478602409363,0.030536210164427757
38,1,32,29,0.5367883443832397,0.06924323737621307
38,1,32,30,0.546877384185791,0.06855028867721558
38,1,32,31,0.5604587197303772,0.05539461225271225
38,2,64,0,0.4762364625930786,0.07586516439914703
38,2,64,1,0.4808792471885681,0.0970616415143013
38,2,64,2,0.5600665211677551,0.061438024044036865
38,2,64,3,0.5783047676086426,0.12073152512311935
38,2,64,4,0.5542135238647461,0.1461196392774582
38,2,64,5,0.4479661285877228,0.06266280263662338
38,2,64,6,0.5231630802154541,0.18819577991962433
38,2,64,7,0.5285398960113525,0.0754673182964325
38,2,64,8,0.3841956555843353,0.16624680161476135
38,2,64,9,0.6348441243171692,0.06736914813518524
38,2,64,10,0.543123722076416,0.08879298716783524
38,2,64,11,0.5421379804611206,0.07232848554849625
38,2,64,12,0.563122570514679,0.06911998987197876
38,2,64,13,0.5572519302368164,0.033429116010665894
38,2,64,14,0.4878413677215576,0.0897228792309761
38,2,64,15,0.579602837562561,0.050349485129117966
38,2,64,16,0.4991557002067566,0.07648654282093048
38,2,64,17,0.3670591413974762,0.07665389776229858
38,2,64,18,0.5127149224281311,0.09743846207857132
38,2,64,19,0.530348539352417,0.05093049630522728
38,2,64,20,0.5409895777702332,0.08148855715990067
38,2,64,21,0.4411954879760742,0.0368698351085186
38,2,64,22,0.4951528012752533,0.049749962985515594
38,2,64,23,0.4553631544113159,0.0331234373152256
38,2,64,24,0.6265074014663696,0.04937896132469177
38,2,64,25,0.43308037519454956,0.04564962536096573
38,2,64,26,0.36193689703941345,0.044029124081134796
38,2,64,27,0.6197830438613892,0.04834816977381706
38,2,64,28,0.6475257277488708,0.14428910613059998
38,2,64,29,0.4633485674858093,0.05944329500198364
38,2,64,30,0.4455486238002777,0.13672706484794617
38,2,64,31,0.42645949125289917,0.08859295397996902
38,2,64,32,0.46025702357292175,0.07141280174255371
38,2,64,33,0.48962780833244324,0.16710998117923737
38,2,64,34,0.400424063205719,0.08738575875759125
38,2,64,35,0.47830918431282043,0.09726379066705704
38,2,64,36,0.5083265900611877,0.06561212241649628
38,2,64,37,0.4729384481906891,0.07802706211805344
38,2,64,38,0.48907470703125,0.13626502454280853
38,2,64,39,0.43947282433509827,0.08149074763059616
38,2,64,40,0.3863469064235687,0.052293434739112854
38,2,64,41,0.5771974325180054,0.1052461788058281
38,2,64,42,0.4002841114997864,0.05203220248222351
38,2,64,43,0.5079784989356995,0.06925322860479355
38,2,64,44,0.45075610280036926,0.08616231381893158
38,2,64,45,0.4460216462612152,0.06127437576651573
38,2,64,46,0.4002324044704437,0.07866760343313217
38,2,64,47,0.36001354455947876,0.12808740139007568
38,2,64,48,0.5134963393211365,0.10942184180021286
38,2,64,49,0.37549853324890137,0.06990131735801697
38,2,64,50,0.3618778884410858,0.058923833072185516
38,2,64,51,0.42739632725715637,0.07839662581682205
38,2,64,52,0.4281976819038391,0.1875983625650406
38,2,64,53,0.6140218377113342,0.08700491487979889
38,2,64,54,0.526138424873352,0.1735561043024063
38,2,64,55,0.5198566317558289,0.03946194052696228
38,2,64,56,0.342146635055542,0.06243538111448288
38,2,64,57,0.3827042579650879,0.10832935571670532
38,2,64,58,0.48455777764320374,0.0498553141951561
38,2,64,59,0.48998183012008667,0.10156101733446121
38,2,64,60,0.5271342396736145,0.021131543442606926
38,2,64,61,0.4612199664115906,0.07290053367614746
38,2,64,62,0.5069258213043213,0.08490235358476639
38,2,64,63,0.450052410364151,0.1128925234079361
38,3,64,0,0.5682668685913086,0.04230550304055214
38,3,64,1,0.4678631126880646,0.07158742845058441
38,3,64,2,0.5585249066352844,0.05438416823744774
38,3,64,3,0.5095150470733643,0.05900401622056961
38,3,64,4,0.5749999284744263,0.04042590409517288
38,3,64,5,0.5681074261665344,0.05977242812514305
38,3,64,6,0.6044224500656128,0.053808070719242096
38,3,64,7,0.6149636507034302,0.07867228239774704
38,3,64,8,0.564993679523468,0.03788692504167557
38,3,64,9,0.36551350355148315,0.060772743076086044
38,3,64,10,0.6140874624252319,0.09209860116243362
38,3,64,11,0.5764842629432678,0.0561336986720562
38,3,64,12,0.5552026033401489,0.05531788244843483
38,3,64,13,0.454438179731369,0.05610634759068489
38,3,64,14,0.47437795996665955,0.07844147831201553
38,3,64,15,0.5027456879615784,0.050348203629255295
38,3,64,16,0.5610851645469666,0.06652865558862686
38,3,64,17,0.49643316864967346,0.06756275147199631
38,3,64,18,0.6151972413063049,0.04819747805595398
38,3,64,19,0.5858120918273926,0.04689216613769531
38,3,64,20,0.5600385665893555,0.06604102998971939
38,3,64,21,0.5077865123748779,0.06839031726121902
38,3,64,22,0.505008339881897,0.021856756880879402
38,3,64,23,0.5054908394813538,0.07496052235364914
38,3,64,24,0.4863888919353485,0.07862834632396698
38,3,64,25,0.47548139095306396,0.06350059062242508
38,3,64,26,0.6914510726928711,0.05272986739873886
38,3,64,27,0.6072022318840027,0.07191658765077591
38,3,64,28,0.5288584232330322,0.050675615668296814
38,3,64,29,0.5023760795593262,0.0661427304148674
38,3,64,30,0.46563029289245605,0.07324472069740295
38,3,64,31,0.5953781008720398,0.058464620262384415
38,3,64,32,0.6466718316078186,0.0798865407705307
38,3,64,33,0.5876707434654236,0.07339460402727127
38,3,64,34,0.48133447766304016,0.053212858736515045
38,3,64,35,0.5682145357131958,0.06306172162294388
38,3,64,36,0.445071816444397,0.06581175327301025
38,3,64,37,0.49701401591300964,0.07111556082963943
38,3,64,38,0.3840583562850952,0.052898768335580826
38,3,64,39,0.42496123909950256,0.06973495334386826
38,3,64,40,0.4220639169216156,0.04566144570708275
38,3,64,41,0.5937105417251587,0.06655681878328323
38,3,64,42,0.552732527256012,0.07767179608345032
38,3,64,43,0.44461092352867126,0.04201368987560272
38,3,64,44,0.49286746978759766,0.05499429628252983
38,3,64,45,0.33308425545692444,0.07841800898313522
38,3,64,46,0.63455730676651,0.06338361650705338
38,3,64,47,0.4594072997570038,0.07017835974693298
38,3,64,48,0.48858243227005005,0.06789641827344894
38,3,64,49,0.4058031141757965,0.033936526626348495
38,3,64,50,0.4725211262702942,0.06307689845561981
38,3,64,51,0.47469446063041687,0.11049940437078476
38,3,64,52,0.5027482509613037,0.06037898361682892
38,3,64,53,0.7068997025489807,0.058873821049928665
38,3,64,54,0.44956734776496887,0.09751850366592407
38,3,64,55,0.41317954659461975,0.08095929026603699
38,3,64,56,0.45361313223838806,0.04148077964782715
38,3,64,57,0.5445044040679932,0.05301365256309509
38,3,64,58,0.5149848461151123,0.0644177570939064
38,3,64,59,0.47297075390815735,0.07144378125667572
38,3,64,60,0.4694819748401642,0.04462359473109245
38,3,64,61,0.5109914541244507,0.05848493427038193
38,3,64,62,0.5916409492492676,0.11029800772666931
38,3,64,63,0.5826553702354431,0.049857012927532196
38,4,128,0,0.5804863572120667,0.07256032526493073
38,4,128,1,0.8063874840736389,0.13722427189350128
38,4,128,2,0.5316957235336304,0.030029766261577606
38,4,128,3,0.32403770089149475,0.17365293204784393
38,4,128,4,0.7698244452476501,0.10697916895151138
38,4,128,5,0.635426938533783,0.20716078579425812
38,4,128,6,0.7153567671775818,0.31606578826904297
38,4,128,7,0.7394348382949829,0.21728788316249847
38,4,128,8,0.3836338222026825,0.17124757170677185
38,4,128,9,0.28958064317703247,0.19545525312423706
38,4,128,10,0.7204519510269165,0.08553154021501541
38,4,128,11,0.2547212243080139,0.11114869266748428
38,4,128,12,0.7957298755645752,0.1371588110923767
38,4,128,13,0.5430784225463867,0.09499926120042801
38,4,128,14,0.5096837282180786,0.1427607238292694
38,4,128,15,0.64023357629776,0.07230244576931
38,4,128,16,0.6138080954551697,0.04163428395986557
38,4,128,17,0.7277795672416687,0.27911698818206787
38,4,128,18,0.7102307677268982,0.2822571396827698
38,4,128,19,0.2998647391796112,0.055218107998371124
38,4,128,20,0.3758388161659241,0.11003118008375168
38,4,128,21,0.3344326317310333,0.09465554356575012
38,4,128,22,0.734334409236908,0.13069391250610352
38,4,128,23,0.509405255317688,0.07315930724143982
38,4,128,24,0.5892506837844849,0.08227990567684174
38,4,128,25,0.5893310904502869,0.1741190254688263
38,4,128,26,0.4303939938545227,0.049846354871988297
38,4,128,27,0.6359385848045349,0.10246800631284714
38,4,128,28,0.7136233448982239,0.14436687529087067
38,4,128,29,0.7272005081176758,0.2792893648147583
38,4,128,30,0.5559119582176208,0.04806132987141609
38,4,128,31,0.31009766459465027,0.15310730040073395
38,4,128,32,0.6986091136932373,0.22061260044574738
38,4,128,33,0.5103121399879456,0.06345723569393158
38,4,128,34,0.6844498515129089,0.24721042811870575
38,4,128,35,0.46243709325790405,0.058473099023103714
38,4,128,36,0.7461170554161072,0.30273914337158203
38,4,128,37,0.5550336241722107,0.09125661849975586
38,4,128,38,0.1519240438938141,0.1259625107049942
38,4,128,39,0.7203263640403748,0.12750689685344696
38,4,128,40,0.5770469903945923,0.1319599747657776
38,4,128,41,0.8264109492301941,0.11835260689258575
38,4,128,42,0.7198915481567383,0.1250467151403427
38,4,128,43,0.7082366943359375,0.24316686391830444
38,4,128,44,0.49017533659935,0.06811550259590149
38,4,128,45,0.7205118536949158,0.2404203712940216
38,4,128,46,0.5870917439460754,0.07309385389089584
38,4,128,47,0.7500613331794739,0.23282958567142487
38,4,128,48,0.7938748002052307,0.16098278760910034
38,4,128,49,0.6835677623748779,0.18842945992946625
38,4,128,50,0.7865076661109924,0.182810977101326
38,4,128,51,0.6685746312141418,0.05377921462059021
38,4,128,52,0.5014225244522095,0.1352044641971588
38,4,128,53,0.48867857456207275,0.05394098907709122
38,4,128,54,0.7436639070510864,0.28052061796188354
38,4,128,55,0.668477475643158,0.1688222587108612
38,4,128,56,0.7499813437461853,0.23167821764945984
38,4,128,57,0.5082277655601501,0.15221917629241943
38,4,128,58,0.24027790129184723,0.12873153388500214
38,4,128,59,0.7758936285972595,0.1146775335073471
38,4,128,60,0.8130166530609131,0.12995128333568573
38,4,128,61,0.4866775870323181,0.07443071901798248
38,4,128,62,0.31343021988868713,0.20886732637882233
38,4,128,63,0.7294315099716187,0.09937793761491776
38,4,128,64,0.46569859981536865,0.06715413928031921
38,4,128,65,0.35899487137794495,0.1809248924255371
38,4,128,66,0.48439446091651917,0.1547989845275879
38,4,128,67,0.5079519748687744,0.08841516077518463
38,4,128,68,0.8041477203369141,0.11043474823236465
38,4,128,69,0.6009774208068848,0.10061927884817123
38,4,128,70,0.14669650793075562,0.10965118557214737
38,4,128,71,0.718616783618927,0.18141858279705048
38,4,128,72,0.6946689486503601,0.06317498534917831
38,4,128,73,0.5677322149276733,0.11457306146621704
38,4,128,74,0.3634827136993408,0.25150617957115173
38,4,128,75,0.23954880237579346,0.11005225032567978
38,4,128,76,0.36226344108581543,0.151594340801239
38,4,128,77,0.4131895899772644,0.11352929472923279
38,4,128,78,0.45121026039123535,0.046875808387994766
38,4,128,79,0.5598453283309937,0.16923685371875763
38,4,128,80,0.23332984745502472,0.10640889406204224
38,4,128,81,0.7054120302200317,0.28578606247901917
38,4,128,82,0.6070238351821899,0.05808787792921066
38,4,128,83,0.7769246101379395,0.13092508912086487
38,4,128,84,0.7699612379074097,0.11365650594234467
38,4,128,85,0.4143144488334656,0.17639729380607605
38,4,128,86,0.6445803642272949,0.08544954657554626
38,4,128,87,0.6061680912971497,0.1462266743183136
38,4,128,88,0.28920987248420715,0.10660464316606522
38,4,128,89,0.33033132553100586,0.13295289874076843
38,4,128,90,0.7143323421478271,0.22450773417949677
38,4,128,91,0.6632798910140991,0.2833099663257599
38,4,128,92,0.7087823152542114,0.05244287848472595
38,4,128,93,0.7645087838172913,0.19313876330852509
38,4,128,94,0.5167831182479858,0.03994651883840561
38,4,128,95,0.7010548710823059,0.18262949585914612
38,4,128,96,0.6767469644546509,0.12510386109352112
38,4,128,97,0.7823061347007751,0.128108412027359
38,4,128,98,0.7290834188461304,0.26131436228752136
38,4,128,99,0.8015424013137817,0.12242662161588669
38,4,128,100,0.6963607668876648,0.22631913423538208
38,4,128,101,0.631196916103363,0.21511133015155792
38,4,128,102,0.8124576807022095,0.12410567700862885
38,4,128,103,0.49048224091529846,0.08955688774585724
38,4,128,104,0.6302687525749207,0.151144340634346
38,4,128,105,0.6862154006958008,0.14195889234542847
38,4,128,106,0.8006206750869751,0.17106573283672333
38,4,128,107,0.3035275936126709,0.0949523001909256
38,4,128,108,0.7180134057998657,0.26487430930137634
38,4,128,109,0.8160547614097595,0.1634446531534195
38,4,128,110,0.4559745192527771,0.0687357559800148
38,4,128,111,0.15846191346645355,0.1056537926197052
38,4,128,112,0.2979280948638916,0.25750064849853516
38,4,128,113,0.3227126896381378,0.07891382277011871
38,4,128,114,0.6957617402076721,0.17088769376277924
38,4,128,115,0.6662901639938354,0.20028838515281677
38,4,128,116,0.749091386795044,0.23358704149723053
38,4,128,117,0.7560549974441528,0.22437965869903564
38,4,128,118,0.5342974662780762,0.09819458425045013
38,4,128,119,0.5293663740158081,0.14204157888889313
38,4,128,120,0.5143433213233948,0.039078567177057266
38,4,128,121,0.36108455061912537,0.07680334150791168
38,4,128,122,0.7083872556686401,0.14441946148872375
38,4,128,123,0.3935505151748657,0.10387708246707916
38,4,128,124,0.7779127955436707,0.20816026628017426
38,4,128,125,0.6411136388778687,0.20429693162441254
38,4,128,126,0.8066900372505188,0.12237723171710968
38,4,128,127,0.5152802467346191,0.15900655090808868
38,5,128,0,0.4565320611000061,0.08906516432762146
38,5,128,1,0.7636116743087769,0.08709920942783356
38,5,128,2,0.4270743131637573,0.12103217095136642
38,5,128,3,0.6361372470855713,0.0579398050904274
38,5,128,4,0.740832507610321,0.11038738489151001
38,5,128,5,0.6167184114456177,0.1691620796918869
38,5,128,6,0.2785618007183075,0.06322258710861206
38,5,128,7,0.583446204662323,0.06449569016695023
38,5,128,8,0.7524741888046265,0.20206217467784882
38,5,128,9,0.7337915897369385,0.1357881724834442
38,5,128,10,0.6790685653686523,0.1456799954175949
38,5,128,11,0.47412046790122986,0.05777003616094589
38,5,128,12,0.5010212063789368,0.12081893533468246
38,5,128,13,0.7102059721946716,0.06571900099515915
38,5,128,14,0.7292277812957764,0.18580327928066254
38,5,128,15,0.5078864693641663,0.05717315524816513
38,5,128,16,0.5725417733192444,0.08210752159357071
38,5,128,17,0.6813713312149048,0.12610691785812378
38,5,128,18,0.44926974177360535,0.13970045745372772
38,5,128,19,0.6737306714057922,0.09725356101989746
38,5,128,20,0.3177556097507477,0.22099027037620544
38,5,128,21,0.4502962827682495,0.05054055526852608
38,5,128,22,0.25973179936408997,0.1404586136341095
38,5,128,23,0.7234458923339844,0.11819139868021011
38,5,128,24,0.7740843892097473,0.14672647416591644
38,5,128,25,0.7677079439163208,0.22654475271701813
38,5,128,26,0.7194691300392151,0.19651812314987183
38,5,128,27,0.4743100106716156,0.06059194728732109
38,5,128,28,0.6231836080551147,0.13687284290790558
38,5,128,29,0.6200798749923706,0.05358700826764107
38,5,128,30,0.5559386014938354,0.1330772191286087
38,5,128,31,0.6689671277999878,0.06186417117714882
38,5,128,32,0.8039084076881409,0.17513732612133026
38,5,128,33,0.2837173640727997,0.12787392735481262
38,5,128,34,0.7233076691627502,0.20627975463867188
38,5,128,35,0.6585802435874939,0.03315889835357666
38,5,128,36,0.7317928075790405,0.1282508820295334
38,5,128,37,0.6913851499557495,0.06666317582130432
38,5,128,38,0.757505476474762,0.1066231057047844
38,5,128,39,0.5713170170783997,0.1231015995144844
38,5,128,40,0.7013464570045471,0.2554349899291992
38,5,128,41,0.72169029712677,0.1690317988395691
38,5,128,42,0.3614439070224762,0.09697302430868149
38,5,128,43,0.7530117034912109,0.19469524919986725
38,5,128,44,0.6623739004135132,0.2229369431734085
38,5,128,45,0.5523747801780701,0.13150480389595032
38,5,128,46,0.542444109916687,0.15454845130443573
38,5,128,47,0.7053042650222778,0.12176385521888733
38,5,128,48,0.659385085105896,0.12954068183898926
38,5,128,49,0.731134295463562,0.14655539393424988
38,5,128,50,0.6985490918159485,0.17516803741455078
38,5,128,51,0.7726836204528809,0.10111118108034134
38,5,128,52,0.690044105052948,0.21354857087135315
38,5,128,53,0.37793320417404175,0.03513587638735771
38,5,128,54,0.7492895722389221,0.1864478588104248
38,5,128,55,0.6413645148277283,0.04806305095553398
38,5,128,56,0.7073811888694763,0.09337965399026871
38,5,128,57,0.5938270688056946,0.14193420112133026
38,5,128,58,0.6241022348403931,0.16445408761501312
38,5,128,59,0.319472074508667,0.05629102140665054
38,5,128,60,0.8012886047363281,0.20664890110492706
38,5,128,61,0.7605025768280029,0.19485756754875183
38,5,128,62,0.7129055261611938,0.16786786913871765
38,5,128,63,0.8204063773155212,0.17085742950439453
38,5,128,64,0.386029988527298,0.02297186106443405
38,5,128,65,0.517175555229187,0.05643101781606674
38,5,128,66,0.7923755049705505,0.15192903578281403
38,5,128,67,0.47728508710861206,0.06505881994962692
38,5,128,68,0.7791457176208496,0.2113722264766693
38,5,128,69,0.6534228324890137,0.047726504504680634
38,5,128,70,0.5289683938026428,0.04129070043563843
38,5,128,71,0.48062825202941895,0.060901716351509094
38,5,128,72,0.6569117307662964,0.07332754135131836
38,5,128,73,0.6619049906730652,0.04625694081187248
38,5,128,74,0.6090211868286133,0.2593859136104584
38,5,128,75,0.5536641478538513,0.08072460442781448
38,5,128,76,0.5742838382720947,0.15667130053043365
38,5,128,77,0.6532371640205383,0.16715388000011444
38,5,128,78,0.7145244479179382,0.27232614159584045
38,5,128,79,0.5782294869422913,0.09422509372234344
38,5,128,80,0.2360990345478058,0.1244458258152008
38,5,128,81,0.5298758745193481,0.1375683844089508
38,5,128,82,0.3834262490272522,0.10097917169332504
38,5,128,83,0.6207590103149414,0.12864214181900024
38,5,128,84,0.645318865776062,0.04301152005791664
38,5,128,85,0.32726702094078064,0.10374029725790024
38,5,128,86,0.5040545463562012,0.04743023216724396
38,5,128,87,0.794195830821991,0.18384402990341187
38,5,128,88,0.7482488751411438,0.18801456689834595
38,5,128,89,0.7901383638381958,0.12248249351978302
38,5,128,90,0.5680418014526367,0.10677621513605118
38,5,128,91,0.5895789861679077,0.07453382760286331
38,5,128,92,0.4862971007823944,0.057555489242076874
38,5,128,93,0.633435845375061,0.12270577251911163
38,5,128,94,0.791189432144165,0.10967931896448135
38,5,128,95,0.7437919974327087,0.23480680584907532
38,5,128,96,0.6223587393760681,0.0456390380859375
38,5,128,97,0.352438360452652,0.06267078220844269
38,5,128,98,0.6020941734313965,0.2682725489139557
38,5,128,99,0.7175909876823425,0.25825032591819763
38,5,128,100,0.7024434208869934,0.1535680890083313
38,5,128,101,0.6472333073616028,0.1860530525445938
38,5,128,102,0.7089727520942688,0.25653308629989624
38,5,128,103,0.5913628339767456,0.08665801584720612
38,5,128,104,0.6132071018218994,0.10891126841306686
38,5,128,105,0.3151194155216217,0.052661482244729996
38,5,128,106,0.4027599096298218,0.03606908395886421
38,5,128,107,0.59087735414505,0.16759109497070312
38,5,128,108,0.7266857624053955,0.2327575385570526
38,5,128,109,0.7923617362976074,0.19149111211299896
38,5,128,110,0.6145920753479004,0.09080752730369568
38,5,128,111,0.260390043258667,0.20581410825252533
38,5,128,112,0.7388312816619873,0.11683487147092819
38,5,128,113,0.3563252389431,0.182052344083786
38,5,128,114,0.44564706087112427,0.07909397035837173
38,5,128,115,0.7400153279304504,0.07052143663167953
38,5,128,116,0.5525099039077759,0.08752764016389847
38,5,128,117,0.7230862975120544,0.18715351819992065
38,5,128,118,0.6012958288192749,0.12270894646644592
38,5,128,119,0.4532492458820343,0.033305007964372635
38,5,128,120,0.6676116585731506,0.06661958992481232
38,5,128,121,0.6403481364250183,0.06330420821905136
38,5,128,122,0.5069746971130371,0.020986750721931458
38,5,128,123,0.5286902785301208,0.019860172644257545
38,5,128,124,0.31502407789230347,0.2406834363937378
38,5,128,125,0.40869221091270447,0.2224716991186142
38,5,128,126,0.7400768399238586,0.1953829824924469
38,5,128,127,0.7065271139144897,0.24846705794334412
39,0,32,0,0.5703539848327637,0.06978299468755722
39,0,32,1,0.40772324800491333,0.046656910330057144
39,0,32,2,0.4371206760406494,0.04995327070355415
39,0,32,3,0.5939052104949951,0.0672559067606926
39,0,32,4,0.5091317296028137,0.04367687180638313
39,0,32,5,0.5194187164306641,0.06835369020700455
39,0,32,6,0.5998770594596863,0.053282033652067184
39,0,32,7,0.6668809056282043,0.07030484080314636
39,0,32,8,0.5451343059539795,0.07123391330242157
39,0,32,9,0.42558401823043823,0.052567098289728165
39,0,32,10,0.4820635914802551,0.07187408208847046
39,0,32,11,0.5959376096725464,0.04760749265551567
39,0,32,12,0.5211101174354553,0.08001938462257385
39,0,32,13,0.5054867267608643,0.07044316828250885
39,0,32,14,0.3526359498500824,0.05516351759433746
39,0,32,15,0.6148816347122192,0.03794516250491142
39,0,32,16,0.5710510611534119,0.057229816913604736
39,0,32,17,0.5338919758796692,0.08290734887123108
39,0,32,18,0.4655017554759979,0.05208472162485123
39,0,32,19,0.519321858882904,0.060574308037757874
39,0,32,20,0.37497642636299133,0.09606540203094482
39,0,32,21,0.4298607409000397,0.07275713980197906
39,0,32,22,0.39843299984931946,0.06737291812896729
39,0,32,23,0.487548291683197,0.03025934100151062
39,0,32,24,0.5431274771690369,0.06451074033975601
39,0,32,25,0.5705486536026001,0.03243233636021614
39,0,32,26,0.4351864755153656,0.07948517054319382
39,0,32,27,0.5265647172927856,0.041454017162323
39,0,32,28,0.4402718245983124,0.04566676914691925
39,0,32,29,0.5776020884513855,0.06818094104528427
39,0,32,30,0.623063862323761,0.08904993534088135
39,0,32,31,0.6158134341239929,0.0729762390255928
39,1,32,0,0.40857502818107605,0.05934906750917435
39,1,32,1,0.5276208519935608,0.04991902783513069
39,1,32,2,0.4426143169403076,0.053286559879779816
39,1,32,3,0.5690014958381653,0.054330382496118546
39,1,32,4,0.4876825213432312,0.050271231681108475
39,1,32,5,0.41184884309768677,0.08032015711069107
39,1,32,6,0.4799560308456421,0.03986318036913872
39,1,32,7,0.4932495951652527,0.02789309248328209
39,1,32,8,0.5827344059944153,0.022965898737311363
39,1,32,9,0.3687066435813904,0.05368760600686073
39,1,32,10,0.4447413384914398,0.064311683177948
39,1,32,11,0.43040940165519714,0.07350694388151169
39,1,32,12,0.6102619767189026,0.030948400497436523
39,1,32,13,0.45492905378341675,0.06921496987342834
39,1,32,14,0.34867966175079346,0.06390215456485748
39,1,32,15,0.5118204951286316,0.08884458988904953
39,1,32,16,0.3596726357936859,0.023383386433124542
39,1,32,17,0.6251729726791382,0.05250508710741997
39,1,32,18,0.4438460171222687,0.0791308656334877
39,1,32,19,0.4225018620491028,0.038286469876766205
39,1,32,20,0.6113432049751282,0.04807983711361885
39,1,32,21,0.5667909383773804,0.039032384753227234
39,1,32,22,0.4280969798564911,0.0666423961520195
39,1,32,23,0.5162665843963623,0.06697498261928558
39,1,32,24,0.4540978968143463,0.049312520772218704
39,1,32,25,0.5215293169021606,0.06076428294181824
39,1,32,26,0.6663991212844849,0.05355392023921013
39,1,32,27,0.5695088505744934,0.09027338773012161
39,1,32,28,0.48980003595352173,0.07517058402299881
39,1,32,29,0.5193386077880859,0.03423658758401871
39,1,32,30,0.4624946415424347,0.060658711940050125
39,1,32,31,0.5066792368888855,0.051969148218631744
39,2,64,0,0.415418803691864,0.0899784043431282
39,2,64,1,0.47872981429100037,0.09325128048658371
39,2,64,2,0.4993830919265747,0.10872502624988556
39,2,64,3,0.619652271270752,0.0729079619050026
39,2,64,4,0.5244756937026978,0.07157176733016968
39,2,64,5,0.4881436824798584,0.10572697967290878
39,2,64,6,0.3787975609302521,0.14756810665130615
39,2,64,7,0.4441426992416382,0.17178310453891754
39,2,64,8,0.6001667380332947,0.14945536851882935
39,2,64,9,0.4931318163871765,0.10604269057512283
39,2,64,10,0.47879791259765625,0.14379841089248657
39,2,64,11,0.49639561772346497,0.09820868074893951
39,2,64,12,0.3704091012477875,0.13016320765018463
39,2,64,13,0.370463490486145,0.1879717856645584
39,2,64,14,0.5464950203895569,0.12950946390628815
39,2,64,15,0.3287302851676941,0.11731263995170593
39,2,64,16,0.46668004989624023,0.1553470641374588
39,2,64,17,0.6639506220817566,0.11056691408157349
39,2,64,18,0.3384454548358917,0.07071568816900253
39,2,64,19,0.6613033413887024,0.14852187037467957
39,2,64,20,0.5944874286651611,0.16309982538223267
39,2,64,21,0.40237346291542053,0.0909503623843193
39,2,64,22,0.6859199404716492,0.15087959170341492
39,2,64,23,0.4831722676753998,0.09079291671514511
39,2,64,24,0.4159950017929077,0.11512584984302521
39,2,64,25,0.5366390347480774,0.15911321341991425
39,2,64,26,0.6399331092834473,0.10487554967403412
39,2,64,27,0.5819851160049438,0.15804824233055115
39,2,64,28,0.4267292320728302,0.08026908338069916
39,2,64,29,0.5176997184753418,0.09224122017621994
39,2,64,30,0.44495975971221924,0.10629945248365402
39,2,64,31,0.37597206234931946,0.14889970421791077
39,2,64,32,0.5669774413108826,0.06333360075950623
39,2,64,33,0.3085136413574219,0.1847066879272461
39,2,64,34,0.7016863226890564,0.09394292533397675
39,2,64,35,0.5409523844718933,0.10570316761732101
39,2,64,36,0.37606513500213623,0.0758071020245552
39,2,64,37,0.5122391581535339,0.11024755984544754
39,2,64,38,0.5393654108047485,0.06782209873199463
39,2,64,39,0.42394888401031494,0.0765690729022026
39,2,64,40,0.5828405022621155,0.05333971232175827
39,2,64,41,0.6064062714576721,0.061006173491477966
39,2,64,42,0.35378801822662354,0.12455207109451294
39,2,64,43,0.5183511972427368,0.14183522760868073
39,2,64,44,0.3964385390281677,0.08132960647344589
39,2,64,45,0.6247840523719788,0.1955576390028
39,2,64,46,0.2620925009250641,0.15781328082084656
39,2,64,47,0.5491498708724976,0.12031210958957672
39,2,64,48,0.4224250614643097,0.0933452919125557
39,2,64,49,0.36231592297554016,0.11805447936058044
39,2,64,50,0.5338680148124695,0.12229983508586884
39,2,64,51,0.32250872254371643,0.1394040584564209
39,2,64,52,0.4198816120624542,0.1686556190252304
39,2,64,53,0.3156576454639435,0.14823365211486816
39,2,64,54,0.5581399202346802,0.17524130642414093
39,2,64,55,0.4037199914455414,0.11126964539289474
39,2,64,56,0.32074397802352905,0.12725429236888885
39,2,64,57,0.6927604079246521,0.1888260543346405
39,2,64,58,0.49582555890083313,0.15076835453510284
39,2,64,59,0.3405185043811798,0.22210726141929626
39,2,64,60,0.5553633570671082,0.16126368939876556
39,2,64,61,0.7375392913818359,0.1371280997991562
39,2,64,62,0.3523017168045044,0.13567915558815002
39,2,64,63,0.553766667842865,0.09443075209856033
39,3,64,0,0.5748834013938904,0.18124112486839294
39,3,64,1,0.3952009677886963,0.11918921768665314
39,3,64,2,0.5988419651985168,0.06523068994283676
39,3,64,3,0.5966178774833679,0.18692965805530548
39,3,64,4,0.5942543745040894,0.174960657954216
39,3,64,5,0.4419383108615875,0.07898183912038803
39,3,64,6,0.32377147674560547,0.10753290355205536
39,3,64,7,0.43843820691108704,0.10269072651863098
39,3,64,8,0.5205534100532532,0.17615865170955658
39,3,64,9,0.5747389197349548,0.13812322914600372
39,3,64,10,0.550564169883728,0.27372997999191284
39,3,64,11,0.5982893705368042,0.06949613988399506
39,3,64,12,0.5558473467826843,0.26373934745788574
39,3,64,13,0.6635646224021912,0.12892621755599976
39,3,64,14,0.5851569175720215,0.14059558510780334
39,3,64,15,0.5322105288505554,0.1408366709947586
39,3,64,16,0.39736175537109375,0.06129021570086479
39,3,64,17,0.42424866557121277,0.19471533596515656
39,3,64,18,0.5268591642379761,0.19218237698078156
39,3,64,19,0.443545401096344,0.1455581784248352
39,3,64,20,0.5033923387527466,0.2693415880203247
39,3,64,21,0.5752869248390198,0.07213062793016434
39,3,64,22,0.4873618483543396,0.09788630902767181
39,3,64,23,0.4706597626209259,0.24857310950756073
39,3,64,24,0.2991917133331299,0.11175870150327682
39,3,64,25,0.4553738832473755,0.0525834783911705
39,3,64,26,0.540240466594696,0.12450133264064789
39,3,64,27,0.40625104308128357,0.29499077796936035
39,3,64,28,0.4507928192615509,0.06519287079572678
39,3,64,29,0.4568338394165039,0.19940195977687836
39,3,64,30,0.6248404383659363,0.16864608228206635
39,3,64,31,0.42050880193710327,0.14276814460754395
39,3,64,32,0.6058311462402344,0.10940954834222794
39,3,64,33,0.6726820468902588,0.13575513660907745
39,3,64,34,0.4228673279285431,0.1015404611825943
39,3,64,35,0.45692986249923706,0.08723548799753189
39,3,64,36,0.3973431885242462,0.14806868135929108
39,3,64,37,0.46697479486465454,0.2160031795501709
39,3,64,38,0.4152121841907501,0.2626126706600189
39,3,64,39,0.5365434288978577,0.19060084223747253
39,3,64,40,0.48282119631767273,0.07806777209043503
39,3,64,41,0.5078851580619812,0.12874764204025269
39,3,64,42,0.49495041370391846,0.15807008743286133
39,3,64,43,0.39511042833328247,0.13144955039024353
39,3,64,44,0.34997275471687317,0.1321202963590622
39,3,64,45,0.4667840301990509,0.16859573125839233
39,3,64,46,0.33798715472221375,0.11009927839040756
39,3,64,47,0.42816999554634094,0.11167008429765701
39,3,64,48,0.5494282841682434,0.27381935715675354
39,3,64,49,0.5615361332893372,0.16655711829662323
39,3,64,50,0.5466690063476562,0.2192010134458542
39,3,64,51,0.45481377840042114,0.23302005231380463
39,3,64,52,0.44630226492881775,0.20540326833724976
39,3,64,53,0.4275650382041931,0.1251717209815979
39,3,64,54,0.46494191884994507,0.22304542362689972
39,3,64,55,0.4929313361644745,0.2536744177341461
39,3,64,56,0.5127009749412537,0.1344606578350067
39,3,64,57,0.5647022724151611,0.0922664999961853
39,3,64,58,0.5086633563041687,0.2486903816461563
39,3,64,59,0.6312563419342041,0.1324940174818039
39,3,64,60,0.5634492635726929,0.27694177627563477
39,3,64,61,0.6149622201919556,0.19298489391803741
39,3,64,62,0.5942206382751465,0.15234163403511047
39,3,64,63,0.4249115586280823,0.18158824741840363
39,4,128,0,0.5030403137207031,0.05345263332128525
39,4,128,1,0.4309157431125641,0.04999193549156189
39,4,128,2,0.43073686957359314,0.23095735907554626
39,4,128,3,0.7263817191123962,0.1410352885723114
39,4,128,4,0.5550258755683899,0.14755986630916595
39,4,128,5,0.7395371198654175,0.13873253762722015
39,4,128,6,0.6495873928070068,0.2288368046283722
39,4,128,7,0.7047123312950134,0.1462656706571579
39,4,128,8,0.7156869769096375,0.12539449334144592
39,4,128,9,0.6925019025802612,0.1811300665140152
39,4,128,10,0.7192510962486267,0.13704533874988556
39,4,128,11,0.4300478994846344,0.0558527410030365
39,4,128,12,0.6797258257865906,0.16588819026947021
39,4,128,13,0.6057870388031006,0.308372437953949
39,4,128,14,0.47341668605804443,0.3496525287628174
39,4,128,15,0.46184638142585754,0.2639106214046478
39,4,128,16,0.28323328495025635,0.1053648591041565
39,4,128,17,0.4835982918739319,0.2469598948955536
39,4,128,18,0.26227128505706787,0.105728879570961
39,4,128,19,0.5734919309616089,0.07508061081171036
39,4,128,20,0.5828188061714172,0.24890828132629395
39,4,128,21,0.573664128780365,0.2921985387802124
39,4,128,22,0.31105896830558777,0.1162402331829071
39,4,128,23,0.5406142473220825,0.2277464121580124
39,4,128,24,0.5516101121902466,0.08177290856838226
39,4,128,25,0.6654526591300964,0.07209023088216782
39,4,128,26,0.6473132967948914,0.2677108347415924
39,4,128,27,0.6884205341339111,0.16908343136310577
39,4,128,28,0.5242004990577698,0.04881526902318001
39,4,128,29,0.5226683616638184,0.2230035811662674
39,4,128,30,0.622788667678833,0.2189662754535675
39,4,128,31,0.6644729971885681,0.19691596925258636
39,4,128,32,0.5723583698272705,0.2797653079032898
39,4,128,33,0.5236435532569885,0.24966029822826385
39,4,128,34,0.34108421206474304,0.08641645312309265
39,4,128,35,0.5610864758491516,0.16404631733894348
39,4,128,36,0.2925567924976349,0.16226676106452942
39,4,128,37,0.31836244463920593,0.18669414520263672
39,4,128,38,0.7572042346000671,0.13600364327430725
39,4,128,39,0.6880609393119812,0.07292837649583817
39,4,128,40,0.6900523900985718,0.1751723438501358
39,4,128,41,0.5186246037483215,0.20720937848091125
39,4,128,42,0.345340371131897,0.13803280889987946
39,4,128,43,0.6782608032226562,0.08157835155725479
39,4,128,44,0.5611199736595154,0.28593719005584717
39,4,128,45,0.5311146378517151,0.13368193805217743
39,4,128,46,0.5617570877075195,0.3274820148944855
39,4,128,47,0.3294271230697632,0.10066866129636765
39,4,128,48,0.5040653347969055,0.23931661248207092
39,4,128,49,0.5468312501907349,0.27392739057540894
39,4,128,50,0.4541603624820709,0.29362279176712036
39,4,128,51,0.6422780752182007,0.18850278854370117
39,4,128,52,0.7603039145469666,0.10675494372844696
39,4,128,53,0.5427863001823425,0.1051095575094223
39,4,128,54,0.5822982788085938,0.1925363540649414
39,4,128,55,0.747978150844574,0.10156121850013733
39,4,128,56,0.4372890293598175,0.14305910468101501
39,4,128,57,0.3810163140296936,0.2047208547592163
39,4,128,58,0.5600509643554688,0.2447206825017929
39,4,128,59,0.6861429214477539,0.13533779978752136
39,4,128,60,0.3672773540019989,0.13272687792778015
39,4,128,61,0.7224082946777344,0.14194978773593903
39,4,128,62,0.46500712633132935,0.12093571573495865
39,4,128,63,0.5600541234016418,0.08222386240959167
39,4,128,64,0.41560277342796326,0.09714271873235703
39,4,128,65,0.6115019917488098,0.118250273168087
39,4,128,66,0.5883335471153259,0.16583454608917236
39,4,128,67,0.7015681862831116,0.12575556337833405
39,4,128,68,0.6531615853309631,0.20293161273002625
39,4,128,69,0.7214062809944153,0.1182466521859169
39,4,128,70,0.717046320438385,0.13578566908836365
39,4,128,71,0.6706892848014832,0.2291700839996338
39,4,128,72,0.7144656181335449,0.06870298087596893
39,4,128,73,0.669569730758667,0.22212405502796173
39,4,128,74,0.46157461404800415,0.05852992460131645
39,4,128,75,0.6346904039382935,0.06146273761987686
39,4,128,76,0.42213866114616394,0.07935529202222824
39,4,128,77,0.6310839653015137,0.17502078413963318
39,4,128,78,0.354297935962677,0.21379593014717102
39,4,128,79,0.6487119197845459,0.10294461250305176
39,4,128,80,0.5423945784568787,0.04450173303484917
39,4,128,81,0.3457891643047333,0.14665533602237701
39,4,128,82,0.6670119166374207,0.14130382239818573
39,4,128,83,0.6138463020324707,0.24670444428920746
39,4,128,84,0.491656094789505,0.06078168377280235
39,4,128,85,0.4554094970226288,0.24918971955776215
39,4,128,86,0.7763214707374573,0.08670477569103241
39,4,128,87,0.6471679210662842,0.1397555023431778
39,4,128,88,0.5203913450241089,0.22700056433677673
39,4,128,89,0.6248577833175659,0.07953564077615738
39,4,128,90,0.5650789141654968,0.29780325293540955
39,4,128,91,0.7030817270278931,0.12213367968797684
39,4,128,92,0.61320960521698,0.24541664123535156
39,4,128,93,0.574760377407074,0.1435069590806961
39,4,128,94,0.4695284962654114,0.13182568550109863
39,4,128,95,0.7185152173042297,0.16286666691303253
39,4,128,96,0.5338542461395264,0.19765764474868774
39,4,128,97,0.4494415819644928,0.11375629156827927
39,4,128,98,0.33213725686073303,0.16757433116436005
39,4,128,99,0.6266645193099976,0.22081121802330017
39,4,128,100,0.7474220991134644,0.11476726830005646
39,4,128,101,0.7114056944847107,0.1657222956418991
39,4,128,102,0.7631396651268005,0.1215033307671547
39,4,128,103,0.6455402970314026,0.04232287034392357
39,4,128,104,0.6715485453605652,0.09038151800632477
39,4,128,105,0.6904450058937073,0.147189661860466
39,4,128,106,0.6862169504165649,0.0813831016421318
39,4,128,107,0.6070353984832764,0.22123098373413086
39,4,128,108,0.7552976608276367,0.10981563478708267
39,4,128,109,0.7397059202194214,0.12150704860687256
39,4,128,110,0.6445949673652649,0.2199418991804123
39,4,128,111,0.3090537488460541,0.07664777338504791
39,4,128,112,0.6199110150337219,0.17282266914844513
39,4,128,113,0.6509814262390137,0.1342448741197586
39,4,128,114,0.6756099462509155,0.12129918485879898
39,4,128,115,0.4694432318210602,0.12916307151317596
39,4,128,116,0.537428617477417,0.12431205809116364
39,4,128,117,0.4538632333278656,0.10201283544301987
39,4,128,118,0.5489543080329895,0.11696050316095352
39,4,128,119,0.5402414202690125,0.04386356472969055
39,4,128,120,0.6938632130622864,0.12416741251945496
39,4,128,121,0.3975762128829956,0.08828291296958923
39,4,128,122,0.6960921883583069,0.07075987011194229
39,4,128,123,0.6095526218414307,0.07386552542448044
39,4,128,124,0.4194962978363037,0.2848762273788452
39,4,128,125,0.5413460731506348,0.251201331615448
39,4,128,126,0.5827898979187012,0.03393290191888809
39,4,128,127,0.4167757034301758,0.0786510780453682
39,5,128,0,0.4247874617576599,0.0515645407140255
39,5,128,1,0.41669538617134094,0.16556750237941742
39,5,128,2,0.5933817028999329,0.17778080701828003
39,5,128,3,0.7513524889945984,0.17495989799499512
39,5,128,4,0.6780229210853577,0.13368654251098633
39,5,128,5,0.6282584071159363,0.06795895844697952
39,5,128,6,0.5804116129875183,0.04059334099292755
39,5,128,7,0.6748194694519043,0.09444767981767654
39,5,128,8,0.5663989186286926,0.15420229732990265
39,5,128,9,0.7097080945968628,0.08454322069883347
39,5,128,10,0.7531166076660156,0.1444292664527893
39,5,128,11,0.4745852053165436,0.16812840104103088
39,5,128,12,0.7128547430038452,0.2665514051914215
39,5,128,13,0.7242743372917175,0.1015903428196907
39,5,128,14,0.7604025602340698,0.1306363344192505
39,5,128,15,0.3014240264892578,0.2673775255680084
39,5,128,16,0.6767422556877136,0.06253097951412201
39,5,128,17,0.7829845547676086,0.11956454813480377
39,5,128,18,0.6290815472602844,0.23240964114665985
39,5,128,19,0.3975368142127991,0.13718129694461823
39,5,128,20,0.6266140341758728,0.1818963885307312
39,5,128,21,0.698005735874176,0.2679053843021393
39,5,128,22,0.6468877196311951,0.13723453879356384
39,5,128,23,0.7328363656997681,0.09345293790102005
39,5,128,24,0.7325998544692993,0.17207331955432892
39,5,128,25,0.6877937912940979,0.24726489186286926
39,5,128,26,0.7532005906105042,0.20571136474609375
39,5,128,27,0.5547524690628052,0.14006417989730835
39,5,128,28,0.354582816362381,0.09403783828020096
39,5,128,29,0.7150033116340637,0.08131435513496399
39,5,128,30,0.5879992842674255,0.07764759659767151
39,5,128,31,0.7873717546463013,0.15578676760196686
39,5,128,32,0.7763837575912476,0.14865396916866302
39,5,128,33,0.746396541595459,0.21629680693149567
39,5,128,34,0.5295380353927612,0.1494983583688736
39,5,128,35,0.7725509405136108,0.08891021460294724
39,5,128,36,0.6350581645965576,0.18620531260967255
39,5,128,37,0.6493629813194275,0.2705107033252716
39,5,128,38,0.7864918112754822,0.172395721077919
39,5,128,39,0.5751017928123474,0.11400732398033142
39,5,128,40,0.7467489242553711,0.19026891887187958
39,5,128,41,0.7654162645339966,0.19551734626293182
39,5,128,42,0.4501183032989502,0.08311107754707336
39,5,128,43,0.44277623295783997,0.22759516537189484
39,5,128,44,0.7172445058822632,0.2680336534976959
39,5,128,45,0.4697764217853546,0.11602957546710968
39,5,128,46,0.7802042961120605,0.1945648193359375
39,5,128,47,0.4173536002635956,0.21608810126781464
39,5,128,48,0.6810974478721619,0.24069198966026306
39,5,128,49,0.6729099154472351,0.2511967122554779
39,5,128,50,0.4084201455116272,0.05529773607850075
39,5,128,51,0.36031126976013184,0.22270578145980835
39,5,128,52,0.3314646780490875,0.20523974299430847
39,5,128,53,0.6740043759346008,0.1586296707391739
39,5,128,54,0.5761053562164307,0.04358718544244766
39,5,128,55,0.7998242378234863,0.10164645314216614
39,5,128,56,0.41207802295684814,0.13785578310489655
39,5,128,57,0.5197657942771912,0.07039429247379303
39,5,128,58,0.40499934554100037,0.1970725804567337
39,5,128,59,0.7064465880393982,0.102120041847229
39,5,128,60,0.43287089467048645,0.03876586630940437
39,5,128,61,0.8163787126541138,0.14074945449829102
39,5,128,62,0.3746544122695923,0.10524769127368927
39,5,128,63,0.7981778979301453,0.1331086903810501
39,5,128,64,0.27535706758499146,0.18234817683696747
39,5,128,65,0.6867703199386597,0.07766465842723846
39,5,128,66,0.3560446500778198,0.2634962499141693
39,5,128,67,0.738665759563446,0.11739718914031982
39,5,128,68,0.3938397765159607,0.08863817900419235
39,5,128,69,0.6117319464683533,0.11237461864948273
39,5,128,70,0.7745705842971802,0.17563818395137787
39,5,128,71,0.7634856700897217,0.22523756325244904
39,5,128,72,0.7304213643074036,0.09048590064048767
39,5,128,73,0.6773176193237305,0.2504633963108063
39,5,128,74,0.4114038944244385,0.1675471067428589
39,5,128,75,0.4440271854400635,0.05612683296203613
39,5,128,76,0.6662470102310181,0.1397707611322403
39,5,128,77,0.48747873306274414,0.12881441414356232
39,5,128,78,0.4489631652832031,0.1888495534658432
39,5,128,79,0.7873300909996033,0.13859166204929352
39,5,128,80,0.8466442823410034,0.1325187385082245
39,5,128,81,0.28812769055366516,0.13042497634887695
39,5,128,82,0.7053773999214172,0.1480029672384262
39,5,128,83,0.6805899143218994,0.2679246664047241
39,5,128,84,0.5220683217048645,0.23951248824596405
39,5,128,85,0.31402671337127686,0.307984858751297
39,5,128,86,0.7453408241271973,0.1558687537908554
39,5,128,87,0.6453922390937805,0.30302712321281433
39,5,128,88,0.6451841592788696,0.17942777276039124
39,5,128,89,0.6225228905677795,0.14402185380458832
39,5,128,90,0.7790523767471313,0.17996947467327118
39,5,128,91,0.708948016166687,0.09205720573663712
39,5,128,92,0.8184574842453003,0.16431906819343567
39,5,128,93,0.30269360542297363,0.2188500463962555
39,5,128,94,0.7179355025291443,0.0870300903916359
39,5,128,95,0.7419975399971008,0.10571585595607758
39,5,128,96,0.3579830229282379,0.25551700592041016
39,5,128,97,0.7247328162193298,0.14412496984004974
39,5,128,98,0.739726185798645,0.14079143106937408
39,5,128,99,0.6990627646446228,0.24903427064418793
39,5,128,100,0.5279456973075867,0.09178448468446732
39,5,128,101,0.6637300252914429,0.1581943780183792
39,5,128,102,0.8171753287315369,0.11490514874458313
39,5,128,103,0.6816403269767761,0.25318002700805664
39,5,128,104,0.7640738487243652,0.09617812931537628
39,5,128,105,0.6443973183631897,0.2156788557767868
39,5,128,106,0.6635255217552185,0.30839118361473083
39,5,128,107,0.6870455145835876,0.22004640102386475
39,5,128,108,0.7374919056892395,0.16254651546478271
39,5,128,109,0.7256864905357361,0.07784590870141983
39,5,128,110,0.7302976250648499,0.2999701499938965
39,5,128,111,0.3871443569660187,0.15546441078186035
39,5,128,112,0.362663596868515,0.22085721790790558
39,5,128,113,0.3463321030139923,0.25268876552581787
39,5,128,114,0.48218461871147156,0.08652143180370331
39,5,128,115,0.8089330196380615,0.11459148675203323
39,5,128,116,0.2974415719509125,0.31260430812835693
39,5,128,117,0.8029913902282715,0.09665995091199875
39,5,128,118,0.7901528477668762,0.1594780534505844
39,5,128,119,0.530315637588501,0.14543557167053223
39,5,128,120,0.7165848612785339,0.11643954366445541
39,5,128,121,0.627484142780304,0.29442140460014343
39,5,128,122,0.7166838049888611,0.23364239931106567
39,5,128,123,0.5668560266494751,0.04060947522521019
39,5,128,124,0.3575558364391327,0.1729833036661148
39,5,128,125,0.5096498727798462,0.162967711687088
39,5,128,126,0.38276779651641846,0.16252917051315308
39,5,128,127,0.6929888725280762,0.09719200432300568
40,0,32,0,0.31806862354278564,0.08446883410215378
40,0,32,1,0.4745555818080902,0.04341034218668938
40,0,32,2,0.5763055682182312,0.03857313469052315
40,0,32,3,0.5154725313186646,0.08170154690742493
40,0,32,4,0.4869323670864105,0.05431532487273216
40,0,32,5,0.5630824565887451,0.0737871527671814
40,0,32,6,0.6679441928863525,0.08296168595552444
40,0,32,7,0.5144688487052917,0.09197457879781723
40,0,32,8,0.5365273952484131,0.0476577952504158
40,0,32,9,0.5212332010269165,0.08292971551418304
40,0,32,10,0.594519317150116,0.07462403178215027
40,0,32,11,0.44530460238456726,0.07212001830339432
40,0,32,12,0.41048404574394226,0.03769771382212639
40,0,32,13,0.41108518838882446,0.05647806078195572
40,0,32,14,0.5538356304168701,0.04620873183012009
40,0,32,15,0.6022481322288513,0.050753895193338394
40,0,32,16,0.44765326380729675,0.05019501596689224
40,0,32,17,0.47360116243362427,0.044892046600580215
40,0,32,18,0.4468636214733124,0.07604794204235077
40,0,32,19,0.5658144354820251,0.012001626193523407
40,0,32,20,0.48928314447402954,0.06590283662080765
40,0,32,21,0.37039443850517273,0.07939334213733673
40,0,32,22,0.5168098211288452,0.0925406664609909
40,0,32,23,0.5150830149650574,0.04896753281354904
40,0,32,24,0.42628294229507446,0.03923482820391655
40,0,32,25,0.4445011019706726,0.07060601562261581
40,0,32,26,0.4440854489803314,0.049532972276210785
40,0,32,27,0.3851698040962219,0.06794322282075882
40,0,32,28,0.5121425986289978,0.09582122415304184
40,0,32,29,0.5756664276123047,0.04003643989562988
40,0,32,30,0.5123059153556824,0.07359933108091354
40,0,32,31,0.35482051968574524,0.06739703565835953
40,1,32,0,0.6724773645401001,0.05767315626144409
40,1,32,1,0.6793700456619263,0.06395051628351212
40,1,32,2,0.5787282586097717,0.07926963269710541
40,1,32,3,0.6664981842041016,0.03908573091030121
40,1,32,4,0.34412911534309387,0.1702629178762436
40,1,32,5,0.4616434574127197,0.14855657517910004
40,1,32,6,0.5560964345932007,0.024673594161868095
40,1,32,7,0.5534220337867737,0.10964146256446838
40,1,32,8,0.5726792216300964,0.03201758489012718
40,1,32,9,0.37538576126098633,0.023112040013074875
40,1,32,10,0.507213830947876,0.09258732944726944
40,1,32,11,0.47720977663993835,0.06670469790697098
40,1,32,12,0.3122619688510895,0.07143516838550568
40,1,32,13,0.5896952748298645,0.06926758587360382
40,1,32,14,0.48594990372657776,0.06977604329586029
40,1,32,15,0.4461013078689575,0.026495326310396194
40,1,32,16,0.6375542283058167,0.041172999888658524
40,1,32,17,0.4102270305156708,0.05902189388871193
40,1,32,18,0.46400314569473267,0.17032469809055328
40,1,32,19,0.5956937074661255,0.0634370744228363
40,1,32,20,0.38457292318344116,0.13115881383419037
40,1,32,21,0.6079437136650085,0.03382061794400215
40,1,32,22,0.5185529589653015,0.15456120669841766
40,1,32,23,0.5685423612594604,0.09335151314735413
40,1,32,24,0.35612937808036804,0.061578501015901566
40,1,32,25,0.4227088987827301,0.039541736245155334
40,1,32,26,0.5812209844589233,0.09084943681955338
40,1,32,27,0.707089900970459,0.06951317936182022
40,1,32,28,0.5957233905792236,0.04941621422767639
40,1,32,29,0.49288177490234375,0.15896324813365936
40,1,32,30,0.5105184316635132,0.12049411982297897
40,1,32,31,0.557395875453949,0.06602703779935837
40,2,64,0,0.37362509965896606,0.10255724936723709
40,2,64,1,0.4655987322330475,0.11766411364078522
40,2,64,2,0.5034961700439453,0.1222323551774025
40,2,64,3,0.4183749556541443,0.07448054850101471
40,2,64,4,0.4952176809310913,0.1047268807888031
40,2,64,5,0.453871488571167,0.08695007115602493
40,2,64,6,0.4456802308559418,0.041725751012563705
40,2,64,7,0.5164176821708679,0.11616817116737366
40,2,64,8,0.4781571924686432,0.04246431216597557
40,2,64,9,0.40545323491096497,0.07717964798212051
40,2,64,10,0.5763871073722839,0.06634059548377991
40,2,64,11,0.46633294224739075,0.04754575714468956
40,2,64,12,0.36444517970085144,0.07907406985759735
40,2,64,13,0.5543791055679321,0.029321199283003807
40,2,64,14,0.4270547330379486,0.02009012922644615
40,2,64,15,0.4352568984031677,0.07236415147781372
40,2,64,16,0.486502468585968,0.10198504477739334
40,2,64,17,0.575490415096283,0.04889707639813423
40,2,64,18,0.55312180519104,0.12300996482372284
40,2,64,19,0.46997809410095215,0.04016963019967079
40,2,64,20,0.5111514925956726,0.08328486233949661
40,2,64,21,0.45571598410606384,0.11657983809709549
40,2,64,22,0.5575128793716431,0.1192883551120758
40,2,64,23,0.5031054615974426,0.04389343038201332
40,2,64,24,0.4648500084877014,0.08085888624191284
40,2,64,25,0.5183800458908081,0.0857374519109726
40,2,64,26,0.44198688864707947,0.030659865587949753
40,2,64,27,0.43080830574035645,0.0684027299284935
40,2,64,28,0.469594269990921,0.03677805885672569
40,2,64,29,0.4558773338794708,0.06786990910768509
40,2,64,30,0.5583497285842896,0.044452112168073654
40,2,64,31,0.5600889921188354,0.029799189418554306
40,2,64,32,0.5036559104919434,0.1053224429488182
40,2,64,33,0.44671207666397095,0.10491632670164108
40,2,64,34,0.4845181107521057,0.08271141350269318
40,2,64,35,0.42926788330078125,0.11070767790079117
40,2,64,36,0.4228329062461853,0.041834164410829544
40,2,64,37,0.4598779082298279,0.0987856313586235
40,2,64,38,0.4780929982662201,0.08238739520311356
40,2,64,39,0.42786604166030884,0.04033290967345238
40,2,64,40,0.5680985450744629,0.14995171129703522
40,2,64,41,0.5011856555938721,0.10975740104913712
40,2,64,42,0.46655336022377014,0.04175415635108948
40,2,64,43,0.5047999024391174,0.06420250236988068
40,2,64,44,0.38026484847068787,0.046024810522794724
40,2,64,45,0.5740180015563965,0.06112656369805336
40,2,64,46,0.5759260058403015,0.1544666886329651
40,2,64,47,0.5385435819625854,0.09401986747980118
40,2,64,48,0.537731409072876,0.03240400552749634
40,2,64,49,0.6247384548187256,0.07879932224750519
40,2,64,50,0.44334468245506287,0.04293661192059517
40,2,64,51,0.49967607855796814,0.07123322784900665
40,2,64,52,0.5492038726806641,0.03275430575013161
40,2,64,53,0.457882821559906,0.12488055974245071
40,2,64,54,0.35674455761909485,0.04897227883338928
40,2,64,55,0.5122597813606262,0.06232483685016632
40,2,64,56,0.532872200012207,0.12779420614242554
40,2,64,57,0.5174059271812439,0.04044420272111893
40,2,64,58,0.44392624497413635,0.03799926117062569
40,2,64,59,0.4908354580402374,0.035445768386125565
40,2,64,60,0.5945665240287781,0.08321058005094528
40,2,64,61,0.5206496715545654,0.05105455964803696
40,2,64,62,0.5703642964363098,0.10907720774412155
40,2,64,63,0.5009525418281555,0.06258095055818558
40,3,64,0,0.49466201663017273,0.048051539808511734
40,3,64,1,0.504561185836792,0.1065346747636795
40,3,64,2,0.5441680550575256,0.08037540316581726
40,3,64,3,0.39798539876937866,0.05550949648022652
40,3,64,4,0.4517504870891571,0.06093943864107132
40,3,64,5,0.5391868352890015,0.07874788343906403
40,3,64,6,0.4482966363430023,0.10413715243339539
40,3,64,7,0.4498576521873474,0.08189935237169266
40,3,64,8,0.4841386377811432,0.09518071264028549
40,3,64,9,0.4764277935028076,0.0652560442686081
40,3,64,10,0.6310760974884033,0.06607308983802795
40,3,64,11,0.5358108282089233,0.04971921443939209
40,3,64,12,0.48880839347839355,0.06556780636310577
40,3,64,13,0.5663681626319885,0.0510566309094429
40,3,64,14,0.40215420722961426,0.04988153278827667
40,3,64,15,0.5613213181495667,0.07996171712875366
40,3,64,16,0.5556410551071167,0.03394244611263275
40,3,64,17,0.4207947254180908,0.05925759673118591
40,3,64,18,0.6204684376716614,0.06865467876195908
40,3,64,19,0.5153325796127319,0.06814464926719666
40,3,64,20,0.5331586003303528,0.14370451867580414
40,3,64,21,0.6763033866882324,0.08795753121376038
40,3,64,22,0.5185692310333252,0.08579092472791672
40,3,64,23,0.5291001200675964,0.10529869049787521
40,3,64,24,0.5518243908882141,0.08362136036157608
40,3,64,25,0.5473416447639465,0.07303319126367569
40,3,64,26,0.4512808918952942,0.06845330446958542
40,3,64,27,0.6099502444267273,0.08675633370876312
40,3,64,28,0.5236972570419312,0.115028977394104
40,3,64,29,0.44058310985565186,0.07229147851467133
40,3,64,30,0.5043150186538696,0.13632777333259583
40,3,64,31,0.4238011837005615,0.08252736926078796
40,3,64,32,0.46303775906562805,0.05897511914372444
40,3,64,33,0.4049188196659088,0.10144457221031189
40,3,64,34,0.37539562582969666,0.10632053762674332
40,3,64,35,0.5713047385215759,0.08063708245754242
40,3,64,36,0.5229596495628357,0.08365336805582047
40,3,64,37,0.5422272682189941,0.08059529960155487
40,3,64,38,0.4657338857650757,0.11170701682567596
40,3,64,39,0.5126484632492065,0.07405609637498856
40,3,64,40,0.37431979179382324,0.052705295383930206
40,3,64,41,0.48384833335876465,0.04143618792295456
40,3,64,42,0.492938756942749,0.12959006428718567
40,3,64,43,0.4948486089706421,0.1187865287065506
40,3,64,44,0.4802508056163788,0.1220848560333252
40,3,64,45,0.49302396178245544,0.14410392940044403
40,3,64,46,0.3466719686985016,0.060440000146627426
40,3,64,47,0.5558331608772278,0.1087641492486
40,3,64,48,0.6554180383682251,0.08502770215272903
40,3,64,49,0.4035910665988922,0.10595714300870895
40,3,64,50,0.5468340516090393,0.07176592200994492
40,3,64,51,0.5490027070045471,0.09084159135818481
40,3,64,52,0.5066831707954407,0.050913114100694656
40,3,64,53,0.47442904114723206,0.04245470091700554
40,3,64,54,0.506618857383728,0.03168535232543945
40,3,64,55,0.42796871066093445,0.0860346257686615
40,3,64,56,0.4422270357608795,0.08190533518791199
40,3,64,57,0.4758546054363251,0.05145334452390671
40,3,64,58,0.397431880235672,0.07081498950719833
40,3,64,59,0.48766040802001953,0.11650379002094269
40,3,64,60,0.5706736445426941,0.06048644706606865
40,3,64,61,0.509830892086029,0.05258214846253395
40,3,64,62,0.5151540040969849,0.09290478378534317
40,3,64,63,0.4934084415435791,0.09345047920942307
40,4,128,0,0.4387083649635315,0.12343135476112366
40,4,128,1,0.5318745374679565,0.058357082307338715
40,4,128,2,0.7230396270751953,0.09501466155052185
40,4,128,3,0.7449193596839905,0.22728565335273743
40,4,128,4,0.6941065788269043,0.16027645766735077
40,4,128,5,0.7596257328987122,0.2539830505847931
40,4,128,6,0.7328061461448669,0.1005096286535263
40,4,128,7,0.6729938983917236,0.16136282682418823
40,4,128,8,0.3026016056537628,0.16020798683166504
40,4,128,9,0.7999356389045715,0.07254688441753387
40,4,128,10,0.668575644493103,0.19580009579658508
40,4,128,11,0.5144311785697937,0.13294678926467896
40,4,128,12,0.30213743448257446,0.11089318245649338
40,4,128,13,0.5952120423316956,0.11244761943817139
40,4,128,14,0.7335723638534546,0.26452258229255676
40,4,128,15,0.530289888381958,0.04567695036530495
40,4,128,16,0.36145687103271484,0.11307404190301895
40,4,128,17,0.3337843716144562,0.1492355614900589
40,4,128,18,0.39683955907821655,0.0924963653087616
40,4,128,19,0.5022220611572266,0.03620322793722153
40,4,128,20,0.6238090991973877,0.07764817774295807
40,4,128,21,0.5490280985832214,0.03795309364795685
40,4,128,22,0.5273089408874512,0.0378154031932354
40,4,128,23,0.3356162905693054,0.14410452544689178
40,4,128,24,0.6897624135017395,0.1812756359577179
40,4,128,25,0.4318996071815491,0.0337672233581543
40,4,128,26,0.5355484485626221,0.04924134910106659
40,4,128,27,0.40497955679893494,0.03299375995993614
40,4,128,28,0.47550374269485474,0.10092905163764954
40,4,128,29,0.40414872765541077,0.1306689977645874
40,4,128,30,0.4667794406414032,0.11843609064817429
40,4,128,31,0.26235005259513855,0.14515572786331177
40,4,128,32,0.5863461494445801,0.08474110811948776
40,4,128,33,0.3781607449054718,0.19676072895526886
40,4,128,34,0.6553083062171936,0.17065048217773438
40,4,128,35,0.3666570782661438,0.12373894453048706
40,4,128,36,0.21274051070213318,0.19013893604278564
40,4,128,37,0.7400439381599426,0.2576095461845398
40,4,128,38,0.42960527539253235,0.06350257247686386
40,4,128,39,0.7089072465896606,0.06271335482597351
40,4,128,40,0.21634085476398468,0.199981689453125
40,4,128,41,0.25532057881355286,0.14312247931957245
40,4,128,42,0.8007643818855286,0.18676571547985077
40,4,128,43,0.23765122890472412,0.20004548132419586
40,4,128,44,0.35249269008636475,0.16156363487243652
40,4,128,45,0.7676619291305542,0.20411407947540283
40,4,128,46,0.7698702216148376,0.13210538029670715
40,4,128,47,0.3399330973625183,0.14995548129081726
40,4,128,48,0.7020969390869141,0.11310911923646927
40,4,128,49,0.49431729316711426,0.08616452664136887
40,4,128,50,0.4532814621925354,0.06739579141139984
40,4,128,51,0.680375337600708,0.08609980344772339
40,4,128,52,0.7642278075218201,0.16030317544937134
40,4,128,53,0.5146061182022095,0.07092171907424927
40,4,128,54,0.6937761902809143,0.25377288460731506
40,4,128,55,0.4483093321323395,0.09572713077068329
40,4,128,56,0.45156461000442505,0.09772598743438721
40,4,128,57,0.82779860496521,0.17756466567516327
40,4,128,58,0.7460833787918091,0.2716425955295563
40,4,128,59,0.5333699584007263,0.034263551235198975
40,4,128,60,0.43007755279541016,0.10216950625181198
40,4,128,61,0.5999972224235535,0.10318322479724884
40,4,128,62,0.6894775032997131,0.2871605455875397
40,4,128,63,0.749519407749176,0.2801922559738159
40,4,128,64,0.6728355288505554,0.14892669022083282
40,4,128,65,0.7600365877151489,0.1723906546831131
40,4,128,66,0.816125750541687,0.17993251979351044
40,4,128,67,0.7601149082183838,0.21523025631904602
40,4,128,68,0.4593759775161743,0.051719196140766144
40,4,128,69,0.5911515355110168,0.042778681963682175
40,4,128,70,0.20541459321975708,0.17217065393924713
40,4,128,71,0.3943197429180145,0.15092240273952484
40,4,128,72,0.5179533958435059,0.09876536577939987
40,4,128,73,0.34188950061798096,0.19105197489261627
40,4,128,74,0.6315984725952148,0.19717253744602203
40,4,128,75,0.7558732628822327,0.21573737263679504
40,4,128,76,0.6006450057029724,0.11367378383874893
40,4,128,77,0.37981846928596497,0.15932317078113556
40,4,128,78,0.3009140193462372,0.23552924394607544
40,4,128,79,0.4980662763118744,0.06135416775941849
40,4,128,80,0.795806348323822,0.11238322407007217
40,4,128,81,0.6059421896934509,0.1982744336128235
40,4,128,82,0.2914265990257263,0.08522453159093857
40,4,128,83,0.6484852433204651,0.16454243659973145
40,4,128,84,0.46621963381767273,0.06610659509897232
40,4,128,85,0.7314149737358093,0.1726512759923935
40,4,128,86,0.31894031167030334,0.07966499775648117
40,4,128,87,0.5786867737770081,0.02935018762946129
40,4,128,88,0.4712805151939392,0.10136581212282181
40,4,128,89,0.6186437010765076,0.054421279579401016
40,4,128,90,0.4775395393371582,0.07727811485528946
40,4,128,91,0.349281370639801,0.154168501496315
40,4,128,92,0.26721349358558655,0.07638517767190933
40,4,128,93,0.2690061032772064,0.09815378487110138
40,4,128,94,0.6514840126037598,0.0543397031724453
40,4,128,95,0.8220906257629395,0.16622258722782135
40,4,128,96,0.6057058572769165,0.14371119439601898
40,4,128,97,0.8048680424690247,0.1802421659231186
40,4,128,98,0.7665382623672485,0.22751882672309875
40,4,128,99,0.7056711912155151,0.27750465273857117
40,4,128,100,0.7470152378082275,0.13726595044136047
40,4,128,101,0.23560114204883575,0.13866856694221497
40,4,128,102,0.7877962589263916,0.07633410394191742
40,4,128,103,0.7322719693183899,0.16273970901966095
40,4,128,104,0.7669050693511963,0.20781885087490082
40,4,128,105,0.22538039088249207,0.0827753096818924
40,4,128,106,0.48471444845199585,0.07031397521495819
40,4,128,107,0.740035355091095,0.26764214038848877
40,4,128,108,0.5792843103408813,0.03437664359807968
40,4,128,109,0.6955699920654297,0.22738072276115417
40,4,128,110,0.5775577425956726,0.12542447447776794
40,4,128,111,0.29739049077033997,0.10039697587490082
40,4,128,112,0.6439284086227417,0.0850793644785881
40,4,128,113,0.6936793923377991,0.05840715765953064
40,4,128,114,0.5731168985366821,0.06348138302564621
40,4,128,115,0.7348027229309082,0.2698729932308197
40,4,128,116,0.3981567621231079,0.10884930938482285
40,4,128,117,0.7809164524078369,0.20231227576732635
40,4,128,118,0.6169440746307373,0.0878925621509552
40,4,128,119,0.30674782395362854,0.1741645783185959
40,4,128,120,0.26679807901382446,0.19736501574516296
40,4,128,121,0.6765459775924683,0.06384637206792831
40,4,128,122,0.7913735508918762,0.1359396129846573
40,4,128,123,0.7186381816864014,0.17615799605846405
40,4,128,124,0.751761794090271,0.200314462184906
40,4,128,125,0.7341453433036804,0.17315372824668884
40,4,128,126,0.677594006061554,0.21455438435077667
40,4,128,127,0.7015606760978699,0.15867087244987488
40,5,128,0,0.4593576490879059,0.04546169191598892
40,5,128,1,0.5541064143180847,0.08813124895095825
40,5,128,2,0.5489854216575623,0.05037147179245949
40,5,128,3,0.5313971042633057,0.09809112548828125
40,5,128,4,0.36794114112854004,0.10836195200681686
40,5,128,5,0.7317025661468506,0.22597052156925201
40,5,128,6,0.7189861536026001,0.16173169016838074
40,5,128,7,0.742645263671875,0.13959912955760956
40,5,128,8,0.6574876308441162,0.1732335388660431
40,5,128,9,0.5353177189826965,0.07022960484027863
40,5,128,10,0.5979962944984436,0.0550273172557354
40,5,128,11,0.7439190745353699,0.21893823146820068
40,5,128,12,0.6503816246986389,0.10404592007398605
40,5,128,13,0.47275763750076294,0.04236775264143944
40,5,128,14,0.7610006332397461,0.2026323676109314
40,5,128,15,0.6176028847694397,0.07561416923999786
40,5,128,16,0.497851699590683,0.04478622227907181
40,5,128,17,0.3726751506328583,0.11939956247806549
40,5,128,18,0.6473310589790344,0.13909612596035004
40,5,128,19,0.5066359043121338,0.023566480726003647
40,5,128,20,0.6200340986251831,0.1032426580786705
40,5,128,21,0.7593933343887329,0.12353160977363586
40,5,128,22,0.5905055403709412,0.10935677587985992
40,5,128,23,0.4605705440044403,0.021779274567961693
40,5,128,24,0.6977407932281494,0.09705270826816559
40,5,128,25,0.6912451982498169,0.23247133195400238
40,5,128,26,0.6208857893943787,0.0749594122171402
40,5,128,27,0.6154446005821228,0.1201009526848793
40,5,128,28,0.4452493488788605,0.0457378588616848
40,5,128,29,0.7434026002883911,0.13694632053375244
40,5,128,30,0.44545260071754456,0.04352185130119324
40,5,128,31,0.5959582924842834,0.07099578529596329
40,5,128,32,0.4579843580722809,0.0580420158803463
40,5,128,33,0.6699334383010864,0.11749321222305298
40,5,128,34,0.5319071412086487,0.03818606585264206
40,5,128,35,0.6524835228919983,0.09999534487724304
40,5,128,36,0.7492149472236633,0.20448726415634155
40,5,128,37,0.5513060092926025,0.06444545090198517
40,5,128,38,0.5999734997749329,0.0627419501543045
40,5,128,39,0.44848886132240295,0.04442868009209633
40,5,128,40,0.5187819600105286,0.043137598782777786
40,5,128,41,0.6902229189872742,0.17282333970069885
40,5,128,42,0.6504490375518799,0.057377371937036514
40,5,128,43,0.4706982374191284,0.018145151436328888
40,5,128,44,0.6130959987640381,0.07554740458726883
40,5,128,45,0.54226154088974,0.031730037182569504
40,5,128,46,0.7631546258926392,0.14408566057682037
40,5,128,47,0.6134882569313049,0.0689181387424469
40,5,128,48,0.5347572565078735,0.03655458241701126
40,5,128,49,0.7238739728927612,0.16883939504623413
40,5,128,50,0.32187139987945557,0.1353815346956253
40,5,128,51,0.7008519172668457,0.17766167223453522
40,5,128,52,0.4324197769165039,0.12396334111690521
40,5,128,53,0.4721493124961853,0.04127157852053642
40,5,128,54,0.6178954243659973,0.14690913259983063
40,5,128,55,0.7117117643356323,0.1709754467010498
40,5,128,56,0.5396639108657837,0.09323297441005707
40,5,128,57,0.7159484028816223,0.22618746757507324
40,5,128,58,0.6655673980712891,0.10917790979146957
40,5,128,59,0.6065064072608948,0.14380881190299988
40,5,128,60,0.7596884965896606,0.16966332495212555
40,5,128,61,0.6334882378578186,0.06156689301133156
40,5,128,62,0.6253469586372375,0.11117472499608994
40,5,128,63,0.6395571231842041,0.09395616501569748
40,5,128,64,0.5716071128845215,0.1128532811999321
40,5,128,65,0.7139402627944946,0.17222347855567932
40,5,128,66,0.7918702363967896,0.17865824699401855
40,5,128,67,0.7674676179885864,0.14490832388401031
40,5,128,68,0.5512584447860718,0.06161308288574219
40,5,128,69,0.5436505079269409,0.04890396073460579
40,5,128,70,0.7622179388999939,0.13515955209732056
40,5,128,71,0.6022964119911194,0.1211191788315773
40,5,128,72,0.5087960362434387,0.050374023616313934
40,5,128,73,0.5931370258331299,0.07720150053501129
40,5,128,74,0.6602104306221008,0.16019687056541443
40,5,128,75,0.7395821809768677,0.19466125965118408
40,5,128,76,0.3854024112224579,0.08760133385658264
40,5,128,77,0.5410199761390686,0.07414513826370239
40,5,128,78,0.30695345997810364,0.09130317717790604
40,5,128,79,0.33794811367988586,0.07420003414154053
40,5,128,80,0.5946423411369324,0.1468357890844345
40,5,128,81,0.5312864184379578,0.023938419297337532
40,5,128,82,0.33922332525253296,0.15547111630439758
40,5,128,83,0.5835288763046265,0.036416687071323395
40,5,128,84,0.7710272669792175,0.2101890593767166
40,5,128,85,0.7294106483459473,0.22706539928913116
40,5,128,86,0.7239390015602112,0.08534479141235352
40,5,128,87,0.5686943531036377,0.08707288652658463
40,5,128,88,0.3295498490333557,0.09819340705871582
40,5,128,89,0.7318628430366516,0.11379124224185944
40,5,128,90,0.6126795411109924,0.03929097577929497
40,5,128,91,0.6428433060646057,0.09301797300577164
40,5,128,92,0.6428186893463135,0.092398501932621
40,5,128,93,0.37417691946029663,0.12060464918613434
40,5,128,94,0.6278529763221741,0.09389008581638336
40,5,128,95,0.6212946772575378,0.17127279937267303
40,5,128,96,0.5334864258766174,0.06307473033666611
40,5,128,97,0.6833789944648743,0.12301160395145416
40,5,128,98,0.7514553070068359,0.1851940155029297
40,5,128,99,0.72336345911026,0.17698070406913757
40,5,128,100,0.6478661894798279,0.08368857204914093
40,5,128,101,0.2983693778514862,0.13005340099334717
40,5,128,102,0.662399172782898,0.13450732827186584
40,5,128,103,0.6666808128356934,0.15315291285514832
40,5,128,104,0.7636457681655884,0.2425367832183838
40,5,128,105,0.49336275458335876,0.042644791305065155
40,5,128,106,0.5466110110282898,0.02318957820534706
40,5,128,107,0.6564396023750305,0.1373656690120697
40,5,128,108,0.46506819128990173,0.11446633189916611
40,5,128,109,0.7021381258964539,0.11358576267957687
40,5,128,110,0.395779550075531,0.1274954080581665
40,5,128,111,0.6479006409645081,0.07483413070440292
40,5,128,112,0.7131761312484741,0.16823261976242065
40,5,128,113,0.6359679102897644,0.15062260627746582
40,5,128,114,0.6707974076271057,0.1730610728263855
40,5,128,115,0.6396111249923706,0.11974441260099411
40,5,128,116,0.4381783604621887,0.027084089815616608
40,5,128,117,0.7264077663421631,0.09700768440961838
40,5,128,118,0.6034780144691467,0.040938008576631546
40,5,128,119,0.3470996916294098,0.15859444439411163
40,5,128,120,0.6092025637626648,0.07594890147447586
40,5,128,121,0.43797576427459717,0.09777232259511948
40,5,128,122,0.43011435866355896,0.0407145693898201
40,5,128,123,0.7009465098381042,0.1600969433784485
40,5,128,124,0.5066591501235962,0.0368887260556221
40,5,128,125,0.6887520551681519,0.13345341384410858
40,5,128,126,0.5462809801101685,0.03683944791555405
40,5,128,127,0.5277811884880066,0.06895053386688232
