model,xkey,norm_mode,mean_f1,std_f1,mean_balacc,std_balacc,subjects
CNN,X_env,per_subject,0.7567377007861659,0.07301806455492088,0.7663736563512481,0.07151388119892724,40
