model,f1_macro_mean,bal_acc_mean,acc_mean,f1_macro_sd,bal_acc_sd
RF,0.7711353499618132,0.7727135233263711,0.8504593624121645,0.06389600069949058,0.06301612969771303
