model,f1_macro_mean,bal_acc_mean,acc_mean,f1_macro_sd,bal_acc_sd
SVM,0.7768713728153589,0.7910512445069171,0.8507077095025586,0.05878186414024316,0.056605628198121725
