subject,block,block_width,feature_channel,gate_mean,gate_sd
156,0,32,0,0.6281800866127014,0.024783598259091377
156,0,32,1,0.4142235517501831,0.07732760161161423
156,0,32,2,0.5178820490837097,0.07874918729066849
156,0,32,3,0.3042382299900055,0.043867889791727066
156,0,32,4,0.5911533236503601,0.06333088129758835
156,0,32,5,0.6914531588554382,0.06016301363706589
156,0,32,6,0.5423738956451416,0.05360814929008484
156,0,32,7,0.33321771025657654,0.10488378256559372
156,0,32,8,0.5030030608177185,0.11358923465013504
156,0,32,9,0.55348801612854,0.06061746925115585
156,0,32,10,0.473695307970047,0.08004201948642731
156,0,32,11,0.3761080503463745,0.04825623333454132
156,0,32,12,0.5100322365760803,0.07148643583059311
156,0,32,13,0.4692436158657074,0.08261976391077042
156,0,32,14,0.4193170666694641,0.09432070702314377
156,0,32,15,0.6091641187667847,0.06014777719974518
156,0,32,16,0.42125195264816284,0.10548486560583115
156,0,32,17,0.41828030347824097,0.09866553544998169
156,0,32,18,0.48675471544265747,0.1033879891037941
156,0,32,19,0.6837095022201538,0.06643512099981308
156,0,32,20,0.6726933121681213,0.058276183903217316
156,0,32,21,0.41954904794692993,0.0981367751955986
156,0,32,22,0.29455697536468506,0.06353495270013809
156,0,32,23,0.35105618834495544,0.07817399501800537
156,0,32,24,0.34506580233573914,0.06128354370594025
156,0,32,25,0.48567265272140503,0.07136961817741394
156,0,32,26,0.3508281707763672,0.03364064544439316
156,0,32,27,0.5364106893539429,0.03846778720617294
156,0,32,28,0.4918307065963745,0.17040279507637024
156,0,32,29,0.46713942289352417,0.03859283775091171
156,0,32,30,0.5697429180145264,0.11809156090021133
156,0,32,31,0.6111800670623779,0.03870965167880058
156,1,32,0,0.3615837097167969,0.0731671005487442
156,1,32,1,0.4189314842224121,0.1403721272945404
156,1,32,2,0.6135667562484741,0.12970928847789764
156,1,32,3,0.4259396195411682,0.06586355715990067
156,1,32,4,0.4954532980918884,0.15320634841918945
156,1,32,5,0.46727460622787476,0.09879063069820404
156,1,32,6,0.48265746235847473,0.12079872936010361
156,1,32,7,0.5863173604011536,0.09524467587471008
156,1,32,8,0.6927292943000793,0.06570205837488174
156,1,32,9,0.49271565675735474,0.11083005368709564
156,1,32,10,0.5467367172241211,0.13884034752845764
156,1,32,11,0.5156953930854797,0.0812741219997406
156,1,32,12,0.536038875579834,0.06192426383495331
156,1,32,13,0.5653244256973267,0.10095390677452087
156,1,32,14,0.5198627710342407,0.09415923804044724
156,1,32,15,0.5221520662307739,0.116429902613163
156,1,32,16,0.5811977386474609,0.11900612711906433
156,1,32,17,0.5080045461654663,0.03154737502336502
156,1,32,18,0.5026111602783203,0.05365132912993431
156,1,32,19,0.4966212809085846,0.1365385502576828
156,1,32,20,0.479417085647583,0.06180775165557861
156,1,32,21,0.38525354862213135,0.0754234790802002
156,1,32,22,0.4615466892719269,0.05161885917186737
156,1,32,23,0.3807665705680847,0.11169353872537613
156,1,32,24,0.42148053646087646,0.1414102017879486
156,1,32,25,0.33788347244262695,0.10010510683059692
156,1,32,26,0.5552310347557068,0.13313855230808258
156,1,32,27,0.4353090822696686,0.04352899640798569
156,1,32,28,0.6353535056114197,0.09977897256612778
156,1,32,29,0.5476688146591187,0.11490792781114578
156,1,32,30,0.5232353806495667,0.06846354156732559
156,1,32,31,0.31850022077560425,0.08151130378246307
156,2,64,0,0.3534163534641266,0.11663983762264252
156,2,64,1,0.4851141571998596,0.1646493822336197
156,2,64,2,0.397888720035553,0.1639755517244339
156,2,64,3,0.5823126435279846,0.15572206676006317
156,2,64,4,0.6365920305252075,0.064379021525383
156,2,64,5,0.46748319268226624,0.11616978794336319
156,2,64,6,0.569075345993042,0.07908325642347336
156,2,64,7,0.5884823799133301,0.095388263463974
156,2,64,8,0.47607505321502686,0.10621535778045654
156,2,64,9,0.7059491276741028,0.07176940888166428
156,2,64,10,0.5001726746559143,0.12427513301372528
156,2,64,11,0.49540260434150696,0.16184929013252258
156,2,64,12,0.38551631569862366,0.14656689763069153
156,2,64,13,0.4744173288345337,0.05984256789088249
156,2,64,14,0.47825440764427185,0.1239134818315506
156,2,64,15,0.3734932541847229,0.10013304650783539
156,2,64,16,0.45784756541252136,0.11281660199165344
156,2,64,17,0.5353772640228271,0.1632978916168213
156,2,64,18,0.6066114902496338,0.13347747921943665
156,2,64,19,0.6013603806495667,0.1312721073627472
156,2,64,20,0.5627676248550415,0.14183862507343292
156,2,64,21,0.4929354190826416,0.144541934132576
156,2,64,22,0.677330493927002,0.13494841754436493
156,2,64,23,0.5447550415992737,0.17055313289165497
156,2,64,24,0.500845193862915,0.15482692420482635
156,2,64,25,0.4615059494972229,0.16932442784309387
156,2,64,26,0.42081084847450256,0.18616648018360138
156,2,64,27,0.489986777305603,0.104990653693676
156,2,64,28,0.5197763442993164,0.17814983427524567
156,2,64,29,0.5135055780410767,0.21867725253105164
156,2,64,30,0.46613809466362,0.15593142807483673
156,2,64,31,0.6476485729217529,0.19988831877708435
156,2,64,32,0.49229350686073303,0.15773989260196686
156,2,64,33,0.5981210470199585,0.04917999356985092
156,2,64,34,0.4551008343696594,0.1616331934928894
156,2,64,35,0.3608495593070984,0.18177825212478638
156,2,64,36,0.47682809829711914,0.10870013386011124
156,2,64,37,0.4177888035774231,0.11273285001516342
156,2,64,38,0.4857826232910156,0.1135047972202301
156,2,64,39,0.4573378264904022,0.13496440649032593
156,2,64,40,0.457823246717453,0.1780235320329666
156,2,64,41,0.5125387907028198,0.1472754180431366
156,2,64,42,0.5030892491340637,0.22312712669372559
156,2,64,43,0.5073584318161011,0.12992887198925018
156,2,64,44,0.3812181353569031,0.12062625586986542
156,2,64,45,0.4581092894077301,0.10336467623710632
156,2,64,46,0.4622051417827606,0.1550997942686081
156,2,64,47,0.392149955034256,0.17319133877754211
156,2,64,48,0.4867018163204193,0.19568265974521637
156,2,64,49,0.5180274844169617,0.09266895055770874
156,2,64,50,0.4850062131881714,0.09244222193956375
156,2,64,51,0.5614181160926819,0.07186685502529144
156,2,64,52,0.5084607601165771,0.1574821025133133
156,2,64,53,0.507756769657135,0.15951114892959595
156,2,64,54,0.5440665483474731,0.12831173837184906
156,2,64,55,0.6138363480567932,0.11187024414539337
156,2,64,56,0.503116250038147,0.13293278217315674
156,2,64,57,0.5131349563598633,0.14222121238708496
156,2,64,58,0.6638354659080505,0.11226698011159897
156,2,64,59,0.4784226417541504,0.10111501067876816
156,2,64,60,0.4817422926425934,0.13952751457691193
156,2,64,61,0.5734731554985046,0.14151903986930847
156,2,64,62,0.49930843710899353,0.10386808961629868
156,2,64,63,0.442745178937912,0.17439715564250946
156,3,64,0,0.4170432388782501,0.16764681041240692
156,3,64,1,0.40929409861564636,0.12801072001457214
156,3,64,2,0.49237218499183655,0.16281276941299438
156,3,64,3,0.46058356761932373,0.13363173604011536
156,3,64,4,0.7359943389892578,0.10379885882139206
156,3,64,5,0.6231462359428406,0.09368583559989929
156,3,64,6,0.4632759690284729,0.20563390851020813
156,3,64,7,0.5220022797584534,0.10579606890678406
156,3,64,8,0.5252630710601807,0.1748003363609314
156,3,64,9,0.5283995866775513,0.19337493181228638
156,3,64,10,0.4635363817214966,0.23515458405017853
156,3,64,11,0.4589598476886749,0.13422776758670807
156,3,64,12,0.5556150078773499,0.11472267657518387
156,3,64,13,0.5137773156166077,0.07650885730981827
156,3,64,14,0.5076114535331726,0.1762237250804901
156,3,64,15,0.4323296546936035,0.14736691117286682
156,3,64,16,0.5447113513946533,0.2706386148929596
156,3,64,17,0.4653407037258148,0.08507796376943588
156,3,64,18,0.7044886350631714,0.172311469912529
156,3,64,19,0.43571844696998596,0.06361061334609985
156,3,64,20,0.5500065684318542,0.18532603979110718
156,3,64,21,0.6213822364807129,0.19407854974269867
156,3,64,22,0.37716132402420044,0.195340096950531
156,3,64,23,0.6233324408531189,0.07907450199127197
156,3,64,24,0.4880291819572449,0.24987468123435974
156,3,64,25,0.5655243396759033,0.18057464063167572
156,3,64,26,0.5282526016235352,0.11677080392837524
156,3,64,27,0.4069002866744995,0.13194815814495087
156,3,64,28,0.40890729427337646,0.09381765127182007
156,3,64,29,0.3277190029621124,0.10935898125171661
156,3,64,30,0.6098024249076843,0.16958223283290863
156,3,64,31,0.6649489402770996,0.10417769849300385
156,3,64,32,0.6595359444618225,0.12269598245620728
156,3,64,33,0.41175997257232666,0.12675872445106506
156,3,64,34,0.45062023401260376,0.1985745131969452
156,3,64,35,0.664127767086029,0.10045409947633743
156,3,64,36,0.47157537937164307,0.15198004245758057
156,3,64,37,0.6778615117073059,0.12031462788581848
156,3,64,38,0.5034967660903931,0.2521510720252991
156,3,64,39,0.5499922037124634,0.09227677434682846
156,3,64,40,0.7332543134689331,0.13782329857349396
156,3,64,41,0.4548216760158539,0.16517747938632965
156,3,64,42,0.5984878540039062,0.07951200753450394
156,3,64,43,0.5005544424057007,0.13850779831409454
156,3,64,44,0.5154309868812561,0.12818963825702667
156,3,64,45,0.4222576916217804,0.2238854020833969
156,3,64,46,0.5584650635719299,0.08320871740579605
156,3,64,47,0.5252052545547485,0.1339922696352005
156,3,64,48,0.5433261394500732,0.17926043272018433
156,3,64,49,0.6003646850585938,0.22667507827281952
156,3,64,50,0.4385872185230255,0.15949375927448273
156,3,64,51,0.5287113189697266,0.058029886335134506
156,3,64,52,0.5452234148979187,0.16697844862937927
156,3,64,53,0.30009302496910095,0.135977640748024
156,3,64,54,0.3389686942100525,0.11867532879114151
156,3,64,55,0.3232026696205139,0.07844483852386475
156,3,64,56,0.6155743598937988,0.20478585362434387
156,3,64,57,0.26720917224884033,0.16395770013332367
156,3,64,58,0.5459457635879517,0.17771591246128082
156,3,64,59,0.40750065445899963,0.23682734370231628
156,3,64,60,0.34050145745277405,0.19051600992679596
156,3,64,61,0.5227000117301941,0.09086969494819641
156,3,64,62,0.6314716935157776,0.12236122041940689
156,3,64,63,0.530501127243042,0.19416938722133636
156,4,128,0,0.458740770816803,0.15634377300739288
156,4,128,1,0.4596823453903198,0.12854988873004913
156,4,128,2,0.3959773778915405,0.1572292596101761
156,4,128,3,0.587069034576416,0.2176392823457718
156,4,128,4,0.6221438646316528,0.20861633121967316
156,4,128,5,0.6991920471191406,0.09861968457698822
156,4,128,6,0.3907574415206909,0.2024882733821869
156,4,128,7,0.5446868538856506,0.10289798676967621
156,4,128,8,0.5617951154708862,0.10926196724176407
156,4,128,9,0.3771308660507202,0.14556218683719635
156,4,128,10,0.5033985376358032,0.23179678618907928
156,4,128,11,0.6083983778953552,0.21741195023059845
156,4,128,12,0.5536954998970032,0.08903077989816666
156,4,128,13,0.5607067942619324,0.13045762479305267
156,4,128,14,0.47180643677711487,0.12233716249465942
156,4,128,15,0.5570135116577148,0.15201130509376526
156,4,128,16,0.2634802758693695,0.1280939280986786
156,4,128,17,0.4032326340675354,0.10000140219926834
156,4,128,18,0.5250973701477051,0.1886957883834839
156,4,128,19,0.3635322153568268,0.17485930025577545
156,4,128,20,0.30191171169281006,0.162539541721344
156,4,128,21,0.45773375034332275,0.20724515616893768
156,4,128,22,0.5987330675125122,0.1501723974943161
156,4,128,23,0.594395637512207,0.05755934119224548
156,4,128,24,0.4593046307563782,0.1899319291114807
156,4,128,25,0.43444257974624634,0.11992907524108887
156,4,128,26,0.4157283902168274,0.1318308711051941
156,4,128,27,0.6733425855636597,0.10749570280313492
156,4,128,28,0.5270541310310364,0.10830242186784744
156,4,128,29,0.5367792844772339,0.24799802899360657
156,4,128,30,0.46027466654777527,0.12047198414802551
156,4,128,31,0.45950669050216675,0.2829510569572449
156,4,128,32,0.5985433459281921,0.14153985679149628
156,4,128,33,0.6126502752304077,0.19128842651844025
156,4,128,34,0.4430318772792816,0.14069904386997223
156,4,128,35,0.39435386657714844,0.1096997782588005
156,4,128,36,0.5856127142906189,0.13683313131332397
156,4,128,37,0.4337344467639923,0.06465846300125122
156,4,128,38,0.3794144093990326,0.09698035567998886
156,4,128,39,0.32190003991127014,0.14150361716747284
156,4,128,40,0.6564226746559143,0.20579488575458527
156,4,128,41,0.32011449337005615,0.1659938395023346
156,4,128,42,0.37786856293678284,0.11391258984804153
156,4,128,43,0.7664823532104492,0.1520332247018814
156,4,128,44,0.716500997543335,0.12260415405035019
156,4,128,45,0.7734998464584351,0.14668139815330505
156,4,128,46,0.5990976691246033,0.20590677857398987
156,4,128,47,0.544130265712738,0.1160224974155426
156,4,128,48,0.5163323283195496,0.2822016775608063
156,4,128,49,0.5194565057754517,0.18844328820705414
156,4,128,50,0.7469456791877747,0.19222863018512726
156,4,128,51,0.35927027463912964,0.24981844425201416
156,4,128,52,0.35369864106178284,0.10346244275569916
156,4,128,53,0.3565208315849304,0.14189092814922333
156,4,128,54,0.3162519335746765,0.1762266755104065
156,4,128,55,0.5422035455703735,0.08988989144563675
156,4,128,56,0.6193484663963318,0.10103099048137665
156,4,128,57,0.2997196912765503,0.08366982638835907
156,4,128,58,0.6098529696464539,0.1672326773405075
156,4,128,59,0.3697704076766968,0.12012623995542526
156,4,128,60,0.6494726538658142,0.16681724786758423
156,4,128,61,0.7347487807273865,0.1454525738954544
156,4,128,62,0.7373776435852051,0.1288466453552246
156,4,128,63,0.2568719685077667,0.19523818790912628
156,4,128,64,0.7125745415687561,0.17256790399551392
156,4,128,65,0.39200863242149353,0.1904752105474472
156,4,128,66,0.6025207042694092,0.1499633938074112
156,4,128,67,0.6963904500007629,0.11368328332901001
156,4,128,68,0.5448906421661377,0.10106369853019714
156,4,128,69,0.38965344429016113,0.14126692712306976
156,4,128,70,0.6237850189208984,0.15945452451705933
156,4,128,71,0.5235303044319153,0.12916363775730133
156,4,128,72,0.575491189956665,0.18761081993579865
156,4,128,73,0.5040008425712585,0.211225688457489
156,4,128,74,0.47112512588500977,0.1697334200143814
156,4,128,75,0.27867391705513,0.10426212102174759
156,4,128,76,0.607180118560791,0.15374056994915009
156,4,128,77,0.6514909267425537,0.15671317279338837
156,4,128,78,0.6195188164710999,0.17888039350509644
156,4,128,79,0.7007441520690918,0.1652679145336151
156,4,128,80,0.5689319968223572,0.21808648109436035
156,4,128,81,0.5924509167671204,0.14147619903087616
156,4,128,82,0.6383935213088989,0.14487703144550323
156,4,128,83,0.4993463456630707,0.17280854284763336
156,4,128,84,0.6233647465705872,0.08297811448574066
156,4,128,85,0.33387964963912964,0.1726628839969635
156,4,128,86,0.5018504858016968,0.08092822879552841
156,4,128,87,0.500613272190094,0.19618405401706696
156,4,128,88,0.724121630191803,0.21978724002838135
156,4,128,89,0.5128370523452759,0.11701179295778275
156,4,128,90,0.35805386304855347,0.06317762285470963
156,4,128,91,0.630658745765686,0.15525013208389282
156,4,128,92,0.5820663571357727,0.1482531726360321
156,4,128,93,0.41211846470832825,0.26836198568344116
156,4,128,94,0.47818419337272644,0.04331156611442566
156,4,128,95,0.7132240533828735,0.14407530426979065
156,4,128,96,0.6151684522628784,0.17071662843227386
156,4,128,97,0.5213998556137085,0.1593712568283081
156,4,128,98,0.4721824824810028,0.11039510369300842
156,4,128,99,0.5071209669113159,0.07475985586643219
156,4,128,100,0.7122567296028137,0.13571631908416748
156,4,128,101,0.5149638652801514,0.24833136796951294
156,4,128,102,0.5956599712371826,0.09274862706661224
156,4,128,103,0.48153164982795715,0.06042582541704178
156,4,128,104,0.755948543548584,0.15859124064445496
156,4,128,105,0.5643616318702698,0.11928534507751465
156,4,128,106,0.4800734519958496,0.18001919984817505
156,4,128,107,0.6299557089805603,0.16108617186546326
156,4,128,108,0.5076323747634888,0.2667945921421051
156,4,128,109,0.4797334671020508,0.23296038806438446
156,4,128,110,0.4720172584056854,0.12854039669036865
156,4,128,111,0.7102907299995422,0.15821805596351624
156,4,128,112,0.6583780646324158,0.17521287500858307
156,4,128,113,0.5168299674987793,0.16695065796375275
156,4,128,114,0.4870850741863251,0.20448718965053558
156,4,128,115,0.6245157718658447,0.11609445512294769
156,4,128,116,0.720850944519043,0.15678270161151886
156,4,128,117,0.38978493213653564,0.09497614204883575
156,4,128,118,0.637252151966095,0.17215390503406525
156,4,128,119,0.6635611057281494,0.19393357634544373
156,4,128,120,0.579927921295166,0.2288036048412323
156,4,128,121,0.5476576685905457,0.06590763479471207
156,4,128,122,0.38451915979385376,0.17683981359004974
156,4,128,123,0.7076697945594788,0.12082011252641678
156,4,128,124,0.5910296440124512,0.2239023894071579
156,4,128,125,0.6519535183906555,0.15683601796627045
156,4,128,126,0.5277523994445801,0.03933633863925934
156,4,128,127,0.6201304793357849,0.06386030465364456
156,5,128,0,0.5533846020698547,0.19174787402153015
156,5,128,1,0.586157500743866,0.04104162007570267
156,5,128,2,0.661828339099884,0.11325971782207489
156,5,128,3,0.5616994500160217,0.06433311104774475
156,5,128,4,0.6438273787498474,0.05928385630249977
156,5,128,5,0.6420362591743469,0.07385491579771042
156,5,128,6,0.5984876751899719,0.1580437272787094
156,5,128,7,0.4268956780433655,0.14297863841056824
156,5,128,8,0.5090375542640686,0.08376491814851761
156,5,128,9,0.5420646071434021,0.14270153641700745
156,5,128,10,0.5012938380241394,0.1023024320602417
156,5,128,11,0.6283941268920898,0.18223010003566742
156,5,128,12,0.5470442175865173,0.15121880173683167
156,5,128,13,0.5900479555130005,0.13834887742996216
156,5,128,14,0.6873151063919067,0.07682725787162781
156,5,128,15,0.5576391220092773,0.08552059531211853
156,5,128,16,0.6039978265762329,0.1767905354499817
156,5,128,17,0.46107932925224304,0.11369045823812485
156,5,128,18,0.6469519734382629,0.0991634726524353
156,5,128,19,0.5877307057380676,0.11229150742292404
156,5,128,20,0.555994987487793,0.11271577328443527
156,5,128,21,0.4212225377559662,0.1001693606376648
156,5,128,22,0.4104458689689636,0.13585525751113892
156,5,128,23,0.6562420725822449,0.12830691039562225
156,5,128,24,0.5462048649787903,0.06990418583154678
156,5,128,25,0.5069252848625183,0.08187201619148254
156,5,128,26,0.500707745552063,0.09063579142093658
156,5,128,27,0.591263473033905,0.10461027175188065
156,5,128,28,0.49429023265838623,0.10968578606843948
156,5,128,29,0.537261962890625,0.13902369141578674
156,5,128,30,0.6597867012023926,0.09064655005931854
156,5,128,31,0.68792325258255,0.14668232202529907
156,5,128,32,0.6231992244720459,0.08621971309185028
156,5,128,33,0.42592012882232666,0.14406463503837585
156,5,128,34,0.5024080872535706,0.09942005574703217
156,5,128,35,0.5816914439201355,0.11112717539072037
156,5,128,36,0.7203876972198486,0.14093589782714844
156,5,128,37,0.3495190441608429,0.1482745260000229
156,5,128,38,0.5616047382354736,0.12149956077337265
156,5,128,39,0.5582262277603149,0.0729539766907692
156,5,128,40,0.5528408885002136,0.1887102574110031
156,5,128,41,0.5144463181495667,0.039944376796483994
156,5,128,42,0.5931505560874939,0.17606471478939056
156,5,128,43,0.5373369455337524,0.1119525283575058
156,5,128,44,0.5301023721694946,0.1326095014810562
156,5,128,45,0.6093655228614807,0.11627492308616638
156,5,128,46,0.577571451663971,0.07462894171476364
156,5,128,47,0.569973349571228,0.13561420142650604
156,5,128,48,0.644608199596405,0.11757722496986389
156,5,128,49,0.5919110178947449,0.12596957385540009
156,5,128,50,0.6691358685493469,0.16344013810157776
156,5,128,51,0.6441091299057007,0.17076857388019562
156,5,128,52,0.637393057346344,0.15341082215309143
156,5,128,53,0.5337343811988831,0.02831227518618107
156,5,128,54,0.6414692997932434,0.17161709070205688
156,5,128,55,0.5714691281318665,0.13405771553516388
156,5,128,56,0.5242353677749634,0.0928376093506813
156,5,128,57,0.5170162916183472,0.15497824549674988
156,5,128,58,0.5111539959907532,0.08601825684309006
156,5,128,59,0.5896795392036438,0.09595482796430588
156,5,128,60,0.5453082919120789,0.18511728942394257
156,5,128,61,0.5674258470535278,0.054982755333185196
156,5,128,62,0.6737351417541504,0.1436387449502945
156,5,128,63,0.6170083284378052,0.1411256194114685
156,5,128,64,0.5730476975440979,0.06492999196052551
156,5,128,65,0.5739807486534119,0.17079608142375946
156,5,128,66,0.6118102073669434,0.1942293345928192
156,5,128,67,0.5505116581916809,0.11796189844608307
156,5,128,68,0.6267669200897217,0.1603013128042221
156,5,128,69,0.426232248544693,0.10202430188655853
156,5,128,70,0.5990786552429199,0.15265235304832458
156,5,128,71,0.5066711902618408,0.10921502858400345
156,5,128,72,0.6010144948959351,0.12424265593290329
156,5,128,73,0.6876667141914368,0.12832725048065186
156,5,128,74,0.37874114513397217,0.12653414905071259
156,5,128,75,0.5201989412307739,0.029527811333537102
156,5,128,76,0.6324278712272644,0.14098121225833893
156,5,128,77,0.5409089922904968,0.12815506756305695
156,5,128,78,0.4935089945793152,0.1405656933784485
156,5,128,79,0.6357102990150452,0.11474086344242096
156,5,128,80,0.4862261116504669,0.06163524463772774
156,5,128,81,0.5091978907585144,0.12725044786930084
156,5,128,82,0.565168023109436,0.19570454955101013
156,5,128,83,0.6544215679168701,0.12927588820457458
156,5,128,84,0.5321030020713806,0.0627099797129631
156,5,128,85,0.5237230062484741,0.13984891772270203
156,5,128,86,0.48066991567611694,0.08549437671899796
156,5,128,87,0.5617918372154236,0.1266098916530609
156,5,128,88,0.6513240337371826,0.13186503946781158
156,5,128,89,0.6584821343421936,0.17488451302051544
156,5,128,90,0.45930489897727966,0.0763324648141861
156,5,128,91,0.5727847814559937,0.0997210443019867
156,5,128,92,0.41447967290878296,0.12359435856342316
156,5,128,93,0.70864337682724,0.10232967138290405
156,5,128,94,0.617642879486084,0.10498872399330139
156,5,128,95,0.6030482649803162,0.13239362835884094
156,5,128,96,0.6427090167999268,0.1432764232158661
156,5,128,97,0.4933006167411804,0.09849876910448074
156,5,128,98,0.5149196982383728,0.12408444285392761
156,5,128,99,0.5587592124938965,0.10553295165300369
156,5,128,100,0.6351351737976074,0.11193012446165085
156,5,128,101,0.5908673405647278,0.19784659147262573
156,5,128,102,0.5585449934005737,0.17985567450523376
156,5,128,103,0.7064066529273987,0.12788085639476776
156,5,128,104,0.7386099100112915,0.13145330548286438
156,5,128,105,0.5960684418678284,0.12763479351997375
156,5,128,106,0.58437180519104,0.08703627437353134
156,5,128,107,0.6473471522331238,0.18851061165332794
156,5,128,108,0.48550042510032654,0.14801572263240814
156,5,128,109,0.42781153321266174,0.22759808599948883
156,5,128,110,0.537861704826355,0.12421797215938568
156,5,128,111,0.7285012006759644,0.12083175033330917
156,5,128,112,0.6865933537483215,0.14938324689865112
156,5,128,113,0.43917447328567505,0.11695058643817902
156,5,128,114,0.653125524520874,0.18277348577976227
156,5,128,115,0.6226076483726501,0.12084579467773438
156,5,128,116,0.7044393420219421,0.1529788374900818
156,5,128,117,0.44926828145980835,0.072795569896698
156,5,128,118,0.607212245464325,0.09091752767562866
156,5,128,119,0.6131904721260071,0.034812867641448975
156,5,128,120,0.7142325639724731,0.1094399020075798
156,5,128,121,0.6465213298797607,0.11345937103033066
156,5,128,122,0.49961644411087036,0.058385174721479416
156,5,128,123,0.4820558428764343,0.07195272296667099
156,5,128,124,0.6214170455932617,0.09624006599187851
156,5,128,125,0.5936006307601929,0.06624303758144379
156,5,128,126,0.48955488204956055,0.058486126363277435
156,5,128,127,0.5931273102760315,0.04983796551823616
185,0,32,0,0.3424096703529358,0.13605208694934845
185,0,32,1,0.3436230719089508,0.11762085556983948
185,0,32,2,0.40081384778022766,0.07906705141067505
185,0,32,3,0.3808186948299408,0.03703519329428673
185,0,32,4,0.43623170256614685,0.08348491042852402
185,0,32,5,0.4078719913959503,0.09267907589673996
185,0,32,6,0.401024729013443,0.16686905920505524
185,0,32,7,0.6454619765281677,0.11651469767093658
185,0,32,8,0.5126025080680847,0.06722939759492874
185,0,32,9,0.4495415985584259,0.07808726280927658
185,0,32,10,0.4973481297492981,0.09147386997938156
185,0,32,11,0.6058585047721863,0.06564097106456757
185,0,32,12,0.40899425745010376,0.11135627329349518
185,0,32,13,0.47277742624282837,0.12576650083065033
185,0,32,14,0.38523364067077637,0.06085842475295067
185,0,32,15,0.515246570110321,0.08531700819730759
185,0,32,16,0.3931034803390503,0.14197129011154175
185,0,32,17,0.6006253361701965,0.0655122771859169
185,0,32,18,0.6060782074928284,0.052340827882289886
185,0,32,19,0.6146064400672913,0.06064065545797348
185,0,32,20,0.5802870392799377,0.07916171103715897
185,0,32,21,0.4633059799671173,0.05567966029047966
185,0,32,22,0.5433167815208435,0.06077247112989426
185,0,32,23,0.4872324466705322,0.040821392089128494
185,0,32,24,0.5636054277420044,0.03671165183186531
185,0,32,25,0.5765126943588257,0.1110997274518013
185,0,32,26,0.46255046129226685,0.051525846123695374
185,0,32,27,0.5418579578399658,0.10191340744495392
185,0,32,28,0.38372835516929626,0.08785798400640488
185,0,32,29,0.7044055461883545,0.09226272255182266
185,0,32,30,0.557765007019043,0.09122081845998764
185,0,32,31,0.5762884020805359,0.09881111234426498
185,1,32,0,0.503189742565155,0.14204713702201843
185,1,32,1,0.6198557615280151,0.053360048681497574
185,1,32,2,0.6221047043800354,0.14147311449050903
185,1,32,3,0.48532766103744507,0.12824048101902008
185,1,32,4,0.3315797448158264,0.11563508212566376
185,1,32,5,0.42333516478538513,0.13339747488498688
185,1,32,6,0.4264131188392639,0.16990675032138824
185,1,32,7,0.4770856499671936,0.1459357738494873
185,1,32,8,0.38759809732437134,0.1415756344795227
185,1,32,9,0.5125516057014465,0.15334182977676392
185,1,32,10,0.5270478129386902,0.04976002126932144
185,1,32,11,0.5221527814865112,0.10026044398546219
185,1,32,12,0.5651882290840149,0.10314437747001648
185,1,32,13,0.5195809602737427,0.08369112014770508
185,1,32,14,0.4041304886341095,0.20300768315792084
185,1,32,15,0.39457497000694275,0.09520253539085388
185,1,32,16,0.5033928751945496,0.16091886162757874
185,1,32,17,0.46483510732650757,0.0924983024597168
185,1,32,18,0.5122014284133911,0.0879516527056694
185,1,32,19,0.54062420129776,0.11771207302808762
185,1,32,20,0.5081133246421814,0.21816347539424896
185,1,32,21,0.49556660652160645,0.1835460364818573
185,1,32,22,0.3045527935028076,0.11145445704460144
185,1,32,23,0.607344925403595,0.11954625695943832
185,1,32,24,0.7268921732902527,0.09258171916007996
185,1,32,25,0.4327148199081421,0.07065880298614502
185,1,32,26,0.4927532970905304,0.17592164874076843
185,1,32,27,0.38546809554100037,0.09354246407747269
185,1,32,28,0.4136437177658081,0.18370939791202545
185,1,32,29,0.39281144738197327,0.17219354212284088
185,1,32,30,0.5284628868103027,0.07741188257932663
185,1,32,31,0.6738165020942688,0.12203002721071243
185,2,64,0,0.5758691430091858,0.2896416187286377
185,2,64,1,0.49556076526641846,0.27187034487724304
185,2,64,2,0.3986758887767792,0.25001826882362366
185,2,64,3,0.5861722230911255,0.06550754606723785
185,2,64,4,0.6335662603378296,0.09029293060302734
185,2,64,5,0.49769532680511475,0.08830098062753677
185,2,64,6,0.46709755063056946,0.144240140914917
185,2,64,7,0.4854450225830078,0.07400743663311005
185,2,64,8,0.5055574178695679,0.1740802526473999
185,2,64,9,0.5479257106781006,0.2551705837249756
185,2,64,10,0.5373440384864807,0.18751220405101776
185,2,64,11,0.4092038869857788,0.1366739720106125
185,2,64,12,0.5313026905059814,0.12112142145633698
185,2,64,13,0.5292432904243469,0.06202050298452377
185,2,64,14,0.6166232824325562,0.16981452703475952
185,2,64,15,0.5221692323684692,0.2011329084634781
185,2,64,16,0.5638831257820129,0.12394170463085175
185,2,64,17,0.3236542046070099,0.14240707457065582
185,2,64,18,0.5183337926864624,0.18682406842708588
185,2,64,19,0.36145609617233276,0.1379009187221527
185,2,64,20,0.6328741312026978,0.15030790865421295
185,2,64,21,0.441295862197876,0.20742589235305786
185,2,64,22,0.395831823348999,0.2376900166273117
185,2,64,23,0.5469993352890015,0.13248679041862488
185,2,64,24,0.38640275597572327,0.1075449213385582
185,2,64,25,0.5723667740821838,0.13777633011341095
185,2,64,26,0.4526878297328949,0.14524908363819122
185,2,64,27,0.5944840908050537,0.09206365048885345
185,2,64,28,0.3774402439594269,0.08267419785261154
185,2,64,29,0.602219820022583,0.09103818982839584
185,2,64,30,0.6116748452186584,0.16230519115924835
185,2,64,31,0.4452327489852905,0.15802760422229767
185,2,64,32,0.5943015217781067,0.11419935524463654
185,2,64,33,0.3943790793418884,0.14250677824020386
185,2,64,34,0.44289299845695496,0.046382494270801544
185,2,64,35,0.5157100558280945,0.12877671420574188
185,2,64,36,0.43611595034599304,0.20931260287761688
185,2,64,37,0.53951096534729,0.21765027940273285
185,2,64,38,0.345255047082901,0.18464116752147675
185,2,64,39,0.6292769908905029,0.05515269562602043
185,2,64,40,0.4677779972553253,0.13273371756076813
185,2,64,41,0.5369619131088257,0.15496499836444855
185,2,64,42,0.3401833176612854,0.1177048608660698
185,2,64,43,0.3638160228729248,0.07541722804307938
185,2,64,44,0.40446436405181885,0.1991153359413147
185,2,64,45,0.6273085474967957,0.15183886885643005
185,2,64,46,0.47613000869750977,0.13088063895702362
185,2,64,47,0.49180182814598083,0.029839573428034782
185,2,64,48,0.5492865443229675,0.1612025797367096
185,2,64,49,0.47101184725761414,0.14150503277778625
185,2,64,50,0.5805059671401978,0.16086935997009277
185,2,64,51,0.3459894061088562,0.07622300088405609
185,2,64,52,0.5857967138290405,0.10323493182659149
185,2,64,53,0.3014259934425354,0.09735815972089767
185,2,64,54,0.47024834156036377,0.10700573027133942
185,2,64,55,0.5567526817321777,0.14948265254497528
185,2,64,56,0.46611496806144714,0.14816303551197052
185,2,64,57,0.4883374869823456,0.14131438732147217
185,2,64,58,0.6092000603675842,0.151646688580513
185,2,64,59,0.40544867515563965,0.11628252267837524
185,2,64,60,0.42297691106796265,0.15031003952026367
185,2,64,61,0.5074390769004822,0.15453533828258514
185,2,64,62,0.4167751669883728,0.19997304677963257
185,2,64,63,0.4582850933074951,0.09948252141475677
185,3,64,0,0.6211174726486206,0.0865858793258667
185,3,64,1,0.5966311693191528,0.13312233984470367
185,3,64,2,0.5933701992034912,0.13143636286258698
185,3,64,3,0.4747007489204407,0.19610360264778137
185,3,64,4,0.7051984667778015,0.13246096670627594
185,3,64,5,0.5847602486610413,0.14692291617393494
185,3,64,6,0.4095440208911896,0.21310341358184814
185,3,64,7,0.35743215680122375,0.16074404120445251
185,3,64,8,0.5922856330871582,0.09256412088871002
185,3,64,9,0.5373591184616089,0.1276664137840271
185,3,64,10,0.4398784935474396,0.20313744246959686
185,3,64,11,0.5864254236221313,0.15120497345924377
185,3,64,12,0.4276106059551239,0.0982377678155899
185,3,64,13,0.4735459089279175,0.2275833785533905
185,3,64,14,0.6063851714134216,0.06664805114269257
185,3,64,15,0.44772428274154663,0.1661645472049713
185,3,64,16,0.42783573269844055,0.07978525012731552
185,3,64,17,0.4536929726600647,0.04595969617366791
185,3,64,18,0.39517942070961,0.23967793583869934
185,3,64,19,0.5205159187316895,0.09874489158391953
185,3,64,20,0.6010564565658569,0.05396438017487526
185,3,64,21,0.5503086447715759,0.1713312715291977
185,3,64,22,0.5174016952514648,0.20015114545822144
185,3,64,23,0.3943708837032318,0.14415821433067322
185,3,64,24,0.4025406539440155,0.11166348308324814
185,3,64,25,0.322749525308609,0.13085581362247467
185,3,64,26,0.6067581176757812,0.18461892008781433
185,3,64,27,0.5131512880325317,0.1484634429216385
185,3,64,28,0.3647077977657318,0.14270637929439545
185,3,64,29,0.3337898254394531,0.11496201902627945
185,3,64,30,0.5732707977294922,0.13702292740345
185,3,64,31,0.39716339111328125,0.2503646910190582
185,3,64,32,0.5228311419487,0.11429204791784286
185,3,64,33,0.5683643221855164,0.226610466837883
185,3,64,34,0.36756712198257446,0.08243163675069809
185,3,64,35,0.5374800562858582,0.18896380066871643
185,3,64,36,0.51969975233078,0.15360276401042938
185,3,64,37,0.5615432858467102,0.190992534160614
185,3,64,38,0.3514719307422638,0.1087697446346283
185,3,64,39,0.5203945636749268,0.1322050392627716
185,3,64,40,0.4631147086620331,0.09521251171827316
185,3,64,41,0.7123920917510986,0.09091449528932571
185,3,64,42,0.5010663866996765,0.30043283104896545
185,3,64,43,0.26557138562202454,0.11020830273628235
185,3,64,44,0.4816722273826599,0.24800294637680054
185,3,64,45,0.6365509629249573,0.16315105557441711
185,3,64,46,0.31878405809402466,0.12116320431232452
185,3,64,47,0.5388933420181274,0.18690362572669983
185,3,64,48,0.5576249957084656,0.25340735912323
185,3,64,49,0.329536497592926,0.1403084099292755
185,3,64,50,0.3798978328704834,0.15238553285598755
185,3,64,51,0.4033640921115875,0.1873578578233719
185,3,64,52,0.6304441094398499,0.18989551067352295
185,3,64,53,0.37617212533950806,0.13159438967704773
185,3,64,54,0.45568281412124634,0.23489275574684143
185,3,64,55,0.3324250876903534,0.11300919204950333
185,3,64,56,0.4733016788959503,0.22702543437480927
185,3,64,57,0.6183367371559143,0.19926616549491882
185,3,64,58,0.4742187261581421,0.2196434587240219
185,3,64,59,0.4617028534412384,0.18705002963542938
185,3,64,60,0.4240122437477112,0.06320038437843323
185,3,64,61,0.5105552077293396,0.12482330948114395
185,3,64,62,0.6064521074295044,0.05890519171953201
185,3,64,63,0.43164411187171936,0.30461955070495605
185,4,128,0,0.653785765171051,0.2763327360153198
185,4,128,1,0.5030685067176819,0.13472920656204224
185,4,128,2,0.5364973545074463,0.13225428760051727
185,4,128,3,0.4752771556377411,0.18258588016033173
185,4,128,4,0.6782488226890564,0.19142508506774902
185,4,128,5,0.37338003516197205,0.11832525581121445
185,4,128,6,0.4209540784358978,0.2102525234222412
185,4,128,7,0.4558631181716919,0.19938279688358307
185,4,128,8,0.4920661747455597,0.2751048505306244
185,4,128,9,0.47881680727005005,0.15969409048557281
185,4,128,10,0.5301303863525391,0.12813769280910492
185,4,128,11,0.535558819770813,0.15040487051010132
185,4,128,12,0.6979144811630249,0.14896327257156372
185,4,128,13,0.6787804365158081,0.1536785215139389
185,4,128,14,0.6214842796325684,0.27468785643577576
185,4,128,15,0.45823824405670166,0.2710244655609131
185,4,128,16,0.48750415444374084,0.13358858227729797
185,4,128,17,0.6987032294273376,0.22310398519039154
185,4,128,18,0.6671281456947327,0.2018951028585434
185,4,128,19,0.5172322392463684,0.2540806829929352
185,4,128,20,0.6479836106300354,0.25754088163375854
185,4,128,21,0.6606680750846863,0.133601114153862
185,4,128,22,0.635762631893158,0.11255180090665817
185,4,128,23,0.6001885533332825,0.09231549501419067
185,4,128,24,0.3624749779701233,0.2717503607273102
185,4,128,25,0.4205020070075989,0.20889580249786377
185,4,128,26,0.6099798083305359,0.25986528396606445
185,4,128,27,0.7050248980522156,0.15723031759262085
185,4,128,28,0.6713403463363647,0.12805742025375366
185,4,128,29,0.49987250566482544,0.18623103201389313
185,4,128,30,0.6610150933265686,0.1441217064857483
185,4,128,31,0.5612474679946899,0.16659387946128845
185,4,128,32,0.36725667119026184,0.18129166960716248
185,4,128,33,0.523474931716919,0.21368415653705597
185,4,128,34,0.5163092017173767,0.1020985022187233
185,4,128,35,0.47137683629989624,0.14397867023944855
185,4,128,36,0.48110368847846985,0.07310673594474792
185,4,128,37,0.5324063301086426,0.1094660609960556
185,4,128,38,0.34563127160072327,0.2443636804819107
185,4,128,39,0.5769393444061279,0.14106664061546326
185,4,128,40,0.544273853302002,0.26010775566101074
185,4,128,41,0.5349017381668091,0.16380944848060608
185,4,128,42,0.3774302303791046,0.13608044385910034
185,4,128,43,0.5176329016685486,0.19061382114887238
185,4,128,44,0.6710482835769653,0.12999200820922852
185,4,128,45,0.612773060798645,0.2723432779312134
185,4,128,46,0.6305094957351685,0.13265597820281982
185,4,128,47,0.4077302813529968,0.146827831864357
185,4,128,48,0.5269430875778198,0.18042978644371033
185,4,128,49,0.6076494455337524,0.18840749561786652
185,4,128,50,0.6062748432159424,0.22771859169006348
185,4,128,51,0.6348414421081543,0.22360989451408386
185,4,128,52,0.5405531525611877,0.11997154355049133
185,4,128,53,0.54798823595047,0.10295791923999786
185,4,128,54,0.3619452714920044,0.18920838832855225
185,4,128,55,0.43819355964660645,0.2101007103919983
185,4,128,56,0.5196650624275208,0.19052185118198395
185,4,128,57,0.719677209854126,0.2629871964454651
185,4,128,58,0.5930650234222412,0.1429663747549057
185,4,128,59,0.4809584319591522,0.19738996028900146
185,4,128,60,0.47802630066871643,0.12671096622943878
185,4,128,61,0.6845677495002747,0.07642008364200592
185,4,128,62,0.6177200078964233,0.2248491793870926
185,4,128,63,0.47986769676208496,0.19559453427791595
185,4,128,64,0.560688853263855,0.24115438759326935
185,4,128,65,0.5976672768592834,0.20841455459594727
185,4,128,66,0.3197060525417328,0.10265122354030609
185,4,128,67,0.565280020236969,0.14286470413208008
185,4,128,68,0.4708738327026367,0.23690441250801086
185,4,128,69,0.4051719903945923,0.19495761394500732
185,4,128,70,0.7507778406143188,0.09286247193813324
185,4,128,71,0.5426691770553589,0.20843873918056488
185,4,128,72,0.49113398790359497,0.20097894966602325
185,4,128,73,0.47219201922416687,0.159018412232399
185,4,128,74,0.6095994114875793,0.13958026468753815
185,4,128,75,0.462631493806839,0.2523616850376129
185,4,128,76,0.48011261224746704,0.1471577286720276
185,4,128,77,0.4651651084423065,0.19673225283622742
185,4,128,78,0.6095913052558899,0.1789456605911255
185,4,128,79,0.49111464619636536,0.2563141882419586
185,4,128,80,0.6165626049041748,0.24255192279815674
185,4,128,81,0.6679746508598328,0.12758338451385498
185,4,128,82,0.5589559078216553,0.1700025349855423
185,4,128,83,0.6021149754524231,0.06777935475111008
185,4,128,84,0.6770672798156738,0.14665758609771729
185,4,128,85,0.47469884157180786,0.1170245110988617
185,4,128,86,0.5485290288925171,0.18957093358039856
185,4,128,87,0.5277746915817261,0.22993333637714386
185,4,128,88,0.5223222970962524,0.21326524019241333
185,4,128,89,0.49302181601524353,0.20051607489585876
185,4,128,90,0.4515356123447418,0.20607180893421173
185,4,128,91,0.3365207612514496,0.1990981549024582
185,4,128,92,0.5907795429229736,0.24228495359420776
185,4,128,93,0.5886218547821045,0.2983051836490631
185,4,128,94,0.597987174987793,0.23389314115047455
185,4,128,95,0.49784526228904724,0.15492776036262512
185,4,128,96,0.5903491377830505,0.18473315238952637
185,4,128,97,0.43211424350738525,0.20050767064094543
185,4,128,98,0.5792956352233887,0.14549480378627777
185,4,128,99,0.5061039924621582,0.12542004883289337
185,4,128,100,0.5172275900840759,0.2611088454723358
185,4,128,101,0.684711754322052,0.12338012456893921
185,4,128,102,0.5691059827804565,0.2818356454372406
185,4,128,103,0.5672801733016968,0.13025039434432983
185,4,128,104,0.6157586574554443,0.1195475235581398
185,4,128,105,0.4971538782119751,0.11475475877523422
185,4,128,106,0.434261292219162,0.17540788650512695
185,4,128,107,0.5295877456665039,0.11508601903915405
185,4,128,108,0.6599429845809937,0.3079128563404083
185,4,128,109,0.4857338070869446,0.08605581521987915
185,4,128,110,0.6426169872283936,0.3022843301296234
185,4,128,111,0.4805765151977539,0.21609501540660858
185,4,128,112,0.4990755021572113,0.1714501529932022
185,4,128,113,0.5897558927536011,0.2136794775724411
185,4,128,114,0.5018055438995361,0.11167768388986588
185,4,128,115,0.5718566179275513,0.09912201017141342
185,4,128,116,0.5903834700584412,0.2241980880498886
185,4,128,117,0.4709714651107788,0.06610212475061417
185,4,128,118,0.6422169208526611,0.2638951241970062
185,4,128,119,0.6497189998626709,0.1739923357963562
185,4,128,120,0.41883084177970886,0.2688862681388855
185,4,128,121,0.6259281635284424,0.09059566259384155
185,4,128,122,0.7050696015357971,0.21583645045757294
185,4,128,123,0.5891541838645935,0.13211435079574585
185,4,128,124,0.3881969451904297,0.1772068589925766
185,4,128,125,0.39081382751464844,0.23723243176937103
185,4,128,126,0.28026053309440613,0.089518241584301
185,4,128,127,0.4038967192173004,0.21858838200569153
185,5,128,0,0.5857897400856018,0.14524415135383606
185,5,128,1,0.8498742580413818,0.09083012491464615
185,5,128,2,0.5848315954208374,0.2513522207736969
185,5,128,3,0.7179397940635681,0.18810148537158966
185,5,128,4,0.5440893769264221,0.20078244805335999
185,5,128,5,0.578870415687561,0.16434824466705322
185,5,128,6,0.6234427690505981,0.15468299388885498
185,5,128,7,0.8384737968444824,0.08067234605550766
185,5,128,8,0.3833625316619873,0.2011428326368332
185,5,128,9,0.6992460489273071,0.1684465855360031
185,5,128,10,0.7140395045280457,0.14614614844322205
185,5,128,11,0.5403741598129272,0.14596396684646606
185,5,128,12,0.7267528176307678,0.10322114825248718
185,5,128,13,0.6895425319671631,0.15785343945026398
185,5,128,14,0.6960083246231079,0.21736887097358704
185,5,128,15,0.7018077969551086,0.12399789690971375
185,5,128,16,0.6288508176803589,0.2484673410654068
185,5,128,17,0.8376120328903198,0.09413284808397293
185,5,128,18,0.6759021878242493,0.18068161606788635
185,5,128,19,0.6697947382926941,0.16024534404277802
185,5,128,20,0.8224496841430664,0.12069420516490936
185,5,128,21,0.6133521199226379,0.15868431329727173
185,5,128,22,0.6859118938446045,0.13052737712860107
185,5,128,23,0.6471826434135437,0.2573087811470032
185,5,128,24,0.5589907169342041,0.17221729457378387
185,5,128,25,0.5762457251548767,0.23734436929225922
185,5,128,26,0.728760838508606,0.18974599242210388
185,5,128,27,0.8047863841056824,0.13877883553504944
185,5,128,28,0.7262710332870483,0.08232345432043076
185,5,128,29,0.541366696357727,0.20554426312446594
185,5,128,30,0.5600013732910156,0.171368807554245
185,5,128,31,0.6237508058547974,0.22937381267547607
185,5,128,32,0.6938679218292236,0.11832509934902191
185,5,128,33,0.6244332790374756,0.23584683239459991
185,5,128,34,0.5309264659881592,0.17446863651275635
185,5,128,35,0.5681086778640747,0.19631806015968323
185,5,128,36,0.4919365644454956,0.22543226182460785
185,5,128,37,0.5111774206161499,0.16987352073192596
185,5,128,38,0.3749341368675232,0.12035966664552689
185,5,128,39,0.6110638380050659,0.09461287409067154
185,5,128,40,0.7691278457641602,0.12659871578216553
185,5,128,41,0.6813827753067017,0.09936632961034775
185,5,128,42,0.5350872278213501,0.23095862567424774
185,5,128,43,0.7670981884002686,0.11366259306669235
185,5,128,44,0.4190080165863037,0.2532970905303955
185,5,128,45,0.7803114652633667,0.12344830483198166
185,5,128,46,0.7560049295425415,0.08819787204265594
185,5,128,47,0.5212787985801697,0.17746201157569885
185,5,128,48,0.39345210790634155,0.1986563503742218
185,5,128,49,0.40982791781425476,0.2240009754896164
185,5,128,50,0.5150932669639587,0.22991180419921875
185,5,128,51,0.8318206667900085,0.127017542719841
185,5,128,52,0.6133100390434265,0.12022672593593597
185,5,128,53,0.7154104113578796,0.16132794320583344
185,5,128,54,0.41216596961021423,0.17050425708293915
185,5,128,55,0.6221126317977905,0.171000674366951
185,5,128,56,0.7812395691871643,0.12883584201335907
185,5,128,57,0.7168807983398438,0.13885162770748138
185,5,128,58,0.6584344506263733,0.07526528090238571
185,5,128,59,0.4313317835330963,0.2266242802143097
185,5,128,60,0.4919254183769226,0.22034113109111786
185,5,128,61,0.5982739329338074,0.21283261477947235
185,5,128,62,0.8026877045631409,0.11704444885253906
185,5,128,63,0.5801299214363098,0.20515349507331848
185,5,128,64,0.6812796592712402,0.18591298162937164
185,5,128,65,0.7034116983413696,0.1263093799352646
185,5,128,66,0.4457676410675049,0.13772889971733093
185,5,128,67,0.7833618521690369,0.09795834124088287
185,5,128,68,0.7711201310157776,0.120699442923069
185,5,128,69,0.6447257399559021,0.1453750729560852
185,5,128,70,0.5919033288955688,0.12418034672737122
185,5,128,71,0.6083210706710815,0.2231457382440567
185,5,128,72,0.6007610559463501,0.15905439853668213
185,5,128,73,0.4308811128139496,0.1234331727027893
185,5,128,74,0.5970752239227295,0.16378672420978546
185,5,128,75,0.7508093118667603,0.1140124574303627
185,5,128,76,0.5071998238563538,0.2389349341392517
185,5,128,77,0.5308260321617126,0.21473681926727295
185,5,128,78,0.7752665877342224,0.11012060195207596
185,5,128,79,0.7584083080291748,0.15163569152355194
185,5,128,80,0.6176113486289978,0.18034949898719788
185,5,128,81,0.803683340549469,0.10257996618747711
185,5,128,82,0.696080207824707,0.12072470784187317
185,5,128,83,0.43471992015838623,0.16219471395015717
185,5,128,84,0.677458643913269,0.12899728119373322
185,5,128,85,0.6479270458221436,0.2458021193742752
185,5,128,86,0.6288611888885498,0.0971817821264267
185,5,128,87,0.7255891561508179,0.1646631360054016
185,5,128,88,0.6245549321174622,0.23056544363498688
185,5,128,89,0.6996269226074219,0.09006090462207794
185,5,128,90,0.5445008873939514,0.22487793862819672
185,5,128,91,0.5833950638771057,0.14463496208190918
185,5,128,92,0.7339594960212708,0.19953757524490356
185,5,128,93,0.7671688199043274,0.14554890990257263
185,5,128,94,0.6623032689094543,0.12265629321336746
185,5,128,95,0.5408002734184265,0.21839864552021027
185,5,128,96,0.7399981617927551,0.15272556245326996
185,5,128,97,0.7505855560302734,0.14785663783550262
185,5,128,98,0.7755936980247498,0.14200834929943085
185,5,128,99,0.8223541975021362,0.11433038860559464
185,5,128,100,0.4094337224960327,0.1406642198562622
185,5,128,101,0.6913754343986511,0.10631635040044785
185,5,128,102,0.5105750560760498,0.12725788354873657
185,5,128,103,0.7197551727294922,0.13735638558864594
185,5,128,104,0.6706061959266663,0.17975643277168274
185,5,128,105,0.6312770843505859,0.12274880707263947
185,5,128,106,0.5413278937339783,0.21691541373729706
185,5,128,107,0.6347610950469971,0.14876814186573029
185,5,128,108,0.7513478398323059,0.12953920662403107
185,5,128,109,0.722997784614563,0.13442611694335938
185,5,128,110,0.7730222940444946,0.13800112903118134
185,5,128,111,0.3570128083229065,0.1751662790775299
185,5,128,112,0.5402342081069946,0.1454937756061554
185,5,128,113,0.7443420886993408,0.08077425509691238
185,5,128,114,0.6181398034095764,0.1748163253068924
185,5,128,115,0.4461445212364197,0.10915303230285645
185,5,128,116,0.7546449899673462,0.14393320679664612
185,5,128,117,0.8124208450317383,0.10913015902042389
185,5,128,118,0.7344399690628052,0.19872784614562988
185,5,128,119,0.517170250415802,0.2299080342054367
185,5,128,120,0.6908357739448547,0.12086350470781326
185,5,128,121,0.6408137083053589,0.12863406538963318
185,5,128,122,0.6846684217453003,0.28193584084510803
185,5,128,123,0.5903560519218445,0.18866793811321259
185,5,128,124,0.44316989183425903,0.14777347445487976
185,5,128,125,0.5263146162033081,0.2531336545944214
185,5,128,126,0.5391525626182556,0.21815410256385803
185,5,128,127,0.6556746363639832,0.1677916795015335
186,0,32,0,0.4588189423084259,0.07588331401348114
186,0,32,1,0.6191636323928833,0.11602289229631424
186,0,32,2,0.5966958403587341,0.07596220821142197
186,0,32,3,0.4902554452419281,0.07991841435432434
186,0,32,4,0.3861147165298462,0.07873612642288208
186,0,32,5,0.7129106521606445,0.07548810541629791
186,0,32,6,0.5373015403747559,0.0971578061580658
186,0,32,7,0.4338783919811249,0.06286768615245819
186,0,32,8,0.5829561352729797,0.11812792718410492
186,0,32,9,0.48236358165740967,0.04961278662085533
186,0,32,10,0.5118739008903503,0.1092413142323494
186,0,32,11,0.4009711444377899,0.07810388505458832
186,0,32,12,0.4413284361362457,0.04265018180012703
186,0,32,13,0.45924386382102966,0.14249159395694733
186,0,32,14,0.5814844965934753,0.12907274067401886
186,0,32,15,0.5066023468971252,0.11940097063779831
186,0,32,16,0.5316725969314575,0.08887136727571487
186,0,32,17,0.6477319598197937,0.08424434065818787
186,0,32,18,0.5325074195861816,0.11563336849212646
186,0,32,19,0.5690177083015442,0.03979010134935379
186,0,32,20,0.2764587998390198,0.11638972908258438
186,0,32,21,0.64378821849823,0.08292344957590103
186,0,32,22,0.5482442378997803,0.08341650664806366
186,0,32,23,0.39216992259025574,0.0478469654917717
186,0,32,24,0.5614011883735657,0.13399261236190796
186,0,32,25,0.634409487247467,0.07588198781013489
186,0,32,26,0.39927875995635986,0.07844867557287216
186,0,32,27,0.40615639090538025,0.09648939222097397
186,0,32,28,0.5516383051872253,0.09527365118265152
186,0,32,29,0.5702899694442749,0.13768784701824188
186,0,32,30,0.5720592737197876,0.051836296916007996
186,0,32,31,0.5223503112792969,0.06734617054462433
186,1,32,0,0.5931033492088318,0.06178336217999458
186,1,32,1,0.5840802192687988,0.14794126152992249
186,1,32,2,0.42442476749420166,0.08252687007188797
186,1,32,3,0.5465035438537598,0.047421835362911224
186,1,32,4,0.4611333906650543,0.13131314516067505
186,1,32,5,0.37989702820777893,0.032573625445365906
186,1,32,6,0.5620355606079102,0.16159020364284515
186,1,32,7,0.4942510724067688,0.07853823155164719
186,1,32,8,0.514785647392273,0.07129574567079544
186,1,32,9,0.48224201798439026,0.08865424990653992
186,1,32,10,0.3861374258995056,0.07929857075214386
186,1,32,11,0.5906206965446472,0.049798253923654556
186,1,32,12,0.6066696643829346,0.11650530993938446
186,1,32,13,0.5797919034957886,0.05704271420836449
186,1,32,14,0.3326570987701416,0.11900884658098221
186,1,32,15,0.39232319593429565,0.13343508541584015
186,1,32,16,0.4251056909561157,0.08125059306621552
186,1,32,17,0.4047130048274994,0.1438806653022766
186,1,32,18,0.47597768902778625,0.15869970619678497
186,1,32,19,0.6752339601516724,0.0512869656085968
186,1,32,20,0.6433612704277039,0.07787402719259262
186,1,32,21,0.4222143590450287,0.1516438126564026
186,1,32,22,0.473206490278244,0.09467152506113052
186,1,32,23,0.49087294936180115,0.07245094329118729
186,1,32,24,0.4758245050907135,0.08831387758255005
186,1,32,25,0.38733169436454773,0.11165960133075714
186,1,32,26,0.4365321099758148,0.09653986990451813
186,1,32,27,0.40709900856018066,0.04334305226802826
186,1,32,28,0.5933334231376648,0.06309361010789871
186,1,32,29,0.43701472878456116,0.1518525779247284
186,1,32,30,0.49560242891311646,0.040356289595365524
186,1,32,31,0.542048454284668,0.09190864861011505
186,2,64,0,0.5753633379936218,0.2077532857656479
186,2,64,1,0.4537482261657715,0.05824200063943863
186,2,64,2,0.5588823556900024,0.21546682715415955
186,2,64,3,0.4460512697696686,0.19513322412967682
186,2,64,4,0.5709032416343689,0.16398563981056213
186,2,64,5,0.4325951933860779,0.13976193964481354
186,2,64,6,0.5377185344696045,0.14869335293769836
186,2,64,7,0.5504603981971741,0.11595813184976578
186,2,64,8,0.670814573764801,0.07316944748163223
186,2,64,9,0.4317548871040344,0.1301569938659668
186,2,64,10,0.6620699763298035,0.11803280562162399
186,2,64,11,0.49236270785331726,0.19273008406162262
186,2,64,12,0.5326921343803406,0.12693125009536743
186,2,64,13,0.368630051612854,0.1871051788330078
186,2,64,14,0.41846591234207153,0.15616075694561005
186,2,64,15,0.4045772850513458,0.22135509550571442
186,2,64,16,0.5434145331382751,0.12508876621723175
186,2,64,17,0.4535348415374756,0.21786008775234222
186,2,64,18,0.38720712065696716,0.09747029840946198
186,2,64,19,0.5795294642448425,0.13277825713157654
186,2,64,20,0.47613924741744995,0.08290499448776245
186,2,64,21,0.6207079887390137,0.1543254554271698
186,2,64,22,0.4100310802459717,0.14721758663654327
186,2,64,23,0.5467932820320129,0.19327658414840698
186,2,64,24,0.5180636048316956,0.1019321084022522
186,2,64,25,0.5602227449417114,0.05844876915216446
186,2,64,26,0.5363940000534058,0.15850670635700226
186,2,64,27,0.39793917536735535,0.1273455172777176
186,2,64,28,0.41825559735298157,0.15190759301185608
186,2,64,29,0.5397668480873108,0.0992455929517746
186,2,64,30,0.5459294319152832,0.15756288170814514
186,2,64,31,0.4831654727458954,0.12807659804821014
186,2,64,32,0.4486095607280731,0.12099451571702957
186,2,64,33,0.6859258413314819,0.06604552268981934
186,2,64,34,0.45369160175323486,0.14139124751091003
186,2,64,35,0.5140955448150635,0.06106853857636452
186,2,64,36,0.4772726893424988,0.07374996691942215
186,2,64,37,0.5179006457328796,0.15455488860607147
186,2,64,38,0.452411949634552,0.06842077523469925
186,2,64,39,0.6089452505111694,0.19495239853858948
186,2,64,40,0.5806949734687805,0.1473608911037445
186,2,64,41,0.38609403371810913,0.09365272521972656
186,2,64,42,0.41996175050735474,0.04902545362710953
186,2,64,43,0.39165109395980835,0.10214535892009735
186,2,64,44,0.5968769192695618,0.09589237719774246
186,2,64,45,0.4833962619304657,0.08456865698099136
186,2,64,46,0.47858402132987976,0.1443413347005844
186,2,64,47,0.5460990071296692,0.14682406187057495
186,2,64,48,0.618665337562561,0.11517384648323059
186,2,64,49,0.4285861849784851,0.12356111407279968
186,2,64,50,0.529297411441803,0.13283771276474
186,2,64,51,0.4441395103931427,0.16010384261608124
186,2,64,52,0.5513962507247925,0.23102836310863495
186,2,64,53,0.37499701976776123,0.19308890402317047
186,2,64,54,0.45145025849342346,0.1279287338256836
186,2,64,55,0.4713670611381531,0.2214934080839157
186,2,64,56,0.5096167922019958,0.197918102145195
186,2,64,57,0.46132948994636536,0.1386314034461975
186,2,64,58,0.5440556406974792,0.21112841367721558
186,2,64,59,0.4815135896205902,0.09458020329475403
186,2,64,60,0.5307048559188843,0.09910978376865387
186,2,64,61,0.5859665870666504,0.10023826360702515
186,2,64,62,0.4146990478038788,0.13779933750629425
186,2,64,63,0.5090256333351135,0.16931883990764618
186,3,64,0,0.44541993737220764,0.13755863904953003
186,3,64,1,0.4495409429073334,0.23431938886642456
186,3,64,2,0.5344088077545166,0.09011637419462204
186,3,64,3,0.5300166606903076,0.1682075709104538
186,3,64,4,0.49444568157196045,0.14099366962909698
186,3,64,5,0.5039669871330261,0.2236613780260086
186,3,64,6,0.460602730512619,0.07462961226701736
186,3,64,7,0.48675015568733215,0.19587861001491547
186,3,64,8,0.5566070675849915,0.2170761525630951
186,3,64,9,0.4866960346698761,0.12803857028484344
186,3,64,10,0.4422522783279419,0.21249325573444366
186,3,64,11,0.5102782249450684,0.22728770971298218
186,3,64,12,0.40546441078186035,0.14170502126216888
186,3,64,13,0.5413053631782532,0.23685303330421448
186,3,64,14,0.6237492561340332,0.0864688828587532
186,3,64,15,0.5466020107269287,0.12160519510507584
186,3,64,16,0.4026806652545929,0.1602374166250229
186,3,64,17,0.6688986420631409,0.12877021729946136
186,3,64,18,0.43808797001838684,0.06376610696315765
186,3,64,19,0.5116137266159058,0.20157161355018616
186,3,64,20,0.5149787068367004,0.10010723024606705
186,3,64,21,0.6474425196647644,0.11445651203393936
186,3,64,22,0.4215415120124817,0.20636972784996033
186,3,64,23,0.4346749186515808,0.11721795797348022
186,3,64,24,0.5574862360954285,0.11232517659664154
186,3,64,25,0.40275049209594727,0.10740397870540619
186,3,64,26,0.5436637997627258,0.22697186470031738
186,3,64,27,0.5719943046569824,0.1562560796737671
186,3,64,28,0.48180437088012695,0.07687490433454514
186,3,64,29,0.5582283139228821,0.1870606690645218
186,3,64,30,0.46679744124412537,0.06274416297674179
186,3,64,31,0.473459929227829,0.23187415301799774
186,3,64,32,0.5129303336143494,0.14336492121219635
186,3,64,33,0.45255568623542786,0.166445791721344
186,3,64,34,0.4671282470226288,0.08811113983392715
186,3,64,35,0.4666544497013092,0.133135125041008
186,3,64,36,0.3957805633544922,0.08724874258041382
186,3,64,37,0.3573136627674103,0.06023119017481804
186,3,64,38,0.48602068424224854,0.13092832267284393
186,3,64,39,0.6449494361877441,0.09133259207010269
186,3,64,40,0.49123167991638184,0.21664482355117798
186,3,64,41,0.6521289348602295,0.08654492348432541
186,3,64,42,0.49050188064575195,0.1937832236289978
186,3,64,43,0.5312196612358093,0.09545037150382996
186,3,64,44,0.5152308344841003,0.17281678318977356
186,3,64,45,0.4080619215965271,0.06617868691682816
186,3,64,46,0.616709291934967,0.07538645714521408
186,3,64,47,0.483046293258667,0.11023018509149551
186,3,64,48,0.4950711131095886,0.08037149161100388
186,3,64,49,0.42479273676872253,0.07543960213661194
186,3,64,50,0.5420554280281067,0.10088694095611572
186,3,64,51,0.6607465147972107,0.12890048325061798
186,3,64,52,0.5437384247779846,0.10303395241498947
186,3,64,53,0.3940068781375885,0.14855504035949707
186,3,64,54,0.39199522137641907,0.06820423156023026
186,3,64,55,0.46122655272483826,0.06937139481306076
186,3,64,56,0.5867703557014465,0.17116941511631012
186,3,64,57,0.5203503370285034,0.07890049368143082
186,3,64,58,0.6274385452270508,0.17843741178512573
186,3,64,59,0.5296540260314941,0.12095015496015549
186,3,64,60,0.34127938747406006,0.14302778244018555
186,3,64,61,0.4650397300720215,0.08591004461050034
186,3,64,62,0.543850302696228,0.1919766366481781
186,3,64,63,0.44746020436286926,0.10497716814279556
186,4,128,0,0.6183568835258484,0.1618511974811554
186,4,128,1,0.6384018659591675,0.13699360191822052
186,4,128,2,0.30667832493782043,0.1090274527668953
186,4,128,3,0.5232747793197632,0.2889922857284546
186,4,128,4,0.5206260085105896,0.1845400184392929
186,4,128,5,0.5933163166046143,0.20893146097660065
186,4,128,6,0.40651583671569824,0.197776660323143
186,4,128,7,0.5442546606063843,0.31589189171791077
186,4,128,8,0.41885197162628174,0.11883299797773361
186,4,128,9,0.6084170341491699,0.29260948300361633
186,4,128,10,0.7032198905944824,0.15345077216625214
186,4,128,11,0.5573499798774719,0.3437677323818207
186,4,128,12,0.5272119641304016,0.25723686814308167
186,4,128,13,0.5520970821380615,0.26277559995651245
186,4,128,14,0.5872350931167603,0.08555707335472107
186,4,128,15,0.5026053786277771,0.17288057506084442
186,4,128,16,0.39679577946662903,0.16525813937187195
186,4,128,17,0.41473817825317383,0.1826086938381195
186,4,128,18,0.6059451699256897,0.24135002493858337
186,4,128,19,0.7213916778564453,0.15874294936656952
186,4,128,20,0.49633753299713135,0.08576930314302444
186,4,128,21,0.46732503175735474,0.24165724217891693
186,4,128,22,0.45271554589271545,0.26847803592681885
186,4,128,23,0.6566452980041504,0.19126072525978088
186,4,128,24,0.5030090808868408,0.2211112380027771
186,4,128,25,0.5120265483856201,0.14177462458610535
186,4,128,26,0.6834062933921814,0.12623019516468048
186,4,128,27,0.5687379240989685,0.27087223529815674
186,4,128,28,0.49072709679603577,0.3126489818096161
186,4,128,29,0.42132753133773804,0.24844859540462494
186,4,128,30,0.6185789108276367,0.13520272076129913
186,4,128,31,0.6939094066619873,0.12972240149974823
186,4,128,32,0.5489174127578735,0.16834911704063416
186,4,128,33,0.6241185069084167,0.102835513651371
186,4,128,34,0.6636486053466797,0.10554720461368561
186,4,128,35,0.4160540699958801,0.2714097797870636
186,4,128,36,0.524840772151947,0.321339875459671
186,4,128,37,0.4946770966053009,0.1779477596282959
186,4,128,38,0.5225500464439392,0.30661749839782715
186,4,128,39,0.5713106989860535,0.2951679527759552
186,4,128,40,0.589659571647644,0.09384756535291672
186,4,128,41,0.5688309669494629,0.19528484344482422
186,4,128,42,0.5244370698928833,0.14422529935836792
186,4,128,43,0.5202521681785583,0.18075478076934814
186,4,128,44,0.5451573729515076,0.3326628804206848
186,4,128,45,0.5424715876579285,0.27317455410957336
186,4,128,46,0.5386249423027039,0.22293730080127716
186,4,128,47,0.6174015402793884,0.12673068046569824
186,4,128,48,0.7391514778137207,0.10161589831113815
186,4,128,49,0.6855924725532532,0.19039985537528992
186,4,128,50,0.5919973254203796,0.2571917772293091
186,4,128,51,0.6576012969017029,0.1692023128271103
186,4,128,52,0.5446951985359192,0.21600300073623657
186,4,128,53,0.4408801198005676,0.28378239274024963
186,4,128,54,0.5563845634460449,0.30535197257995605
186,4,128,55,0.6922591328620911,0.12853750586509705
186,4,128,56,0.476274698972702,0.26743218302726746
186,4,128,57,0.6163498759269714,0.22773800790309906
186,4,128,58,0.6252303123474121,0.28473126888275146
186,4,128,59,0.5480654239654541,0.2500084936618805
186,4,128,60,0.6482720971107483,0.2702808976173401
186,4,128,61,0.5538129806518555,0.20128583908081055
186,4,128,62,0.4652344286441803,0.14289650321006775
186,4,128,63,0.4019354581832886,0.2064298838376999
186,4,128,64,0.5440871715545654,0.2553941607475281
186,4,128,65,0.49182894825935364,0.280137300491333
186,4,128,66,0.4572700560092926,0.1687980443239212
186,4,128,67,0.7318499684333801,0.13895989954471588
186,4,128,68,0.5605101585388184,0.28012242913246155
186,4,128,69,0.6324427723884583,0.20610153675079346
186,4,128,70,0.5432036519050598,0.3267423212528229
186,4,128,71,0.6589646339416504,0.17476704716682434
186,4,128,72,0.6280965209007263,0.13953067362308502
186,4,128,73,0.6619997620582581,0.16536560654640198
186,4,128,74,0.5889396667480469,0.3085150420665741
186,4,128,75,0.4780024588108063,0.13779300451278687
186,4,128,76,0.4115951657295227,0.3146857023239136
186,4,128,77,0.4060499370098114,0.19086647033691406
186,4,128,78,0.5383320450782776,0.2823809087276459
186,4,128,79,0.33375608921051025,0.09631652384996414
186,4,128,80,0.5145015716552734,0.12919564545154572
186,4,128,81,0.5396096706390381,0.31033533811569214
186,4,128,82,0.5839635133743286,0.21334804594516754
186,4,128,83,0.5339908003807068,0.25855156779289246
186,4,128,84,0.6673184633255005,0.15224353969097137
186,4,128,85,0.4890892803668976,0.24957267940044403
186,4,128,86,0.6066207885742188,0.09630294889211655
186,4,128,87,0.6227933764457703,0.1697802096605301
186,4,128,88,0.43635430932044983,0.21873438358306885
186,4,128,89,0.5963771343231201,0.23776142299175262
186,4,128,90,0.5667276978492737,0.24620181322097778
186,4,128,91,0.486054003238678,0.37059029936790466
186,4,128,92,0.5889225006103516,0.17004115879535675
186,4,128,93,0.6459087133407593,0.22165828943252563
186,4,128,94,0.4216165542602539,0.10472720861434937
186,4,128,95,0.6510823369026184,0.13861140608787537
186,4,128,96,0.5943983793258667,0.27681785821914673
186,4,128,97,0.49701812863349915,0.2828001081943512
186,4,128,98,0.46701890230178833,0.3416998088359833
186,4,128,99,0.505165696144104,0.28353428840637207
186,4,128,100,0.4293038249015808,0.2579713463783264
186,4,128,101,0.5649478435516357,0.26040783524513245
186,4,128,102,0.29427921772003174,0.11062444746494293
186,4,128,103,0.6248396039009094,0.2259371131658554
186,4,128,104,0.4932190477848053,0.22518816590309143
186,4,128,105,0.5544182062149048,0.22076889872550964
186,4,128,106,0.7046623229980469,0.11279800534248352
186,4,128,107,0.7385832071304321,0.10830514878034592
186,4,128,108,0.6905578374862671,0.10625503957271576
186,4,128,109,0.4517160952091217,0.11372784525156021
186,4,128,110,0.521332323551178,0.14503039419651031
186,4,128,111,0.4081982970237732,0.09866437315940857
186,4,128,112,0.6074255704879761,0.2549431025981903
186,4,128,113,0.5049291253089905,0.290549099445343
186,4,128,114,0.499663770198822,0.15127050876617432
186,4,128,115,0.6733136773109436,0.1245211809873581
186,4,128,116,0.5892639756202698,0.16681592166423798
186,4,128,117,0.5217254757881165,0.3432648479938507
186,4,128,118,0.5021334886550903,0.31108641624450684
186,4,128,119,0.4968343675136566,0.15937155485153198
186,4,128,120,0.4104451537132263,0.18543773889541626
186,4,128,121,0.6565643548965454,0.11184795200824738
186,4,128,122,0.4097936451435089,0.23205429315567017
186,4,128,123,0.5437834858894348,0.20667925477027893
186,4,128,124,0.543860673904419,0.287690669298172
186,4,128,125,0.5392052531242371,0.28561434149742126
186,4,128,126,0.2651098966598511,0.1251065582036972
186,4,128,127,0.6012142896652222,0.20018674433231354
186,5,128,0,0.47381487488746643,0.22580765187740326
186,5,128,1,0.6189739108085632,0.0730888769030571
186,5,128,2,0.6214489340782166,0.10196463018655777
186,5,128,3,0.6310118436813354,0.24259498715400696
186,5,128,4,0.7034897208213806,0.14556413888931274
186,5,128,5,0.6043866872787476,0.1705946922302246
186,5,128,6,0.3922823369503021,0.09490212053060532
186,5,128,7,0.6659173965454102,0.11243117600679398
186,5,128,8,0.5677065849304199,0.21918737888336182
186,5,128,9,0.5852829217910767,0.2404651939868927
186,5,128,10,0.6333082318305969,0.10184504091739655
186,5,128,11,0.697843611240387,0.11063441634178162
186,5,128,12,0.5082632303237915,0.03991222009062767
186,5,128,13,0.6189233660697937,0.17903174459934235
186,5,128,14,0.6366212368011475,0.12821269035339355
186,5,128,15,0.6092095971107483,0.0957970917224884
186,5,128,16,0.6731773614883423,0.14612944424152374
186,5,128,17,0.6503095030784607,0.13985398411750793
186,5,128,18,0.4612414240837097,0.04710037633776665
186,5,128,19,0.6745625734329224,0.15725506842136383
186,5,128,20,0.6743600964546204,0.17990213632583618
186,5,128,21,0.5754981637001038,0.14304479956626892
186,5,128,22,0.6174567937850952,0.10998668521642685
186,5,128,23,0.7329056859016418,0.14256253838539124
186,5,128,24,0.7323282957077026,0.13273587822914124
186,5,128,25,0.551397979259491,0.16808389127254486
186,5,128,26,0.5968193411827087,0.1311008185148239
186,5,128,27,0.547021210193634,0.2200649380683899
186,5,128,28,0.6551433205604553,0.13698150217533112
186,5,128,29,0.6388280391693115,0.13057734072208405
186,5,128,30,0.6197507381439209,0.14029532670974731
186,5,128,31,0.6410216093063354,0.1539696902036667
186,5,128,32,0.5127640962600708,0.11053655296564102
186,5,128,33,0.5720306038856506,0.09351665526628494
186,5,128,34,0.5792708396911621,0.23851649463176727
186,5,128,35,0.5740400552749634,0.11461437493562698
186,5,128,36,0.6528260707855225,0.16008763015270233
186,5,128,37,0.6717696189880371,0.12406203895807266
186,5,128,38,0.649841845035553,0.12012308835983276
186,5,128,39,0.5086618065834045,0.17291273176670074
186,5,128,40,0.5979882478713989,0.13579131662845612
186,5,128,41,0.6157283782958984,0.09519719332456589
186,5,128,42,0.6238068342208862,0.16342492401599884
186,5,128,43,0.7119072675704956,0.1481204479932785
186,5,128,44,0.5641024708747864,0.09645736217498779
186,5,128,45,0.6409434676170349,0.17756402492523193
186,5,128,46,0.5277246236801147,0.08088476210832596
186,5,128,47,0.6346569061279297,0.11809238791465759
186,5,128,48,0.7686707973480225,0.11294064670801163
186,5,128,49,0.7405332326889038,0.1076534315943718
186,5,128,50,0.6599866151809692,0.2044592797756195
186,5,128,51,0.7033369541168213,0.17167098820209503
186,5,128,52,0.5902448892593384,0.10119335353374481
186,5,128,53,0.6686921715736389,0.12668298184871674
186,5,128,54,0.5924875736236572,0.1450381726026535
186,5,128,55,0.6973704695701599,0.09344637393951416
186,5,128,56,0.494252473115921,0.09449354559183121
186,5,128,57,0.6650623083114624,0.10537499934434891
186,5,128,58,0.5169115662574768,0.18990838527679443
186,5,128,59,0.4845852255821228,0.18177950382232666
186,5,128,60,0.7530910968780518,0.13003435730934143
186,5,128,61,0.584416389465332,0.16105659306049347
186,5,128,62,0.726758599281311,0.12523184716701508
186,5,128,63,0.5957897901535034,0.08455971628427505
186,5,128,64,0.7200579643249512,0.14050349593162537
186,5,128,65,0.7315267324447632,0.1367676556110382
186,5,128,66,0.6603866219520569,0.10113763809204102
186,5,128,67,0.7496104836463928,0.1294841766357422
186,5,128,68,0.5948300957679749,0.17346985638141632
186,5,128,69,0.5899093151092529,0.1116504967212677
186,5,128,70,0.5965796113014221,0.14203228056430817
186,5,128,71,0.588183581829071,0.1498059630393982
186,5,128,72,0.5301531553268433,0.19364719092845917
186,5,128,73,0.7397662401199341,0.1146283894777298
186,5,128,74,0.6726021766662598,0.2443593442440033
186,5,128,75,0.6269004940986633,0.16015343368053436
186,5,128,76,0.6735091209411621,0.14565426111221313
186,5,128,77,0.6007842421531677,0.12118371576070786
186,5,128,78,0.6662652492523193,0.12734347581863403
186,5,128,79,0.6284525394439697,0.11418513208627701
186,5,128,80,0.5770673751831055,0.12399211525917053
186,5,128,81,0.6957434415817261,0.11953501403331757
186,5,128,82,0.7111877799034119,0.13476651906967163
186,5,128,83,0.6267720460891724,0.15813100337982178
186,5,128,84,0.6569067239761353,0.18805402517318726
186,5,128,85,0.4538247287273407,0.20005221664905548
186,5,128,86,0.7573459148406982,0.10961034148931503
186,5,128,87,0.45051077008247375,0.17738288640975952
186,5,128,88,0.6016430854797363,0.09604063630104065
186,5,128,89,0.5945526361465454,0.08972211182117462
186,5,128,90,0.5704562067985535,0.11265486478805542
186,5,128,91,0.4856016933917999,0.13581006228923798
186,5,128,92,0.6540489792823792,0.12314104288816452
186,5,128,93,0.6377638578414917,0.1380479633808136
186,5,128,94,0.7110156416893005,0.11839941889047623
186,5,128,95,0.7329384684562683,0.12033131718635559
186,5,128,96,0.7020772099494934,0.10459139198064804
186,5,128,97,0.6738694906234741,0.1393638402223587
186,5,128,98,0.6642749905586243,0.10170905292034149
186,5,128,99,0.5517684817314148,0.17169642448425293
186,5,128,100,0.5604603290557861,0.1190199926495552
186,5,128,101,0.6505262851715088,0.16300806403160095
186,5,128,102,0.5760336518287659,0.07821834832429886
186,5,128,103,0.6044444441795349,0.18424177169799805
186,5,128,104,0.37508291006088257,0.10902180522680283
186,5,128,105,0.6603556275367737,0.06207627058029175
186,5,128,106,0.6603650450706482,0.13015712797641754
186,5,128,107,0.5389279127120972,0.10218336433172226
186,5,128,108,0.5905444622039795,0.13429686427116394
186,5,128,109,0.4940858781337738,0.2030879110097885
186,5,128,110,0.556818962097168,0.20894110202789307
186,5,128,111,0.43585675954818726,0.14621502161026
186,5,128,112,0.5510985255241394,0.1716175377368927
186,5,128,113,0.6967262625694275,0.13483595848083496
186,5,128,114,0.6546952724456787,0.13651950657367706
186,5,128,115,0.4723877012729645,0.08017110079526901
186,5,128,116,0.6395590305328369,0.09566438943147659
186,5,128,117,0.7205888032913208,0.12087308615446091
186,5,128,118,0.6161206364631653,0.13004416227340698
186,5,128,119,0.4474785029888153,0.19450239837169647
186,5,128,120,0.5857665538787842,0.10330270230770111
186,5,128,121,0.49568963050842285,0.20545771718025208
186,5,128,122,0.4911265969276428,0.2335631549358368
186,5,128,123,0.6207234859466553,0.15609706938266754
186,5,128,124,0.7242235541343689,0.13039793074131012
186,5,128,125,0.6354449987411499,0.17411009967327118
186,5,128,126,0.6984422206878662,0.11278808116912842
186,5,128,127,0.7437818050384521,0.11363451182842255
188,0,32,0,0.40727970004081726,0.08645938336849213
188,0,32,1,0.5298568606376648,0.07362130284309387
188,0,32,2,0.5067678093910217,0.1299748718738556
188,0,32,3,0.5603368282318115,0.11360688507556915
188,0,32,4,0.5061452388763428,0.07132823765277863
188,0,32,5,0.5202027559280396,0.08350799977779388
188,0,32,6,0.5675567388534546,0.08602911978960037
188,0,32,7,0.4674592912197113,0.08340244740247726
188,0,32,8,0.6559799313545227,0.09934765100479126
188,0,32,9,0.4629000127315521,0.06275494396686554
188,0,32,10,0.4594334661960602,0.05562213435769081
188,0,32,11,0.47730669379234314,0.11717618256807327
188,0,32,12,0.5510704517364502,0.0573967806994915
188,0,32,13,0.6301050186157227,0.05267834663391113
188,0,32,14,0.6048119068145752,0.03137250244617462
188,0,32,15,0.4728392958641052,0.03323493152856827
188,0,32,16,0.4240442216396332,0.0731125921010971
188,0,32,17,0.6160113215446472,0.055231329053640366
188,0,32,18,0.5090863108634949,0.11954198032617569
188,0,32,19,0.4477963149547577,0.03926284611225128
188,0,32,20,0.5991743206977844,0.07263942062854767
188,0,32,21,0.43172386288642883,0.0660720020532608
188,0,32,22,0.4989023208618164,0.040881361812353134
188,0,32,23,0.3688598573207855,0.08868849277496338
188,0,32,24,0.5399338006973267,0.11877233535051346
188,0,32,25,0.5273163318634033,0.07322638481855392
188,0,32,26,0.433973103761673,0.08159741014242172
188,0,32,27,0.48578253388404846,0.05554667115211487
188,0,32,28,0.5813692212104797,0.07241740077733994
188,0,32,29,0.5128353238105774,0.07088177651166916
188,0,32,30,0.5185320973396301,0.0589163638651371
188,0,32,31,0.5626389980316162,0.025992589071393013
188,1,32,0,0.39813533425331116,0.06351622939109802
188,1,32,1,0.4961564242839813,0.08147010207176208
188,1,32,2,0.5807182788848877,0.06900940090417862
188,1,32,3,0.439627468585968,0.09875737875699997
188,1,32,4,0.5049899816513062,0.11271090060472488
188,1,32,5,0.39892059564590454,0.0748683288693428
188,1,32,6,0.47154808044433594,0.11235792189836502
188,1,32,7,0.4022426903247833,0.0729355588555336
188,1,32,8,0.4527881145477295,0.07110249996185303
188,1,32,9,0.49783679842948914,0.06257710605859756
188,1,32,10,0.45008373260498047,0.09382404386997223
188,1,32,11,0.3940405547618866,0.11402380466461182
188,1,32,12,0.6151984333992004,0.08324205875396729
188,1,32,13,0.4861482083797455,0.13880079984664917
188,1,32,14,0.4854685664176941,0.10050453245639801
188,1,32,15,0.6580228805541992,0.08754883706569672
188,1,32,16,0.5304225087165833,0.05681566148996353
188,1,32,17,0.36254626512527466,0.08746218681335449
188,1,32,18,0.45434319972991943,0.11925966292619705
188,1,32,19,0.3957641124725342,0.06259729713201523
188,1,32,20,0.464635968208313,0.11210860311985016
188,1,32,21,0.4278290867805481,0.06481032818555832
188,1,32,22,0.5295549631118774,0.09695008397102356
188,1,32,23,0.5766348242759705,0.0969751849770546
188,1,32,24,0.4914279282093048,0.055796876549720764
188,1,32,25,0.587159276008606,0.08075875788927078
188,1,32,26,0.413737028837204,0.08878827095031738
188,1,32,27,0.41514766216278076,0.053025223314762115
188,1,32,28,0.4522041082382202,0.06198158115148544
188,1,32,29,0.5082093477249146,0.07989662885665894
188,1,32,30,0.4707174003124237,0.09554527699947357
188,1,32,31,0.5909346342086792,0.046729087829589844
188,2,64,0,0.46700718998908997,0.18867303431034088
188,2,64,1,0.4795111119747162,0.22971773147583008
188,2,64,2,0.46967852115631104,0.14207543432712555
188,2,64,3,0.5225064158439636,0.11948017030954361
188,2,64,4,0.5168395042419434,0.16032123565673828
188,2,64,5,0.49139583110809326,0.23128007352352142
188,2,64,6,0.5222473740577698,0.15503068268299103
188,2,64,7,0.5215024352073669,0.23750422894954681
188,2,64,8,0.43685588240623474,0.1455507129430771
188,2,64,9,0.5113281607627869,0.07931812852621078
188,2,64,10,0.605926513671875,0.10177098214626312
188,2,64,11,0.5526047945022583,0.13260449469089508
188,2,64,12,0.5014051795005798,0.17975546419620514
188,2,64,13,0.42536234855651855,0.1587134599685669
188,2,64,14,0.5216116309165955,0.21479608118534088
188,2,64,15,0.22549912333488464,0.11490564048290253
188,2,64,16,0.5208975076675415,0.2032698094844818
188,2,64,17,0.344207227230072,0.13722898066043854
188,2,64,18,0.5317912101745605,0.13437840342521667
188,2,64,19,0.4948791563510895,0.07467859238386154
188,2,64,20,0.45045214891433716,0.10749098658561707
188,2,64,21,0.49714556336402893,0.12239526957273483
188,2,64,22,0.42829811573028564,0.12365978211164474
188,2,64,23,0.5938639640808105,0.06876152008771896
188,2,64,24,0.7236639261245728,0.18466125428676605
188,2,64,25,0.6700021624565125,0.14469990134239197
188,2,64,26,0.6885738968849182,0.1155419647693634
188,2,64,27,0.4882217049598694,0.15384049713611603
188,2,64,28,0.3905518651008606,0.11172854155302048
188,2,64,29,0.5122750997543335,0.26557403802871704
188,2,64,30,0.5804309248924255,0.08660897612571716
188,2,64,31,0.457695871591568,0.21454177796840668
188,2,64,32,0.530875563621521,0.1294417381286621
188,2,64,33,0.4270654618740082,0.0814015343785286
188,2,64,34,0.5274386405944824,0.1556505709886551
188,2,64,35,0.5445430278778076,0.09492277354001999
188,2,64,36,0.4771198034286499,0.16502360999584198
188,2,64,37,0.48215916752815247,0.20021983981132507
188,2,64,38,0.2347947210073471,0.10157399624586105
188,2,64,39,0.513227641582489,0.13128645718097687
188,2,64,40,0.4618380665779114,0.1302804797887802
188,2,64,41,0.41978541016578674,0.23834280669689178
188,2,64,42,0.5938090085983276,0.19073368608951569
188,2,64,43,0.4930638372898102,0.1309344321489334
188,2,64,44,0.4075402319431305,0.18954694271087646
188,2,64,45,0.5446658730506897,0.07820132374763489
188,2,64,46,0.45743510127067566,0.18003582954406738
188,2,64,47,0.63457190990448,0.2100549042224884
188,2,64,48,0.5724812150001526,0.11415336281061172
188,2,64,49,0.6483898162841797,0.13349352777004242
188,2,64,50,0.3983709514141083,0.1291986107826233
188,2,64,51,0.531558632850647,0.23479202389717102
188,2,64,52,0.49676817655563354,0.255450963973999
188,2,64,53,0.5114017128944397,0.20852099359035492
188,2,64,54,0.6179543137550354,0.09284326434135437
188,2,64,55,0.41490861773490906,0.16154947876930237
188,2,64,56,0.4215562045574188,0.13261789083480835
188,2,64,57,0.5440878868103027,0.0929185226559639
188,2,64,58,0.4529012143611908,0.11962546408176422
188,2,64,59,0.5071892738342285,0.2221510410308838
188,2,64,60,0.415547639131546,0.19493739306926727
188,2,64,61,0.4435681700706482,0.10196221619844437
188,2,64,62,0.5774514675140381,0.1525801420211792
188,2,64,63,0.4507971704006195,0.0912199467420578
188,3,64,0,0.5044959783554077,0.12199123203754425
188,3,64,1,0.45998528599739075,0.14182551205158234
188,3,64,2,0.49244433641433716,0.08703909814357758
188,3,64,3,0.4460088610649109,0.08761846274137497
188,3,64,4,0.5065802931785583,0.06990168988704681
188,3,64,5,0.5148078203201294,0.1379941701889038
188,3,64,6,0.4225754737854004,0.2392386794090271
188,3,64,7,0.451286643743515,0.13490542769432068
188,3,64,8,0.5898569822311401,0.061358742415905
188,3,64,9,0.5357553362846375,0.14220024645328522
188,3,64,10,0.4169193208217621,0.10101217776536942
188,3,64,11,0.4524112939834595,0.14498195052146912
188,3,64,12,0.5161945223808289,0.18134237825870514
188,3,64,13,0.3917350471019745,0.0825825035572052
188,3,64,14,0.4667855501174927,0.05748089402914047
188,3,64,15,0.5004862546920776,0.1806849092245102
188,3,64,16,0.6774492263793945,0.09294434636831284
188,3,64,17,0.5416445136070251,0.10126528888940811
188,3,64,18,0.6009567379951477,0.06999264657497406
188,3,64,19,0.37696823477745056,0.09836053103208542
188,3,64,20,0.4249277114868164,0.1735256016254425
188,3,64,21,0.44094187021255493,0.07083520293235779
188,3,64,22,0.6831814050674438,0.10951542109251022
188,3,64,23,0.34827837347984314,0.19919998943805695
188,3,64,24,0.3657255470752716,0.10647744685411453
188,3,64,25,0.5454138517379761,0.22814077138900757
188,3,64,26,0.548313319683075,0.10385237634181976
188,3,64,27,0.3453730046749115,0.09667490422725677
188,3,64,28,0.43536970019340515,0.16781818866729736
188,3,64,29,0.5387135744094849,0.18407143652439117
188,3,64,30,0.4708603620529175,0.13199031352996826
188,3,64,31,0.5845739245414734,0.1688210666179657
188,3,64,32,0.6255847811698914,0.2338656783103943
188,3,64,33,0.4942779839038849,0.20019258558750153
188,3,64,34,0.4119650423526764,0.14089389145374298
188,3,64,35,0.5300223231315613,0.06916344910860062
188,3,64,36,0.42239534854888916,0.1387040615081787
188,3,64,37,0.5002850294113159,0.11671129614114761
188,3,64,38,0.5324956774711609,0.18736906349658966
188,3,64,39,0.3919282853603363,0.07689858227968216
188,3,64,40,0.43801814317703247,0.17475368082523346
188,3,64,41,0.5828555822372437,0.16383258998394012
188,3,64,42,0.4000641703605652,0.11546947807073593
188,3,64,43,0.5624003410339355,0.08725449442863464
188,3,64,44,0.5925420522689819,0.27824971079826355
188,3,64,45,0.5692982077598572,0.09050703048706055
188,3,64,46,0.3523923456668854,0.2075951099395752
188,3,64,47,0.6286036968231201,0.14108282327651978
188,3,64,48,0.5785295963287354,0.1940515637397766
188,3,64,49,0.38536861538887024,0.14152777194976807
188,3,64,50,0.4393980801105499,0.12283612042665482
188,3,64,51,0.4135347604751587,0.133138045668602
188,3,64,52,0.4900551438331604,0.23285722732543945
188,3,64,53,0.5806851983070374,0.11021166294813156
188,3,64,54,0.529053807258606,0.06195680424571037
188,3,64,55,0.6042321920394897,0.11486788839101791
188,3,64,56,0.5008377432823181,0.12481455504894257
188,3,64,57,0.5860891342163086,0.05066530033946037
188,3,64,58,0.5977404117584229,0.08026482909917831
188,3,64,59,0.49723485112190247,0.24330870807170868
188,3,64,60,0.49330615997314453,0.17904351651668549
188,3,64,61,0.336099237203598,0.07243922352790833
188,3,64,62,0.5267069339752197,0.19037054479122162
188,3,64,63,0.4724947512149811,0.13881298899650574
188,4,128,0,0.535490095615387,0.21961724758148193
188,4,128,1,0.5797790288925171,0.24823924899101257
188,4,128,2,0.5333724021911621,0.19678042829036713
188,4,128,3,0.455184668302536,0.17143285274505615
188,4,128,4,0.6680393218994141,0.17961420118808746
188,4,128,5,0.5339876413345337,0.20617163181304932
188,4,128,6,0.5028783679008484,0.17872287333011627
188,4,128,7,0.4597030282020569,0.17952322959899902
188,4,128,8,0.40571027994155884,0.16016727685928345
188,4,128,9,0.5442987680435181,0.12688927352428436
188,4,128,10,0.7004929780960083,0.09501311182975769
188,4,128,11,0.7060776352882385,0.09874124825000763
188,4,128,12,0.5369433760643005,0.20734761655330658
188,4,128,13,0.5998068451881409,0.23841366171836853
188,4,128,14,0.4943402111530304,0.18253955245018005
188,4,128,15,0.6609963774681091,0.1078525260090828
188,4,128,16,0.4440425634384155,0.09410720318555832
188,4,128,17,0.5145976543426514,0.13948076963424683
188,4,128,18,0.5257470607757568,0.18201212584972382
188,4,128,19,0.5060117840766907,0.19329790771007538
188,4,128,20,0.6163285970687866,0.10144711285829544
188,4,128,21,0.6201144456863403,0.19680914282798767
188,4,128,22,0.4554019272327423,0.21952752768993378
188,4,128,23,0.5594777464866638,0.124600350856781
188,4,128,24,0.5909363031387329,0.21585986018180847
188,4,128,25,0.48945972323417664,0.0990663394331932
188,4,128,26,0.5911551117897034,0.14931803941726685
188,4,128,27,0.7149174809455872,0.11468411237001419
188,4,128,28,0.4859481751918793,0.11528169363737106
188,4,128,29,0.523896336555481,0.23300789296627045
188,4,128,30,0.5224107503890991,0.23057273030281067
188,4,128,31,0.6319226622581482,0.2293361872434616
188,4,128,32,0.514144778251648,0.25218501687049866
188,4,128,33,0.5832106471061707,0.06930523365736008
188,4,128,34,0.6538878679275513,0.08343734592199326
188,4,128,35,0.59276282787323,0.15537762641906738
188,4,128,36,0.5604978203773499,0.25060954689979553
188,4,128,37,0.5363705158233643,0.1832229197025299
188,4,128,38,0.598662257194519,0.12228093296289444
188,4,128,39,0.6061921715736389,0.11730162054300308
188,4,128,40,0.5041937828063965,0.1652992218732834
188,4,128,41,0.5525082349777222,0.07493188977241516
188,4,128,42,0.5177505016326904,0.20119145512580872
188,4,128,43,0.5338994264602661,0.2712273597717285
188,4,128,44,0.5886180996894836,0.11774181574583054
188,4,128,45,0.47124236822128296,0.15350671112537384
188,4,128,46,0.5560329556465149,0.24240624904632568
188,4,128,47,0.6274434924125671,0.16271990537643433
188,4,128,48,0.5104808211326599,0.23090419173240662
188,4,128,49,0.5709288716316223,0.23733088374137878
188,4,128,50,0.6390221118927002,0.17491136491298676
188,4,128,51,0.716320812702179,0.11660473793745041
188,4,128,52,0.504884660243988,0.21382954716682434
188,4,128,53,0.4322949945926666,0.19832076132297516
188,4,128,54,0.6464101672172546,0.08439706265926361
188,4,128,55,0.46540316939353943,0.20277196168899536
188,4,128,56,0.6403796076774597,0.1444339007139206
188,4,128,57,0.5004619359970093,0.25639498233795166
188,4,128,58,0.5180005431175232,0.11282333731651306
188,4,128,59,0.5682854056358337,0.16905426979064941
188,4,128,60,0.5654866099357605,0.19662132859230042
188,4,128,61,0.5760167241096497,0.30671799182891846
188,4,128,62,0.6383952498435974,0.11635749042034149
188,4,128,63,0.4954710900783539,0.12235648930072784
188,4,128,64,0.5420250296592712,0.1122741550207138
188,4,128,65,0.45396676659584045,0.21160772442817688
188,4,128,66,0.584470808506012,0.19288690388202667
188,4,128,67,0.71161288022995,0.1205587238073349
188,4,128,68,0.5574763417243958,0.11795274913311005
188,4,128,69,0.6219037175178528,0.24454858899116516
188,4,128,70,0.4523136019706726,0.2219357192516327
188,4,128,71,0.6496841907501221,0.11292407661676407
188,4,128,72,0.5596651434898376,0.08630679547786713
188,4,128,73,0.4699322581291199,0.07581637799739838
188,4,128,74,0.400491327047348,0.13564103841781616
188,4,128,75,0.4963870346546173,0.21021421253681183
188,4,128,76,0.5948420763015747,0.22973409295082092
188,4,128,77,0.5954403877258301,0.21235571801662445
188,4,128,78,0.46232980489730835,0.22365404665470123
188,4,128,79,0.41370588541030884,0.13417816162109375
188,4,128,80,0.5083526372909546,0.1680385321378708
188,4,128,81,0.6488542556762695,0.14114929735660553
188,4,128,82,0.5079666376113892,0.298801064491272
188,4,128,83,0.6198602914810181,0.25220006704330444
188,4,128,84,0.5265423655509949,0.216223806142807
188,4,128,85,0.4118821322917938,0.07357879728078842
188,4,128,86,0.5205171704292297,0.26706379652023315
188,4,128,87,0.565156877040863,0.2077937126159668
188,4,128,88,0.4570825397968292,0.23918795585632324
188,4,128,89,0.33563050627708435,0.07816590368747711
188,4,128,90,0.49013540148735046,0.1292589008808136
188,4,128,91,0.4642075300216675,0.1467292606830597
188,4,128,92,0.7060015797615051,0.14171621203422546
188,4,128,93,0.5768547058105469,0.21122531592845917
188,4,128,94,0.47934237122535706,0.10223156213760376
188,4,128,95,0.48391878604888916,0.1531001627445221
188,4,128,96,0.5774837732315063,0.11753382533788681
188,4,128,97,0.5756884813308716,0.21748478710651398
188,4,128,98,0.6371763348579407,0.13700294494628906
188,4,128,99,0.4906723201274872,0.2053886353969574
188,4,128,100,0.4579427242279053,0.18916474282741547
188,4,128,101,0.43988102674484253,0.20311862230300903
188,4,128,102,0.5700905919075012,0.1791532039642334
188,4,128,103,0.4113219082355499,0.19330760836601257
188,4,128,104,0.6035373210906982,0.25615108013153076
188,4,128,105,0.7089170217514038,0.11351723223924637
188,4,128,106,0.41676726937294006,0.13297909498214722
188,4,128,107,0.5554763078689575,0.14900948107242584
188,4,128,108,0.6455719470977783,0.1298827975988388
188,4,128,109,0.48015084862709045,0.2807749807834625
188,4,128,110,0.4887370765209198,0.21307843923568726
188,4,128,111,0.5565758943557739,0.17555806040763855
188,4,128,112,0.5521688461303711,0.21748267114162445
188,4,128,113,0.50294429063797,0.2519594430923462
188,4,128,114,0.42500409483909607,0.1019410640001297
188,4,128,115,0.6300862431526184,0.14753012359142303
188,4,128,116,0.4353350102901459,0.06535442918539047
188,4,128,117,0.5407822728157043,0.2766510248184204
188,4,128,118,0.5381548404693604,0.2180861234664917
188,4,128,119,0.5247030258178711,0.14442358911037445
188,4,128,120,0.558143138885498,0.17607828974723816
188,4,128,121,0.535309910774231,0.17151477932929993
188,4,128,122,0.4742680788040161,0.22054985165596008
188,4,128,123,0.4582013487815857,0.18542692065238953
188,4,128,124,0.5304654240608215,0.19584214687347412
188,4,128,125,0.5403831005096436,0.22777895629405975
188,4,128,126,0.5722576975822449,0.17984101176261902
188,4,128,127,0.48424017429351807,0.1350388526916504
188,5,128,0,0.6338028311729431,0.1305766999721527
188,5,128,1,0.8248632550239563,0.12382877618074417
188,5,128,2,0.6299689412117004,0.15282651782035828
188,5,128,3,0.6420301198959351,0.16313835978507996
188,5,128,4,0.8184195160865784,0.14748229086399078
188,5,128,5,0.43028584122657776,0.26043927669525146
188,5,128,6,0.4688240885734558,0.21650321781635284
188,5,128,7,0.6377051472663879,0.1561232954263687
188,5,128,8,0.44854825735092163,0.2633035182952881
188,5,128,9,0.5378137230873108,0.24949519336223602
188,5,128,10,0.4534793794155121,0.2698925733566284
188,5,128,11,0.5851901173591614,0.1892208606004715
188,5,128,12,0.5460276007652283,0.22381724417209625
188,5,128,13,0.7609096169471741,0.14622189104557037
188,5,128,14,0.7094802856445312,0.20456871390342712
188,5,128,15,0.7912402749061584,0.16578416526317596
188,5,128,16,0.6803967952728271,0.20117509365081787
188,5,128,17,0.6033420562744141,0.218550443649292
188,5,128,18,0.6789398193359375,0.1975012570619583
188,5,128,19,0.8367559909820557,0.13776619732379913
188,5,128,20,0.6157898902893066,0.21154704689979553
188,5,128,21,0.7697598934173584,0.19735509157180786
188,5,128,22,0.6279852390289307,0.23416925966739655
188,5,128,23,0.8193473219871521,0.13051176071166992
188,5,128,24,0.7806264758110046,0.13375519216060638
188,5,128,25,0.7942162752151489,0.12890103459358215
188,5,128,26,0.7594928741455078,0.11318353563547134
188,5,128,27,0.6689104437828064,0.1970823109149933
188,5,128,28,0.8222758173942566,0.1130526140332222
188,5,128,29,0.7888801097869873,0.12268435955047607
188,5,128,30,0.740514874458313,0.14170385897159576
188,5,128,31,0.6977463364601135,0.22748355567455292
188,5,128,32,0.8434634208679199,0.11943087726831436
188,5,128,33,0.5882402658462524,0.08003915101289749
188,5,128,34,0.6373730897903442,0.23868857324123383
188,5,128,35,0.6328992247581482,0.12357871234416962
188,5,128,36,0.5804435610771179,0.22070792317390442
188,5,128,37,0.40453654527664185,0.25937625765800476
188,5,128,38,0.4550131857395172,0.24638795852661133
188,5,128,39,0.49652791023254395,0.14410118758678436
188,5,128,40,0.7627965807914734,0.12692497670650482
188,5,128,41,0.7020981907844543,0.1619138866662979
188,5,128,42,0.8260773420333862,0.1206711009144783
188,5,128,43,0.8205996751785278,0.13270020484924316
188,5,128,44,0.6187911033630371,0.18449796736240387
188,5,128,45,0.6988320350646973,0.18157726526260376
188,5,128,46,0.7407271862030029,0.12237729132175446
188,5,128,47,0.5825605392456055,0.15922166407108307
188,5,128,48,0.6908464431762695,0.12895075976848602
188,5,128,49,0.8229262828826904,0.1114337146282196
188,5,128,50,0.5443516373634338,0.07473797351121902
188,5,128,51,0.6276227831840515,0.203335240483284
188,5,128,52,0.6116406917572021,0.2538737654685974
188,5,128,53,0.7112674713134766,0.11050399392843246
188,5,128,54,0.6718103289604187,0.13586090505123138
188,5,128,55,0.6510756015777588,0.1368398368358612
188,5,128,56,0.6658104062080383,0.23592515289783478
188,5,128,57,0.843241274356842,0.12886455655097961
188,5,128,58,0.6931350231170654,0.2644307017326355
188,5,128,59,0.5840451717376709,0.18380817770957947
188,5,128,60,0.8334548473358154,0.10747580230236053
188,5,128,61,0.7520195245742798,0.2270936369895935
188,5,128,62,0.8107152581214905,0.16042810678482056
188,5,128,63,0.7891231775283813,0.13315054774284363
188,5,128,64,0.5949254035949707,0.23845528066158295
188,5,128,65,0.746946394443512,0.13227014243602753
188,5,128,66,0.7464278340339661,0.13462720811367035
188,5,128,67,0.6963918209075928,0.2308403104543686
188,5,128,68,0.7817906737327576,0.17404143512248993
188,5,128,69,0.5316274762153625,0.22479310631752014
188,5,128,70,0.6381064057350159,0.26563459634780884
188,5,128,71,0.7090241312980652,0.10690340399742126
188,5,128,72,0.8515272736549377,0.10329508036375046
188,5,128,73,0.7469155788421631,0.13955673575401306
188,5,128,74,0.8550549745559692,0.12441903352737427
188,5,128,75,0.6211268901824951,0.13039134442806244
188,5,128,76,0.7759665250778198,0.1774694174528122
188,5,128,77,0.8082138895988464,0.10646742582321167
188,5,128,78,0.715734601020813,0.12763376533985138
188,5,128,79,0.781653106212616,0.14237786829471588
188,5,128,80,0.789220929145813,0.11363255232572556
188,5,128,81,0.7426897883415222,0.19081678986549377
188,5,128,82,0.8610072135925293,0.09312065690755844
188,5,128,83,0.7899775505065918,0.14900903403759003
188,5,128,84,0.7789189219474792,0.11838425695896149
188,5,128,85,0.4973986744880676,0.2662486732006073
188,5,128,86,0.84488445520401,0.13496582210063934
188,5,128,87,0.7047268152236938,0.22260114550590515
188,5,128,88,0.5382043123245239,0.158860445022583
188,5,128,89,0.723324716091156,0.1838354617357254
188,5,128,90,0.7327867150306702,0.14480240643024445
188,5,128,91,0.8028321266174316,0.127394437789917
188,5,128,92,0.6481409072875977,0.16848637163639069
188,5,128,93,0.8325673341751099,0.12768986821174622
188,5,128,94,0.7694379091262817,0.1530836522579193
188,5,128,95,0.8198081851005554,0.11924982815980911
188,5,128,96,0.7506735920906067,0.24563173949718475
188,5,128,97,0.7615076899528503,0.11077980697154999
188,5,128,98,0.8336125612258911,0.11072918772697449
188,5,128,99,0.5980290770530701,0.16773603856563568
188,5,128,100,0.6606667637825012,0.08844998478889465
188,5,128,101,0.5861498117446899,0.2233840376138687
188,5,128,102,0.742344081401825,0.1571664661169052
188,5,128,103,0.6253597736358643,0.19316323101520538
188,5,128,104,0.7814627885818481,0.1369590014219284
188,5,128,105,0.432687908411026,0.23941971361637115
188,5,128,106,0.749667227268219,0.10517752915620804
188,5,128,107,0.7768211960792542,0.25211766362190247
188,5,128,108,0.7781971096992493,0.121474988758564
188,5,128,109,0.8431175351142883,0.1069338396191597
188,5,128,110,0.7870365977287292,0.08806094527244568
188,5,128,111,0.464071661233902,0.28244224190711975
188,5,128,112,0.7040308713912964,0.13715341687202454
188,5,128,113,0.7865037322044373,0.17564067244529724
188,5,128,114,0.730568528175354,0.15743900835514069
188,5,128,115,0.8150871992111206,0.12567245960235596
188,5,128,116,0.5676478147506714,0.10488046705722809
188,5,128,117,0.64990234375,0.20141562819480896
188,5,128,118,0.6987853050231934,0.13728450238704681
188,5,128,119,0.4473254680633545,0.09206302464008331
188,5,128,120,0.6494848132133484,0.13842400908470154
188,5,128,121,0.7872299551963806,0.13144545257091522
188,5,128,122,0.8335375785827637,0.10263941437005997
188,5,128,123,0.4700658917427063,0.2415982484817505
188,5,128,124,0.7100685834884644,0.21168068051338196
188,5,128,125,0.5507258772850037,0.22303037345409393
188,5,128,126,0.6010231971740723,0.10809534788131714
188,5,128,127,0.7517359256744385,0.1411529779434204
189,0,32,0,0.5825624465942383,0.040816470980644226
189,0,32,1,0.5347879528999329,0.07389423251152039
189,0,32,2,0.4389720559120178,0.031920090317726135
189,0,32,3,0.41294342279434204,0.07091078907251358
189,0,32,4,0.5465320348739624,0.07687573879957199
189,0,32,5,0.5397632718086243,0.054222483187913895
189,0,32,6,0.3536836802959442,0.03361504152417183
189,0,32,7,0.4991472363471985,0.015296269208192825
189,0,32,8,0.4172726571559906,0.03682364895939827
189,0,32,9,0.5834968686103821,0.0477110780775547
189,0,32,10,0.6212776303291321,0.03199346363544464
189,0,32,11,0.5113412141799927,0.06249397248029709
189,0,32,12,0.44878876209259033,0.03483109921216965
189,0,32,13,0.6240587830543518,0.05883103981614113
189,0,32,14,0.4017396569252014,0.07014261186122894
189,0,32,15,0.5698267817497253,0.06943722814321518
189,0,32,16,0.5895578265190125,0.028579367324709892
189,0,32,17,0.5634971857070923,0.07091231644153595
189,0,32,18,0.5393995046615601,0.05475667864084244
189,0,32,19,0.5543334484100342,0.05671471357345581
189,0,32,20,0.6572127342224121,0.04316982254385948
189,0,32,21,0.5231833457946777,0.05226469412446022
189,0,32,22,0.40507417917251587,0.03511936962604523
189,0,32,23,0.5017675161361694,0.0251337718218565
189,0,32,24,0.46734264492988586,0.01860911399126053
189,0,32,25,0.4188821613788605,0.046851836144924164
189,0,32,26,0.4737466871738434,0.0639171153306961
189,0,32,27,0.5542840361595154,0.029420629143714905
189,0,32,28,0.5078017115592957,0.07412945479154587
189,0,32,29,0.43660375475883484,0.044484853744506836
189,0,32,30,0.4929761290550232,0.07513393461704254
189,0,32,31,0.5572066307067871,0.06966833025217056
189,1,32,0,0.6676062345504761,0.05492265522480011
189,1,32,1,0.4473189413547516,0.04016166180372238
189,1,32,2,0.36808329820632935,0.04592936486005783
189,1,32,3,0.4839981198310852,0.06152041256427765
189,1,32,4,0.4134618937969208,0.07996638119220734
189,1,32,5,0.37670624256134033,0.0947224572300911
189,1,32,6,0.5941041707992554,0.042130906134843826
189,1,32,7,0.6296250820159912,0.06763318181037903
189,1,32,8,0.46872660517692566,0.11242847144603729
189,1,32,9,0.37828952074050903,0.039713118225336075
189,1,32,10,0.4968530237674713,0.09433029592037201
189,1,32,11,0.5018629431724548,0.07864449173212051
189,1,32,12,0.6145508289337158,0.07789679616689682
189,1,32,13,0.42988577485084534,0.04063412547111511
189,1,32,14,0.46102532744407654,0.04080758988857269
189,1,32,15,0.5017614960670471,0.050692446529865265
189,1,32,16,0.5792763233184814,0.06417760998010635
189,1,32,17,0.5260579586029053,0.05673469230532646
189,1,32,18,0.35543566942214966,0.034660764038562775
189,1,32,19,0.37638750672340393,0.05039404705166817
189,1,32,20,0.5963816046714783,0.07617420703172684
189,1,32,21,0.580154299736023,0.055269550532102585
189,1,32,22,0.37852004170417786,0.08305802941322327
189,1,32,23,0.45071059465408325,0.09585820883512497
189,1,32,24,0.3968539834022522,0.042542919516563416
189,1,32,25,0.3745861053466797,0.07722290605306625
189,1,32,26,0.5212826728820801,0.06041009724140167
189,1,32,27,0.47546014189720154,0.04304010048508644
189,1,32,28,0.5720498561859131,0.08201590925455093
189,1,32,29,0.5088670253753662,0.08030959963798523
189,1,32,30,0.5795736312866211,0.0709780901670456
189,1,32,31,0.5165425539016724,0.0987483486533165
189,2,64,0,0.46497470140457153,0.060324814170598984
189,2,64,1,0.4855094850063324,0.06069060415029526
189,2,64,2,0.5497083067893982,0.08728610724210739
189,2,64,3,0.4827263355255127,0.08052892237901688
189,2,64,4,0.49592289328575134,0.05556830018758774
189,2,64,5,0.4003277122974396,0.06884166598320007
189,2,64,6,0.47020992636680603,0.08290975540876389
189,2,64,7,0.41732364892959595,0.1029747799038887
189,2,64,8,0.5418802499771118,0.045085109770298004
189,2,64,9,0.45763832330703735,0.08269798010587692
189,2,64,10,0.46314582228660583,0.041563887149095535
189,2,64,11,0.5102826952934265,0.041567616164684296
189,2,64,12,0.43316107988357544,0.07584397494792938
189,2,64,13,0.45755621790885925,0.041066572070121765
189,2,64,14,0.4402120113372803,0.06650496274232864
189,2,64,15,0.6260080337524414,0.07795856148004532
189,2,64,16,0.4435736835002899,0.04634961113333702
189,2,64,17,0.45441392064094543,0.05016918480396271
189,2,64,18,0.6091659069061279,0.03699884191155434
189,2,64,19,0.4698813557624817,0.047192398458719254
189,2,64,20,0.5212876796722412,0.026916278526186943
189,2,64,21,0.4184403419494629,0.07524067163467407
189,2,64,22,0.4397454261779785,0.03474926948547363
189,2,64,23,0.5788738131523132,0.06824576109647751
189,2,64,24,0.43094301223754883,0.04364228621125221
189,2,64,25,0.5305253863334656,0.037726376205682755
189,2,64,26,0.4979308247566223,0.06667256355285645
189,2,64,27,0.5310775637626648,0.08822965621948242
189,2,64,28,0.5201436281204224,0.04513014107942581
189,2,64,29,0.5842519402503967,0.03734206408262253
189,2,64,30,0.5007907152175903,0.07730550318956375
189,2,64,31,0.5242882966995239,0.09056191146373749
189,2,64,32,0.37540483474731445,0.07463152706623077
189,2,64,33,0.5058618783950806,0.07967886328697205
189,2,64,34,0.5757701396942139,0.0524459034204483
189,2,64,35,0.49770256876945496,0.05901174247264862
189,2,64,36,0.45609912276268005,0.08662623912096024
189,2,64,37,0.48942485451698303,0.052625998854637146
189,2,64,38,0.5992878079414368,0.09122718870639801
189,2,64,39,0.4236167371273041,0.04180225729942322
189,2,64,40,0.5508823394775391,0.09313889592885971
189,2,64,41,0.45314112305641174,0.07212500274181366
189,2,64,42,0.5151442289352417,0.045579493045806885
189,2,64,43,0.49002429842948914,0.06104140356183052
189,2,64,44,0.5703527331352234,0.04938361421227455
189,2,64,45,0.47847044467926025,0.0771651417016983
189,2,64,46,0.5181106925010681,0.08233660459518433
189,2,64,47,0.5205671191215515,0.03739238157868385
189,2,64,48,0.40463560819625854,0.057312577962875366
189,2,64,49,0.4689328968524933,0.08519052714109421
189,2,64,50,0.4394175708293915,0.030789021402597427
189,2,64,51,0.4641176462173462,0.06905361264944077
189,2,64,52,0.453981876373291,0.07574859261512756
189,2,64,53,0.4157184362411499,0.04737074300646782
189,2,64,54,0.40617433190345764,0.06652750074863434
189,2,64,55,0.5269782543182373,0.0795694887638092
189,2,64,56,0.49349164962768555,0.06631116569042206
189,2,64,57,0.500717043876648,0.07061906158924103
189,2,64,58,0.5114096999168396,0.1123080849647522
189,2,64,59,0.5328136682510376,0.045223552733659744
189,2,64,60,0.5676179528236389,0.05819520726799965
189,2,64,61,0.4374736547470093,0.06836092472076416
189,2,64,62,0.5946196913719177,0.063047394156456
189,2,64,63,0.6013687252998352,0.07638204097747803
189,3,64,0,0.41592642664909363,0.10033606737852097
189,3,64,1,0.4165271818637848,0.08806182444095612
189,3,64,2,0.5170862674713135,0.15139830112457275
189,3,64,3,0.4308953583240509,0.22440120577812195
189,3,64,4,0.4347730576992035,0.12809664011001587
189,3,64,5,0.5111833810806274,0.03748004883527756
189,3,64,6,0.38951945304870605,0.14501838386058807
189,3,64,7,0.6112094521522522,0.22583089768886566
189,3,64,8,0.6333793997764587,0.12192919105291367
189,3,64,9,0.6710070371627808,0.10091306269168854
189,3,64,10,0.5870417952537537,0.18068191409111023
189,3,64,11,0.6968331336975098,0.06251015514135361
189,3,64,12,0.3305727243423462,0.08016042411327362
189,3,64,13,0.40528327226638794,0.1842563897371292
189,3,64,14,0.6630426049232483,0.12414068728685379
189,3,64,15,0.6685120463371277,0.09715176373720169
189,3,64,16,0.298370361328125,0.115167997777462
189,3,64,17,0.4024461507797241,0.047347720712423325
189,3,64,18,0.4638056457042694,0.14523546397686005
189,3,64,19,0.39514946937561035,0.16392754018306732
189,3,64,20,0.5051144361495972,0.1117640882730484
189,3,64,21,0.5162912607192993,0.1383136510848999
189,3,64,22,0.39588579535484314,0.17315711081027985
189,3,64,23,0.48239314556121826,0.10075198113918304
189,3,64,24,0.5603352785110474,0.12974964082241058
189,3,64,25,0.47730499505996704,0.08492757380008698
189,3,64,26,0.47053301334381104,0.13575135171413422
189,3,64,27,0.42042261362075806,0.14160360395908356
189,3,64,28,0.422681599855423,0.14741326868534088
189,3,64,29,0.5785105228424072,0.23922711610794067
189,3,64,30,0.3836447298526764,0.09865275770425797
189,3,64,31,0.3646007478237152,0.1933678686618805
189,3,64,32,0.4633583128452301,0.23360379040241241
189,3,64,33,0.6389452815055847,0.13520343601703644
189,3,64,34,0.35530057549476624,0.1587752103805542
189,3,64,35,0.659072995185852,0.14483308792114258
189,3,64,36,0.526236891746521,0.16570062935352325
189,3,64,37,0.49654802680015564,0.13623230159282684
189,3,64,38,0.5474841594696045,0.15248040854930878
189,3,64,39,0.2730720639228821,0.08593422919511795
189,3,64,40,0.6274875998497009,0.09812849760055542
189,3,64,41,0.4157111942768097,0.12155807763338089
189,3,64,42,0.527186930179596,0.24139074981212616
189,3,64,43,0.3641592860221863,0.12660907208919525
189,3,64,44,0.44368523359298706,0.12425874918699265
189,3,64,45,0.5849559903144836,0.14214368164539337
189,3,64,46,0.5728060007095337,0.25342556834220886
189,3,64,47,0.5644035935401917,0.04922087490558624
189,3,64,48,0.5337610840797424,0.09393059462308884
189,3,64,49,0.475800096988678,0.08169060945510864
189,3,64,50,0.5852797627449036,0.16590085625648499
189,3,64,51,0.5725857615470886,0.14139510691165924
189,3,64,52,0.5555123686790466,0.06153076887130737
189,3,64,53,0.3640897274017334,0.08701927214860916
189,3,64,54,0.4188730716705322,0.08871349692344666
189,3,64,55,0.5354867577552795,0.14455366134643555
189,3,64,56,0.4626848101615906,0.18352042138576508
189,3,64,57,0.4583507776260376,0.1022263765335083
189,3,64,58,0.5348569750785828,0.16797325015068054
189,3,64,59,0.34994980692863464,0.07085775583982468
189,3,64,60,0.4989389479160309,0.10581747442483902
189,3,64,61,0.5192350745201111,0.05077682062983513
189,3,64,62,0.5471709370613098,0.17053306102752686
189,3,64,63,0.5540515184402466,0.1549328863620758
189,4,128,0,0.5982617139816284,0.08536680042743683
189,4,128,1,0.4587542712688446,0.10296323895454407
189,4,128,2,0.6210926175117493,0.11773145943880081
189,4,128,3,0.41837969422340393,0.098994679749012
189,4,128,4,0.5145552158355713,0.2034008949995041
189,4,128,5,0.4646715819835663,0.08930997550487518
189,4,128,6,0.6257351636886597,0.18718747794628143
189,4,128,7,0.6986302733421326,0.12359794974327087
189,4,128,8,0.699886679649353,0.166921004652977
189,4,128,9,0.5254204273223877,0.049238912761211395
189,4,128,10,0.38710370659828186,0.10340450704097748
189,4,128,11,0.47542017698287964,0.13644221425056458
189,4,128,12,0.5748102068901062,0.1767994612455368
189,4,128,13,0.4687080383300781,0.13001134991645813
189,4,128,14,0.39402851462364197,0.09976448863744736
189,4,128,15,0.6381644010543823,0.19079619646072388
189,4,128,16,0.527593195438385,0.14358973503112793
189,4,128,17,0.5984725952148438,0.1782340556383133
189,4,128,18,0.3772265315055847,0.2028755396604538
189,4,128,19,0.47358307242393494,0.11303698271512985
189,4,128,20,0.6120719909667969,0.11815325915813446
189,4,128,21,0.5778068900108337,0.07893599569797516
189,4,128,22,0.5985726714134216,0.054140329360961914
189,4,128,23,0.6762435436248779,0.09768126159906387
189,4,128,24,0.6282556653022766,0.16250814497470856
189,4,128,25,0.4677155613899231,0.08381154388189316
189,4,128,26,0.6185629963874817,0.1352231204509735
189,4,128,27,0.5733425617218018,0.19678835570812225
189,4,128,28,0.4881996512413025,0.08827952295541763
189,4,128,29,0.5690086483955383,0.2264949530363083
189,4,128,30,0.567009449005127,0.09345381706953049
189,4,128,31,0.577825665473938,0.13216280937194824
189,4,128,32,0.3543682098388672,0.19660432636737823
189,4,128,33,0.5352798700332642,0.17533709108829498
189,4,128,34,0.45865657925605774,0.05568371340632439
189,4,128,35,0.5000140070915222,0.0995187908411026
189,4,128,36,0.5276666879653931,0.15436314046382904
189,4,128,37,0.5655503273010254,0.10101310163736343
189,4,128,38,0.5822951793670654,0.09485597908496857
189,4,128,39,0.5404422283172607,0.09898467361927032
189,4,128,40,0.5811368227005005,0.09235058724880219
189,4,128,41,0.44351381063461304,0.10645720362663269
189,4,128,42,0.5396085381507874,0.0622456856071949
189,4,128,43,0.6263212561607361,0.12933284044265747
189,4,128,44,0.6263083219528198,0.22733467817306519
189,4,128,45,0.4922909438610077,0.13410939276218414
189,4,128,46,0.5558180809020996,0.12807801365852356
189,4,128,47,0.5014017820358276,0.06385041773319244
189,4,128,48,0.5235115885734558,0.10691030323505402
189,4,128,49,0.5582301020622253,0.2052593231201172
189,4,128,50,0.3887016773223877,0.16354358196258545
189,4,128,51,0.6120389103889465,0.18082115054130554
189,4,128,52,0.4471264183521271,0.07794150710105896
189,4,128,53,0.32503628730773926,0.11480153352022171
189,4,128,54,0.45043906569480896,0.12552861869335175
189,4,128,55,0.7135149240493774,0.13664357364177704
189,4,128,56,0.5145215392112732,0.19825531542301178
189,4,128,57,0.45943811535835266,0.1838351935148239
189,4,128,58,0.5489733815193176,0.06199328228831291
189,4,128,59,0.5459246635437012,0.12378383427858353
189,4,128,60,0.3871583938598633,0.13669578731060028
189,4,128,61,0.612287700176239,0.1593862622976303
189,4,128,62,0.43893277645111084,0.12183503806591034
189,4,128,63,0.43223950266838074,0.15348872542381287
189,4,128,64,0.6410180926322937,0.08860185742378235
189,4,128,65,0.5696947574615479,0.09102091938257217
189,4,128,66,0.45317235589027405,0.21158379316329956
189,4,128,67,0.6308203935623169,0.1387580782175064
189,4,128,68,0.6886487007141113,0.10320594906806946
189,4,128,69,0.43149086833000183,0.12269531190395355
189,4,128,70,0.49276211857795715,0.19317293167114258
189,4,128,71,0.48965319991111755,0.15742403268814087
189,4,128,72,0.40889057517051697,0.039838794618844986
189,4,128,73,0.4255214333534241,0.14604391157627106
189,4,128,74,0.4344317615032196,0.17392471432685852
189,4,128,75,0.6299757361412048,0.16527990996837616
189,4,128,76,0.5006195306777954,0.1666419953107834
189,4,128,77,0.6304627060890198,0.12045541405677795
189,4,128,78,0.5832059383392334,0.16452933847904205
189,4,128,79,0.5155178904533386,0.21297316253185272
189,4,128,80,0.4297102987766266,0.12567782402038574
189,4,128,81,0.41163161396980286,0.1387694627046585
189,4,128,82,0.5246215462684631,0.17469841241836548
189,4,128,83,0.5659816265106201,0.11960865557193756
189,4,128,84,0.5378334522247314,0.20632575452327728
189,4,128,85,0.3618111312389374,0.13253043591976166
189,4,128,86,0.6112076044082642,0.14082983136177063
189,4,128,87,0.6511118412017822,0.10363667458295822
189,4,128,88,0.529933512210846,0.07495678961277008
189,4,128,89,0.5204551815986633,0.12948091328144073
189,4,128,90,0.6167287826538086,0.14651142060756683
189,4,128,91,0.5707696676254272,0.11426801979541779
189,4,128,92,0.4398711621761322,0.08158976584672928
189,4,128,93,0.4399684965610504,0.1311178207397461
189,4,128,94,0.4156217873096466,0.11409080773591995
189,4,128,95,0.5883952975273132,0.18601398169994354
189,4,128,96,0.5688658952713013,0.1517283022403717
189,4,128,97,0.47402146458625793,0.14503052830696106
189,4,128,98,0.5138868689537048,0.09023351967334747
189,4,128,99,0.29116126894950867,0.08512275665998459
189,4,128,100,0.551983118057251,0.09659190475940704
189,4,128,101,0.5880234837532043,0.10692883282899857
189,4,128,102,0.6456347703933716,0.08017657697200775
189,4,128,103,0.5186486840248108,0.15126243233680725
189,4,128,104,0.6527475118637085,0.14587849378585815
189,4,128,105,0.6612585186958313,0.10986091196537018
189,4,128,106,0.5139821767807007,0.1284259408712387
189,4,128,107,0.6645205616950989,0.1594497561454773
189,4,128,108,0.584501326084137,0.2060445100069046
189,4,128,109,0.6705991625785828,0.15401454269886017
189,4,128,110,0.6454921960830688,0.1405806690454483
189,4,128,111,0.497493177652359,0.13162466883659363
189,4,128,112,0.6619796752929688,0.18272873759269714
189,4,128,113,0.6108631491661072,0.24035364389419556
189,4,128,114,0.3565030097961426,0.10846037417650223
189,4,128,115,0.4324144423007965,0.19363996386528015
189,4,128,116,0.5913921594619751,0.07578575611114502
189,4,128,117,0.5618152618408203,0.08698071539402008
189,4,128,118,0.5731422901153564,0.1643173098564148
189,4,128,119,0.39811593294143677,0.1757294237613678
189,4,128,120,0.6071600317955017,0.20378243923187256
189,4,128,121,0.3775165379047394,0.09866055846214294
189,4,128,122,0.6419541239738464,0.1580027937889099
189,4,128,123,0.5082424283027649,0.1513383537530899
189,4,128,124,0.5475143194198608,0.21220481395721436
189,4,128,125,0.3508800268173218,0.11495477706193924
189,4,128,126,0.3853055238723755,0.2039038985967636
189,4,128,127,0.45725300908088684,0.09950900822877884
189,5,128,0,0.5845341682434082,0.0812002643942833
189,5,128,1,0.651220440864563,0.09973087161779404
189,5,128,2,0.5539562702178955,0.1452925056219101
189,5,128,3,0.4726804792881012,0.06462778896093369
189,5,128,4,0.4757404327392578,0.052253298461437225
189,5,128,5,0.5856257677078247,0.1041424497961998
189,5,128,6,0.46545395255088806,0.04827003926038742
189,5,128,7,0.6227678060531616,0.07016468793153763
189,5,128,8,0.41069844365119934,0.04433421790599823
189,5,128,9,0.49779847264289856,0.02305152826011181
189,5,128,10,0.5058980584144592,0.08410893380641937
189,5,128,11,0.5021160244941711,0.04368473216891289
189,5,128,12,0.6391870975494385,0.06927871704101562
189,5,128,13,0.5681774616241455,0.08168662339448929
189,5,128,14,0.6643924713134766,0.06266521662473679
189,5,128,15,0.5008718967437744,0.09285122156143188
189,5,128,16,0.5000441670417786,0.0717862918972969
189,5,128,17,0.5350561738014221,0.05255715176463127
189,5,128,18,0.5395542979240417,0.05087234824895859
189,5,128,19,0.5386890769004822,0.07311984896659851
189,5,128,20,0.6394936442375183,0.07008880376815796
189,5,128,21,0.5573934316635132,0.09539293497800827
189,5,128,22,0.5133880376815796,0.07184231281280518
189,5,128,23,0.44360068440437317,0.11736210435628891
189,5,128,24,0.585940957069397,0.0749727264046669
189,5,128,25,0.571627140045166,0.06679145246744156
189,5,128,26,0.5399808883666992,0.16686765849590302
189,5,128,27,0.5035300850868225,0.11352148652076721
189,5,128,28,0.40264806151390076,0.0818834900856018
189,5,128,29,0.46389785408973694,0.11272773146629333
189,5,128,30,0.4231965243816376,0.07733803242444992
189,5,128,31,0.5401149988174438,0.06961540877819061
189,5,128,32,0.5260868072509766,0.08785555511713028
189,5,128,33,0.46810564398765564,0.08266513049602509
189,5,128,34,0.5348332524299622,0.0286897961050272
189,5,128,35,0.6464154720306396,0.07261838763952255
189,5,128,36,0.5246490240097046,0.13773097097873688
189,5,128,37,0.6006113886833191,0.08416971564292908
189,5,128,38,0.6327970027923584,0.08145039528608322
189,5,128,39,0.5051909685134888,0.07931815832853317
189,5,128,40,0.48974692821502686,0.07979601621627808
189,5,128,41,0.5886332392692566,0.11346381157636642
189,5,128,42,0.40652552247047424,0.04939425736665726
189,5,128,43,0.4684668481349945,0.1079336553812027
189,5,128,44,0.5029262900352478,0.07709183543920517
189,5,128,45,0.664310872554779,0.11930911242961884
189,5,128,46,0.5064367055892944,0.03930597007274628
189,5,128,47,0.4892146587371826,0.07949541509151459
189,5,128,48,0.553263247013092,0.10295552760362625
189,5,128,49,0.5743607878684998,0.11833405494689941
189,5,128,50,0.5988157391548157,0.07770417630672455
189,5,128,51,0.4340001344680786,0.11337439715862274
189,5,128,52,0.5615140199661255,0.08871342241764069
189,5,128,53,0.4495391547679901,0.07501532882452011
189,5,128,54,0.6370093822479248,0.04275098443031311
189,5,128,55,0.4828755557537079,0.06345191597938538
189,5,128,56,0.504324197769165,0.09657234698534012
189,5,128,57,0.5981131792068481,0.07019466161727905
189,5,128,58,0.5585612654685974,0.07774266600608826
189,5,128,59,0.6661368608474731,0.04945332184433937
189,5,128,60,0.4201050400733948,0.04742147773504257
189,5,128,61,0.6878262162208557,0.07946497201919556
189,5,128,62,0.5250563025474548,0.05834859982132912
189,5,128,63,0.4315437376499176,0.0487527996301651
189,5,128,64,0.6259409785270691,0.11679341644048691
189,5,128,65,0.5599899888038635,0.09565574675798416
189,5,128,66,0.5511848330497742,0.07572802901268005
189,5,128,67,0.5111130475997925,0.10636592656373978
189,5,128,68,0.5710421204566956,0.14247483015060425
189,5,128,69,0.45917877554893494,0.10778430104255676
189,5,128,70,0.5874150395393372,0.11664555966854095
189,5,128,71,0.4896053075790405,0.053661782294511795
189,5,128,72,0.46556445956230164,0.07137727737426758
189,5,128,73,0.4948575496673584,0.11365915089845657
189,5,128,74,0.4760249853134155,0.1076589822769165
189,5,128,75,0.5408072471618652,0.05637427046895027
189,5,128,76,0.5865373611450195,0.0418611504137516
189,5,128,77,0.49755075573921204,0.04404322803020477
189,5,128,78,0.5671051144599915,0.10028989613056183
189,5,128,79,0.6340218782424927,0.10838153213262558
189,5,128,80,0.5405929088592529,0.10380992293357849
189,5,128,81,0.5525784492492676,0.0877910703420639
189,5,128,82,0.45694825053215027,0.041884370148181915
189,5,128,83,0.6424179077148438,0.0844050794839859
189,5,128,84,0.4713159203529358,0.04186207056045532
189,5,128,85,0.4234921932220459,0.060873694717884064
189,5,128,86,0.5138624310493469,0.1459050476551056
189,5,128,87,0.4871416985988617,0.041629575192928314
189,5,128,88,0.5521270036697388,0.11487170308828354
189,5,128,89,0.5912664532661438,0.07328340411186218
189,5,128,90,0.46996554732322693,0.07752063870429993
189,5,128,91,0.5672063231468201,0.10019310563802719
189,5,128,92,0.5453376770019531,0.03376338258385658
189,5,128,93,0.6274309158325195,0.10004095733165741
189,5,128,94,0.43764203786849976,0.046574145555496216
189,5,128,95,0.5287917256355286,0.09943343698978424
189,5,128,96,0.44721221923828125,0.049661945551633835
189,5,128,97,0.48702484369277954,0.04846233129501343
189,5,128,98,0.4919675886631012,0.09224637597799301
189,5,128,99,0.44495388865470886,0.10384932160377502
189,5,128,100,0.4593908488750458,0.05361935868859291
189,5,128,101,0.40335115790367126,0.05753713846206665
189,5,128,102,0.5868598818778992,0.08824815601110458
189,5,128,103,0.5181201696395874,0.0784909576177597
189,5,128,104,0.45910242199897766,0.04540187492966652
189,5,128,105,0.5328595042228699,0.03343142941594124
189,5,128,106,0.5475867390632629,0.1484595239162445
189,5,128,107,0.5520766377449036,0.17702753841876984
189,5,128,108,0.5210633873939514,0.0384325347840786
189,5,128,109,0.5013108253479004,0.07980319112539291
189,5,128,110,0.6025686264038086,0.05412367731332779
189,5,128,111,0.6162680387496948,0.1384841501712799
189,5,128,112,0.5248005986213684,0.1619398444890976
189,5,128,113,0.5819852948188782,0.07749176025390625
189,5,128,114,0.5923588275909424,0.08207631856203079
189,5,128,115,0.4871954321861267,0.08834148943424225
189,5,128,116,0.54872727394104,0.05028892308473587
189,5,128,117,0.5989312529563904,0.12596455216407776
189,5,128,118,0.5567805171012878,0.11086324602365494
189,5,128,119,0.50806725025177,0.09873244911432266
189,5,128,120,0.5394015312194824,0.08868490159511566
189,5,128,121,0.5736856460571289,0.07137621939182281
189,5,128,122,0.49560800194740295,0.0880519449710846
189,5,128,123,0.584483802318573,0.04890461266040802
189,5,128,124,0.49775755405426025,0.12094694375991821
189,5,128,125,0.642724871635437,0.07228969782590866
189,5,128,126,0.451969176530838,0.04717617854475975
189,5,128,127,0.47867488861083984,0.09071733057498932
190,0,32,0,0.6563377976417542,0.05096851661801338
190,0,32,1,0.5212005972862244,0.06478676944971085
190,0,32,2,0.49306848645210266,0.05253634601831436
190,0,32,3,0.47518786787986755,0.09157968312501907
190,0,32,4,0.32766878604888916,0.09170828014612198
190,0,32,5,0.6418887376785278,0.08288805186748505
190,0,32,6,0.498514860868454,0.15027520060539246
190,0,32,7,0.4731085002422333,0.08175910264253616
190,0,32,8,0.5069208741188049,0.12085253745317459
190,0,32,9,0.5090315341949463,0.06722614914178848
190,0,32,10,0.35766541957855225,0.08754812926054001
190,0,32,11,0.3563610315322876,0.05001339688897133
190,0,32,12,0.46636292338371277,0.10762427002191544
190,0,32,13,0.4687483608722687,0.1418960690498352
190,0,32,14,0.5757337212562561,0.053896039724349976
190,0,32,15,0.4068504273891449,0.07783892750740051
190,0,32,16,0.4286886155605316,0.12496684491634369
190,0,32,17,0.5803692936897278,0.09846499562263489
190,0,32,18,0.40392887592315674,0.07997750490903854
190,0,32,19,0.5580717921257019,0.11848387867212296
190,0,32,20,0.4411027729511261,0.07418220490217209
190,0,32,21,0.5219330787658691,0.08220386505126953
190,0,32,22,0.46727973222732544,0.07404414564371109
190,0,32,23,0.6671053171157837,0.07403989136219025
190,0,32,24,0.46459704637527466,0.08544381707906723
190,0,32,25,0.45868968963623047,0.08333317935466766
190,0,32,26,0.42967861890792847,0.1426374465227127
190,0,32,27,0.5125776529312134,0.12645915150642395
190,0,32,28,0.5285197496414185,0.09576325863599777
190,0,32,29,0.5750525593757629,0.06263552606105804
190,0,32,30,0.5688000321388245,0.03123391605913639
190,0,32,31,0.5408748984336853,0.09476727247238159
190,1,32,0,0.38862672448158264,0.07576672732830048
190,1,32,1,0.5643736720085144,0.03953252732753754
190,1,32,2,0.45384481549263,0.09878513216972351
190,1,32,3,0.43775463104248047,0.07627354562282562
190,1,32,4,0.5941980481147766,0.10059148818254471
190,1,32,5,0.3936169445514679,0.04877191409468651
190,1,32,6,0.35249146819114685,0.08241457492113113
190,1,32,7,0.477710098028183,0.0645526796579361
190,1,32,8,0.527686595916748,0.08996190875768661
190,1,32,9,0.41400590538978577,0.043622806668281555
190,1,32,10,0.42340460419654846,0.0917879194021225
190,1,32,11,0.5393573045730591,0.05782525613903999
190,1,32,12,0.3586437702178955,0.06044650077819824
190,1,32,13,0.47067543864250183,0.061443015933036804
190,1,32,14,0.553856372833252,0.09051129221916199
190,1,32,15,0.4652809500694275,0.05607807636260986
190,1,32,16,0.5395753383636475,0.08293220400810242
190,1,32,17,0.4462810754776001,0.0677732601761818
190,1,32,18,0.42122697830200195,0.06288858503103256
190,1,32,19,0.5916464924812317,0.07389035075902939
190,1,32,20,0.5388901233673096,0.08242926746606827
190,1,32,21,0.5451004505157471,0.0821835920214653
190,1,32,22,0.4173204302787781,0.026509109884500504
190,1,32,23,0.5696911811828613,0.0465557724237442
190,1,32,24,0.5803423523902893,0.041511327028274536
190,1,32,25,0.5599045157432556,0.09348075091838837
190,1,32,26,0.4696921408176422,0.09108001738786697
190,1,32,27,0.4699072539806366,0.0742269903421402
190,1,32,28,0.4221465587615967,0.08987870812416077
190,1,32,29,0.42639970779418945,0.1016215831041336
190,1,32,30,0.5721348524093628,0.10320112854242325
190,1,32,31,0.40599024295806885,0.03610529750585556
190,2,64,0,0.5560835599899292,0.210797518491745
190,2,64,1,0.3384016454219818,0.14529326558113098
190,2,64,2,0.5615247488021851,0.12972930073738098
190,2,64,3,0.6280701160430908,0.1295439898967743
190,2,64,4,0.3881104588508606,0.17314423620700836
190,2,64,5,0.5160598754882812,0.16572588682174683
190,2,64,6,0.505615770816803,0.1528228223323822
190,2,64,7,0.636786162853241,0.11443013697862625
190,2,64,8,0.44923335313796997,0.1182929128408432
190,2,64,9,0.5208804607391357,0.19118519127368927
190,2,64,10,0.33817046880722046,0.14201951026916504
190,2,64,11,0.5206915736198425,0.12024954706430435
190,2,64,12,0.43052563071250916,0.19528938829898834
190,2,64,13,0.49091440439224243,0.15272463858127594
190,2,64,14,0.5500259399414062,0.1376132369041443
190,2,64,15,0.5834930539131165,0.13855242729187012
190,2,64,16,0.5744020342826843,0.15959732234477997
190,2,64,17,0.600469172000885,0.11183133721351624
190,2,64,18,0.5225412249565125,0.15210475027561188
190,2,64,19,0.5934594869613647,0.11266674101352692
190,2,64,20,0.3977445960044861,0.11764996498823166
190,2,64,21,0.3973885178565979,0.08855582773685455
190,2,64,22,0.3177627623081207,0.16521507501602173
190,2,64,23,0.5316416621208191,0.1544446349143982
190,2,64,24,0.4075610339641571,0.068874292075634
190,2,64,25,0.43829843401908875,0.19023358821868896
190,2,64,26,0.5227938294410706,0.10622193664312363
190,2,64,27,0.41796234250068665,0.09017791599035263
190,2,64,28,0.47979414463043213,0.10563085973262787
190,2,64,29,0.5430330038070679,0.2461288422346115
190,2,64,30,0.5298416018486023,0.12060361355543137
190,2,64,31,0.4150560200214386,0.11895948648452759
190,2,64,32,0.4518866539001465,0.14298999309539795
190,2,64,33,0.5197458863258362,0.12969914078712463
190,2,64,34,0.5536238551139832,0.11708201467990875
190,2,64,35,0.5186503529548645,0.09692498296499252
190,2,64,36,0.45864737033843994,0.1350766271352768
190,2,64,37,0.5215287208557129,0.21725013852119446
190,2,64,38,0.6097990274429321,0.17275966703891754
190,2,64,39,0.4512746036052704,0.09237728267908096
190,2,64,40,0.43846961855888367,0.15143130719661713
190,2,64,41,0.3678242862224579,0.16565507650375366
190,2,64,42,0.6707003712654114,0.139780655503273
190,2,64,43,0.5056232213973999,0.15491169691085815
190,2,64,44,0.47236326336860657,0.17157778143882751
190,2,64,45,0.4334062337875366,0.19450439512729645
190,2,64,46,0.3779510259628296,0.18197514116764069
190,2,64,47,0.46091318130493164,0.10747402906417847
190,2,64,48,0.5860028862953186,0.1476672887802124
190,2,64,49,0.45723119378089905,0.10087615996599197
190,2,64,50,0.5376483201980591,0.12678846716880798
190,2,64,51,0.5047288537025452,0.15049754083156586
190,2,64,52,0.34738168120384216,0.08125515282154083
190,2,64,53,0.6224332451820374,0.17899282276630402
190,2,64,54,0.495151162147522,0.227261483669281
190,2,64,55,0.5174700021743774,0.11459427326917648
190,2,64,56,0.43906521797180176,0.15019258856773376
190,2,64,57,0.6229488253593445,0.11494779586791992
190,2,64,58,0.4802348017692566,0.19163444638252258
190,2,64,59,0.3997732996940613,0.12451396137475967
190,2,64,60,0.588560163974762,0.136728435754776
190,2,64,61,0.6529914736747742,0.11541303992271423
190,2,64,62,0.3691413700580597,0.18895189464092255
190,2,64,63,0.4604845643043518,0.11581199616193771
190,3,64,0,0.49959465861320496,0.11923837661743164
190,3,64,1,0.625542938709259,0.05358186736702919
190,3,64,2,0.380788117647171,0.0841691642999649
190,3,64,3,0.60090571641922,0.14863897860050201
190,3,64,4,0.42777469754219055,0.1416243612766266
190,3,64,5,0.5294411778450012,0.14569173753261566
190,3,64,6,0.5596883296966553,0.0842871218919754
190,3,64,7,0.6024972796440125,0.1968248337507248
190,3,64,8,0.5493447780609131,0.05989392101764679
190,3,64,9,0.5142442584037781,0.17870181798934937
190,3,64,10,0.44820836186408997,0.1397664099931717
190,3,64,11,0.471712589263916,0.0274030901491642
190,3,64,12,0.5200058817863464,0.048341356217861176
190,3,64,13,0.5908145904541016,0.03773614764213562
190,3,64,14,0.36931946873664856,0.14950791001319885
190,3,64,15,0.458147257566452,0.048329874873161316
190,3,64,16,0.4635496139526367,0.06765632331371307
190,3,64,17,0.6690460443496704,0.06710989773273468
190,3,64,18,0.5637426376342773,0.07779933512210846
190,3,64,19,0.6354436874389648,0.0923881009221077
190,3,64,20,0.48743847012519836,0.05228776857256889
190,3,64,21,0.458304226398468,0.08799318224191666
190,3,64,22,0.4818868041038513,0.08747836947441101
190,3,64,23,0.7332101464271545,0.15143555402755737
190,3,64,24,0.6618337631225586,0.08403515815734863
190,3,64,25,0.4478548467159271,0.05574902892112732
190,3,64,26,0.46938446164131165,0.16962751746177673
190,3,64,27,0.5288063287734985,0.1320829689502716
190,3,64,28,0.37423592805862427,0.11412053555250168
190,3,64,29,0.6539031267166138,0.08951999992132187
190,3,64,30,0.6873188614845276,0.09317147731781006
190,3,64,31,0.2686673402786255,0.13252215087413788
190,3,64,32,0.3896365761756897,0.1511387974023819
190,3,64,33,0.5626983046531677,0.05646660551428795
190,3,64,34,0.4232228398323059,0.1451515108346939
190,3,64,35,0.44868630170822144,0.1581207662820816
190,3,64,36,0.40365129709243774,0.039172619581222534
190,3,64,37,0.5694479942321777,0.2572627663612366
190,3,64,38,0.5231354832649231,0.1238778755068779
190,3,64,39,0.4210990071296692,0.08855678141117096
190,3,64,40,0.6086095571517944,0.11098052561283112
190,3,64,41,0.4290649890899658,0.12490667402744293
190,3,64,42,0.42288681864738464,0.12697693705558777
190,3,64,43,0.41222038865089417,0.17667309939861298
190,3,64,44,0.5269169211387634,0.15952815115451813
190,3,64,45,0.49531134963035583,0.2074231058359146
190,3,64,46,0.36739540100097656,0.09719627350568771
190,3,64,47,0.5095231533050537,0.1203245297074318
190,3,64,48,0.5643054842948914,0.07669522613286972
190,3,64,49,0.48573052883148193,0.15866415202617645
190,3,64,50,0.514096736907959,0.15259023010730743
190,3,64,51,0.4535784423351288,0.17680978775024414
190,3,64,52,0.5335630774497986,0.20356060564517975
190,3,64,53,0.5196414589881897,0.191563680768013
190,3,64,54,0.29196375608444214,0.10142438858747482
190,3,64,55,0.5456861853599548,0.19216662645339966
190,3,64,56,0.5316155552864075,0.11950702220201492
190,3,64,57,0.604209840297699,0.16551852226257324
190,3,64,58,0.4422391951084137,0.07679964601993561
190,3,64,59,0.5393831133842468,0.06377199292182922
190,3,64,60,0.4809747338294983,0.2079995572566986
190,3,64,61,0.6529248952865601,0.09565073996782303
190,3,64,62,0.6346978545188904,0.23146535456180573
190,3,64,63,0.6053339838981628,0.19863693416118622
190,4,128,0,0.503203809261322,0.2242298126220703
190,4,128,1,0.5165613889694214,0.25397926568984985
190,4,128,2,0.5453142523765564,0.18020518124103546
190,4,128,3,0.3647446632385254,0.12110378593206406
190,4,128,4,0.577025294303894,0.10678371787071228
190,4,128,5,0.5133658051490784,0.18249043822288513
190,4,128,6,0.5171937942504883,0.2735242545604706
190,4,128,7,0.4752624034881592,0.2545575797557831
190,4,128,8,0.39164844155311584,0.15764717757701874
190,4,128,9,0.3894743025302887,0.038035497069358826
190,4,128,10,0.5481497049331665,0.19994133710861206
190,4,128,11,0.5056719183921814,0.26724013686180115
190,4,128,12,0.4743206799030304,0.15846244990825653
190,4,128,13,0.5173980593681335,0.18528634309768677
190,4,128,14,0.660580575466156,0.1358339935541153
190,4,128,15,0.6792062520980835,0.11017466336488724
190,4,128,16,0.6031810641288757,0.184742733836174
190,4,128,17,0.629503071308136,0.15596652030944824
190,4,128,18,0.5214486718177795,0.3173246681690216
190,4,128,19,0.6230123043060303,0.15828782320022583
190,4,128,20,0.4521636664867401,0.15710920095443726
190,4,128,21,0.4748157858848572,0.25705429911613464
190,4,128,22,0.5126139521598816,0.20212876796722412
190,4,128,23,0.6218058466911316,0.17230641841888428
190,4,128,24,0.3908206522464752,0.09004667401313782
190,4,128,25,0.46197453141212463,0.2240178883075714
190,4,128,26,0.37640494108200073,0.12191224098205566
190,4,128,27,0.5557500123977661,0.19536934792995453
190,4,128,28,0.5349412560462952,0.2980015277862549
190,4,128,29,0.477813720703125,0.1751631498336792
190,4,128,30,0.6816852688789368,0.18051114678382874
190,4,128,31,0.6150763034820557,0.09592878073453903
190,4,128,32,0.40641409158706665,0.10979315638542175
190,4,128,33,0.5853651762008667,0.2242266833782196
190,4,128,34,0.28986477851867676,0.15546564757823944
190,4,128,35,0.6637536883354187,0.08775506168603897
190,4,128,36,0.5507950186729431,0.14945678412914276
190,4,128,37,0.6173821687698364,0.08521769940853119
190,4,128,38,0.5850523114204407,0.09104181081056595
190,4,128,39,0.43664637207984924,0.20837245881557465
190,4,128,40,0.4790078103542328,0.15949811041355133
190,4,128,41,0.49159181118011475,0.24844029545783997
190,4,128,42,0.4614914655685425,0.21731305122375488
190,4,128,43,0.5389505624771118,0.25861674547195435
190,4,128,44,0.5198764801025391,0.19693155586719513
190,4,128,45,0.5054233074188232,0.23385931551456451
190,4,128,46,0.5235463976860046,0.26992103457450867
190,4,128,47,0.558579683303833,0.1126289889216423
190,4,128,48,0.5166217684745789,0.1334093064069748
190,4,128,49,0.42439839243888855,0.2147962898015976
190,4,128,50,0.5608822703361511,0.23281024396419525
190,4,128,51,0.5920737385749817,0.20611967146396637
190,4,128,52,0.5690678358078003,0.09911444783210754
190,4,128,53,0.4228714406490326,0.07667979598045349
190,4,128,54,0.5989545583724976,0.08244334161281586
190,4,128,55,0.5659598112106323,0.06996084004640579
190,4,128,56,0.46538370847702026,0.15515555441379547
190,4,128,57,0.3366050124168396,0.13377554714679718
190,4,128,58,0.5773910880088806,0.1258402168750763
190,4,128,59,0.5357348322868347,0.22026555240154266
190,4,128,60,0.3918386399745941,0.07703396677970886
190,4,128,61,0.5577937364578247,0.1499120146036148
190,4,128,62,0.5554484724998474,0.16669443249702454
190,4,128,63,0.5948056578636169,0.1401510238647461
190,4,128,64,0.6629501581192017,0.2467743456363678
190,4,128,65,0.610018253326416,0.2408190667629242
190,4,128,66,0.465326726436615,0.20547311007976532
190,4,128,67,0.43549588322639465,0.19321201741695404
190,4,128,68,0.4288513958454132,0.1862056702375412
190,4,128,69,0.7057614326477051,0.11184249818325043
190,4,128,70,0.5379953384399414,0.3047979474067688
190,4,128,71,0.548322856426239,0.11528529226779938
190,4,128,72,0.5571364760398865,0.2577165365219116
190,4,128,73,0.5948798060417175,0.19531983137130737
190,4,128,74,0.4392634928226471,0.0831497460603714
190,4,128,75,0.7145586609840393,0.13992388546466827
190,4,128,76,0.4910967946052551,0.18027067184448242
190,4,128,77,0.6093614101409912,0.1466524600982666
190,4,128,78,0.5167428851127625,0.12366659194231033
190,4,128,79,0.49368149042129517,0.14469338953495026
190,4,128,80,0.42722246050834656,0.18693341314792633
190,4,128,81,0.6060320138931274,0.19436262547969818
190,4,128,82,0.587166428565979,0.13605566322803497
190,4,128,83,0.558027982711792,0.08497273921966553
190,4,128,84,0.49337828159332275,0.24007073044776917
190,4,128,85,0.5731115341186523,0.22414518892765045
190,4,128,86,0.5357021689414978,0.25805461406707764
190,4,128,87,0.30948328971862793,0.10715413838624954
190,4,128,88,0.5157879590988159,0.20276260375976562
190,4,128,89,0.46788230538368225,0.1687825322151184
190,4,128,90,0.5191373825073242,0.13646316528320312
190,4,128,91,0.7706615328788757,0.09562034159898758
190,4,128,92,0.5146161913871765,0.1948254257440567
190,4,128,93,0.5083593726158142,0.21639905869960785
190,4,128,94,0.5662714242935181,0.16190890967845917
190,4,128,95,0.4808855950832367,0.1718408167362213
190,4,128,96,0.589028537273407,0.20574039220809937
190,4,128,97,0.6745513081550598,0.12001100182533264
190,4,128,98,0.49805837869644165,0.06839348375797272
190,4,128,99,0.5556703805923462,0.30778273940086365
190,4,128,100,0.4081103205680847,0.1843639761209488
190,4,128,101,0.46873795986175537,0.058128807693719864
190,4,128,102,0.5499535202980042,0.19435641169548035
190,4,128,103,0.5445281267166138,0.13132937252521515
190,4,128,104,0.5070693492889404,0.2632276713848114
190,4,128,105,0.48298782110214233,0.23828630149364471
190,4,128,106,0.5255439877510071,0.29694342613220215
190,4,128,107,0.5468495488166809,0.18046331405639648
190,4,128,108,0.6477442383766174,0.12812526524066925
190,4,128,109,0.5308537483215332,0.16605113446712494
190,4,128,110,0.560435950756073,0.24954108893871307
190,4,128,111,0.6506556272506714,0.1259772777557373
190,4,128,112,0.6371598243713379,0.14401669800281525
190,4,128,113,0.46999382972717285,0.2269773930311203
190,4,128,114,0.6756216287612915,0.16820447146892548
190,4,128,115,0.4829689860343933,0.2138405740261078
190,4,128,116,0.49781715869903564,0.2109125852584839
190,4,128,117,0.5575611591339111,0.07268664985895157
190,4,128,118,0.6047925353050232,0.09165453910827637
190,4,128,119,0.5287933945655823,0.06986509263515472
190,4,128,120,0.5087825059890747,0.2552284002304077
190,4,128,121,0.6252361536026001,0.21735481917858124
190,4,128,122,0.5640372633934021,0.16886168718338013
190,4,128,123,0.5654830932617188,0.1911146491765976
190,4,128,124,0.5131808519363403,0.15851522982120514
190,4,128,125,0.5166575908660889,0.16039061546325684
190,4,128,126,0.504863977432251,0.17356246709823608
190,4,128,127,0.5254818201065063,0.2473558932542801
190,5,128,0,0.5604854226112366,0.23842652142047882
190,5,128,1,0.5056570768356323,0.23533065617084503
190,5,128,2,0.5000118613243103,0.13225622475147247
190,5,128,3,0.5406430959701538,0.15724359452724457
190,5,128,4,0.3142641484737396,0.2799801528453827
190,5,128,5,0.6942804455757141,0.11046909540891647
190,5,128,6,0.7907893061637878,0.12005165964365005
190,5,128,7,0.37321242690086365,0.2702847719192505
190,5,128,8,0.5902109742164612,0.2061985731124878
190,5,128,9,0.5814462304115295,0.13246552646160126
190,5,128,10,0.7628087401390076,0.2129487544298172
190,5,128,11,0.7760878801345825,0.12495014816522598
190,5,128,12,0.39515718817710876,0.24483053386211395
190,5,128,13,0.6580957770347595,0.18770357966423035
190,5,128,14,0.3267136812210083,0.23393858969211578
190,5,128,15,0.5768452286720276,0.1474781632423401
190,5,128,16,0.3499247431755066,0.145132914185524
190,5,128,17,0.8599680662155151,0.1015220433473587
190,5,128,18,0.7023918628692627,0.13259904086589813
190,5,128,19,0.5338194370269775,0.16497240960597992
190,5,128,20,0.8091087341308594,0.11555053293704987
190,5,128,21,0.7742101550102234,0.12091479450464249
190,5,128,22,0.5598354935646057,0.19890713691711426
190,5,128,23,0.8625656962394714,0.10494569689035416
190,5,128,24,0.5802723169326782,0.15429140627384186
190,5,128,25,0.7968273162841797,0.15389230847358704
190,5,128,26,0.6562056541442871,0.1499345898628235
190,5,128,27,0.7679069638252258,0.1204862967133522
190,5,128,28,0.8215800523757935,0.11643614619970322
190,5,128,29,0.5520502328872681,0.26548832654953003
190,5,128,30,0.32875683903694153,0.15478357672691345
190,5,128,31,0.8064805269241333,0.10844951122999191
190,5,128,32,0.32048922777175903,0.10027164220809937
190,5,128,33,0.7908746600151062,0.221294105052948
190,5,128,34,0.7625012993812561,0.13110525906085968
190,5,128,35,0.5087119936943054,0.2232254445552826
190,5,128,36,0.634019136428833,0.14660638570785522
190,5,128,37,0.6574049592018127,0.11901573091745377
190,5,128,38,0.8415299654006958,0.1276562213897705
190,5,128,39,0.8481141924858093,0.09910184890031815
190,5,128,40,0.775714635848999,0.14058883488178253
190,5,128,41,0.7616466879844666,0.0923762395977974
190,5,128,42,0.7134397625923157,0.17398418486118317
190,5,128,43,0.6975750923156738,0.322468101978302
190,5,128,44,0.7765023112297058,0.11861716210842133
190,5,128,45,0.7804988622665405,0.17716790735721588
190,5,128,46,0.7652339935302734,0.16377738118171692
190,5,128,47,0.6984987854957581,0.1861768513917923
190,5,128,48,0.4254901111125946,0.2182837426662445
190,5,128,49,0.4412435293197632,0.13777922093868256
190,5,128,50,0.8195611238479614,0.12433949112892151
190,5,128,51,0.8084641098976135,0.10806229710578918
190,5,128,52,0.7799659967422485,0.1278725266456604
190,5,128,53,0.6264460682868958,0.157052680850029
190,5,128,54,0.4009016752243042,0.1505480259656906
190,5,128,55,0.5368607044219971,0.2427111119031906
190,5,128,56,0.8395311832427979,0.12379185855388641
190,5,128,57,0.5232333540916443,0.18087157607078552
190,5,128,58,0.303315132856369,0.11817120015621185
190,5,128,59,0.5546033978462219,0.0773419663310051
190,5,128,60,0.5891429781913757,0.09174132347106934
190,5,128,61,0.6459978818893433,0.17609888315200806
190,5,128,62,0.30483776330947876,0.199890598654747
190,5,128,63,0.7551636695861816,0.15880218148231506
190,5,128,64,0.7947461009025574,0.1564018577337265
190,5,128,65,0.3768022060394287,0.2625402510166168
190,5,128,66,0.4032248258590698,0.2764004170894623
190,5,128,67,0.6568230390548706,0.17371203005313873
190,5,128,68,0.6045404672622681,0.17798787355422974
190,5,128,69,0.8332723379135132,0.12220782786607742
190,5,128,70,0.775465190410614,0.09275073558092117
190,5,128,71,0.3894544541835785,0.1791127473115921
190,5,128,72,0.5785394310951233,0.14849068224430084
190,5,128,73,0.7699545621871948,0.15895295143127441
190,5,128,74,0.563713550567627,0.17153072357177734
190,5,128,75,0.731243908405304,0.24465011060237885
190,5,128,76,0.731844961643219,0.09272303432226181
190,5,128,77,0.597093403339386,0.18274490535259247
190,5,128,78,0.389400452375412,0.1171737089753151
190,5,128,79,0.47690093517303467,0.2813398838043213
190,5,128,80,0.48990598320961,0.2834184765815735
190,5,128,81,0.7397372126579285,0.12877824902534485
190,5,128,82,0.6400787234306335,0.1198364868760109
190,5,128,83,0.7717603445053101,0.19070404767990112
190,5,128,84,0.5759177207946777,0.1454661637544632
190,5,128,85,0.5189831256866455,0.2302764654159546
190,5,128,86,0.8423984050750732,0.11087839305400848
190,5,128,87,0.7331790924072266,0.15563400089740753
190,5,128,88,0.8146733045578003,0.11900866031646729
190,5,128,89,0.44359248876571655,0.2460884302854538
190,5,128,90,0.5398240685462952,0.1898411512374878
190,5,128,91,0.849313497543335,0.08440401405096054
190,5,128,92,0.7291603088378906,0.12164396047592163
190,5,128,93,0.4703170955181122,0.2873916029930115
190,5,128,94,0.7048997282981873,0.16477817296981812
190,5,128,95,0.6943437457084656,0.15977244079113007
190,5,128,96,0.5777527689933777,0.14317786693572998
190,5,128,97,0.6866838335990906,0.12103491276502609
190,5,128,98,0.7328138947486877,0.1396360546350479
190,5,128,99,0.7936941981315613,0.13537843525409698
190,5,128,100,0.634909987449646,0.15103274583816528
190,5,128,101,0.6762182116508484,0.14282016456127167
190,5,128,102,0.6279157996177673,0.16245152056217194
190,5,128,103,0.7612020969390869,0.11964686214923859
190,5,128,104,0.4935322403907776,0.1742677390575409
190,5,128,105,0.7775107026100159,0.13215595483779907
190,5,128,106,0.7135379910469055,0.14071016013622284
190,5,128,107,0.304458349943161,0.17580059170722961
190,5,128,108,0.6479086875915527,0.09062797576189041
190,5,128,109,0.7533444166183472,0.17225009202957153
190,5,128,110,0.5558568835258484,0.20828068256378174
190,5,128,111,0.5141821503639221,0.24846769869327545
190,5,128,112,0.6281089186668396,0.14539462327957153
190,5,128,113,0.5720606446266174,0.14974051713943481
190,5,128,114,0.6584077477455139,0.23239028453826904
190,5,128,115,0.6818351745605469,0.22538074851036072
190,5,128,116,0.5430997014045715,0.27782413363456726
190,5,128,117,0.8473442196846008,0.1403607875108719
190,5,128,118,0.561139702796936,0.18543823063373566
190,5,128,119,0.5840567350387573,0.24324917793273926
190,5,128,120,0.7806546092033386,0.14592674374580383
190,5,128,121,0.8117872476577759,0.11326465010643005
190,5,128,122,0.7604100108146667,0.24439135193824768
190,5,128,123,0.7787506580352783,0.12825453281402588
190,5,128,124,0.5463171601295471,0.17201757431030273
190,5,128,125,0.42826196551322937,0.2617439031600952
190,5,128,126,0.7298562526702881,0.15870460867881775
190,5,128,127,0.836686372756958,0.12188570201396942
191,0,32,0,0.5796235799789429,0.052581291645765305
191,0,32,1,0.4782044589519501,0.13838204741477966
191,0,32,2,0.39359647035598755,0.07982657104730606
191,0,32,3,0.6189178824424744,0.12746265530586243
191,0,32,4,0.628524661064148,0.05709616839885712
191,0,32,5,0.3798227608203888,0.06852857768535614
191,0,32,6,0.4814563989639282,0.07846805453300476
191,0,32,7,0.5301820635795593,0.077138252556324
191,0,32,8,0.49741652607917786,0.1080956980586052
191,0,32,9,0.546164333820343,0.09475744515657425
191,0,32,10,0.5810867547988892,0.05587104335427284
191,0,32,11,0.5217711925506592,0.07020828127861023
191,0,32,12,0.6180337071418762,0.04364224523305893
191,0,32,13,0.4542994797229767,0.1320398598909378
191,0,32,14,0.6074227690696716,0.0889337807893753
191,0,32,15,0.40469643473625183,0.08882051706314087
191,0,32,16,0.49251529574394226,0.048651598393917084
191,0,32,17,0.45559272170066833,0.07729800045490265
191,0,32,18,0.4991410970687866,0.11506815254688263
191,0,32,19,0.6647584438323975,0.08266980201005936
191,0,32,20,0.6317727565765381,0.08485250174999237
191,0,32,21,0.43176788091659546,0.08571001142263412
191,0,32,22,0.4853504002094269,0.0766519233584404
191,0,32,23,0.6055709719657898,0.12383891642093658
191,0,32,24,0.4756600856781006,0.03910250961780548
191,0,32,25,0.39221644401550293,0.057077065110206604
191,0,32,26,0.6560136079788208,0.07062213122844696
191,0,32,27,0.47746989130973816,0.03568721562623978
191,0,32,28,0.49326708912849426,0.08814734220504761
191,0,32,29,0.47549229860305786,0.05127430707216263
191,0,32,30,0.5099550485610962,0.06988804787397385
191,0,32,31,0.4111749231815338,0.07665321975946426
191,1,32,0,0.46357637643814087,0.13371959328651428
191,1,32,1,0.4783475697040558,0.11298466473817825
191,1,32,2,0.4166976809501648,0.1514001041650772
191,1,32,3,0.5440157055854797,0.059362635016441345
191,1,32,4,0.4788733720779419,0.0817992091178894
191,1,32,5,0.5022764801979065,0.10740020871162415
191,1,32,6,0.396273136138916,0.064581498503685
191,1,32,7,0.4647882878780365,0.11442768573760986
191,1,32,8,0.5296627879142761,0.13865329325199127
191,1,32,9,0.37995532155036926,0.1007554680109024
191,1,32,10,0.5349466800689697,0.13614541292190552
191,1,32,11,0.45492732524871826,0.06623002141714096
191,1,32,12,0.6218993067741394,0.11159985512495041
191,1,32,13,0.4951372444629669,0.12585726380348206
191,1,32,14,0.4195558726787567,0.1514250487089157
191,1,32,15,0.47361040115356445,0.05684097856283188
191,1,32,16,0.46798011660575867,0.09202094376087189
191,1,32,17,0.4952002167701721,0.10674847662448883
191,1,32,18,0.5398553609848022,0.15780359506607056
191,1,32,19,0.46320316195487976,0.13826654851436615
191,1,32,20,0.4367672801017761,0.10279178619384766
191,1,32,21,0.5009546875953674,0.15055391192436218
191,1,32,22,0.5703973174095154,0.08498424291610718
191,1,32,23,0.5084162354469299,0.11549392342567444
191,1,32,24,0.6156415939331055,0.13325372338294983
191,1,32,25,0.4045567512512207,0.0881284549832344
191,1,32,26,0.4210168719291687,0.05001953989267349
191,1,32,27,0.5219892859458923,0.1441926211118698
191,1,32,28,0.5102201104164124,0.052752234041690826
191,1,32,29,0.5561186075210571,0.09236836433410645
191,1,32,30,0.5290142893791199,0.09875557571649551
191,1,32,31,0.550227165222168,0.04327720031142235
191,2,64,0,0.7134272456169128,0.11582528799772263
191,2,64,1,0.47334736585617065,0.26295778155326843
191,2,64,2,0.6281229853630066,0.31886836886405945
191,2,64,3,0.38790667057037354,0.24429459869861603
191,2,64,4,0.4528352916240692,0.2710840702056885
191,2,64,5,0.5436474084854126,0.16221162676811218
191,2,64,6,0.4412349760532379,0.2872392535209656
191,2,64,7,0.6082855463027954,0.30203408002853394
191,2,64,8,0.5587747693061829,0.26430022716522217
191,2,64,9,0.5182136297225952,0.1746159940958023
191,2,64,10,0.626471757888794,0.21869750320911407
191,2,64,11,0.5553476214408875,0.2337443083524704
191,2,64,12,0.6675465106964111,0.22577345371246338
191,2,64,13,0.3039208650588989,0.10280152410268784
191,2,64,14,0.42527568340301514,0.23063762485980988
191,2,64,15,0.4097132384777069,0.23307935893535614
191,2,64,16,0.4145132303237915,0.19069135189056396
191,2,64,17,0.5481229424476624,0.18654470145702362
191,2,64,18,0.4296730160713196,0.19116565585136414
191,2,64,19,0.5236427783966064,0.23886620998382568
191,2,64,20,0.3564757704734802,0.16666467487812042
191,2,64,21,0.4251447319984436,0.12933744490146637
191,2,64,22,0.361933171749115,0.15778525173664093
191,2,64,23,0.3866119384765625,0.2513657212257385
191,2,64,24,0.4411681890487671,0.217047780752182
191,2,64,25,0.4113319218158722,0.22395628690719604
191,2,64,26,0.6985010504722595,0.20387041568756104
191,2,64,27,0.29180607199668884,0.06801562011241913
191,2,64,28,0.6389798521995544,0.2326400727033615
191,2,64,29,0.547136664390564,0.23637600243091583
191,2,64,30,0.4261058568954468,0.14417728781700134
191,2,64,31,0.45745447278022766,0.12235056608915329
191,2,64,32,0.5284770727157593,0.22373583912849426
191,2,64,33,0.35313570499420166,0.19936621189117432
191,2,64,34,0.5192652344703674,0.2284206748008728
191,2,64,35,0.6297934651374817,0.15662580728530884
191,2,64,36,0.6091409921646118,0.06691942363977432
191,2,64,37,0.4071640074253082,0.29864805936813354
191,2,64,38,0.2903865873813629,0.1343468725681305
191,2,64,39,0.3390541076660156,0.13910351693630219
191,2,64,40,0.366281658411026,0.22495286166667938
191,2,64,41,0.46155455708503723,0.25395452976226807
191,2,64,42,0.5728158950805664,0.12050757557153702
191,2,64,43,0.5277557969093323,0.20271627604961395
191,2,64,44,0.29356271028518677,0.11267553269863129
191,2,64,45,0.5057573318481445,0.2527453601360321
191,2,64,46,0.5575173497200012,0.229135662317276
191,2,64,47,0.6684688925743103,0.1346917599439621
191,2,64,48,0.6373932957649231,0.23062291741371155
191,2,64,49,0.4636093080043793,0.19433794915676117
191,2,64,50,0.5821539759635925,0.10627473145723343
191,2,64,51,0.4037899374961853,0.1421150118112564
191,2,64,52,0.5817854404449463,0.2870584726333618
191,2,64,53,0.6646390557289124,0.1362418532371521
191,2,64,54,0.6146067380905151,0.2240685075521469
191,2,64,55,0.537140429019928,0.26877546310424805
191,2,64,56,0.42224645614624023,0.14576900005340576
191,2,64,57,0.5222097635269165,0.27172335982322693
191,2,64,58,0.28258201479911804,0.14286090433597565
191,2,64,59,0.4534666836261749,0.22181929647922516
191,2,64,60,0.6610817909240723,0.1374387890100479
191,2,64,61,0.34773361682891846,0.15944553911685944
191,2,64,62,0.6059200763702393,0.20252950489521027
191,2,64,63,0.5824255347251892,0.2440432906150818
191,3,64,0,0.6984384059906006,0.129505917429924
191,3,64,1,0.5299561619758606,0.24334144592285156
191,3,64,2,0.4994928240776062,0.15158836543560028
191,3,64,3,0.42180919647216797,0.19818323850631714
191,3,64,4,0.40301546454429626,0.12750063836574554
191,3,64,5,0.5811058878898621,0.12729589641094208
191,3,64,6,0.48837605118751526,0.2038130760192871
191,3,64,7,0.4360583424568176,0.12878179550170898
191,3,64,8,0.3617846965789795,0.18909405171871185
191,3,64,9,0.605480968952179,0.15821436047554016
191,3,64,10,0.45680296421051025,0.18353404104709625
191,3,64,11,0.5998596549034119,0.24348942935466766
191,3,64,12,0.48323383927345276,0.11152076721191406
191,3,64,13,0.6115209460258484,0.08753032237291336
191,3,64,14,0.34913718700408936,0.14004357159137726
191,3,64,15,0.48822909593582153,0.19500967860221863
191,3,64,16,0.5478147864341736,0.1434522271156311
191,3,64,17,0.6073088049888611,0.17837516963481903
191,3,64,18,0.41090306639671326,0.19997167587280273
191,3,64,19,0.5661101341247559,0.1930222064256668
191,3,64,20,0.36480626463890076,0.13166549801826477
191,3,64,21,0.33625558018684387,0.11215678602457047
191,3,64,22,0.6157838702201843,0.08944955468177795
191,3,64,23,0.5811076760292053,0.10609805583953857
191,3,64,24,0.4647221565246582,0.16010157763957977
191,3,64,25,0.3400546908378601,0.15763826668262482
191,3,64,26,0.45007210969924927,0.13934339582920074
191,3,64,27,0.46724486351013184,0.2125709354877472
191,3,64,28,0.42552462220191956,0.1828601211309433
191,3,64,29,0.3154212236404419,0.1598392128944397
191,3,64,30,0.4259157180786133,0.24817854166030884
191,3,64,31,0.4768005609512329,0.1147884801030159
191,3,64,32,0.415950745344162,0.22423383593559265
191,3,64,33,0.4488191306591034,0.17801550030708313
191,3,64,34,0.5419731736183167,0.19924768805503845
191,3,64,35,0.44598305225372314,0.13685643672943115
191,3,64,36,0.47202885150909424,0.21169745922088623
191,3,64,37,0.6522234678268433,0.09218983352184296
191,3,64,38,0.3045530617237091,0.21067506074905396
191,3,64,39,0.3651123344898224,0.1525852382183075
191,3,64,40,0.4746222496032715,0.16462568938732147
191,3,64,41,0.5819665789604187,0.19591321051120758
191,3,64,42,0.3597507178783417,0.14856617152690887
191,3,64,43,0.5332419276237488,0.22683843970298767
191,3,64,44,0.6486306190490723,0.14473040401935577
191,3,64,45,0.4259801506996155,0.15333980321884155
191,3,64,46,0.5322415232658386,0.10503038763999939
191,3,64,47,0.37879693508148193,0.25452783703804016
191,3,64,48,0.5865097641944885,0.15987218916416168
191,3,64,49,0.3914850056171417,0.09768319875001907
191,3,64,50,0.4729424715042114,0.1473163664340973
191,3,64,51,0.49688154458999634,0.1773887425661087
191,3,64,52,0.2762204706668854,0.0962066501379013
191,3,64,53,0.6386999487876892,0.14666010439395905
191,3,64,54,0.6371846199035645,0.2291456013917923
191,3,64,55,0.3866507411003113,0.2756422162055969
191,3,64,56,0.4176308214664459,0.15982280671596527
191,3,64,57,0.4137462079524994,0.2295193076133728
191,3,64,58,0.4326179623603821,0.09272094815969467
191,3,64,59,0.5126012563705444,0.1282884180545807
191,3,64,60,0.568469762802124,0.25624051690101624
191,3,64,61,0.5726268887519836,0.2234368771314621
191,3,64,62,0.37942418456077576,0.28878122568130493
191,3,64,63,0.5916857719421387,0.0775320902466774
191,4,128,0,0.4915103614330292,0.23625510931015015
191,4,128,1,0.47258830070495605,0.0764579325914383
191,4,128,2,0.5961063504219055,0.305189847946167
191,4,128,3,0.48658475279808044,0.18055115640163422
191,4,128,4,0.46884405612945557,0.2532563805580139
191,4,128,5,0.622039258480072,0.15886390209197998
191,4,128,6,0.5945249795913696,0.13774403929710388
191,4,128,7,0.4608965218067169,0.26154911518096924
191,4,128,8,0.3975221812725067,0.15808813273906708
191,4,128,9,0.5297296643257141,0.16160564124584198
191,4,128,10,0.5478195548057556,0.2529565691947937
191,4,128,11,0.5808924436569214,0.22986380755901337
191,4,128,12,0.7152218818664551,0.1256784349679947
191,4,128,13,0.5074743628501892,0.23600022494792938
191,4,128,14,0.48231804370880127,0.23443704843521118
191,4,128,15,0.6692942380905151,0.21783721446990967
191,4,128,16,0.6931242942810059,0.1812514066696167
191,4,128,17,0.5920311212539673,0.24252846837043762
191,4,128,18,0.583115816116333,0.2805296778678894
191,4,128,19,0.5987585783004761,0.2064112275838852
191,4,128,20,0.6758641004562378,0.11790888011455536
191,4,128,21,0.4863591492176056,0.2996128797531128
191,4,128,22,0.46818801760673523,0.2612202763557434
191,4,128,23,0.5035364627838135,0.253608763217926
191,4,128,24,0.5314544439315796,0.25367817282676697
191,4,128,25,0.6105526089668274,0.1184464618563652
191,4,128,26,0.4712735712528229,0.29759982228279114
191,4,128,27,0.6541266441345215,0.1285496950149536
191,4,128,28,0.5572784543037415,0.15072937309741974
191,4,128,29,0.48535799980163574,0.307436466217041
191,4,128,30,0.5029087066650391,0.1664416491985321
191,4,128,31,0.5002291798591614,0.15493778884410858
191,4,128,32,0.5661948919296265,0.2816818654537201
191,4,128,33,0.4719390571117401,0.18911725282669067
191,4,128,34,0.47787022590637207,0.17245790362358093
191,4,128,35,0.5905532240867615,0.06975571066141129
191,4,128,36,0.33108100295066833,0.17301678657531738
191,4,128,37,0.5714913606643677,0.2289358526468277
191,4,128,38,0.5645205974578857,0.2254812866449356
191,4,128,39,0.43203186988830566,0.1630994826555252
191,4,128,40,0.4926900267601013,0.20665617287158966
191,4,128,41,0.48770567774772644,0.23658354580402374
191,4,128,42,0.5112619400024414,0.17668381333351135
191,4,128,43,0.45227909088134766,0.2574882209300995
191,4,128,44,0.5219464302062988,0.22637292742729187
191,4,128,45,0.6020402908325195,0.10509181767702103
191,4,128,46,0.4903635084629059,0.22112828493118286
191,4,128,47,0.4880216121673584,0.23724569380283356
191,4,128,48,0.5455741286277771,0.14575117826461792
191,4,128,49,0.6020865440368652,0.3267859220504761
191,4,128,50,0.5980440974235535,0.1267039030790329
191,4,128,51,0.5795645117759705,0.13569997251033783
191,4,128,52,0.5582550168037415,0.24780042469501495
191,4,128,53,0.5506429076194763,0.2982017397880554
191,4,128,54,0.4557860195636749,0.2736421525478363
191,4,128,55,0.6224469542503357,0.18054424226284027
191,4,128,56,0.5336217880249023,0.1907421201467514
191,4,128,57,0.49886202812194824,0.28867846727371216
191,4,128,58,0.5555439591407776,0.28565889596939087
191,4,128,59,0.579563558101654,0.20734010636806488
191,4,128,60,0.6742753982543945,0.18094053864479065
191,4,128,61,0.6247475147247314,0.3064563572406769
191,4,128,62,0.5149761438369751,0.34705597162246704
191,4,128,63,0.45566990971565247,0.24095280468463898
191,4,128,64,0.4970591962337494,0.2536334693431854
191,4,128,65,0.5642575621604919,0.11244441568851471
191,4,128,66,0.5081787705421448,0.097597137093544
191,4,128,67,0.5447350740432739,0.30201345682144165
191,4,128,68,0.5749852061271667,0.24129562079906464
191,4,128,69,0.5605282187461853,0.11636585742235184
191,4,128,70,0.5795361399650574,0.1857530027627945
191,4,128,71,0.4888685345649719,0.26521119475364685
191,4,128,72,0.5022693276405334,0.17602908611297607
191,4,128,73,0.5542887449264526,0.3236004114151001
191,4,128,74,0.6098072528839111,0.22178567945957184
191,4,128,75,0.5541827082633972,0.16060911118984222
191,4,128,76,0.5147171020507812,0.25401967763900757
191,4,128,77,0.4478970766067505,0.16758385300636292
191,4,128,78,0.5522436499595642,0.24845494329929352
191,4,128,79,0.6602479219436646,0.19452987611293793
191,4,128,80,0.6146880984306335,0.2855396568775177
191,4,128,81,0.46881890296936035,0.23759250342845917
191,4,128,82,0.4079582691192627,0.2635537385940552
191,4,128,83,0.561036229133606,0.32609647512435913
191,4,128,84,0.44412991404533386,0.2105712890625
191,4,128,85,0.32319751381874084,0.10883229970932007
191,4,128,86,0.4897550046443939,0.2267095297574997
191,4,128,87,0.5486827492713928,0.28600144386291504
191,4,128,88,0.6313373446464539,0.268165647983551
191,4,128,89,0.4336712062358856,0.23799046874046326
191,4,128,90,0.6660565137863159,0.15396343171596527
191,4,128,91,0.6007168889045715,0.155300110578537
191,4,128,92,0.5617133975028992,0.2175101935863495
191,4,128,93,0.47261032462120056,0.23051057755947113
191,4,128,94,0.5341522097587585,0.2247621864080429
191,4,128,95,0.468792587518692,0.29839032888412476
191,4,128,96,0.6620898246765137,0.11866141110658646
191,4,128,97,0.5561355352401733,0.2795702815055847
191,4,128,98,0.39087167382240295,0.11085513979196548
191,4,128,99,0.5995379686355591,0.18187746405601501
191,4,128,100,0.5561814904212952,0.21452946960926056
191,4,128,101,0.4927799701690674,0.25378039479255676
191,4,128,102,0.5036997199058533,0.2517828643321991
191,4,128,103,0.5637010931968689,0.28685465455055237
191,4,128,104,0.5923995971679688,0.24342699348926544
191,4,128,105,0.5135193467140198,0.1886754333972931
191,4,128,106,0.6560708284378052,0.16149361431598663
191,4,128,107,0.6848253607749939,0.19149811565876007
191,4,128,108,0.5880329012870789,0.2148318886756897
191,4,128,109,0.5009163022041321,0.29461151361465454
191,4,128,110,0.5766719579696655,0.19531923532485962
191,4,128,111,0.4805780053138733,0.18244411051273346
191,4,128,112,0.5346788763999939,0.1152767613530159
191,4,128,113,0.6198939681053162,0.1580842286348343
191,4,128,114,0.5524197816848755,0.26255637407302856
191,4,128,115,0.42494329810142517,0.22097334265708923
191,4,128,116,0.5136681199073792,0.2632681131362915
191,4,128,117,0.5048790574073792,0.1967080980539322
191,4,128,118,0.4379194676876068,0.25745847821235657
191,4,128,119,0.4993778467178345,0.22642111778259277
191,4,128,120,0.5297667384147644,0.2763185203075409
191,4,128,121,0.5762993693351746,0.12741218507289886
191,4,128,122,0.5477607250213623,0.1737244576215744
191,4,128,123,0.5441282391548157,0.0837266817688942
191,4,128,124,0.4153469204902649,0.08315543830394745
191,4,128,125,0.4818190336227417,0.09603172540664673
191,4,128,126,0.4720492959022522,0.146473690867424
191,4,128,127,0.2904360294342041,0.17418648302555084
191,5,128,0,0.6766828894615173,0.19661052525043488
191,5,128,1,0.8259938955307007,0.10118255764245987
191,5,128,2,0.7838636636734009,0.16683164238929749
191,5,128,3,0.7359969019889832,0.12665101885795593
191,5,128,4,0.7109019756317139,0.23196759819984436
191,5,128,5,0.7056977152824402,0.19183722138404846
191,5,128,6,0.6450469493865967,0.16739805042743683
191,5,128,7,0.48439133167266846,0.12730851769447327
191,5,128,8,0.4166582524776459,0.2297143042087555
191,5,128,9,0.7209985256195068,0.1979556530714035
191,5,128,10,0.758719265460968,0.17872929573059082
191,5,128,11,0.48234957456588745,0.26076674461364746
191,5,128,12,0.6382306814193726,0.15377405285835266
191,5,128,13,0.646013617515564,0.14573845267295837
191,5,128,14,0.6574496030807495,0.23409615457057953
191,5,128,15,0.7476774454116821,0.2724510729312897
191,5,128,16,0.6986633539199829,0.25341877341270447
191,5,128,17,0.3996165990829468,0.272526353597641
191,5,128,18,0.8728175759315491,0.08673533797264099
191,5,128,19,0.6664481163024902,0.2029055953025818
191,5,128,20,0.8210935592651367,0.13549228012561798
191,5,128,21,0.7493197917938232,0.2662804126739502
191,5,128,22,0.5831969976425171,0.20808683335781097
191,5,128,23,0.7433121204376221,0.29968586564064026
191,5,128,24,0.5718153715133667,0.11343631148338318
191,5,128,25,0.9138723611831665,0.0748373419046402
191,5,128,26,0.8299719095230103,0.0908023864030838
191,5,128,27,0.7496864199638367,0.28437915444374084
191,5,128,28,0.7791028022766113,0.20113173127174377
191,5,128,29,0.882489025592804,0.07697347551584244
191,5,128,30,0.6927293539047241,0.1919485330581665
191,5,128,31,0.8114514946937561,0.10987959057092667
191,5,128,32,0.8424099087715149,0.17225748300552368
191,5,128,33,0.6258540749549866,0.2519010305404663
191,5,128,34,0.8162627816200256,0.1513100117444992
191,5,128,35,0.4348178803920746,0.2696543335914612
191,5,128,36,0.7189292907714844,0.17201471328735352
191,5,128,37,0.8522728085517883,0.09676188230514526
191,5,128,38,0.8102342486381531,0.19466020166873932
191,5,128,39,0.8219272494316101,0.1771688461303711
191,5,128,40,0.6423241496086121,0.2662852704524994
191,5,128,41,0.7864165306091309,0.1432446986436844
191,5,128,42,0.8481960892677307,0.09392134845256805
191,5,128,43,0.652137041091919,0.281037837266922
191,5,128,44,0.8000940680503845,0.15408340096473694
191,5,128,45,0.6896648406982422,0.25492408871650696
191,5,128,46,0.4433259069919586,0.25406500697135925
191,5,128,47,0.40817990899086,0.2638206481933594
191,5,128,48,0.8096956610679626,0.12722618877887726
191,5,128,49,0.8963763117790222,0.08691103011369705
191,5,128,50,0.6199418306350708,0.2987643778324127
191,5,128,51,0.6458036303520203,0.26371023058891296
191,5,128,52,0.6593914031982422,0.2684600055217743
191,5,128,53,0.5170118808746338,0.23164813220500946
191,5,128,54,0.7769800424575806,0.1250646561384201
191,5,128,55,0.44760024547576904,0.28379952907562256
191,5,128,56,0.7094020843505859,0.15224894881248474
191,5,128,57,0.7253791689872742,0.17698246240615845
191,5,128,58,0.6980105638504028,0.2352246642112732
191,5,128,59,0.572504997253418,0.1475483477115631
191,5,128,60,0.6826914548873901,0.24820733070373535
191,5,128,61,0.9092463850975037,0.07327380031347275
191,5,128,62,0.6300092339515686,0.3264947235584259
191,5,128,63,0.8932530283927917,0.08728896081447601
191,5,128,64,0.8634650707244873,0.07474149018526077
191,5,128,65,0.6127802133560181,0.24855774641036987
191,5,128,66,0.8197458386421204,0.14127179980278015
191,5,128,67,0.8185910582542419,0.13332560658454895
191,5,128,68,0.7489926218986511,0.24727457761764526
191,5,128,69,0.8126727938652039,0.12240233272314072
191,5,128,70,0.5759245157241821,0.2805177867412567
191,5,128,71,0.6445202827453613,0.18796129524707794
191,5,128,72,0.6415336728096008,0.25313887000083923
191,5,128,73,0.8524767160415649,0.12176749855279922
191,5,128,74,0.8067502379417419,0.23333734273910522
191,5,128,75,0.7741855978965759,0.22630976140499115
191,5,128,76,0.6574398875236511,0.21677182614803314
191,5,128,77,0.7846187353134155,0.12300287932157516
191,5,128,78,0.8318309187889099,0.14750449359416962
191,5,128,79,0.8269782066345215,0.11362143605947495
191,5,128,80,0.7570887804031372,0.2590298056602478
191,5,128,81,0.5634324550628662,0.22830472886562347
191,5,128,82,0.7403055429458618,0.12250078469514847
191,5,128,83,0.8823207020759583,0.0891970694065094
191,5,128,84,0.7953451871871948,0.10867027938365936
191,5,128,85,0.6885034441947937,0.22275245189666748
191,5,128,86,0.7401720881462097,0.11382952332496643
191,5,128,87,0.7867738008499146,0.1816355288028717
191,5,128,88,0.7864936590194702,0.16111744940280914
191,5,128,89,0.5501766800880432,0.17110498249530792
191,5,128,90,0.7292069792747498,0.23978619277477264
191,5,128,91,0.8864434957504272,0.09862203150987625
191,5,128,92,0.8328317403793335,0.12536375224590302
191,5,128,93,0.696925938129425,0.20385108888149261
191,5,128,94,0.7442539930343628,0.16705171763896942
191,5,128,95,0.8361953496932983,0.1615591049194336
191,5,128,96,0.6857740879058838,0.19386515021324158
191,5,128,97,0.7626008987426758,0.13704951107501984
191,5,128,98,0.6913177371025085,0.15472987294197083
191,5,128,99,0.881865382194519,0.08123693615198135
191,5,128,100,0.659389317035675,0.1703386902809143
191,5,128,101,0.6731281280517578,0.18213960528373718
191,5,128,102,0.7170974016189575,0.29282063245773315
191,5,128,103,0.8440608978271484,0.0809914693236351
191,5,128,104,0.6211792230606079,0.2481614202260971
191,5,128,105,0.5040829181671143,0.2776152491569519
191,5,128,106,0.8947843313217163,0.06906560808420181
191,5,128,107,0.667790949344635,0.20340213179588318
191,5,128,108,0.5386092662811279,0.2134729027748108
191,5,128,109,0.688460111618042,0.2630239427089691
191,5,128,110,0.7888205051422119,0.11346258223056793
191,5,128,111,0.4419924318790436,0.25405269861221313
191,5,128,112,0.6983093619346619,0.20319804549217224
191,5,128,113,0.8216436505317688,0.10083501040935516
191,5,128,114,0.8517746329307556,0.13140544295310974
191,5,128,115,0.8632345199584961,0.12603099644184113
191,5,128,116,0.7281329035758972,0.2826519310474396
191,5,128,117,0.7005113959312439,0.2362297922372818
191,5,128,118,0.6535491347312927,0.16213153302669525
191,5,128,119,0.6234421730041504,0.1897495985031128
191,5,128,120,0.8197135329246521,0.12172115594148636
191,5,128,121,0.7998535633087158,0.16697457432746887
191,5,128,122,0.42715516686439514,0.1875237226486206
191,5,128,123,0.7173228859901428,0.10119860619306564
191,5,128,124,0.878728449344635,0.08079112321138382
191,5,128,125,0.5212554335594177,0.21168163418769836
191,5,128,126,0.6826857328414917,0.1809539496898651
191,5,128,127,0.7493018507957458,0.2044297456741333
192,0,32,0,0.428572416305542,0.1156708151102066
192,0,32,1,0.5476195812225342,0.0300956629216671
192,0,32,2,0.4379204511642456,0.17140527069568634
192,0,32,3,0.634353756904602,0.14664538204669952
192,0,32,4,0.5467939972877502,0.09409160912036896
192,0,32,5,0.7014836072921753,0.11402659863233566
192,0,32,6,0.479012131690979,0.07832975685596466
192,0,32,7,0.5467712879180908,0.1053798571228981
192,0,32,8,0.478915810585022,0.09374897927045822
192,0,32,9,0.6888852715492249,0.05949394777417183
192,0,32,10,0.4780193567276001,0.0795629471540451
192,0,32,11,0.4804433584213257,0.11065961420536041
192,0,32,12,0.6348835825920105,0.0912262499332428
192,0,32,13,0.3824979066848755,0.08693043142557144
192,0,32,14,0.4756278991699219,0.07619006186723709
192,0,32,15,0.31519797444343567,0.07189302146434784
192,0,32,16,0.5179622173309326,0.1735083907842636
192,0,32,17,0.3597872853279114,0.062241002917289734
192,0,32,18,0.6486655473709106,0.07804964482784271
192,0,32,19,0.6799021363258362,0.13557219505310059
192,0,32,20,0.3706201910972595,0.16693885624408722
192,0,32,21,0.47280412912368774,0.09305449575185776
192,0,32,22,0.35711127519607544,0.08413518220186234
192,0,32,23,0.5225608348846436,0.06850388646125793
192,0,32,24,0.4935387969017029,0.03161180391907692
192,0,32,25,0.4442281126976013,0.04519946128129959
192,0,32,26,0.563897967338562,0.04848412051796913
192,0,32,27,0.5871713757514954,0.09391668438911438
192,0,32,28,0.5492363572120667,0.04572172835469246
192,0,32,29,0.37159430980682373,0.1230773851275444
192,0,32,30,0.40356868505477905,0.12428046762943268
192,0,32,31,0.4646434187889099,0.07984864711761475
192,1,32,0,0.4880731999874115,0.10281871259212494
192,1,32,1,0.578848659992218,0.09077738970518112
192,1,32,2,0.41436538100242615,0.15588250756263733
192,1,32,3,0.3511960804462433,0.1805514097213745
192,1,32,4,0.40341678261756897,0.06469378620386124
192,1,32,5,0.740473747253418,0.09397560358047485
192,1,32,6,0.4984429180622101,0.2014756053686142
192,1,32,7,0.5295202136039734,0.08627226203680038
192,1,32,8,0.44692462682724,0.14013227820396423
192,1,32,9,0.4781108498573303,0.15259389579296112
192,1,32,10,0.3390254080295563,0.12863242626190186
192,1,32,11,0.3576574921607971,0.09883138537406921
192,1,32,12,0.4752644896507263,0.08351144194602966
192,1,32,13,0.4659852981567383,0.06656426936388016
192,1,32,14,0.5283445715904236,0.07075352966785431
192,1,32,15,0.41913989186286926,0.16544871032238007
192,1,32,16,0.5064187049865723,0.1197274848818779
192,1,32,17,0.48777326941490173,0.11070996522903442
192,1,32,18,0.4955156445503235,0.16671913862228394
192,1,32,19,0.27478790283203125,0.08872883021831512
192,1,32,20,0.5953460931777954,0.14130495488643646
192,1,32,21,0.47977593541145325,0.15447816252708435
192,1,32,22,0.38640570640563965,0.13662107288837433
192,1,32,23,0.31073376536369324,0.18768692016601562
192,1,32,24,0.5215433835983276,0.13386467099189758
192,1,32,25,0.49010539054870605,0.1513199806213379
192,1,32,26,0.39618101716041565,0.1088089793920517
192,1,32,27,0.5197088718414307,0.1407659649848938
192,1,32,28,0.5165331363677979,0.2102772295475006
192,1,32,29,0.5028846859931946,0.15071207284927368
192,1,32,30,0.4827284812927246,0.17560090124607086
192,1,32,31,0.547770082950592,0.02903258055448532
192,2,64,0,0.25878477096557617,0.13233032822608948
192,2,64,1,0.5611916780471802,0.2418482005596161
192,2,64,2,0.28961181640625,0.1854061633348465
192,2,64,3,0.5992123484611511,0.10640808939933777
192,2,64,4,0.3877066373825073,0.11767151951789856
192,2,64,5,0.4506370723247528,0.2910611927509308
192,2,64,6,0.5132176280021667,0.2174394577741623
192,2,64,7,0.5287510752677917,0.10381321609020233
192,2,64,8,0.49289530515670776,0.30409863591194153
192,2,64,9,0.46261531114578247,0.20780549943447113
192,2,64,10,0.5399171710014343,0.13236749172210693
192,2,64,11,0.41519540548324585,0.03256557509303093
192,2,64,12,0.7506821751594543,0.13433116674423218
192,2,64,13,0.32821550965309143,0.15919597446918488
192,2,64,14,0.46436822414398193,0.1877778023481369
192,2,64,15,0.665840744972229,0.13211585581302643
192,2,64,16,0.5453447103500366,0.29417523741722107
192,2,64,17,0.49817338585853577,0.24598442018032074
192,2,64,18,0.3347741365432739,0.1744258999824524
192,2,64,19,0.6128677725791931,0.12591122090816498
192,2,64,20,0.5705504417419434,0.26774969696998596
192,2,64,21,0.5032489895820618,0.18357159197330475
192,2,64,22,0.6149012446403503,0.07377000153064728
192,2,64,23,0.2889045476913452,0.16924741864204407
192,2,64,24,0.3434259295463562,0.1519313007593155
192,2,64,25,0.5891239643096924,0.10551030933856964
192,2,64,26,0.5690436363220215,0.27421337366104126
192,2,64,27,0.5041729211807251,0.11249242722988129
192,2,64,28,0.4671701192855835,0.19014544785022736
192,2,64,29,0.24485115706920624,0.0959073007106781
192,2,64,30,0.7170231342315674,0.11024365574121475
192,2,64,31,0.4995367228984833,0.3111969232559204
192,2,64,32,0.4895085096359253,0.1454673856496811
192,2,64,33,0.7162714600563049,0.1381513774394989
192,2,64,34,0.6221521496772766,0.19759327173233032
192,2,64,35,0.30129140615463257,0.1889626830816269
192,2,64,36,0.6493114829063416,0.18125629425048828
192,2,64,37,0.48558899760246277,0.18409602344036102
192,2,64,38,0.4730539321899414,0.19789527356624603
192,2,64,39,0.4308145046234131,0.25986501574516296
192,2,64,40,0.5825299620628357,0.19430597126483917
192,2,64,41,0.5449192523956299,0.19405457377433777
192,2,64,42,0.4322735369205475,0.27350348234176636
192,2,64,43,0.45863813161849976,0.2673288583755493
192,2,64,44,0.5578716993331909,0.24262385070323944
192,2,64,45,0.5820624828338623,0.1374834030866623
192,2,64,46,0.6422024965286255,0.16215361654758453
192,2,64,47,0.7092482447624207,0.19823011755943298
192,2,64,48,0.426704466342926,0.1143416166305542
192,2,64,49,0.5373834371566772,0.23376773297786713
192,2,64,50,0.5082749724388123,0.32671698927879333
192,2,64,51,0.5318242907524109,0.08814637362957001
192,2,64,52,0.5588146448135376,0.16650889813899994
192,2,64,53,0.3737425208091736,0.18075469136238098
192,2,64,54,0.5628066658973694,0.22576332092285156
192,2,64,55,0.5241460800170898,0.11458294838666916
192,2,64,56,0.4307337999343872,0.05382006987929344
192,2,64,57,0.45160096883773804,0.24969705939292908
192,2,64,58,0.4964855909347534,0.32304611802101135
192,2,64,59,0.3520734906196594,0.1388373076915741
192,2,64,60,0.5962275862693787,0.18518470227718353
192,2,64,61,0.43152496218681335,0.10342709720134735
192,2,64,62,0.31809696555137634,0.1282697319984436
192,2,64,63,0.4678367078304291,0.25740140676498413
192,3,64,0,0.4322470724582672,0.17916148900985718
192,3,64,1,0.538748025894165,0.19433282315731049
192,3,64,2,0.4784660041332245,0.09563932567834854
192,3,64,3,0.6490251421928406,0.09072431921958923
192,3,64,4,0.38533225655555725,0.11019393056631088
192,3,64,5,0.3958629369735718,0.12180491536855698
192,3,64,6,0.36334964632987976,0.07837831228971481
192,3,64,7,0.6459966897964478,0.11017483472824097
192,3,64,8,0.5019853711128235,0.1703752726316452
192,3,64,9,0.485391765832901,0.1681610345840454
192,3,64,10,0.5163488388061523,0.16799601912498474
192,3,64,11,0.600718080997467,0.215853750705719
192,3,64,12,0.5547558069229126,0.13334371149539948
192,3,64,13,0.30661725997924805,0.1230602115392685
192,3,64,14,0.5091525316238403,0.09402734786272049
192,3,64,15,0.5147150754928589,0.10109513252973557
192,3,64,16,0.5146145820617676,0.1367538720369339
192,3,64,17,0.6161133646965027,0.1076856404542923
192,3,64,18,0.4945852756500244,0.19811543822288513
192,3,64,19,0.37771984934806824,0.17965775728225708
192,3,64,20,0.4963369369506836,0.13555829226970673
192,3,64,21,0.48857784271240234,0.11772609502077103
192,3,64,22,0.3713649809360504,0.18428723514080048
192,3,64,23,0.41357219219207764,0.11906642466783524
192,3,64,24,0.47843626141548157,0.24515491724014282
192,3,64,25,0.5601764917373657,0.10007191449403763
192,3,64,26,0.38548266887664795,0.1477847695350647
192,3,64,27,0.6139277815818787,0.09924492239952087
192,3,64,28,0.5821412205696106,0.10857156664133072
192,3,64,29,0.42495352029800415,0.099024698138237
192,3,64,30,0.6304431557655334,0.04892902076244354
192,3,64,31,0.3331993818283081,0.19017362594604492
192,3,64,32,0.6495924592018127,0.22814269363880157
192,3,64,33,0.5950087308883667,0.12841902673244476
192,3,64,34,0.49498552083969116,0.1846059262752533
192,3,64,35,0.40445002913475037,0.1519959717988968
192,3,64,36,0.44834452867507935,0.06817234307527542
192,3,64,37,0.6017914414405823,0.1888086050748825
192,3,64,38,0.7158987522125244,0.1601213812828064
192,3,64,39,0.33959996700286865,0.15836244821548462
192,3,64,40,0.5621981024742126,0.08554599434137344
192,3,64,41,0.45856332778930664,0.09686160087585449
192,3,64,42,0.5981751084327698,0.1286911517381668
192,3,64,43,0.5940631031990051,0.059277042746543884
192,3,64,44,0.5656065344810486,0.1794893890619278
192,3,64,45,0.46291592717170715,0.13947758078575134
192,3,64,46,0.3248564600944519,0.10168157517910004
192,3,64,47,0.4302384853363037,0.12320297956466675
192,3,64,48,0.5598925948143005,0.17200030386447906
192,3,64,49,0.42326846718788147,0.1786782443523407
192,3,64,50,0.4617908000946045,0.1720660775899887
192,3,64,51,0.44163522124290466,0.19489766657352448
192,3,64,52,0.6085962653160095,0.2232571244239807
192,3,64,53,0.5659937262535095,0.08293581008911133
192,3,64,54,0.5288930535316467,0.0905790776014328
192,3,64,55,0.5619442462921143,0.07786376774311066
192,3,64,56,0.4111703634262085,0.1761578768491745
192,3,64,57,0.7024251222610474,0.14171156287193298
192,3,64,58,0.4369540214538574,0.13267448544502258
192,3,64,59,0.33635014295578003,0.05716574937105179
192,3,64,60,0.46526506543159485,0.11737874895334244
192,3,64,61,0.4654751121997833,0.12605202198028564
192,3,64,62,0.6596112847328186,0.09017946571111679
192,3,64,63,0.5533429384231567,0.09182282537221909
192,4,128,0,0.40257665514945984,0.1218227967619896
192,4,128,1,0.5991849303245544,0.1355150043964386
192,4,128,2,0.5670498013496399,0.29875648021698
192,4,128,3,0.6852057576179504,0.18412676453590393
192,4,128,4,0.6717444062232971,0.1456519514322281
192,4,128,5,0.5378029942512512,0.2507835328578949
192,4,128,6,0.6341215968132019,0.23312483727931976
192,4,128,7,0.47238627076148987,0.19474346935749054
192,4,128,8,0.3953617513179779,0.18619926273822784
192,4,128,9,0.6405540704727173,0.1639571338891983
192,4,128,10,0.4151364266872406,0.15785381197929382
192,4,128,11,0.5927891731262207,0.17924493551254272
192,4,128,12,0.7644285559654236,0.16838130354881287
192,4,128,13,0.28498968482017517,0.14643430709838867
192,4,128,14,0.5995109677314758,0.19122350215911865
192,4,128,15,0.5394647121429443,0.06612987816333771
192,4,128,16,0.37021297216415405,0.1862407624721527
192,4,128,17,0.5704185366630554,0.26503947377204895
192,4,128,18,0.6118980646133423,0.27364346385002136
192,4,128,19,0.5669078826904297,0.09453019499778748
192,4,128,20,0.529689610004425,0.26022040843963623
192,4,128,21,0.6598668694496155,0.28833770751953125
192,4,128,22,0.4374980032444,0.21494397521018982
192,4,128,23,0.6884266138076782,0.20119141042232513
192,4,128,24,0.6814174652099609,0.10291051119565964
192,4,128,25,0.5170702934265137,0.2288326919078827
192,4,128,26,0.7512897253036499,0.1340535283088684
192,4,128,27,0.5318552255630493,0.3049187660217285
192,4,128,28,0.3855477273464203,0.2561189532279968
192,4,128,29,0.5512716174125671,0.18871600925922394
192,4,128,30,0.36809203028678894,0.2306431382894516
192,4,128,31,0.5980858206748962,0.045654136687517166
192,4,128,32,0.41859346628189087,0.1854310780763626
192,4,128,33,0.661868155002594,0.1894310861825943
192,4,128,34,0.453882098197937,0.27035000920295715
192,4,128,35,0.5484882593154907,0.21002240478992462
192,4,128,36,0.6846447587013245,0.2486177682876587
192,4,128,37,0.3999377191066742,0.2675628066062927
192,4,128,38,0.4771101772785187,0.3412904143333435
192,4,128,39,0.4385303556919098,0.1861530989408493
192,4,128,40,0.5079261064529419,0.23343907296657562
192,4,128,41,0.5151255130767822,0.32482361793518066
192,4,128,42,0.5784245133399963,0.2718263864517212
192,4,128,43,0.4815436899662018,0.24637052416801453
192,4,128,44,0.4357294738292694,0.24062596261501312
192,4,128,45,0.6072711944580078,0.23434267938137054
192,4,128,46,0.4452597498893738,0.3505907952785492
192,4,128,47,0.6946995854377747,0.22454571723937988
192,4,128,48,0.528555691242218,0.26963454484939575
192,4,128,49,0.5199954509735107,0.2931762933731079
192,4,128,50,0.5076273083686829,0.30124354362487793
192,4,128,51,0.5668332576751709,0.18663877248764038
192,4,128,52,0.5296517610549927,0.306447833776474
192,4,128,53,0.5806885361671448,0.20651477575302124
192,4,128,54,0.45311230421066284,0.26064634323120117
192,4,128,55,0.6072787046432495,0.2547416388988495
192,4,128,56,0.45292022824287415,0.3185349702835083
192,4,128,57,0.6061981320381165,0.06478960067033768
192,4,128,58,0.63321453332901,0.14672164618968964
192,4,128,59,0.45076653361320496,0.237997367978096
192,4,128,60,0.5982736349105835,0.1968623697757721
192,4,128,61,0.6086742281913757,0.17922940850257874
192,4,128,62,0.6435825824737549,0.22827689349651337
192,4,128,63,0.43573006987571716,0.10455776005983353
192,4,128,64,0.7697005271911621,0.09281804412603378
192,4,128,65,0.7151588797569275,0.16500362753868103
192,4,128,66,0.4653002917766571,0.0530436635017395
192,4,128,67,0.6182310581207275,0.1688397377729416
192,4,128,68,0.7800288200378418,0.10903026908636093
192,4,128,69,0.6284953951835632,0.27521753311157227
192,4,128,70,0.5656603574752808,0.14494727551937103
192,4,128,71,0.4285310208797455,0.2732727527618408
192,4,128,72,0.4743717908859253,0.34557512402534485
192,4,128,73,0.5981264114379883,0.2850910723209381
192,4,128,74,0.5896453261375427,0.2671608030796051
192,4,128,75,0.48675259947776794,0.29760465025901794
192,4,128,76,0.6536780595779419,0.06628531962633133
192,4,128,77,0.5334216952323914,0.11904766410589218
192,4,128,78,0.3442116975784302,0.19518207013607025
192,4,128,79,0.42675042152404785,0.17972679436206818
192,4,128,80,0.7787688374519348,0.14025136828422546
192,4,128,81,0.34914860129356384,0.255262166261673
192,4,128,82,0.5991631150245667,0.33949971199035645
192,4,128,83,0.5473423004150391,0.18968743085861206
192,4,128,84,0.5325949192047119,0.15388835966587067
192,4,128,85,0.5129812955856323,0.1929609477519989
192,4,128,86,0.4933669865131378,0.10887119174003601
192,4,128,87,0.40615132451057434,0.2339669018983841
192,4,128,88,0.4746536314487457,0.2822464406490326
192,4,128,89,0.5739904642105103,0.2695768177509308
192,4,128,90,0.4363875389099121,0.32065755128860474
192,4,128,91,0.698462724685669,0.20072288811206818
192,4,128,92,0.4357408881187439,0.2777046263217926
192,4,128,93,0.4511782228946686,0.13173937797546387
192,4,128,94,0.466251939535141,0.1799224615097046
192,4,128,95,0.5568756461143494,0.2192319929599762
192,4,128,96,0.656754732131958,0.2069133222103119
192,4,128,97,0.6213624477386475,0.2134600281715393
192,4,128,98,0.5305476188659668,0.3017953038215637
192,4,128,99,0.6158962845802307,0.23885580897331238
192,4,128,100,0.6018322706222534,0.18634341657161713
192,4,128,101,0.5126053094863892,0.29434213042259216
192,4,128,102,0.4973055124282837,0.3417571783065796
192,4,128,103,0.5038028955459595,0.2886245548725128
192,4,128,104,0.5027860403060913,0.1216253936290741
192,4,128,105,0.5345959067344666,0.23449650406837463
192,4,128,106,0.5744625329971313,0.19243142008781433
192,4,128,107,0.4955788552761078,0.32718947529792786
192,4,128,108,0.4451455771923065,0.2784063518047333
192,4,128,109,0.49992460012435913,0.29767096042633057
192,4,128,110,0.467134028673172,0.2870069444179535
192,4,128,111,0.5505992770195007,0.292989581823349
192,4,128,112,0.6358606219291687,0.12122046947479248
192,4,128,113,0.4842553734779358,0.31283843517303467
192,4,128,114,0.5437403917312622,0.19697459042072296
192,4,128,115,0.41398507356643677,0.23081143200397491
192,4,128,116,0.36820095777511597,0.2287573367357254
192,4,128,117,0.4482716917991638,0.2086399793624878
192,4,128,118,0.40931200981140137,0.17334884405136108
192,4,128,119,0.36941561102867126,0.22849901020526886
192,4,128,120,0.4415205121040344,0.28415176272392273
192,4,128,121,0.42851805686950684,0.18428438901901245
192,4,128,122,0.429080069065094,0.18609619140625
192,4,128,123,0.4338737428188324,0.2714550197124481
192,4,128,124,0.3902646005153656,0.22638355195522308
192,4,128,125,0.6123530268669128,0.12434481829404831
192,4,128,126,0.33205121755599976,0.163287952542305
192,4,128,127,0.5033256411552429,0.21079963445663452
192,5,128,0,0.3889029622077942,0.15152107179164886
192,5,128,1,0.7917839288711548,0.14650438725948334
192,5,128,2,0.7041043043136597,0.15101419389247894
192,5,128,3,0.42793405055999756,0.1478310376405716
192,5,128,4,0.6261089444160461,0.2135424017906189
192,5,128,5,0.6773255467414856,0.10735370963811874
192,5,128,6,0.7233874797821045,0.14864414930343628
192,5,128,7,0.37591060996055603,0.16476890444755554
192,5,128,8,0.6633868217468262,0.17001155018806458
192,5,128,9,0.7418796420097351,0.14322060346603394
192,5,128,10,0.7342406511306763,0.17027001082897186
192,5,128,11,0.6911224126815796,0.134182870388031
192,5,128,12,0.3271019458770752,0.23355408012866974
192,5,128,13,0.30977195501327515,0.19304761290550232
192,5,128,14,0.4069384038448334,0.18710052967071533
192,5,128,15,0.7321794033050537,0.13585489988327026
192,5,128,16,0.7419614791870117,0.14718782901763916
192,5,128,17,0.7900461554527283,0.12706755101680756
192,5,128,18,0.8055592179298401,0.14746522903442383
192,5,128,19,0.3936716914176941,0.14365310966968536
192,5,128,20,0.6425139904022217,0.17590732872486115
192,5,128,21,0.5923845171928406,0.24170784652233124
192,5,128,22,0.28245100378990173,0.11191339790821075
192,5,128,23,0.8245346546173096,0.14881595969200134
192,5,128,24,0.6200427412986755,0.12983088195323944
192,5,128,25,0.3632560074329376,0.13096213340759277
192,5,128,26,0.7802425622940063,0.09497193992137909
192,5,128,27,0.6816477179527283,0.17793141305446625
192,5,128,28,0.6218909621238708,0.1579870730638504
192,5,128,29,0.6808609962463379,0.1775992512702942
192,5,128,30,0.619934618473053,0.21411941945552826
192,5,128,31,0.7510926723480225,0.1674075722694397
192,5,128,32,0.4298096299171448,0.17669710516929626
192,5,128,33,0.6682046055793762,0.17109078168869019
192,5,128,34,0.8090718388557434,0.14642973244190216
192,5,128,35,0.7564466595649719,0.20717917382717133
192,5,128,36,0.5968660116195679,0.1973782181739807
192,5,128,37,0.6974819898605347,0.18303678929805756
192,5,128,38,0.654272198677063,0.12073122709989548
192,5,128,39,0.675042450428009,0.15265583992004395
192,5,128,40,0.5534906387329102,0.15065938234329224
192,5,128,41,0.7126984596252441,0.23568427562713623
192,5,128,42,0.7150828838348389,0.16578048467636108
192,5,128,43,0.5946573615074158,0.13401030004024506
192,5,128,44,0.3476993143558502,0.23008015751838684
192,5,128,45,0.4681668281555176,0.2539394795894623
192,5,128,46,0.6494925022125244,0.19098053872585297
192,5,128,47,0.639472246170044,0.21807017922401428
192,5,128,48,0.7779451608657837,0.1648096740245819
192,5,128,49,0.7576113939285278,0.1160944402217865
192,5,128,50,0.7621141672134399,0.17475251853466034
192,5,128,51,0.42697787284851074,0.24429450929164886
192,5,128,52,0.7927554845809937,0.17264653742313385
192,5,128,53,0.7926278114318848,0.13993798196315765
192,5,128,54,0.7573891282081604,0.1487402766942978
192,5,128,55,0.6339601874351501,0.16481177508831024
192,5,128,56,0.8163787722587585,0.1269264966249466
192,5,128,57,0.7269605398178101,0.15186923742294312
192,5,128,58,0.6628732085227966,0.188059002161026
192,5,128,59,0.41327139735221863,0.12939366698265076
192,5,128,60,0.7776620388031006,0.1812707781791687
192,5,128,61,0.8070122599601746,0.1267961710691452
192,5,128,62,0.6734504699707031,0.14435119926929474
192,5,128,63,0.7654281258583069,0.14175957441329956
192,5,128,64,0.7073349356651306,0.2405085563659668
192,5,128,65,0.531575083732605,0.20387940108776093
192,5,128,66,0.7553349733352661,0.11026681214570999
192,5,128,67,0.7613885998725891,0.19903835654258728
192,5,128,68,0.8049310445785522,0.07993283122777939
192,5,128,69,0.6903542876243591,0.11672637611627579
192,5,128,70,0.6118162274360657,0.22726500034332275
192,5,128,71,0.7656248807907104,0.1215500608086586
192,5,128,72,0.7518136501312256,0.12120407819747925
192,5,128,73,0.3663727343082428,0.2400086671113968
192,5,128,74,0.4815724492073059,0.1142752468585968
192,5,128,75,0.8342248797416687,0.12177376449108124
192,5,128,76,0.7823713421821594,0.13050468266010284
192,5,128,77,0.6439020037651062,0.13320961594581604
192,5,128,78,0.3215120732784271,0.16172055900096893
192,5,128,79,0.6321281790733337,0.17872895300388336
192,5,128,80,0.7464085817337036,0.19141124188899994
192,5,128,81,0.44723427295684814,0.2861461043357849
192,5,128,82,0.5005703568458557,0.20993275940418243
192,5,128,83,0.7944260239601135,0.15388701856136322
192,5,128,84,0.7515351176261902,0.14012008905410767
192,5,128,85,0.49488234519958496,0.07944098114967346
192,5,128,86,0.752921462059021,0.12936003506183624
192,5,128,87,0.6826828122138977,0.182594433426857
192,5,128,88,0.7063229084014893,0.2635510265827179
192,5,128,89,0.4277350604534149,0.16037476062774658
192,5,128,90,0.7713611721992493,0.17306266725063324
192,5,128,91,0.8117444515228271,0.09213727712631226
192,5,128,92,0.7439324259757996,0.1933961659669876
192,5,128,93,0.4825689196586609,0.22007589042186737
192,5,128,94,0.6701428294181824,0.1769479215145111
192,5,128,95,0.6969094276428223,0.1538233608007431
192,5,128,96,0.41086864471435547,0.13246530294418335
192,5,128,97,0.4611608684062958,0.27724769711494446
192,5,128,98,0.645428478717804,0.2411257028579712
192,5,128,99,0.573634922504425,0.0821060836315155
192,5,128,100,0.7173536419868469,0.11845604330301285
192,5,128,101,0.7291167974472046,0.12447725981473923
192,5,128,102,0.6920362114906311,0.24614153802394867
192,5,128,103,0.6703987121582031,0.240218847990036
192,5,128,104,0.6639367938041687,0.13612115383148193
192,5,128,105,0.40278732776641846,0.13848328590393066
192,5,128,106,0.7839304208755493,0.16700442135334015
192,5,128,107,0.6398112177848816,0.11276203393936157
192,5,128,108,0.5923538208007812,0.2199784368276596
192,5,128,109,0.7269211411476135,0.19009022414684296
192,5,128,110,0.5777424573898315,0.19561077654361725
192,5,128,111,0.7381561398506165,0.2471475601196289
192,5,128,112,0.4122881293296814,0.2739657759666443
192,5,128,113,0.7478821873664856,0.13831472396850586
192,5,128,114,0.44696295261383057,0.09687422960996628
192,5,128,115,0.4276304841041565,0.1493266075849533
192,5,128,116,0.6206163763999939,0.25129565596580505
192,5,128,117,0.42878156900405884,0.17287661135196686
192,5,128,118,0.7482284903526306,0.17519183456897736
192,5,128,119,0.4990178942680359,0.2124096304178238
192,5,128,120,0.7585557103157043,0.08913300931453705
192,5,128,121,0.6951560974121094,0.1522548794746399
192,5,128,122,0.43214839696884155,0.08505447208881378
192,5,128,123,0.46650126576423645,0.25344324111938477
192,5,128,124,0.6894336342811584,0.14832541346549988
192,5,128,125,0.6109419465065002,0.1909053474664688
192,5,128,126,0.703967273235321,0.1044154241681099
192,5,128,127,0.6720962524414062,0.18568788468837738
193,0,32,0,0.4258812963962555,0.09024880081415176
193,0,32,1,0.566862165927887,0.07529893517494202
193,0,32,2,0.3549554646015167,0.08182720839977264
193,0,32,3,0.36336371302604675,0.0953713059425354
193,0,32,4,0.3772503733634949,0.04704105108976364
193,0,32,5,0.6733027100563049,0.08046531677246094
193,0,32,6,0.5327415466308594,0.05290641635656357
193,0,32,7,0.5407012104988098,0.0730518251657486
193,0,32,8,0.4202781319618225,0.05259563401341438
193,0,32,9,0.4510931670665741,0.060233160853385925
193,0,32,10,0.4746789336204529,0.07726667821407318
193,0,32,11,0.5692309141159058,0.08720443397760391
193,0,32,12,0.4941037595272064,0.06280454248189926
193,0,32,13,0.5716883540153503,0.05359223484992981
193,0,32,14,0.48047444224357605,0.08335931599140167
193,0,32,15,0.601854681968689,0.06731381267309189
193,0,32,16,0.5554854869842529,0.05211356282234192
193,0,32,17,0.5599562525749207,0.04067828506231308
193,0,32,18,0.5561646819114685,0.06059851497411728
193,0,32,19,0.502704381942749,0.040167029947042465
193,0,32,20,0.6446291208267212,0.03187323734164238
193,0,32,21,0.4142782390117645,0.0580437146127224
193,0,32,22,0.4242507219314575,0.13576196134090424
193,0,32,23,0.5492282509803772,0.06800016015768051
193,0,32,24,0.4514896869659424,0.08412902057170868
193,0,32,25,0.6003431081771851,0.06049470603466034
193,0,32,26,0.48330384492874146,0.06320060789585114
193,0,32,27,0.5409734845161438,0.06042495369911194
193,0,32,28,0.41498151421546936,0.019974317401647568
193,0,32,29,0.5118826627731323,0.09479660540819168
193,0,32,30,0.5339164733886719,0.04400767758488655
193,0,32,31,0.5109218955039978,0.06919939815998077
193,1,32,0,0.5601576566696167,0.043002814054489136
193,1,32,1,0.4474451243877411,0.12862591445446014
193,1,32,2,0.5599817037582397,0.12830451130867004
193,1,32,3,0.4678207039833069,0.06425515562295914
193,1,32,4,0.4724973440170288,0.06864621490240097
193,1,32,5,0.41423866152763367,0.05679270997643471
193,1,32,6,0.5673171877861023,0.1035836786031723
193,1,32,7,0.5652167201042175,0.13931241631507874
193,1,32,8,0.48672953248023987,0.06273684650659561
193,1,32,9,0.490737646818161,0.08972598612308502
193,1,32,10,0.46889764070510864,0.07716526091098785
193,1,32,11,0.3832460343837738,0.1020929366350174
193,1,32,12,0.45134803652763367,0.07522022724151611
193,1,32,13,0.5205663442611694,0.15378205478191376
193,1,32,14,0.6163713335990906,0.0714404284954071
193,1,32,15,0.4530268609523773,0.13718724250793457
193,1,32,16,0.35407960414886475,0.12318339198827744
193,1,32,17,0.44949692487716675,0.1523226946592331
193,1,32,18,0.6448668837547302,0.09415619820356369
193,1,32,19,0.47458887100219727,0.09712034463882446
193,1,32,20,0.43029478192329407,0.09399677067995071
193,1,32,21,0.4134664237499237,0.11702147126197815
193,1,32,22,0.3890009820461273,0.05299079790711403
193,1,32,23,0.4660819172859192,0.11938448995351791
193,1,32,24,0.5918979048728943,0.09977595508098602
193,1,32,25,0.597898006439209,0.12951549887657166
193,1,32,26,0.5072487592697144,0.08539929986000061
193,1,32,27,0.5237440466880798,0.1471315175294876
193,1,32,28,0.6305652260780334,0.0850161463022232
193,1,32,29,0.4714476466178894,0.10344650596380234
193,1,32,30,0.5164589881896973,0.043348539620637894
193,1,32,31,0.35260894894599915,0.08530410379171371
193,2,64,0,0.6755592823028564,0.12599314749240875
193,2,64,1,0.6813160181045532,0.16931529343128204
193,2,64,2,0.39649301767349243,0.18704865872859955
193,2,64,3,0.6928245425224304,0.14066419005393982
193,2,64,4,0.3693632185459137,0.076690673828125
193,2,64,5,0.5020003914833069,0.1582418829202652
193,2,64,6,0.5177544951438904,0.1842367798089981
193,2,64,7,0.4224589467048645,0.13934490084648132
193,2,64,8,0.4086976647377014,0.14536280930042267
193,2,64,9,0.6366778016090393,0.07724353671073914
193,2,64,10,0.4958553910255432,0.09684839844703674
193,2,64,11,0.609865665435791,0.13019992411136627
193,2,64,12,0.46158531308174133,0.2616427540779114
193,2,64,13,0.6070810556411743,0.11714716255664825
193,2,64,14,0.33554020524024963,0.13556617498397827
193,2,64,15,0.43283340334892273,0.20920917391777039
193,2,64,16,0.359451025724411,0.11570995301008224
193,2,64,17,0.41120192408561707,0.1668509542942047
193,2,64,18,0.35852524638175964,0.15854519605636597
193,2,64,19,0.32178208231925964,0.28721514344215393
193,2,64,20,0.565808117389679,0.08454006910324097
193,2,64,21,0.298392653465271,0.15157486498355865
193,2,64,22,0.5720659494400024,0.1822989583015442
193,2,64,23,0.44218483567237854,0.1205495074391365
193,2,64,24,0.6727629899978638,0.1403675675392151
193,2,64,25,0.4480084478855133,0.16561241447925568
193,2,64,26,0.4961574673652649,0.1210242211818695
193,2,64,27,0.5618639588356018,0.10144593566656113
193,2,64,28,0.5026345252990723,0.20552922785282135
193,2,64,29,0.60481196641922,0.17166763544082642
193,2,64,30,0.37020638585090637,0.12178020924329758
193,2,64,31,0.5237338542938232,0.0892704576253891
193,2,64,32,0.6336101293563843,0.09033109247684479
193,2,64,33,0.3621622622013092,0.15110275149345398
193,2,64,34,0.478064626455307,0.10428261011838913
193,2,64,35,0.33268415927886963,0.22784872353076935
193,2,64,36,0.6515483856201172,0.10189466178417206
193,2,64,37,0.4591718912124634,0.11266666650772095
193,2,64,38,0.48928138613700867,0.21427319943904877
193,2,64,39,0.277073472738266,0.1440715193748474
193,2,64,40,0.5377472043037415,0.13837702572345734
193,2,64,41,0.38581398129463196,0.08717670291662216
193,2,64,42,0.5758309960365295,0.10921978950500488
193,2,64,43,0.6602753400802612,0.10904616117477417
193,2,64,44,0.524115800857544,0.15256990492343903
193,2,64,45,0.5584022998809814,0.0997871607542038
193,2,64,46,0.3056332468986511,0.16152344644069672
193,2,64,47,0.624849259853363,0.16129440069198608
193,2,64,48,0.5155391693115234,0.24810852110385895
193,2,64,49,0.593573272228241,0.08795244991779327
193,2,64,50,0.45802778005599976,0.14863304793834686
193,2,64,51,0.45934268832206726,0.21635937690734863
193,2,64,52,0.4267430603504181,0.2108299434185028
193,2,64,53,0.5945906639099121,0.11689566820859909
193,2,64,54,0.39630088210105896,0.16978254914283752
193,2,64,55,0.48314595222473145,0.1833697259426117
193,2,64,56,0.37753167748451233,0.1275399774312973
193,2,64,57,0.6092975735664368,0.25692087411880493
193,2,64,58,0.542481005191803,0.23399530351161957
193,2,64,59,0.3838415741920471,0.2462294101715088
193,2,64,60,0.585884153842926,0.09990020096302032
193,2,64,61,0.666258692741394,0.20256656408309937
193,2,64,62,0.4979727268218994,0.1521153748035431
193,2,64,63,0.6076343059539795,0.193319633603096
193,3,64,0,0.5969362854957581,0.1257675737142563
193,3,64,1,0.6584699153900146,0.17954079806804657
193,3,64,2,0.3463444113731384,0.15803664922714233
193,3,64,3,0.3661758303642273,0.09047501534223557
193,3,64,4,0.4161035418510437,0.09330864995718002
193,3,64,5,0.517028272151947,0.20366141200065613
193,3,64,6,0.4558345079421997,0.14821481704711914
193,3,64,7,0.35569050908088684,0.18881183862686157
193,3,64,8,0.4642402231693268,0.15000510215759277
193,3,64,9,0.53549724817276,0.09856146574020386
193,3,64,10,0.3554069697856903,0.17238737642765045
193,3,64,11,0.6535710096359253,0.1243765577673912
193,3,64,12,0.3563566207885742,0.1275320202112198
193,3,64,13,0.48616817593574524,0.16814489662647247
193,3,64,14,0.5374922752380371,0.0886538028717041
193,3,64,15,0.45383384823799133,0.1868685930967331
193,3,64,16,0.41414326429367065,0.09253775328397751
193,3,64,17,0.7353103756904602,0.08589143306016922
193,3,64,18,0.5982058048248291,0.24301119148731232
193,3,64,19,0.45328372716903687,0.16512683033943176
193,3,64,20,0.41342782974243164,0.15103638172149658
193,3,64,21,0.3993474841117859,0.1809796243906021
193,3,64,22,0.358234167098999,0.09879659116268158
193,3,64,23,0.51593017578125,0.14618803560733795
193,3,64,24,0.6050843596458435,0.060936011373996735
193,3,64,25,0.2975802719593048,0.1530819833278656
193,3,64,26,0.30671295523643494,0.09819170832633972
193,3,64,27,0.46300506591796875,0.21808896958827972
193,3,64,28,0.550965428352356,0.11198381334543228
193,3,64,29,0.44381245970726013,0.10821206867694855
193,3,64,30,0.5814473628997803,0.09825596958398819
193,3,64,31,0.38824522495269775,0.19271792471408844
193,3,64,32,0.5020056962966919,0.16906511783599854
193,3,64,33,0.5730417966842651,0.14733842015266418
193,3,64,34,0.6649057865142822,0.1561177521944046
193,3,64,35,0.30715593695640564,0.14829795062541962
193,3,64,36,0.43442946672439575,0.11949791014194489
193,3,64,37,0.3331705629825592,0.1715666651725769
193,3,64,38,0.5627058744430542,0.29367244243621826
193,3,64,39,0.5343736410140991,0.08791323751211166
193,3,64,40,0.3851621150970459,0.19103002548217773
193,3,64,41,0.5677062273025513,0.07021831721067429
193,3,64,42,0.4034878611564636,0.11494500190019608
193,3,64,43,0.3184228837490082,0.16809262335300446
193,3,64,44,0.5992411971092224,0.056208495050668716
193,3,64,45,0.6113694310188293,0.1066499650478363
193,3,64,46,0.4445800185203552,0.14909806847572327
193,3,64,47,0.4536837637424469,0.07213447242975235
193,3,64,48,0.28645646572113037,0.1765352189540863
193,3,64,49,0.6061468720436096,0.07716847956180573
193,3,64,50,0.4930407404899597,0.16986685991287231
193,3,64,51,0.5579806566238403,0.19779671728610992
193,3,64,52,0.4064486026763916,0.08823397755622864
193,3,64,53,0.5387457013130188,0.16597172617912292
193,3,64,54,0.4718937277793884,0.27583587169647217
193,3,64,55,0.558838427066803,0.15708312392234802
193,3,64,56,0.5714403986930847,0.2950122654438019
193,3,64,57,0.4334070384502411,0.08203952759504318
193,3,64,58,0.45084312558174133,0.07295925170183182
193,3,64,59,0.5956823229789734,0.06272443383932114
193,3,64,60,0.5844816565513611,0.07395534217357635
193,3,64,61,0.5036393404006958,0.12643279135227203
193,3,64,62,0.424652099609375,0.26037153601646423
193,3,64,63,0.5700691342353821,0.11971285194158554
193,4,128,0,0.6073477864265442,0.0684623271226883
193,4,128,1,0.5404670238494873,0.04450630769133568
193,4,128,2,0.6184542775154114,0.2346334457397461
193,4,128,3,0.5833106637001038,0.19309557974338531
193,4,128,4,0.45760196447372437,0.1394379734992981
193,4,128,5,0.40002432465553284,0.11548449099063873
193,4,128,6,0.4663047194480896,0.20495803654193878
193,4,128,7,0.7603689432144165,0.12252962589263916
193,4,128,8,0.5173954963684082,0.25999051332473755
193,4,128,9,0.5251259803771973,0.25189220905303955
193,4,128,10,0.4159044623374939,0.0880894586443901
193,4,128,11,0.5601168274879456,0.20484672486782074
193,4,128,12,0.6003710627555847,0.22812537848949432
193,4,128,13,0.5951210856437683,0.19775956869125366
193,4,128,14,0.6944590210914612,0.11945399641990662
193,4,128,15,0.5351671576499939,0.20548400282859802
193,4,128,16,0.5236700177192688,0.31917107105255127
193,4,128,17,0.4967125654220581,0.28733232617378235
193,4,128,18,0.4270976781845093,0.09879054129123688
193,4,128,19,0.5837485790252686,0.18849612772464752
193,4,128,20,0.6198971271514893,0.09531143307685852
193,4,128,21,0.599067747592926,0.2088736891746521
193,4,128,22,0.6224614977836609,0.12997570633888245
193,4,128,23,0.4207707345485687,0.11511814594268799
193,4,128,24,0.5491839051246643,0.07598994672298431
193,4,128,25,0.655925452709198,0.13910162448883057
193,4,128,26,0.5417361855506897,0.14439994096755981
193,4,128,27,0.6769523620605469,0.15780672430992126
193,4,128,28,0.6645922064781189,0.12042628228664398
193,4,128,29,0.5521039962768555,0.2203807383775711
193,4,128,30,0.5823373794555664,0.2211165428161621
193,4,128,31,0.525587797164917,0.22317776083946228
193,4,128,32,0.6581123471260071,0.10270188003778458
193,4,128,33,0.5664483904838562,0.26787060499191284
193,4,128,34,0.6955633759498596,0.11591456830501556
193,4,128,35,0.5607842803001404,0.18958768248558044
193,4,128,36,0.3959965109825134,0.09510994702577591
193,4,128,37,0.3554812967777252,0.0600908026099205
193,4,128,38,0.6406123638153076,0.13526998460292816
193,4,128,39,0.5241988897323608,0.09768739342689514
193,4,128,40,0.6134230494499207,0.20023976266384125
193,4,128,41,0.5396280288696289,0.2035512626171112
193,4,128,42,0.36806783080101013,0.13859188556671143
193,4,128,43,0.6642512679100037,0.08207498490810394
193,4,128,44,0.4850083887577057,0.04611724987626076
193,4,128,45,0.5709579586982727,0.14808574318885803
193,4,128,46,0.5377426743507385,0.2591445744037628
193,4,128,47,0.48202967643737793,0.2083301544189453
193,4,128,48,0.5173858404159546,0.24771298468112946
193,4,128,49,0.48991847038269043,0.3079768419265747
193,4,128,50,0.6931089162826538,0.09243377298116684
193,4,128,51,0.48405134677886963,0.21593616902828217
193,4,128,52,0.5939319729804993,0.09862595796585083
193,4,128,53,0.5254770517349243,0.11073817312717438
193,4,128,54,0.471257746219635,0.25264495611190796
193,4,128,55,0.6267910599708557,0.17784196138381958
193,4,128,56,0.5118211507797241,0.059592679142951965
193,4,128,57,0.5173174142837524,0.09645857661962509
193,4,128,58,0.45926201343536377,0.23085080087184906
193,4,128,59,0.5077304840087891,0.22418993711471558
193,4,128,60,0.6531699895858765,0.10699164867401123
193,4,128,61,0.693878173828125,0.11180558800697327
193,4,128,62,0.566862940788269,0.0870826467871666
193,4,128,63,0.49705055356025696,0.2531856298446655
193,4,128,64,0.5300149321556091,0.11286149173974991
193,4,128,65,0.5415838956832886,0.2285415679216385
193,4,128,66,0.6911095380783081,0.10733375698328018
193,4,128,67,0.6382372379302979,0.10722805559635162
193,4,128,68,0.5273810029029846,0.2657085657119751
193,4,128,69,0.56856769323349,0.30068933963775635
193,4,128,70,0.65919029712677,0.10429474711418152
193,4,128,71,0.4797436594963074,0.1278865933418274
193,4,128,72,0.5934579372406006,0.17743943631649017
193,4,128,73,0.4796735942363739,0.23022198677062988
193,4,128,74,0.5969706773757935,0.20771680772304535
193,4,128,75,0.5869346857070923,0.2620390057563782
193,4,128,76,0.39700770378112793,0.09771249443292618
193,4,128,77,0.38711410760879517,0.08714405447244644
193,4,128,78,0.504871666431427,0.16662529110908508
193,4,128,79,0.6865166425704956,0.11760428547859192
193,4,128,80,0.5517140626907349,0.12089699506759644
193,4,128,81,0.5559161901473999,0.2793402671813965
193,4,128,82,0.5634104609489441,0.08517660945653915
193,4,128,83,0.47049811482429504,0.30224764347076416
193,4,128,84,0.6561444997787476,0.0920565202832222
193,4,128,85,0.4937770366668701,0.18502342700958252
193,4,128,86,0.540999710559845,0.227024644613266
193,4,128,87,0.5099341869354248,0.30983105301856995
193,4,128,88,0.5125977396965027,0.18327045440673828
193,4,128,89,0.5905537009239197,0.11009535938501358
193,4,128,90,0.4973350465297699,0.27649784088134766
193,4,128,91,0.5412670373916626,0.15224651992321014
193,4,128,92,0.5027439594268799,0.2666088342666626
193,4,128,93,0.6339492201805115,0.17374306917190552
193,4,128,94,0.6265725493431091,0.1581745445728302
193,4,128,95,0.5974416136741638,0.11277679353952408
193,4,128,96,0.6347925066947937,0.10776269435882568
193,4,128,97,0.5734850168228149,0.09296973794698715
193,4,128,98,0.7060606479644775,0.10042562335729599
193,4,128,99,0.5079528093338013,0.20834068953990936
193,4,128,100,0.34603753685951233,0.1008293479681015
193,4,128,101,0.329112708568573,0.12421559542417526
193,4,128,102,0.42479953169822693,0.08954725414514542
193,4,128,103,0.4553867280483246,0.10302475839853287
193,4,128,104,0.48551833629608154,0.05042453110218048
193,4,128,105,0.5412507653236389,0.16507457196712494
193,4,128,106,0.5427736639976501,0.24493786692619324
193,4,128,107,0.581831157207489,0.24407027661800385
193,4,128,108,0.6369253396987915,0.14701680839061737
193,4,128,109,0.6111101508140564,0.16733954846858978
193,4,128,110,0.5091540813446045,0.08726862072944641
193,4,128,111,0.635712742805481,0.1457613855600357
193,4,128,112,0.4742942154407501,0.11248129606246948
193,4,128,113,0.4155685007572174,0.09072114527225494
193,4,128,114,0.5590101480484009,0.07660581916570663
193,4,128,115,0.5753588676452637,0.2514999210834503
193,4,128,116,0.6053791046142578,0.19038480520248413
193,4,128,117,0.47580862045288086,0.22963063418865204
193,4,128,118,0.572029173374176,0.10491721332073212
193,4,128,119,0.5699000954627991,0.24413883686065674
193,4,128,120,0.6892147660255432,0.10474146902561188
193,4,128,121,0.6047921776771545,0.21049390733242035
193,4,128,122,0.4947768747806549,0.1393764168024063
193,4,128,123,0.531072735786438,0.1551142930984497
193,4,128,124,0.38708940148353577,0.1235530897974968
193,4,128,125,0.42822983860969543,0.0606808215379715
193,4,128,126,0.5601513981819153,0.21899551153182983
193,4,128,127,0.574120819568634,0.23990590870380402
193,5,128,0,0.767475426197052,0.08436743170022964
193,5,128,1,0.6266176700592041,0.09667036682367325
193,5,128,2,0.8037266731262207,0.155947744846344
193,5,128,3,0.8009321689605713,0.12463151663541794
193,5,128,4,0.47406643629074097,0.25343963503837585
193,5,128,5,0.4926847517490387,0.22542916238307953
193,5,128,6,0.596078097820282,0.1614193469285965
193,5,128,7,0.8034939765930176,0.1260538548231125
193,5,128,8,0.7092931270599365,0.11315853893756866
193,5,128,9,0.5447829365730286,0.16867747902870178
193,5,128,10,0.7688177227973938,0.12287795543670654
193,5,128,11,0.3371169865131378,0.23096439242362976
193,5,128,12,0.36620739102363586,0.11009645462036133
193,5,128,13,0.46131935715675354,0.2587987780570984
193,5,128,14,0.46027156710624695,0.14021176099777222
193,5,128,15,0.7937424182891846,0.11681441962718964
193,5,128,16,0.7865330576896667,0.17071983218193054
193,5,128,17,0.8153645396232605,0.13916395604610443
193,5,128,18,0.5792216062545776,0.14560365676879883
193,5,128,19,0.6389820575714111,0.1581839770078659
193,5,128,20,0.5074992775917053,0.20851406455039978
193,5,128,21,0.4021085500717163,0.3007461726665497
193,5,128,22,0.8118067979812622,0.11778730154037476
193,5,128,23,0.5785079598426819,0.13524697721004486
193,5,128,24,0.6618894934654236,0.13661286234855652
193,5,128,25,0.757634699344635,0.11405423283576965
193,5,128,26,0.8436323404312134,0.11659184098243713
193,5,128,27,0.7245968580245972,0.26825061440467834
193,5,128,28,0.6878384351730347,0.11216603964567184
193,5,128,29,0.6929190754890442,0.2450743168592453
193,5,128,30,0.4588186740875244,0.11069290339946747
193,5,128,31,0.4846915900707245,0.3133629262447357
193,5,128,32,0.6296501755714417,0.16496050357818604
193,5,128,33,0.7209962010383606,0.1875195950269699
193,5,128,34,0.5900053381919861,0.09897517412900925
193,5,128,35,0.8351067900657654,0.08876946568489075
193,5,128,36,0.4660140573978424,0.15139324963092804
193,5,128,37,0.509795069694519,0.26578637957572937
193,5,128,38,0.8125155568122864,0.13387954235076904
193,5,128,39,0.6783009171485901,0.1869264394044876
193,5,128,40,0.8060300946235657,0.13308188319206238
193,5,128,41,0.6736636757850647,0.11118196696043015
193,5,128,42,0.6413606405258179,0.22349955141544342
193,5,128,43,0.8734320998191833,0.09736291319131851
193,5,128,44,0.8301085233688354,0.11744222044944763
193,5,128,45,0.6512414813041687,0.1588750183582306
193,5,128,46,0.7112213373184204,0.1424136608839035
193,5,128,47,0.7512628436088562,0.09635135531425476
193,5,128,48,0.3697824776172638,0.19205498695373535
193,5,128,49,0.5178186297416687,0.1974979192018509
193,5,128,50,0.7547151446342468,0.1516018807888031
193,5,128,51,0.7850638628005981,0.1426270306110382
193,5,128,52,0.7498816847801208,0.10802123695611954
193,5,128,53,0.6215624213218689,0.09566446393728256
193,5,128,54,0.4840609133243561,0.28555047512054443
193,5,128,55,0.6447916030883789,0.10418669134378433
193,5,128,56,0.7111843824386597,0.17283017933368683
193,5,128,57,0.6731781959533691,0.2660471498966217
193,5,128,58,0.7404077649116516,0.13907194137573242
193,5,128,59,0.6329799890518188,0.2541560232639313
193,5,128,60,0.7113136053085327,0.12486355751752853
193,5,128,61,0.7444191575050354,0.14856146275997162
193,5,128,62,0.31541627645492554,0.09532415121793747
193,5,128,63,0.6228820085525513,0.18123120069503784
193,5,128,64,0.699546754360199,0.19757461547851562
193,5,128,65,0.48965734243392944,0.0523211807012558
193,5,128,66,0.7120029926300049,0.15031804144382477
193,5,128,67,0.7261358499526978,0.10024741291999817
193,5,128,68,0.6511446237564087,0.19191165268421173
193,5,128,69,0.7780607342720032,0.20811788737773895
193,5,128,70,0.6053635478019714,0.10945466160774231
193,5,128,71,0.6631546020507812,0.080825075507164
193,5,128,72,0.6748327016830444,0.05639242008328438
193,5,128,73,0.7628749012947083,0.13620290160179138
193,5,128,74,0.6768757104873657,0.27561601996421814
193,5,128,75,0.7918540835380554,0.1643233597278595
193,5,128,76,0.6868687272071838,0.14828306436538696
193,5,128,77,0.7099334001541138,0.14315450191497803
193,5,128,78,0.7504988312721252,0.13685035705566406
193,5,128,79,0.531703770160675,0.25701165199279785
193,5,128,80,0.5733869075775146,0.17712083458900452
193,5,128,81,0.6306939125061035,0.1208357959985733
193,5,128,82,0.8016518354415894,0.15700176358222961
193,5,128,83,0.7614206075668335,0.09590266644954681
193,5,128,84,0.8549540042877197,0.11362516134977341
193,5,128,85,0.5623716115951538,0.15866564214229584
193,5,128,86,0.764130711555481,0.14895346760749817
193,5,128,87,0.6170927286148071,0.17964839935302734
193,5,128,88,0.7912495136260986,0.13068699836730957
193,5,128,89,0.823110818862915,0.13380663096904755
193,5,128,90,0.5496649146080017,0.13474851846694946
193,5,128,91,0.7152343392372131,0.12562547624111176
193,5,128,92,0.5298423767089844,0.23376692831516266
193,5,128,93,0.7495913505554199,0.1106351912021637
193,5,128,94,0.8291884660720825,0.08300875127315521
193,5,128,95,0.6237592697143555,0.21933788061141968
193,5,128,96,0.7180885672569275,0.1738753765821457
193,5,128,97,0.8172274827957153,0.13095048069953918
193,5,128,98,0.721993625164032,0.2871292531490326
193,5,128,99,0.6320304274559021,0.2134842723608017
193,5,128,100,0.571811854839325,0.1372763216495514
193,5,128,101,0.7693669199943542,0.09636251628398895
193,5,128,102,0.6784531474113464,0.13730546832084656
193,5,128,103,0.5502917170524597,0.16593627631664276
193,5,128,104,0.28913286328315735,0.12962551414966583
193,5,128,105,0.5591054558753967,0.10692484676837921
193,5,128,106,0.7538899779319763,0.10900584608316422
193,5,128,107,0.6397271156311035,0.11751557886600494
193,5,128,108,0.8335265517234802,0.1205591931939125
193,5,128,109,0.5637498497962952,0.18241487443447113
193,5,128,110,0.7690250873565674,0.11141882836818695
193,5,128,111,0.48502790927886963,0.22870998084545135
193,5,128,112,0.8285714387893677,0.09261167049407959
193,5,128,113,0.4813206195831299,0.11667878180742264
193,5,128,114,0.60855633020401,0.16268660128116608
193,5,128,115,0.7936481237411499,0.11785449087619781
193,5,128,116,0.6897078156471252,0.14051613211631775
193,5,128,117,0.5017580986022949,0.23959693312644958
193,5,128,118,0.7753525376319885,0.09724358469247818
193,5,128,119,0.83489590883255,0.11123216152191162
193,5,128,120,0.7608819603919983,0.09184758365154266
193,5,128,121,0.7803620100021362,0.18476057052612305
193,5,128,122,0.5877190828323364,0.2128903716802597
193,5,128,123,0.6753731369972229,0.2093135416507721
193,5,128,124,0.6890931725502014,0.18872381746768951
193,5,128,125,0.688652753829956,0.12960530817508698
193,5,128,126,0.8151119351387024,0.1037205308675766
193,5,128,127,0.7536911368370056,0.11707059293985367
194,0,32,0,0.4319852590560913,0.07795612514019012
194,0,32,1,0.6218307614326477,0.13295181095600128
194,0,32,2,0.5544500946998596,0.03262314945459366
194,0,32,3,0.49525323510169983,0.09279315918684006
194,0,32,4,0.38539746403694153,0.11883014440536499
194,0,32,5,0.7056716084480286,0.0653664842247963
194,0,32,6,0.529357373714447,0.12446295469999313
194,0,32,7,0.4347737431526184,0.12509438395500183
194,0,32,8,0.5354359149932861,0.17880460619926453
194,0,32,9,0.49314793944358826,0.030876798555254936
194,0,32,10,0.5028178691864014,0.13908249139785767
194,0,32,11,0.4299592971801758,0.07114318013191223
194,0,32,12,0.45606139302253723,0.047877080738544464
194,0,32,13,0.45803719758987427,0.16352780163288116
194,0,32,14,0.5394535064697266,0.10187459737062454
194,0,32,15,0.5207205414772034,0.14456084370613098
194,0,32,16,0.5086148381233215,0.14914622902870178
194,0,32,17,0.6284414529800415,0.06498506665229797
194,0,32,18,0.5170755982398987,0.1299523264169693
194,0,32,19,0.5796716809272766,0.0428292378783226
194,0,32,20,0.29979386925697327,0.0753808543086052
194,0,32,21,0.6430877447128296,0.08503346890211105
194,0,32,22,0.5556885600090027,0.08970838040113449
194,0,32,23,0.38686564564704895,0.048287954181432724
194,0,32,24,0.5505103468894958,0.11664383858442307
194,0,32,25,0.5887632966041565,0.09303076565265656
194,0,32,26,0.3758845329284668,0.0769965723156929
194,0,32,27,0.494832843542099,0.06506625562906265
194,0,32,28,0.619360089302063,0.03320533037185669
194,0,32,29,0.5689289569854736,0.18105803430080414
194,0,32,30,0.5731239318847656,0.09095939248800278
194,0,32,31,0.4894501566886902,0.07913623750209808
194,1,32,0,0.5864955186843872,0.059686679393053055
194,1,32,1,0.6013445258140564,0.08018603920936584
194,1,32,2,0.44320663809776306,0.05564045533537865
194,1,32,3,0.5006287097930908,0.08968155831098557
194,1,32,4,0.41920945048332214,0.14430449903011322
194,1,32,5,0.37961265444755554,0.0468427911400795
194,1,32,6,0.5614235997200012,0.10870921611785889
194,1,32,7,0.4886930584907532,0.09389656037092209
194,1,32,8,0.43968480825424194,0.056750863790512085
194,1,32,9,0.5269928574562073,0.140249565243721
194,1,32,10,0.358515202999115,0.11588313430547714
194,1,32,11,0.6643076539039612,0.0633772537112236
194,1,32,12,0.6488760709762573,0.09428485482931137
194,1,32,13,0.6324759125709534,0.06189383193850517
194,1,32,14,0.29838719964027405,0.1360791027545929
194,1,32,15,0.3285936713218689,0.07514576613903046
194,1,32,16,0.43782752752304077,0.07568944990634918
194,1,32,17,0.4340435266494751,0.07768311351537704
194,1,32,18,0.4909209907054901,0.1389649212360382
194,1,32,19,0.6892127394676208,0.08517138659954071
194,1,32,20,0.5976810455322266,0.06715255975723267
194,1,32,21,0.37258169054985046,0.062152259051799774
194,1,32,22,0.5230052471160889,0.05137718841433525
194,1,32,23,0.47625932097435,0.08343987911939621
194,1,32,24,0.4079258441925049,0.060604557394981384
194,1,32,25,0.36285901069641113,0.06315090507268906
194,1,32,26,0.4538915455341339,0.08510712534189224
194,1,32,27,0.46884262561798096,0.0713171437382698
194,1,32,28,0.5475174188613892,0.061013031750917435
194,1,32,29,0.40071210265159607,0.12318646907806396
194,1,32,30,0.46130362153053284,0.06162652745842934
194,1,32,31,0.5114959478378296,0.04686684161424637
194,2,64,0,0.5662543773651123,0.167458176612854
194,2,64,1,0.4713999629020691,0.3010011613368988
194,2,64,2,0.5949686765670776,0.24505025148391724
194,2,64,3,0.4958369731903076,0.08707091212272644
194,2,64,4,0.5610542297363281,0.20712195336818695
194,2,64,5,0.4416673183441162,0.2084673047065735
194,2,64,6,0.5531057715415955,0.2190592736005783
194,2,64,7,0.5132009983062744,0.17832297086715698
194,2,64,8,0.5709591507911682,0.2731207609176636
194,2,64,9,0.5464767217636108,0.161088764667511
194,2,64,10,0.535271167755127,0.15619099140167236
194,2,64,11,0.4084922671318054,0.14824222028255463
194,2,64,12,0.6022852659225464,0.16592136025428772
194,2,64,13,0.3084051012992859,0.10724980384111404
194,2,64,14,0.4796283543109894,0.2172635793685913
194,2,64,15,0.41681933403015137,0.21575987339019775
194,2,64,16,0.5362601280212402,0.10212869197130203
194,2,64,17,0.5083365440368652,0.23213107883930206
194,2,64,18,0.32422372698783875,0.10575128346681595
194,2,64,19,0.614631712436676,0.18785971403121948
194,2,64,20,0.4497307538986206,0.18206222355365753
194,2,64,21,0.5969480872154236,0.12198217213153839
194,2,64,22,0.4588638246059418,0.30531543493270874
194,2,64,23,0.4882121682167053,0.07674865424633026
194,2,64,24,0.5117542743682861,0.25613000988960266
194,2,64,25,0.4602096378803253,0.07284454256296158
194,2,64,26,0.39649784564971924,0.096474789083004
194,2,64,27,0.3516491949558258,0.1137012392282486
194,2,64,28,0.4026230275630951,0.1581280678510666
194,2,64,29,0.49444839358329773,0.10405340045690536
194,2,64,30,0.5357778072357178,0.18964684009552002
194,2,64,31,0.527193546295166,0.09219347685575485
194,2,64,32,0.3104209303855896,0.1607125997543335
194,2,64,33,0.6333312392234802,0.128356471657753
194,2,64,34,0.480800598859787,0.12788712978363037
194,2,64,35,0.5999478101730347,0.16080455482006073
194,2,64,36,0.4950777590274811,0.1639711558818817
194,2,64,37,0.47498631477355957,0.2256738692522049
194,2,64,38,0.4761199355125427,0.08971811830997467
194,2,64,39,0.7539663910865784,0.10298317670822144
194,2,64,40,0.6632931232452393,0.0758095309138298
194,2,64,41,0.3432796895503998,0.061065372079610825
194,2,64,42,0.37201517820358276,0.11486618220806122
194,2,64,43,0.34668293595314026,0.09953799843788147
194,2,64,44,0.5483931303024292,0.27970609068870544
194,2,64,45,0.5520151853561401,0.21392780542373657
194,2,64,46,0.5689331889152527,0.1391959935426712
194,2,64,47,0.48280081152915955,0.11879206448793411
194,2,64,48,0.6703082323074341,0.1336100697517395
194,2,64,49,0.4387202858924866,0.16560320556163788
194,2,64,50,0.5224413871765137,0.16070277988910675
194,2,64,51,0.5360022187232971,0.2674991190433502
194,2,64,52,0.6174052953720093,0.1139349490404129
194,2,64,53,0.31377318501472473,0.10533801466226578
194,2,64,54,0.43238964676856995,0.16281157732009888
194,2,64,55,0.4042356014251709,0.17218180000782013
194,2,64,56,0.4331900179386139,0.1551756113767624
194,2,64,57,0.35365480184555054,0.10871924459934235
194,2,64,58,0.47561195492744446,0.18712912499904633
194,2,64,59,0.4926426410675049,0.23125465214252472
194,2,64,60,0.4846968948841095,0.24701805412769318
194,2,64,61,0.4309900104999542,0.24867315590381622
194,2,64,62,0.45913267135620117,0.213410884141922
194,2,64,63,0.5352449417114258,0.18700751662254333
194,3,64,0,0.4038650095462799,0.13772356510162354
194,3,64,1,0.44619905948638916,0.2041987180709839
194,3,64,2,0.6306049227714539,0.07435724884271622
194,3,64,3,0.5558902621269226,0.11976733058691025
194,3,64,4,0.4334707260131836,0.1420280635356903
194,3,64,5,0.4073825478553772,0.24826006591320038
194,3,64,6,0.47129929065704346,0.15747684240341187
194,3,64,7,0.4013349115848541,0.20282071828842163
194,3,64,8,0.6463912129402161,0.26819679141044617
194,3,64,9,0.5764032006263733,0.17533722519874573
194,3,64,10,0.5653553009033203,0.25217369198799133
194,3,64,11,0.4593724012374878,0.16680975258350372
194,3,64,12,0.3639872372150421,0.13444551825523376
194,3,64,13,0.4591555595397949,0.17979805171489716
194,3,64,14,0.6288030743598938,0.14679209887981415
194,3,64,15,0.582216203212738,0.1485096961259842
194,3,64,16,0.5212199687957764,0.2517336308956146
194,3,64,17,0.5200260877609253,0.2260979413986206
194,3,64,18,0.3785988986492157,0.09331763535737991
194,3,64,19,0.3459089696407318,0.13001039624214172
194,3,64,20,0.6217092275619507,0.12094483524560928
194,3,64,21,0.6430180668830872,0.10067516565322876
194,3,64,22,0.3475523591041565,0.18154717981815338
194,3,64,23,0.4017898440361023,0.08790028840303421
194,3,64,24,0.5602366328239441,0.12872640788555145
194,3,64,25,0.4704175889492035,0.2155442237854004
194,3,64,26,0.43858686089515686,0.27958598732948303
194,3,64,27,0.5498651266098022,0.15436846017837524
194,3,64,28,0.5232935547828674,0.041463520377874374
194,3,64,29,0.5658748149871826,0.14186245203018188
194,3,64,30,0.4744141399860382,0.18541935086250305
194,3,64,31,0.5657302141189575,0.2911335825920105
194,3,64,32,0.5236935019493103,0.15910066664218903
194,3,64,33,0.537894070148468,0.1901097595691681
194,3,64,34,0.3832239806652069,0.17368073761463165
194,3,64,35,0.5437303185462952,0.1965797245502472
194,3,64,36,0.436331182718277,0.045363813638687134
194,3,64,37,0.29650285840034485,0.09802199900150299
194,3,64,38,0.5854334235191345,0.12685126066207886
194,3,64,39,0.5548866987228394,0.21114839613437653
194,3,64,40,0.4194672405719757,0.27794432640075684
194,3,64,41,0.6383874416351318,0.11401751637458801
194,3,64,42,0.4917724132537842,0.16425426304340363
194,3,64,43,0.5592503547668457,0.12561574578285217
194,3,64,44,0.46151003241539,0.21177013218402863
194,3,64,45,0.43466120958328247,0.08710655570030212
194,3,64,46,0.6098617315292358,0.11575529724359512
194,3,64,47,0.41120636463165283,0.20632752776145935
194,3,64,48,0.5334738492965698,0.11754543334245682
194,3,64,49,0.38618555665016174,0.09764610230922699
194,3,64,50,0.5006923675537109,0.14687736332416534
194,3,64,51,0.5816053748130798,0.25592663884162903
194,3,64,52,0.5115119814872742,0.15385396778583527
194,3,64,53,0.47527599334716797,0.26976439356803894
194,3,64,54,0.4616321325302124,0.21381035447120667
194,3,64,55,0.48910972476005554,0.227193683385849
194,3,64,56,0.612555742263794,0.20310412347316742
194,3,64,57,0.4672086834907532,0.1646842509508133
194,3,64,58,0.5630784630775452,0.26544424891471863
194,3,64,59,0.42529013752937317,0.12369697540998459
194,3,64,60,0.3978869616985321,0.1655493825674057
194,3,64,61,0.4862517714500427,0.1129073053598404
194,3,64,62,0.5486125946044922,0.19971707463264465
194,3,64,63,0.5097696781158447,0.19295769929885864
194,4,128,0,0.6378791928291321,0.16592195630073547
194,4,128,1,0.6513728499412537,0.1662580966949463
194,4,128,2,0.3959621489048004,0.2410268485546112
194,4,128,3,0.600326657295227,0.21927683055400848
194,4,128,4,0.41159316897392273,0.2647266983985901
194,4,128,5,0.5043410658836365,0.2139073759317398
194,4,128,6,0.292764812707901,0.11720196157693863
194,4,128,7,0.49962708353996277,0.08689546585083008
194,4,128,8,0.5356209874153137,0.1940401792526245
194,4,128,9,0.6561185717582703,0.14532968401908875
194,4,128,10,0.6293951869010925,0.12061453610658646
194,4,128,11,0.5389835238456726,0.15944360196590424
194,4,128,12,0.6034374833106995,0.07626038789749146
194,4,128,13,0.433316171169281,0.14982841908931732
194,4,128,14,0.5389339923858643,0.14680024981498718
194,4,128,15,0.5458175539970398,0.17190209031105042
194,4,128,16,0.5797706246376038,0.20307284593582153
194,4,128,17,0.480216383934021,0.10291381925344467
194,4,128,18,0.606663167476654,0.14702661335468292
194,4,128,19,0.4936826527118683,0.2867445647716522
194,4,128,20,0.5638716816902161,0.12014834582805634
194,4,128,21,0.37674736976623535,0.08872774243354797
194,4,128,22,0.47244423627853394,0.09091264754533768
194,4,128,23,0.5671918392181396,0.151149183511734
194,4,128,24,0.5123339891433716,0.16296006739139557
194,4,128,25,0.5457294583320618,0.13489782810211182
194,4,128,26,0.5946862101554871,0.1903834193944931
194,4,128,27,0.5848386287689209,0.19006973505020142
194,4,128,28,0.5652584433555603,0.2224782407283783
194,4,128,29,0.4923737645149231,0.18635016679763794
194,4,128,30,0.43429243564605713,0.26988449692726135
194,4,128,31,0.5150737762451172,0.11099798232316971
194,4,128,32,0.647624671459198,0.12158825993537903
194,4,128,33,0.584639847278595,0.11288005113601685
194,4,128,34,0.6456308364868164,0.1125592589378357
194,4,128,35,0.33874526619911194,0.14087757468223572
194,4,128,36,0.4871915578842163,0.21601921319961548
194,4,128,37,0.5418447256088257,0.23841173946857452
194,4,128,38,0.583527147769928,0.25195661187171936
194,4,128,39,0.4911440312862396,0.13647527992725372
194,4,128,40,0.5059224963188171,0.2203833907842636
194,4,128,41,0.6174555420875549,0.28615978360176086
194,4,128,42,0.41569599509239197,0.14916059374809265
194,4,128,43,0.5121036171913147,0.1880652904510498
194,4,128,44,0.5950383543968201,0.22598430514335632
194,4,128,45,0.6179749369621277,0.21470268070697784
194,4,128,46,0.5545451045036316,0.16084423661231995
194,4,128,47,0.5820248126983643,0.1622469425201416
194,4,128,48,0.6602545380592346,0.18804076313972473
194,4,128,49,0.6062257289886475,0.2549983561038971
194,4,128,50,0.6723579168319702,0.1349174529314041
194,4,128,51,0.49196597933769226,0.15519893169403076
194,4,128,52,0.6188672780990601,0.15385353565216064
194,4,128,53,0.5691931247711182,0.08600194752216339
194,4,128,54,0.4679180085659027,0.19337649643421173
194,4,128,55,0.5711891055107117,0.13829348981380463
194,4,128,56,0.381032794713974,0.09474688768386841
194,4,128,57,0.5809151530265808,0.10353030264377594
194,4,128,58,0.6410744190216064,0.2162705957889557
194,4,128,59,0.6040420532226562,0.1628747284412384
194,4,128,60,0.4925293028354645,0.1751714050769806
194,4,128,61,0.43686068058013916,0.05071016401052475
194,4,128,62,0.5925576090812683,0.15287920832633972
194,4,128,63,0.5321587324142456,0.19286362826824188
194,4,128,64,0.6883423924446106,0.12586617469787598
194,4,128,65,0.5860565900802612,0.25482994318008423
194,4,128,66,0.5203867554664612,0.24833083152770996
194,4,128,67,0.702861487865448,0.12863671779632568
194,4,128,68,0.5734466910362244,0.1398022174835205
194,4,128,69,0.361055463552475,0.1621195524930954
194,4,128,70,0.4594040811061859,0.24836742877960205
194,4,128,71,0.6105295419692993,0.25269263982772827
194,4,128,72,0.5005007982254028,0.19745570421218872
194,4,128,73,0.644865095615387,0.21356098353862762
194,4,128,74,0.6629776358604431,0.17199307680130005
194,4,128,75,0.47054317593574524,0.12117810547351837
194,4,128,76,0.45677894353866577,0.045597996562719345
194,4,128,77,0.47987937927246094,0.12415417283773422
194,4,128,78,0.4497169256210327,0.25598740577697754
194,4,128,79,0.3922162353992462,0.08376801759004593
194,4,128,80,0.6024293303489685,0.173150897026062
194,4,128,81,0.6922727227210999,0.1459185630083084
194,4,128,82,0.5445276498794556,0.2381213754415512
194,4,128,83,0.5956510305404663,0.2390577793121338
194,4,128,84,0.5357472896575928,0.15020973980426788
194,4,128,85,0.5137866735458374,0.10023672878742218
194,4,128,86,0.6577431559562683,0.2059062421321869
194,4,128,87,0.5669816136360168,0.12818452715873718
194,4,128,88,0.372346431016922,0.28812089562416077
194,4,128,89,0.5532048344612122,0.17890290915966034
194,4,128,90,0.6412555575370789,0.23570865392684937
194,4,128,91,0.43523675203323364,0.1440427005290985
194,4,128,92,0.6442170739173889,0.12626460194587708
194,4,128,93,0.558069109916687,0.06825324147939682
194,4,128,94,0.46226298809051514,0.0872342512011528
194,4,128,95,0.6212525367736816,0.22474488615989685
194,4,128,96,0.6081732511520386,0.1046035885810852
194,4,128,97,0.5570703148841858,0.2461254596710205
194,4,128,98,0.424063503742218,0.2667698264122009
194,4,128,99,0.46938759088516235,0.12728147208690643
194,4,128,100,0.549803614616394,0.2393244206905365
194,4,128,101,0.5220938324928284,0.2032543569803238
194,4,128,102,0.3712838590145111,0.22316637635231018
194,4,128,103,0.6342554092407227,0.1359616369009018
194,4,128,104,0.47943833470344543,0.06751967966556549
194,4,128,105,0.7045826315879822,0.09847793728113174
194,4,128,106,0.5802172422409058,0.10025203227996826
194,4,128,107,0.625178337097168,0.11350229382514954
194,4,128,108,0.5657327175140381,0.13327382504940033
194,4,128,109,0.461335152387619,0.16256235539913177
194,4,128,110,0.5740971565246582,0.17634586989879608
194,4,128,111,0.3973759710788727,0.1567794382572174
194,4,128,112,0.6954786777496338,0.11595749855041504
194,4,128,113,0.5458821654319763,0.1381130963563919
194,4,128,114,0.6258894205093384,0.18262019753456116
194,4,128,115,0.6728758215904236,0.1102290078997612
194,4,128,116,0.6215280294418335,0.19041933119297028
194,4,128,117,0.5285941958427429,0.11839733272790909
194,4,128,118,0.536591112613678,0.14439670741558075
194,4,128,119,0.5735065937042236,0.143405020236969
194,4,128,120,0.34131383895874023,0.11431712657213211
194,4,128,121,0.5805196166038513,0.07836885005235672
194,4,128,122,0.41068175435066223,0.17362485826015472
194,4,128,123,0.5643206834793091,0.1598062366247177
194,4,128,124,0.5281364917755127,0.23576995730400085
194,4,128,125,0.5110059380531311,0.15622395277023315
194,4,128,126,0.3917287290096283,0.1446651816368103
194,4,128,127,0.4803866446018219,0.22679069638252258
194,5,128,0,0.6240155696868896,0.2661026418209076
194,5,128,1,0.6449404358863831,0.1361251175403595
194,5,128,2,0.7031899690628052,0.12489838153123856
194,5,128,3,0.5294183492660522,0.28880274295806885
194,5,128,4,0.6514471769332886,0.15467742085456848
194,5,128,5,0.6721038818359375,0.1677446812391281
194,5,128,6,0.4114686846733093,0.08782057464122772
194,5,128,7,0.7219093441963196,0.16512517631053925
194,5,128,8,0.6156879663467407,0.2271159589290619
194,5,128,9,0.4745398163795471,0.30222055315971375
194,5,128,10,0.7090286612510681,0.1328529417514801
194,5,128,11,0.6828542351722717,0.16937537491321564
194,5,128,12,0.5640052556991577,0.16288626194000244
194,5,128,13,0.7196515202522278,0.14583879709243774
194,5,128,14,0.7778391242027283,0.12124170362949371
194,5,128,15,0.5685656666755676,0.1941005289554596
194,5,128,16,0.6679812073707581,0.16205143928527832
194,5,128,17,0.6875259876251221,0.15844647586345673
194,5,128,18,0.6146401762962341,0.19159458577632904
194,5,128,19,0.7395363450050354,0.12047400325536728
194,5,128,20,0.7322059273719788,0.12331332266330719
194,5,128,21,0.5746018290519714,0.20210008323192596
194,5,128,22,0.67940354347229,0.11986488848924637
194,5,128,23,0.7006608247756958,0.20597189664840698
194,5,128,24,0.7711895704269409,0.12283997982740402
194,5,128,25,0.5958079695701599,0.17558348178863525
194,5,128,26,0.6519623398780823,0.17785179615020752
194,5,128,27,0.5230330228805542,0.17901581525802612
194,5,128,28,0.6898612976074219,0.13587437570095062
194,5,128,29,0.5322599411010742,0.20084547996520996
194,5,128,30,0.7266563177108765,0.16669264435768127
194,5,128,31,0.7072339653968811,0.12691013514995575
194,5,128,32,0.6475743055343628,0.12040775269269943
194,5,128,33,0.6990373134613037,0.17519666254520416
194,5,128,34,0.6718332767486572,0.13284975290298462
194,5,128,35,0.5424663424491882,0.11413423717021942
194,5,128,36,0.7239927649497986,0.1550695151090622
194,5,128,37,0.6415543556213379,0.1599183827638626
194,5,128,38,0.583495020866394,0.1708960235118866
194,5,128,39,0.6012441515922546,0.23711353540420532
194,5,128,40,0.70064777135849,0.145994171500206
194,5,128,41,0.6119115948677063,0.11258076876401901
194,5,128,42,0.6205140352249146,0.14061187207698822
194,5,128,43,0.7101521492004395,0.10524722933769226
194,5,128,44,0.6811745762825012,0.1410178691148758
194,5,128,45,0.5281792283058167,0.2638149559497833
194,5,128,46,0.5154123306274414,0.19366995990276337
194,5,128,47,0.5324402451515198,0.21263448894023895
194,5,128,48,0.7275663018226624,0.1699434071779251
194,5,128,49,0.7814429402351379,0.11355483531951904
194,5,128,50,0.5652163624763489,0.2168792188167572
194,5,128,51,0.6453584432601929,0.15517264604568481
194,5,128,52,0.6127099394798279,0.1328006237745285
194,5,128,53,0.7144336700439453,0.14630423486232758
194,5,128,54,0.6335185170173645,0.20385508239269257
194,5,128,55,0.6963433623313904,0.09706827998161316
194,5,128,56,0.5613932609558105,0.07116799056529999
194,5,128,57,0.7557370662689209,0.1250569373369217
194,5,128,58,0.4833981692790985,0.17481078207492828
194,5,128,59,0.701728343963623,0.15437451004981995
194,5,128,60,0.7387527823448181,0.13354280591011047
194,5,128,61,0.723892867565155,0.13562145829200745
194,5,128,62,0.7818421721458435,0.12341532856225967
194,5,128,63,0.5723479390144348,0.12873172760009766
194,5,128,64,0.7842568755149841,0.11203689873218536
194,5,128,65,0.7503493428230286,0.12813571095466614
194,5,128,66,0.7111983895301819,0.10631311684846878
194,5,128,67,0.7374228239059448,0.1456839144229889
194,5,128,68,0.7230280637741089,0.13891857862472534
194,5,128,69,0.7163468599319458,0.09824495762586594
194,5,128,70,0.6333364248275757,0.2054227888584137
194,5,128,71,0.6720234751701355,0.16962629556655884
194,5,128,72,0.7098588347434998,0.18569299578666687
194,5,128,73,0.7992189526557922,0.11926798522472382
194,5,128,74,0.5450215935707092,0.30428916215896606
194,5,128,75,0.5752666592597961,0.18411317467689514
194,5,128,76,0.700240969657898,0.15356279909610748
194,5,128,77,0.5985996127128601,0.16309726238250732
194,5,128,78,0.7440770268440247,0.1471146196126938
194,5,128,79,0.6685004830360413,0.09205934405326843
194,5,128,80,0.6136214733123779,0.1488163322210312
194,5,128,81,0.6385814547538757,0.15912804007530212
194,5,128,82,0.7804347276687622,0.11213276535272598
194,5,128,83,0.6335387825965881,0.14614559710025787
194,5,128,84,0.6170320510864258,0.24647356569766998
194,5,128,85,0.6347638964653015,0.2206488996744156
194,5,128,86,0.823085367679596,0.12679509818553925
194,5,128,87,0.5261330604553223,0.19613397121429443
194,5,128,88,0.7485004663467407,0.15320470929145813
194,5,128,89,0.46611112356185913,0.15787306427955627
194,5,128,90,0.596993625164032,0.1277303397655487
194,5,128,91,0.5689715147018433,0.2512803077697754
194,5,128,92,0.6575431823730469,0.16181738674640656
194,5,128,93,0.739535927772522,0.15727108716964722
194,5,128,94,0.6941339373588562,0.13965043425559998
194,5,128,95,0.8105741739273071,0.1251378357410431
194,5,128,96,0.7930129170417786,0.12457076460123062
194,5,128,97,0.6104957461357117,0.17028790712356567
194,5,128,98,0.7125185132026672,0.1983078271150589
194,5,128,99,0.4649108350276947,0.26301953196525574
194,5,128,100,0.6918429136276245,0.13773313164710999
194,5,128,101,0.5898319482803345,0.09426857531070709
194,5,128,102,0.7440279722213745,0.11334116756916046
194,5,128,103,0.5023201107978821,0.1824156939983368
194,5,128,104,0.43045592308044434,0.13428381085395813
194,5,128,105,0.7045683860778809,0.1526530385017395
194,5,128,106,0.7116248607635498,0.16834020614624023
194,5,128,107,0.5843261480331421,0.09040644764900208
194,5,128,108,0.4680112898349762,0.10211912542581558
194,5,128,109,0.619954526424408,0.2013964205980301
194,5,128,110,0.5969241261482239,0.26744091510772705
194,5,128,111,0.477716863155365,0.1800317019224167
194,5,128,112,0.6355761289596558,0.239732027053833
194,5,128,113,0.813545286655426,0.10345887392759323
194,5,128,114,0.735645592212677,0.10306727141141891
194,5,128,115,0.6008687019348145,0.15171681344509125
194,5,128,116,0.6831541061401367,0.13451530039310455
194,5,128,117,0.553272008895874,0.21630768477916718
194,5,128,118,0.5637291669845581,0.14316152036190033
194,5,128,119,0.4929750859737396,0.26148322224617004
194,5,128,120,0.4322696328163147,0.1898636817932129
194,5,128,121,0.5139966011047363,0.25092649459838867
194,5,128,122,0.620330274105072,0.20895859599113464
194,5,128,123,0.5710662603378296,0.17820844054222107
194,5,128,124,0.6731221675872803,0.14699247479438782
194,5,128,125,0.7202293276786804,0.16582049429416656
194,5,128,126,0.6782069802284241,0.16059811413288116
194,5,128,127,0.7723353505134583,0.11514335870742798
