model,f1_macro_mean,bal_acc_mean,acc_mean,f1_macro_sd,bal_acc_sd
SVM,0.5519929616978445,0.5920045157602278,0.6630948757627084,0.09086181476386147,0.07888651634467966
