model,f1_macro_mean,bal_acc_mean,acc_mean,f1_macro_sd,bal_acc_sd
RF,0.7220297925350562,0.7262176176191184,0.8176450496307854,0.08141944084570338,0.07813036224932969
