model,xkey,mean_f1,std_f1,mean_balacc,std_balacc,subjects
CNN,X_env,0.6815871874241448,0.10285826341829633,0.7059876316558624,0.08374652754573413,40
