model,f1_sd,f1_sd,f1_sd,f1_loso,f1_loso,f1_loso,delta_f1,delta_f1,delta_f1,bal_acc_sd,bal_acc_sd,bal_acc_sd,bal_acc_loso,bal_acc_loso,bal_acc_loso,delta_bal_acc,delta_bal_acc,delta_bal_acc
,mean,std,count,mean,std,count,mean,std,count,mean,std,count,mean,std,count,mean,std,count
CNN,0.9043049999999999,0.06342306039402064,40,0.6815871874241447,0.10285826341829635,40,0.22271781257585527,0.11280879411414886,40,0.90133,0.06568582253463286,40,0.7059876316558624,0.08374652754573414,40,0.19534236834413765,0.09935662665833271,40
