model,f1_macro_mean,bal_acc_mean,acc_mean,f1_macro_sd,bal_acc_sd
SVM,0.7092139641446051,0.728207599938373,0.7991353130979325,0.07141688681751329,0.061286412604222136
