model,f1_macro_mean,bal_acc_mean,acc_mean,f1_macro_sd,bal_acc_sd
RF,0.7061712063975364,0.7121883923443619,0.8048961299845507,0.07458303037321377,0.07027182802154396
