model,f1_macro_mean,bal_acc_mean,acc_mean,f1_macro_sd,bal_acc_sd
RF,0.7094294649780585,0.715110395023703,0.8073543596905612,0.07968599619949464,0.07356787402769954
