model,f1_macro_mean,bal_acc_mean,acc_mean,f1_macro_sd,bal_acc_sd
SVM,0.7159159020211129,0.7334947270083008,0.804661715211445,0.06873249573127813,0.060061872948038435
