model,f1_macro_mean,bal_acc_mean,acc_mean,f1_macro_sd,bal_acc_sd
SVM,0.7570932928721057,0.7732917911900554,0.8337193684037881,0.056195131955408824,0.05578347194601445
