model,f1_macro_mean,bal_acc_mean,acc_mean,f1_macro_sd,bal_acc_sd
RF,0.7471968852375264,0.748128400468788,0.8330317567810492,0.06477816429329337,0.0656077684749674
