model,f1_macro_mean,bal_acc_mean,acc_mean,f1_macro_sd,bal_acc_sd
RF,0.6699731009537797,0.6748410038718428,0.778423420039622,0.06294504574902515,0.06393231656733882
