model,f1_macro_mean,bal_acc_mean,acc_mean,f1_macro_sd,bal_acc_sd
SVM,0.6851222521831819,0.7074835991352169,0.7779622666222832,0.05001842051505419,0.05058575747248538
