model,n_samples,n_features,subjects,cv_splits,acc_mean,bal_acc_mean,f1_macro_mean,acc_std,bal_acc_std,f1_macro_std,fit_time_mean_sec,pred_time_mean_sec,infer_time_per_window_ms,svm_c,svm_scale,rf_n_estimators,rf_max_depth,sv_support_vectors_mean,sv_frac_mean,sv_n_iter_mean
SVM_RBF_balanced_scaled,26347,36,"1,2,3,4,5,6,7,8,9,10,11,12,13,14,15,16,17,18,19,20,21,22,23,24,25,26,27,28,29,30,31,32,33,34,35,36,37,38,39,40",5,0.9020760792332656,0.8586179813701756,0.8507747032085831,0.002365826923406104,0.006017366485772649,0.005582711609830268,3.7117166399955748,2.148799460020382,0.40778826052688766,5.0,1,300,-1,7387.0,0.3504668384062498,9839.633333333335
