model,n_samples,n_features,subjects,cv_splits,acc_mean,bal_acc_mean,f1_macro_mean,acc_std,bal_acc_std,f1_macro_std,fit_time_mean_sec,pred_time_mean_sec,infer_time_per_window_ms,svm_c,svm_scale,rf_n_estimators,rf_max_depth,sv_support_vectors_mean,sv_frac_mean,sv_n_iter_mean
RF_balanced,26347,36,"1,2,3,4,5,6,7,8,9,10,11,12,13,14,15,16,17,18,19,20,21,22,23,24,25,26,27,28,29,30,31,32,33,34,35,36,37,38,39,40",5,0.8897788324030534,0.8223827476242391,0.8299000154386963,0.004113392558445974,0.005753706872693046,0.006500137110824546,0.6559133600094356,0.024603280005976558,0.00466908566553622,5.0,0,50,-1,,,
