model,n_samples,n_features,subjects,cv_splits,acc_mean,bal_acc_mean,f1_macro_mean,acc_std,bal_acc_std,f1_macro_std,fit_time_mean_sec,pred_time_mean_sec,infer_time_per_window_ms,svm_c,svm_scale,rf_n_estimators,rf_max_depth,sv_support_vectors_mean,sv_frac_mean,sv_n_iter_mean
RF_balanced,26347,36,"1,2,3,4,5,6,7,8,9,10,11,12,13,14,15,16,17,18,19,20,21,22,23,24,25,26,27,28,29,30,31,32,33,34,35,36,37,38,39,40",5,0.8957757720050289,0.8325825805103036,0.8399469503921875,0.004536891918219551,0.006851633978145347,0.007244753376736409,6.501898359996266,0.16418540000449866,0.0311582722899189,5.0,0,500,-1,,,
