model,n_samples,n_features,subjects,cv_splits,acc_mean,bal_acc_mean,f1_macro_mean,acc_std,bal_acc_std,f1_macro_std,fit_time_mean_sec,pred_time_mean_sec,infer_time_per_window_ms,svm_c,svm_scale,rf_n_estimators,rf_max_depth,sv_support_vectors_mean,sv_frac_mean,sv_n_iter_mean
SVM_RBF_balanced_scaled,26347,36,"1,2,3,4,5,6,7,8,9,10,11,12,13,14,15,16,17,18,19,20,21,22,23,24,25,26,27,28,29,30,31,32,33,34,35,36,37,38,39,40",5,0.8770637753384065,0.8293425959354515,0.8171168168710876,0.0020033804016341135,0.0032860731208897665,0.0033669030872897224,4.479138160019647,2.6207869400037453,0.4973596500557455,1.0,1,300,-1,8887.2,0.42164190975608606,4753.799999999999
