model,n_samples,n_features,subjects,cv_splits,acc_mean,bal_acc_mean,f1_macro_mean,acc_std,bal_acc_std,f1_macro_std,fit_time_mean_sec,pred_time_mean_sec,infer_time_per_window_ms,svm_c,svm_scale,rf_n_estimators,rf_max_depth,sv_support_vectors_mean,sv_frac_mean,sv_n_iter_mean
SVM_RBF_balanced_scaled,26347,36,"1,2,3,4,5,6,7,8,9,10,11,12,13,14,15,16,17,18,19,20,21,22,23,24,25,26,27,28,29,30,31,32,33,34,35,36,37,38,39,40",5,0.8887919494749822,0.8427296301753596,0.8326516277192597,0.0017295745952732944,0.0029908423201061777,0.003035434319206489,4.087408739991952,2.3122106199967676,0.43879960147204,2.0,1,300,-1,8188.2,0.388478763315095,6079.033333333333
