model,f1_sd,f1_sd,f1_sd,f1_loso,f1_loso,f1_loso,delta_f1,delta_f1,delta_f1,bal_acc_sd,bal_acc_sd,bal_acc_sd,bal_acc_loso,bal_acc_loso,bal_acc_loso,delta_bal_acc,delta_bal_acc,delta_bal_acc
,mean,std,count,mean,std,count,mean,std,count,mean,std,count,mean,std,count,mean,std,count
RF,0.8381831899551464,0.04723215127212368,40,0.7119429757912357,0.08037806582027449,40,0.12624021416391087,0.07406602796671719,40,0.8338660828810978,0.048175032995544396,40,0.7166426283345914,0.07625972669851892,40,0.11722345454650643,0.07148357206800357,40
SVM,0.8602526958295391,0.039911844284774234,40,0.7034769343774288,0.057287538489029545,40,0.15677576145211022,0.055163588864593514,40,0.8671977591278551,0.03656569542954526,40,0.7236548317795231,0.05370814764248146,40,0.1435429273483321,0.055198027328762556,40
