model,f1_macro_mean,bal_acc_mean,acc_mean,f1_macro_sd,bal_acc_sd
SVM,0.7034769343774288,0.7236548317795231,0.7948874539605766,0.057287538489029545,0.05370814764248146
