model,f1_macro_mean,bal_acc_mean,acc_mean,f1_macro_sd,bal_acc_sd
SVM,0.7123814375722435,0.7285035459522562,0.8018018824455051,0.07470584835051926,0.0711620915699342
