model,f1_macro_mean,bal_acc_mean,acc_mean,f1_macro_sd,bal_acc_sd
SVM,0.7804468224238896,0.792835027620187,0.8544455432082252,0.06135802538735783,0.058606734611368845
