model,f1_macro_mean,bal_acc_mean,acc_mean,f1_macro_sd,bal_acc_sd
RF,0.7597272667369201,0.7618517406723665,0.8441910021761947,0.06937406127481013,0.06703020049991597
