model,f1_macro_mean,bal_acc_mean,acc_mean,f1_macro_sd,bal_acc_sd
RF,0.7119429757912357,0.7166426283345914,0.8095043475431748,0.08037806582027449,0.07625972669851892
