model,f1_macro_mean,bal_acc_mean,acc_mean,f1_macro_sd,bal_acc_sd
SVM,0.574225141737902,0.6109197830246641,0.6767126784111331,0.06330715231626258,0.058178849788344485
